review_item_id,clip_id,file_id,source_relbase,partner_source_relbase,sample_group,vendor_stratum,label_stratum,start_frame,vendor,label,split,activity_type,selection_reason,signals_json,render_policy
r13_000,ask_vad_only_000_V00_S0321_I00000132_P0436_f0002792,V00_S0321_I00000132_P0436,naturalistic/train/0008/0025/V00_S0321_I00000132_P0436,naturalistic/train/0008/0011/V00_S0321_I00000132_P0435,ask_vad_only,V00,naturalistic,2792,V00,naturalistic,train,ipc_conversation,"V00: no released speech at all, but the level floor is silent","{""audio"": ""present"", ""audio_spectral_flatness"": 0.0007232113959314772, ""audio_speech_level_db"": -39.51303226903962, ""audio_status"": ""ok"", ""audio_voice_isolation_db"": null, ""flags_fired"": ""fm2_smplh_invalid"", ""fm0_reasons"": ""none"", ""fm1_ankles_visible_frac"": 0.9494535519125683, ""fm1_hip_flexion_deg_p25"": 112.35107480431337, ""fm1_hip_flexion_deg_p50"": 115.01793098561336, ""fm1_hip_flexion_deg_p75"": 125.97401803073737, ""fm1_knee_between_torso_p50"": 0.4651254043281835, ""fm1_scope"": ""session majority over 4 files"", ""fm1_shin_verticality_p50"": 0.9946917702552287, ""fm2_smplh_valid_frac"": 0.8758196721311475, ""fm3_static_frac"": 0.09900705137429847, ""fps"": 30.0, ""geom_body_roll_deg"": 4.537774586604723, ""observed_duration_s"": 244.0, ""repair_applied"": ""none"", ""reproj_shoulder_widths_p50"": 0.04656065726956257, ""shown_raster"": ""1080x1920"", ""stored_raster"": ""1080x1920"", ""timebase"": ""consistent"", ""timebase_index_drift_s"": 0.0, ""unit_flagged_frac"": 0.0, ""vad_s"": 0.0, ""vendor"": ""V00""}",render
r13_001,ask_vad_only_001_V00_S0045_I00000580_P0067A_f0000808,V00_S0045_I00000580_P0067A,improvised/train/0000/0031/V00_S0045_I00000580_P0067A,improvised/train/0000/0009/V00_S0045_I00000580_P0068,ask_vad_only,V00,improvised,808,V00,improvised,train,ipc_conversation,"V00: no released speech at all, but the level floor is silent","{""audio"": ""present"", ""audio_spectral_flatness"": 0.005126236225639134, ""audio_speech_level_db"": -66.99749380043959, ""audio_status"": ""ok"", ""audio_voice_isolation_db"": null, ""flags_fired"": ""fm3_static_hands"", ""fm0_reasons"": ""none"", ""fm1_ankles_visible_frac"": 1.0, ""fm1_hip_flexion_deg_p25"": 139.7545569497389, ""fm1_hip_flexion_deg_p50"": 141.42598499086557, ""fm1_hip_flexion_deg_p75"": 142.76918774848218, ""fm1_knee_between_torso_p50"": 0.5742032810838751, ""fm1_scope"": ""session majority over 2 files"", ""fm1_shin_verticality_p50"": 0.9999999999999616, ""fm2_smplh_valid_frac"": 1.0, ""fm3_static_frac"": 0.9974358974358974, ""fps"": 30.0, ""geom_body_roll_deg"": -2.683780078377297, ""observed_duration_s"": 78.0, ""repair_applied"": ""none"", ""reproj_shoulder_widths_p50"": 0.07859548350379658, ""shown_raster"": ""1080x1920"", ""stored_raster"": ""1080x1920"", ""timebase"": ""consistent"", ""timebase_index_drift_s"": 0.0, ""unit_flagged_frac"": 0.0, ""vad_s"": 0.0, ""vendor"": ""V00""}",render
r13_002,ask_vad_only_002_V00_S1250_I00001222_P1114A_f0001943,V00_S1250_I00001222_P1114A,improvised/train/0028/0049/V00_S1250_I00001222_P1114A,improvised/train/0028/0017/V00_S1250_I00001222_P1094A,ask_vad_only,V00,improvised,1943,V00,improvised,train,ipc_conversation,"V00: no released speech at all, but the level floor is silent","{""audio"": ""present"", ""audio_spectral_flatness"": 0.000977642937092205, ""audio_speech_level_db"": -44.72363903500215, ""audio_status"": ""ok"", ""audio_voice_isolation_db"": null, ""flags_fired"": ""fm2_smplh_invalid"", ""fm0_reasons"": ""none"", ""fm1_ankles_visible_frac"": 0.9901719901719902, ""fm1_hip_flexion_deg_p25"": 145.44794461428643, ""fm1_hip_flexion_deg_p50"": 148.8252589234308, ""fm1_hip_flexion_deg_p75"": 151.04551960941785, ""fm1_knee_between_torso_p50"": 0.5809511235871724, ""fm1_scope"": ""session majority over 3 files"", ""fm1_shin_verticality_p50"": 0.9977851533754368, ""fm2_smplh_valid_frac"": 0.9863109863109863, ""fm3_static_frac"": 0.11591634172279333, ""fps"": 30.0, ""geom_body_roll_deg"": 1.6846832869180655, ""observed_duration_s"": 189.936, ""repair_applied"": ""none"", ""reproj_shoulder_widths_p50"": 0.07307717947435183, ""shown_raster"": ""1080x1920"", ""stored_raster"": ""1080x1920"", ""timebase"": ""consistent"", ""timebase_index_drift_s"": 0.0, ""unit_flagged_frac"": 0.0, ""vad_s"": 0.0, ""vendor"": ""V00""}",render
r13_003,ask_level_only_003_V00_S0578_I00000487_P0729_f0005578,V00_S0578_I00000487_P0729,naturalistic/train/0016/0036/V00_S0578_I00000487_P0729,naturalistic/train/0016/0016/V00_S0578_I00000487_P0280,ask_level_only,V00,naturalistic,5578,V00,naturalistic,train,ipc_conversation,"V00: the level floor fires, but the file has released speech in it","{""audio"": ""present"", ""audio_spectral_flatness"": 0.19426751632598122, ""audio_speech_level_db"": -73.13250416703403, ""audio_status"": ""ok"", ""audio_voice_isolation_db"": 21.1643592570276, ""flags_fired"": ""fm3_static_hands"", ""fm0_reasons"": ""none"", ""fm1_ankles_visible_frac"": 1.0, ""fm1_hip_flexion_deg_p25"": 141.63620310110565, ""fm1_hip_flexion_deg_p50"": 143.36111065942677, ""fm1_hip_flexion_deg_p75"": 145.75515869151837, ""fm1_knee_between_torso_p50"": 0.5489319587316103, ""fm1_scope"": ""session majority over 3 files"", ""fm1_shin_verticality_p50"": 0.9996144219441017, ""fm2_smplh_valid_frac"": 1.0, ""fm3_static_frac"": 0.8001543209876543, ""fps"": 30.0, ""geom_body_roll_deg"": 0.9240481221814923, ""observed_duration_s"": 216.0, ""repair_applied"": ""none"", ""reproj_shoulder_widths_p50"": 0.156491755735515, ""shown_raster"": ""1080x1920"", ""stored_raster"": ""1080x1920"", ""timebase"": ""consistent"", ""timebase_index_drift_s"": 0.0, ""unit_flagged_frac"": 0.0, ""vad_s"": 10.699999999999818, ""vendor"": ""V00""}",render
r13_004,ask_level_only_004_V00_S0810_I00000486_P0945_f0002655,V00_S0810_I00000486_P0945,naturalistic/train/0022/0040/V00_S0810_I00000486_P0945,naturalistic/train/0022/0014/V00_S0810_I00000486_P0812,ask_level_only,V00,naturalistic,2655,V00,naturalistic,train,ipc_conversation,"V00: the level floor fires, but the file has released speech in it","{""audio"": ""present"", ""audio_spectral_flatness"": 0.07297252805697323, ""audio_speech_level_db"": -87.04798788583258, ""audio_status"": ""ok"", ""audio_voice_isolation_db"": 17.422724990336494, ""flags_fired"": ""fm2_smplh_invalid"", ""fm0_reasons"": ""none"", ""fm1_ankles_visible_frac"": 1.0, ""fm1_hip_flexion_deg_p25"": 134.20351658107103, ""fm1_hip_flexion_deg_p50"": 135.97218420403772, ""fm1_hip_flexion_deg_p75"": 138.8670131877571, ""fm1_knee_between_torso_p50"": 0.481754447517769, ""fm1_scope"": ""session majority over 2 files"", ""fm1_shin_verticality_p50"": 0.9995120823181977, ""fm2_smplh_valid_frac"": 0.7587797619047619, ""fm3_static_frac"": 0.007291666666666667, ""fps"": 30.0, ""geom_body_roll_deg"": 0.0, ""observed_duration_s"": 224.0, ""repair_applied"": ""none"", ""reproj_shoulder_widths_p50"": 0.06825981743122078, ""shown_raster"": ""1080x1920"", ""stored_raster"": ""1080x1920"", ""timebase"": ""consistent"", ""timebase_index_drift_s"": 0.0, ""unit_flagged_frac"": 0.0, ""vad_s"": 6.877999999999247, ""vendor"": ""V00""}",render
r13_005,ask_level_only_005_V00_S1121_I00000243_P0871_f0002393,V00_S1121_I00000243_P0871,naturalistic/train/0026/0051/V00_S1121_I00000243_P0871,naturalistic/train/0026/0024/V00_S1121_I00000243_P1090,ask_level_only,V00,naturalistic,2393,V00,naturalistic,train,ipc_conversation,"V00: the level floor fires, but the file has released speech in it","{""audio"": ""present"", ""audio_spectral_flatness"": 0.0510650342720288, ""audio_speech_level_db"": -68.27912708166474, ""audio_status"": ""ok"", ""audio_voice_isolation_db"": 19.50562640022244, ""flags_fired"": ""fm3_static_hands"", ""fm0_reasons"": ""none"", ""fm1_ankles_visible_frac"": 1.0, ""fm1_hip_flexion_deg_p25"": 150.41373277085356, ""fm1_hip_flexion_deg_p50"": 151.01405440391912, ""fm1_hip_flexion_deg_p75"": 151.58453680181444, ""fm1_knee_between_torso_p50"": 0.572096884700674, ""fm1_scope"": ""session majority over 1 files"", ""fm1_shin_verticality_p50"": 0.9996349687179558, ""fm2_smplh_valid_frac"": 1.0, ""fm3_static_frac"": 0.9752252252252253, ""fps"": 30.0, ""geom_body_roll_deg"": -6.7110376976085394e-06, ""observed_duration_s"": 148.0, ""repair_applied"": ""none"", ""reproj_shoulder_widths_p50"": 0.05291440135340639, ""shown_raster"": ""1080x1920"", ""stored_raster"": ""1080x1920"", ""timebase"": ""consistent"", ""timebase_index_drift_s"": 0.0, ""unit_flagged_frac"": 0.0, ""vad_s"": 2.707999999999629, ""vendor"": ""V00""}",render
r13_006,ask_level_only_006_V00_S0069_I00000520_P0074_f0007907,V00_S0069_I00000520_P0074,naturalistic/train/0001/0030/V00_S0069_I00000520_P0074,naturalistic/train/0001/0004/V00_S0069_I00000520_P0104,ask_level_only,V00,naturalistic,7907,V00,naturalistic,train,grounded_gesture,"V00: the level floor fires, but the file has released speech in it","{""audio"": ""present"", ""audio_spectral_flatness"": 0.13663522428341146, ""audio_speech_level_db"": -55.55770111113538, ""audio_status"": ""ok"", ""audio_voice_isolation_db"": 15.679094497500586, ""flags_fired"": ""fm2_smplh_invalid"", ""fm0_reasons"": ""none"", ""fm1_ankles_visible_frac"": 1.0, ""fm1_hip_flexion_deg_p25"": 128.4789270078551, ""fm1_hip_flexion_deg_p50"": 134.92362931746516, ""fm1_hip_flexion_deg_p75"": 148.83498056732003, ""fm1_knee_between_torso_p50"": 0.5137165789117526, ""fm1_scope"": ""session majority over 2 files"", ""fm1_shin_verticality_p50"": 0.9982743697513319, ""fm2_smplh_valid_frac"": 0.9823754789272031, ""fm3_static_frac"": 0.0008620689655172414, ""fps"": 30.0, ""geom_body_roll_deg"": 1.8476115199911265, ""observed_duration_s"": 348.0, ""repair_applied"": ""none"", ""reproj_shoulder_widths_p50"": 0.05154302185659177, ""shown_raster"": ""1080x1920"", ""stored_raster"": ""1080x1920"", ""timebase"": ""consistent"", ""timebase_index_drift_s"": 0.0, ""unit_flagged_frac"": 0.0, ""vad_s"": 21.592000000000326, ""vendor"": ""V00""}",render
r13_007,ask_level_only_007_V00_S1686_I00000149_P1161_f0000135,V00_S1686_I00000149_P1161,naturalistic/train/0028/0001/V00_S1686_I00000149_P1161,naturalistic/train/0028/0029/V00_S1686_I00000149_P0205,ask_level_only,V00,naturalistic,135,V00,naturalistic,train,ipc_conversation,"V00: the level floor fires, but the file has released speech in it","{""audio"": ""present"", ""audio_spectral_flatness"": 0.0986464544473239, ""audio_speech_level_db"": -55.04785014001769, ""audio_status"": ""ok"", ""audio_voice_isolation_db"": 19.804139913088473, ""flags_fired"": ""fm2_smplh_invalid"", ""fm0_reasons"": ""none"", ""fm1_ankles_visible_frac"": 1.0, ""fm1_hip_flexion_deg_p25"": 161.67287447423456, ""fm1_hip_flexion_deg_p50"": 163.13780465081805, ""fm1_hip_flexion_deg_p75"": 164.09097822819683, ""fm1_knee_between_torso_p50"": 0.5874567383032925, ""fm1_scope"": ""session majority over 2 files"", ""fm1_shin_verticality_p50"": 0.9953500230778889, ""fm2_smplh_valid_frac"": 0.9883928571428572, ""fm3_static_frac"": 0.2869791666666667, ""fps"": 30.0, ""geom_body_roll_deg"": -2.815565593929866, ""observed_duration_s"": 448.0, ""repair_applied"": ""none"", ""reproj_shoulder_widths_p50"": 0.11616039354513516, ""shown_raster"": ""1080x1920"", ""stored_raster"": ""1080x1920"", ""timebase"": ""consistent"", ""timebase_index_drift_s"": 0.0, ""unit_flagged_frac"": 0.0, ""vad_s"": 79.11599999999953, ""vendor"": ""V00""}",render
r13_008,ask_level_only_008_V00_S1886_I00000067_P0851_f0000796,V00_S1886_I00000067_P0851,naturalistic/train/0030/0007/V00_S1886_I00000067_P0851,naturalistic/train/0030/0046/V00_S1886_I00000067_P0377,ask_level_only,V00,naturalistic,796,V00,naturalistic,train,ipc_conversation,"V00: the level floor fires, but the file has released speech in it","{""audio"": ""present"", ""audio_spectral_flatness"": 0.07794297029089811, ""audio_speech_level_db"": -77.75456836227222, ""audio_status"": ""ok"", ""audio_voice_isolation_db"": 17.198663108978884, ""flags_fired"": ""fm2_smplh_invalid"", ""fm0_reasons"": ""none"", ""fm1_ankles_visible_frac"": 1.0, ""fm1_hip_flexion_deg_p25"": 158.93414930768978, ""fm1_hip_flexion_deg_p50"": 159.9736993899007, ""fm1_hip_flexion_deg_p75"": 164.87879963746963, ""fm1_knee_between_torso_p50"": 0.5550945891436736, ""fm1_scope"": ""session majority over 2 files"", ""fm1_shin_verticality_p50"": 0.996729043637214, ""fm2_smplh_valid_frac"": 0.9351851851851852, ""fm3_static_frac"": 0.13271604938271606, ""fps"": 30.0, ""geom_body_roll_deg"": 8.060815389376738e-06, ""observed_duration_s"": 108.0, ""repair_applied"": ""none"", ""reproj_shoulder_widths_p50"": 0.062093090054011424, ""shown_raster"": ""1080x1920"", ""stored_raster"": ""1080x1920"", ""timebase"": ""consistent"", ""timebase_index_drift_s"": 0.0, ""unit_flagged_frac"": 0.0, ""vad_s"": 1.5599999999999454, ""vendor"": ""V00""}",render
r13_009,ask_level_only_009_V00_S0282_I00000520_P0380_f0008196,V00_S0282_I00000520_P0380,naturalistic/test/0000/0034/V00_S0282_I00000520_P0380,naturalistic/test/0000/0005/V00_S0282_I00000520_P0381,ask_level_only,V00,naturalistic,8196,V00,naturalistic,test,grounded_gesture,"V00: the level floor fires, but the file has released speech in it","{""audio"": ""present"", ""audio_spectral_flatness"": 0.12759469751232513, ""audio_speech_level_db"": -57.54487957429254, ""audio_status"": ""ok"", ""audio_voice_isolation_db"": 43.72147409482789, ""flags_fired"": ""fm2_smplh_invalid"", ""fm0_reasons"": ""none"", ""fm1_ankles_visible_frac"": 1.0, ""fm1_hip_flexion_deg_p25"": 128.46294561997212, ""fm1_hip_flexion_deg_p50"": 130.29386239078963, ""fm1_hip_flexion_deg_p75"": 131.7713743675356, ""fm1_knee_between_torso_p50"": 0.5588562879633245, ""fm1_scope"": ""session majority over 2 files"", ""fm1_shin_verticality_p50"": 0.9994060029922974, ""fm2_smplh_valid_frac"": 0.9985294117647059, ""fm3_static_frac"": 0.7066666666666667, ""fps"": 30.0, ""geom_body_roll_deg"": -0.8425113159360701, ""observed_duration_s"": 340.0, ""repair_applied"": ""none"", ""reproj_shoulder_widths_p50"": 0.12715894969185926, ""shown_raster"": ""1080x1920"", ""stored_raster"": ""1080x1920"", ""timebase"": ""consistent"", ""timebase_index_drift_s"": 0.0, ""unit_flagged_frac"": 0.0, ""vad_s"": 24.11999999999989, ""vendor"": ""V00""}",render
r13_010,ask_level_only_010_V00_S1293_I00000402_P1083_f0000925,V00_S1293_I00000402_P1083,naturalistic/train/0026/0039/V00_S1293_I00000402_P1083,naturalistic/train/0026/0049/V00_S1293_I00000402_P0752,ask_level_only,V00,naturalistic,925,V00,naturalistic,train,ipc_conversation,"V00: the level floor fires, but the file has released speech in it","{""audio"": ""present"", ""audio_spectral_flatness"": 0.16514199762074558, ""audio_speech_level_db"": -56.226029652768126, ""audio_status"": ""ok"", ""audio_voice_isolation_db"": 16.775845763362405, ""flags_fired"": ""fm2_smplh_invalid+fm3_static_hands"", ""fm0_reasons"": ""none"", ""fm1_ankles_visible_frac"": 1.0, ""fm1_hip_flexion_deg_p25"": 149.17390622453485, ""fm1_hip_flexion_deg_p50"": 149.86699367261335, ""fm1_hip_flexion_deg_p75"": 150.6819879343899, ""fm1_knee_between_torso_p50"": 0.5686525171080489, ""fm1_scope"": ""session majority over 1 files"", ""fm1_shin_verticality_p50"": 0.9995411867844659, ""fm2_smplh_valid_frac"": 0.9989316239316239, ""fm3_static_frac"": 0.9462606837606837, ""fps"": 30.0, ""geom_body_roll_deg"": 0.0, ""observed_duration_s"": 312.0, ""repair_applied"": ""none"", ""reproj_shoulder_widths_p50"": 0.06475454871393901, ""shown_raster"": ""1080x1920"", ""stored_raster"": ""1080x1920"", ""timebase"": ""consistent"", ""timebase_index_drift_s"": 0.0, ""unit_flagged_frac"": 0.0, ""vad_s"": 28.519999999999982, ""vendor"": ""V00""}",render
r13_011,ask_vad_only_011_V01_S0635_I00001218_P1518_f0002036,V01_S0635_I00001218_P1518,improvised/train/0058/0007/V01_S0635_I00001218_P1518,improvised/train/0058/0055/V01_S0635_I00001218_P1210,ask_vad_only,V01,improvised,2036,V01,improvised,train,ipc_conversation,"V01: no released speech at all, but the level floor is silent","{""audio"": ""present"", ""audio_spectral_flatness"": 0.0007436923389502197, ""audio_speech_level_db"": -18.819762994660785, ""audio_status"": ""ok"", ""audio_voice_isolation_db"": null, ""flags_fired"": ""none"", ""fm0_reasons"": ""none"", ""fm1_ankles_visible_frac"": 0.9654696132596685, ""fm1_hip_flexion_deg_p25"": 162.5188399549261, ""fm1_hip_flexion_deg_p50"": 164.05757202233255, ""fm1_hip_flexion_deg_p75"": 165.18963983060877, ""fm1_knee_between_torso_p50"": 0.5585363162658045, ""fm1_scope"": ""session majority over 2 files"", ""fm1_shin_verticality_p50"": 0.9987523455222527, ""fm2_smplh_valid_frac"": 1.0, ""fm3_static_frac"": 0.38087016574585636, ""fps"": 29.97, ""geom_body_roll_deg"": -3.416583472236187, ""observed_duration_s"": 193.262, ""repair_applied"": ""none"", ""reproj_shoulder_widths_p50"": 0.10607296887343542, ""shown_raster"": ""1080x1920"", ""stored_raster"": ""1080x1920"", ""timebase"": ""consistent"", ""timebase_index_drift_s"": 0.03336666666666667, ""unit_flagged_frac"": 0.0, ""vad_s"": 0.0, ""vendor"": ""V01""}",render
r13_012,ask_vad_only_012_V01_S0108_I00000138_P1204_f0000417,V01_S0108_I00000138_P1204,naturalistic/dev/0001/0014/V01_S0108_I00000138_P1204,naturalistic/dev/0001/0009/V01_S0108_I00000138_P1203,ask_vad_only,V01,naturalistic,417,V01,naturalistic,dev,ipc_conversation,"V01: no released speech at all, but the level floor is silent","{""audio"": ""present"", ""audio_spectral_flatness"": 0.007951541550389818, ""audio_speech_level_db"": -40.65328826988238, ""audio_status"": ""ok"", ""audio_voice_isolation_db"": null, ""flags_fired"": ""fm3_static_hands"", ""fm0_reasons"": ""none"", ""fm1_ankles_visible_frac"": 1.0, ""fm1_hip_flexion_deg_p25"": 160.38126933214357, ""fm1_hip_flexion_deg_p50"": 160.97977781964323, ""fm1_hip_flexion_deg_p75"": 161.83703044399118, ""fm1_knee_between_torso_p50"": 0.6260031128934991, ""fm1_scope"": ""session majority over 2 files"", ""fm1_shin_verticality_p50"": 0.998687653462898, ""fm2_smplh_valid_frac"": 1.0, ""fm3_static_frac"": 0.9901365705614568, ""fps"": 29.97, ""geom_body_roll_deg"": 5.760980830207767e-06, ""observed_duration_s"": 44.010267, ""repair_applied"": ""none"", ""reproj_shoulder_widths_p50"": 0.06104143530607433, ""shown_raster"": ""1080x1920"", ""stored_raster"": ""1080x1920"", ""timebase"": ""consistent"", ""timebase_index_drift_s"": 0.0, ""unit_flagged_frac"": 0.0, ""vad_s"": 0.0, ""vendor"": ""V01""}",render
r13_013,ask_vad_only_013_V01_S1550_I00000134_P2541_f0001897,V01_S1550_I00000134_P2541,naturalistic/train/0042/0049/V01_S1550_I00000134_P2541,,ask_vad_only,V01,naturalistic,1897,V01,naturalistic,train,ipc_conversation,"V01: no released speech at all, but the level floor is silent","{""audio"": ""empty WAV"", ""audio_spectral_flatness"": null, ""audio_speech_level_db"": null, ""audio_status"": ""empty"", ""audio_voice_isolation_db"": null, ""flags_fired"": ""fm0_unusable_source+fm4_audio_dead"", ""fm0_reasons"": ""raster_2160x2160"", ""fm1_ankles_visible_frac"": 0.992492701237314, ""fm1_hip_flexion_deg_p25"": 103.21004500126622, ""fm1_hip_flexion_deg_p50"": 105.98290600893436, ""fm1_hip_flexion_deg_p75"": 109.38996173722862, ""fm1_knee_between_torso_p50"": 0.33077015536140186, ""fm1_scope"": ""session majority over 2 files"", ""fm1_shin_verticality_p50"": 0.9899493712432449, ""fm2_smplh_valid_frac"": 1.0, ""fm3_static_frac"": 0.5369108855832059, ""fps"": 29.97, ""geom_body_roll_deg"": -2.9737328408914343, ""observed_duration_s"": 240.006433, ""repair_applied"": ""pixel aspect 0.5625"", ""reproj_shoulder_widths_p50"": 0.11719631899200639, ""shown_raster"": ""1215x2160"", ""stored_raster"": ""2160x2160"", ""timebase"": ""consistent"", ""timebase_index_drift_s"": 0.0, ""unit_flagged_frac"": 0.0, ""vad_s"": 0.0, ""vendor"": ""V01""}",render
r13_014,ask_vad_only_014_V01_S0090_I00000131_P1172_f0004481,V01_S0090_I00000131_P1172,naturalistic/train/0035/0025/V01_S0090_I00000131_P1172,naturalistic/train/0035/0005/V01_S0090_I00000131_P1173,ask_vad_only,V01,naturalistic,4481,V01,naturalistic,train,ipc_conversation,"V01: no released speech at all, but the level floor is silent","{""audio"": ""present"", ""audio_spectral_flatness"": 0.001071928580211303, ""audio_speech_level_db"": -20.06736970023766, ""audio_status"": ""ok"", ""audio_voice_isolation_db"": null, ""flags_fired"": ""fm0_unusable_source+fm2_smplh_invalid"", ""fm0_reasons"": ""raster_2160x2160"", ""fm1_ankles_visible_frac"": 1.0, ""fm1_hip_flexion_deg_p25"": 88.9514958735362, ""fm1_hip_flexion_deg_p50"": 91.78606310602437, ""fm1_hip_flexion_deg_p75"": 94.15932518156588, ""fm1_knee_between_torso_p50"": 0.1981218561078167, ""fm1_scope"": ""session majority over 2 files"", ""fm1_shin_verticality_p50"": 0.9946918140480804, ""fm2_smplh_valid_frac"": 0.999536536381894, ""fm3_static_frac"": 0.23296771203460528, ""fps"": 29.97, ""geom_body_roll_deg"": 2.7702154143741438, ""observed_duration_s"": 216.015433, ""repair_applied"": ""pixel aspect 0.5625"", ""reproj_shoulder_widths_p50"": 0.08315244821066888, ""shown_raster"": ""1215x2160"", ""stored_raster"": ""2160x2160"", ""timebase"": ""consistent"", ""timebase_index_drift_s"": 0.0, ""unit_flagged_frac"": 0.0, ""vad_s"": 0.0, ""vendor"": ""V01""}",render
r13_015,ask_vad_only_015_V01_S1405_I00000139_P2429_f0000173,V01_S1405_I00000139_P2429,naturalistic/train/0041/0014/V01_S1405_I00000139_P2429,naturalistic/train/0041/0051/V01_S1405_I00000139_P2428,ask_vad_only,V01,naturalistic,173,V01,naturalistic,train,ipc_conversation,"V01: no released speech at all, but the level floor is silent","{""audio"": ""present"", ""audio_spectral_flatness"": 0.030964718404133285, ""audio_speech_level_db"": -38.81170284954819, ""audio_status"": ""ok"", ""audio_voice_isolation_db"": null, ""flags_fired"": ""fm0_unusable_source+fm2_smplh_invalid"", ""fm0_reasons"": ""raster_2160x2160"", ""fm1_ankles_visible_frac"": 0.8725341426403642, ""fm1_hip_flexion_deg_p25"": 119.10544562265996, ""fm1_hip_flexion_deg_p50"": 122.38979116182891, ""fm1_hip_flexion_deg_p75"": 126.1429624624204, ""fm1_knee_between_torso_p50"": 0.42494777931203853, ""fm1_scope"": ""session majority over 2 files"", ""fm1_shin_verticality_p50"": 0.996545722755237, ""fm2_smplh_valid_frac"": 0.9301972685887708, ""fm3_static_frac"": 0.006069802731411229, ""fps"": 29.97, ""geom_body_roll_deg"": -3.9724931805798374, ""observed_duration_s"": 44.010267, ""repair_applied"": ""pixel aspect 0.5625"", ""reproj_shoulder_widths_p50"": 0.10633750481217137, ""shown_raster"": ""1215x2160"", ""stored_raster"": ""2160x2160"", ""timebase"": ""consistent"", ""timebase_index_drift_s"": 0.0, ""unit_flagged_frac"": 0.0, ""vad_s"": 0.0, ""vendor"": ""V01""}",render
r13_016,ask_vad_only_016_V01_S0104_I00000132_P1196_f0000067,V01_S0104_I00000132_P1196,naturalistic/train/0035/0010/V01_S0104_I00000132_P1196,,ask_vad_only,V01,naturalistic,67,V01,naturalistic,train,ipc_conversation,"V01: no released speech at all, but the level floor is silent","{""audio"": ""empty WAV"", ""audio_spectral_flatness"": null, ""audio_speech_level_db"": null, ""audio_status"": ""empty"", ""audio_voice_isolation_db"": null, ""flags_fired"": ""fm2_smplh_invalid+fm4_audio_dead"", ""fm0_reasons"": ""none"", ""fm1_ankles_visible_frac"": 0.9995366079703429, ""fm1_hip_flexion_deg_p25"": 154.2979504042858, ""fm1_hip_flexion_deg_p50"": 163.52612174600213, ""fm1_hip_flexion_deg_p75"": 170.79304479624153, ""fm1_knee_between_torso_p50"": 0.667560344598493, ""fm1_scope"": ""session majority over 2 files"", ""fm1_shin_verticality_p50"": 0.9983713313432904, ""fm2_smplh_valid_frac"": 0.9786839666357738, ""fm3_static_frac"": 0.42168674698795183, ""fps"": 29.97, ""geom_body_roll_deg"": 0.0, ""observed_duration_s"": 72.005267, ""repair_applied"": ""none"", ""reproj_shoulder_widths_p50"": 0.09302793040785368, ""shown_raster"": ""1080x1920"", ""stored_raster"": ""1080x1920"", ""timebase"": ""consistent"", ""timebase_index_drift_s"": 0.0, ""unit_flagged_frac"": 0.0, ""vad_s"": 0.0, ""vendor"": ""V01""}",render
r13_017,ask_vad_only_017_V01_S0075_I00000139_P1143_f0002572,V01_S0075_I00000139_P1143,naturalistic/train/0034/0031/V01_S0075_I00000139_P1143,naturalistic/train/0034/0061/V01_S0075_I00000139_P1142,ask_vad_only,V01,naturalistic,2572,V01,naturalistic,train,ipc_conversation,"V01: no released speech at all, but the level floor is silent","{""audio"": ""present"", ""audio_spectral_flatness"": 0.000825792829345432, ""audio_speech_level_db"": -43.49098629367931, ""audio_status"": ""ok"", ""audio_voice_isolation_db"": null, ""flags_fired"": ""fm0_unusable_source+fm2_smplh_invalid+fm3_static_hands"", ""fm0_reasons"": ""raster_2160x2160"", ""fm1_ankles_visible_frac"": 1.0, ""fm1_hip_flexion_deg_p25"": 94.09269256309042, ""fm1_hip_flexion_deg_p50"": 94.72142667337712, ""fm1_hip_flexion_deg_p75"": 95.35491714791902, ""fm1_knee_between_torso_p50"": 0.2347214364181392, ""fm1_scope"": ""session majority over 2 files"", ""fm1_shin_verticality_p50"": 0.9999999999999793, ""fm2_smplh_valid_frac"": 0.9921993499458288, ""fm3_static_frac"": 0.9653304442036836, ""fps"": 29.97, ""geom_body_roll_deg"": 0.0, ""observed_duration_s"": 154.020167, ""repair_applied"": ""pixel aspect 0.5625"", ""reproj_shoulder_widths_p50"": 0.07095540559872585, ""shown_raster"": ""1215x2160"", ""stored_raster"": ""2160x2160"", ""timebase"": ""consistent"", ""timebase_index_drift_s"": 0.0, ""unit_flagged_frac"": 0.0, ""vad_s"": 0.0, ""vendor"": ""V01""}",render
r13_018,ask_vad_only_018_V01_S1402_I00000632_P2422_f0007287,V01_S1402_I00000632_P2422,naturalistic/test/0001/0000/V01_S1402_I00000632_P2422,naturalistic/test/0001/0011/V01_S1402_I00000632_P2423,ask_vad_only,V01,naturalistic,7287,V01,naturalistic,test,grounded_gesture,"V01: no released speech at all, but the level floor is silent","{""audio"": ""present"", ""audio_spectral_flatness"": 0.019861191803678072, ""audio_speech_level_db"": -23.20972271864118, ""audio_status"": ""ok"", ""audio_voice_isolation_db"": null, ""flags_fired"": ""fm0_unusable_source+fm2_smplh_invalid"", ""fm0_reasons"": ""raster_2160x2160"", ""fm1_ankles_visible_frac"": 0.9699443852798485, ""fm1_hip_flexion_deg_p25"": 96.43834942123328, ""fm1_hip_flexion_deg_p50"": 98.73283145392355, ""fm1_hip_flexion_deg_p75"": 101.03868071202118, ""fm1_knee_between_torso_p50"": 0.2680989124633266, ""fm1_scope"": ""session majority over 3 files"", ""fm1_shin_verticality_p50"": 0.9908301781555241, ""fm2_smplh_valid_frac"": 0.9917169565731866, ""fm3_static_frac"": 0.474145071589161, ""fps"": 29.97, ""geom_body_roll_deg"": -0.7848257256062194, ""observed_duration_s"": 282.0147, ""repair_applied"": ""pixel aspect 0.5625"", ""reproj_shoulder_widths_p50"": 0.1305174806597284, ""shown_raster"": ""1215x2160"", ""stored_raster"": ""2160x2160"", ""timebase"": ""consistent"", ""timebase_index_drift_s"": 0.0, ""unit_flagged_frac"": 0.0, ""vad_s"": 0.0, ""vendor"": ""V01""}",render
r13_019,ask_level_only_019_V01_S0308_I00001223_P1634_f0000257,V01_S0308_I00001223_P1634,improvised/dev/0000/0011/V01_S0308_I00001223_P1634,improvised/dev/0000/0039/V01_S0308_I00001223_P1618,ask_level_only,V01,improvised,257,V01,improvised,dev,ipc_conversation,"V01: the level floor fires, but the file has released speech in it","{""audio"": ""present"", ""audio_spectral_flatness"": 0.97433460757205, ""audio_speech_level_db"": -61.15957501875421, ""audio_status"": ""ok"", ""audio_voice_isolation_db"": null, ""flags_fired"": ""fm0_unusable_source+fm2_smplh_invalid+fm4_audio_dead"", ""fm0_reasons"": ""raster_2160x2160"", ""fm1_ankles_visible_frac"": 1.0, ""fm1_hip_flexion_deg_p25"": 99.70703408476989, ""fm1_hip_flexion_deg_p50"": 102.89837735689713, ""fm1_hip_flexion_deg_p75"": 104.86981449427051, ""fm1_knee_between_torso_p50"": 0.30590679187557707, ""fm1_scope"": ""session majority over 2 files"", ""fm1_shin_verticality_p50"": 0.9963466503688488, ""fm2_smplh_valid_frac"": 0.5278703703703703, ""fm3_static_frac"": 0.5353703703703704, ""fps"": 30.0, ""geom_body_roll_deg"": 2.726308509797068, ""observed_duration_s"": 360.0, ""repair_applied"": ""pixel aspect 0.5625"", ""reproj_shoulder_widths_p50"": 0.08435182076138296, ""shown_raster"": ""1215x2160"", ""stored_raster"": ""2160x2160"", ""timebase"": ""consistent"", ""timebase_index_drift_s"": 0.0, ""unit_flagged_frac"": 0.0, ""vad_s"": 360.0, ""vendor"": ""V01""}",render
r13_020,ask_level_only_020_V01_S0307_I00001223_P1633_f0001180,V01_S0307_I00001223_P1633,improvised/test/0000/0053/V01_S0307_I00001223_P1633,improvised/test/0000/0039/V01_S0307_I00001223_P1632,ask_level_only,V01,improvised,1180,V01,improvised,test,ipc_conversation,"V01: the level floor fires, but the file has released speech in it","{""audio"": ""present"", ""audio_spectral_flatness"": 0.9749435471474127, ""audio_speech_level_db"": -61.022399716090725, ""audio_status"": ""ok"", ""audio_voice_isolation_db"": null, ""flags_fired"": ""fm0_unusable_source+fm4_audio_dead"", ""fm0_reasons"": ""raster_2160x2160"", ""fm1_ankles_visible_frac"": 1.0, ""fm1_hip_flexion_deg_p25"": 82.74028015628372, ""fm1_hip_flexion_deg_p50"": 84.48979797400759, ""fm1_hip_flexion_deg_p75"": 86.08363813951662, ""fm1_knee_between_torso_p50"": 0.10124616261630617, ""fm1_scope"": ""session majority over 1 files"", ""fm1_shin_verticality_p50"": 0.9825701961687513, ""fm2_smplh_valid_frac"": 1.0, ""fm3_static_frac"": 0.09440928270042194, ""fps"": 30.0, ""geom_body_roll_deg"": -4.927108312038887, ""observed_duration_s"": 316.0, ""repair_applied"": ""pixel aspect 0.5625"", ""reproj_shoulder_widths_p50"": 0.06773372150359155, ""shown_raster"": ""1215x2160"", ""stored_raster"": ""2160x2160"", ""timebase"": ""consistent"", ""timebase_index_drift_s"": 0.0, ""unit_flagged_frac"": 0.0, ""vad_s"": 316.0, ""vendor"": ""V01""}",render
r13_021,ask_vad_only_021_V02_S3640_I00000746_P4230_f0001094,V02_S3640_I00000746_P4230,naturalistic/train/0080/0047/V02_S3640_I00000746_P4230,naturalistic/train/0080/0027/V02_S3640_I00000746_P4261,ask_vad_only,V02,naturalistic,1094,V02,naturalistic,train,grounded_gesture,"V02: no released speech at all, but the level floor is silent","{""audio"": ""empty WAV"", ""audio_spectral_flatness"": null, ""audio_speech_level_db"": null, ""audio_status"": ""empty"", ""audio_voice_isolation_db"": null, ""flags_fired"": ""fm2_smplh_invalid+fm4_audio_dead"", ""fm0_reasons"": ""none"", ""fm1_ankles_visible_frac"": 0.8585034013605443, ""fm1_hip_flexion_deg_p25"": 150.20168330646527, ""fm1_hip_flexion_deg_p50"": 155.07947436127012, ""fm1_hip_flexion_deg_p75"": 158.96052601770725, ""fm1_knee_between_torso_p50"": 0.5737359108312394, ""fm1_scope"": ""session majority over 1 files"", ""fm1_shin_verticality_p50"": 0.9922778767136676, ""fm2_smplh_valid_frac"": 0.9836734693877551, ""fm3_static_frac"": 0.29285714285714287, ""fps"": 30.0, ""geom_body_roll_deg"": 0.0, ""observed_duration_s"": 98.0, ""repair_applied"": ""none"", ""reproj_shoulder_widths_p50"": 0.08125043930599732, ""shown_raster"": ""1080x1920"", ""stored_raster"": ""1080x1920"", ""timebase"": ""consistent"", ""timebase_index_drift_s"": 0.0, ""unit_flagged_frac"": 0.0, ""vad_s"": 0.0, ""vendor"": ""V02""}",render
r13_022,ask_vad_only_022_V02_S3269_I00000377_P4143_f0003749,V02_S3269_I00000377_P4143,naturalistic/train/0058/0032/V02_S3269_I00000377_P4143,naturalistic/train/0058/0042/V02_S3269_I00000377_P4142,ask_vad_only,V02,naturalistic,3749,V02,naturalistic,train,ipc_conversation,"V02: no released speech at all, but the level floor is silent","{""audio"": ""present"", ""audio_spectral_flatness"": 0.005064131235648336, ""audio_speech_level_db"": -34.10016136786004, ""audio_status"": ""ok"", ""audio_voice_isolation_db"": null, ""flags_fired"": ""fm2_smplh_invalid"", ""fm0_reasons"": ""none"", ""fm1_ankles_visible_frac"": 0.013836477987421384, ""fm1_hip_flexion_deg_p25"": 157.10117476837692, ""fm1_hip_flexion_deg_p50"": 160.94318836608372, ""fm1_hip_flexion_deg_p75"": 164.26399411667208, ""fm1_knee_between_torso_p50"": 0.6148209284704147, ""fm1_scope"": ""session majority over 1 files"", ""fm1_shin_verticality_p50"": 0.99654576875405, ""fm2_smplh_valid_frac"": 0.9238095238095239, ""fm3_static_frac"": 0.3557951482479784, ""fps"": 30.0, ""geom_body_roll_deg"": 3.383073861371984e-06, ""observed_duration_s"": 185.648, ""repair_applied"": ""none"", ""reproj_shoulder_widths_p50"": 0.08408616576942146, ""shown_raster"": ""1080x1920"", ""stored_raster"": ""1080x1920"", ""timebase"": ""consistent"", ""timebase_index_drift_s"": 0.0, ""unit_flagged_frac"": 0.0, ""vad_s"": 0.0, ""vendor"": ""V02""}",render
r13_023,ask_vad_only_023_V02_S3631_I00000426_P4255_f0003468,V02_S3631_I00000426_P4255,naturalistic/train/0079/0041/V02_S3631_I00000426_P4255,naturalistic/train/0079/0005/V02_S3631_I00000426_P4257,ask_vad_only,V02,naturalistic,3468,V02,naturalistic,train,ipc_conversation,"V02: no released speech at all, but the level floor is silent","{""audio"": ""present"", ""audio_spectral_flatness"": 0.001868597379539088, ""audio_speech_level_db"": -26.96372261297632, ""audio_status"": ""ok"", ""audio_voice_isolation_db"": null, ""flags_fired"": ""fm2_smplh_invalid"", ""fm0_reasons"": ""none"", ""fm1_ankles_visible_frac"": 0.9800960878517502, ""fm1_hip_flexion_deg_p25"": 159.66472432388431, ""fm1_hip_flexion_deg_p50"": 164.02301990049608, ""fm1_hip_flexion_deg_p75"": 166.83137143164282, ""fm1_knee_between_torso_p50"": 0.5879857901020618, ""fm1_scope"": ""session majority over 1 files"", ""fm1_shin_verticality_p50"": -0.7999991588717796, ""fm2_smplh_valid_frac"": 0.8771448181194235, ""fm3_static_frac"": 0.02299245024021963, ""fps"": 30.0, ""geom_body_roll_deg"": 0.5405092449009072, ""observed_duration_s"": 194.602, ""repair_applied"": ""none"", ""reproj_shoulder_widths_p50"": 0.13865395465629293, ""shown_raster"": ""1080x1920"", ""stored_raster"": ""1080x1920"", ""timebase"": ""consistent"", ""timebase_index_drift_s"": 0.0, ""unit_flagged_frac"": 0.0, ""vad_s"": 0.0, ""vendor"": ""V02""}",render
r13_024,ask_vad_only_024_V02_S5218_I00000009_P5156_f0003573,V02_S5218_I00000009_P5156,naturalistic/train/0095/0032/V02_S5218_I00000009_P5156,naturalistic/train/0095/0002/V02_S5218_I00000009_P5236,ask_vad_only,V02,naturalistic,3573,V02,naturalistic,train,ipc_conversation,"V02: no released speech at all, but the level floor is silent","{""audio"": ""present"", ""audio_spectral_flatness"": 0.010907315568462233, ""audio_speech_level_db"": -63.40535976374255, ""audio_status"": ""ok"", ""audio_voice_isolation_db"": null, ""flags_fired"": ""fm2_smplh_invalid"", ""fm0_reasons"": ""none"", ""fm1_ankles_visible_frac"": 0.9955056179775281, ""fm1_hip_flexion_deg_p25"": 121.59813623033324, ""fm1_hip_flexion_deg_p50"": 122.56275965143081, ""fm1_hip_flexion_deg_p75"": 123.62011441207696, ""fm1_knee_between_torso_p50"": 0.5860942942659265, ""fm1_scope"": ""session majority over 2 files"", ""fm1_shin_verticality_p50"": 0.9989685342716867, ""fm2_smplh_valid_frac"": 0.9861423220973783, ""fm3_static_frac"": 0.5777153558052435, ""fps"": 30.0, ""geom_body_roll_deg"": 2.2025967948053853, ""observed_duration_s"": 178.0, ""repair_applied"": ""none"", ""reproj_shoulder_widths_p50"": 0.13379819032039963, ""shown_raster"": ""1080x1920"", ""stored_raster"": ""1080x1920"", ""timebase"": ""consistent"", ""timebase_index_drift_s"": 0.0, ""unit_flagged_frac"": 0.0, ""vad_s"": 0.0, ""vendor"": ""V02""}",render
r13_025,ask_vad_only_025_V02_S3367_I00000398_P4168_f0001373,V02_S3367_I00000398_P4168,naturalistic/train/0064/0049/V02_S3367_I00000398_P4168,naturalistic/train/0064/0053/V02_S3367_I00000398_P4177,ask_vad_only,V02,naturalistic,1373,V02,naturalistic,train,ipc_conversation,"V02: no released speech at all, but the level floor is silent","{""audio"": ""empty WAV"", ""audio_spectral_flatness"": null, ""audio_speech_level_db"": null, ""audio_status"": ""empty"", ""audio_voice_isolation_db"": null, ""flags_fired"": ""fm2_smplh_invalid+fm4_audio_dead"", ""fm0_reasons"": ""none"", ""fm1_ankles_visible_frac"": 0.21851851851851853, ""fm1_hip_flexion_deg_p25"": 167.42077506135766, ""fm1_hip_flexion_deg_p50"": 172.43141582727552, ""fm1_hip_flexion_deg_p75"": 174.25320601768593, ""fm1_knee_between_torso_p50"": 0.7239225447640931, ""fm1_scope"": ""session majority over 2 files"", ""fm1_shin_verticality_p50"": 0.9958931553286906, ""fm2_smplh_valid_frac"": 0.9951178451178451, ""fm3_static_frac"": 0.06818181818181818, ""fps"": 30.0, ""geom_body_roll_deg"": -2.2025950882692773, ""observed_duration_s"": 198.0, ""repair_applied"": ""none"", ""reproj_shoulder_widths_p50"": 0.08690793249250002, ""shown_raster"": ""1080x1920"", ""stored_raster"": ""1080x1920"", ""timebase"": ""consistent"", ""timebase_index_drift_s"": 0.0, ""unit_flagged_frac"": 0.0, ""vad_s"": 0.0, ""vendor"": ""V02""}",render
r13_026,ask_level_only_026_V02_S5334_I00000306_P5267_f0000693,V02_S5334_I00000306_P5267,naturalistic/train/0102/0017/V02_S5334_I00000306_P5267,naturalistic/train/0102/0013/V02_S5334_I00000306_P5266,ask_level_only,V02,naturalistic,693,V02,naturalistic,train,ipc_conversation,"V02: the level floor fires, but the file has released speech in it","{""audio"": ""present"", ""audio_spectral_flatness"": 0.1651040601760404, ""audio_speech_level_db"": -55.59815011923248, ""audio_status"": ""ok"", ""audio_voice_isolation_db"": 17.21535268642986, ""flags_fired"": ""fm2_smplh_invalid+fm4_audio_dead"", ""fm0_reasons"": ""none"", ""fm1_ankles_visible_frac"": 1.0, ""fm1_hip_flexion_deg_p25"": 137.65344343428112, ""fm1_hip_flexion_deg_p50"": 142.56433214242037, ""fm1_hip_flexion_deg_p75"": 146.21946076307617, ""fm1_knee_between_torso_p50"": 0.6426639363162541, ""fm1_scope"": ""session majority over 3 files"", ""fm1_shin_verticality_p50"": 0.9980525743465635, ""fm2_smplh_valid_frac"": 0.9980392156862745, ""fm3_static_frac"": 0.4109803921568628, ""fps"": 30.0, ""geom_body_roll_deg"": -1.709813885212207, ""observed_duration_s"": 170.0, ""repair_applied"": ""none"", ""reproj_shoulder_widths_p50"": 0.11519339393170991, ""shown_raster"": ""1080x1920"", ""stored_raster"": ""1080x1920"", ""timebase"": ""consistent"", ""timebase_index_drift_s"": 0.0, ""unit_flagged_frac"": 0.0, ""vad_s"": 26.987999999999374, ""vendor"": ""V02""}",render
r13_027,ask_level_only_027_V02_S5057_I00000181_P5029_f0002584,V02_S5057_I00000181_P5029,naturalistic/train/0084/0027/V02_S5057_I00000181_P5029,naturalistic/train/0084/0039/V02_S5057_I00000181_P5068,ask_level_only,V02,naturalistic,2584,V02,naturalistic,train,ipc_conversation,"V02: the level floor fires, but the file has released speech in it","{""audio"": ""present"", ""audio_spectral_flatness"": 0.2213595707156074, ""audio_speech_level_db"": -69.99217532135285, ""audio_status"": ""ok"", ""audio_voice_isolation_db"": 18.7480076526006, ""flags_fired"": ""fm4_audio_dead"", ""fm0_reasons"": ""none"", ""fm1_ankles_visible_frac"": 0.9065292096219931, ""fm1_hip_flexion_deg_p25"": 151.45067214866555, ""fm1_hip_flexion_deg_p50"": 155.97377642332088, ""fm1_hip_flexion_deg_p75"": 159.53205608278455, ""fm1_knee_between_torso_p50"": 0.7748080783259061, ""fm1_scope"": ""session majority over 2 files"", ""fm1_shin_verticality_p50"": 0.9999999999976834, ""fm2_smplh_valid_frac"": 1.0, ""fm3_static_frac"": 0.43780068728522337, ""fps"": 30.0, ""geom_body_roll_deg"": 2.0952574989948953, ""observed_duration_s"": 194.0, ""repair_applied"": ""none"", ""reproj_shoulder_widths_p50"": 0.07856386030874332, ""shown_raster"": ""1080x1920"", ""stored_raster"": ""1080x1920"", ""timebase"": ""consistent"", ""timebase_index_drift_s"": 0.0, ""unit_flagged_frac"": 0.0, ""vad_s"": 8.552000000000021, ""vendor"": ""V02""}",render
r13_028,ask_level_only_028_V02_S5087_I00000306_P5113_f0003139,V02_S5087_I00000306_P5113,naturalistic/train/0086/0041/V02_S5087_I00000306_P5113,naturalistic/train/0086/0038/V02_S5087_I00000306_P5114,ask_level_only,V02,naturalistic,3139,V02,naturalistic,train,ipc_conversation,"V02: the level floor fires, but the file has released speech in it","{""audio"": ""present"", ""audio_spectral_flatness"": 0.060070654998664375, ""audio_speech_level_db"": -64.33084887646828, ""audio_status"": ""ok"", ""audio_voice_isolation_db"": 28.042689548151895, ""flags_fired"": ""fm3_static_hands+fm4_audio_dead"", ""fm0_reasons"": ""none"", ""fm1_ankles_visible_frac"": 0.9927083333333333, ""fm1_hip_flexion_deg_p25"": 146.50124183610947, ""fm1_hip_flexion_deg_p50"": 147.79928298286688, ""fm1_hip_flexion_deg_p75"": 149.44837973318147, ""fm1_knee_between_torso_p50"": 0.6897906895798905, ""fm1_scope"": ""session majority over 3 files"", ""fm1_shin_verticality_p50"": 0.9486838359310492, ""fm2_smplh_valid_frac"": 1.0, ""fm3_static_frac"": 0.9635416666666666, ""fps"": 30.0, ""geom_body_roll_deg"": -3.814079264396274, ""observed_duration_s"": 160.0, ""repair_applied"": ""none"", ""reproj_shoulder_widths_p50"": 0.10704389978833717, ""shown_raster"": ""1080x1920"", ""stored_raster"": ""1080x1920"", ""timebase"": ""consistent"", ""timebase_index_drift_s"": 0.0, ""unit_flagged_frac"": 0.0, ""vad_s"": 10.808000000001812, ""vendor"": ""V02""}",render
r13_029,ask_level_only_029_V02_S5703_I00000582_P5704_f0000830,V02_S5703_I00000582_P5704,naturalistic/train/0103/0033/V02_S5703_I00000582_P5704,naturalistic/train/0103/0048/V02_S5703_I00000582_P5703,ask_level_only,V02,naturalistic,830,V02,naturalistic,train,ipc_conversation,"V02: the level floor fires, but the file has released speech in it","{""audio"": ""present"", ""audio_spectral_flatness"": 0.5628004171388146, ""audio_speech_level_db"": -64.40816943980958, ""audio_status"": ""ok"", ""audio_voice_isolation_db"": 22.808051682169488, ""flags_fired"": ""fm2_smplh_invalid+fm4_audio_dead"", ""fm0_reasons"": ""none"", ""fm1_ankles_visible_frac"": 1.0, ""fm1_hip_flexion_deg_p25"": 166.00203958426818, ""fm1_hip_flexion_deg_p50"": 169.46512654129816, ""fm1_hip_flexion_deg_p75"": 171.23751359859563, ""fm1_knee_between_torso_p50"": 0.6106411077435147, ""fm1_scope"": ""session majority over 2 files"", ""fm1_shin_verticality_p50"": -0.35112219824525326, ""fm2_smplh_valid_frac"": 0.990036231884058, ""fm3_static_frac"": 0.543659420289855, ""fps"": 30.0, ""geom_body_roll_deg"": -1.5207756627461613, ""observed_duration_s"": 184.0, ""repair_applied"": ""none"", ""reproj_shoulder_widths_p50"": 0.130575795976785, ""shown_raster"": ""1080x1920"", ""stored_raster"": ""1080x1920"", ""timebase"": ""consistent"", ""timebase_index_drift_s"": 0.0, ""unit_flagged_frac"": 0.0, ""vad_s"": 4.259999999999309, ""vendor"": ""V02""}",render
r13_030,ask_level_only_030_V02_S5218_I00000003_P5236_f0001370,V02_S5218_I00000003_P5236,naturalistic/train/0095/0028/V02_S5218_I00000003_P5236,naturalistic/train/0095/0026/V02_S5218_I00000003_P5156,ask_level_only,V02,naturalistic,1370,V02,naturalistic,train,ipc_conversation,"V02: the level floor fires, but the file has released speech in it","{""audio"": ""present"", ""audio_spectral_flatness"": 0.2367385934609566, ""audio_speech_level_db"": -58.92727116868072, ""audio_status"": ""ok"", ""audio_voice_isolation_db"": 17.958568335554762, ""flags_fired"": ""fm3_static_hands+fm4_audio_dead"", ""fm0_reasons"": ""none"", ""fm1_ankles_visible_frac"": 0.9871212121212121, ""fm1_hip_flexion_deg_p25"": 127.01893875291987, ""fm1_hip_flexion_deg_p50"": 128.76535342391668, ""fm1_hip_flexion_deg_p75"": 130.71823936130045, ""fm1_knee_between_torso_p50"": 0.644477555402545, ""fm1_scope"": ""session majority over 1 files"", ""fm1_shin_verticality_p50"": 0.9999999999911164, ""fm2_smplh_valid_frac"": 1.0, ""fm3_static_frac"": 0.8691287878787879, ""fps"": 30.0, ""geom_body_roll_deg"": -0.6585419327897433, ""observed_duration_s"": 176.0, ""repair_applied"": ""none"", ""reproj_shoulder_widths_p50"": 0.16914215895639256, ""shown_raster"": ""1080x1920"", ""stored_raster"": ""1080x1920"", ""timebase"": ""consistent"", ""timebase_index_drift_s"": 0.0, ""unit_flagged_frac"": 0.0, ""vad_s"": 24.107999999999947, ""vendor"": ""V02""}",render
r13_031,ask_level_only_031_V02_S5054_I00000242_P5063_f0002844,V02_S5054_I00000242_P5063,naturalistic/dev/0002/0023/V02_S5054_I00000242_P5063,naturalistic/dev/0002/0023/V02_S5054_I00000242_P5062,ask_level_only,V02,naturalistic,2844,V02,naturalistic,dev,ipc_conversation,"V02: the level floor fires, but the file has released speech in it","{""audio"": ""present"", ""audio_spectral_flatness"": 0.4697242727702173, ""audio_speech_level_db"": -74.0560783003936, ""audio_status"": ""ok"", ""audio_voice_isolation_db"": 19.8788214975914, ""flags_fired"": ""fm4_audio_dead"", ""fm0_reasons"": ""none"", ""fm1_ankles_visible_frac"": 0.8275862068965517, ""fm1_hip_flexion_deg_p25"": 143.52892590100484, ""fm1_hip_flexion_deg_p50"": 146.3509915861164, ""fm1_hip_flexion_deg_p75"": 151.15017651821356, ""fm1_knee_between_torso_p50"": 0.6789494880991271, ""fm1_scope"": ""session majority over 1 files"", ""fm1_shin_verticality_p50"": 0.9970545339579591, ""fm2_smplh_valid_frac"": 1.0, ""fm3_static_frac"": 0.04003831417624521, ""fps"": 30.0, ""geom_body_roll_deg"": -1.4320929418904629, ""observed_duration_s"": 174.0, ""repair_applied"": ""none"", ""reproj_shoulder_widths_p50"": 0.12590833446700211, ""shown_raster"": ""1080x1920"", ""stored_raster"": ""1080x1920"", ""timebase"": ""consistent"", ""timebase_index_drift_s"": 0.0, ""unit_flagged_frac"": 0.0, ""vad_s"": 7.2319999999997435, ""vendor"": ""V02""}",render
r13_032,ask_level_only_032_V02_S5164_I00000422_P5200_f0001337,V02_S5164_I00000422_P5200,naturalistic/train/0091/0022/V02_S5164_I00000422_P5200,naturalistic/train/0091/0033/V02_S5164_I00000422_P5148,ask_level_only,V02,naturalistic,1337,V02,naturalistic,train,ipc_conversation,"V02: the level floor fires, but the file has released speech in it","{""audio"": ""present"", ""audio_spectral_flatness"": 0.6208062584454708, ""audio_speech_level_db"": -80.7672773843052, ""audio_status"": ""ok"", ""audio_voice_isolation_db"": 29.014551162619906, ""flags_fired"": ""fm3_static_hands+fm4_audio_dead"", ""fm0_reasons"": ""none"", ""fm1_ankles_visible_frac"": 1.0, ""fm1_hip_flexion_deg_p25"": 121.2007565068835, ""fm1_hip_flexion_deg_p50"": 122.34844987049524, ""fm1_hip_flexion_deg_p75"": 123.46065175753407, ""fm1_knee_between_torso_p50"": 0.5691719866387152, ""fm1_scope"": ""session majority over 1 files"", ""fm1_shin_verticality_p50"": 0.9991330755107493, ""fm2_smplh_valid_frac"": 1.0, ""fm3_static_frac"": 0.9101123595505618, ""fps"": 30.0, ""geom_body_roll_deg"": 0.0, ""observed_duration_s"": 178.0, ""repair_applied"": ""none"", ""reproj_shoulder_widths_p50"": 0.11666606038697894, ""shown_raster"": ""1080x1920"", ""stored_raster"": ""1080x1920"", ""timebase"": ""consistent"", ""timebase_index_drift_s"": 0.0, ""unit_flagged_frac"": 0.0, ""vad_s"": 3.4440000000004147, ""vendor"": ""V02""}",render
r13_033,ask_level_only_033_V02_S5305_I00000302_P5283_f0000155,V02_S5305_I00000302_P5283,naturalistic/train/0101/0040/V02_S5305_I00000302_P5283,naturalistic/train/0101/0026/V02_S5305_I00000302_P5284,ask_level_only,V02,naturalistic,155,V02,naturalistic,train,ipc_conversation,"V02: the level floor fires, but the file has released speech in it","{""audio"": ""present"", ""audio_spectral_flatness"": 0.49065389615727617, ""audio_speech_level_db"": -55.18371092008326, ""audio_status"": ""ok"", ""audio_voice_isolation_db"": 28.62656380271847, ""flags_fired"": ""fm2_smplh_invalid+fm3_static_hands+fm4_audio_dead"", ""fm0_reasons"": ""none"", ""fm1_ankles_visible_frac"": 1.0, ""fm1_hip_flexion_deg_p25"": 125.05926422213682, ""fm1_hip_flexion_deg_p50"": 126.2956334965645, ""fm1_hip_flexion_deg_p75"": 127.44559299381254, ""fm1_knee_between_torso_p50"": 0.5557699499824453, ""fm1_scope"": ""session majority over 1 files"", ""fm1_shin_verticality_p50"": 0.9994060155313594, ""fm2_smplh_valid_frac"": 0.9949799196787149, ""fm3_static_frac"": 0.8759036144578313, ""fps"": 30.0, ""geom_body_roll_deg"": -0.8680563683039653, ""observed_duration_s"": 166.0, ""repair_applied"": ""none"", ""reproj_shoulder_widths_p50"": 0.03319807995059036, ""shown_raster"": ""1080x1920"", ""stored_raster"": ""1080x1920"", ""timebase"": ""consistent"", ""timebase_index_drift_s"": 0.0, ""unit_flagged_frac"": 0.0, ""vad_s"": 41.65599999999995, ""vendor"": ""V02""}",render
r13_034,ask_vad_only_034_V03_S1889_I00000023_P5203_f0000819,V03_S1889_I00000023_P5203,naturalistic/train/0171/0066/V03_S1889_I00000023_P5203,naturalistic/train/0171/0124/V03_S1889_I00000023_P5013,ask_vad_only,V03,naturalistic,819,V03,naturalistic,train,ipc_conversation,"V03: no released speech at all, but the level floor is silent","{""audio"": ""present"", ""audio_spectral_flatness"": 0.0006619262014763412, ""audio_speech_level_db"": -16.50234296320655, ""audio_status"": ""ok"", ""audio_voice_isolation_db"": null, ""flags_fired"": ""fm2_smplh_invalid"", ""fm0_reasons"": ""none"", ""fm1_ankles_visible_frac"": 1.0, ""fm1_hip_flexion_deg_p25"": 160.2531126723514, ""fm1_hip_flexion_deg_p50"": 161.6578813807056, ""fm1_hip_flexion_deg_p75"": 162.87967291688975, ""fm1_knee_between_torso_p50"": 0.5733777305554106, ""fm1_scope"": ""this file (session is 0% seated over 1 files)"", ""fm1_shin_verticality_p50"": 0.9986178392210381, ""fm2_smplh_valid_frac"": 0.9920817736826951, ""fm3_static_frac"": 0.6190613302620213, ""fps"": 29.97, ""geom_body_roll_deg"": 1.7357064019432507, ""observed_duration_s"": 231.931333, ""repair_applied"": ""none"", ""reproj_shoulder_widths_p50"": 0.18022640031873183, ""shown_raster"": ""2160x3840"", ""stored_raster"": ""2160x3840"", ""timebase"": ""drifts -0.1 s"", ""timebase_index_drift_s"": -0.13346666666666668, ""unit_flagged_frac"": 0.0, ""vad_s"": 0.0, ""vendor"": ""V03""}",render
r13_035,ask_vad_only_035_V03_S0261_I00000381_P1490_f0003398,V03_S0261_I00000381_P1490,naturalistic/train/0113/0063/V03_S0261_I00000381_P1490,naturalistic/train/0113/0025/V03_S0261_I00000381_P1634,ask_vad_only,V03,naturalistic,3398,V03,naturalistic,train,ipc_conversation,"V03: no released speech at all, but the level floor is silent","{""audio"": ""present"", ""audio_spectral_flatness"": 0.008000763585786375, ""audio_speech_level_db"": -45.26076909101753, ""audio_status"": ""ok"", ""audio_voice_isolation_db"": null, ""flags_fired"": ""fm2_smplh_invalid"", ""fm0_reasons"": ""none"", ""fm1_ankles_visible_frac"": 0.28507619548081975, ""fm1_hip_flexion_deg_p25"": 166.42663155246953, ""fm1_hip_flexion_deg_p50"": 167.0512975397691, ""fm1_hip_flexion_deg_p75"": 168.01447829787884, ""fm1_knee_between_torso_p50"": 0.68601581225247, ""fm1_scope"": ""this file (session is 0% seated over 1 files)"", ""fm1_shin_verticality_p50"": 0.9999999999913269, ""fm2_smplh_valid_frac"": 0.7944035733053074, ""fm3_static_frac"": 0.6216500262743038, ""fps"": 29.97, ""geom_body_roll_deg"": 0.0, ""observed_duration_s"": 254.020067, ""repair_applied"": ""none"", ""reproj_shoulder_widths_p50"": 0.08265547714039584, ""shown_raster"": ""2160x3840"", ""stored_raster"": ""2160x3840"", ""timebase"": ""consistent"", ""timebase_index_drift_s"": 0.0, ""unit_flagged_frac"": 0.0, ""vad_s"": 0.0, ""vendor"": ""V03""}",render
r13_036,ask_vad_only_036_V03_S1182_I00000207_P5112_f0003922,V03_S1182_I00000207_P5112,naturalistic/train/0139/0051/V03_S1182_I00000207_P5112,naturalistic/train/0139/0109/V03_S1182_I00000207_P5113,ask_vad_only,V03,naturalistic,3922,V03,naturalistic,train,ipc_conversation,"V03: no released speech at all, but the level floor is silent","{""audio"": ""present"", ""audio_spectral_flatness"": 0.0003534348383302976, ""audio_speech_level_db"": -19.138657520318723, ""audio_status"": ""ok"", ""audio_voice_isolation_db"": null, ""flags_fired"": ""fm2_smplh_invalid"", ""fm0_reasons"": ""none"", ""fm1_ankles_visible_frac"": 0.9969452323805368, ""fm1_hip_flexion_deg_p25"": 152.57074771030358, ""fm1_hip_flexion_deg_p50"": 154.78761734245137, ""fm1_hip_flexion_deg_p75"": 158.76406563380039, ""fm1_knee_between_torso_p50"": 0.6107643244991527, ""fm1_scope"": ""this file (session is 0% seated over 1 files)"", ""fm1_shin_verticality_p50"": 0.9320046393209596, ""fm2_smplh_valid_frac"": 0.9990181104080297, ""fm3_static_frac"": 0.5161466288457343, ""fps"": 29.97, ""geom_body_roll_deg"": -3.270484897918758, ""observed_duration_s"": 305.828, ""repair_applied"": ""none"", ""reproj_shoulder_widths_p50"": 0.15691702079320166, ""shown_raster"": ""2160x3840"", ""stored_raster"": ""2160x3840"", ""timebase"": ""consistent"", ""timebase_index_drift_s"": 0.03336666666666667, ""unit_flagged_frac"": 0.0, ""vad_s"": 0.0, ""vendor"": ""V03""}",render
r13_037,ask_vad_only_037_V03_S0676_I00000332_P2786_f0001544,V03_S0676_I00000332_P2786,naturalistic/train/0124/0035/V03_S0676_I00000332_P2786,naturalistic/train/0124/0112/V03_S0676_I00000332_P2787,ask_vad_only,V03,naturalistic,1544,V03,naturalistic,train,ipc_conversation,"V03: no released speech at all, but the level floor is silent","{""audio"": ""present"", ""audio_spectral_flatness"": 0.0010644301850651458, ""audio_speech_level_db"": -25.74152879536212, ""audio_status"": ""ok"", ""audio_voice_isolation_db"": null, ""flags_fired"": ""fm2_smplh_invalid"", ""fm0_reasons"": ""none"", ""fm1_ankles_visible_frac"": 1.0, ""fm1_hip_flexion_deg_p25"": 155.68394008599284, ""fm1_hip_flexion_deg_p50"": 158.24114242536564, ""fm1_hip_flexion_deg_p75"": 160.77355741109497, ""fm1_knee_between_torso_p50"": 0.583825559635641, ""fm1_scope"": ""this file (session is 0% seated over 1 files)"", ""fm1_shin_verticality_p50"": 0.9968981158111507, ""fm2_smplh_valid_frac"": 0.30105186797243383, ""fm3_static_frac"": 0.6282190787087414, ""fps"": 29.97, ""geom_body_roll_deg"": -2.6837774609683756, ""observed_duration_s"": 92.025267, ""repair_applied"": ""none"", ""reproj_shoulder_widths_p50"": 0.1889147795074409, ""shown_raster"": ""2160x3840"", ""stored_raster"": ""2160x3840"", ""timebase"": ""consistent"", ""timebase_index_drift_s"": -0.03336666666666667, ""unit_flagged_frac"": 0.0, ""vad_s"": 0.0, ""vendor"": ""V03""}",render
r13_038,ask_vad_only_038_V03_S1631_I00000330_P4480_f0001830,V03_S1631_I00000330_P4480,naturalistic/train/0159/0092/V03_S1631_I00000330_P4480,naturalistic/train/0159/0073/V03_S1631_I00000330_P4034,ask_vad_only,V03,naturalistic,1830,V03,naturalistic,train,ipc_conversation,"V03: no released speech at all, but the level floor is silent","{""audio"": ""present"", ""audio_spectral_flatness"": 0.00023082227076190914, ""audio_speech_level_db"": -20.80451449195059, ""audio_status"": ""ok"", ""audio_voice_isolation_db"": null, ""flags_fired"": ""none"", ""fm0_reasons"": ""none"", ""fm1_ankles_visible_frac"": 1.0, ""fm1_hip_flexion_deg_p25"": 166.97548896497125, ""fm1_hip_flexion_deg_p50"": 167.87369385464615, ""fm1_hip_flexion_deg_p75"": 168.60480324115665, ""fm1_knee_between_torso_p50"": 0.5628724089128097, ""fm1_scope"": ""this file (session is 0% seated over 2 files)"", ""fm1_shin_verticality_p50"": 0.9989200826846727, ""fm2_smplh_valid_frac"": 1.0, ""fm3_static_frac"": 0.6558653604621955, ""fps"": 29.97, ""geom_body_roll_deg"": 0.0, ""observed_duration_s"": 132.874, ""repair_applied"": ""none"", ""reproj_shoulder_widths_p50"": 0.1901709596902941, ""shown_raster"": ""2160x3840"", ""stored_raster"": ""2160x3840"", ""timebase"": ""consistent"", ""timebase_index_drift_s"": 0.0, ""unit_flagged_frac"": 0.0, ""vad_s"": 0.0, ""vendor"": ""V03""}",render
r13_039,ask_vad_only_039_V03_S2126_I00000329_P2439_f0001119,V03_S2126_I00000329_P2439,naturalistic/train/0180/0057/V03_S2126_I00000329_P2439,naturalistic/train/0180/0000/V03_S2126_I00000329_P5742,ask_vad_only,V03,naturalistic,1119,V03,naturalistic,train,collaborative_storytelling,"V03: no released speech at all, but the level floor is silent","{""audio"": ""present"", ""audio_spectral_flatness"": 0.00039546552769065746, ""audio_speech_level_db"": -21.893019620657284, ""audio_status"": ""ok"", ""audio_voice_isolation_db"": null, ""flags_fired"": ""fm2_smplh_invalid"", ""fm0_reasons"": ""none"", ""fm1_ankles_visible_frac"": 0.9922588328701866, ""fm1_hip_flexion_deg_p25"": 166.361045194354, ""fm1_hip_flexion_deg_p50"": 167.90548447112258, ""fm1_hip_flexion_deg_p75"": 169.2470869694696, ""fm1_knee_between_torso_p50"": 0.6238113115239963, ""fm1_scope"": ""this file (session is 0% seated over 1 files)"", ""fm1_shin_verticality_p50"": 0.9981685068282902, ""fm2_smplh_valid_frac"": 0.999603017070266, ""fm3_static_frac"": 0.5669181890389198, ""fps"": 29.97, ""geom_body_roll_deg"": -1.6135393761714707, ""observed_duration_s"": 168.113, ""repair_applied"": ""none"", ""reproj_shoulder_widths_p50"": 0.11252401961684802, ""shown_raster"": ""2160x3840"", ""stored_raster"": ""2160x3840"", ""timebase"": ""consistent"", ""timebase_index_drift_s"": 0.0, ""unit_flagged_frac"": 0.0, ""vad_s"": 0.0, ""vendor"": ""V03""}",render
r13_040,ask_vad_only_040_V03_S2087_I00000332_P5554_f0001066,V03_S2087_I00000332_P5554,naturalistic/train/0179/0093/V03_S2087_I00000332_P5554,naturalistic/train/0179/0120/V03_S2087_I00000332_P5284,ask_vad_only,V03,naturalistic,1066,V03,naturalistic,train,ipc_conversation,"V03: no released speech at all, but the level floor is silent","{""audio"": ""present"", ""audio_spectral_flatness"": 0.0019684739191678977, ""audio_speech_level_db"": -18.459951844528362, ""audio_status"": ""ok"", ""audio_voice_isolation_db"": null, ""flags_fired"": ""fm2_smplh_invalid"", ""fm0_reasons"": ""none"", ""fm1_ankles_visible_frac"": 0.9003245248029671, ""fm1_hip_flexion_deg_p25"": 152.1545994649284, ""fm1_hip_flexion_deg_p50"": 157.34721019808873, ""fm1_hip_flexion_deg_p75"": 162.4071858505951, ""fm1_knee_between_torso_p50"": 0.5377722827272292, ""fm1_scope"": ""this file (session is 0% seated over 1 files)"", ""fm1_shin_verticality_p50"": -0.8944266614323121, ""fm2_smplh_valid_frac"": 0.9281409364858599, ""fm3_static_frac"": 0.0009272137227630969, ""fps"": 29.97, ""geom_body_roll_deg"": 2.4895543888959737, ""observed_duration_s"": 72.0049, ""repair_applied"": ""none"", ""reproj_shoulder_widths_p50"": 0.11646154314933341, ""shown_raster"": ""2160x3840"", ""stored_raster"": ""2160x3840"", ""timebase"": ""consistent"", ""timebase_index_drift_s"": 0.0, ""unit_flagged_frac"": 0.0, ""vad_s"": 0.0, ""vendor"": ""V03""}",render
r13_041,ask_vad_only_041_V03_S0051_I00000504_P1000_f0003632,V03_S0051_I00000504_P1000,naturalistic/train/0104/0060/V03_S0051_I00000504_P1000,,ask_vad_only,V03,naturalistic,3632,V03,naturalistic,train,ipc_conversation,"V03: no released speech at all, but the level floor is silent","{""audio"": ""empty WAV"", ""audio_spectral_flatness"": null, ""audio_speech_level_db"": null, ""audio_status"": ""empty"", ""audio_voice_isolation_db"": null, ""flags_fired"": ""fm2_smplh_invalid+fm4_audio_dead"", ""fm0_reasons"": ""none"", ""fm1_ankles_visible_frac"": 1.0, ""fm1_hip_flexion_deg_p25"": 164.28921487899075, ""fm1_hip_flexion_deg_p50"": 165.37898140833857, ""fm1_hip_flexion_deg_p75"": 166.96621582823576, ""fm1_knee_between_torso_p50"": 0.5668217169085772, ""fm1_scope"": ""this file (session is 0% seated over 1 files)"", ""fm1_shin_verticality_p50"": 0.9986178343615697, ""fm2_smplh_valid_frac"": 0.9973609802073515, ""fm3_static_frac"": 0.006597549481621112, ""fps"": 29.97, ""geom_body_roll_deg"": -0.9877639407799255, ""observed_duration_s"": 354.020333, ""repair_applied"": ""none"", ""reproj_shoulder_widths_p50"": 0.13206664233646698, ""shown_raster"": ""2160x3840"", ""stored_raster"": ""2160x3840"", ""timebase"": ""consistent"", ""timebase_index_drift_s"": 0.0, ""unit_flagged_frac"": 0.0, ""vad_s"": 0.0, ""vendor"": ""V03""}",render
r13_042,ask_level_only_042_V03_S1782_I00000340_P4663_f0001347,V03_S1782_I00000340_P4663,naturalistic/train/0167/0111/V03_S1782_I00000340_P4663,naturalistic/train/0167/0038/V03_S1782_I00000340_P4796,ask_level_only,V03,naturalistic,1347,V03,naturalistic,train,ipc_conversation,"V03: the level floor fires, but the file has released speech in it","{""audio"": ""present"", ""audio_spectral_flatness"": 0.1641926075994832, ""audio_speech_level_db"": -59.98677101559106, ""audio_status"": ""ok"", ""audio_voice_isolation_db"": 64.47702765711821, ""flags_fired"": ""fm1_sitting+fm2_smplh_invalid+fm3_static_hands+fm4_audio_dead"", ""fm0_reasons"": ""none"", ""fm1_ankles_visible_frac"": 1.0, ""fm1_hip_flexion_deg_p25"": 94.86131432286992, ""fm1_hip_flexion_deg_p50"": 97.37879854714042, ""fm1_hip_flexion_deg_p75"": 100.40810263504653, ""fm1_knee_between_torso_p50"": 0.2554240003610979, ""fm1_scope"": ""this file (session is 100% seated over 1 files)"", ""fm1_shin_verticality_p50"": 0.9912279006826347, ""fm2_smplh_valid_frac"": 0.9988880652335063, ""fm3_static_frac"": 0.7920681986656782, ""fps"": 29.97, ""geom_body_roll_deg"": 5.290080314296571, ""observed_duration_s"": 90.023267, ""repair_applied"": ""none"", ""reproj_shoulder_widths_p50"": 0.07548655259846235, ""shown_raster"": ""2160x3840"", ""stored_raster"": ""2160x3840"", ""timebase"": ""consistent"", ""timebase_index_drift_s"": 0.0, ""unit_flagged_frac"": 1.0, ""vad_s"": 4.1159999999999854, ""vendor"": ""V03""}",render
r13_043,ask_both_agree_043_V02_S5218_I00000008_P5156_f0000975,V02_S5218_I00000008_P5156,naturalistic/train/0095/0032/V02_S5218_I00000008_P5156,naturalistic/train/0095/0017/V02_S5218_I00000008_P5236,ask_both_agree,V02,naturalistic,975,V02,naturalistic,train,ipc_conversation,both rules call this dead,"{""audio"": ""present"", ""audio_spectral_flatness"": 0.07407871943083447, ""audio_speech_level_db"": -66.92623152882095, ""audio_status"": ""ok"", ""audio_voice_isolation_db"": null, ""flags_fired"": ""fm2_smplh_invalid+fm4_audio_dead"", ""fm0_reasons"": ""none"", ""fm1_ankles_visible_frac"": 1.0, ""fm1_hip_flexion_deg_p25"": 132.30880480173636, ""fm1_hip_flexion_deg_p50"": 133.36417405929873, ""fm1_hip_flexion_deg_p75"": 134.4559327041976, ""fm1_knee_between_torso_p50"": 0.601288677786033, ""fm1_scope"": ""session majority over 2 files"", ""fm1_shin_verticality_p50"": 0.9999999999998392, ""fm2_smplh_valid_frac"": 0.9984496124031008, ""fm3_static_frac"": 0.5651162790697675, ""fps"": 30.0, ""geom_body_roll_deg"": 0.7957314966483637, ""observed_duration_s"": 172.0, ""repair_applied"": ""none"", ""reproj_shoulder_widths_p50"": 0.14508555402087533, ""shown_raster"": ""1080x1920"", ""stored_raster"": ""1080x1920"", ""timebase"": ""consistent"", ""timebase_index_drift_s"": 0.0, ""unit_flagged_frac"": 0.0, ""vad_s"": 0.0, ""vendor"": ""V02""}",render
r13_044,ask_both_agree_044_V01_S1708_I00000707_P2654_f0001617,V01_S1708_I00000707_P2654,improvised/train/0059/0025/V01_S1708_I00000707_P2654,improvised/train/0059/0005/V01_S1708_I00000707_P1963,ask_both_agree,V01,improvised,1617,V01,improvised,train,ipc_conversation,both rules call this dead,"{""audio"": ""present"", ""audio_spectral_flatness"": 0.16415224146713966, ""audio_speech_level_db"": -87.79667321304703, ""audio_status"": ""ok"", ""audio_voice_isolation_db"": null, ""flags_fired"": ""fm3_static_hands+fm4_audio_dead"", ""fm0_reasons"": ""none"", ""fm1_ankles_visible_frac"": 1.0, ""fm1_hip_flexion_deg_p25"": 139.8523583779864, ""fm1_hip_flexion_deg_p50"": 141.34102972258268, ""fm1_hip_flexion_deg_p75"": 143.0010417622687, ""fm1_knee_between_torso_p50"": 0.5623194363767763, ""fm1_scope"": ""session majority over 2 files"", ""fm1_shin_verticality_p50"": 0.9981685004126389, ""fm2_smplh_valid_frac"": 1.0, ""fm3_static_frac"": 0.7855019815059445, ""fps"": 29.98, ""geom_body_roll_deg"": 6.907551569403888e-06, ""observed_duration_s"": 202.001244, ""repair_applied"": ""none"", ""reproj_shoulder_widths_p50"": 0.05163881123372678, ""shown_raster"": ""1080x1920"", ""stored_raster"": ""1080x1920"", ""timebase"": ""consistent"", ""timebase_index_drift_s"": 0.0, ""unit_flagged_frac"": 0.0, ""vad_s"": 0.0, ""vendor"": ""V01""}",render
r13_045,ask_both_agree_045_V01_S0217_I00000138_P1403_f0002193,V01_S0217_I00000138_P1403,naturalistic/train/0039/0007/V01_S0217_I00000138_P1403,naturalistic/train/0039/0015/V01_S0217_I00000138_P1404,ask_both_agree,V01,naturalistic,2193,V01,naturalistic,train,ipc_conversation,both rules call this dead,"{""audio"": ""present"", ""audio_spectral_flatness"": 0.3359355110713825, ""audio_speech_level_db"": -75.89137652725042, ""audio_status"": ""ok"", ""audio_voice_isolation_db"": null, ""flags_fired"": ""fm0_unusable_source+fm2_smplh_invalid+fm4_audio_dead"", ""fm0_reasons"": ""raster_2160x2160"", ""fm1_ankles_visible_frac"": 1.0, ""fm1_hip_flexion_deg_p25"": 96.08254267530455, ""fm1_hip_flexion_deg_p50"": 100.57817800722447, ""fm1_hip_flexion_deg_p75"": 103.08233520570886, ""fm1_knee_between_torso_p50"": 0.2911274005394746, ""fm1_scope"": ""session majority over 2 files"", ""fm1_shin_verticality_p50"": 0.9976303361105057, ""fm2_smplh_valid_frac"": 0.9114670225781337, ""fm3_static_frac"": 0.02869536202869536, ""fps"": 29.97, ""geom_body_roll_deg"": -1.8476066571351963, ""observed_duration_s"": 300.033067, ""repair_applied"": ""pixel aspect 0.5625"", ""reproj_shoulder_widths_p50"": 0.09571922840090448, ""shown_raster"": ""1215x2160"", ""stored_raster"": ""2160x2160"", ""timebase"": ""consistent"", ""timebase_index_drift_s"": -0.03336666666666667, ""unit_flagged_frac"": 0.0, ""vad_s"": 0.0, ""vendor"": ""V01""}",render
r13_046,ask_both_agree_046_V01_S0361_I00001107_P1343_f0007948,V01_S0361_I00001107_P1343,improvised/train/0053/0058/V01_S0361_I00001107_P1343,improvised/train/0053/0025/V01_S0361_I00001107_P1709,ask_both_agree,V01,improvised,7948,V01,improvised,train,ipc_conversation,both rules call this dead,"{""audio"": ""present"", ""audio_spectral_flatness"": 0.9875637977810187, ""audio_speech_level_db"": -69.81463782666518, ""audio_status"": ""ok"", ""audio_voice_isolation_db"": null, ""flags_fired"": ""fm0_unusable_source+fm2_smplh_invalid+fm4_audio_dead"", ""fm0_reasons"": ""raster_2160x2160"", ""fm1_ankles_visible_frac"": 0.04339622641509434, ""fm1_hip_flexion_deg_p25"": 128.6078308192184, ""fm1_hip_flexion_deg_p50"": 134.94459414131865, ""fm1_hip_flexion_deg_p75"": 143.71405132604272, ""fm1_knee_between_torso_p50"": 0.49099651240168596, ""fm1_scope"": ""session majority over 2 files"", ""fm1_shin_verticality_p50"": 0.9828721895539598, ""fm2_smplh_valid_frac"": 0.7911949685534592, ""fm3_static_frac"": 0.2540880503144654, ""fps"": 29.981, ""geom_body_roll_deg"": 7.765165427879603, ""observed_duration_s"": 318.0, ""repair_applied"": ""pixel aspect 0.5625"", ""reproj_shoulder_widths_p50"": 0.11894688661343755, ""shown_raster"": ""1215x2160"", ""stored_raster"": ""2160x2160"", ""timebase"": ""drifts +0.2 s"", ""timebase_index_drift_s"": 0.2, ""unit_flagged_frac"": 0.0, ""vad_s"": 0.0, ""vendor"": ""V01""}",render
r13_047,ask_both_agree_047_V01_S0217_I00000139_P1404_f0005791,V01_S0217_I00000139_P1404,naturalistic/train/0039/0035/V01_S0217_I00000139_P1404,naturalistic/train/0039/0048/V01_S0217_I00000139_P1403,ask_both_agree,V01,naturalistic,5791,V01,naturalistic,train,ipc_conversation,both rules call this dead,"{""audio"": ""present"", ""audio_spectral_flatness"": 0.07006829184659545, ""audio_speech_level_db"": -55.87863168893436, ""audio_status"": ""ok"", ""audio_voice_isolation_db"": null, ""flags_fired"": ""fm0_unusable_source+fm2_smplh_invalid+fm4_audio_dead"", ""fm0_reasons"": ""raster_2160x2160"", ""fm1_ankles_visible_frac"": 1.0, ""fm1_hip_flexion_deg_p25"": 103.73233625870454, ""fm1_hip_flexion_deg_p50"": 106.6077298793158, ""fm1_hip_flexion_deg_p75"": 109.0277222217363, ""fm1_knee_between_torso_p50"": 0.39284280311744735, ""fm1_scope"": ""session majority over 2 files"", ""fm1_shin_verticality_p50"": 0.9992611590183117, ""fm2_smplh_valid_frac"": 0.9969056908381542, ""fm3_static_frac"": 0.18283331091080318, ""fps"": 29.97, ""geom_body_roll_deg"": 0.8303260239521231, ""observed_duration_s"": 248.014067, ""repair_applied"": ""pixel aspect 0.5625"", ""reproj_shoulder_widths_p50"": 0.06184914383504871, ""shown_raster"": ""1215x2160"", ""stored_raster"": ""2160x2160"", ""timebase"": ""consistent"", ""timebase_index_drift_s"": 0.03336666666666667, ""unit_flagged_frac"": 0.0, ""vad_s"": 0.0, ""vendor"": ""V01""}",render
r13_048,ask_both_agree_048_V01_S0218_I00000126_P1405_f0002033,V01_S0218_I00000126_P1405,naturalistic/test/0001/0001/V01_S0218_I00000126_P1405,naturalistic/test/0001/0040/V01_S0218_I00000126_P1406,ask_both_agree,V01,naturalistic,2033,V01,naturalistic,test,ipc_conversation,both rules call this dead,"{""audio"": ""present"", ""audio_spectral_flatness"": 0.3348507963811912, ""audio_speech_level_db"": -75.81485752908148, ""audio_status"": ""ok"", ""audio_voice_isolation_db"": null, ""flags_fired"": ""fm0_unusable_source+fm2_smplh_invalid+fm4_audio_dead"", ""fm0_reasons"": ""raster_2160x2160"", ""fm1_ankles_visible_frac"": 1.0, ""fm1_hip_flexion_deg_p25"": 98.44120001443149, ""fm1_hip_flexion_deg_p50"": 100.8674164210324, ""fm1_hip_flexion_deg_p75"": 103.0069859924622, ""fm1_knee_between_torso_p50"": 0.30171242310654556, ""fm1_scope"": ""session majority over 2 files"", ""fm1_shin_verticality_p50"": 0.9961298340357159, ""fm2_smplh_valid_frac"": 0.9872262773722628, ""fm3_static_frac"": 0.012773722627737226, ""fps"": 29.97, ""geom_body_roll_deg"": 1.974935393824644, ""observed_duration_s"": 128.027533, ""repair_applied"": ""pixel aspect 0.5625"", ""reproj_shoulder_widths_p50"": 0.1275739782977292, ""shown_raster"": ""1215x2160"", ""stored_raster"": ""2160x2160"", ""timebase"": ""consistent"", ""timebase_index_drift_s"": 0.0, ""unit_flagged_frac"": 0.0, ""vad_s"": 0.0, ""vendor"": ""V01""}",render
r13_049,v00_pass_049_V00_S1228_I00001073_P0825A_f0002085,V00_S1228_I00001073_P0825A,improvised/train/0027/0022/V00_S1228_I00001073_P0825A,improvised/train/0027/0068/V00_S1228_I00001073_P0323A,v00_pass,V00,improvised,2085,V00,improvised,train,ipc_conversation,random draw from V00 files the pipeline sorted into 'pass',"{""audio"": ""present"", ""audio_spectral_flatness"": 0.005703479111897592, ""audio_speech_level_db"": -47.77833714619356, ""audio_status"": ""ok"", ""audio_voice_isolation_db"": 7.0549010364219225, ""flags_fired"": ""none"", ""fm0_reasons"": ""none"", ""fm1_ankles_visible_frac"": 1.0, ""fm1_hip_flexion_deg_p25"": 129.58166575633746, ""fm1_hip_flexion_deg_p50"": 131.4612551959445, ""fm1_hip_flexion_deg_p75"": 134.05889937199225, ""fm1_knee_between_torso_p50"": 0.5540365226583859, ""fm1_scope"": ""session majority over 2 files"", ""fm1_shin_verticality_p50"": 1.0, ""fm2_smplh_valid_frac"": 1.0, ""fm3_static_frac"": 0.0037572254335260114, ""fps"": 30.0, ""geom_body_roll_deg"": -4.2679593587372285e-06, ""observed_duration_s"": 346.0, ""repair_applied"": ""none"", ""reproj_shoulder_widths_p50"": 0.09710147344444825, ""shown_raster"": ""1080x1920"", ""stored_raster"": ""1080x1920"", ""timebase"": ""consistent"", ""timebase_index_drift_s"": 0.0, ""unit_flagged_frac"": 0.0, ""vad_s"": 137.0599999999988, ""vendor"": ""V00""}",render
r13_050,v00_pass_050_V00_S0515_I00000372_P0371_f0005060,V00_S0515_I00000372_P0371,naturalistic/dev/0000/0008/V00_S0515_I00000372_P0371,naturalistic/dev/0000/0018/V00_S0515_I00000372_P0660,v00_pass,V00,naturalistic,5060,V00,naturalistic,dev,ipc_conversation,random draw from V00 files the pipeline sorted into 'pass',"{""audio"": ""present"", ""audio_spectral_flatness"": 0.0009677078452431463, ""audio_speech_level_db"": -43.230385898740586, ""audio_status"": ""ok"", ""audio_voice_isolation_db"": 15.200905654670374, ""flags_fired"": ""none"", ""fm0_reasons"": ""none"", ""fm1_ankles_visible_frac"": 1.0, ""fm1_hip_flexion_deg_p25"": 132.89155328689117, ""fm1_hip_flexion_deg_p50"": 135.80876882351214, ""fm1_hip_flexion_deg_p75"": 141.57994603528087, ""fm1_knee_between_torso_p50"": 0.5363359210078016, ""fm1_scope"": ""session majority over 1 files"", ""fm1_shin_verticality_p50"": 0.9976303244872595, ""fm2_smplh_valid_frac"": 1.0, ""fm3_static_frac"": 0.39316666666666666, ""fps"": 30.0, ""geom_body_roll_deg"": 2.7702125894421763, ""observed_duration_s"": 200.0, ""repair_applied"": ""none"", ""reproj_shoulder_widths_p50"": 0.07076073090177681, ""shown_raster"": ""1080x1920"", ""stored_raster"": ""1080x1920"", ""timebase"": ""consistent"", ""timebase_index_drift_s"": 0.0, ""unit_flagged_frac"": 0.0, ""vad_s"": 102.96600000000001, ""vendor"": ""V00""}",render
r13_051,v00_pass_051_V00_S0702_I00000375_P0853_f0000907,V00_S0702_I00000375_P0853,naturalistic/train/0020/0004/V00_S0702_I00000375_P0853,naturalistic/train/0020/0041/V00_S0702_I00000375_P0854,v00_pass,V00,naturalistic,907,V00,naturalistic,train,ipc_conversation,random draw from V00 files the pipeline sorted into 'pass',"{""audio"": ""present"", ""audio_spectral_flatness"": 0.0013009446079164167, ""audio_speech_level_db"": -43.67079051759283, ""audio_status"": ""ok"", ""audio_voice_isolation_db"": 8.608318287757896, ""flags_fired"": ""none"", ""fm0_reasons"": ""none"", ""fm1_ankles_visible_frac"": 1.0, ""fm1_hip_flexion_deg_p25"": 133.73067581372126, ""fm1_hip_flexion_deg_p50"": 137.27852298460925, ""fm1_hip_flexion_deg_p75"": 143.3086197737572, ""fm1_knee_between_torso_p50"": 0.515114788653976, ""fm1_scope"": ""session majority over 4 files"", ""fm1_shin_verticality_p50"": 0.9999999999999702, ""fm2_smplh_valid_frac"": 1.0, ""fm3_static_frac"": 0.5115530303030303, ""fps"": 30.0, ""geom_body_roll_deg"": -7.9027092165468e-06, ""observed_duration_s"": 176.0, ""repair_applied"": ""none"", ""reproj_shoulder_widths_p50"": 0.0965182188304157, ""shown_raster"": ""1080x1920"", ""stored_raster"": ""1080x1920"", ""timebase"": ""consistent"", ""timebase_index_drift_s"": 0.0, ""unit_flagged_frac"": 0.0, ""vad_s"": 38.94999999999936, ""vendor"": ""V00""}",render
r13_052,v00_pass_052_V00_S0239_I00000372_P0326_f0000431,V00_S0239_I00000372_P0326,improvised/train/0005/0008/V00_S0239_I00000372_P0326,improvised/train/0005/0006/V00_S0239_I00000372_P0006A,v00_pass,V00,improvised,431,V00,improvised,train,ipc_conversation,random draw from V00 files the pipeline sorted into 'pass',"{""audio"": ""present"", ""audio_spectral_flatness"": 0.0016934229805851907, ""audio_speech_level_db"": -36.35591162241848, ""audio_status"": ""ok"", ""audio_voice_isolation_db"": 6.0295316001911745, ""flags_fired"": ""none"", ""fm0_reasons"": ""none"", ""fm1_ankles_visible_frac"": 1.0, ""fm1_hip_flexion_deg_p25"": 144.67229671175141, ""fm1_hip_flexion_deg_p50"": 148.76317534767236, ""fm1_hip_flexion_deg_p75"": 151.65381372159771, ""fm1_knee_between_torso_p50"": 0.5549734691888325, ""fm1_scope"": ""session majority over 3 files"", ""fm1_shin_verticality_p50"": 0.9983713431910297, ""fm2_smplh_valid_frac"": 1.0, ""fm3_static_frac"": 0.001971326164874552, ""fps"": 30.0, ""geom_body_roll_deg"": 4.844007094138053, ""observed_duration_s"": 186.0, ""repair_applied"": ""none"", ""reproj_shoulder_widths_p50"": 0.12645023388179644, ""shown_raster"": ""1080x1920"", ""stored_raster"": ""1080x1920"", ""timebase"": ""consistent"", ""timebase_index_drift_s"": 0.0, ""unit_flagged_frac"": 0.0, ""vad_s"": 90.51000000000025, ""vendor"": ""V00""}",render
r13_053,v00_pass_053_V00_S1679_I00000092_P1159A_f0001402,V00_S1679_I00000092_P1159A,naturalistic/train/0028/0034/V00_S1679_I00000092_P1159A,naturalistic/train/0028/0032/V00_S1679_I00000092_P0166,v00_pass,V00,naturalistic,1402,V00,naturalistic,train,ipc_conversation,random draw from V00 files the pipeline sorted into 'pass',"{""audio"": ""present"", ""audio_spectral_flatness"": 0.00601731173930838, ""audio_speech_level_db"": -46.53075049439803, ""audio_status"": ""ok"", ""audio_voice_isolation_db"": 17.52718021117173, ""flags_fired"": ""none"", ""fm0_reasons"": ""none"", ""fm1_ankles_visible_frac"": 1.0, ""fm1_hip_flexion_deg_p25"": 165.59554761934754, ""fm1_hip_flexion_deg_p50"": 168.4829769423675, ""fm1_hip_flexion_deg_p75"": 170.00655283884478, ""fm1_knee_between_torso_p50"": 0.5810814966314772, ""fm1_scope"": ""session majority over 2 files"", ""fm1_shin_verticality_p50"": 0.9995920864606946, ""fm2_smplh_valid_frac"": 1.0, ""fm3_static_frac"": 0.003875968992248062, ""fps"": 30.0, ""geom_body_roll_deg"": 1.8778758533022504, ""observed_duration_s"": 258.0, ""repair_applied"": ""none"", ""reproj_shoulder_widths_p50"": 0.11395257997090943, ""shown_raster"": ""1080x1920"", ""stored_raster"": ""1080x1920"", ""timebase"": ""consistent"", ""timebase_index_drift_s"": 0.0, ""unit_flagged_frac"": 0.0, ""vad_s"": 100.67199999999977, ""vendor"": ""V00""}",render
r13_054,v00_fm1_sitting_054_V00_S1171_I00001005_P0921A_f0001514,V00_S1171_I00001005_P0921A,improvised/train/0026/0010/V00_S1171_I00001005_P0921A,improvised/train/0026/0030/V00_S1171_I00001005_P0437A,v00_fm1_sitting,V00,improvised,1514,V00,improvised,train,ipc_conversation,random draw from V00 files the pipeline sorted into 'fm1_sitting',"{""audio"": ""present"", ""audio_spectral_flatness"": 0.0012455227105103248, ""audio_speech_level_db"": -34.309677909941435, ""audio_status"": ""ok"", ""audio_voice_isolation_db"": 5.623880215666121, ""flags_fired"": ""fm1_sitting"", ""fm0_reasons"": ""none"", ""fm1_ankles_visible_frac"": 1.0, ""fm1_hip_flexion_deg_p25"": 114.9496726791786, ""fm1_hip_flexion_deg_p50"": 118.6598160201892, ""fm1_hip_flexion_deg_p75"": 126.62293039790188, ""fm1_knee_between_torso_p50"": 0.42889828299607796, ""fm1_scope"": ""session majority over 1 files"", ""fm1_shin_verticality_p50"": 0.9931505840470571, ""fm2_smplh_valid_frac"": 1.0, ""fm3_static_frac"": 0.177046783625731, ""fps"": 30.0, ""geom_body_roll_deg"": 2.683781477743345, ""observed_duration_s"": 228.0, ""repair_applied"": ""none"", ""reproj_shoulder_widths_p50"": 0.12412025320135725, ""shown_raster"": ""1080x1920"", ""stored_raster"": ""1080x1920"", ""timebase"": ""consistent"", ""timebase_index_drift_s"": 0.0, ""unit_flagged_frac"": 1.0, ""vad_s"": 86.08000000000175, ""vendor"": ""V00""}",render
r13_055,v00_fm1_sitting_055_V00_S1933_I00000003_P0805_f0000486,V00_S1933_I00000003_P0805,naturalistic/train/0031/0009/V00_S1933_I00000003_P0805,naturalistic/train/0031/0004/V00_S1933_I00000003_P1220,v00_fm1_sitting,V00,naturalistic,486,V00,naturalistic,train,ipc_conversation,random draw from V00 files the pipeline sorted into 'fm1_sitting',"{""audio"": ""present"", ""audio_spectral_flatness"": 0.0009826198049859495, ""audio_speech_level_db"": -46.263759349688314, ""audio_status"": ""ok"", ""audio_voice_isolation_db"": 39.821671875831875, ""flags_fired"": ""fm1_sitting"", ""fm0_reasons"": ""none"", ""fm1_ankles_visible_frac"": 1.0, ""fm1_hip_flexion_deg_p25"": 88.7418846843928, ""fm1_hip_flexion_deg_p50"": 91.9835241316377, ""fm1_hip_flexion_deg_p75"": 92.54066010169137, ""fm1_knee_between_torso_p50"": 0.2038821309802624, ""fm1_scope"": ""session majority over 1 files"", ""fm1_shin_verticality_p50"": 0.9992887647430058, ""fm2_smplh_valid_frac"": 1.0, ""fm3_static_frac"": 0.41773504273504275, ""fps"": 30.0, ""geom_body_roll_deg"": -5.826341721050012, ""observed_duration_s"": 156.0, ""repair_applied"": ""none"", ""reproj_shoulder_widths_p50"": 0.05473833530615481, ""shown_raster"": ""1080x1920"", ""stored_raster"": ""1080x1920"", ""timebase"": ""consistent"", ""timebase_index_drift_s"": 0.0, ""unit_flagged_frac"": 1.0, ""vad_s"": 66.86400000000003, ""vendor"": ""V00""}",render
r13_056,v00_fm1_sitting_056_V00_S1925_I00000280_P0070_f0001156,V00_S1925_I00000280_P0070,naturalistic/train/0031/0039/V00_S1925_I00000280_P0070,naturalistic/train/0031/0022/V00_S1925_I00000280_P1213,v00_fm1_sitting,V00,naturalistic,1156,V00,naturalistic,train,ipc_conversation,random draw from V00 files the pipeline sorted into 'fm1_sitting',"{""audio"": ""present"", ""audio_spectral_flatness"": 0.0014419895582815625, ""audio_speech_level_db"": -46.99420028315008, ""audio_status"": ""ok"", ""audio_voice_isolation_db"": 5.194383399743703, ""flags_fired"": ""fm1_sitting"", ""fm0_reasons"": ""none"", ""fm1_ankles_visible_frac"": 1.0, ""fm1_hip_flexion_deg_p25"": 100.37824373888849, ""fm1_hip_flexion_deg_p50"": 101.34092190508952, ""fm1_hip_flexion_deg_p75"": 102.47182324748495, ""fm1_knee_between_torso_p50"": 0.296588250652778, ""fm1_scope"": ""session majority over 2 files"", ""fm1_shin_verticality_p50"": 0.999231948971342, ""fm2_smplh_valid_frac"": 1.0, ""fm3_static_frac"": 0.5971264367816091, ""fps"": 30.0, ""geom_body_roll_deg"": 2.1610802192172045, ""observed_duration_s"": 290.0, ""repair_applied"": ""none"", ""reproj_shoulder_widths_p50"": 0.05814036119350169, ""shown_raster"": ""1080x1920"", ""stored_raster"": ""1080x1920"", ""timebase"": ""consistent"", ""timebase_index_drift_s"": 0.0, ""unit_flagged_frac"": 1.0, ""vad_s"": 85.91999999999985, ""vendor"": ""V00""}",render
r13_057,v00_fm1_sitting_057_V00_S0562_I00000139_P0705_f0002176,V00_S0562_I00000139_P0705,naturalistic/train/0015/0034/V00_S0562_I00000139_P0705,naturalistic/train/0015/0011/V00_S0562_I00000139_P0706,v00_fm1_sitting,V00,naturalistic,2176,V00,naturalistic,train,ipc_conversation,random draw from V00 files the pipeline sorted into 'fm1_sitting',"{""audio"": ""present"", ""audio_spectral_flatness"": 0.0009552503439287119, ""audio_speech_level_db"": -45.14993015899669, ""audio_status"": ""ok"", ""audio_voice_isolation_db"": 18.16855207583369, ""flags_fired"": ""fm1_sitting"", ""fm0_reasons"": ""none"", ""fm1_ankles_visible_frac"": 1.0, ""fm1_hip_flexion_deg_p25"": 104.10901886200324, ""fm1_hip_flexion_deg_p50"": 109.07003199008302, ""fm1_hip_flexion_deg_p75"": 112.33339327662031, ""fm1_knee_between_torso_p50"": 0.40138898994529304, ""fm1_scope"": ""session majority over 2 files"", ""fm1_shin_verticality_p50"": 0.9593654611413388, ""fm2_smplh_valid_frac"": 1.0, ""fm3_static_frac"": 0.32515151515151514, ""fps"": 30.0, ""geom_body_roll_deg"": 3.2704926068226152, ""observed_duration_s"": 110.0, ""repair_applied"": ""none"", ""reproj_shoulder_widths_p50"": 0.057202617976564264, ""shown_raster"": ""1080x1920"", ""stored_raster"": ""1080x1920"", ""timebase"": ""consistent"", ""timebase_index_drift_s"": 0.0, ""unit_flagged_frac"": 0.5, ""vad_s"": 26.847999999999956, ""vendor"": ""V00""}",render
r13_058,v00_fm1_sitting_058_V00_S1098_I00000008_P1081_f0002589,V00_S1098_I00000008_P1081,naturalistic/train/0026/0010/V00_S1098_I00000008_P1081,naturalistic/train/0026/0036/V00_S1098_I00000008_P1082,v00_fm1_sitting,V00,naturalistic,2589,V00,naturalistic,train,ipc_conversation,random draw from V00 files the pipeline sorted into 'fm1_sitting',"{""audio"": ""present"", ""audio_spectral_flatness"": 0.003428716992998149, ""audio_speech_level_db"": -43.908591639773064, ""audio_status"": ""ok"", ""audio_voice_isolation_db"": 7.058442133165965, ""flags_fired"": ""fm1_sitting"", ""fm0_reasons"": ""none"", ""fm1_ankles_visible_frac"": 1.0, ""fm1_hip_flexion_deg_p25"": 112.97205921358015, ""fm1_hip_flexion_deg_p50"": 115.06024782179291, ""fm1_hip_flexion_deg_p75"": 118.19587432368559, ""fm1_knee_between_torso_p50"": 0.4197406457904372, ""fm1_scope"": ""session majority over 1 files"", ""fm1_shin_verticality_p50"": 0.9778024649151262, ""fm2_smplh_valid_frac"": 1.0, ""fm3_static_frac"": 0.5397435897435897, ""fps"": 30.0, ""geom_body_roll_deg"": 1.8041059922248426, ""observed_duration_s"": 130.0, ""repair_applied"": ""none"", ""reproj_shoulder_widths_p50"": 0.05391237780542661, ""shown_raster"": ""1080x1920"", ""stored_raster"": ""1080x1920"", ""timebase"": ""consistent"", ""timebase_index_drift_s"": 0.0, ""unit_flagged_frac"": 1.0, ""vad_s"": 54.8400000000006, ""vendor"": ""V00""}",render
r13_059,v00_fm2_smplh_invalid_059_V00_S0509_I00000520_P0653_f0004800,V00_S0509_I00000520_P0653,naturalistic/train/0014/0026/V00_S0509_I00000520_P0653,naturalistic/train/0014/0016/V00_S0509_I00000520_P0652,v00_fm2_smplh_invalid,V00,naturalistic,4800,V00,naturalistic,train,grounded_gesture,random draw from V00 files the pipeline sorted into 'fm2_smplh_invalid'; positioned on the longest untrusted stretch,"{""audio"": ""present"", ""audio_spectral_flatness"": 0.010812787528049489, ""audio_speech_level_db"": -52.18461974908663, ""audio_status"": ""ok"", ""audio_voice_isolation_db"": 40.692680047985604, ""flags_fired"": ""fm2_smplh_invalid"", ""fm0_reasons"": ""none"", ""fm1_ankles_visible_frac"": 1.0, ""fm1_hip_flexion_deg_p25"": 117.45191017632266, ""fm1_hip_flexion_deg_p50"": 127.39645949042435, ""fm1_hip_flexion_deg_p75"": 133.66698995951555, ""fm1_knee_between_torso_p50"": 0.48113865755709706, ""fm1_scope"": ""session majority over 1 files"", ""fm1_shin_verticality_p50"": 0.9943091455255494, ""fm2_smplh_valid_frac"": 0.9931578947368421, ""fm3_static_frac"": 0.14210526315789473, ""fps"": 30.0, ""geom_body_roll_deg"": 1.9414846340409824, ""observed_duration_s"": 190.0, ""repair_applied"": ""none"", ""reproj_shoulder_widths_p50"": 0.10344898461735047, ""shown_raster"": ""1080x1920"", ""stored_raster"": ""1080x1920"", ""timebase"": ""consistent"", ""timebase_index_drift_s"": 0.0, ""unit_flagged_frac"": 0.0, ""vad_s"": 29.30600000000004, ""vendor"": ""V00""}",render
r13_060,v00_fm2_smplh_invalid_060_V00_S1414_I00001070_P0107A_f0001409,V00_S1414_I00001070_P0107A,improvised/train/0032/0007/V00_S1414_I00001070_P0107A,improvised/train/0032/0000/V00_S1414_I00001070_P1124A,v00_fm2_smplh_invalid,V00,improvised,1409,V00,improvised,train,ipc_conversation,random draw from V00 files the pipeline sorted into 'fm2_smplh_invalid'; positioned on the longest untrusted stretch,"{""audio"": ""present"", ""audio_spectral_flatness"": 0.0015090850103240303, ""audio_speech_level_db"": -48.114199644761975, ""audio_status"": ""ok"", ""audio_voice_isolation_db"": 6.615352660885822, ""flags_fired"": ""fm2_smplh_invalid"", ""fm0_reasons"": ""none"", ""fm1_ankles_visible_frac"": 1.0, ""fm1_hip_flexion_deg_p25"": 153.78701767341357, ""fm1_hip_flexion_deg_p50"": 156.94678918884824, ""fm1_hip_flexion_deg_p75"": 160.86418569560868, ""fm1_knee_between_torso_p50"": 0.5413048133941172, ""fm1_scope"": ""session majority over 2 files"", ""fm1_shin_verticality_p50"": 0.9894610913627301, ""fm2_smplh_valid_frac"": 0.8593109869646183, ""fm3_static_frac"": 9.310986964618249e-05, ""fps"": 30.0, ""geom_body_roll_deg"": 1.0050705548839591, ""observed_duration_s"": 358.0, ""repair_applied"": ""none"", ""reproj_shoulder_widths_p50"": 0.05720211502708457, ""shown_raster"": ""1080x1920"", ""stored_raster"": ""1080x1920"", ""timebase"": ""consistent"", ""timebase_index_drift_s"": 0.0, ""unit_flagged_frac"": 0.0, ""vad_s"": 116.39600000000007, ""vendor"": ""V00""}",render
r13_061,v00_fm2_smplh_invalid_061_V00_S1855_I00000232_P1183_f0000913,V00_S1855_I00000232_P1183,naturalistic/train/0029/0010/V00_S1855_I00000232_P1183,naturalistic/train/0029/0040/V00_S1855_I00000232_P0332,v00_fm2_smplh_invalid,V00,naturalistic,913,V00,naturalistic,train,collaborative_storytelling,random draw from V00 files the pipeline sorted into 'fm2_smplh_invalid'; positioned on the longest untrusted stretch,"{""audio"": ""present"", ""audio_spectral_flatness"": 0.0011747875679197451, ""audio_speech_level_db"": -41.46236544803651, ""audio_status"": ""ok"", ""audio_voice_isolation_db"": 42.906753221726476, ""flags_fired"": ""fm2_smplh_invalid"", ""fm0_reasons"": ""none"", ""fm1_ankles_visible_frac"": 1.0, ""fm1_hip_flexion_deg_p25"": 159.52721488425433, ""fm1_hip_flexion_deg_p50"": 162.21178374511197, ""fm1_hip_flexion_deg_p75"": 170.3419638309369, ""fm1_knee_between_torso_p50"": 0.5493963981931465, ""fm1_scope"": ""session majority over 4 files"", ""fm1_shin_verticality_p50"": 0.9997166706442456, ""fm2_smplh_valid_frac"": 0.9988636363636364, ""fm3_static_frac"": 0.49450757575757576, ""fps"": 30.0, ""geom_body_roll_deg"": 0.0, ""observed_duration_s"": 176.0, ""repair_applied"": ""none"", ""reproj_shoulder_widths_p50"": 0.05056810391188958, ""shown_raster"": ""1080x1920"", ""stored_raster"": ""1080x1920"", ""timebase"": ""consistent"", ""timebase_index_drift_s"": 0.0, ""unit_flagged_frac"": 0.0, ""vad_s"": 36.344000000000506, ""vendor"": ""V00""}",render
r13_062,v00_fm2_smplh_invalid_062_V00_S1545_I00000646_P0028A_f0003350,V00_S1545_I00000646_P0028A,improvised/train/0036/0039/V00_S1545_I00000646_P0028A,improvised/train/0036/0033/V00_S1545_I00000646_P0006A,v00_fm2_smplh_invalid,V00,improvised,3350,V00,improvised,train,ipc_conversation,random draw from V00 files the pipeline sorted into 'fm2_smplh_invalid'; positioned on the longest untrusted stretch,"{""audio"": ""present"", ""audio_spectral_flatness"": 0.0018983008198939547, ""audio_speech_level_db"": -39.51616802069416, ""audio_status"": ""ok"", ""audio_voice_isolation_db"": 5.640836813452968, ""flags_fired"": ""fm2_smplh_invalid"", ""fm0_reasons"": ""none"", ""fm1_ankles_visible_frac"": 1.0, ""fm1_hip_flexion_deg_p25"": 139.9510046076752, ""fm1_hip_flexion_deg_p50"": 146.83078063357596, ""fm1_hip_flexion_deg_p75"": 150.49629736779127, ""fm1_knee_between_torso_p50"": 0.5989575376793623, ""fm1_scope"": ""session majority over 2 files"", ""fm1_shin_verticality_p50"": 0.997458698172206, ""fm2_smplh_valid_frac"": 0.996256038647343, ""fm3_static_frac"": 0.003743961352657005, ""fps"": 30.0, ""geom_body_roll_deg"": -0.8303249966896618, ""observed_duration_s"": 276.0, ""repair_applied"": ""none"", ""reproj_shoulder_widths_p50"": 0.07728603048657623, ""shown_raster"": ""1080x1920"", ""stored_raster"": ""1080x1920"", ""timebase"": ""consistent"", ""timebase_index_drift_s"": 0.0, ""unit_flagged_frac"": 0.0, ""vad_s"": 159.86800000000005, ""vendor"": ""V00""}",render
r13_063,v00_fm2_smplh_invalid_063_V00_S1898_I00000053_P1207_f0000615,V00_S1898_I00000053_P1207,naturalistic/train/0030/0024/V00_S1898_I00000053_P1207,naturalistic/train/0030/0013/V00_S1898_I00000053_P0413,v00_fm2_smplh_invalid,V00,naturalistic,615,V00,naturalistic,train,ipc_conversation,random draw from V00 files the pipeline sorted into 'fm2_smplh_invalid'; positioned on the longest untrusted stretch,"{""audio"": ""present"", ""audio_spectral_flatness"": 0.001441505335543043, ""audio_speech_level_db"": -41.0888207483321, ""audio_status"": ""ok"", ""audio_voice_isolation_db"": 5.638253915998666, ""flags_fired"": ""fm2_smplh_invalid"", ""fm0_reasons"": ""none"", ""fm1_ankles_visible_frac"": 1.0, ""fm1_hip_flexion_deg_p25"": 159.35837951504269, ""fm1_hip_flexion_deg_p50"": 162.17873171474486, ""fm1_hip_flexion_deg_p75"": 164.73067444783896, ""fm1_knee_between_torso_p50"": 0.5503025045868973, ""fm1_scope"": ""session majority over 4 files"", ""fm1_shin_verticality_p50"": 0.9996714300820817, ""fm2_smplh_valid_frac"": 0.9992424242424243, ""fm3_static_frac"": 0.4401515151515151, ""fps"": 30.0, ""geom_body_roll_deg"": 1.645320885824967e-05, ""observed_duration_s"": 132.0, ""repair_applied"": ""none"", ""reproj_shoulder_widths_p50"": 0.08483484693142415, ""shown_raster"": ""1080x1920"", ""stored_raster"": ""1080x1920"", ""timebase"": ""consistent"", ""timebase_index_drift_s"": 0.0, ""unit_flagged_frac"": 0.0, ""vad_s"": 63.01199999999926, ""vendor"": ""V00""}",render
r13_064,v00_fm3_static_hands_064_V00_S0155_I00000135_P0223_f0001922,V00_S0155_I00000135_P0223,naturalistic/test/0000/0019/V00_S0155_I00000135_P0223,naturalistic/test/0000/0021/V00_S0155_I00000135_P0222,v00_fm3_static_hands,V00,naturalistic,1922,V00,naturalistic,test,collaborative_storytelling,random draw from V00 files the pipeline sorted into 'fm3_static_hands',"{""audio"": ""present"", ""audio_spectral_flatness"": 0.0036751754926712763, ""audio_speech_level_db"": -47.85287159287719, ""audio_status"": ""ok"", ""audio_voice_isolation_db"": 33.24562888214784, ""flags_fired"": ""fm3_static_hands"", ""fm0_reasons"": ""none"", ""fm1_ankles_visible_frac"": 1.0, ""fm1_hip_flexion_deg_p25"": 153.68396646786874, ""fm1_hip_flexion_deg_p50"": 154.38519087429074, ""fm1_hip_flexion_deg_p75"": 155.07579629211585, ""fm1_knee_between_torso_p50"": 0.5607858351127908, ""fm1_scope"": ""session majority over 2 files"", ""fm1_shin_verticality_p50"": 0.9961298511623261, ""fm2_smplh_valid_frac"": 1.0, ""fm3_static_frac"": 0.9862068965517241, ""fps"": 30.0, ""geom_body_roll_deg"": 0.9877572250370362, ""observed_duration_s"": 174.0, ""repair_applied"": ""none"", ""reproj_shoulder_widths_p50"": 0.07174589129591027, ""shown_raster"": ""1080x1920"", ""stored_raster"": ""1080x1920"", ""timebase"": ""consistent"", ""timebase_index_drift_s"": 0.0, ""unit_flagged_frac"": 0.0, ""vad_s"": 53.97200000000021, ""vendor"": ""V00""}",render
r13_065,v00_fm3_static_hands_065_V00_S0218_I00000490_P0296_f0002171,V00_S0218_I00000490_P0296,naturalistic/train/0005/0035/V00_S0218_I00000490_P0296,naturalistic/train/0005/0014/V00_S0218_I00000490_P0297,v00_fm3_static_hands,V00,naturalistic,2171,V00,naturalistic,train,ipc_conversation,random draw from V00 files the pipeline sorted into 'fm3_static_hands',"{""audio"": ""present"", ""audio_spectral_flatness"": 0.001076787773067925, ""audio_speech_level_db"": -36.57819966936691, ""audio_status"": ""ok"", ""audio_voice_isolation_db"": 12.088204736324554, ""flags_fired"": ""fm3_static_hands"", ""fm0_reasons"": ""none"", ""fm1_ankles_visible_frac"": 1.0, ""fm1_hip_flexion_deg_p25"": 137.11895164626233, ""fm1_hip_flexion_deg_p50"": 137.72346427358087, ""fm1_hip_flexion_deg_p75"": 138.37500104853098, ""fm1_knee_between_torso_p50"": 0.5530525746308756, ""fm1_scope"": ""session majority over 2 files"", ""fm1_shin_verticality_p50"": 0.9995677574129815, ""fm2_smplh_valid_frac"": 1.0, ""fm3_static_frac"": 0.8945512820512821, ""fps"": 30.0, ""geom_body_roll_deg"": -0.8951601552883259, ""observed_duration_s"": 104.0, ""repair_applied"": ""none"", ""reproj_shoulder_widths_p50"": 0.06003117481225749, ""shown_raster"": ""1080x1920"", ""stored_raster"": ""1080x1920"", ""timebase"": ""consistent"", ""timebase_index_drift_s"": 0.0, ""unit_flagged_frac"": 0.0, ""vad_s"": 66.26799999999912, ""vendor"": ""V00""}",render
r13_066,v00_fm3_static_hands_066_V00_S1696_I00000601_P0693_f0002619,V00_S1696_I00000601_P0693,naturalistic/train/0028/0017/V00_S1696_I00000601_P0693,naturalistic/train/0028/0031/V00_S1696_I00000601_P0909,v00_fm3_static_hands,V00,naturalistic,2619,V00,naturalistic,train,grounded_gesture,random draw from V00 files the pipeline sorted into 'fm3_static_hands',"{""audio"": ""present"", ""audio_spectral_flatness"": 0.0016489596744538228, ""audio_speech_level_db"": -53.94079898013443, ""audio_status"": ""ok"", ""audio_voice_isolation_db"": 16.371379822291573, ""flags_fired"": ""fm3_static_hands"", ""fm0_reasons"": ""none"", ""fm1_ankles_visible_frac"": 1.0, ""fm1_hip_flexion_deg_p25"": 135.03264506862047, ""fm1_hip_flexion_deg_p50"": 136.16819634443286, ""fm1_hip_flexion_deg_p75"": 137.49052386460536, ""fm1_knee_between_torso_p50"": 0.5764111058999002, ""fm1_scope"": ""session majority over 3 files"", ""fm1_shin_verticality_p50"": 0.9995120760870788, ""fm2_smplh_valid_frac"": 1.0, ""fm3_static_frac"": 0.8107305936073059, ""fps"": 30.0, ""geom_body_roll_deg"": 0.8814069904541997, ""observed_duration_s"": 146.0, ""repair_applied"": ""none"", ""reproj_shoulder_widths_p50"": 0.127777380615623, ""shown_raster"": ""1080x1920"", ""stored_raster"": ""1080x1920"", ""timebase"": ""consistent"", ""timebase_index_drift_s"": 0.0, ""unit_flagged_frac"": 0.0, ""vad_s"": 24.204000000000292, ""vendor"": ""V00""}",render
r13_067,v00_fm3_static_hands_067_V00_S0108_I00000484_P0156_f0000113,V00_S0108_I00000484_P0156,improvised/train/0002/0005/V00_S0108_I00000484_P0156,improvised/train/0002/0041/V00_S0108_I00000484_P0028A,v00_fm3_static_hands,V00,improvised,113,V00,improvised,train,ipc_conversation,random draw from V00 files the pipeline sorted into 'fm3_static_hands',"{""audio"": ""present"", ""audio_spectral_flatness"": 0.0020943028220993896, ""audio_speech_level_db"": -37.3112746116759, ""audio_status"": ""ok"", ""audio_voice_isolation_db"": 2.554320604576178, ""flags_fired"": ""fm3_static_hands"", ""fm0_reasons"": ""none"", ""fm1_ankles_visible_frac"": 1.0, ""fm1_hip_flexion_deg_p25"": 142.75803801322826, ""fm1_hip_flexion_deg_p50"": 143.90687209091521, ""fm1_hip_flexion_deg_p75"": 145.31716948241984, ""fm1_knee_between_torso_p50"": 0.5352074936975104, ""fm1_scope"": ""session majority over 3 files"", ""fm1_shin_verticality_p50"": 0.999999999999975, ""fm2_smplh_valid_frac"": 1.0, ""fm3_static_frac"": 0.8641941391941392, ""fps"": 30.0, ""geom_body_roll_deg"": -7.196459221068915e-06, ""observed_duration_s"": 364.0, ""repair_applied"": ""none"", ""reproj_shoulder_widths_p50"": 0.0641206341651615, ""shown_raster"": ""1080x1920"", ""stored_raster"": ""1080x1920"", ""timebase"": ""consistent"", ""timebase_index_drift_s"": 0.0, ""unit_flagged_frac"": 0.0, ""vad_s"": 253.6960000000022, ""vendor"": ""V00""}",render
r13_068,v00_fm3_static_hands_068_V00_S0764_I00000581_P0085A_f0002786,V00_S0764_I00000581_P0085A,improvised/train/0015/0028/V00_S0764_I00000581_P0085A,improvised/train/0015/0009/V00_S0764_I00000581_P0500,v00_fm3_static_hands,V00,improvised,2786,V00,improvised,train,ipc_conversation,random draw from V00 files the pipeline sorted into 'fm3_static_hands',"{""audio"": ""present"", ""audio_spectral_flatness"": 0.0010246982031090182, ""audio_speech_level_db"": -43.232983114099554, ""audio_status"": ""ok"", ""audio_voice_isolation_db"": 9.896755044251739, ""flags_fired"": ""fm3_static_hands"", ""fm0_reasons"": ""none"", ""fm1_ankles_visible_frac"": 1.0, ""fm1_hip_flexion_deg_p25"": 147.94014914035247, ""fm1_hip_flexion_deg_p50"": 150.46556461565115, ""fm1_hip_flexion_deg_p75"": 152.3081877416442, ""fm1_knee_between_torso_p50"": 0.5244626064066936, ""fm1_scope"": ""session majority over 3 files"", ""fm1_shin_verticality_p50"": 0.9996714254109407, ""fm2_smplh_valid_frac"": 1.0, ""fm3_static_frac"": 0.7734096692111959, ""fps"": 30.0, ""geom_body_roll_deg"": 2.683777324233721, ""observed_duration_s"": 262.0, ""repair_applied"": ""none"", ""reproj_shoulder_widths_p50"": 0.06275625367196547, ""shown_raster"": ""1080x1920"", ""stored_raster"": ""1080x1920"", ""timebase"": ""consistent"", ""timebase_index_drift_s"": 0.0, ""unit_flagged_frac"": 0.0, ""vad_s"": 45.56800000000112, ""vendor"": ""V00""}",render
r13_069,v00_multi_069_V00_S0284_I00000500_P0385_f0003122,V00_S0284_I00000500_P0385,naturalistic/train/0006/0025/V00_S0284_I00000500_P0385,naturalistic/train/0006/0023/V00_S0284_I00000500_P0384,v00_multi,V00,naturalistic,3122,V00,naturalistic,train,ipc_conversation,random draw from V00 files the pipeline sorted into 'multi'; positioned on the longest untrusted stretch,"{""audio"": ""present"", ""audio_spectral_flatness"": 0.0010101773601775975, ""audio_speech_level_db"": -40.47109677169863, ""audio_status"": ""ok"", ""audio_voice_isolation_db"": 10.912718816100266, ""flags_fired"": ""fm1_sitting+fm2_smplh_invalid"", ""fm0_reasons"": ""none"", ""fm1_ankles_visible_frac"": 0.9995098039215686, ""fm1_hip_flexion_deg_p25"": 87.81656051749256, ""fm1_hip_flexion_deg_p50"": 90.23379082623367, ""fm1_hip_flexion_deg_p75"": 93.8371979730299, ""fm1_knee_between_torso_p50"": 0.21209861475558164, ""fm1_scope"": ""session majority over 2 files"", ""fm1_shin_verticality_p50"": 0.9877629846786989, ""fm2_smplh_valid_frac"": 0.9558823529411765, ""fm3_static_frac"": 0.027941176470588237, ""fps"": 30.0, ""geom_body_roll_deg"": 2.121100358784246, ""observed_duration_s"": 136.0, ""repair_applied"": ""none"", ""reproj_shoulder_widths_p50"": 0.09941477536406473, ""shown_raster"": ""1080x1920"", ""stored_raster"": ""1080x1920"", ""timebase"": ""consistent"", ""timebase_index_drift_s"": 0.0, ""unit_flagged_frac"": 1.0, ""vad_s"": 49.91199999999844, ""vendor"": ""V00""}",render
r13_070,v00_multi_070_V00_S0936_I00000495_P1029_f0004334,V00_S0936_I00000495_P1029,naturalistic/train/0024/0009/V00_S0936_I00000495_P1029,naturalistic/train/0024/0017/V00_S0936_I00000495_P1030,v00_multi,V00,naturalistic,4334,V00,naturalistic,train,ipc_conversation,random draw from V00 files the pipeline sorted into 'multi',"{""audio"": ""present"", ""audio_spectral_flatness"": 0.0029436411273226657, ""audio_speech_level_db"": -50.36906756964238, ""audio_status"": ""ok"", ""audio_voice_isolation_db"": 33.809359771941196, ""flags_fired"": ""fm1_sitting+fm3_static_hands"", ""fm0_reasons"": ""none"", ""fm1_ankles_visible_frac"": 1.0, ""fm1_hip_flexion_deg_p25"": 91.93185689896757, ""fm1_hip_flexion_deg_p50"": 92.47290338888939, ""fm1_hip_flexion_deg_p75"": 92.99787715448755, ""fm1_knee_between_torso_p50"": 0.20954299250220726, ""fm1_scope"": ""session majority over 2 files"", ""fm1_shin_verticality_p50"": 0.9938837579939905, ""fm2_smplh_valid_frac"": 1.0, ""fm3_static_frac"": 0.898876404494382, ""fps"": 30.0, ""geom_body_roll_deg"": 3.3664672538629747, ""observed_duration_s"": 178.0, ""repair_applied"": ""none"", ""reproj_shoulder_widths_p50"": 0.04289824621565658, ""shown_raster"": ""1080x1920"", ""stored_raster"": ""1080x1920"", ""timebase"": ""consistent"", ""timebase_index_drift_s"": 0.0, ""unit_flagged_frac"": 1.0, ""vad_s"": 27.868000000000023, ""vendor"": ""V00""}",render
r13_071,v00_multi_071_V00_S1685_I00000420_P0205_f0002309,V00_S1685_I00000420_P0205,naturalistic/train/0028/0013/V00_S1685_I00000420_P0205,naturalistic/train/0028/0023/V00_S1685_I00000420_P1160,v00_multi,V00,naturalistic,2309,V00,naturalistic,train,ipc_conversation,random draw from V00 files the pipeline sorted into 'multi'; positioned on the longest untrusted stretch,"{""audio"": ""present"", ""audio_spectral_flatness"": 0.0009592534280472181, ""audio_speech_level_db"": -47.07153626218233, ""audio_status"": ""ok"", ""audio_voice_isolation_db"": 15.044556558807969, ""flags_fired"": ""fm1_sitting+fm2_smplh_invalid"", ""fm0_reasons"": ""none"", ""fm1_ankles_visible_frac"": 1.0, ""fm1_hip_flexion_deg_p25"": 116.44165795477653, ""fm1_hip_flexion_deg_p50"": 119.29857085700587, ""fm1_hip_flexion_deg_p75"": 121.40082772530778, ""fm1_knee_between_torso_p50"": 0.41548140503074393, ""fm1_scope"": ""session majority over 1 files"", ""fm1_shin_verticality_p50"": 0.992795629555468, ""fm2_smplh_valid_frac"": 0.9484848484848485, ""fm3_static_frac"": 0.548989898989899, ""fps"": 30.0, ""geom_body_roll_deg"": 0.0, ""observed_duration_s"": 198.0, ""repair_applied"": ""none"", ""reproj_shoulder_widths_p50"": 0.10254306200940622, ""shown_raster"": ""1080x1920"", ""stored_raster"": ""1080x1920"", ""timebase"": ""consistent"", ""timebase_index_drift_s"": 0.0, ""unit_flagged_frac"": 1.0, ""vad_s"": 53.10400000000027, ""vendor"": ""V00""}",render
r13_072,v00_multi_072_V00_S0825_I00000497_P0500_f0000372,V00_S0825_I00000497_P0500,naturalistic/dev/0000/0040/V00_S0825_I00000497_P0500,naturalistic/dev/0000/0035/V00_S0825_I00000497_P0959,v00_multi,V00,naturalistic,372,V00,naturalistic,dev,grounded_gesture,random draw from V00 files the pipeline sorted into 'multi'; positioned on the longest untrusted stretch,"{""audio"": ""present"", ""audio_spectral_flatness"": 0.0032202176683046144, ""audio_speech_level_db"": -47.95591328998462, ""audio_status"": ""ok"", ""audio_voice_isolation_db"": 47.43125650363183, ""flags_fired"": ""fm2_smplh_invalid+fm3_static_hands"", ""fm0_reasons"": ""none"", ""fm1_ankles_visible_frac"": 1.0, ""fm1_hip_flexion_deg_p25"": 137.9734549063005, ""fm1_hip_flexion_deg_p50"": 139.78967570755225, ""fm1_hip_flexion_deg_p75"": 141.76842770144765, ""fm1_knee_between_torso_p50"": 0.5278327984817875, ""fm1_scope"": ""session majority over 3 files"", ""fm1_shin_verticality_p50"": 0.9996349698728535, ""fm2_smplh_valid_frac"": 0.991717791411043, ""fm3_static_frac"": 0.7822085889570553, ""fps"": 30.0, ""geom_body_roll_deg"": 1.9091464761715642, ""observed_duration_s"": 326.0, ""repair_applied"": ""none"", ""reproj_shoulder_widths_p50"": 0.07047769746304396, ""shown_raster"": ""1080x1920"", ""stored_raster"": ""1080x1920"", ""timebase"": ""consistent"", ""timebase_index_drift_s"": 0.0, ""unit_flagged_frac"": 0.0, ""vad_s"": 33.49200000000019, ""vendor"": ""V00""}",render
r13_073,v00_multi_073_V00_S0404_I00000126_P0532_f0004455,V00_S0404_I00000126_P0532,improvised/train/0008/0000/V00_S0404_I00000126_P0532,improvised/train/0008/0010/V00_S0404_I00000126_P0005A,v00_multi,V00,improvised,4455,V00,improvised,train,ipc_conversation,random draw from V00 files the pipeline sorted into 'multi',"{""audio"": ""present"", ""audio_spectral_flatness"": 0.0009494788509711603, ""audio_speech_level_db"": -44.47829827213372, ""audio_status"": ""ok"", ""audio_voice_isolation_db"": 10.34230025003807, ""flags_fired"": ""fm1_sitting+fm3_static_hands"", ""fm0_reasons"": ""none"", ""fm1_ankles_visible_frac"": 1.0, ""fm1_hip_flexion_deg_p25"": 94.92155616411159, ""fm1_hip_flexion_deg_p50"": 95.33732508710602, ""fm1_hip_flexion_deg_p75"": 96.04527312706914, ""fm1_knee_between_torso_p50"": 0.30931666793630325, ""fm1_scope"": ""session majority over 1 files"", ""fm1_shin_verticality_p50"": 0.9950371857808729, ""fm2_smplh_valid_frac"": 1.0, ""fm3_static_frac"": 0.851268115942029, ""fps"": 30.0, ""geom_body_roll_deg"": 5.102163860985915, ""observed_duration_s"": 184.0, ""repair_applied"": ""none"", ""reproj_shoulder_widths_p50"": 0.04625140295540334, ""shown_raster"": ""1080x1920"", ""stored_raster"": ""1080x1920"", ""timebase"": ""consistent"", ""timebase_index_drift_s"": 0.0, ""unit_flagged_frac"": 1.0, ""vad_s"": 83.33000000000027, ""vendor"": ""V00""}",render
r13_074,v01_pass_074_V01_S0837_I00001140_P1466_f0005539,V01_S0837_I00001140_P1466,improvised/train/0058/0012/V01_S0837_I00001140_P1466,improvised/train/0058/0058/V01_S0837_I00001140_P1048,v01_pass,V01,improvised,5539,V01,improvised,train,ipc_conversation,random draw from V01 files the pipeline sorted into 'pass',"{""audio"": ""present"", ""audio_spectral_flatness"": 0.0016798786869354418, ""audio_speech_level_db"": -24.470847231810893, ""audio_status"": ""ok"", ""audio_voice_isolation_db"": 11.426988491559428, ""flags_fired"": ""none"", ""fm0_reasons"": ""none"", ""fm1_ankles_visible_frac"": 1.0, ""fm1_hip_flexion_deg_p25"": 162.11905092730316, ""fm1_hip_flexion_deg_p50"": 163.81812634228368, ""fm1_hip_flexion_deg_p75"": 165.06880960696344, ""fm1_knee_between_torso_p50"": 0.568588628532003, ""fm1_scope"": ""session majority over 3 files"", ""fm1_shin_verticality_p50"": 0.9988681377244376, ""fm2_smplh_valid_frac"": 1.0, ""fm3_static_frac"": 0.5704337733932976, ""fps"": 29.97, ""geom_body_roll_deg"": 0.971037336359771, ""observed_duration_s"": 230.029433, ""repair_applied"": ""none"", ""reproj_shoulder_widths_p50"": 0.062261090932889854, ""shown_raster"": ""1080x1920"", ""stored_raster"": ""1080x1920"", ""timebase"": ""consistent"", ""timebase_index_drift_s"": 0.0, ""unit_flagged_frac"": 0.0, ""vad_s"": 47.8319999999992, ""vendor"": ""V01""}",render
r13_075,v01_pass_075_V01_S0091_I00000139_P1175_f0001266,V01_S0091_I00000139_P1175,naturalistic/train/0035/0018/V01_S0091_I00000139_P1175,naturalistic/train/0035/0024/V01_S0091_I00000139_P1174,v01_pass,V01,naturalistic,1266,V01,naturalistic,train,ipc_conversation,random draw from V01 files the pipeline sorted into 'pass',"{""audio"": ""present"", ""audio_spectral_flatness"": 0.0007628237921559434, ""audio_speech_level_db"": -19.146767329289624, ""audio_status"": ""ok"", ""audio_voice_isolation_db"": 11.002109537176388, ""flags_fired"": ""none"", ""fm0_reasons"": ""none"", ""fm1_ankles_visible_frac"": 1.0, ""fm1_hip_flexion_deg_p25"": 171.3260982226452, ""fm1_hip_flexion_deg_p50"": 172.8825839845387, ""fm1_hip_flexion_deg_p75"": 173.9970677873996, ""fm1_knee_between_torso_p50"": 0.6215788841200793, ""fm1_scope"": ""session majority over 2 files"", ""fm1_shin_verticality_p50"": 0.9994801062969326, ""fm2_smplh_valid_frac"": 1.0, ""fm3_static_frac"": 0.0, ""fps"": 29.97, ""geom_body_roll_deg"": -1.8183115752519465, ""observed_duration_s"": 108.0079, ""repair_applied"": ""none"", ""reproj_shoulder_widths_p50"": 0.041441182879726285, ""shown_raster"": ""1080x1920"", ""stored_raster"": ""1080x1920"", ""timebase"": ""consistent"", ""timebase_index_drift_s"": 0.0, ""unit_flagged_frac"": 0.0, ""vad_s"": 45.80800000000022, ""vendor"": ""V01""}",render
r13_076,v01_pass_076_V01_S0588_I00000726_P1271_f0000134,V01_S0588_I00000726_P1271,naturalistic/train/0040/0046/V01_S0588_I00000726_P1271,naturalistic/train/0040/0007/V01_S0588_I00000726_P1254,v01_pass,V01,naturalistic,134,V01,naturalistic,train,grounded_gesture,random draw from V01 files the pipeline sorted into 'pass',"{""audio"": ""present"", ""audio_spectral_flatness"": 0.0038739093167069858, ""audio_speech_level_db"": -25.540155099632955, ""audio_status"": ""ok"", ""audio_voice_isolation_db"": 12.515284876109957, ""flags_fired"": ""none"", ""fm0_reasons"": ""none"", ""fm1_ankles_visible_frac"": 0.9986802639472105, ""fm1_hip_flexion_deg_p25"": 160.87516928924438, ""fm1_hip_flexion_deg_p50"": 164.79532303201546, ""fm1_hip_flexion_deg_p75"": 169.54859930550418, ""fm1_knee_between_torso_p50"": 0.6112143510663739, ""fm1_scope"": ""session majority over 4 files"", ""fm1_shin_verticality_p50"": 0.9983713344239767, ""fm2_smplh_valid_frac"": 1.0, ""fm3_static_frac"": 0.0009598080383923216, ""fps"": 29.98, ""geom_body_roll_deg"": 0.8551066556144501, ""observed_duration_s"": 278.018556, ""repair_applied"": ""none"", ""reproj_shoulder_widths_p50"": 0.10915060118665945, ""shown_raster"": ""1080x1920"", ""stored_raster"": ""1080x1920"", ""timebase"": ""consistent"", ""timebase_index_drift_s"": 0.0, ""unit_flagged_frac"": 0.0, ""vad_s"": 49.180000000000746, ""vendor"": ""V01""}",render
r13_077,v01_pass_077_V01_S0935_I00001232_P2039_f0003880,V01_S0935_I00001232_P2039,improvised/dev/0000/0007/V01_S0935_I00001232_P2039,improvised/dev/0000/0034/V01_S0935_I00001232_P2040,v01_pass,V01,improvised,3880,V01,improvised,dev,ipc_conversation,random draw from V01 files the pipeline sorted into 'pass',"{""audio"": ""present"", ""audio_spectral_flatness"": 0.0028538487376658195, ""audio_speech_level_db"": -28.93628722510998, ""audio_status"": ""ok"", ""audio_voice_isolation_db"": 8.639811812637726, ""flags_fired"": ""none"", ""fm0_reasons"": ""none"", ""fm1_ankles_visible_frac"": 1.0, ""fm1_hip_flexion_deg_p25"": 153.12187890594757, ""fm1_hip_flexion_deg_p50"": 155.12093835411733, ""fm1_hip_flexion_deg_p75"": 157.68195962462235, ""fm1_knee_between_torso_p50"": 0.5859347778743123, ""fm1_scope"": ""session majority over 2 files"", ""fm1_shin_verticality_p50"": 0.9805806659924072, ""fm2_smplh_valid_frac"": 1.0, ""fm3_static_frac"": 0.6167460857726345, ""fps"": 29.98, ""geom_body_roll_deg"": 0.9877720010810426, ""observed_duration_s"": 196.030244, ""repair_applied"": ""none"", ""reproj_shoulder_widths_p50"": 0.04031314171024046, ""shown_raster"": ""1080x1920"", ""stored_raster"": ""1080x1920"", ""timebase"": ""consistent"", ""timebase_index_drift_s"": 0.0, ""unit_flagged_frac"": 0.0, ""vad_s"": 42.17800000000102, ""vendor"": ""V01""}",render
r13_078,v01_pass_078_V01_S0471_I00000718_P1750_f0002028,V01_S0471_I00000718_P1750,improvised/train/0054/0010/V01_S0471_I00000718_P1750,improvised/train/0054/0043/V01_S0471_I00000718_P1470,v01_pass,V01,improvised,2028,V01,improvised,train,ipc_conversation,random draw from V01 files the pipeline sorted into 'pass',"{""audio"": ""present"", ""audio_spectral_flatness"": 0.0024053742585769446, ""audio_speech_level_db"": -20.332257665610793, ""audio_status"": ""ok"", ""audio_voice_isolation_db"": 13.13223454813508, ""flags_fired"": ""none"", ""fm0_reasons"": ""none"", ""fm1_ankles_visible_frac"": 0.9422184006878762, ""fm1_hip_flexion_deg_p25"": 155.63782710825004, ""fm1_hip_flexion_deg_p50"": 160.191629418518, ""fm1_hip_flexion_deg_p75"": 163.53638224838338, ""fm1_knee_between_torso_p50"": 0.6057415877846584, ""fm1_scope"": ""session majority over 1 files"", ""fm1_shin_verticality_p50"": 0.9995411881019592, ""fm2_smplh_valid_frac"": 1.0, ""fm3_static_frac"": 0.1697334479793637, ""fps"": 29.97, ""geom_body_roll_deg"": 0.0, ""observed_duration_s"": 194.027167, ""repair_applied"": ""none"", ""reproj_shoulder_widths_p50"": 0.14826026627792474, ""shown_raster"": ""1080x1920"", ""stored_raster"": ""1080x1920"", ""timebase"": ""consistent"", ""timebase_index_drift_s"": 0.0, ""unit_flagged_frac"": 0.0, ""vad_s"": 67.46, ""vendor"": ""V01""}",render
r13_079,v01_fm0_unusable_source_079_V01_S1549_I00000125_P2539_f0001463,V01_S1549_I00000125_P2539,naturalistic/train/0042/0010/V01_S1549_I00000125_P2539,naturalistic/train/0042/0063/V01_S1549_I00000125_P2540,v01_fm0_unusable_source,V01,naturalistic,1463,V01,naturalistic,train,ipc_conversation,random draw from V01 files the pipeline sorted into 'fm0_unusable_source',"{""audio"": ""present"", ""audio_spectral_flatness"": 0.00028536737262904944, ""audio_speech_level_db"": -11.818035653755452, ""audio_status"": ""ok"", ""audio_voice_isolation_db"": 4.933488137614064, ""flags_fired"": ""fm0_unusable_source"", ""fm0_reasons"": ""raster_2160x2160"", ""fm1_ankles_visible_frac"": 1.0, ""fm1_hip_flexion_deg_p25"": 100.67564146658422, ""fm1_hip_flexion_deg_p50"": 102.11326717859652, ""fm1_hip_flexion_deg_p75"": 103.41428560211436, ""fm1_knee_between_torso_p50"": 0.28840754111665456, ""fm1_scope"": ""session majority over 5 files"", ""fm1_shin_verticality_p50"": 0.9486827432248887, ""fm2_smplh_valid_frac"": 1.0, ""fm3_static_frac"": 0.5920465567410281, ""fps"": 29.97, ""geom_body_roll_deg"": 2.290616113840339, ""observed_duration_s"": 172.0048, ""repair_applied"": ""pixel aspect 0.5625"", ""reproj_shoulder_widths_p50"": 0.10051254335813183, ""shown_raster"": ""1215x2160"", ""stored_raster"": ""2160x2160"", ""timebase"": ""consistent"", ""timebase_index_drift_s"": 0.03336666666666667, ""unit_flagged_frac"": 0.0, ""vad_s"": 115.4620000000001, ""vendor"": ""V01""}",render
r13_080,v01_fm0_unusable_source_080_V01_S0166_I00000498_P1304_f0003157,V01_S0166_I00000498_P1304,improvised/train/0050/0023/V01_S0166_I00000498_P1304,improvised/train/0050/0031/V01_S0166_I00000498_P1305,v01_fm0_unusable_source,V01,improvised,3157,V01,improvised,train,ipc_conversation,random draw from V01 files the pipeline sorted into 'fm0_unusable_source',"{""audio"": ""present"", ""audio_spectral_flatness"": 0.00999730852008977, ""audio_speech_level_db"": -21.97531256883597, ""audio_status"": ""ok"", ""audio_voice_isolation_db"": 11.982135358373025, ""flags_fired"": ""fm0_unusable_source"", ""fm0_reasons"": ""raster_2160x2160"", ""fm1_ankles_visible_frac"": 0.9053703703703704, ""fm1_hip_flexion_deg_p25"": 104.37020831863231, ""fm1_hip_flexion_deg_p50"": 105.75328299788659, ""fm1_hip_flexion_deg_p75"": 107.50396471602076, ""fm1_knee_between_torso_p50"": 0.31933994016461353, ""fm1_scope"": ""session majority over 1 files"", ""fm1_shin_verticality_p50"": 0.8944271909999159, ""fm2_smplh_valid_frac"": 1.0, ""fm3_static_frac"": 0.34629629629629627, ""fps"": 29.989, ""geom_body_roll_deg"": -2.231181383721246, ""observed_duration_s"": 180.0, ""repair_applied"": ""pixel aspect 0.5625"", ""reproj_shoulder_widths_p50"": 0.1113379171234308, ""shown_raster"": ""1215x2160"", ""stored_raster"": ""2160x2160"", ""timebase"": ""drifts +0.1 s"", ""timebase_index_drift_s"": 0.06666666666666667, ""unit_flagged_frac"": 0.0, ""vad_s"": 47.0, ""vendor"": ""V01""}",render
r13_081,v01_fm0_unusable_source_081_V01_S1424_I00000127_P2439_f0004659,V01_S1424_I00000127_P2439,naturalistic/train/0041/0010/V01_S1424_I00000127_P2439,naturalistic/train/0041/0031/V01_S1424_I00000127_P1142,v01_fm0_unusable_source,V01,naturalistic,4659,V01,naturalistic,train,ipc_conversation,random draw from V01 files the pipeline sorted into 'fm0_unusable_source',"{""audio"": ""present"", ""audio_spectral_flatness"": 0.0003347182188536707, ""audio_speech_level_db"": -11.742330579293728, ""audio_status"": ""ok"", ""audio_voice_isolation_db"": 15.680792935428343, ""flags_fired"": ""fm0_unusable_source"", ""fm0_reasons"": ""raster_2160x2160"", ""fm1_ankles_visible_frac"": 0.9960056390977443, ""fm1_hip_flexion_deg_p25"": 96.22676413074726, ""fm1_hip_flexion_deg_p50"": 97.07813150821113, ""fm1_hip_flexion_deg_p75"": 97.95157516498112, ""fm1_knee_between_torso_p50"": 0.25129558890650755, ""fm1_scope"": ""session majority over 4 files"", ""fm1_shin_verticality_p50"": 0.9946917775569607, ""fm2_smplh_valid_frac"": 1.0, ""fm3_static_frac"": 0.6287593984962406, ""fps"": 29.97, ""geom_body_roll_deg"": 2.5261265812912503, ""observed_duration_s"": 284.017067, ""repair_applied"": ""pixel aspect 0.5625"", ""reproj_shoulder_widths_p50"": 0.1530577974214874, ""shown_raster"": ""1215x2160"", ""stored_raster"": ""2160x2160"", ""timebase"": ""consistent"", ""timebase_index_drift_s"": 0.0, ""unit_flagged_frac"": 0.0, ""vad_s"": 111.52400000000046, ""vendor"": ""V01""}",render
r13_082,v01_fm0_unusable_source_082_V01_S0074_I00000309_P1140_f0000381,V01_S0074_I00000309_P1140,naturalistic/train/0034/0048/V01_S0074_I00000309_P1140,naturalistic/train/0034/0031/V01_S0074_I00000309_P1141,v01_fm0_unusable_source,V01,naturalistic,381,V01,naturalistic,train,ipc_conversation,random draw from V01 files the pipeline sorted into 'fm0_unusable_source',"{""audio"": ""present"", ""audio_spectral_flatness"": 0.0003924978597136436, ""audio_speech_level_db"": -10.635784365938017, ""audio_status"": ""ok"", ""audio_voice_isolation_db"": 5.410419607834438, ""flags_fired"": ""fm0_unusable_source"", ""fm0_reasons"": ""raster_2160x2160"", ""fm1_ankles_visible_frac"": 0.9988358556461001, ""fm1_hip_flexion_deg_p25"": 97.24285597409865, ""fm1_hip_flexion_deg_p50"": 100.33798789028627, ""fm1_hip_flexion_deg_p75"": 103.67805594727261, ""fm1_knee_between_torso_p50"": 0.28712058657260797, ""fm1_scope"": ""session majority over 4 files"", ""fm1_shin_verticality_p50"": 0.9976303057012924, ""fm2_smplh_valid_frac"": 1.0, ""fm3_static_frac"": 0.4827318587504851, ""fps"": 29.97, ""geom_body_roll_deg"": 9.994930559436666e-06, ""observed_duration_s"": 86.0189, ""repair_applied"": ""pixel aspect 0.5625"", ""reproj_shoulder_widths_p50"": 0.1075359271139083, ""shown_raster"": ""1215x2160"", ""stored_raster"": ""2160x2160"", ""timebase"": ""consistent"", ""timebase_index_drift_s"": 0.0, ""unit_flagged_frac"": 0.0, ""vad_s"": 51.958000000000084, ""vendor"": ""V01""}",render
r13_083,v01_fm0_unusable_source_083_V01_S0071_I00000125_P1135_f0000969,V01_S0071_I00000125_P1135,naturalistic/train/0034/0043/V01_S0071_I00000125_P1135,naturalistic/train/0034/0005/V01_S0071_I00000125_P1134,v01_fm0_unusable_source,V01,naturalistic,969,V01,naturalistic,train,ipc_conversation,random draw from V01 files the pipeline sorted into 'fm0_unusable_source',"{""audio"": ""present"", ""audio_spectral_flatness"": 0.005264183042910578, ""audio_speech_level_db"": -20.849458424785986, ""audio_status"": ""ok"", ""audio_voice_isolation_db"": 11.812185581871583, ""flags_fired"": ""fm0_unusable_source"", ""fm0_reasons"": ""raster_2160x2160"", ""fm1_ankles_visible_frac"": 1.0, ""fm1_hip_flexion_deg_p25"": 92.62601201432473, ""fm1_hip_flexion_deg_p50"": 93.30507308948683, ""fm1_hip_flexion_deg_p75"": 94.60156598369193, ""fm1_knee_between_torso_p50"": 0.21712124434975685, ""fm1_scope"": ""session majority over 4 files"", ""fm1_shin_verticality_p50"": 0.996545753950904, ""fm2_smplh_valid_frac"": 1.0, ""fm3_static_frac"": 0.6182531894013739, ""fps"": 29.97, ""geom_body_roll_deg"": -5.673159535263883e-06, ""observed_duration_s"": 136.002533, ""repair_applied"": ""pixel aspect 0.5625"", ""reproj_shoulder_widths_p50"": 0.05925713243211606, ""shown_raster"": ""1215x2160"", ""stored_raster"": ""2160x2160"", ""timebase"": ""consistent"", ""timebase_index_drift_s"": 0.0, ""unit_flagged_frac"": 0.0, ""vad_s"": 32.79599999999999, ""vendor"": ""V01""}",render
r13_084,v01_fm2_smplh_invalid_084_V01_S0613_I00001209_P1251_f0008572,V01_S0613_I00001209_P1251,improvised/train/0057/0005/V01_S0613_I00001209_P1251,improvised/train/0057/0019/V01_S0613_I00001209_P1754,v01_fm2_smplh_invalid,V01,improvised,8572,V01,improvised,train,ipc_conversation,random draw from V01 files the pipeline sorted into 'fm2_smplh_invalid'; positioned on the longest untrusted stretch,"{""audio"": ""present"", ""audio_spectral_flatness"": 0.0006791987299106054, ""audio_speech_level_db"": -12.484112241726402, ""audio_status"": ""ok"", ""audio_voice_isolation_db"": 2.795205848781241, ""flags_fired"": ""fm2_smplh_invalid"", ""fm0_reasons"": ""none"", ""fm1_ankles_visible_frac"": 0.6984478935698448, ""fm1_hip_flexion_deg_p25"": 140.82039435257684, ""fm1_hip_flexion_deg_p50"": 143.88171192240247, ""fm1_hip_flexion_deg_p75"": 146.70466834355375, ""fm1_knee_between_torso_p50"": 0.6856147521281627, ""fm1_scope"": ""session majority over 3 files"", ""fm1_shin_verticality_p50"": 0.9958931679943525, ""fm2_smplh_valid_frac"": 0.9135254988913526, ""fm3_static_frac"": 0.004540175271882589, ""fps"": 29.97, ""geom_body_roll_deg"": 0.6820558499682244, ""observed_duration_s"": 316.0157, ""repair_applied"": ""none"", ""reproj_shoulder_widths_p50"": 0.06608275140519045, ""shown_raster"": ""1080x1920"", ""stored_raster"": ""1080x1920"", ""timebase"": ""consistent"", ""timebase_index_drift_s"": 0.0, ""unit_flagged_frac"": 0.0, ""vad_s"": 217.30199999999985, ""vendor"": ""V01""}",render
r13_085,v01_fm2_smplh_invalid_085_V01_S0140_I00000127_P1257_f0000000,V01_S0140_I00000127_P1257,naturalistic/train/0036/0004/V01_S0140_I00000127_P1257,naturalistic/train/0036/0002/V01_S0140_I00000127_P1256,v01_fm2_smplh_invalid,V01,naturalistic,0,V01,naturalistic,train,ipc_conversation,random draw from V01 files the pipeline sorted into 'fm2_smplh_invalid'; positioned on the longest untrusted stretch,"{""audio"": ""present"", ""audio_spectral_flatness"": 0.0029133291794948453, ""audio_speech_level_db"": -13.963344001913624, ""audio_status"": ""ok"", ""audio_voice_isolation_db"": 8.146994180121757, ""flags_fired"": ""fm2_smplh_invalid"", ""fm0_reasons"": ""none"", ""fm1_ankles_visible_frac"": 0.999747219413549, ""fm1_hip_flexion_deg_p25"": 144.56845920665666, ""fm1_hip_flexion_deg_p50"": 148.89579587046515, ""fm1_hip_flexion_deg_p75"": 152.9238165502838, ""fm1_knee_between_torso_p50"": 0.6007974203554768, ""fm1_scope"": ""session majority over 3 files"", ""fm1_shin_verticality_p50"": 0.9828722354322502, ""fm2_smplh_valid_frac"": 0.8566734074823054, ""fm3_static_frac"": 0.010616784630940344, ""fps"": 29.97, ""geom_body_roll_deg"": 0.8184555119596584, ""observed_duration_s"": 132.0319, ""repair_applied"": ""none"", ""reproj_shoulder_widths_p50"": 0.058114144407901726, ""shown_raster"": ""1080x1920"", ""stored_raster"": ""1080x1920"", ""timebase"": ""consistent"", ""timebase_index_drift_s"": -0.03336666666666667, ""unit_flagged_frac"": 0.0, ""vad_s"": 84.54599999999982, ""vendor"": ""V01""}",render
r13_086,v01_fm2_smplh_invalid_086_V01_S0552_I00001215_P1791_f0002606,V01_S0552_I00001215_P1791,improvised/train/0055/0046/V01_S0552_I00001215_P1791,improvised/train/0055/0055/V01_S0552_I00001215_P1718,v01_fm2_smplh_invalid,V01,improvised,2606,V01,improvised,train,ipc_conversation,random draw from V01 files the pipeline sorted into 'fm2_smplh_invalid'; positioned on the longest untrusted stretch,"{""audio"": ""present"", ""audio_spectral_flatness"": 0.0006154036947435029, ""audio_speech_level_db"": -13.751517074138269, ""audio_status"": ""ok"", ""audio_voice_isolation_db"": 6.358369232309721, ""flags_fired"": ""fm2_smplh_invalid"", ""fm0_reasons"": ""none"", ""fm1_ankles_visible_frac"": 0.9769230769230769, ""fm1_hip_flexion_deg_p25"": 157.44669515614538, ""fm1_hip_flexion_deg_p50"": 159.988850335727, ""fm1_hip_flexion_deg_p75"": 162.8478325904431, ""fm1_knee_between_torso_p50"": 0.5880250914625242, ""fm1_scope"": ""session majority over 2 files"", ""fm1_shin_verticality_p50"": 0.9961298456273446, ""fm2_smplh_valid_frac"": 0.9093240093240094, ""fm3_static_frac"": 0.45314685314685316, ""fps"": 30.0, ""geom_body_roll_deg"": 2.4195118783389367, ""observed_duration_s"": 286.0, ""repair_applied"": ""none"", ""reproj_shoulder_widths_p50"": 0.11725801955614948, ""shown_raster"": ""1080x1920"", ""stored_raster"": ""1080x1920"", ""timebase"": ""consistent"", ""timebase_index_drift_s"": 0.0, ""unit_flagged_frac"": 0.0, ""vad_s"": 123.26799999999957, ""vendor"": ""V01""}",render
r13_087,v01_fm2_smplh_invalid_087_V01_S0640_I00001294_P1565_f0001360,V01_S0640_I00001294_P1565,improvised/train/0058/0021/V01_S0640_I00001294_P1565,improvised/train/0058/0022/V01_S0640_I00001294_P1239,v01_fm2_smplh_invalid,V01,improvised,1360,V01,improvised,train,grounded_gesture,random draw from V01 files the pipeline sorted into 'fm2_smplh_invalid'; positioned on the longest untrusted stretch,"{""audio"": ""present"", ""audio_spectral_flatness"": 0.0035075671670776083, ""audio_speech_level_db"": -16.446155767523223, ""audio_status"": ""ok"", ""audio_voice_isolation_db"": 7.53526804290807, ""flags_fired"": ""fm2_smplh_invalid"", ""fm0_reasons"": ""none"", ""fm1_ankles_visible_frac"": 1.0, ""fm1_hip_flexion_deg_p25"": 161.63730306387583, ""fm1_hip_flexion_deg_p50"": 164.46153781260222, ""fm1_hip_flexion_deg_p75"": 166.37103699918276, ""fm1_knee_between_torso_p50"": 0.5815392682271527, ""fm1_scope"": ""session majority over 2 files"", ""fm1_shin_verticality_p50"": 0.9904922622477648, ""fm2_smplh_valid_frac"": 0.9988624873609707, ""fm3_static_frac"": 0.02199191102123357, ""fps"": 29.97, ""geom_body_roll_deg"": 1.8778723189057192, ""observed_duration_s"": 264.030067, ""repair_applied"": ""none"", ""reproj_shoulder_widths_p50"": 0.044863726029226586, ""shown_raster"": ""1080x1920"", ""stored_raster"": ""1080x1920"", ""timebase"": ""consistent"", ""timebase_index_drift_s"": 0.0, ""unit_flagged_frac"": 0.0, ""vad_s"": 52.62800000000152, ""vendor"": ""V01""}",render
r13_088,v01_fm2_smplh_invalid_088_V01_S0140_I00000131_P1257_f0000000,V01_S0140_I00000131_P1257,naturalistic/train/0036/0003/V01_S0140_I00000131_P1257,naturalistic/train/0036/0001/V01_S0140_I00000131_P1256,v01_fm2_smplh_invalid,V01,naturalistic,0,V01,naturalistic,train,ipc_conversation,random draw from V01 files the pipeline sorted into 'fm2_smplh_invalid'; positioned on the longest untrusted stretch,"{""audio"": ""present"", ""audio_spectral_flatness"": 0.0021473979398466863, ""audio_speech_level_db"": -13.210973408129574, ""audio_status"": ""ok"", ""audio_voice_isolation_db"": 9.178176901503331, ""flags_fired"": ""fm2_smplh_invalid"", ""fm0_reasons"": ""none"", ""fm1_ankles_visible_frac"": 1.0, ""fm1_hip_flexion_deg_p25"": 148.31316886048785, ""fm1_hip_flexion_deg_p50"": 152.69734898339973, ""fm1_hip_flexion_deg_p75"": 157.26509352031127, ""fm1_knee_between_torso_p50"": 0.6045413923678158, ""fm1_scope"": ""session majority over 3 files"", ""fm1_shin_verticality_p50"": 0.998617829955766, ""fm2_smplh_valid_frac"": 0.9289799809342231, ""fm3_static_frac"": 0.003336510962821735, ""fps"": 29.97, ""geom_body_roll_deg"": -1.0624387086264628e-05, ""observed_duration_s"": 70.003267, ""repair_applied"": ""none"", ""reproj_shoulder_widths_p50"": 0.05602489482749111, ""shown_raster"": ""1080x1920"", ""stored_raster"": ""1080x1920"", ""timebase"": ""consistent"", ""timebase_index_drift_s"": 0.0, ""unit_flagged_frac"": 0.0, ""vad_s"": 65.50199999999973, ""vendor"": ""V01""}",render
r13_089,v01_fm3_static_hands_089_V01_S0629_I00001011_P1739_f0004254,V01_S0629_I00001011_P1739,improvised/train/0058/0042/V01_S0629_I00001011_P1739,improvised/train/0058/0007/V01_S0629_I00001011_P1518,v01_fm3_static_hands,V01,improvised,4254,V01,improvised,train,ipc_conversation,random draw from V01 files the pipeline sorted into 'fm3_static_hands',"{""audio"": ""present"", ""audio_spectral_flatness"": 0.0006491143187882265, ""audio_speech_level_db"": -29.892409595723333, ""audio_status"": ""ok"", ""audio_voice_isolation_db"": 11.448892206014598, ""flags_fired"": ""fm3_static_hands"", ""fm0_reasons"": ""none"", ""fm1_ankles_visible_frac"": 1.0, ""fm1_hip_flexion_deg_p25"": 147.25427454288203, ""fm1_hip_flexion_deg_p50"": 148.1244685473613, ""fm1_hip_flexion_deg_p75"": 148.70851954633588, ""fm1_knee_between_torso_p50"": 0.5370138872216338, ""fm1_scope"": ""session majority over 2 files"", ""fm1_shin_verticality_p50"": 0.9996349692480331, ""fm2_smplh_valid_frac"": 1.0, ""fm3_static_frac"": 0.7832069970845481, ""fps"": 29.98, ""geom_body_roll_deg"": -0.8680500851314124, ""observed_duration_s"": 286.023889, ""repair_applied"": ""none"", ""reproj_shoulder_widths_p50"": 0.03603935705449873, ""shown_raster"": ""1080x1920"", ""stored_raster"": ""1080x1920"", ""timebase"": ""consistent"", ""timebase_index_drift_s"": 0.0, ""unit_flagged_frac"": 0.0, ""vad_s"": 105.45599999999996, ""vendor"": ""V01""}",render
r13_090,v01_fm3_static_hands_090_V01_S1874_I00000192_P2759_f0001398,V01_S1874_I00000192_P2759,naturalistic/test/0001/0042/V01_S1874_I00000192_P2759,naturalistic/test/0001/0023/V01_S1874_I00000192_P2760,v01_fm3_static_hands,V01,naturalistic,1398,V01,naturalistic,test,ipc_conversation,random draw from V01 files the pipeline sorted into 'fm3_static_hands',"{""audio"": ""present"", ""audio_spectral_flatness"": 0.0005822549898607985, ""audio_speech_level_db"": -27.856300099152783, ""audio_status"": ""ok"", ""audio_voice_isolation_db"": 20.411507170862585, ""flags_fired"": ""fm3_static_hands"", ""fm0_reasons"": ""none"", ""fm1_ankles_visible_frac"": 1.0, ""fm1_hip_flexion_deg_p25"": 166.85495642859559, ""fm1_hip_flexion_deg_p50"": 168.03028201516256, ""fm1_hip_flexion_deg_p75"": 168.9341628577771, ""fm1_knee_between_torso_p50"": 0.5801257863727523, ""fm1_scope"": ""session majority over 1 files"", ""fm1_shin_verticality_p50"": 0.9997026961779772, ""fm2_smplh_valid_frac"": 1.0, ""fm3_static_frac"": 0.7800638524299397, ""fps"": 29.98, ""geom_body_roll_deg"": -3.5214538440598826, ""observed_duration_s"": 94.029311, ""repair_applied"": ""none"", ""reproj_shoulder_widths_p50"": 0.07482050070510361, ""shown_raster"": ""1080x1920"", ""stored_raster"": ""1080x1920"", ""timebase"": ""consistent"", ""timebase_index_drift_s"": 0.0, ""unit_flagged_frac"": 0.0, ""vad_s"": 32.352000000000544, ""vendor"": ""V01""}",render
r13_091,v01_fm3_static_hands_091_V01_S0559_I00001228_P1836_f0002981,V01_S0559_I00001228_P1836,improvised/train/0056/0002/V01_S0559_I00001228_P1836,improvised/train/0056/0029/V01_S0559_I00001228_P1728,v01_fm3_static_hands,V01,improvised,2981,V01,improvised,train,ipc_conversation,random draw from V01 files the pipeline sorted into 'fm3_static_hands',"{""audio"": ""present"", ""audio_spectral_flatness"": 0.0010424103273364372, ""audio_speech_level_db"": -19.46287109486414, ""audio_status"": ""ok"", ""audio_voice_isolation_db"": 3.483468523534575, ""flags_fired"": ""fm3_static_hands"", ""fm0_reasons"": ""none"", ""fm1_ankles_visible_frac"": 1.0, ""fm1_hip_flexion_deg_p25"": 149.66258727999417, ""fm1_hip_flexion_deg_p50"": 150.75174871446958, ""fm1_hip_flexion_deg_p75"": 152.04058641941373, ""fm1_knee_between_torso_p50"": 0.5657122750179656, ""fm1_scope"": ""session majority over 1 files"", ""fm1_shin_verticality_p50"": 1.0, ""fm2_smplh_valid_frac"": 1.0, ""fm3_static_frac"": 0.8802288165892027, ""fps"": 29.97, ""geom_body_roll_deg"": 0.0, ""observed_duration_s"": 280.0127, ""repair_applied"": ""none"", ""reproj_shoulder_widths_p50"": 0.06881835006547155, ""shown_raster"": ""1080x1920"", ""stored_raster"": ""1080x1920"", ""timebase"": ""consistent"", ""timebase_index_drift_s"": 0.0, ""unit_flagged_frac"": 0.0, ""vad_s"": 138.55999999999926, ""vendor"": ""V01""}",render
r13_092,v01_fm3_static_hands_092_V01_S0113_I00000131_P1213_f0000591,V01_S0113_I00000131_P1213,improvised/train/0050/0042/V01_S0113_I00000131_P1213,improvised/train/0050/0032/V01_S0113_I00000131_P1212,v01_fm3_static_hands,V01,improvised,591,V01,improvised,train,ipc_conversation,random draw from V01 files the pipeline sorted into 'fm3_static_hands',"{""audio"": ""present"", ""audio_spectral_flatness"": 0.001340916975331595, ""audio_speech_level_db"": -26.004022270318416, ""audio_status"": ""ok"", ""audio_voice_isolation_db"": 9.369898096403864, ""flags_fired"": ""fm3_static_hands"", ""fm0_reasons"": ""none"", ""fm1_ankles_visible_frac"": 1.0, ""fm1_hip_flexion_deg_p25"": 170.12561011521382, ""fm1_hip_flexion_deg_p50"": 170.5048198335364, ""fm1_hip_flexion_deg_p75"": 170.75451822177075, ""fm1_knee_between_torso_p50"": 0.5979194923318039, ""fm1_scope"": ""session majority over 3 files"", ""fm1_shin_verticality_p50"": 0.9996144187502102, ""fm2_smplh_valid_frac"": 1.0, ""fm3_static_frac"": 0.9716383049716383, ""fps"": 29.97, ""geom_body_roll_deg"": 0.9548405558756864, ""observed_duration_s"": 100.0329, ""repair_applied"": ""none"", ""reproj_shoulder_widths_p50"": 0.045661181014098974, ""shown_raster"": ""1080x1920"", ""stored_raster"": ""1080x1920"", ""timebase"": ""consistent"", ""timebase_index_drift_s"": 0.0, ""unit_flagged_frac"": 0.0, ""vad_s"": 12.263999999999669, ""vendor"": ""V01""}",render
r13_093,v01_fm3_static_hands_093_V01_S1871_I00000699_P2756_f0000546,V01_S1871_I00000699_P2756,improvised/train/0061/0000/V01_S1871_I00000699_P2756,improvised/train/0061/0010/V01_S1871_I00000699_P2745,v01_fm3_static_hands,V01,improvised,546,V01,improvised,train,collaborative_storytelling,random draw from V01 files the pipeline sorted into 'fm3_static_hands',"{""audio"": ""present"", ""audio_spectral_flatness"": 0.0009538532173319184, ""audio_speech_level_db"": -31.52091264081182, ""audio_status"": ""ok"", ""audio_voice_isolation_db"": 33.19592459122515, ""flags_fired"": ""fm3_static_hands"", ""fm0_reasons"": ""none"", ""fm1_ankles_visible_frac"": 1.0, ""fm1_hip_flexion_deg_p25"": 157.0005476075234, ""fm1_hip_flexion_deg_p50"": 158.28268599487143, ""fm1_hip_flexion_deg_p75"": 159.63471947859185, ""fm1_knee_between_torso_p50"": 0.6286240630096973, ""fm1_scope"": ""session majority over 3 files"", ""fm1_shin_verticality_p50"": 0.9995411787181137, ""fm2_smplh_valid_frac"": 1.0, ""fm3_static_frac"": 0.9524772497472194, ""fps"": 29.97, ""geom_body_roll_deg"": -1.487868279057131, ""observed_duration_s"": 66.032633, ""repair_applied"": ""none"", ""reproj_shoulder_widths_p50"": 0.05404119417612245, ""shown_raster"": ""1080x1920"", ""stored_raster"": ""1080x1920"", ""timebase"": ""consistent"", ""timebase_index_drift_s"": -0.03336666666666667, ""unit_flagged_frac"": 0.0, ""vad_s"": 12.715999999999894, ""vendor"": ""V01""}",render
r13_094,v01_fm4_audio_dead_094_V01_S1708_I00000701_P2654_f0002164,V01_S1708_I00000701_P2654,improvised/train/0059/0031/V01_S1708_I00000701_P2654,improvised/train/0059/0046/V01_S1708_I00000701_P1963,v01_fm4_audio_dead,V01,improvised,2164,V01,improvised,train,ipc_conversation,random draw from V01 files the pipeline sorted into 'fm4_audio_dead',"{""audio"": ""present"", ""audio_spectral_flatness"": 0.16227380559652016, ""audio_speech_level_db"": -87.81192054776888, ""audio_status"": ""ok"", ""audio_voice_isolation_db"": null, ""flags_fired"": ""fm4_audio_dead"", ""fm0_reasons"": ""none"", ""fm1_ankles_visible_frac"": 1.0, ""fm1_hip_flexion_deg_p25"": 140.71339908001806, ""fm1_hip_flexion_deg_p50"": 142.55142672425887, ""fm1_hip_flexion_deg_p75"": 143.89167962431162, ""fm1_knee_between_torso_p50"": 0.554617065545969, ""fm1_scope"": ""session majority over 2 files"", ""fm1_shin_verticality_p50"": 0.9887154984196607, ""fm2_smplh_valid_frac"": 1.0, ""fm3_static_frac"": 0.7414030261348006, ""fps"": 29.98, ""geom_body_roll_deg"": 3.4919109985926294e-06, ""observed_duration_s"": 194.029267, ""repair_applied"": ""none"", ""reproj_shoulder_widths_p50"": 0.04520254733426704, ""shown_raster"": ""1080x1920"", ""stored_raster"": ""1080x1920"", ""timebase"": ""consistent"", ""timebase_index_drift_s"": -0.033355555555555555, ""unit_flagged_frac"": 0.0, ""vad_s"": 0.0, ""vendor"": ""V01""}",render
r13_095,v01_fm4_audio_dead_095_V01_S0104_I00000128_P1196_f0001447,V01_S0104_I00000128_P1196,naturalistic/train/0035/0006/V01_S0104_I00000128_P1196,,v01_fm4_audio_dead,V01,naturalistic,1447,V01,naturalistic,train,ipc_conversation,random draw from V01 files the pipeline sorted into 'fm4_audio_dead',"{""audio"": ""empty WAV"", ""audio_spectral_flatness"": null, ""audio_speech_level_db"": null, ""audio_status"": ""empty"", ""audio_voice_isolation_db"": null, ""flags_fired"": ""fm4_audio_dead"", ""fm0_reasons"": ""none"", ""fm1_ankles_visible_frac"": 0.9985367281240854, ""fm1_hip_flexion_deg_p25"": 156.44627022893627, ""fm1_hip_flexion_deg_p50"": 159.20508828382384, ""fm1_hip_flexion_deg_p75"": 161.28412729720486, ""fm1_knee_between_torso_p50"": 0.6719309048710083, ""fm1_scope"": ""session majority over 2 files"", ""fm1_shin_verticality_p50"": 0.9994449090585207, ""fm2_smplh_valid_frac"": 1.0, ""fm3_static_frac"": 0.31460345332162715, ""fps"": 29.97, ""geom_body_roll_deg"": -0.7538425752984812, ""observed_duration_s"": 114.0139, ""repair_applied"": ""none"", ""reproj_shoulder_widths_p50"": 0.06169433296408698, ""shown_raster"": ""1080x1920"", ""stored_raster"": ""1080x1920"", ""timebase"": ""consistent"", ""timebase_index_drift_s"": 0.0, ""unit_flagged_frac"": 0.0, ""vad_s"": 0.0, ""vendor"": ""V01""}",render
r13_096,v01_multi_096_V01_S0180_I00001233_P1333_f0000721,V01_S0180_I00001233_P1333,improvised/train/0051/0064/V01_S0180_I00001233_P1333,improvised/train/0051/0066/V01_S0180_I00001233_P1332,v01_multi,V01,improvised,721,V01,improvised,train,ipc_conversation,random draw from V01 files the pipeline sorted into 'multi'; positioned on the longest untrusted stretch,"{""audio"": ""present"", ""audio_spectral_flatness"": 0.0004945265851576128, ""audio_speech_level_db"": -15.485957432650324, ""audio_status"": ""ok"", ""audio_voice_isolation_db"": 4.440431059904785, ""flags_fired"": ""fm0_unusable_source+fm2_smplh_invalid"", ""fm0_reasons"": ""raster_2160x2160"", ""fm1_ankles_visible_frac"": 1.0, ""fm1_hip_flexion_deg_p25"": 86.2620258603888, ""fm1_hip_flexion_deg_p50"": 96.19654081968741, ""fm1_hip_flexion_deg_p75"": 101.57597317376437, ""fm1_knee_between_torso_p50"": 0.23679688823611778, ""fm1_scope"": ""session majority over 2 files"", ""fm1_shin_verticality_p50"": 0.9998151366760722, ""fm2_smplh_valid_frac"": 0.9993333333333333, ""fm3_static_frac"": 0.0006666666666666666, ""fps"": 30.0, ""geom_body_roll_deg"": 6.946174821241942e-06, ""observed_duration_s"": 200.0, ""repair_applied"": ""pixel aspect 0.5625"", ""reproj_shoulder_widths_p50"": 0.06633909099331428, ""shown_raster"": ""1215x2160"", ""stored_raster"": ""2160x2160"", ""timebase"": ""consistent"", ""timebase_index_drift_s"": 0.03333333333333333, ""unit_flagged_frac"": 0.0, ""vad_s"": 116.4079999999999, ""vendor"": ""V01""}",render
r13_097,v01_multi_097_V01_S1549_I00000126_P2540_f0003231,V01_S1549_I00000126_P2540,naturalistic/train/0042/0026/V01_S1549_I00000126_P2540,naturalistic/train/0042/0039/V01_S1549_I00000126_P2539,v01_multi,V01,naturalistic,3231,V01,naturalistic,train,ipc_conversation,random draw from V01 files the pipeline sorted into 'multi'; positioned on the longest untrusted stretch,"{""audio"": ""present"", ""audio_spectral_flatness"": 0.0002621982405974471, ""audio_speech_level_db"": -9.104735001825917, ""audio_status"": ""ok"", ""audio_voice_isolation_db"": 4.385581731009608, ""flags_fired"": ""fm0_unusable_source+fm2_smplh_invalid"", ""fm0_reasons"": ""raster_2160x2160"", ""fm1_ankles_visible_frac"": 0.9887285843101894, ""fm1_hip_flexion_deg_p25"": 101.83913646324794, ""fm1_hip_flexion_deg_p50"": 104.55144253409128, ""fm1_hip_flexion_deg_p75"": 107.10615270482565, ""fm1_knee_between_torso_p50"": 0.32736663635750507, ""fm1_scope"": ""session majority over 4 files"", ""fm1_shin_verticality_p50"": 0.8320482773874076, ""fm2_smplh_valid_frac"": 0.9655094679891795, ""fm3_static_frac"": 0.16952209197475204, ""fps"": 29.97, ""geom_body_roll_deg"": 1.5911360992374717, ""observed_duration_s"": 148.014533, ""repair_applied"": ""pixel aspect 0.5625"", ""reproj_shoulder_widths_p50"": 0.1072746569653148, ""shown_raster"": ""1215x2160"", ""stored_raster"": ""2160x2160"", ""timebase"": ""consistent"", ""timebase_index_drift_s"": 0.0, ""unit_flagged_frac"": 0.0, ""vad_s"": 69.63199999999966, ""vendor"": ""V01""}",render
r13_098,v01_multi_098_V01_S1547_I00000126_P2535_f0001407,V01_S1547_I00000126_P2535,naturalistic/train/0042/0010/V01_S1547_I00000126_P2535,naturalistic/train/0042/0011/V01_S1547_I00000126_P2536,v01_multi,V01,naturalistic,1407,V01,naturalistic,train,ipc_conversation,random draw from V01 files the pipeline sorted into 'multi'; positioned on the longest untrusted stretch,"{""audio"": ""present"", ""audio_spectral_flatness"": 0.0006947663150135562, ""audio_speech_level_db"": -10.94241723378606, ""audio_status"": ""ok"", ""audio_voice_isolation_db"": 7.303365430175761, ""flags_fired"": ""fm0_unusable_source+fm2_smplh_invalid"", ""fm0_reasons"": ""raster_2160x2160"", ""fm1_ankles_visible_frac"": 0.9602446483180428, ""fm1_hip_flexion_deg_p25"": 106.44911119050808, ""fm1_hip_flexion_deg_p50"": 112.50471025566557, ""fm1_hip_flexion_deg_p75"": 117.40533093307565, ""fm1_knee_between_torso_p50"": 0.36716811868884347, ""fm1_scope"": ""session majority over 2 files"", ""fm1_shin_verticality_p50"": 0.9863938184446678, ""fm2_smplh_valid_frac"": 0.9049207673060884, ""fm3_static_frac"": 0.01807061440088963, ""fps"": 29.97, ""geom_body_roll_deg"": 0.0, ""observed_duration_s"": 120.0199, ""repair_applied"": ""pixel aspect 0.5625"", ""reproj_shoulder_widths_p50"": 0.09687947825275678, ""shown_raster"": ""1215x2160"", ""stored_raster"": ""2160x2160"", ""timebase"": ""consistent"", ""timebase_index_drift_s"": 0.0, ""unit_flagged_frac"": 0.0, ""vad_s"": 56.254000000000076, ""vendor"": ""V01""}",render
r13_099,v01_multi_099_V01_S0081_I00000498_P1155_f0002455,V01_S0081_I00000498_P1155,naturalistic/train/0035/0033/V01_S0081_I00000498_P1155,naturalistic/train/0035/0010/V01_S0081_I00000498_P1154,v01_multi,V01,naturalistic,2455,V01,naturalistic,train,ipc_conversation,random draw from V01 files the pipeline sorted into 'multi'; positioned on the longest untrusted stretch,"{""audio"": ""present"", ""audio_spectral_flatness"": 0.0008878220620125593, ""audio_speech_level_db"": -9.37590308366626, ""audio_status"": ""ok"", ""audio_voice_isolation_db"": 0.7741640116415217, ""flags_fired"": ""fm0_unusable_source+fm2_smplh_invalid"", ""fm0_reasons"": ""raster_2160x2160"", ""fm1_ankles_visible_frac"": 1.0, ""fm1_hip_flexion_deg_p25"": 89.77563557122326, ""fm1_hip_flexion_deg_p50"": 92.95872500299544, ""fm1_hip_flexion_deg_p75"": 96.30236311683626, ""fm1_knee_between_torso_p50"": 0.20436778276156892, ""fm1_scope"": ""session majority over 6 files"", ""fm1_shin_verticality_p50"": 0.9994801085237874, ""fm2_smplh_valid_frac"": 0.9901736745886655, ""fm3_static_frac"": 0.00022851919561243144, ""fps"": 29.97, ""geom_body_roll_deg"": -1.8183154092806473, ""observed_duration_s"": 146.012167, ""repair_applied"": ""pixel aspect 0.5625"", ""reproj_shoulder_widths_p50"": 0.05788878646597437, ""shown_raster"": ""1215x2160"", ""stored_raster"": ""2160x2160"", ""timebase"": ""consistent"", ""timebase_index_drift_s"": 0.03336666666666667, ""unit_flagged_frac"": 0.0, ""vad_s"": 115.9640000000013, ""vendor"": ""V01""}",render
r13_100,v01_multi_100_V01_S0650_I00001223_P1876_f0001728,V01_S0650_I00001223_P1876,improvised/train/0058/0058/V01_S0650_I00001223_P1876,improvised/train/0058/0012/V01_S0650_I00001223_P1263,v01_multi,V01,improvised,1728,V01,improvised,train,ipc_conversation,random draw from V01 files the pipeline sorted into 'multi'; positioned on the longest untrusted stretch,"{""audio"": ""present"", ""audio_spectral_flatness"": 0.00014230846800074618, ""audio_speech_level_db"": -17.139426868677504, ""audio_status"": ""ok"", ""audio_voice_isolation_db"": 12.148825276526997, ""flags_fired"": ""fm0_unusable_source+fm2_smplh_invalid"", ""fm0_reasons"": ""raster_2160x2160"", ""fm1_ankles_visible_frac"": 1.0, ""fm1_hip_flexion_deg_p25"": 119.73091662369293, ""fm1_hip_flexion_deg_p50"": 133.96857192390468, ""fm1_hip_flexion_deg_p75"": 139.7962614320072, ""fm1_knee_between_torso_p50"": 0.6464549976988656, ""fm1_scope"": ""session majority over 1 files"", ""fm1_shin_verticality_p50"": 0.9899495157121055, ""fm2_smplh_valid_frac"": 0.9926681542875359, ""fm3_static_frac"": 0.03772181489746042, ""fps"": 29.97, ""geom_body_roll_deg"": -1.6365867668101088, ""observed_duration_s"": 314.0137, ""repair_applied"": ""pixel aspect 0.5625"", ""reproj_shoulder_widths_p50"": 0.14530662552671597, ""shown_raster"": ""1215x2160"", ""stored_raster"": ""2160x2160"", ""timebase"": ""consistent"", ""timebase_index_drift_s"": 0.0, ""unit_flagged_frac"": 0.0, ""vad_s"": 82.18399999999991, ""vendor"": ""V01""}",render
r13_101,v02_pass_101_V02_S5237_I00000303_P5249_f0003446,V02_S5237_I00000303_P5249,naturalistic/train/0096/0031/V02_S5237_I00000303_P5249,naturalistic/train/0096/0008/V02_S5237_I00000303_P5248,v02_pass,V02,naturalistic,3446,V02,naturalistic,train,ipc_conversation,random draw from V02 files the pipeline sorted into 'pass',"{""audio"": ""present"", ""audio_spectral_flatness"": 0.051155773564291414, ""audio_speech_level_db"": -45.64266942055936, ""audio_status"": ""ok"", ""audio_voice_isolation_db"": 16.592431609026793, ""flags_fired"": ""none"", ""fm0_reasons"": ""none"", ""fm1_ankles_visible_frac"": 0.9648550724637681, ""fm1_hip_flexion_deg_p25"": 134.287491725949, ""fm1_hip_flexion_deg_p50"": 136.94256901036624, ""fm1_hip_flexion_deg_p75"": 139.54009229355285, ""fm1_knee_between_torso_p50"": 0.6499281154456356, ""fm1_scope"": ""session majority over 2 files"", ""fm1_shin_verticality_p50"": 0.9992611811985318, ""fm2_smplh_valid_frac"": 1.0, ""fm3_static_frac"": 0.6534420289855073, ""fps"": 30.0, ""geom_body_roll_deg"": -1.5074337940057747, ""observed_duration_s"": 184.0, ""repair_applied"": ""none"", ""reproj_shoulder_widths_p50"": 0.14222290797726803, ""shown_raster"": ""1080x1920"", ""stored_raster"": ""1080x1920"", ""timebase"": ""consistent"", ""timebase_index_drift_s"": 0.0, ""unit_flagged_frac"": 0.0, ""vad_s"": 51.93600000000197, ""vendor"": ""V02""}",render
r13_102,v02_pass_102_V02_S5025_I00000498_P5033_f0002102,V02_S5025_I00000498_P5033,naturalistic/train/0082/0006/V02_S5025_I00000498_P5033,naturalistic/train/0082/0009/V02_S5025_I00000498_P5018,v02_pass,V02,naturalistic,2102,V02,naturalistic,train,ipc_conversation,random draw from V02 files the pipeline sorted into 'pass',"{""audio"": ""present"", ""audio_spectral_flatness"": 0.003729923223746771, ""audio_speech_level_db"": -47.312274949789206, ""audio_status"": ""ok"", ""audio_voice_isolation_db"": 13.046819821630589, ""flags_fired"": ""none"", ""fm0_reasons"": ""none"", ""fm1_ankles_visible_frac"": 1.0, ""fm1_hip_flexion_deg_p25"": 133.61094180271115, ""fm1_hip_flexion_deg_p50"": 135.646652420202, ""fm1_hip_flexion_deg_p75"": 139.96484610168727, ""fm1_knee_between_torso_p50"": 0.6107839701749335, ""fm1_scope"": ""session majority over 1 files"", ""fm1_shin_verticality_p50"": 0.9974587060013195, ""fm2_smplh_valid_frac"": 1.0, ""fm3_static_frac"": 0.5039772727272728, ""fps"": 30.0, ""geom_body_roll_deg"": 0.7639009652692064, ""observed_duration_s"": 176.0, ""repair_applied"": ""none"", ""reproj_shoulder_widths_p50"": 0.1739565472600021, ""shown_raster"": ""1080x1920"", ""stored_raster"": ""1080x1920"", ""timebase"": ""consistent"", ""timebase_index_drift_s"": 0.0, ""unit_flagged_frac"": 0.0, ""vad_s"": 50.05199999999695, ""vendor"": ""V02""}",render
r13_103,v02_pass_103_V02_S3344_I00000148_P4150_f0000646,V02_S3344_I00000148_P4150,naturalistic/train/0062/0010/V02_S3344_I00000148_P4150,naturalistic/train/0062/0004/V02_S3344_I00000148_P4156,v02_pass,V02,naturalistic,646,V02,naturalistic,train,ipc_conversation,random draw from V02 files the pipeline sorted into 'pass',"{""audio"": ""present"", ""audio_spectral_flatness"": 0.00156749200117582, ""audio_speech_level_db"": -29.46625170586836, ""audio_status"": ""ok"", ""audio_voice_isolation_db"": 6.64416342093523, ""flags_fired"": ""none"", ""fm0_reasons"": ""none"", ""fm1_ankles_visible_frac"": 0.0012578616352201257, ""fm1_hip_flexion_deg_p25"": 159.95567255003346, ""fm1_hip_flexion_deg_p50"": 160.9586259411842, ""fm1_hip_flexion_deg_p75"": 161.90323828214935, ""fm1_knee_between_torso_p50"": 0.6046685706111616, ""fm1_scope"": ""session majority over 1 files"", ""fm1_shin_verticality_p50"": 0.9999999999999436, ""fm2_smplh_valid_frac"": 1.0, ""fm3_static_frac"": 0.2775157232704403, ""fps"": 30.0, ""geom_body_roll_deg"": -0.7252269973844996, ""observed_duration_s"": 212.0, ""repair_applied"": ""none"", ""reproj_shoulder_widths_p50"": 0.1590163218342237, ""shown_raster"": ""1080x1920"", ""stored_raster"": ""1080x1920"", ""timebase"": ""consistent"", ""timebase_index_drift_s"": 0.0, ""unit_flagged_frac"": 0.0, ""vad_s"": 111.78799999999865, ""vendor"": ""V02""}",render
r13_104,v02_pass_104_V02_S3552_I00000016_P4192_f0001429,V02_S3552_I00000016_P4192,naturalistic/train/0074/0024/V02_S3552_I00000016_P4192,naturalistic/train/0074/0049/V02_S3552_I00000016_P4176,v02_pass,V02,naturalistic,1429,V02,naturalistic,train,ipc_conversation,random draw from V02 files the pipeline sorted into 'pass',"{""audio"": ""present"", ""audio_spectral_flatness"": 0.0009806706202618554, ""audio_speech_level_db"": -25.774017992457182, ""audio_status"": ""ok"", ""audio_voice_isolation_db"": 24.29718652016325, ""flags_fired"": ""none"", ""fm0_reasons"": ""none"", ""fm1_ankles_visible_frac"": 0.9968013468013468, ""fm1_hip_flexion_deg_p25"": 175.77862690294666, ""fm1_hip_flexion_deg_p50"": 176.36787792547747, ""fm1_hip_flexion_deg_p75"": 176.8588813011423, ""fm1_knee_between_torso_p50"": 0.8544946911066369, ""fm1_scope"": ""session majority over 2 files"", ""fm1_shin_verticality_p50"": 0.9486843425010619, ""fm2_smplh_valid_frac"": 1.0, ""fm3_static_frac"": 0.7101010101010101, ""fps"": 30.0, ""geom_body_roll_deg"": 0.0, ""observed_duration_s"": 198.0, ""repair_applied"": ""none"", ""reproj_shoulder_widths_p50"": 0.05895209674850235, ""shown_raster"": ""1080x1920"", ""stored_raster"": ""1080x1920"", ""timebase"": ""consistent"", ""timebase_index_drift_s"": 0.0, ""unit_flagged_frac"": 0.0, ""vad_s"": 68.04400000000021, ""vendor"": ""V02""}",render
r13_105,v02_pass_105_V02_S5011_I00000313_P5011_f0001349,V02_S5011_I00000313_P5011,naturalistic/train/0081/0040/V02_S5011_I00000313_P5011,naturalistic/train/0081/0007/V02_S5011_I00000313_P5016,v02_pass,V02,naturalistic,1349,V02,naturalistic,train,ipc_conversation,random draw from V02 files the pipeline sorted into 'pass',"{""audio"": ""present"", ""audio_spectral_flatness"": 0.019052193947044355, ""audio_speech_level_db"": -49.665151700245346, ""audio_status"": ""ok"", ""audio_voice_isolation_db"": 7.177696306851523, ""flags_fired"": ""none"", ""fm0_reasons"": ""none"", ""fm1_ankles_visible_frac"": 0.9985042735042735, ""fm1_hip_flexion_deg_p25"": 153.65176125590227, ""fm1_hip_flexion_deg_p50"": 155.96966843560818, ""fm1_hip_flexion_deg_p75"": 157.77020850623168, ""fm1_knee_between_torso_p50"": 0.6461093687087806, ""fm1_scope"": ""session majority over 1 files"", ""fm1_shin_verticality_p50"": 0.9950371844939185, ""fm2_smplh_valid_frac"": 1.0, ""fm3_static_frac"": 0.5668803418803419, ""fps"": 30.0, ""geom_body_roll_deg"": 1.5911398882341254, ""observed_duration_s"": 156.0, ""repair_applied"": ""none"", ""reproj_shoulder_widths_p50"": 0.13593180242270825, ""shown_raster"": ""1080x1920"", ""stored_raster"": ""1080x1920"", ""timebase"": ""consistent"", ""timebase_index_drift_s"": 0.0, ""unit_flagged_frac"": 0.0, ""vad_s"": 57.219999999998436, ""vendor"": ""V02""}",render
r13_106,v02_fm2_smplh_invalid_106_V02_S3617_I00000072_P4174_f0004500,V02_S3617_I00000072_P4174,naturalistic/train/0079/0034/V02_S3617_I00000072_P4174,naturalistic/train/0079/0010/V02_S3617_I00000072_P4168,v02_fm2_smplh_invalid,V02,naturalistic,4500,V02,naturalistic,train,ipc_conversation,random draw from V02 files the pipeline sorted into 'fm2_smplh_invalid'; positioned on the longest untrusted stretch,"{""audio"": ""present"", ""audio_spectral_flatness"": 0.001901031636967448, ""audio_speech_level_db"": -34.281994200304105, ""audio_status"": ""ok"", ""audio_voice_isolation_db"": 15.001874174175494, ""flags_fired"": ""fm2_smplh_invalid"", ""fm0_reasons"": ""none"", ""fm1_ankles_visible_frac"": 0.39222222222222225, ""fm1_hip_flexion_deg_p25"": 152.3017327630937, ""fm1_hip_flexion_deg_p50"": 156.46012062201928, ""fm1_hip_flexion_deg_p75"": 160.31404782899588, ""fm1_knee_between_torso_p50"": 0.6876844234831596, ""fm1_scope"": ""session majority over 1 files"", ""fm1_shin_verticality_p50"": 0.9982743731749959, ""fm2_smplh_valid_frac"": 0.9909259259259259, ""fm3_static_frac"": 0.22833333333333333, ""fps"": 30.0, ""geom_body_roll_deg"": -0.6986976572549604, ""observed_duration_s"": 180.0, ""repair_applied"": ""none"", ""reproj_shoulder_widths_p50"": 0.11145824459935585, ""shown_raster"": ""1080x1920"", ""stored_raster"": ""1080x1920"", ""timebase"": ""consistent"", ""timebase_index_drift_s"": 0.0, ""unit_flagged_frac"": 0.0, ""vad_s"": 53.70199999999999, ""vendor"": ""V02""}",render
r13_107,v02_fm2_smplh_invalid_107_V02_S5312_I00000437_P5143_f0000169,V02_S5312_I00000437_P5143,naturalistic/train/0101/0009/V02_S5312_I00000437_P5143,naturalistic/train/0101/0036/V02_S5312_I00000437_P5231,v02_fm2_smplh_invalid,V02,naturalistic,169,V02,naturalistic,train,ipc_conversation,random draw from V02 files the pipeline sorted into 'fm2_smplh_invalid'; positioned on the longest untrusted stretch,"{""audio"": ""present"", ""audio_spectral_flatness"": 0.0011199544676751322, ""audio_speech_level_db"": -40.539276013444095, ""audio_status"": ""ok"", ""audio_voice_isolation_db"": 2.530899671016292, ""flags_fired"": ""fm2_smplh_invalid"", ""fm0_reasons"": ""none"", ""fm1_ankles_visible_frac"": 0.9511363636363637, ""fm1_hip_flexion_deg_p25"": 138.98207656028296, ""fm1_hip_flexion_deg_p50"": 141.1222551887824, ""fm1_hip_flexion_deg_p75"": 143.40389603003922, ""fm1_knee_between_torso_p50"": 0.6194459897611911, ""fm1_scope"": ""session majority over 3 files"", ""fm1_shin_verticality_p50"": 0.9976303461241951, ""fm2_smplh_valid_frac"": 0.9916666666666667, ""fm3_static_frac"": 0.026515151515151516, ""fps"": 30.0, ""geom_body_roll_deg"": -2.202600157666339, ""observed_duration_s"": 176.0, ""repair_applied"": ""none"", ""reproj_shoulder_widths_p50"": 0.15732581965243791, ""shown_raster"": ""1080x1920"", ""stored_raster"": ""1080x1920"", ""timebase"": ""consistent"", ""timebase_index_drift_s"": 0.0, ""unit_flagged_frac"": 0.0, ""vad_s"": 135.99399999999787, ""vendor"": ""V02""}",render
r13_108,v02_fm2_smplh_invalid_108_V02_S3332_I00000107_P4065_f0004361,V02_S3332_I00000107_P4065,naturalistic/train/0061/0003/V02_S3332_I00000107_P4065,naturalistic/train/0061/0026/V02_S3332_I00000107_P4169,v02_fm2_smplh_invalid,V02,naturalistic,4361,V02,naturalistic,train,ipc_conversation,random draw from V02 files the pipeline sorted into 'fm2_smplh_invalid'; positioned on the longest untrusted stretch,"{""audio"": ""present"", ""audio_spectral_flatness"": 0.003428898849190428, ""audio_speech_level_db"": -40.771829071656896, ""audio_status"": ""ok"", ""audio_voice_isolation_db"": 6.856404371910831, ""flags_fired"": ""fm2_smplh_invalid"", ""fm0_reasons"": ""none"", ""fm1_ankles_visible_frac"": 0.9261904761904762, ""fm1_hip_flexion_deg_p25"": 165.75017852864823, ""fm1_hip_flexion_deg_p50"": 166.84806421096943, ""fm1_hip_flexion_deg_p75"": 167.65536399215495, ""fm1_knee_between_torso_p50"": 0.6623073804187933, ""fm1_scope"": ""session majority over 2 files"", ""fm1_shin_verticality_p50"": 0.707103677806124, ""fm2_smplh_valid_frac"": 0.9736394557823129, ""fm3_static_frac"": 0.09302721088435374, ""fps"": 30.0, ""geom_body_roll_deg"": -1.8087381645072287, ""observed_duration_s"": 196.0, ""repair_applied"": ""none"", ""reproj_shoulder_widths_p50"": 0.10485812764579416, ""shown_raster"": ""1080x1920"", ""stored_raster"": ""1080x1920"", ""timebase"": ""consistent"", ""timebase_index_drift_s"": 0.0, ""unit_flagged_frac"": 0.0, ""vad_s"": 122.78800000000001, ""vendor"": ""V02""}",render
r13_109,v02_fm2_smplh_invalid_109_V02_S3247_I00000309_P4132_f0004659,V02_S3247_I00000309_P4132,naturalistic/train/0056/0042/V02_S3247_I00000309_P4132,naturalistic/train/0056/0045/V02_S3247_I00000309_P4118,v02_fm2_smplh_invalid,V02,naturalistic,4659,V02,naturalistic,train,ipc_conversation,random draw from V02 files the pipeline sorted into 'fm2_smplh_invalid'; positioned on the longest untrusted stretch,"{""audio"": ""present"", ""audio_spectral_flatness"": 0.004883124214683437, ""audio_speech_level_db"": -29.782551391404333, ""audio_status"": ""ok"", ""audio_voice_isolation_db"": 8.04361634183093, ""flags_fired"": ""fm2_smplh_invalid"", ""fm0_reasons"": ""none"", ""fm1_ankles_visible_frac"": 0.9309027777777777, ""fm1_hip_flexion_deg_p25"": 167.71483201115143, ""fm1_hip_flexion_deg_p50"": 170.1892800404812, ""fm1_hip_flexion_deg_p75"": 171.83770029178956, ""fm1_knee_between_torso_p50"": 0.7204830922662981, ""fm1_scope"": ""session majority over 3 files"", ""fm1_shin_verticality_p50"": 0.970142500145332, ""fm2_smplh_valid_frac"": 0.9392361111111112, ""fm3_static_frac"": 0.001736111111111111, ""fps"": 30.0, ""geom_body_roll_deg"": -1.9749390988895104, ""observed_duration_s"": 192.0, ""repair_applied"": ""none"", ""reproj_shoulder_widths_p50"": 0.0705109609909089, ""shown_raster"": ""1080x1920"", ""stored_raster"": ""1080x1920"", ""timebase"": ""consistent"", ""timebase_index_drift_s"": 0.0, ""unit_flagged_frac"": 0.0, ""vad_s"": 80.16799999999967, ""vendor"": ""V02""}",render
r13_110,v02_fm2_smplh_invalid_110_V02_S3512_I00000169_P4160_f0003417,V02_S3512_I00000169_P4160,naturalistic/train/0072/0007/V02_S3512_I00000169_P4160,naturalistic/train/0072/0001/V02_S3512_I00000169_P4213,v02_fm2_smplh_invalid,V02,naturalistic,3417,V02,naturalistic,train,ipc_conversation,random draw from V02 files the pipeline sorted into 'fm2_smplh_invalid'; positioned on the longest untrusted stretch,"{""audio"": ""present"", ""audio_spectral_flatness"": 0.0007283735196783533, ""audio_speech_level_db"": -35.23734590117392, ""audio_status"": ""ok"", ""audio_voice_isolation_db"": 8.113971717751141, ""flags_fired"": ""fm2_smplh_invalid"", ""fm0_reasons"": ""none"", ""fm1_ankles_visible_frac"": 0.6954545454545454, ""fm1_hip_flexion_deg_p25"": 166.7713409247753, ""fm1_hip_flexion_deg_p50"": 168.54092082990098, ""fm1_hip_flexion_deg_p75"": 169.67780632016354, ""fm1_knee_between_torso_p50"": 0.6931983416905496, ""fm1_scope"": ""session majority over 2 files"", ""fm1_shin_verticality_p50"": 0.9922778427729331, ""fm2_smplh_valid_frac"": 0.9702020202020202, ""fm3_static_frac"": 0.16700336700336701, ""fps"": 30.0, ""geom_body_roll_deg"": -2.174752995338123, ""observed_duration_s"": 198.0, ""repair_applied"": ""none"", ""reproj_shoulder_widths_p50"": 0.08842920524884443, ""shown_raster"": ""1080x1920"", ""stored_raster"": ""1080x1920"", ""timebase"": ""consistent"", ""timebase_index_drift_s"": 0.0, ""unit_flagged_frac"": 0.0, ""vad_s"": 52.07599999999957, ""vendor"": ""V02""}",render
r13_111,v02_fm3_static_hands_111_V02_S5262_I00000204_P5262_f0000843,V02_S5262_I00000204_P5262,naturalistic/train/0098/0026/V02_S5262_I00000204_P5262,naturalistic/train/0098/0016/V02_S5262_I00000204_P5263,v02_fm3_static_hands,V02,naturalistic,843,V02,naturalistic,train,ipc_conversation,random draw from V02 files the pipeline sorted into 'fm3_static_hands',"{""audio"": ""present"", ""audio_spectral_flatness"": 0.01705322647310262, ""audio_speech_level_db"": -56.667116809437715, ""audio_status"": ""ok"", ""audio_voice_isolation_db"": 15.52096441672149, ""flags_fired"": ""fm3_static_hands"", ""fm0_reasons"": ""none"", ""fm1_ankles_visible_frac"": 1.0, ""fm1_hip_flexion_deg_p25"": 123.23398625470617, ""fm1_hip_flexion_deg_p50"": 124.41343828619543, ""fm1_hip_flexion_deg_p75"": 125.78028770951869, ""fm1_knee_between_torso_p50"": 0.5413663406657282, ""fm1_scope"": ""session majority over 2 files"", ""fm1_shin_verticality_p50"": 1.0, ""fm2_smplh_valid_frac"": 1.0, ""fm3_static_frac"": 0.9003875968992248, ""fps"": 30.0, ""geom_body_roll_deg"": -2.9994296322493974e-06, ""observed_duration_s"": 172.0, ""repair_applied"": ""none"", ""reproj_shoulder_widths_p50"": 0.1272537899810858, ""shown_raster"": ""1080x1920"", ""stored_raster"": ""1080x1920"", ""timebase"": ""consistent"", ""timebase_index_drift_s"": 0.0, ""unit_flagged_frac"": 0.0, ""vad_s"": 12.787999999999556, ""vendor"": ""V02""}",render
r13_112,v02_fm3_static_hands_112_V02_S5068_I00000102_P5086_f0000968,V02_S5068_I00000102_P5086,naturalistic/train/0085/0028/V02_S5068_I00000102_P5086,naturalistic/train/0085/0006/V02_S5068_I00000102_P5056,v02_fm3_static_hands,V02,naturalistic,968,V02,naturalistic,train,ipc_conversation,random draw from V02 files the pipeline sorted into 'fm3_static_hands',"{""audio"": ""present"", ""audio_spectral_flatness"": 0.0022250475907038907, ""audio_speech_level_db"": -48.78951164798495, ""audio_status"": ""ok"", ""audio_voice_isolation_db"": 3.8935715235355275, ""flags_fired"": ""fm3_static_hands"", ""fm0_reasons"": ""none"", ""fm1_ankles_visible_frac"": 1.0, ""fm1_hip_flexion_deg_p25"": 131.6682747531516, ""fm1_hip_flexion_deg_p50"": 132.44934042392694, ""fm1_hip_flexion_deg_p75"": 133.2946628741338, ""fm1_knee_between_torso_p50"": 0.583716174419964, ""fm1_scope"": ""session majority over 2 files"", ""fm1_shin_verticality_p50"": 0.9994449057407152, ""fm2_smplh_valid_frac"": 1.0, ""fm3_static_frac"": 0.9134469696969697, ""fps"": 30.0, ""geom_body_roll_deg"": 1.6135367934528553, ""observed_duration_s"": 176.0, ""repair_applied"": ""none"", ""reproj_shoulder_widths_p50"": 0.1384641021279178, ""shown_raster"": ""1080x1920"", ""stored_raster"": ""1080x1920"", ""timebase"": ""consistent"", ""timebase_index_drift_s"": 0.0, ""unit_flagged_frac"": 0.0, ""vad_s"": 58.56399999999803, ""vendor"": ""V02""}",render
r13_113,v02_fm3_static_hands_113_V02_S5121_I00000180_P5122_f0001250,V02_S5121_I00000180_P5122,naturalistic/train/0088/0001/V02_S5121_I00000180_P5122,naturalistic/train/0088/0029/V02_S5121_I00000180_P5156,v02_fm3_static_hands,V02,naturalistic,1250,V02,naturalistic,train,ipc_conversation,random draw from V02 files the pipeline sorted into 'fm3_static_hands',"{""audio"": ""present"", ""audio_spectral_flatness"": 0.0016445493201533874, ""audio_speech_level_db"": -45.10207183359842, ""audio_status"": ""ok"", ""audio_voice_isolation_db"": 30.670156403966278, ""flags_fired"": ""fm3_static_hands"", ""fm0_reasons"": ""none"", ""fm1_ankles_visible_frac"": 0.22655038759689922, ""fm1_hip_flexion_deg_p25"": 152.16300881590678, ""fm1_hip_flexion_deg_p50"": 155.22793840474233, ""fm1_hip_flexion_deg_p75"": 157.73922110060553, ""fm1_knee_between_torso_p50"": 0.7041749157878685, ""fm1_scope"": ""session majority over 1 files"", ""fm1_shin_verticality_p50"": 0.9982743740204003, ""fm2_smplh_valid_frac"": 1.0, ""fm3_static_frac"": 0.7707364341085271, ""fps"": 30.0, ""geom_body_roll_deg"": 1.3803541428416057, ""observed_duration_s"": 172.0, ""repair_applied"": ""none"", ""reproj_shoulder_widths_p50"": 0.12054992836554729, ""shown_raster"": ""1080x1920"", ""stored_raster"": ""1080x1920"", ""timebase"": ""consistent"", ""timebase_index_drift_s"": 0.0, ""unit_flagged_frac"": 0.0, ""vad_s"": 108.13199999999989, ""vendor"": ""V02""}",render
r13_114,v02_fm3_static_hands_114_V02_S5095_I00000221_P5058_f0004200,V02_S5095_I00000221_P5058,naturalistic/train/0087/0025/V02_S5095_I00000221_P5058,naturalistic/train/0087/0014/V02_S5095_I00000221_P5117,v02_fm3_static_hands,V02,naturalistic,4200,V02,naturalistic,train,ipc_conversation,random draw from V02 files the pipeline sorted into 'fm3_static_hands',"{""audio"": ""present"", ""audio_spectral_flatness"": 0.018609745535344786, ""audio_speech_level_db"": -49.19021919522515, ""audio_status"": ""ok"", ""audio_voice_isolation_db"": 8.234963154239253, ""flags_fired"": ""fm3_static_hands"", ""fm0_reasons"": ""none"", ""fm1_ankles_visible_frac"": 0.5579457364341085, ""fm1_hip_flexion_deg_p25"": 131.08164241557006, ""fm1_hip_flexion_deg_p50"": 133.87094525089825, ""fm1_hip_flexion_deg_p75"": 137.96424112372995, ""fm1_knee_between_torso_p50"": 0.7075461502793474, ""fm1_scope"": ""session majority over 2 files"", ""fm1_shin_verticality_p50"": 0.9863941391922328, ""fm2_smplh_valid_frac"": 1.0, ""fm3_static_frac"": 0.8001937984496124, ""fps"": 30.0, ""geom_body_roll_deg"": 0.6902749275758283, ""observed_duration_s"": 172.0, ""repair_applied"": ""none"", ""reproj_shoulder_widths_p50"": 0.09967899298472863, ""shown_raster"": ""1080x1920"", ""stored_raster"": ""1080x1920"", ""timebase"": ""consistent"", ""timebase_index_drift_s"": 0.0, ""unit_flagged_frac"": 0.0, ""vad_s"": 22.21599999999944, ""vendor"": ""V02""}",render
r13_115,v02_fm3_static_hands_115_V02_S5089_I00000201_P5116_f0003651,V02_S5089_I00000201_P5116,naturalistic/train/0086/0018/V02_S5089_I00000201_P5116,naturalistic/train/0086/0022/V02_S5089_I00000201_P5105,v02_fm3_static_hands,V02,naturalistic,3651,V02,naturalistic,train,ipc_conversation,random draw from V02 files the pipeline sorted into 'fm3_static_hands',"{""audio"": ""present"", ""audio_spectral_flatness"": 0.0025888357949137982, ""audio_speech_level_db"": -47.68329508756524, ""audio_status"": ""ok"", ""audio_voice_isolation_db"": 11.015904831818219, ""flags_fired"": ""fm3_static_hands"", ""fm0_reasons"": ""none"", ""fm1_ankles_visible_frac"": 1.0, ""fm1_hip_flexion_deg_p25"": 124.20104677579843, ""fm1_hip_flexion_deg_p50"": 125.11740726035234, ""fm1_hip_flexion_deg_p75"": 126.17057072401182, ""fm1_knee_between_torso_p50"": 0.5788596769697532, ""fm1_scope"": ""session majority over 2 files"", ""fm1_shin_verticality_p50"": 0.9992611689694753, ""fm2_smplh_valid_frac"": 1.0, ""fm3_static_frac"": 0.9674603174603175, ""fps"": 30.0, ""geom_body_roll_deg"": 0.7848325848648652, ""observed_duration_s"": 168.0, ""repair_applied"": ""none"", ""reproj_shoulder_widths_p50"": 0.11303575638973232, ""shown_raster"": ""1080x1920"", ""stored_raster"": ""1080x1920"", ""timebase"": ""consistent"", ""timebase_index_drift_s"": 0.0, ""unit_flagged_frac"": 0.0, ""vad_s"": 18.916000000000167, ""vendor"": ""V02""}",render
r13_116,v02_fm4_audio_dead_116_V02_S5160_I00000210_P5197_f0004068,V02_S5160_I00000210_P5197,naturalistic/train/0091/0016/V02_S5160_I00000210_P5197,naturalistic/train/0091/0033/V02_S5160_I00000210_P5122,v02_fm4_audio_dead,V02,naturalistic,4068,V02,naturalistic,train,ipc_conversation,random draw from V02 files the pipeline sorted into 'fm4_audio_dead',"{""audio"": ""present"", ""audio_spectral_flatness"": 0.20492227475354746, ""audio_speech_level_db"": -78.99953351027085, ""audio_status"": ""ok"", ""audio_voice_isolation_db"": null, ""flags_fired"": ""fm4_audio_dead"", ""fm0_reasons"": ""none"", ""fm1_ankles_visible_frac"": 1.0, ""fm1_hip_flexion_deg_p25"": 134.17813790045147, ""fm1_hip_flexion_deg_p50"": 136.4516198522595, ""fm1_hip_flexion_deg_p75"": 139.56507319277307, ""fm1_knee_between_torso_p50"": 0.553896073453556, ""fm1_scope"": ""session majority over 2 files"", ""fm1_shin_verticality_p50"": 0.9994801089506415, ""fm2_smplh_valid_frac"": 1.0, ""fm3_static_frac"": 0.32722222222222225, ""fps"": 30.0, ""geom_body_roll_deg"": -4.144619161286149, ""observed_duration_s"": 180.0, ""repair_applied"": ""none"", ""reproj_shoulder_widths_p50"": 0.15604072179989062, ""shown_raster"": ""1080x1920"", ""stored_raster"": ""1080x1920"", ""timebase"": ""consistent"", ""timebase_index_drift_s"": 0.0, ""unit_flagged_frac"": 0.0, ""vad_s"": 0.0, ""vendor"": ""V02""}",render
r13_117,v02_fm4_audio_dead_117_V02_S5207_I00000179_P5158_f0002492,V02_S5207_I00000179_P5158,naturalistic/train/0094/0033/V02_S5207_I00000179_P5158,naturalistic/train/0094/0042/V02_S5207_I00000179_P5168,v02_fm4_audio_dead,V02,naturalistic,2492,V02,naturalistic,train,ipc_conversation,random draw from V02 files the pipeline sorted into 'fm4_audio_dead',"{""audio"": ""present"", ""audio_spectral_flatness"": 0.09724211209625704, ""audio_speech_level_db"": -57.577055137433646, ""audio_status"": ""ok"", ""audio_voice_isolation_db"": 11.773727974294454, ""flags_fired"": ""fm4_audio_dead"", ""fm0_reasons"": ""none"", ""fm1_ankles_visible_frac"": 0.998995983935743, ""fm1_hip_flexion_deg_p25"": 143.8966581039798, ""fm1_hip_flexion_deg_p50"": 152.47817336321486, ""fm1_hip_flexion_deg_p75"": 154.9855921949339, ""fm1_knee_between_torso_p50"": 0.5988749543673754, ""fm1_scope"": ""session majority over 2 files"", ""fm1_shin_verticality_p50"": 0.9994801183170483, ""fm2_smplh_valid_frac"": 1.0, ""fm3_static_frac"": 0.14779116465863454, ""fps"": 30.0, ""geom_body_roll_deg"": -0.818457577780078, ""observed_duration_s"": 166.0, ""repair_applied"": ""none"", ""reproj_shoulder_widths_p50"": 0.05584196610785905, ""shown_raster"": ""1080x1920"", ""stored_raster"": ""1080x1920"", ""timebase"": ""consistent"", ""timebase_index_drift_s"": 0.0, ""unit_flagged_frac"": 0.0, ""vad_s"": 38.90000000000002, ""vendor"": ""V02""}",render
r13_118,v02_fm4_audio_dead_118_V02_S5057_I00000188_P5068_f0003160,V02_S5057_I00000188_P5068,naturalistic/train/0084/0036/V02_S5057_I00000188_P5068,naturalistic/train/0084/0022/V02_S5057_I00000188_P5029,v02_fm4_audio_dead,V02,naturalistic,3160,V02,naturalistic,train,ipc_conversation,random draw from V02 files the pipeline sorted into 'fm4_audio_dead',"{""audio"": ""present"", ""audio_spectral_flatness"": 0.34495443757990124, ""audio_speech_level_db"": -56.71116721428366, ""audio_status"": ""ok"", ""audio_voice_isolation_db"": 22.461289761882306, ""flags_fired"": ""fm4_audio_dead"", ""fm0_reasons"": ""none"", ""fm1_ankles_visible_frac"": 0.9787878787878788, ""fm1_hip_flexion_deg_p25"": 147.69335077897813, ""fm1_hip_flexion_deg_p50"": 153.35727868859578, ""fm1_hip_flexion_deg_p75"": 158.8947766702924, ""fm1_knee_between_torso_p50"": 0.7909837926380102, ""fm1_scope"": ""session majority over 2 files"", ""fm1_shin_verticality_p50"": 1.0, ""fm2_smplh_valid_frac"": 1.0, ""fm3_static_frac"": 0.5869318181818182, ""fps"": 30.0, ""geom_body_roll_deg"": 1.9749361658481148, ""observed_duration_s"": 176.0, ""repair_applied"": ""none"", ""reproj_shoulder_widths_p50"": 0.10923804729707581, ""shown_raster"": ""1080x1920"", ""stored_raster"": ""1080x1920"", ""timebase"": ""consistent"", ""timebase_index_drift_s"": 0.0, ""unit_flagged_frac"": 0.0, ""vad_s"": 25.667999999999665, ""vendor"": ""V02""}",render
r13_119,v02_fm4_audio_dead_119_V02_S5057_I00000184_P5029_f0004312,V02_S5057_I00000184_P5029,naturalistic/train/0084/0022/V02_S5057_I00000184_P5029,naturalistic/train/0084/0025/V02_S5057_I00000184_P5068,v02_fm4_audio_dead,V02,naturalistic,4312,V02,naturalistic,train,ipc_conversation,random draw from V02 files the pipeline sorted into 'fm4_audio_dead',"{""audio"": ""present"", ""audio_spectral_flatness"": 0.43752748261902313, ""audio_speech_level_db"": -56.161377869005165, ""audio_status"": ""ok"", ""audio_voice_isolation_db"": 23.783236680982505, ""flags_fired"": ""fm4_audio_dead"", ""fm0_reasons"": ""none"", ""fm1_ankles_visible_frac"": 0.9119850187265918, ""fm1_hip_flexion_deg_p25"": 152.3382634729008, ""fm1_hip_flexion_deg_p50"": 155.51291701620323, ""fm1_hip_flexion_deg_p75"": 159.0726843769011, ""fm1_knee_between_torso_p50"": 0.7982324933273268, ""fm1_scope"": ""session majority over 2 files"", ""fm1_shin_verticality_p50"": 0.9999999999959375, ""fm2_smplh_valid_frac"": 1.0, ""fm3_static_frac"": 0.26835205992509364, ""fps"": 30.0, ""geom_body_roll_deg"": 2.0700280342258934, ""observed_duration_s"": 178.0, ""repair_applied"": ""none"", ""reproj_shoulder_widths_p50"": 0.0633396336883066, ""shown_raster"": ""1080x1920"", ""stored_raster"": ""1080x1920"", ""timebase"": ""consistent"", ""timebase_index_drift_s"": 0.0, ""unit_flagged_frac"": 0.0, ""vad_s"": 43.88799999999992, ""vendor"": ""V02""}",render
r13_120,v02_multi_120_V02_S3493_I00000733_P4219_f0002640,V02_S3493_I00000733_P4219,naturalistic/train/0071/0020/V02_S3493_I00000733_P4219,naturalistic/train/0071/0002/V02_S3493_I00000733_P4218,v02_multi,V02,naturalistic,2640,V02,naturalistic,train,grounded_gesture,random draw from V02 files the pipeline sorted into 'multi'; positioned on the longest untrusted stretch,"{""audio"": ""present"", ""audio_spectral_flatness"": 0.0003282746771476988, ""audio_speech_level_db"": -24.593611296011083, ""audio_status"": ""ok"", ""audio_voice_isolation_db"": 22.926639037322964, ""flags_fired"": ""fm2_smplh_invalid+fm3_static_hands"", ""fm0_reasons"": ""none"", ""fm1_ankles_visible_frac"": 0.8096045197740113, ""fm1_hip_flexion_deg_p25"": 167.89168652832615, ""fm1_hip_flexion_deg_p50"": 168.9717322447034, ""fm1_hip_flexion_deg_p75"": 170.04779116360265, ""fm1_knee_between_torso_p50"": 0.6098252942616056, ""fm1_scope"": ""session majority over 1 files"", ""fm1_shin_verticality_p50"": 0.0, ""fm2_smplh_valid_frac"": 0.9988700564971752, ""fm3_static_frac"": 0.8053672316384181, ""fps"": 30.0, ""geom_body_roll_deg"": -4.916564270373437, ""observed_duration_s"": 118.0, ""repair_applied"": ""none"", ""reproj_shoulder_widths_p50"": 0.10806142009346412, ""shown_raster"": ""1080x1920"", ""stored_raster"": ""1080x1920"", ""timebase"": ""consistent"", ""timebase_index_drift_s"": 0.0, ""unit_flagged_frac"": 0.0, ""vad_s"": 32.660000000000764, ""vendor"": ""V02""}",render
r13_121,v02_multi_121_V02_S5260_I00000264_P5156_f0004500,V02_S5260_I00000264_P5156,naturalistic/train/0098/0004/V02_S5260_I00000264_P5156,naturalistic/train/0098/0015/V02_S5260_I00000264_P5216,v02_multi,V02,naturalistic,4500,V02,naturalistic,train,ipc_conversation,random draw from V02 files the pipeline sorted into 'multi'; positioned on the longest untrusted stretch,"{""audio"": ""present"", ""audio_spectral_flatness"": 0.02534647568637554, ""audio_speech_level_db"": -47.880935045000086, ""audio_status"": ""ok"", ""audio_voice_isolation_db"": 19.99189408416012, ""flags_fired"": ""fm2_smplh_invalid+fm3_static_hands"", ""fm0_reasons"": ""none"", ""fm1_ankles_visible_frac"": 1.0, ""fm1_hip_flexion_deg_p25"": 129.10357949338828, ""fm1_hip_flexion_deg_p50"": 130.29793951974312, ""fm1_hip_flexion_deg_p75"": 131.5466777366334, ""fm1_knee_between_torso_p50"": 0.5729772058568992, ""fm1_scope"": ""session majority over 2 files"", ""fm1_shin_verticality_p50"": 0.9994449112238619, ""fm2_smplh_valid_frac"": 0.9979629629629629, ""fm3_static_frac"": 0.7694444444444445, ""fps"": 30.0, ""geom_body_roll_deg"": 3.4165893240067957, ""observed_duration_s"": 180.0, ""repair_applied"": ""none"", ""reproj_shoulder_widths_p50"": 0.042908516880580894, ""shown_raster"": ""1080x1920"", ""stored_raster"": ""1080x1920"", ""timebase"": ""consistent"", ""timebase_index_drift_s"": 0.0, ""unit_flagged_frac"": 0.0, ""vad_s"": 14.57, ""vendor"": ""V02""}",render
r13_122,v02_multi_122_V02_S5332_I00000119_P5036_f0004140,V02_S5332_I00000119_P5036,naturalistic/train/0102/0015/V02_S5332_I00000119_P5036,naturalistic/train/0102/0041/V02_S5332_I00000119_P5147,v02_multi,V02,naturalistic,4140,V02,naturalistic,train,ipc_conversation,random draw from V02 files the pipeline sorted into 'multi'; positioned on the longest untrusted stretch,"{""audio"": ""present"", ""audio_spectral_flatness"": 0.021245246453534775, ""audio_speech_level_db"": -43.065374083710275, ""audio_status"": ""ok"", ""audio_voice_isolation_db"": 8.95618980412393, ""flags_fired"": ""fm2_smplh_invalid+fm3_static_hands"", ""fm0_reasons"": ""none"", ""fm1_ankles_visible_frac"": 1.0, ""fm1_hip_flexion_deg_p25"": 140.08484524530613, ""fm1_hip_flexion_deg_p50"": 141.5024246336436, ""fm1_hip_flexion_deg_p75"": 142.90476981680962, ""fm1_knee_between_torso_p50"": 0.5849959818150278, ""fm1_scope"": ""session majority over 2 files"", ""fm1_shin_verticality_p50"": 0.9995920826236344, ""fm2_smplh_valid_frac"": 0.9990079365079365, ""fm3_static_frac"": 0.8265873015873015, ""fps"": 30.0, ""geom_body_roll_deg"": -0.9240440029433483, ""observed_duration_s"": 168.0, ""repair_applied"": ""none"", ""reproj_shoulder_widths_p50"": 0.04815326834096082, ""shown_raster"": ""1080x1920"", ""stored_raster"": ""1080x1920"", ""timebase"": ""consistent"", ""timebase_index_drift_s"": 0.0, ""unit_flagged_frac"": 0.0, ""vad_s"": 50.17599999999811, ""vendor"": ""V02""}",render
r13_123,v02_multi_123_V02_S5099_I00000217_P5123_f0001367,V02_S5099_I00000217_P5123,naturalistic/train/0087/0003/V02_S5099_I00000217_P5123,naturalistic/train/0087/0039/V02_S5099_I00000217_P5071,v02_multi,V02,naturalistic,1367,V02,naturalistic,train,ipc_conversation,random draw from V02 files the pipeline sorted into 'multi'; positioned on the longest untrusted stretch,"{""audio"": ""present"", ""audio_spectral_flatness"": 0.008250085322913877, ""audio_speech_level_db"": -67.90135398707426, ""audio_status"": ""ok"", ""audio_voice_isolation_db"": 12.682724498023392, ""flags_fired"": ""fm2_smplh_invalid+fm3_static_hands"", ""fm0_reasons"": ""none"", ""fm1_ankles_visible_frac"": 0.5015151515151515, ""fm1_hip_flexion_deg_p25"": 147.21052951283028, ""fm1_hip_flexion_deg_p50"": 148.95377421262947, ""fm1_hip_flexion_deg_p75"": 150.43025115248122, ""fm1_knee_between_torso_p50"": 0.6364320513649258, ""fm1_scope"": ""session majority over 4 files"", ""fm1_shin_verticality_p50"": 0.9728061423685512, ""fm2_smplh_valid_frac"": 0.9971590909090909, ""fm3_static_frac"": 0.9359848484848485, ""fps"": 30.0, ""geom_body_roll_deg"": -2.2311719258899405, ""observed_duration_s"": 176.0, ""repair_applied"": ""none"", ""reproj_shoulder_widths_p50"": 0.0720652682463323, ""shown_raster"": ""1080x1920"", ""stored_raster"": ""1080x1920"", ""timebase"": ""consistent"", ""timebase_index_drift_s"": 0.0, ""unit_flagged_frac"": 0.0, ""vad_s"": 3.1199999999996635, ""vendor"": ""V02""}",render
r13_124,v02_multi_124_V02_S3475_I00000321_P4196_f0000000,V02_S3475_I00000321_P4196,naturalistic/train/0070/0054/V02_S3475_I00000321_P4196,naturalistic/train/0070/0050/V02_S3475_I00000321_P4190,v02_multi,V02,naturalistic,0,V02,naturalistic,train,ipc_conversation,random draw from V02 files the pipeline sorted into 'multi'; positioned on the longest untrusted stretch,"{""audio"": ""present"", ""audio_spectral_flatness"": 0.015752330975581836, ""audio_speech_level_db"": -43.60256291041951, ""audio_status"": ""ok"", ""audio_voice_isolation_db"": 12.013007112012662, ""flags_fired"": ""fm2_smplh_invalid+fm3_static_hands"", ""fm0_reasons"": ""none"", ""fm1_ankles_visible_frac"": 0.997985347985348, ""fm1_hip_flexion_deg_p25"": 153.78715384435628, ""fm1_hip_flexion_deg_p50"": 154.80034823047174, ""fm1_hip_flexion_deg_p75"": 155.9714492574925, ""fm1_knee_between_torso_p50"": 0.5443898311855475, ""fm1_scope"": ""session majority over 1 files"", ""fm1_shin_verticality_p50"": -0.9980525828452624, ""fm2_smplh_valid_frac"": 0.9996336996336996, ""fm3_static_frac"": 0.8804029304029304, ""fps"": 30.0, ""geom_body_roll_deg"": 0.0, ""observed_duration_s"": 182.0, ""repair_applied"": ""none"", ""reproj_shoulder_widths_p50"": 0.12238390726313886, ""shown_raster"": ""1080x1920"", ""stored_raster"": ""1080x1920"", ""timebase"": ""consistent"", ""timebase_index_drift_s"": 0.0, ""unit_flagged_frac"": 0.0, ""vad_s"": 35.51599999999985, ""vendor"": ""V02""}",render
r13_125,v03_pass_125_V03_S1591_I00000101_P4652_f0001155,V03_S1591_I00000101_P4652,naturalistic/train/0157/0028/V03_S1591_I00000101_P4652,naturalistic/train/0157/0033/V03_S1591_I00000101_P4343,v03_pass,V03,naturalistic,1155,V03,naturalistic,train,ipc_conversation,random draw from V03 files the pipeline sorted into 'pass',"{""audio"": ""present"", ""audio_spectral_flatness"": 0.0002860878281413215, ""audio_speech_level_db"": -16.187785913670403, ""audio_status"": ""ok"", ""audio_voice_isolation_db"": 7.794627066368038, ""flags_fired"": ""none"", ""fm0_reasons"": ""none"", ""fm1_ankles_visible_frac"": 1.0, ""fm1_hip_flexion_deg_p25"": 158.21642136708783, ""fm1_hip_flexion_deg_p50"": 160.2722015934301, ""fm1_hip_flexion_deg_p75"": 161.42195740882187, ""fm1_knee_between_torso_p50"": 0.5444807145472497, ""fm1_scope"": ""this file (session is 0% seated over 1 files)"", ""fm1_shin_verticality_p50"": 0.9999999999999701, ""fm2_smplh_valid_frac"": 1.0, ""fm3_static_frac"": 0.664720600500417, ""fps"": 29.97, ""geom_body_roll_deg"": -1.6135344834701912, ""observed_duration_s"": 80.0129, ""repair_applied"": ""none"", ""reproj_shoulder_widths_p50"": 0.18272864082432505, ""shown_raster"": ""2160x3840"", ""stored_raster"": ""2160x3840"", ""timebase"": ""consistent"", ""timebase_index_drift_s"": 0.03336666666666667, ""unit_flagged_frac"": 0.0, ""vad_s"": 54.87400000000048, ""vendor"": ""V03""}",render
r13_126,v03_pass_126_V03_S0108_I00000140_P1241_f0000523,V03_S0108_I00000140_P1241,naturalistic/train/0106/0053/V03_S0108_I00000140_P1241,naturalistic/train/0106/0110/V03_S0108_I00000140_P1021,v03_pass,V03,naturalistic,523,V03,naturalistic,train,ipc_conversation,random draw from V03 files the pipeline sorted into 'pass',"{""audio"": ""present"", ""audio_spectral_flatness"": 0.0008115178284740367, ""audio_speech_level_db"": -21.7095160134349, ""audio_status"": ""ok"", ""audio_voice_isolation_db"": 42.26894659092872, ""flags_fired"": ""none"", ""fm0_reasons"": ""none"", ""fm1_ankles_visible_frac"": 1.0, ""fm1_hip_flexion_deg_p25"": 149.7547031806046, ""fm1_hip_flexion_deg_p50"": 151.15420994747143, ""fm1_hip_flexion_deg_p75"": 153.92497587417353, ""fm1_knee_between_torso_p50"": 0.5851594631511973, ""fm1_scope"": ""this file (session is 0% seated over 2 files)"", ""fm1_shin_verticality_p50"": 0.9956342504431452, ""fm2_smplh_valid_frac"": 1.0, ""fm3_static_frac"": 0.06111678583588696, ""fps"": 29.97, ""geom_body_roll_deg"": -4.455610484568679, ""observed_duration_s"": 196.0288, ""repair_applied"": ""none"", ""reproj_shoulder_widths_p50"": 0.21307737772821211, ""shown_raster"": ""2160x3840"", ""stored_raster"": ""2160x3840"", ""timebase"": ""consistent"", ""timebase_index_drift_s"": 0.0, ""unit_flagged_frac"": 0.0, ""vad_s"": 109.1240000000007, ""vendor"": ""V03""}",render
r13_127,v03_pass_127_V03_S0559_I00000063_P2520_f0003419,V03_S0559_I00000063_P2520,naturalistic/train/0124/0105/V03_S0559_I00000063_P2520,naturalistic/train/0124/0043/V03_S0559_I00000063_P2289,v03_pass,V03,naturalistic,3419,V03,naturalistic,train,ipc_conversation,random draw from V03 files the pipeline sorted into 'pass',"{""audio"": ""present"", ""audio_spectral_flatness"": 0.00044488937708571694, ""audio_speech_level_db"": -19.767619140876683, ""audio_status"": ""ok"", ""audio_voice_isolation_db"": 15.43076746809705, ""flags_fired"": ""none"", ""fm0_reasons"": ""none"", ""fm1_ankles_visible_frac"": 0.9998643699986437, ""fm1_hip_flexion_deg_p25"": 166.76752916261302, ""fm1_hip_flexion_deg_p50"": 168.4072406220003, ""fm1_hip_flexion_deg_p75"": 171.5917646080954, ""fm1_knee_between_torso_p50"": 0.5735314247981993, ""fm1_scope"": ""this file (session is 0% seated over 2 files)"", ""fm1_shin_verticality_p50"": 0.9997296910445624, ""fm2_smplh_valid_frac"": 1.0, ""fm3_static_frac"": 0.0105791401057914, ""fps"": 29.97, ""geom_body_roll_deg"": 0.0, ""observed_duration_s"": 246.012433, ""repair_applied"": ""none"", ""reproj_shoulder_widths_p50"": 0.17435118924151552, ""shown_raster"": ""2160x3840"", ""stored_raster"": ""2160x3840"", ""timebase"": ""consistent"", ""timebase_index_drift_s"": 0.0, ""unit_flagged_frac"": 0.0, ""vad_s"": 111.42799999999988, ""vendor"": ""V03""}",render
r13_128,v03_pass_128_V03_S0185_I00000482_P1358_f0004023,V03_S0185_I00000482_P1358,naturalistic/train/0109/0048/V03_S0185_I00000482_P1358,naturalistic/train/0109/0135/V03_S0185_I00000482_P1306,v03_pass,V03,naturalistic,4023,V03,naturalistic,train,ipc_conversation,random draw from V03 files the pipeline sorted into 'pass',"{""audio"": ""present"", ""audio_spectral_flatness"": 0.09252992379831249, ""audio_speech_level_db"": -23.620454286889924, ""audio_status"": ""ok"", ""audio_voice_isolation_db"": 17.78047149129313, ""flags_fired"": ""none"", ""fm0_reasons"": ""none"", ""fm1_ankles_visible_frac"": 1.0, ""fm1_hip_flexion_deg_p25"": 159.8859458577404, ""fm1_hip_flexion_deg_p50"": 161.81078787330753, ""fm1_hip_flexion_deg_p75"": 164.0721774106322, ""fm1_knee_between_torso_p50"": 0.5726240762792126, ""fm1_scope"": ""this file (session is 0% seated over 2 files)"", ""fm1_shin_verticality_p50"": 0.999716671121379, ""fm2_smplh_valid_frac"": 1.0, ""fm3_static_frac"": 0.6321671525753159, ""fps"": 29.97, ""geom_body_roll_deg"": -0.8184550057559985, ""observed_duration_s"": 206.0058, ""repair_applied"": ""none"", ""reproj_shoulder_widths_p50"": 0.16270813623453956, ""shown_raster"": ""2160x3840"", ""stored_raster"": ""2160x3840"", ""timebase"": ""consistent"", ""timebase_index_drift_s"": 0.0, ""unit_flagged_frac"": 0.0, ""vad_s"": 30.980000000000018, ""vendor"": ""V03""}",render
r13_129,v03_pass_129_V03_S0545_I00000372_P2085_f0008801,V03_S0545_I00000372_P2085,improvised/train/0064/0031/V03_S0545_I00000372_P2085,improvised/train/0064/0094/V03_S0545_I00000372_P2466,v03_pass,V03,improvised,8801,V03,improvised,train,ipc_conversation,random draw from V03 files the pipeline sorted into 'pass',"{""audio"": ""present"", ""audio_spectral_flatness"": 0.0003507045922138129, ""audio_speech_level_db"": -18.044226590982475, ""audio_status"": ""ok"", ""audio_voice_isolation_db"": 15.225044719519955, ""flags_fired"": ""none"", ""fm0_reasons"": ""none"", ""fm1_ankles_visible_frac"": 1.0, ""fm1_hip_flexion_deg_p25"": 156.28514363597884, ""fm1_hip_flexion_deg_p50"": 157.44809721886324, ""fm1_hip_flexion_deg_p75"": 158.25726597073137, ""fm1_knee_between_torso_p50"": 0.5390561425297731, ""fm1_scope"": ""this file (session is 0% seated over 1 files)"", ""fm1_shin_verticality_p50"": 0.9990561600787087, ""fm2_smplh_valid_frac"": 1.0, ""fm3_static_frac"": 0.533468972533062, ""fps"": 29.97, ""geom_body_roll_deg"": -0.8184589952864723, ""observed_duration_s"": 328.0277, ""repair_applied"": ""none"", ""reproj_shoulder_widths_p50"": 0.16571829126318377, ""shown_raster"": ""2160x3840"", ""stored_raster"": ""2160x3840"", ""timebase"": ""consistent"", ""timebase_index_drift_s"": -0.03336666666666667, ""unit_flagged_frac"": 0.0, ""vad_s"": 158.5720000000001, ""vendor"": ""V03""}",render
r13_130,v03_fm0_unusable_source_130_V03_S0968_I00000111_P3345_f0001988,V03_S0968_I00000111_P3345,naturalistic/train/0131/0070/V03_S0968_I00000111_P3345,naturalistic/train/0131/0046/V03_S0968_I00000111_P3344,v03_fm0_unusable_source,V03,naturalistic,1988,V03,naturalistic,train,ipc_conversation,random draw from V03 files the pipeline sorted into 'fm0_unusable_source',"{""audio"": ""present"", ""audio_spectral_flatness"": 0.002290167317805679, ""audio_speech_level_db"": -25.405012929344473, ""audio_status"": ""ok"", ""audio_voice_isolation_db"": 2.3590111503152693, ""flags_fired"": ""fm0_unusable_source"", ""fm0_reasons"": ""raster_3840x2160"", ""fm1_ankles_visible_frac"": 1.0, ""fm1_hip_flexion_deg_p25"": 152.25354870278423, ""fm1_hip_flexion_deg_p50"": 153.2267563628174, ""fm1_hip_flexion_deg_p75"": 154.18171419561583, ""fm1_knee_between_torso_p50"": 0.5211465129827153, ""fm1_scope"": ""this file (session is 0% seated over 1 files)"", ""fm1_shin_verticality_p50"": 0.0, ""fm2_smplh_valid_frac"": 1.0, ""fm3_static_frac"": 0.7443452380952381, ""fps"": 30.0, ""geom_body_roll_deg"": -91.39717737912993, ""observed_duration_s"": 224.0, ""repair_applied"": ""90\u00b0 turn"", ""reproj_shoulder_widths_p50"": 0.10487133068416382, ""shown_raster"": ""2160x3840"", ""stored_raster"": ""3840x2160"", ""timebase"": ""consistent"", ""timebase_index_drift_s"": 0.0, ""unit_flagged_frac"": 0.0, ""vad_s"": 120.79200000000014, ""vendor"": ""V03""}",render
r13_131,v03_fm0_unusable_source_131_V03_S0350_I00000070_P1674_f0002202,V03_S0350_I00000070_P1674,naturalistic/train/0116/0125/V03_S0350_I00000070_P1674,naturalistic/train/0116/0020/V03_S0350_I00000070_P1675,v03_fm0_unusable_source,V03,naturalistic,2202,V03,naturalistic,train,collaborative_storytelling,random draw from V03 files the pipeline sorted into 'fm0_unusable_source',"{""audio"": ""present"", ""audio_spectral_flatness"": 0.001543984324109045, ""audio_speech_level_db"": -30.540632489235513, ""audio_status"": ""ok"", ""audio_voice_isolation_db"": 0.6549894171708022, ""flags_fired"": ""fm0_unusable_source"", ""fm0_reasons"": ""raster_3840x2160"", ""fm1_ankles_visible_frac"": 0.9859259259259259, ""fm1_hip_flexion_deg_p25"": 161.37176986404955, ""fm1_hip_flexion_deg_p50"": 163.43381313127128, ""fm1_hip_flexion_deg_p75"": 165.7946546177423, ""fm1_knee_between_torso_p50"": 0.5700113533256045, ""fm1_scope"": ""this file (session is 0% seated over 2 files)"", ""fm1_shin_verticality_p50"": 0.0643822615101668, ""fm2_smplh_valid_frac"": 1.0, ""fm3_static_frac"": 0.045, ""fps"": 30.0, ""geom_body_roll_deg"": -87.79741130046627, ""observed_duration_s"": 180.0, ""repair_applied"": ""90\u00b0 turn"", ""reproj_shoulder_widths_p50"": 0.12399130370740155, ""shown_raster"": ""2160x3840"", ""stored_raster"": ""3840x2160"", ""timebase"": ""consistent"", ""timebase_index_drift_s"": 0.0, ""unit_flagged_frac"": 0.0, ""vad_s"": 74.3819999999987, ""vendor"": ""V03""}",render
r13_132,v03_fm0_unusable_source_132_V03_S0507_I00000401_P1801_f0002317,V03_S0507_I00000401_P1801,naturalistic/train/0122/0068/V03_S0507_I00000401_P1801,naturalistic/train/0122/0096/V03_S0507_I00000401_P1800,v03_fm0_unusable_source,V03,naturalistic,2317,V03,naturalistic,train,ipc_conversation,random draw from V03 files the pipeline sorted into 'fm0_unusable_source',"{""audio"": ""present"", ""audio_spectral_flatness"": 0.0005988736234587839, ""audio_speech_level_db"": -20.402247967321692, ""audio_status"": ""ok"", ""audio_voice_isolation_db"": 1.863172016018651, ""flags_fired"": ""fm0_unusable_source"", ""fm0_reasons"": ""raster_3840x2160"", ""fm1_ankles_visible_frac"": 1.0, ""fm1_hip_flexion_deg_p25"": 167.1083722598387, ""fm1_hip_flexion_deg_p50"": 167.8469685907482, ""fm1_hip_flexion_deg_p75"": 168.7962381586572, ""fm1_knee_between_torso_p50"": 0.5522755571168217, ""fm1_scope"": ""this file (session is 0% seated over 1 files)"", ""fm1_shin_verticality_p50"": 0.03331455393123091, ""fm2_smplh_valid_frac"": 1.0, ""fm3_static_frac"": 0.3775811209439528, ""fps"": 30.0, ""geom_body_roll_deg"": 90.0, ""observed_duration_s"": 226.0, ""repair_applied"": ""270\u00b0 turn"", ""reproj_shoulder_widths_p50"": 0.06955703174659522, ""shown_raster"": ""2160x3840"", ""stored_raster"": ""3840x2160"", ""timebase"": ""consistent"", ""timebase_index_drift_s"": 0.0, ""unit_flagged_frac"": 0.0, ""vad_s"": 121.6519999999999, ""vendor"": ""V03""}",render
r13_133,v03_fm0_unusable_source_133_V03_S0478_I00000059_P1811_f0007647,V03_S0478_I00000059_P1811,naturalistic/test/0002/0053/V03_S0478_I00000059_P1811,naturalistic/test/0002/0029/V03_S0478_I00000059_P1810,v03_fm0_unusable_source,V03,naturalistic,7647,V03,naturalistic,test,ipc_conversation,random draw from V03 files the pipeline sorted into 'fm0_unusable_source',"{""audio"": ""present"", ""audio_spectral_flatness"": 0.0005120115912050379, ""audio_speech_level_db"": -11.818586522024056, ""audio_status"": ""ok"", ""audio_voice_isolation_db"": 1.9237260037052546, ""flags_fired"": ""fm0_unusable_source"", ""fm0_reasons"": ""raster_3840x2160"", ""fm1_ankles_visible_frac"": 1.0, ""fm1_hip_flexion_deg_p25"": 166.1989326358433, ""fm1_hip_flexion_deg_p50"": 167.68774524649993, ""fm1_hip_flexion_deg_p75"": 169.14698038788646, ""fm1_knee_between_torso_p50"": 0.5847285163618572, ""fm1_scope"": ""this file (session is 0% seated over 1 files)"", ""fm1_shin_verticality_p50"": 0.0, ""fm2_smplh_valid_frac"": 1.0, ""fm3_static_frac"": 0.3662222222222222, ""fps"": 30.0, ""geom_body_roll_deg"": -88.69804655318043, ""observed_duration_s"": 300.0, ""repair_applied"": ""90\u00b0 turn"", ""reproj_shoulder_widths_p50"": 0.0772979038809675, ""shown_raster"": ""2160x3840"", ""stored_raster"": ""3840x2160"", ""timebase"": ""consistent"", ""timebase_index_drift_s"": 0.0, ""unit_flagged_frac"": 0.0, ""vad_s"": 188.99199999999905, ""vendor"": ""V03""}",render
r13_134,v03_fm0_unusable_source_134_V03_S0350_I00000297_P1674_f0004178,V03_S0350_I00000297_P1674,naturalistic/train/0116/0070/V03_S0350_I00000297_P1674,naturalistic/train/0116/0072/V03_S0350_I00000297_P1675,v03_fm0_unusable_source,V03,naturalistic,4178,V03,naturalistic,train,ipc_conversation,random draw from V03 files the pipeline sorted into 'fm0_unusable_source',"{""audio"": ""present"", ""audio_spectral_flatness"": 0.0008525955373421557, ""audio_speech_level_db"": -26.13663746685603, ""audio_status"": ""ok"", ""audio_voice_isolation_db"": 0.8499306782354912, ""flags_fired"": ""fm0_unusable_source"", ""fm0_reasons"": ""raster_3840x2160"", ""fm1_ankles_visible_frac"": 0.9943502824858758, ""fm1_hip_flexion_deg_p25"": 161.28619835195008, ""fm1_hip_flexion_deg_p50"": 163.8233599607997, ""fm1_hip_flexion_deg_p75"": 165.8773655951499, ""fm1_knee_between_torso_p50"": 0.5737781933115572, ""fm1_scope"": ""this file (session is 0% seated over 2 files)"", ""fm1_shin_verticality_p50"": 0.06651864928649744, ""fm2_smplh_valid_frac"": 1.0, ""fm3_static_frac"": 0.14166666666666666, ""fps"": 30.0, ""geom_body_roll_deg"": -88.91906949213349, ""observed_duration_s"": 236.0, ""repair_applied"": ""90\u00b0 turn"", ""reproj_shoulder_widths_p50"": 0.12258390566970775, ""shown_raster"": ""2160x3840"", ""stored_raster"": ""3840x2160"", ""timebase"": ""consistent"", ""timebase_index_drift_s"": 0.0, ""unit_flagged_frac"": 0.0, ""vad_s"": 139.18799999999874, ""vendor"": ""V03""}",render
r13_135,v03_fm1_sitting_135_V03_S1887_I00000213_P5183_f0011454,V03_S1887_I00000213_P5183,naturalistic/train/0171/0079/V03_S1887_I00000213_P5183,naturalistic/train/0171/0073/V03_S1887_I00000213_P5013,v03_fm1_sitting,V03,naturalistic,11454,V03,naturalistic,train,ipc_conversation,random draw from V03 files the pipeline sorted into 'fm1_sitting',"{""audio"": ""present"", ""audio_spectral_flatness"": 0.0001764533569215893, ""audio_speech_level_db"": -28.12190715885854, ""audio_status"": ""ok"", ""audio_voice_isolation_db"": 11.31540583311499, ""flags_fired"": ""fm1_sitting"", ""fm0_reasons"": ""none"", ""fm1_ankles_visible_frac"": 1.0, ""fm1_hip_flexion_deg_p25"": 100.63913828411671, ""fm1_hip_flexion_deg_p50"": 102.85573033160901, ""fm1_hip_flexion_deg_p75"": 104.09459430528945, ""fm1_knee_between_torso_p50"": 0.37562208989633017, ""fm1_scope"": ""this file (session is 100% seated over 2 files)"", ""fm1_shin_verticality_p50"": 0.9782341239858907, ""fm2_smplh_valid_frac"": 1.0, ""fm3_static_frac"": 0.6391144379599086, ""fps"": 29.97, ""geom_body_roll_deg"": 1.9414783207422093, ""observed_duration_s"": 526.0255, ""repair_applied"": ""none"", ""reproj_shoulder_widths_p50"": 0.0778408506436427, ""shown_raster"": ""2160x3840"", ""stored_raster"": ""2160x3840"", ""timebase"": ""consistent"", ""timebase_index_drift_s"": -0.03336666666666667, ""unit_flagged_frac"": 1.0, ""vad_s"": 40.15000000000123, ""vendor"": ""V03""}",render
r13_136,v03_fm1_sitting_136_V03_S1429_I00000055_P4357_f0005030,V03_S1429_I00000055_P4357,naturalistic/train/0150/0110/V03_S1429_I00000055_P4357,naturalistic/train/0150/0092/V03_S1429_I00000055_P4065,v03_fm1_sitting,V03,naturalistic,5030,V03,naturalistic,train,ipc_conversation,random draw from V03 files the pipeline sorted into 'fm1_sitting',"{""audio"": ""present"", ""audio_spectral_flatness"": 0.006825365587622744, ""audio_speech_level_db"": -16.719772486216556, ""audio_status"": ""ok"", ""audio_voice_isolation_db"": 11.070439866121243, ""flags_fired"": ""fm1_sitting"", ""fm0_reasons"": ""none"", ""fm1_ankles_visible_frac"": 1.0, ""fm1_hip_flexion_deg_p25"": 114.4504000627305, ""fm1_hip_flexion_deg_p50"": 122.54418834695946, ""fm1_hip_flexion_deg_p75"": 125.73562198442127, ""fm1_knee_between_torso_p50"": 0.576048266044702, ""fm1_scope"": ""this file (session is 100% seated over 1 files)"", ""fm1_shin_verticality_p50"": 0.7189883760491119, ""fm2_smplh_valid_frac"": 1.0, ""fm3_static_frac"": 0.10434655349041416, ""fps"": 29.97, ""geom_body_roll_deg"": -0.987759410217966, ""observed_duration_s"": 228.027433, ""repair_applied"": ""none"", ""reproj_shoulder_widths_p50"": 0.1087816409436052, ""shown_raster"": ""2160x3840"", ""stored_raster"": ""2160x3840"", ""timebase"": ""consistent"", ""timebase_index_drift_s"": 0.0, ""unit_flagged_frac"": 1.0, ""vad_s"": 52.048000000000116, ""vendor"": ""V03""}",render
r13_137,v03_fm1_sitting_137_V03_S2015_I00000022_P5314_f0005992,V03_S2015_I00000022_P5314,naturalistic/train/0176/0004/V03_S2015_I00000022_P5314,naturalistic/train/0176/0030/V03_S2015_I00000022_P5448,v03_fm1_sitting,V03,naturalistic,5992,V03,naturalistic,train,ipc_conversation,random draw from V03 files the pipeline sorted into 'fm1_sitting',"{""audio"": ""present"", ""audio_spectral_flatness"": 0.0008866964095654513, ""audio_speech_level_db"": -21.310230882349003, ""audio_status"": ""ok"", ""audio_voice_isolation_db"": 6.97920802204333, ""flags_fired"": ""fm1_sitting"", ""fm0_reasons"": ""none"", ""fm1_ankles_visible_frac"": 1.0, ""fm1_hip_flexion_deg_p25"": 112.19971256448812, ""fm1_hip_flexion_deg_p50"": 116.9587408062753, ""fm1_hip_flexion_deg_p75"": 129.5359166422421, ""fm1_knee_between_torso_p50"": 0.5399690744920762, ""fm1_scope"": ""this file (session is 100% seated over 1 files)"", ""fm1_shin_verticality_p50"": 0.9284769236303928, ""fm2_smplh_valid_frac"": 1.0, ""fm3_static_frac"": 0.1363457244187574, ""fps"": 29.97, ""geom_body_roll_deg"": -0.8425324372021746, ""observed_duration_s"": 254.020433, ""repair_applied"": ""none"", ""reproj_shoulder_widths_p50"": 0.09294093958527085, ""shown_raster"": ""2160x3840"", ""stored_raster"": ""2160x3840"", ""timebase"": ""consistent"", ""timebase_index_drift_s"": 0.0, ""unit_flagged_frac"": 1.0, ""vad_s"": 136.71799999999894, ""vendor"": ""V03""}",render
r13_138,v03_fm1_sitting_138_V03_S1360_I00000197_P3204_f0004396,V03_S1360_I00000197_P3204,naturalistic/train/0147/0115/V03_S1360_I00000197_P3204,naturalistic/train/0147/0066/V03_S1360_I00000197_P3921,v03_fm1_sitting,V03,naturalistic,4396,V03,naturalistic,train,ipc_conversation,random draw from V03 files the pipeline sorted into 'fm1_sitting',"{""audio"": ""present"", ""audio_spectral_flatness"": 0.0001274700550907474, ""audio_speech_level_db"": -17.657045652897057, ""audio_status"": ""ok"", ""audio_voice_isolation_db"": 6.329751555754505, ""flags_fired"": ""fm1_sitting"", ""fm0_reasons"": ""none"", ""fm1_ankles_visible_frac"": 1.0, ""fm1_hip_flexion_deg_p25"": 116.47228353624087, ""fm1_hip_flexion_deg_p50"": 118.18543722596726, ""fm1_hip_flexion_deg_p75"": 120.05604140626386, ""fm1_knee_between_torso_p50"": 0.5468026480699228, ""fm1_scope"": ""this file (session is 100% seated over 3 files)"", ""fm1_shin_verticality_p50"": 0.9991330686195319, ""fm2_smplh_valid_frac"": 1.0, ""fm3_static_frac"": 0.36571802420673866, ""fps"": 29.97, ""geom_body_roll_deg"": -0.9877556716916326, ""observed_duration_s"": 204.0038, ""repair_applied"": ""none"", ""reproj_shoulder_widths_p50"": 0.09659311512889086, ""shown_raster"": ""2160x3840"", ""stored_raster"": ""2160x3840"", ""timebase"": ""consistent"", ""timebase_index_drift_s"": 0.0, ""unit_flagged_frac"": 1.0, ""vad_s"": 108.53599999999983, ""vendor"": ""V03""}",render
r13_139,v03_fm1_sitting_139_V03_S1109_I00000156_P3820_f0002569,V03_S1109_I00000156_P3820,naturalistic/train/0137/0111/V03_S1109_I00000156_P3820,naturalistic/train/0137/0009/V03_S1109_I00000156_P3821,v03_fm1_sitting,V03,naturalistic,2569,V03,naturalistic,train,ipc_conversation,random draw from V03 files the pipeline sorted into 'fm1_sitting',"{""audio"": ""present"", ""audio_spectral_flatness"": 0.00010719515812833792, ""audio_speech_level_db"": -25.949798546331554, ""audio_status"": ""ok"", ""audio_voice_isolation_db"": 54.2577618639784, ""flags_fired"": ""fm1_sitting"", ""fm0_reasons"": ""none"", ""fm1_ankles_visible_frac"": 1.0, ""fm1_hip_flexion_deg_p25"": 97.96423932031385, ""fm1_hip_flexion_deg_p50"": 100.0370953994392, ""fm1_hip_flexion_deg_p75"": 101.98718303081617, ""fm1_knee_between_torso_p50"": 0.2930596498652501, ""fm1_scope"": ""this file (session is 100% seated over 2 files)"", ""fm1_shin_verticality_p50"": 0.998812348389851, ""fm2_smplh_valid_frac"": 1.0, ""fm3_static_frac"": 0.5219809322033898, ""fps"": 29.97, ""geom_body_roll_deg"": 0.0, ""observed_duration_s"": 126.025533, ""repair_applied"": ""none"", ""reproj_shoulder_widths_p50"": 0.07879012414441008, ""shown_raster"": ""2160x3840"", ""stored_raster"": ""2160x3840"", ""timebase"": ""consistent"", ""timebase_index_drift_s"": 0.0, ""unit_flagged_frac"": 1.0, ""vad_s"": 14.553999999999633, ""vendor"": ""V03""}",render
r13_140,v03_fm2_smplh_invalid_140_V03_S1728_I00000282_P4737_f0003836,V03_S1728_I00000282_P4737,naturalistic/train/0164/0006/V03_S1728_I00000282_P4737,naturalistic/train/0164/0058/V03_S1728_I00000282_P1290,v03_fm2_smplh_invalid,V03,naturalistic,3836,V03,naturalistic,train,ipc_conversation,random draw from V03 files the pipeline sorted into 'fm2_smplh_invalid'; positioned on the longest untrusted stretch,"{""audio"": ""present"", ""audio_spectral_flatness"": 0.0014976883008978932, ""audio_speech_level_db"": -16.84583426548927, ""audio_status"": ""ok"", ""audio_voice_isolation_db"": 5.51658522302792, ""flags_fired"": ""fm2_smplh_invalid"", ""fm0_reasons"": ""none"", ""fm1_ankles_visible_frac"": 1.0, ""fm1_hip_flexion_deg_p25"": 167.72548562568576, ""fm1_hip_flexion_deg_p50"": 170.5000537156263, ""fm1_hip_flexion_deg_p75"": 172.01571289518708, ""fm1_knee_between_torso_p50"": 0.5526468039915506, ""fm1_scope"": ""this file (session is 0% seated over 1 files)"", ""fm1_shin_verticality_p50"": 0.9982048571497277, ""fm2_smplh_valid_frac"": 0.9529039070749736, ""fm3_static_frac"": 0.0006335797254487857, ""fps"": 29.97, ""geom_body_roll_deg"": -4.927103628757273, ""observed_duration_s"": 158.024167, ""repair_applied"": ""none"", ""reproj_shoulder_widths_p50"": 0.076912956417105, ""shown_raster"": ""2160x3840"", ""stored_raster"": ""2160x3840"", ""timebase"": ""consistent"", ""timebase_index_drift_s"": 0.0, ""unit_flagged_frac"": 0.0, ""vad_s"": 101.50599999999974, ""vendor"": ""V03""}",render
r13_141,v03_fm2_smplh_invalid_141_V03_S0217_I00000487_P1313_f0001032,V03_S0217_I00000487_P1313,naturalistic/train/0111/0103/V03_S0217_I00000487_P1313,naturalistic/train/0111/0086/V03_S0217_I00000487_P1480,v03_fm2_smplh_invalid,V03,naturalistic,1032,V03,naturalistic,train,ipc_conversation,random draw from V03 files the pipeline sorted into 'fm2_smplh_invalid'; positioned on the longest untrusted stretch,"{""audio"": ""present"", ""audio_spectral_flatness"": 0.0006244958893390931, ""audio_speech_level_db"": -20.315460453479957, ""audio_status"": ""ok"", ""audio_voice_isolation_db"": 11.25119507975456, ""flags_fired"": ""fm2_smplh_invalid"", ""fm0_reasons"": ""none"", ""fm1_ankles_visible_frac"": 0.06067827681026581, ""fm1_hip_flexion_deg_p25"": 161.42022359112246, ""fm1_hip_flexion_deg_p50"": 165.1072013718581, ""fm1_hip_flexion_deg_p75"": 168.12877436324175, ""fm1_knee_between_torso_p50"": 0.6390807159503247, ""fm1_scope"": ""this file (session is 0% seated over 1 files)"", ""fm1_shin_verticality_p50"": 0.9990561553890877, ""fm2_smplh_valid_frac"": 0.9957836846929422, ""fm3_static_frac"": 0.04784601283226398, ""fps"": 29.97, ""geom_body_roll_deg"": -1.569357938950666, ""observed_duration_s"": 182.0148, ""repair_applied"": ""none"", ""reproj_shoulder_widths_p50"": 0.1016091540431613, ""shown_raster"": ""2160x3840"", ""stored_raster"": ""2160x3840"", ""timebase"": ""consistent"", ""timebase_index_drift_s"": 0.03336666666666667, ""unit_flagged_frac"": 0.0, ""vad_s"": 65.85800000000063, ""vendor"": ""V03""}",render
r13_142,v03_fm2_smplh_invalid_142_V03_S0287_I00000313_P1420_f0001243,V03_S0287_I00000313_P1420,naturalistic/train/0114/0028/V03_S0287_I00000313_P1420,naturalistic/train/0114/0099/V03_S0287_I00000313_P1630,v03_fm2_smplh_invalid,V03,naturalistic,1243,V03,naturalistic,train,ipc_conversation,random draw from V03 files the pipeline sorted into 'fm2_smplh_invalid'; positioned on the longest untrusted stretch,"{""audio"": ""present"", ""audio_spectral_flatness"": 0.0018263879166283028, ""audio_speech_level_db"": -17.750101022992702, ""audio_status"": ""ok"", ""audio_voice_isolation_db"": 4.7600978849242095, ""flags_fired"": ""fm2_smplh_invalid"", ""fm0_reasons"": ""none"", ""fm1_ankles_visible_frac"": 0.4545269582909461, ""fm1_hip_flexion_deg_p25"": 168.7354360715109, ""fm1_hip_flexion_deg_p50"": 171.14632539622647, ""fm1_hip_flexion_deg_p75"": 173.75691029026223, ""fm1_knee_between_torso_p50"": 0.6956932445013375, ""fm1_scope"": ""this file (session is 0% seated over 2 files)"", ""fm1_shin_verticality_p50"": 0.9734172598808838, ""fm2_smplh_valid_frac"": 0.9932858596134283, ""fm3_static_frac"": 0.0, ""fps"": 29.97, ""geom_body_roll_deg"": -6.044096276442557, ""observed_duration_s"": 164.030167, ""repair_applied"": ""none"", ""reproj_shoulder_widths_p50"": 0.14603947628537095, ""shown_raster"": ""2160x3840"", ""stored_raster"": ""2160x3840"", ""timebase"": ""consistent"", ""timebase_index_drift_s"": 0.0, ""unit_flagged_frac"": 0.0, ""vad_s"": 97.29800000000068, ""vendor"": ""V03""}",render
r13_143,v03_fm2_smplh_invalid_143_V03_S0312_I00000068_P1770_f0001257,V03_S0312_I00000068_P1770,naturalistic/train/0115/0125/V03_S0312_I00000068_P1770,naturalistic/train/0115/0075/V03_S0312_I00000068_P1524,v03_fm2_smplh_invalid,V03,naturalistic,1257,V03,naturalistic,train,ipc_conversation,random draw from V03 files the pipeline sorted into 'fm2_smplh_invalid'; positioned on the longest untrusted stretch,"{""audio"": ""present"", ""audio_spectral_flatness"": 0.0007847936207780298, ""audio_speech_level_db"": -19.82655239458989, ""audio_status"": ""ok"", ""audio_voice_isolation_db"": 7.636507778982315, ""flags_fired"": ""fm2_smplh_invalid"", ""fm0_reasons"": ""none"", ""fm1_ankles_visible_frac"": 0.10979678495602062, ""fm1_hip_flexion_deg_p25"": 167.03393738608816, ""fm1_hip_flexion_deg_p50"": 169.52178548883407, ""fm1_hip_flexion_deg_p75"": 171.4970757124381, ""fm1_knee_between_torso_p50"": 0.6445303126009887, ""fm1_scope"": ""this file (session is 0% seated over 2 files)"", ""fm1_shin_verticality_p50"": 0.9968152817547102, ""fm2_smplh_valid_frac"": 0.8886866848650288, ""fm3_static_frac"": 0.012132241431604488, ""fps"": 29.97, ""geom_body_roll_deg"": -0.7690585752782431, ""observed_duration_s"": 220.0198, ""repair_applied"": ""none"", ""reproj_shoulder_widths_p50"": 0.11948129539782099, ""shown_raster"": ""2160x3840"", ""stored_raster"": ""2160x3840"", ""timebase"": ""consistent"", ""timebase_index_drift_s"": 0.0, ""unit_flagged_frac"": 0.0, ""vad_s"": 109.47800000000097, ""vendor"": ""V03""}",render
r13_144,v03_fm2_smplh_invalid_144_V03_S2079_I00000011_P5033_f0000000,V03_S2079_I00000011_P5033,naturalistic/train/0179/0022/V03_S2079_I00000011_P5033,naturalistic/train/0179/0070/V03_S2079_I00000011_P5624,v03_fm2_smplh_invalid,V03,naturalistic,0,V03,naturalistic,train,ipc_conversation,random draw from V03 files the pipeline sorted into 'fm2_smplh_invalid'; positioned on the longest untrusted stretch,"{""audio"": ""present"", ""audio_spectral_flatness"": 0.0005490122646372058, ""audio_speech_level_db"": -19.653412146783186, ""audio_status"": ""ok"", ""audio_voice_isolation_db"": null, ""flags_fired"": ""fm2_smplh_invalid"", ""fm0_reasons"": ""none"", ""fm1_ankles_visible_frac"": 0.18321167883211678, ""fm1_hip_flexion_deg_p25"": 166.24932812437834, ""fm1_hip_flexion_deg_p50"": 167.79499429381764, ""fm1_hip_flexion_deg_p75"": 169.78268518789292, ""fm1_knee_between_torso_p50"": 0.6208229860196308, ""fm1_scope"": ""this file (session is 0% seated over 2 files)"", ""fm1_shin_verticality_p50"": 0.9943091002187774, ""fm2_smplh_valid_frac"": 0.5474452554744526, ""fm3_static_frac"": 0.0, ""fps"": 29.97, ""geom_body_roll_deg"": 1.5693574178685719, ""observed_duration_s"": 320.019333, ""repair_applied"": ""none"", ""reproj_shoulder_widths_p50"": 0.1914947454675633, ""shown_raster"": ""2160x3840"", ""stored_raster"": ""2160x3840"", ""timebase"": ""consistent"", ""timebase_index_drift_s"": 0.0, ""unit_flagged_frac"": 0.0, ""vad_s"": 0.0, ""vendor"": ""V03""}",render
r13_145,v03_fm3_static_hands_145_V03_S0212_I00000477_P1388_f0000184,V03_S0212_I00000477_P1388,naturalistic/train/0111/0087/V03_S0212_I00000477_P1388,naturalistic/train/0111/0101/V03_S0212_I00000477_P1464,v03_fm3_static_hands,V03,naturalistic,184,V03,naturalistic,train,ipc_conversation,random draw from V03 files the pipeline sorted into 'fm3_static_hands',"{""audio"": ""present"", ""audio_spectral_flatness"": 0.00013569006956925598, ""audio_speech_level_db"": -19.591277725405288, ""audio_status"": ""ok"", ""audio_voice_isolation_db"": 5.750038470746702, ""flags_fired"": ""fm3_static_hands"", ""fm0_reasons"": ""none"", ""fm1_ankles_visible_frac"": 1.0, ""fm1_hip_flexion_deg_p25"": 147.9454949660433, ""fm1_hip_flexion_deg_p50"": 148.51965500763686, ""fm1_hip_flexion_deg_p75"": 149.4656313520702, ""fm1_knee_between_torso_p50"": 0.5326466157423266, ""fm1_scope"": ""this file (session is 0% seated over 1 files)"", ""fm1_shin_verticality_p50"": 0.9850304892979581, ""fm2_smplh_valid_frac"": 1.0, ""fm3_static_frac"": 0.8692461641094062, ""fps"": 29.97, ""geom_body_roll_deg"": 4.219964236894147e-06, ""observed_duration_s"": 50.016633, ""repair_applied"": ""none"", ""reproj_shoulder_widths_p50"": 0.04653702977127461, ""shown_raster"": ""2160x3840"", ""stored_raster"": ""2160x3840"", ""timebase"": ""consistent"", ""timebase_index_drift_s"": 0.0, ""unit_flagged_frac"": 0.0, ""vad_s"": 23.718000000000004, ""vendor"": ""V03""}",render
r13_146,v03_fm3_static_hands_146_V03_S1332_I00000162_P2921_f0001286,V03_S1332_I00000162_P2921,naturalistic/train/0146/0057/V03_S1332_I00000162_P2921,naturalistic/train/0146/0069/V03_S1332_I00000162_P4026,v03_fm3_static_hands,V03,naturalistic,1286,V03,naturalistic,train,ipc_conversation,random draw from V03 files the pipeline sorted into 'fm3_static_hands',"{""audio"": ""present"", ""audio_spectral_flatness"": 0.0012678549525774422, ""audio_speech_level_db"": -22.112992326300933, ""audio_status"": ""ok"", ""audio_voice_isolation_db"": 9.238579090765723, ""flags_fired"": ""fm3_static_hands"", ""fm0_reasons"": ""none"", ""fm1_ankles_visible_frac"": 0.4443882709807887, ""fm1_hip_flexion_deg_p25"": 157.8255016902013, ""fm1_hip_flexion_deg_p50"": 159.990825699867, ""fm1_hip_flexion_deg_p75"": 161.4505712068846, ""fm1_knee_between_torso_p50"": 0.557637404923222, ""fm1_scope"": ""this file (session is 0% seated over 1 files)"", ""fm1_shin_verticality_p50"": 0.9996539186095594, ""fm2_smplh_valid_frac"": 1.0, ""fm3_static_frac"": 0.8346814964610718, ""fps"": 29.97, ""geom_body_roll_deg"": -0.8951719529500024, ""observed_duration_s"": 132.0319, ""repair_applied"": ""none"", ""reproj_shoulder_widths_p50"": 0.16265684741861544, ""shown_raster"": ""2160x3840"", ""stored_raster"": ""2160x3840"", ""timebase"": ""consistent"", ""timebase_index_drift_s"": -0.03336666666666667, ""unit_flagged_frac"": 0.0, ""vad_s"": 18.000000000000057, ""vendor"": ""V03""}",render
r13_147,v03_fm3_static_hands_147_V03_S0132_I00000127_P1288_f0000034,V03_S0132_I00000127_P1288,naturalistic/train/0107/0131/V03_S0132_I00000127_P1288,naturalistic/train/0107/0065/V03_S0132_I00000127_P1274,v03_fm3_static_hands,V03,naturalistic,34,V03,naturalistic,train,ipc_conversation,random draw from V03 files the pipeline sorted into 'fm3_static_hands',"{""audio"": ""present"", ""audio_spectral_flatness"": 0.002884970158336093, ""audio_speech_level_db"": -26.441851190970755, ""audio_status"": ""ok"", ""audio_voice_isolation_db"": 18.41376219990059, ""flags_fired"": ""fm3_static_hands"", ""fm0_reasons"": ""none"", ""fm1_ankles_visible_frac"": 0.43687318399100195, ""fm1_hip_flexion_deg_p25"": 156.25617990764152, ""fm1_hip_flexion_deg_p50"": 157.42259946005777, ""fm1_hip_flexion_deg_p75"": 158.94409887714562, ""fm1_knee_between_torso_p50"": 0.6159020207481903, ""fm1_scope"": ""this file (session is 0% seated over 1 files)"", ""fm1_shin_verticality_p50"": 0.9994449110691793, ""fm2_smplh_valid_frac"": 1.0, ""fm3_static_frac"": 0.8866810385228231, ""fps"": 29.97, ""geom_body_roll_deg"": -4.028272569436647, ""observed_duration_s"": 356.022333, ""repair_applied"": ""none"", ""reproj_shoulder_widths_p50"": 0.1409929096807736, ""shown_raster"": ""2160x3840"", ""stored_raster"": ""2160x3840"", ""timebase"": ""consistent"", ""timebase_index_drift_s"": -0.03336666666666667, ""unit_flagged_frac"": 0.0, ""vad_s"": 67.84799999999962, ""vendor"": ""V03""}",render
r13_148,v03_fm3_static_hands_148_V03_S1046_I00000304_P1971_f0001054,V03_S1046_I00000304_P1971,naturalistic/train/0134/0018/V03_S1046_I00000304_P1971,naturalistic/train/0134/0048/V03_S1046_I00000304_P1786,v03_fm3_static_hands,V03,naturalistic,1054,V03,naturalistic,train,ipc_conversation,random draw from V03 files the pipeline sorted into 'fm3_static_hands',"{""audio"": ""present"", ""audio_spectral_flatness"": 0.0016795830554694096, ""audio_speech_level_db"": -30.7571341845485, ""audio_status"": ""ok"", ""audio_voice_isolation_db"": 16.736255966189848, ""flags_fired"": ""fm3_static_hands"", ""fm0_reasons"": ""none"", ""fm1_ankles_visible_frac"": 1.0, ""fm1_hip_flexion_deg_p25"": 161.94404241180683, ""fm1_hip_flexion_deg_p50"": 162.47765896259568, ""fm1_hip_flexion_deg_p75"": 163.0321478033198, ""fm1_knee_between_torso_p50"": 0.5525684541236511, ""fm1_scope"": ""this file (session is 0% seated over 1 files)"", ""fm1_shin_verticality_p50"": 0.9997296930658299, ""fm2_smplh_valid_frac"": 1.0, ""fm3_static_frac"": 0.9006196377502383, ""fps"": 29.97, ""geom_body_roll_deg"": 1.7098133783469294, ""observed_duration_s"": 140.006167, ""repair_applied"": ""none"", ""reproj_shoulder_widths_p50"": 0.14696220426480117, ""shown_raster"": ""2160x3840"", ""stored_raster"": ""2160x3840"", ""timebase"": ""consistent"", ""timebase_index_drift_s"": 0.03336666666666667, ""unit_flagged_frac"": 0.0, ""vad_s"": 17.23200000000088, ""vendor"": ""V03""}",render
r13_149,v03_fm3_static_hands_149_V03_S0123_I00000377_P1271_f0002429,V03_S0123_I00000377_P1271,naturalistic/train/0106/0056/V03_S0123_I00000377_P1271,naturalistic/train/0106/0033/V03_S0123_I00000377_P1270,v03_fm3_static_hands,V03,naturalistic,2429,V03,naturalistic,train,ipc_conversation,random draw from V03 files the pipeline sorted into 'fm3_static_hands',"{""audio"": ""present"", ""audio_spectral_flatness"": 8.46908544326091e-05, ""audio_speech_level_db"": -22.579002128967968, ""audio_status"": ""ok"", ""audio_voice_isolation_db"": 45.4614950075904, ""flags_fired"": ""fm3_static_hands"", ""fm0_reasons"": ""none"", ""fm1_ankles_visible_frac"": 0.932146829810901, ""fm1_hip_flexion_deg_p25"": 169.38034244353958, ""fm1_hip_flexion_deg_p50"": 170.2695356482938, ""fm1_hip_flexion_deg_p75"": 171.154675973849, ""fm1_knee_between_torso_p50"": 0.6913786371587873, ""fm1_scope"": ""this file (session is 0% seated over 4 files)"", ""fm1_shin_verticality_p50"": 0.9999999999980915, ""fm2_smplh_valid_frac"": 1.0, ""fm3_static_frac"": 0.917686318131257, ""fps"": 29.97, ""geom_body_roll_deg"": 5.493826945977415e-06, ""observed_duration_s"": 120.019533, ""repair_applied"": ""none"", ""reproj_shoulder_widths_p50"": 0.11113896757372149, ""shown_raster"": ""2160x3840"", ""stored_raster"": ""2160x3840"", ""timebase"": ""consistent"", ""timebase_index_drift_s"": 0.0, ""unit_flagged_frac"": 0.0, ""vad_s"": 2.900000000000091, ""vendor"": ""V03""}",render
r13_150,v03_fm4_audio_dead_150_V03_S0081_I00000130_P1185_f0000252,V03_S0081_I00000130_P1185,naturalistic/train/0105/0106/V03_S0081_I00000130_P1185,,v03_fm4_audio_dead,V03,naturalistic,252,V03,naturalistic,train,ipc_conversation,random draw from V03 files the pipeline sorted into 'fm4_audio_dead',"{""audio"": ""empty WAV"", ""audio_spectral_flatness"": null, ""audio_speech_level_db"": null, ""audio_status"": ""empty"", ""audio_voice_isolation_db"": null, ""flags_fired"": ""fm4_audio_dead"", ""fm0_reasons"": ""none"", ""fm1_ankles_visible_frac"": 1.0, ""fm1_hip_flexion_deg_p25"": 160.39173642509616, ""fm1_hip_flexion_deg_p50"": 161.93893163567049, ""fm1_hip_flexion_deg_p75"": 164.25478957691092, ""fm1_knee_between_torso_p50"": 0.5825423842271312, ""fm1_scope"": ""this file (session is 0% seated over 1 files)"", ""fm1_shin_verticality_p50"": 0.9997026903580069, ""fm2_smplh_valid_frac"": 1.0, ""fm3_static_frac"": 0.00411522633744856, ""fps"": 29.97, ""geom_body_roll_deg"": 0.8303269598383582, ""observed_duration_s"": 40.473767, ""repair_applied"": ""none"", ""reproj_shoulder_widths_p50"": 0.18677856042973684, ""shown_raster"": ""2160x3840"", ""stored_raster"": ""2160x3840"", ""timebase"": ""drifts +0.1 s"", ""timebase_index_drift_s"": 0.06673333333333334, ""unit_flagged_frac"": 0.0, ""vad_s"": 0.0, ""vendor"": ""V03""}",render
r13_151,v03_fm4_audio_dead_151_V03_S1289_I00000055_P3930_f0002339,V03_S1289_I00000055_P3930,naturalistic/train/0144/0116/V03_S1289_I00000055_P3930,naturalistic/train/0144/0009/V03_S1289_I00000055_P3675,v03_fm4_audio_dead,V03,naturalistic,2339,V03,naturalistic,train,ipc_conversation,random draw from V03 files the pipeline sorted into 'fm4_audio_dead',"{""audio"": ""present"", ""audio_spectral_flatness"": 0.07619942327263544, ""audio_speech_level_db"": -77.82058467144257, ""audio_status"": ""ok"", ""audio_voice_isolation_db"": null, ""flags_fired"": ""fm4_audio_dead"", ""fm0_reasons"": ""none"", ""fm1_ankles_visible_frac"": 1.0, ""fm1_hip_flexion_deg_p25"": 161.61964526839853, ""fm1_hip_flexion_deg_p50"": 162.25448152878917, ""fm1_hip_flexion_deg_p75"": 162.8839309513084, ""fm1_knee_between_torso_p50"": 0.5931218174321765, ""fm1_scope"": ""this file (session is 0% seated over 2 files)"", ""fm1_shin_verticality_p50"": 0.9996714283193786, ""fm2_smplh_valid_frac"": 1.0, ""fm3_static_frac"": 0.7005183025591188, ""fps"": 29.97, ""geom_body_roll_deg"": 0.842522475072337, ""observed_duration_s"": 206.0058, ""repair_applied"": ""none"", ""reproj_shoulder_widths_p50"": 0.19204100741746769, ""shown_raster"": ""2160x3840"", ""stored_raster"": ""2160x3840"", ""timebase"": ""consistent"", ""timebase_index_drift_s"": 0.0, ""unit_flagged_frac"": 0.0, ""vad_s"": 0.0, ""vendor"": ""V03""}",render
r13_152,v03_multi_152_V03_S1016_I00000204_P3237_f0007192,V03_S1016_I00000204_P3237,naturalistic/train/0133/0041/V03_S1016_I00000204_P3237,naturalistic/train/0133/0020/V03_S1016_I00000204_P2943,v03_multi,V03,naturalistic,7192,V03,naturalistic,train,ipc_conversation,random draw from V03 files the pipeline sorted into 'multi'; positioned on the longest untrusted stretch,"{""audio"": ""present"", ""audio_spectral_flatness"": 0.0008048015806607484, ""audio_speech_level_db"": -19.93775785055934, ""audio_status"": ""ok"", ""audio_voice_isolation_db"": 16.18607910083493, ""flags_fired"": ""fm1_sitting+fm2_smplh_invalid"", ""fm0_reasons"": ""none"", ""fm1_ankles_visible_frac"": 1.0, ""fm1_hip_flexion_deg_p25"": 99.08041107165252, ""fm1_hip_flexion_deg_p50"": 101.39360191090336, ""fm1_hip_flexion_deg_p75"": 103.28986386422282, ""fm1_knee_between_torso_p50"": 0.31003947470732085, ""fm1_scope"": ""this file (session is 100% seated over 1 files)"", ""fm1_shin_verticality_p50"": 0.9985422626584655, ""fm2_smplh_valid_frac"": 0.9997528423133959, ""fm3_static_frac"": 0.1537320810677212, ""fps"": 29.97, ""geom_body_roll_deg"": -5.910998280125662e-06, ""observed_duration_s"": 270.0027, ""repair_applied"": ""none"", ""reproj_shoulder_widths_p50"": 0.05677569868295915, ""shown_raster"": ""2160x3840"", ""stored_raster"": ""2160x3840"", ""timebase"": ""consistent"", ""timebase_index_drift_s"": 0.03336666666666667, ""unit_flagged_frac"": 1.0, ""vad_s"": 169.6440000000016, ""vendor"": ""V03""}",render
r13_153,v03_multi_153_V03_S2053_I00000256_P5439_f0006026,V03_S2053_I00000256_P5439,naturalistic/train/0178/0162/V03_S2053_I00000256_P5439,naturalistic/train/0178/0001/V03_S2053_I00000256_P5448,v03_multi,V03,naturalistic,6026,V03,naturalistic,train,grounded_gesture,random draw from V03 files the pipeline sorted into 'multi',"{""audio"": ""present"", ""audio_spectral_flatness"": 0.0008434611003614247, ""audio_speech_level_db"": -18.42364507471221, ""audio_status"": ""ok"", ""audio_voice_isolation_db"": 26.899897994163773, ""flags_fired"": ""fm1_sitting+fm3_static_hands"", ""fm0_reasons"": ""none"", ""fm1_ankles_visible_frac"": 1.0, ""fm1_hip_flexion_deg_p25"": 100.41770935168223, ""fm1_hip_flexion_deg_p50"": 101.36672724868208, ""fm1_hip_flexion_deg_p75"": 103.5203156214614, ""fm1_knee_between_torso_p50"": 0.3346783759873846, ""fm1_scope"": ""this file (session is 100% seated over 1 files)"", ""fm1_shin_verticality_p50"": 0.9863939390556882, ""fm2_smplh_valid_frac"": 1.0, ""fm3_static_frac"": 0.8778453273010038, ""fps"": 29.97, ""geom_body_roll_deg"": 1.9091632668594654, ""observed_duration_s"": 236.002067, ""repair_applied"": ""none"", ""reproj_shoulder_widths_p50"": 0.059377959951869216, ""shown_raster"": ""2160x3840"", ""stored_raster"": ""2160x3840"", ""timebase"": ""consistent"", ""timebase_index_drift_s"": 0.03336666666666667, ""unit_flagged_frac"": 1.0, ""vad_s"": 50.02599999999984, ""vendor"": ""V03""}",render
r13_154,v03_multi_154_V03_S1777_I00000349_P5010_f0004675,V03_S1777_I00000349_P5010,naturalistic/train/0166/0049/V03_S1777_I00000349_P5010,naturalistic/train/0166/0008/V03_S1777_I00000349_P5173,v03_multi,V03,naturalistic,4675,V03,naturalistic,train,grounded_gesture,random draw from V03 files the pipeline sorted into 'multi'; positioned on the longest untrusted stretch,"{""audio"": ""present"", ""audio_spectral_flatness"": 0.00038141059875463636, ""audio_speech_level_db"": -18.630834256568, ""audio_status"": ""ok"", ""audio_voice_isolation_db"": 21.107385222458706, ""flags_fired"": ""fm1_sitting+fm2_smplh_invalid"", ""fm0_reasons"": ""none"", ""fm1_ankles_visible_frac"": 0.9976677430929315, ""fm1_hip_flexion_deg_p25"": 141.07314708498308, ""fm1_hip_flexion_deg_p50"": 143.23807440281112, ""fm1_hip_flexion_deg_p75"": 147.8215562265936, ""fm1_knee_between_torso_p50"": 0.5466849236050412, ""fm1_scope"": ""this file (session is 100% seated over 1 files)"", ""fm1_shin_verticality_p50"": 0.9994801117722887, ""fm2_smplh_valid_frac"": 0.9978471474703983, ""fm3_static_frac"": 0.6535701471115896, ""fps"": 29.97, ""geom_body_roll_deg"": -0.7252234916694529, ""observed_duration_s"": 186.0188, ""repair_applied"": ""none"", ""reproj_shoulder_widths_p50"": 0.2000646499807936, ""shown_raster"": ""2160x3840"", ""stored_raster"": ""2160x3840"", ""timebase"": ""consistent"", ""timebase_index_drift_s"": 0.0, ""unit_flagged_frac"": 1.0, ""vad_s"": 30.114000000000487, ""vendor"": ""V03""}",render
r13_155,v03_multi_155_V03_S1821_I00000003_P3624_f0010180,V03_S1821_I00000003_P3624,naturalistic/train/0168/0129/V03_S1821_I00000003_P3624,naturalistic/train/0168/0048/V03_S1821_I00000003_P3720,v03_multi,V03,naturalistic,10180,V03,naturalistic,train,ipc_conversation,random draw from V03 files the pipeline sorted into 'multi'; positioned on the longest untrusted stretch,"{""audio"": ""present"", ""audio_spectral_flatness"": 4.9831009111941634e-05, ""audio_speech_level_db"": -24.378483467383603, ""audio_status"": ""ok"", ""audio_voice_isolation_db"": 17.15780990486167, ""flags_fired"": ""fm1_sitting+fm2_smplh_invalid"", ""fm0_reasons"": ""none"", ""fm1_ankles_visible_frac"": 0.1312778408594637, ""fm1_hip_flexion_deg_p25"": 143.2297125091227, ""fm1_hip_flexion_deg_p50"": 145.88085873936845, ""fm1_hip_flexion_deg_p75"": 151.16914192646323, ""fm1_knee_between_torso_p50"": 0.5353443585990301, ""fm1_scope"": ""this file (session is 100% seated over 2 files)"", ""fm1_shin_verticality_p50"": 0.9993148387299645, ""fm2_smplh_valid_frac"": 0.9979037470521442, ""fm3_static_frac"": 0.6894925320988733, ""fps"": 29.97, ""geom_body_roll_deg"": -0.842525405314118, ""observed_duration_s"": 382.014967, ""repair_applied"": ""none"", ""reproj_shoulder_widths_p50"": 0.11539227727346836, ""shown_raster"": ""2160x3840"", ""stored_raster"": ""2160x3840"", ""timebase"": ""consistent"", ""timebase_index_drift_s"": 0.0, ""unit_flagged_frac"": 1.0, ""vad_s"": 50.4319999999999, ""vendor"": ""V03""}",render
r13_156,v03_multi_156_V03_S1161_I00000411_P3658_f0007826,V03_S1161_I00000411_P3658,naturalistic/train/0138/0116/V03_S1161_I00000411_P3658,naturalistic/train/0138/0094/V03_S1161_I00000411_P3193,v03_multi,V03,naturalistic,7826,V03,naturalistic,train,ipc_conversation,random draw from V03 files the pipeline sorted into 'multi',"{""audio"": ""present"", ""audio_spectral_flatness"": 0.0002903235518354221, ""audio_speech_level_db"": -36.56561675662838, ""audio_status"": ""ok"", ""audio_voice_isolation_db"": 9.06056371597284, ""flags_fired"": ""fm1_sitting+fm3_static_hands"", ""fm0_reasons"": ""none"", ""fm1_ankles_visible_frac"": 1.0, ""fm1_hip_flexion_deg_p25"": 119.60983865460662, ""fm1_hip_flexion_deg_p50"": 121.51314273835767, ""fm1_hip_flexion_deg_p75"": 124.00594491423303, ""fm1_knee_between_torso_p50"": 0.4242042416404787, ""fm1_scope"": ""this file (session is 100% seated over 2 files)"", ""fm1_shin_verticality_p50"": 0.9997166764857782, ""fm2_smplh_valid_frac"": 1.0, ""fm3_static_frac"": 0.7950819672131147, ""fps"": 29.97, ""geom_body_roll_deg"": 0.0, ""observed_duration_s"": 346.011967, ""repair_applied"": ""none"", ""reproj_shoulder_widths_p50"": 0.05129148447388128, ""shown_raster"": ""2160x3840"", ""stored_raster"": ""2160x3840"", ""timebase"": ""consistent"", ""timebase_index_drift_s"": 0.03336666666666667, ""unit_flagged_frac"": 1.0, ""vad_s"": 7.658000000000047, ""vendor"": ""V03""}",render
