review_item_id,clip_id,file_id,source_relbase,partner_source_relbase,sample_group,vendor_stratum,label_stratum,start_frame,vendor,label,split,activity_type,selection_reason,signals_json,render_policy
pi_000,v00_pass_improvised_000_V00_S0226_I00000140_P0312_f0003519,V00_S0226_I00000140_P0312,improvised/train/0005/0032/V00_S0226_I00000140_P0312,improvised/train/0005/0020/V00_S0226_I00000140_P0150A,v00_pass_improvised,V00,improvised,3519,V00,improvised,train,ipc_conversation,random draw from V00 improvised files the pipeline keeps,"{""audio_envelope_dynamics_db"": 37.907064504835205, ""audio_status"": ""ok"", ""condition"": ""improvised"", ""fm1_hip_flexion_deg_p50"": 138.0577018625916, ""fm1_knee_between_torso_p50"": 0.6042952319208399, ""fm1_scope"": ""session"", ""fm2_longest_invalid_run_s"": 0.0, ""fm2_smplh_valid_frac"": 1.0, ""fm3_static_frac"": 0.18656462585034014, ""observed_duration_s"": 196.0, ""vendor"": ""V00"", ""verdict"": ""kept""}",render
pi_001,v00_pass_improvised_001_V00_S1208_I00001233_P0042A_f0002677,V00_S1208_I00001233_P0042A,improvised/train/0027/0021/V00_S1208_I00001233_P0042A,improvised/train/0027/0042/V00_S1208_I00001233_P0124A,v00_pass_improvised,V00,improvised,2677,V00,improvised,train,ipc_conversation,random draw from V00 improvised files the pipeline keeps,"{""audio_envelope_dynamics_db"": 25.714371990304393, ""audio_status"": ""ok"", ""condition"": ""improvised"", ""fm1_hip_flexion_deg_p50"": 163.31687926371808, ""fm1_knee_between_torso_p50"": 0.5706752064243674, ""fm1_scope"": ""session"", ""fm2_longest_invalid_run_s"": 0.0, ""fm2_smplh_valid_frac"": 1.0, ""fm3_static_frac"": 0.0903030303030303, ""observed_duration_s"": 220.0, ""vendor"": ""V00"", ""verdict"": ""kept""}",render
pi_002,v00_pass_improvised_002_V00_S0605_I00000479_P0229A_f0001562,V00_S0605_I00000479_P0229A,improvised/train/0011/0047/V00_S0605_I00000479_P0229A,improvised/train/0011/0000/V00_S0605_I00000479_P0069,v00_pass_improvised,V00,improvised,1562,V00,improvised,train,ipc_conversation,random draw from V00 improvised files the pipeline keeps,"{""audio_envelope_dynamics_db"": 47.24377018841528, ""audio_status"": ""ok"", ""condition"": ""improvised"", ""fm1_hip_flexion_deg_p50"": 155.0288375873767, ""fm1_knee_between_torso_p50"": 0.5517881679957807, ""fm1_scope"": ""session"", ""fm2_longest_invalid_run_s"": 0.0, ""fm2_smplh_valid_frac"": 1.0, ""fm3_static_frac"": 0.6372773536895674, ""observed_duration_s"": 262.0, ""vendor"": ""V00"", ""verdict"": ""kept""}",render
pi_003,v00_pass_improvised_003_V00_S1519_I00000640_P0933A_f0003458,V00_S1519_I00000640_P0933A,improvised/train/0036/0030/V00_S1519_I00000640_P0933A,improvised/train/0036/0013/V00_S1519_I00000640_P0744A,v00_pass_improvised,V00,improvised,3458,V00,improvised,train,ipc_conversation,random draw from V00 improvised files the pipeline keeps,"{""audio_envelope_dynamics_db"": 31.954963197282048, ""audio_status"": ""ok"", ""condition"": ""improvised"", ""fm1_hip_flexion_deg_p50"": 150.81565508941762, ""fm1_knee_between_torso_p50"": 0.5658782981199165, ""fm1_scope"": ""session"", ""fm2_longest_invalid_run_s"": 0.0, ""fm2_smplh_valid_frac"": 1.0, ""fm3_static_frac"": 0.0040650406504065045, ""observed_duration_s"": 328.0, ""vendor"": ""V00"", ""verdict"": ""kept""}",render
pi_004,v00_pass_improvised_004_V00_S0856_I00000871_P0196A_f0001777,V00_S0856_I00000871_P0196A,improvised/train/0017/0016/V00_S0856_I00000871_P0196A,improvised/train/0017/0038/V00_S0856_I00000871_P0359A,v00_pass_improvised,V00,improvised,1777,V00,improvised,train,ipc_conversation,random draw from V00 improvised files the pipeline keeps,"{""audio_envelope_dynamics_db"": 48.46437509586578, ""audio_status"": ""ok"", ""condition"": ""improvised"", ""fm1_hip_flexion_deg_p50"": 157.12713637270483, ""fm1_knee_between_torso_p50"": 0.5707921651114249, ""fm1_scope"": ""session"", ""fm2_longest_invalid_run_s"": 0.0, ""fm2_smplh_valid_frac"": 1.0, ""fm3_static_frac"": 0.008702791461412151, ""observed_duration_s"": 406.0, ""vendor"": ""V00"", ""verdict"": ""kept""}",render
pi_005,v00_pass_improvised_005_V00_S0340_I00000483_P0365_f0005770,V00_S0340_I00000483_P0365,improvised/train/0008/0026/V00_S0340_I00000483_P0365,improvised/train/0008/0011/V00_S0340_I00000483_P0040A,v00_pass_improvised,V00,improvised,5770,V00,improvised,train,ipc_conversation,random draw from V00 improvised files the pipeline keeps,"{""audio_envelope_dynamics_db"": 17.884985419772526, ""audio_status"": ""ok"", ""condition"": ""improvised"", ""fm1_hip_flexion_deg_p50"": 153.8963236999804, ""fm1_knee_between_torso_p50"": 0.5520115110324515, ""fm1_scope"": ""session"", ""fm2_longest_invalid_run_s"": 0.0, ""fm2_smplh_valid_frac"": 1.0, ""fm3_static_frac"": 0.07757352941176471, ""observed_duration_s"": 272.0, ""vendor"": ""V00"", ""verdict"": ""kept""}",render
pi_006,v00_pass_improvised_006_V00_S1065_I00001233_P0397A_f0000367,V00_S1065_I00001233_P0397A,improvised/train/0023/0001/V00_S1065_I00001233_P0397A,improvised/train/0023/0011/V00_S1065_I00001233_P0210A,v00_pass_improvised,V00,improvised,367,V00,improvised,train,ipc_conversation,random draw from V00 improvised files the pipeline keeps,"{""audio_envelope_dynamics_db"": 32.55312030906455, ""audio_status"": ""ok"", ""condition"": ""improvised"", ""fm1_hip_flexion_deg_p50"": 125.9776329404097, ""fm1_knee_between_torso_p50"": 0.556257464224367, ""fm1_scope"": ""session"", ""fm2_longest_invalid_run_s"": 0.0, ""fm2_smplh_valid_frac"": 1.0, ""fm3_static_frac"": 0.2441025641025641, ""observed_duration_s"": 130.0, ""vendor"": ""V00"", ""verdict"": ""kept""}",render
pi_007,v00_pass_improvised_007_V00_S1308_I00001192_P0085A_f0000452,V00_S1308_I00001192_P0085A,improvised/train/0029/0010/V00_S1308_I00001192_P0085A,improvised/train/0029/0039/V00_S1308_I00001192_P0955A,v00_pass_improvised,V00,improvised,452,V00,improvised,train,ipc_conversation,random draw from V00 improvised files the pipeline keeps,"{""audio_envelope_dynamics_db"": 26.976928714703043, ""audio_status"": ""ok"", ""condition"": ""improvised"", ""fm1_hip_flexion_deg_p50"": 145.98459069128955, ""fm1_knee_between_torso_p50"": 0.5448118188137583, ""fm1_scope"": ""session"", ""fm2_longest_invalid_run_s"": 0.0, ""fm2_smplh_valid_frac"": 1.0, ""fm3_static_frac"": 0.2606965174129353, ""observed_duration_s"": 268.0, ""vendor"": ""V00"", ""verdict"": ""kept""}",render
pi_008,v00_pass_improvised_008_V00_S2078_I00001215_P1335A_f0008254,V00_S2078_I00001215_P1335A,improvised/train/0049/0014/V00_S2078_I00001215_P1335A,improvised/train/0049/0013/V00_S2078_I00001215_P1336A,v00_pass_improvised,V00,improvised,8254,V00,improvised,train,ipc_conversation,random draw from V00 improvised files the pipeline keeps,"{""audio_envelope_dynamics_db"": 38.38690119325767, ""audio_status"": ""ok"", ""condition"": ""improvised"", ""fm1_hip_flexion_deg_p50"": 128.79335488599244, ""fm1_knee_between_torso_p50"": 0.4952545756233573, ""fm1_scope"": ""session"", ""fm2_longest_invalid_run_s"": 0.0, ""fm2_smplh_valid_frac"": 1.0, ""fm3_static_frac"": 0.26952965235173826, ""observed_duration_s"": 326.0, ""vendor"": ""V00"", ""verdict"": ""kept""}",render
pi_009,v00_pass_improvised_009_V00_S1615_I00001164_P1114A_f0003584,V00_S1615_I00001164_P1114A,improvised/train/0039/0034/V00_S1615_I00001164_P1114A,improvised/train/0039/0036/V00_S1615_I00001164_P0196A,v00_pass_improvised,V00,improvised,3584,V00,improvised,train,ipc_conversation,random draw from V00 improvised files the pipeline keeps,"{""audio_envelope_dynamics_db"": 21.623854598501353, ""audio_status"": ""ok"", ""condition"": ""improvised"", ""fm1_hip_flexion_deg_p50"": 140.99856257625876, ""fm1_knee_between_torso_p50"": 0.5531003324139538, ""fm1_scope"": ""session"", ""fm2_longest_invalid_run_s"": 0.0, ""fm2_smplh_valid_frac"": 1.0, ""fm3_static_frac"": 0.42516129032258065, ""observed_duration_s"": 310.0, ""vendor"": ""V00"", ""verdict"": ""kept""}",render
pi_010,v00_pass_improvised_010_V00_S0924_I00000785_P0229A_f0000234,V00_S0924_I00000785_P0229A,improvised/train/0019/0039/V00_S0924_I00000785_P0229A,improvised/train/0019/0041/V00_S0924_I00000785_P0145,v00_pass_improvised,V00,improvised,234,V00,improvised,train,grounded_gesture,random draw from V00 improvised files the pipeline keeps,"{""audio_envelope_dynamics_db"": 48.58000661578482, ""audio_status"": ""ok"", ""condition"": ""improvised"", ""fm1_hip_flexion_deg_p50"": 134.33255033423188, ""fm1_knee_between_torso_p50"": 0.4805985361963264, ""fm1_scope"": ""session"", ""fm2_longest_invalid_run_s"": 0.0, ""fm2_smplh_valid_frac"": 1.0, ""fm3_static_frac"": 0.4772727272727273, ""observed_duration_s"": 132.0, ""vendor"": ""V00"", ""verdict"": ""kept""}",render
pi_011,v00_pass_improvised_011_V00_S0892_I00000487_P0073_f0001293,V00_S0892_I00000487_P0073,improvised/train/0018/0037/V00_S0892_I00000487_P0073,improvised/train/0018/0004/V00_S0892_I00000487_P0250A,v00_pass_improvised,V00,improvised,1293,V00,improvised,train,ipc_conversation,random draw from V00 improvised files the pipeline keeps,"{""audio_envelope_dynamics_db"": 21.85063774309146, ""audio_status"": ""ok"", ""condition"": ""improvised"", ""fm1_hip_flexion_deg_p50"": 149.9995031832435, ""fm1_knee_between_torso_p50"": 0.5682007221078953, ""fm1_scope"": ""session"", ""fm2_longest_invalid_run_s"": 0.0, ""fm2_smplh_valid_frac"": 1.0, ""fm3_static_frac"": 0.2636986301369863, ""observed_duration_s"": 146.0, ""vendor"": ""V00"", ""verdict"": ""kept""}",render
pi_012,v00_pass_naturalistic_012_V00_S0423_I00000134_P0559_f0001818,V00_S0423_I00000134_P0559,naturalistic/train/0011/0005/V00_S0423_I00000134_P0559,naturalistic/train/0011/0007/V00_S0423_I00000134_P0558,v00_pass_naturalistic,V00,naturalistic,1818,V00,naturalistic,train,ipc_conversation,random draw from V00 naturalistic files the pipeline keeps,"{""audio_envelope_dynamics_db"": 31.635041862341417, ""audio_status"": ""ok"", ""condition"": ""naturalistic"", ""fm1_hip_flexion_deg_p50"": 151.11881174094134, ""fm1_knee_between_torso_p50"": 0.5187019462911328, ""fm1_scope"": ""session"", ""fm2_longest_invalid_run_s"": 0.0, ""fm2_smplh_valid_frac"": 1.0, ""fm3_static_frac"": 0.003869047619047619, ""observed_duration_s"": 112.0, ""vendor"": ""V00"", ""verdict"": ""kept""}",render
pi_013,v00_pass_naturalistic_013_V00_S0590_I00000309_P0745_f0003121,V00_S0590_I00000309_P0745,naturalistic/train/0017/0020/V00_S0590_I00000309_P0745,naturalistic/train/0017/0019/V00_S0590_I00000309_P0744,v00_pass_naturalistic,V00,naturalistic,3121,V00,naturalistic,train,ipc_conversation,random draw from V00 naturalistic files the pipeline keeps,"{""audio_envelope_dynamics_db"": 44.873991866242996, ""audio_status"": ""ok"", ""condition"": ""naturalistic"", ""fm1_hip_flexion_deg_p50"": 160.6153587550345, ""fm1_knee_between_torso_p50"": 0.5454746768219245, ""fm1_scope"": ""session"", ""fm2_longest_invalid_run_s"": 0.0, ""fm2_smplh_valid_frac"": 1.0, ""fm3_static_frac"": 0.30140845070422534, ""observed_duration_s"": 142.0, ""vendor"": ""V00"", ""verdict"": ""kept""}",render
pi_014,v00_pass_naturalistic_014_V00_S0378_I00000134_P0502_f0002904,V00_S0378_I00000134_P0502,naturalistic/train/0009/0006/V00_S0378_I00000134_P0502,naturalistic/train/0009/0008/V00_S0378_I00000134_P0501,v00_pass_naturalistic,V00,naturalistic,2904,V00,naturalistic,train,ipc_conversation,random draw from V00 naturalistic files the pipeline keeps,"{""audio_envelope_dynamics_db"": 35.42016426292224, ""audio_status"": ""ok"", ""condition"": ""naturalistic"", ""fm1_hip_flexion_deg_p50"": 135.57060697506168, ""fm1_knee_between_torso_p50"": 0.5248067811720718, ""fm1_scope"": ""session"", ""fm2_longest_invalid_run_s"": 0.0, ""fm2_smplh_valid_frac"": 1.0, ""fm3_static_frac"": 0.600177304964539, ""observed_duration_s"": 188.0, ""vendor"": ""V00"", ""verdict"": ""kept""}",render
pi_015,v00_pass_naturalistic_015_V00_S0933_I00000378_P0144_f0000260,V00_S0933_I00000378_P0144,naturalistic/train/0024/0041/V00_S0933_I00000378_P0144,naturalistic/train/0024/0036/V00_S0933_I00000378_P1026,v00_pass_naturalistic,V00,naturalistic,260,V00,naturalistic,train,ipc_conversation,random draw from V00 naturalistic files the pipeline keeps,"{""audio_envelope_dynamics_db"": 29.279377272606652, ""audio_status"": ""ok"", ""condition"": ""naturalistic"", ""fm1_hip_flexion_deg_p50"": 153.59083922158834, ""fm1_knee_between_torso_p50"": 0.5287496135882934, ""fm1_scope"": ""session"", ""fm2_longest_invalid_run_s"": 0.0, ""fm2_smplh_valid_frac"": 1.0, ""fm3_static_frac"": 0.021666666666666667, ""observed_duration_s"": 100.0, ""vendor"": ""V00"", ""verdict"": ""kept""}",render
pi_016,v00_pass_naturalistic_016_V00_S0911_I00000478_P1008_f0002058,V00_S0911_I00000478_P1008,naturalistic/train/0024/0044/V00_S0911_I00000478_P1008,naturalistic/train/0024/0029/V00_S0911_I00000478_P0775,v00_pass_naturalistic,V00,naturalistic,2058,V00,naturalistic,train,ipc_conversation,random draw from V00 naturalistic files the pipeline keeps,"{""audio_envelope_dynamics_db"": 44.063224606955394, ""audio_status"": ""ok"", ""condition"": ""naturalistic"", ""fm1_hip_flexion_deg_p50"": 152.2789263366834, ""fm1_knee_between_torso_p50"": 0.5561563272053459, ""fm1_scope"": ""session"", ""fm2_longest_invalid_run_s"": 0.0, ""fm2_smplh_valid_frac"": 1.0, ""fm3_static_frac"": 0.0022222222222222222, ""observed_duration_s"": 180.0, ""vendor"": ""V00"", ""verdict"": ""kept""}",render
pi_017,v00_pass_naturalistic_017_V00_S0391_I00000487_P0520_f0004133,V00_S0391_I00000487_P0520,naturalistic/train/0010/0044/V00_S0391_I00000487_P0520,naturalistic/train/0010/0002/V00_S0391_I00000487_P0519,v00_pass_naturalistic,V00,naturalistic,4133,V00,naturalistic,train,ipc_conversation,random draw from V00 naturalistic files the pipeline keeps,"{""audio_envelope_dynamics_db"": 36.37990174438439, ""audio_status"": ""ok"", ""condition"": ""naturalistic"", ""fm1_hip_flexion_deg_p50"": 125.50780278665337, ""fm1_knee_between_torso_p50"": 0.48252922579627805, ""fm1_scope"": ""session"", ""fm2_longest_invalid_run_s"": 0.0, ""fm2_smplh_valid_frac"": 1.0, ""fm3_static_frac"": 0.605718954248366, ""observed_duration_s"": 204.0, ""vendor"": ""V00"", ""verdict"": ""kept""}",render
pi_018,v00_pass_naturalistic_018_V00_S0421_I00000520_P0554_f0000277,V00_S0421_I00000520_P0554,naturalistic/train/0011/0042/V00_S0421_I00000520_P0554,naturalistic/train/0011/0027/V00_S0421_I00000520_P0555,v00_pass_naturalistic,V00,naturalistic,277,V00,naturalistic,train,grounded_gesture,random draw from V00 naturalistic files the pipeline keeps,"{""audio_envelope_dynamics_db"": 37.573736519452, ""audio_status"": ""ok"", ""condition"": ""naturalistic"", ""fm1_hip_flexion_deg_p50"": 139.54083313489198, ""fm1_knee_between_torso_p50"": 0.5830563302998245, ""fm1_scope"": ""session"", ""fm2_longest_invalid_run_s"": 0.0, ""fm2_smplh_valid_frac"": 1.0, ""fm3_static_frac"": 0.015023474178403756, ""observed_duration_s"": 142.0, ""vendor"": ""V00"", ""verdict"": ""kept""}",render
pi_019,v00_pass_naturalistic_019_V00_S0652_I00000132_P0809_f0001881,V00_S0652_I00000132_P0809,naturalistic/train/0019/0002/V00_S0652_I00000132_P0809,naturalistic/train/0019/0004/V00_S0652_I00000132_P0810,v00_pass_naturalistic,V00,naturalistic,1881,V00,naturalistic,train,ipc_conversation,random draw from V00 naturalistic files the pipeline keeps,"{""audio_envelope_dynamics_db"": 26.101597465995177, ""audio_status"": ""ok"", ""condition"": ""naturalistic"", ""fm1_hip_flexion_deg_p50"": 143.06996719644795, ""fm1_knee_between_torso_p50"": 0.6073500077817453, ""fm1_scope"": ""session"", ""fm2_longest_invalid_run_s"": 0.0, ""fm2_smplh_valid_frac"": 1.0, ""fm3_static_frac"": 0.008614232209737827, ""observed_duration_s"": 178.0, ""vendor"": ""V00"", ""verdict"": ""kept""}",render
pi_020,v00_pass_naturalistic_020_V00_S1959_I00000245_P0984_f0000057,V00_S1959_I00000245_P0984,naturalistic/train/0032/0026/V00_S1959_I00000245_P0984,naturalistic/train/0032/0024/V00_S1959_I00000245_P1228,v00_pass_naturalistic,V00,naturalistic,57,V00,naturalistic,train,ipc_conversation,random draw from V00 naturalistic files the pipeline keeps,"{""audio_envelope_dynamics_db"": 31.842750537081145, ""audio_status"": ""ok"", ""condition"": ""naturalistic"", ""fm1_hip_flexion_deg_p50"": 157.83074495243616, ""fm1_knee_between_torso_p50"": 0.5470530568418568, ""fm1_scope"": ""session"", ""fm2_longest_invalid_run_s"": 0.0, ""fm2_smplh_valid_frac"": 1.0, ""fm3_static_frac"": 0.6111111111111112, ""observed_duration_s"": 102.0, ""vendor"": ""V00"", ""verdict"": ""kept""}",render
pi_021,v00_pass_naturalistic_021_V00_S1957_I00000397_P0710_f0001391,V00_S1957_I00000397_P0710,naturalistic/train/0031/0027/V00_S1957_I00000397_P0710,naturalistic/train/0031/0030/V00_S1957_I00000397_P1219,v00_pass_naturalistic,V00,naturalistic,1391,V00,naturalistic,train,ipc_conversation,random draw from V00 naturalistic files the pipeline keeps,"{""audio_envelope_dynamics_db"": 40.35062207836894, ""audio_status"": ""ok"", ""condition"": ""naturalistic"", ""fm1_hip_flexion_deg_p50"": 137.68941423165234, ""fm1_knee_between_torso_p50"": 0.5090450305195233, ""fm1_scope"": ""session"", ""fm2_longest_invalid_run_s"": 0.0, ""fm2_smplh_valid_frac"": 1.0, ""fm3_static_frac"": 0.6029411764705882, ""observed_duration_s"": 102.0, ""vendor"": ""V00"", ""verdict"": ""kept""}",render
pi_022,v00_pass_naturalistic_022_V00_S0574_I00000125_P0724_f0005313,V00_S0574_I00000125_P0724,naturalistic/train/0016/0026/V00_S0574_I00000125_P0724,naturalistic/train/0016/0042/V00_S0574_I00000125_P0725,v00_pass_naturalistic,V00,naturalistic,5313,V00,naturalistic,train,ipc_conversation,random draw from V00 naturalistic files the pipeline keeps,"{""audio_envelope_dynamics_db"": 38.968152179939366, ""audio_status"": ""ok"", ""condition"": ""naturalistic"", ""fm1_hip_flexion_deg_p50"": 152.97730976870088, ""fm1_knee_between_torso_p50"": 0.522560954114714, ""fm1_scope"": ""session"", ""fm2_longest_invalid_run_s"": 0.0, ""fm2_smplh_valid_frac"": 1.0, ""fm3_static_frac"": 0.2641385767790262, ""observed_duration_s"": 356.0, ""vendor"": ""V00"", ""verdict"": ""kept""}",render
pi_023,v00_pass_naturalistic_023_V00_S0415_I00000371_P0544_f0000233,V00_S0415_I00000371_P0544,naturalistic/train/0011/0016/V00_S0415_I00000371_P0544,naturalistic/train/0011/0020/V00_S0415_I00000371_P0545,v00_pass_naturalistic,V00,naturalistic,233,V00,naturalistic,train,ipc_conversation,random draw from V00 naturalistic files the pipeline keeps,"{""audio_envelope_dynamics_db"": 36.42420352808486, ""audio_status"": ""ok"", ""condition"": ""naturalistic"", ""fm1_hip_flexion_deg_p50"": 153.7961140360448, ""fm1_knee_between_torso_p50"": 0.5411881301964907, ""fm1_scope"": ""session"", ""fm2_longest_invalid_run_s"": 0.0, ""fm2_smplh_valid_frac"": 1.0, ""fm3_static_frac"": 0.09577114427860696, ""observed_duration_s"": 134.0, ""vendor"": ""V00"", ""verdict"": ""kept""}",render
pi_024,v00_fm1_sitting_024_V00_S1016_I00000266_P1057_f0002023,V00_S1016_I00000266_P1057,naturalistic/train/0025/0019/V00_S1016_I00000266_P1057,naturalistic/train/0025/0029/V00_S1016_I00000266_P1058,v00_fm1_sitting,V00,naturalistic,2023,V00,naturalistic,train,ipc_conversation,random draw from V00 files that tripped fm1_sitting,"{""audio_envelope_dynamics_db"": 39.68364253422888, ""audio_status"": ""ok"", ""condition"": ""naturalistic"", ""fm1_hip_flexion_deg_p50"": 98.44035939407297, ""fm1_knee_between_torso_p50"": 0.29064625017237844, ""fm1_scope"": ""session"", ""fm2_longest_invalid_run_s"": 1.2, ""fm2_smplh_valid_frac"": 0.988495575221239, ""fm3_static_frac"": 0.02094395280235988, ""observed_duration_s"": 226.0, ""vendor"": ""V00"", ""verdict"": ""rejected by FM1 and FM2""}",render
pi_025,v00_fm1_sitting_025_V00_S0112_I00000500_P0163_f0000691,V00_S0112_I00000500_P0163,naturalistic/train/0002/0035/V00_S0112_I00000500_P0163,naturalistic/train/0002/0018/V00_S0112_I00000500_P0162,v00_fm1_sitting,V00,naturalistic,691,V00,naturalistic,train,ipc_conversation,random draw from V00 files that tripped fm1_sitting,"{""audio_envelope_dynamics_db"": 43.699528202623604, ""audio_status"": ""ok"", ""condition"": ""naturalistic"", ""fm1_hip_flexion_deg_p50"": 111.36783101043949, ""fm1_knee_between_torso_p50"": 0.3668416960256578, ""fm1_scope"": ""session"", ""fm2_longest_invalid_run_s"": 0.03333333333333333, ""fm2_smplh_valid_frac"": 0.9998245614035087, ""fm3_static_frac"": 0.7164912280701754, ""observed_duration_s"": 190.0, ""vendor"": ""V00"", ""verdict"": ""rejected by FM1 and FM2""}",render
pi_026,v00_fm1_sitting_026_V00_S0555_I00000137_P0699_f0002000,V00_S0555_I00000137_P0699,naturalistic/train/0015/0016/V00_S0555_I00000137_P0699,naturalistic/train/0015/0010/V00_S0555_I00000137_P0698,v00_fm1_sitting,V00,naturalistic,2000,V00,naturalistic,train,ipc_conversation,random draw from V00 files that tripped fm1_sitting,"{""audio_envelope_dynamics_db"": 34.936019003524855, ""audio_status"": ""ok"", ""condition"": ""naturalistic"", ""fm1_hip_flexion_deg_p50"": 82.89825879810158, ""fm1_knee_between_torso_p50"": 0.07746442440909154, ""fm1_scope"": ""session"", ""fm2_longest_invalid_run_s"": 0.0, ""fm2_smplh_valid_frac"": 1.0, ""fm3_static_frac"": 0.3665137614678899, ""observed_duration_s"": 218.0, ""vendor"": ""V00"", ""verdict"": ""rejected by FM1""}",render
pi_027,v00_fm1_sitting_027_V00_S0446_I00000134_P0489_f0001215,V00_S0446_I00000134_P0489,naturalistic/train/0012/0005/V00_S0446_I00000134_P0489,naturalistic/train/0012/0026/V00_S0446_I00000134_P0585,v00_fm1_sitting,V00,naturalistic,1215,V00,naturalistic,train,ipc_conversation,random draw from V00 files that tripped fm1_sitting,"{""audio_envelope_dynamics_db"": 33.26268320632138, ""audio_status"": ""ok"", ""condition"": ""naturalistic"", ""fm1_hip_flexion_deg_p50"": 105.68155025886036, ""fm1_knee_between_torso_p50"": 0.37686719208724145, ""fm1_scope"": ""session"", ""fm2_longest_invalid_run_s"": 0.0, ""fm2_smplh_valid_frac"": 1.0, ""fm3_static_frac"": 0.5622362869198312, ""observed_duration_s"": 158.0, ""vendor"": ""V00"", ""verdict"": ""rejected by FM1""}",render
pi_028,v00_fm1_sitting_028_V00_S0360_I00000135_P0484_f0001582,V00_S0360_I00000135_P0484,naturalistic/dev/0000/0001/V00_S0360_I00000135_P0484,naturalistic/dev/0000/0012/V00_S0360_I00000135_P0485,v00_fm1_sitting,V00,naturalistic,1582,V00,naturalistic,dev,collaborative_storytelling,random draw from V00 files that tripped fm1_sitting,"{""audio_envelope_dynamics_db"": 36.86817352583003, ""audio_status"": ""ok"", ""condition"": ""naturalistic"", ""fm1_hip_flexion_deg_p50"": 100.41403838078695, ""fm1_knee_between_torso_p50"": 0.28112147775015567, ""fm1_scope"": ""session"", ""fm2_longest_invalid_run_s"": 0.0, ""fm2_smplh_valid_frac"": 1.0, ""fm3_static_frac"": 0.014539007092198582, ""observed_duration_s"": 94.0, ""vendor"": ""V00"", ""verdict"": ""rejected by FM1""}",render
pi_029,v00_fm1_sitting_029_V00_S1701_I00001006_P0974A_f0005074,V00_S1701_I00001006_P0974A,improvised/train/0041/0037/V00_S1701_I00001006_P0974A,improvised/train/0041/0004/V00_S1701_I00001006_P0933A,v00_fm1_sitting,V00,improvised,5074,V00,improvised,train,ipc_conversation,random draw from V00 files that tripped fm1_sitting,"{""audio_envelope_dynamics_db"": 47.61823278927097, ""audio_status"": ""ok"", ""condition"": ""improvised"", ""fm1_hip_flexion_deg_p50"": 111.80014535387762, ""fm1_knee_between_torso_p50"": 0.4007335429731076, ""fm1_scope"": ""session"", ""fm2_longest_invalid_run_s"": 1.2, ""fm2_smplh_valid_frac"": 0.9836633663366336, ""fm3_static_frac"": 0.01996699669966997, ""observed_duration_s"": 202.0, ""vendor"": ""V00"", ""verdict"": ""rejected by FM1 and FM2""}",render
pi_030,v00_fm1_sitting_030_V00_S0603_I00000503_P0762_f0000005,V00_S0603_I00000503_P0762,naturalistic/train/0017/0024/V00_S0603_I00000503_P0762,naturalistic/train/0017/0041/V00_S0603_I00000503_P0763,v00_fm1_sitting,V00,naturalistic,5,V00,naturalistic,train,grounded_gesture,random draw from V00 files that tripped fm1_sitting,"{""audio_envelope_dynamics_db"": 32.27208212747485, ""audio_status"": ""ok"", ""condition"": ""naturalistic"", ""fm1_hip_flexion_deg_p50"": 105.79682554589246, ""fm1_knee_between_torso_p50"": 0.3516578873591082, ""fm1_scope"": ""session"", ""fm2_longest_invalid_run_s"": 3.966666666666667, ""fm2_smplh_valid_frac"": 0.9592592592592593, ""fm3_static_frac"": 0.2532415983064303, ""observed_duration_s"": 126.0, ""vendor"": ""V00"", ""verdict"": ""rejected by FM1 and FM2""}",render
pi_031,v00_fm1_sitting_031_V00_S0626_I00000375_P0778_f0002904,V00_S0626_I00000375_P0778,naturalistic/train/0018/0040/V00_S0626_I00000375_P0778,naturalistic/train/0018/0036/V00_S0626_I00000375_P0094,v00_fm1_sitting,V00,naturalistic,2904,V00,naturalistic,train,ipc_conversation,random draw from V00 files that tripped fm1_sitting,"{""audio_envelope_dynamics_db"": 40.425020428421526, ""audio_status"": ""ok"", ""condition"": ""naturalistic"", ""fm1_hip_flexion_deg_p50"": 118.54217180353547, ""fm1_knee_between_torso_p50"": 0.4246470595420853, ""fm1_scope"": ""session"", ""fm2_longest_invalid_run_s"": 0.0, ""fm2_smplh_valid_frac"": 1.0, ""fm3_static_frac"": 0.5997126436781609, ""observed_duration_s"": 232.0, ""vendor"": ""V00"", ""verdict"": ""rejected by FM1""}",render
pi_032,v00_fm1_sitting_032_V00_S0936_I00000489_P1030_f0002233,V00_S0936_I00000489_P1030,naturalistic/train/0024/0022/V00_S0936_I00000489_P1030,naturalistic/train/0024/0010/V00_S0936_I00000489_P1029,v00_fm1_sitting,V00,naturalistic,2233,V00,naturalistic,train,ipc_conversation,random draw from V00 files that tripped fm1_sitting,"{""audio_envelope_dynamics_db"": 44.43012266961873, ""audio_status"": ""ok"", ""condition"": ""naturalistic"", ""fm1_hip_flexion_deg_p50"": 102.54678454525549, ""fm1_knee_between_torso_p50"": 0.33117626468522177, ""fm1_scope"": ""session"", ""fm2_longest_invalid_run_s"": 0.0, ""fm2_smplh_valid_frac"": 1.0, ""fm3_static_frac"": 0.8402930402930403, ""observed_duration_s"": 182.0, ""vendor"": ""V00"", ""verdict"": ""rejected by FM1 and FM3""}",render
pi_033,v00_fm1_sitting_033_V00_S0366_I00000538_P0489_f0001059,V00_S0366_I00000538_P0489,improvised/train/0008/0002/V00_S0366_I00000538_P0489,improvised/train/0008/0020/V00_S0366_I00000538_P0059A,v00_fm1_sitting,V00,improvised,1059,V00,improvised,train,ipc_conversation,random draw from V00 files that tripped fm1_sitting,"{""audio_envelope_dynamics_db"": 29.924913167812235, ""audio_status"": ""ok"", ""condition"": ""improvised"", ""fm1_hip_flexion_deg_p50"": 112.737042564029, ""fm1_knee_between_torso_p50"": 0.42796069031965467, ""fm1_scope"": ""session"", ""fm2_longest_invalid_run_s"": 0.0, ""fm2_smplh_valid_frac"": 1.0, ""fm3_static_frac"": 0.054854368932038836, ""observed_duration_s"": 206.0, ""vendor"": ""V00"", ""verdict"": ""rejected by FM1""}",render
pi_034,v00_fm1_sitting_034_V00_S1016_I00000618_P1058_f0000912,V00_S1016_I00000618_P1058,naturalistic/train/0025/0011/V00_S1016_I00000618_P1058,naturalistic/train/0025/0020/V00_S1016_I00000618_P1057,v00_fm1_sitting,V00,naturalistic,912,V00,naturalistic,train,grounded_gesture,random draw from V00 files that tripped fm1_sitting,"{""audio_envelope_dynamics_db"": 34.56891506590014, ""audio_status"": ""ok"", ""condition"": ""naturalistic"", ""fm1_hip_flexion_deg_p50"": 76.60012452669815, ""fm1_knee_between_torso_p50"": -0.028277047158698505, ""fm1_scope"": ""session"", ""fm2_longest_invalid_run_s"": 0.0, ""fm2_smplh_valid_frac"": 1.0, ""fm3_static_frac"": 0.6856321839080459, ""observed_duration_s"": 116.0, ""vendor"": ""V00"", ""verdict"": ""rejected by FM1""}",render
pi_035,v00_fm1_sitting_035_V00_S0987_I00001193_P0012A_f0008433,V00_S0987_I00001193_P0012A,improvised/train/0021/0023/V00_S0987_I00001193_P0012A,improvised/train/0021/0005/V00_S0987_I00001193_P0323A,v00_fm1_sitting,V00,improvised,8433,V00,improvised,train,ipc_conversation,random draw from V00 files that tripped fm1_sitting,"{""audio_envelope_dynamics_db"": 42.50211403535824, ""audio_status"": ""ok"", ""condition"": ""improvised"", ""fm1_hip_flexion_deg_p50"": 115.2022832212607, ""fm1_knee_between_torso_p50"": 0.40613683124208694, ""fm1_scope"": ""session"", ""fm2_longest_invalid_run_s"": 0.0, ""fm2_smplh_valid_frac"": 1.0, ""fm3_static_frac"": 0.7082386363636364, ""observed_duration_s"": 352.0, ""vendor"": ""V00"", ""verdict"": ""rejected by FM1""}",render
pi_036,v00_fm2_smplh_invalid_036_V00_S0708_I00000478_P0864_f0005608,V00_S0708_I00000478_P0864,naturalistic/train/0020/0008/V00_S0708_I00000478_P0864,naturalistic/train/0020/0036/V00_S0708_I00000478_P0866,v00_fm2_smplh_invalid,V00,naturalistic,5608,V00,naturalistic,train,ipc_conversation,random draw from V00 files that tripped fm2_smplh_invalid; positioned on the longest untrusted stretch,"{""audio_envelope_dynamics_db"": 26.367938625664124, ""audio_status"": ""ok"", ""condition"": ""naturalistic"", ""fm1_hip_flexion_deg_p50"": 147.3519859625152, ""fm1_knee_between_torso_p50"": 0.5411845957817809, ""fm1_scope"": ""session"", ""fm2_longest_invalid_run_s"": 0.36666666666666664, ""fm2_smplh_valid_frac"": 0.9975206611570248, ""fm3_static_frac"": 0.0, ""observed_duration_s"": 242.0, ""vendor"": ""V00"", ""verdict"": ""rejected by FM2""}",render
pi_037,v00_fm2_smplh_invalid_037_V00_S0735_I00000497_P0520_f0004523,V00_S0735_I00000497_P0520,naturalistic/train/0021/0011/V00_S0735_I00000497_P0520,naturalistic/train/0021/0024/V00_S0735_I00000497_P0542,v00_fm2_smplh_invalid,V00,naturalistic,4523,V00,naturalistic,train,grounded_gesture,random draw from V00 files that tripped fm2_smplh_invalid; positioned on the longest untrusted stretch,"{""audio_envelope_dynamics_db"": 41.0223197062572, ""audio_status"": ""ok"", ""condition"": ""naturalistic"", ""fm1_hip_flexion_deg_p50"": 121.61256814459038, ""fm1_knee_between_torso_p50"": 0.48640207997348694, ""fm1_scope"": ""session"", ""fm2_longest_invalid_run_s"": 22.933333333333334, ""fm2_smplh_valid_frac"": 0.7281931464174455, ""fm3_static_frac"": 0.1233644859813084, ""observed_duration_s"": 214.0, ""vendor"": ""V00"", ""verdict"": ""rejected by FM2""}",render
pi_038,v00_fm2_smplh_invalid_038_V00_S0583_I00000135_P0468_f0006990,V00_S0583_I00000135_P0468,naturalistic/train/0016/0021/V00_S0583_I00000135_P0468,naturalistic/train/0016/0012/V00_S0583_I00000135_P0735,v00_fm2_smplh_invalid,V00,naturalistic,6990,V00,naturalistic,train,collaborative_storytelling,random draw from V00 files that tripped fm2_smplh_invalid; positioned on the longest untrusted stretch,"{""audio_envelope_dynamics_db"": 34.300907761092695, ""audio_status"": ""ok"", ""condition"": ""naturalistic"", ""fm1_hip_flexion_deg_p50"": 126.51487551609594, ""fm1_knee_between_torso_p50"": 0.47026000555008096, ""fm1_scope"": ""session"", ""fm2_longest_invalid_run_s"": 1.8333333333333333, ""fm2_smplh_valid_frac"": 0.966193853427896, ""fm3_static_frac"": 0.007919621749408983, ""observed_duration_s"": 282.0, ""vendor"": ""V00"", ""verdict"": ""rejected by FM2""}",render
pi_039,v00_fm2_smplh_invalid_039_V00_S1770_I00000219_P0332_f0001242,V00_S1770_I00000219_P0332,naturalistic/train/0028/0023/V00_S1770_I00000219_P0332,naturalistic/train/0028/0044/V00_S1770_I00000219_P1169,v00_fm2_smplh_invalid,V00,naturalistic,1242,V00,naturalistic,train,ipc_conversation,random draw from V00 files that tripped fm2_smplh_invalid; positioned on the longest untrusted stretch,"{""audio_envelope_dynamics_db"": 39.28052183756655, ""audio_status"": ""ok"", ""condition"": ""naturalistic"", ""fm1_hip_flexion_deg_p50"": 143.72931551455403, ""fm1_knee_between_torso_p50"": 0.5074084517054686, ""fm1_scope"": ""session"", ""fm2_longest_invalid_run_s"": 0.03333333333333333, ""fm2_smplh_valid_frac"": 0.9991869918699187, ""fm3_static_frac"": 0.18008130081300813, ""observed_duration_s"": 82.0, ""vendor"": ""V00"", ""verdict"": ""rejected by FM2""}",render
pi_040,v00_fm2_smplh_invalid_040_V00_S0588_I00000489_P0721_f0003151,V00_S0588_I00000489_P0721,naturalistic/train/0017/0034/V00_S0588_I00000489_P0721,naturalistic/train/0017/0027/V00_S0588_I00000489_P0138,v00_fm2_smplh_invalid,V00,naturalistic,3151,V00,naturalistic,train,ipc_conversation,random draw from V00 files that tripped fm2_smplh_invalid; positioned on the longest untrusted stretch,"{""audio_envelope_dynamics_db"": 29.626024811055686, ""audio_status"": ""ok"", ""condition"": ""naturalistic"", ""fm1_hip_flexion_deg_p50"": 152.27806617459098, ""fm1_knee_between_torso_p50"": 0.5344610936875027, ""fm1_scope"": ""session"", ""fm2_longest_invalid_run_s"": 0.7666666666666667, ""fm2_smplh_valid_frac"": 0.9924050632911392, ""fm3_static_frac"": 0.012869198312236287, ""observed_duration_s"": 158.0, ""vendor"": ""V00"", ""verdict"": ""rejected by FM2""}",render
pi_041,v00_fm2_smplh_invalid_041_V00_S0099_I00000503_P0144_f0000096,V00_S0099_I00000503_P0144,naturalistic/train/0001/0034/V00_S0099_I00000503_P0144,naturalistic/train/0001/0010/V00_S0099_I00000503_P0145,v00_fm2_smplh_invalid,V00,naturalistic,96,V00,naturalistic,train,grounded_gesture,random draw from V00 files that tripped fm2_smplh_invalid; positioned on the longest untrusted stretch,"{""audio_envelope_dynamics_db"": 36.692882904467815, ""audio_status"": ""ok"", ""condition"": ""naturalistic"", ""fm1_hip_flexion_deg_p50"": 141.33811642233007, ""fm1_knee_between_torso_p50"": 0.4959088773455409, ""fm1_scope"": ""session"", ""fm2_longest_invalid_run_s"": 1.2, ""fm2_smplh_valid_frac"": 0.9919664268585132, ""fm3_static_frac"": 0.08645083932853717, ""observed_duration_s"": 278.0, ""vendor"": ""V00"", ""verdict"": ""rejected by FM2""}",render
pi_042,v00_fm2_smplh_invalid_042_V00_S0615_I00000802_P0323A_f0009120,V00_S0615_I00000802_P0323A,improvised/train/0012/0036/V00_S0615_I00000802_P0323A,improvised/train/0012/0032/V00_S0615_I00000802_P0262A,v00_fm2_smplh_invalid,V00,improvised,9120,V00,improvised,train,ipc_conversation,random draw from V00 files that tripped fm2_smplh_invalid; positioned on the longest untrusted stretch,"{""audio_envelope_dynamics_db"": 41.79476006390358, ""audio_status"": ""ok"", ""condition"": ""improvised"", ""fm1_hip_flexion_deg_p50"": 141.4647835536656, ""fm1_knee_between_torso_p50"": 0.5955920312005987, ""fm1_scope"": ""session"", ""fm2_longest_invalid_run_s"": 5.266666666666667, ""fm2_smplh_valid_frac"": 0.9842315369261477, ""fm3_static_frac"": 0.3694286871961102, ""observed_duration_s"": 334.0, ""vendor"": ""V00"", ""verdict"": ""rejected by FM2""}",render
pi_043,v00_fm2_smplh_invalid_043_V00_S1415_I00001086_P1094A_f0007020,V00_S1415_I00001086_P1094A,improvised/train/0033/0020/V00_S1415_I00001086_P1094A,improvised/train/0033/0024/V00_S1415_I00001086_P1114A,v00_fm2_smplh_invalid,V00,improvised,7020,V00,improvised,train,ipc_conversation,random draw from V00 files that tripped fm2_smplh_invalid; positioned on the longest untrusted stretch,"{""audio_envelope_dynamics_db"": 30.654944194373165, ""audio_status"": ""ok"", ""condition"": ""improvised"", ""fm1_hip_flexion_deg_p50"": 141.3968206150394, ""fm1_knee_between_torso_p50"": 0.5507196576530431, ""fm1_scope"": ""session"", ""fm2_longest_invalid_run_s"": 0.4, ""fm2_smplh_valid_frac"": 0.9963383838383838, ""fm3_static_frac"": 0.026893939393939394, ""observed_duration_s"": 264.0, ""vendor"": ""V00"", ""verdict"": ""rejected by FM2""}",render
pi_044,v00_fm2_smplh_invalid_044_V00_S0655_I00000307_P0807_f0002006,V00_S0655_I00000307_P0807,naturalistic/train/0019/0015/V00_S0655_I00000307_P0807,naturalistic/train/0019/0007/V00_S0655_I00000307_P0808,v00_fm2_smplh_invalid,V00,naturalistic,2006,V00,naturalistic,train,ipc_conversation,random draw from V00 files that tripped fm2_smplh_invalid; positioned on the longest untrusted stretch,"{""audio_envelope_dynamics_db"": 44.50582582730672, ""audio_status"": ""ok"", ""condition"": ""naturalistic"", ""fm1_hip_flexion_deg_p50"": 136.4523732521489, ""fm1_knee_between_torso_p50"": 0.584527318282843, ""fm1_scope"": ""session"", ""fm2_longest_invalid_run_s"": 0.3333333333333333, ""fm2_smplh_valid_frac"": 0.9883333333333333, ""fm3_static_frac"": 0.7272222222222222, ""observed_duration_s"": 120.0, ""vendor"": ""V00"", ""verdict"": ""rejected by FM2""}",render
pi_045,v00_fm2_smplh_invalid_045_V00_S0302_I00000537_P0407_f0003219,V00_S0302_I00000537_P0407,improvised/train/0007/0013/V00_S0302_I00000537_P0407,improvised/train/0007/0043/V00_S0302_I00000537_P0029A,v00_fm2_smplh_invalid,V00,improvised,3219,V00,improvised,train,ipc_conversation,random draw from V00 files that tripped fm2_smplh_invalid; positioned on the longest untrusted stretch,"{""audio_envelope_dynamics_db"": 22.762189701823743, ""audio_status"": ""ok"", ""condition"": ""improvised"", ""fm1_hip_flexion_deg_p50"": 151.56924361266678, ""fm1_knee_between_torso_p50"": 0.5304826906342781, ""fm1_scope"": ""session"", ""fm2_longest_invalid_run_s"": 0.26666666666666666, ""fm2_smplh_valid_frac"": 0.9967261904761905, ""fm3_static_frac"": 0.018154761904761906, ""observed_duration_s"": 224.0, ""vendor"": ""V00"", ""verdict"": ""rejected by FM2""}",render
pi_046,v00_fm2_smplh_invalid_046_V00_S1948_I00001073_P1139A_f0002407,V00_S1948_I00001073_P1139A,improvised/train/0047/0045/V00_S1948_I00001073_P1139A,improvised/train/0047/0030/V00_S1948_I00001073_P1154A,v00_fm2_smplh_invalid,V00,improvised,2407,V00,improvised,train,ipc_conversation,random draw from V00 files that tripped fm2_smplh_invalid; positioned on the longest untrusted stretch,"{""audio_envelope_dynamics_db"": 30.926289967657574, ""audio_status"": ""ok"", ""condition"": ""improvised"", ""fm1_hip_flexion_deg_p50"": 138.88320708021635, ""fm1_knee_between_torso_p50"": 0.4956779307875096, ""fm1_scope"": ""session"", ""fm2_longest_invalid_run_s"": 6.6, ""fm2_smplh_valid_frac"": 0.8710470085470086, ""fm3_static_frac"": 0.09561965811965811, ""observed_duration_s"": 312.0, ""vendor"": ""V00"", ""verdict"": ""rejected by FM2""}",render
pi_047,v00_fm2_smplh_invalid_047_V00_S0828_I00000377_P0415_f0004448,V00_S0828_I00000377_P0415,naturalistic/train/0023/0031/V00_S0828_I00000377_P0415,naturalistic/train/0023/0030/V00_S0828_I00000377_P0011,v00_fm2_smplh_invalid,V00,naturalistic,4448,V00,naturalistic,train,ipc_conversation,random draw from V00 files that tripped fm2_smplh_invalid; positioned on the longest untrusted stretch,"{""audio_envelope_dynamics_db"": 41.46067029044565, ""audio_status"": ""ok"", ""condition"": ""naturalistic"", ""fm1_hip_flexion_deg_p50"": 132.4619481003174, ""fm1_knee_between_torso_p50"": 0.4670956707040977, ""fm1_scope"": ""session"", ""fm2_longest_invalid_run_s"": 0.03333333333333333, ""fm2_smplh_valid_frac"": 0.9998842592592593, ""fm3_static_frac"": 0.29583333333333334, ""observed_duration_s"": 288.0, ""vendor"": ""V00"", ""verdict"": ""rejected by FM2""}",render
pi_048,v00_fm3_static_hands_048_V00_S0860_I00000386_P0678_f0002093,V00_S0860_I00000386_P0678,naturalistic/train/0023/0011/V00_S0860_I00000386_P0678,naturalistic/train/0023/0000/V00_S0860_I00000386_P0967,v00_fm3_static_hands,V00,naturalistic,2093,V00,naturalistic,train,ipc_conversation,random draw from V00 files that tripped fm3_static_hands,"{""audio_envelope_dynamics_db"": 39.31182309803551, ""audio_status"": ""ok"", ""condition"": ""naturalistic"", ""fm1_hip_flexion_deg_p50"": 140.9095586712442, ""fm1_knee_between_torso_p50"": 0.5527172846489512, ""fm1_scope"": ""session"", ""fm2_longest_invalid_run_s"": 0.0, ""fm2_smplh_valid_frac"": 1.0, ""fm3_static_frac"": 0.8700374531835205, ""observed_duration_s"": 178.0, ""vendor"": ""V00"", ""verdict"": ""rejected by FM3""}",render
pi_049,v00_fm3_static_hands_049_V00_S0031_I00000309_P0048_f0001875,V00_S0031_I00000309_P0048,naturalistic/train/0000/0015/V00_S0031_I00000309_P0048,naturalistic/train/0000/0025/V00_S0031_I00000309_P0047,v00_fm3_static_hands,V00,naturalistic,1875,V00,naturalistic,train,ipc_conversation,random draw from V00 files that tripped fm3_static_hands,"{""audio_envelope_dynamics_db"": 38.98603886847714, ""audio_status"": ""ok"", ""condition"": ""naturalistic"", ""fm1_hip_flexion_deg_p50"": 149.21468403097242, ""fm1_knee_between_torso_p50"": 0.5281314278590006, ""fm1_scope"": ""session"", ""fm2_longest_invalid_run_s"": 0.13333333333333333, ""fm2_smplh_valid_frac"": 0.9992424242424243, ""fm3_static_frac"": 0.8274621212121213, ""observed_duration_s"": 176.0, ""vendor"": ""V00"", ""verdict"": ""rejected by FM2 and FM3""}",render
pi_050,v00_fm3_static_hands_050_V00_S0524_I00000478_P0669_f0004770,V00_S0524_I00000478_P0669,naturalistic/train/0014/0029/V00_S0524_I00000478_P0669,naturalistic/train/0014/0019/V00_S0524_I00000478_P0668,v00_fm3_static_hands,V00,naturalistic,4770,V00,naturalistic,train,ipc_conversation,random draw from V00 files that tripped fm3_static_hands,"{""audio_envelope_dynamics_db"": 35.58082571741122, ""audio_status"": ""ok"", ""condition"": ""naturalistic"", ""fm1_hip_flexion_deg_p50"": 153.27861789033685, ""fm1_knee_between_torso_p50"": 0.545868192251528, ""fm1_scope"": ""session"", ""fm2_longest_invalid_run_s"": 0.0, ""fm2_smplh_valid_frac"": 1.0, ""fm3_static_frac"": 0.9404290429042904, ""observed_duration_s"": 202.0, ""vendor"": ""V00"", ""verdict"": ""rejected by FM3""}",render
pi_051,v00_fm3_static_hands_051_V00_S0388_I00000495_P0515_f0002263,V00_S0388_I00000495_P0515,naturalistic/train/0010/0025/V00_S0388_I00000495_P0515,naturalistic/train/0010/0033/V00_S0388_I00000495_P0514,v00_fm3_static_hands,V00,naturalistic,2263,V00,naturalistic,train,ipc_conversation,random draw from V00 files that tripped fm3_static_hands,"{""audio_envelope_dynamics_db"": 35.80879465995681, ""audio_status"": ""ok"", ""condition"": ""naturalistic"", ""fm1_hip_flexion_deg_p50"": 145.4530478995705, ""fm1_knee_between_torso_p50"": 0.560966607130789, ""fm1_scope"": ""session"", ""fm2_longest_invalid_run_s"": 0.0, ""fm2_smplh_valid_frac"": 1.0, ""fm3_static_frac"": 0.9181102362204724, ""observed_duration_s"": 254.0, ""vendor"": ""V00"", ""verdict"": ""rejected by FM3""}",render
pi_052,v00_fm3_static_hands_052_V00_S1923_I00000243_P1212_f0003183,V00_S1923_I00000243_P1212,naturalistic/train/0031/0008/V00_S1923_I00000243_P1212,naturalistic/train/0031/0005/V00_S1923_I00000243_P0507,v00_fm3_static_hands,V00,naturalistic,3183,V00,naturalistic,train,ipc_conversation,random draw from V00 files that tripped fm3_static_hands,"{""audio_envelope_dynamics_db"": 34.36332516192758, ""audio_status"": ""ok"", ""condition"": ""naturalistic"", ""fm1_hip_flexion_deg_p50"": 161.7579555464821, ""fm1_knee_between_torso_p50"": 0.5609875046705799, ""fm1_scope"": ""session"", ""fm2_longest_invalid_run_s"": 2.066666666666667, ""fm2_smplh_valid_frac"": 0.9831521739130434, ""fm3_static_frac"": 0.8668478260869565, ""observed_duration_s"": 184.0, ""vendor"": ""V00"", ""verdict"": ""rejected by FM2 and FM3""}",render
pi_053,v00_fm3_static_hands_053_V00_S0390_I00000130_P0518_f0003075,V00_S0390_I00000130_P0518,naturalistic/train/0010/0003/V00_S0390_I00000130_P0518,naturalistic/train/0010/0003/V00_S0390_I00000130_P0317,v00_fm3_static_hands,V00,naturalistic,3075,V00,naturalistic,train,ipc_conversation,random draw from V00 files that tripped fm3_static_hands,"{""audio_envelope_dynamics_db"": 39.808407919884296, ""audio_status"": ""ok"", ""condition"": ""naturalistic"", ""fm1_hip_flexion_deg_p50"": 146.98752933514197, ""fm1_knee_between_torso_p50"": 0.505810775394896, ""fm1_scope"": ""session"", ""fm2_longest_invalid_run_s"": 0.0, ""fm2_smplh_valid_frac"": 1.0, ""fm3_static_frac"": 0.9430232558139535, ""observed_duration_s"": 258.0, ""vendor"": ""V00"", ""verdict"": ""rejected by FM3""}",render
pi_054,v00_fm3_static_hands_054_V00_S0350_I00000482_P0469_f0003100,V00_S0350_I00000482_P0469,naturalistic/test/0000/0033/V00_S0350_I00000482_P0469,naturalistic/test/0000/0040/V00_S0350_I00000482_P0470,v00_fm3_static_hands,V00,naturalistic,3100,V00,naturalistic,test,ipc_conversation,random draw from V00 files that tripped fm3_static_hands,"{""audio_envelope_dynamics_db"": 32.231151448624544, ""audio_status"": ""ok"", ""condition"": ""naturalistic"", ""fm1_hip_flexion_deg_p50"": 146.78187648246603, ""fm1_knee_between_torso_p50"": 0.5855120516532352, ""fm1_scope"": ""session"", ""fm2_longest_invalid_run_s"": 0.0, ""fm2_smplh_valid_frac"": 1.0, ""fm3_static_frac"": 0.8543795620437956, ""observed_duration_s"": 274.0, ""vendor"": ""V00"", ""verdict"": ""rejected by FM3""}",render
pi_055,v00_fm3_static_hands_055_V00_S0178_I00000138_P0244_f0001562,V00_S0178_I00000138_P0244,naturalistic/train/0003/0000/V00_S0178_I00000138_P0244,naturalistic/train/0003/0001/V00_S0178_I00000138_P0243,v00_fm3_static_hands,V00,naturalistic,1562,V00,naturalistic,train,ipc_conversation,random draw from V00 files that tripped fm3_static_hands,"{""audio_envelope_dynamics_db"": 27.344963000110248, ""audio_status"": ""ok"", ""condition"": ""naturalistic"", ""fm1_hip_flexion_deg_p50"": 139.42237313026226, ""fm1_knee_between_torso_p50"": 0.5344995155423411, ""fm1_scope"": ""session"", ""fm2_longest_invalid_run_s"": 0.0, ""fm2_smplh_valid_frac"": 1.0, ""fm3_static_frac"": 0.9079931972789116, ""observed_duration_s"": 196.0, ""vendor"": ""V00"", ""verdict"": ""rejected by FM3""}",render
pi_056,v00_fm3_static_hands_056_V00_S0528_I00000135_P0160_f0004820,V00_S0528_I00000135_P0160,naturalistic/train/0014/0025/V00_S0528_I00000135_P0160,naturalistic/train/0014/0035/V00_S0528_I00000135_P0664,v00_fm3_static_hands,V00,naturalistic,4820,V00,naturalistic,train,collaborative_storytelling,random draw from V00 files that tripped fm3_static_hands,"{""audio_envelope_dynamics_db"": 41.66800539314391, ""audio_status"": ""ok"", ""condition"": ""naturalistic"", ""fm1_hip_flexion_deg_p50"": 145.65324178655308, ""fm1_knee_between_torso_p50"": 0.5751792107015978, ""fm1_scope"": ""session"", ""fm2_longest_invalid_run_s"": 0.5333333333333333, ""fm2_smplh_valid_frac"": 0.9959183673469387, ""fm3_static_frac"": 0.7520408163265306, ""observed_duration_s"": 196.0, ""vendor"": ""V00"", ""verdict"": ""rejected by FM2 and FM3""}",render
pi_057,v00_fm3_static_hands_057_V00_S0242_I00000510_P0329_f0000485,V00_S0242_I00000510_P0329,naturalistic/train/0005/0034/V00_S0242_I00000510_P0329,naturalistic/train/0005/0012/V00_S0242_I00000510_P0328,v00_fm3_static_hands,V00,naturalistic,485,V00,naturalistic,train,ipc_conversation,random draw from V00 files that tripped fm3_static_hands,"{""audio_envelope_dynamics_db"": 22.371996372957128, ""audio_status"": ""ok"", ""condition"": ""naturalistic"", ""fm1_hip_flexion_deg_p50"": 153.16081418033468, ""fm1_knee_between_torso_p50"": 0.605553738913583, ""fm1_scope"": ""session"", ""fm2_longest_invalid_run_s"": 0.0, ""fm2_smplh_valid_frac"": 1.0, ""fm3_static_frac"": 0.9323232323232323, ""observed_duration_s"": 66.0, ""vendor"": ""V00"", ""verdict"": ""rejected by FM3""}",render
pi_058,v00_fm3_static_hands_058_V00_S0319_I00000372_P0431_f0006244,V00_S0319_I00000372_P0431,naturalistic/train/0008/0017/V00_S0319_I00000372_P0431,naturalistic/train/0008/0000/V00_S0319_I00000372_P0433,v00_fm3_static_hands,V00,naturalistic,6244,V00,naturalistic,train,ipc_conversation,random draw from V00 files that tripped fm3_static_hands,"{""audio_envelope_dynamics_db"": 30.481512154368843, ""audio_status"": ""ok"", ""condition"": ""naturalistic"", ""fm1_hip_flexion_deg_p50"": 161.00056982384712, ""fm1_knee_between_torso_p50"": 0.5496171857913266, ""fm1_scope"": ""session"", ""fm2_longest_invalid_run_s"": 0.26666666666666666, ""fm2_smplh_valid_frac"": 0.9984496124031008, ""fm3_static_frac"": 0.8177002583979328, ""observed_duration_s"": 258.0, ""vendor"": ""V00"", ""verdict"": ""rejected by FM2 and FM3""}",render
pi_059,v00_fm3_static_hands_059_V00_S0624_I00000134_P0560_f0000648,V00_S0624_I00000134_P0560,naturalistic/train/0018/0045/V00_S0624_I00000134_P0560,naturalistic/train/0018/0007/V00_S0624_I00000134_P0777,v00_fm3_static_hands,V00,naturalistic,648,V00,naturalistic,train,ipc_conversation,random draw from V00 files that tripped fm3_static_hands,"{""audio_envelope_dynamics_db"": 33.02408292556933, ""audio_status"": ""ok"", ""condition"": ""naturalistic"", ""fm1_hip_flexion_deg_p50"": 140.72285605198812, ""fm1_knee_between_torso_p50"": 0.49813721052590754, ""fm1_scope"": ""session"", ""fm2_longest_invalid_run_s"": 0.0, ""fm2_smplh_valid_frac"": 1.0, ""fm3_static_frac"": 0.885632183908046, ""observed_duration_s"": 116.0, ""vendor"": ""V00"", ""verdict"": ""rejected by FM3""}",render
pi_060,v01_pass_improvised_060_V01_S0092_I00000135_P1177_f0002022,V01_S0092_I00000135_P1177,improvised/train/0050/0004/V01_S0092_I00000135_P1177,improvised/train/0050/0039/V01_S0092_I00000135_P1176,v01_pass_improvised,V01,improvised,2022,V01,improvised,train,collaborative_storytelling,random draw from V01 improvised files the pipeline keeps,"{""audio_envelope_dynamics_db"": 29.964340563154817, ""audio_status"": ""ok"", ""condition"": ""improvised"", ""fm1_hip_flexion_deg_p50"": 152.96085158352503, ""fm1_knee_between_torso_p50"": 0.5914896217163629, ""fm1_scope"": ""session"", ""fm2_longest_invalid_run_s"": 0.0, ""fm2_smplh_valid_frac"": 1.0, ""fm3_static_frac"": 0.2590131485932419, ""observed_duration_s"": 236.002433, ""vendor"": ""V01"", ""verdict"": ""kept""}",render
pi_061,v01_pass_improvised_061_V01_S0614_I00001224_P1854_f0002065,V01_S0614_I00001224_P1854,improvised/train/0057/0021/V01_S0614_I00001224_P1854,improvised/train/0057/0003/V01_S0614_I00001224_P1851,v01_pass_improvised,V01,improvised,2065,V01,improvised,train,ipc_conversation,random draw from V01 improvised files the pipeline keeps,"{""audio_envelope_dynamics_db"": 36.88021509479485, ""audio_status"": ""ok"", ""condition"": ""improvised"", ""fm1_hip_flexion_deg_p50"": 152.82825398123884, ""fm1_knee_between_torso_p50"": 0.5363715071424247, ""fm1_scope"": ""session"", ""fm2_longest_invalid_run_s"": 0.0, ""fm2_smplh_valid_frac"": 1.0, ""fm3_static_frac"": 0.5625339120998373, ""observed_duration_s"": 246.012067, ""vendor"": ""V01"", ""verdict"": ""kept""}",render
pi_062,v01_pass_improvised_062_V01_S1886_I00000182_P1271_f0003741,V01_S1886_I00000182_P1271,improvised/train/0061/0002/V01_S1886_I00000182_P1271,improvised/train/0061/0019/V01_S1886_I00000182_P1254,v01_pass_improvised,V01,improvised,3741,V01,improvised,train,ipc_conversation,random draw from V01 improvised files the pipeline keeps,"{""audio_envelope_dynamics_db"": 33.71671055185254, ""audio_status"": ""ok"", ""condition"": ""improvised"", ""fm1_hip_flexion_deg_p50"": 166.18309303027718, ""fm1_knee_between_torso_p50"": 0.5571292756082044, ""fm1_scope"": ""session"", ""fm2_longest_invalid_run_s"": 0.0, ""fm2_smplh_valid_frac"": 1.0, ""fm3_static_frac"": 0.05964467005076142, ""observed_duration_s"": 184.0226, ""vendor"": ""V01"", ""verdict"": ""kept""}",render
pi_063,v01_pass_improvised_063_V01_S0589_I00001009_P1743_f0000017,V01_S0589_I00001009_P1743,improvised/train/0056/0020/V01_S0589_I00001009_P1743,improvised/train/0056/0041/V01_S0589_I00001009_P1790,v01_pass_improvised,V01,improvised,17,V01,improvised,train,ipc_conversation,random draw from V01 improvised files the pipeline keeps,"{""audio_envelope_dynamics_db"": 40.29169427456551, ""audio_status"": ""ok"", ""condition"": ""improvised"", ""fm1_hip_flexion_deg_p50"": 151.11472795445738, ""fm1_knee_between_torso_p50"": 0.6415454663894846, ""fm1_scope"": ""session"", ""fm2_longest_invalid_run_s"": 0.0, ""fm2_smplh_valid_frac"": 1.0, ""fm3_static_frac"": 0.2972658522396742, ""observed_duration_s"": 172.0146, ""vendor"": ""V01"", ""verdict"": ""kept""}",render
pi_064,v01_pass_improvised_064_V01_S0591_I00001139_P1825_f0005382,V01_S0591_I00001139_P1825,improvised/train/0056/0012/V01_S0591_I00001139_P1825,improvised/train/0056/0018/V01_S0591_I00001139_P1743,v01_pass_improvised,V01,improvised,5382,V01,improvised,train,ipc_conversation,random draw from V01 improvised files the pipeline keeps,"{""audio_envelope_dynamics_db"": 24.60892793917683, ""audio_status"": ""ok"", ""condition"": ""improvised"", ""fm1_hip_flexion_deg_p50"": 151.1849321602657, ""fm1_knee_between_torso_p50"": 0.6183800614825117, ""fm1_scope"": ""session"", ""fm2_longest_invalid_run_s"": 0.0, ""fm2_smplh_valid_frac"": 1.0, ""fm3_static_frac"": 0.19637418419144306, ""observed_duration_s"": 230.019911, ""vendor"": ""V01"", ""verdict"": ""kept""}",render
pi_065,v01_pass_improvised_065_V01_S0611_I00001224_P1853_f0002150,V01_S0611_I00001224_P1853,improvised/train/0057/0049/V01_S0611_I00001224_P1853,improvised/train/0057/0025/V01_S0611_I00001224_P1795,v01_pass_improvised,V01,improvised,2150,V01,improvised,train,ipc_conversation,random draw from V01 improvised files the pipeline keeps,"{""audio_envelope_dynamics_db"": 25.53578126230821, ""audio_status"": ""ok"", ""condition"": ""improvised"", ""fm1_hip_flexion_deg_p50"": 168.91375988713023, ""fm1_knee_between_torso_p50"": 0.6052143420280829, ""fm1_scope"": ""session"", ""fm2_longest_invalid_run_s"": 0.0, ""fm2_smplh_valid_frac"": 1.0, ""fm3_static_frac"": 0.2961943319838057, ""observed_duration_s"": 206.003556, ""vendor"": ""V01"", ""verdict"": ""kept""}",render
pi_066,v01_pass_improvised_066_V01_S0589_I00001017_P1790_f0000743,V01_S0589_I00001017_P1790,improvised/train/0056/0024/V01_S0589_I00001017_P1790,improvised/train/0056/0020/V01_S0589_I00001017_P1743,v01_pass_improvised,V01,improvised,743,V01,improvised,train,collaborative_storytelling,random draw from V01 improvised files the pipeline keeps,"{""audio_envelope_dynamics_db"": 36.735969482301726, ""audio_status"": ""ok"", ""condition"": ""improvised"", ""fm1_hip_flexion_deg_p50"": 151.0948629594157, ""fm1_knee_between_torso_p50"": 0.6194838131410636, ""fm1_scope"": ""session"", ""fm2_longest_invalid_run_s"": 0.0, ""fm2_smplh_valid_frac"": 1.0, ""fm3_static_frac"": 0.0685318275154004, ""observed_duration_s"": 130.0299, ""vendor"": ""V01"", ""verdict"": ""kept""}",render
pi_067,v01_pass_improvised_067_V01_S0570_I00001232_P1754_f0006716,V01_S0570_I00001232_P1754,improvised/train/0056/0006/V01_S0570_I00001232_P1754,improvised/train/0056/0001/V01_S0570_I00001232_P1719,v01_pass_improvised,V01,improvised,6716,V01,improvised,train,ipc_conversation,random draw from V01 improvised files the pipeline keeps,"{""audio_envelope_dynamics_db"": 30.22960747485901, ""audio_status"": ""ok"", ""condition"": ""improvised"", ""fm1_hip_flexion_deg_p50"": 153.30889586414656, ""fm1_knee_between_torso_p50"": 0.5991136069207736, ""fm1_scope"": ""session"", ""fm2_longest_invalid_run_s"": 0.0, ""fm2_smplh_valid_frac"": 1.0, ""fm3_static_frac"": 0.6417552279739458, ""observed_duration_s"": 292.0247, ""vendor"": ""V01"", ""verdict"": ""kept""}",render
pi_068,v01_pass_improvised_068_V01_S1713_I00000650_P2070_f0003580,V01_S1713_I00000650_P2070,improvised/train/0059/0020/V01_S1713_I00000650_P2070,improvised/train/0059/0006/V01_S1713_I00000650_P2659,v01_pass_improvised,V01,improvised,3580,V01,improvised,train,ipc_conversation,random draw from V01 improvised files the pipeline keeps,"{""audio_envelope_dynamics_db"": 48.9873427641396, ""audio_status"": ""ok"", ""condition"": ""improvised"", ""fm1_hip_flexion_deg_p50"": 172.17386356111933, ""fm1_knee_between_torso_p50"": 0.6142389206932966, ""fm1_scope"": ""session"", ""fm2_longest_invalid_run_s"": 0.0, ""fm2_smplh_valid_frac"": 1.0, ""fm3_static_frac"": 0.0016402405686167304, ""observed_duration_s"": 244.029244, ""vendor"": ""V01"", ""verdict"": ""kept""}",render
pi_069,v01_pass_improvised_069_V01_S1824_I00000672_P2406_f0002403,V01_S1824_I00000672_P2406,improvised/train/0060/0038/V01_S1824_I00000672_P2406,improvised/train/0060/0011/V01_S1824_I00000672_P2639,v01_pass_improvised,V01,improvised,2403,V01,improvised,train,ipc_conversation,random draw from V01 improvised files the pipeline keeps,"{""audio_envelope_dynamics_db"": 28.99723243263187, ""audio_status"": ""ok"", ""condition"": ""improvised"", ""fm1_hip_flexion_deg_p50"": 163.58299088413614, ""fm1_knee_between_torso_p50"": 0.6251494412011522, ""fm1_scope"": ""session"", ""fm2_longest_invalid_run_s"": 0.0, ""fm2_smplh_valid_frac"": 1.0, ""fm3_static_frac"": 0.617639842983317, ""observed_duration_s"": 272.0047, ""vendor"": ""V01"", ""verdict"": ""kept""}",render
pi_070,v01_pass_improvised_070_V01_S0617_I00001225_P1779_f0004164,V01_S0617_I00001225_P1779,improvised/train/0057/0023/V01_S0617_I00001225_P1779,improvised/train/0057/0016/V01_S0617_I00001225_P1793,v01_pass_improvised,V01,improvised,4164,V01,improvised,train,ipc_conversation,random draw from V01 improvised files the pipeline keeps,"{""audio_envelope_dynamics_db"": 31.390105240237126, ""audio_status"": ""ok"", ""condition"": ""improvised"", ""fm1_hip_flexion_deg_p50"": 168.29937847982416, ""fm1_knee_between_torso_p50"": 0.606757768845343, ""fm1_scope"": ""session"", ""fm2_longest_invalid_run_s"": 0.0, ""fm2_smplh_valid_frac"": 1.0, ""fm3_static_frac"": 0.3913536269430052, ""observed_duration_s"": 206.003911, ""vendor"": ""V01"", ""verdict"": ""kept""}",render
pi_071,v01_pass_improvised_071_V01_S0367_I00001185_P1715_f0006049,V01_S0367_I00001185_P1715,improvised/train/0053/0033/V01_S0367_I00001185_P1715,improvised/train/0053/0064/V01_S0367_I00001185_P1717,v01_pass_improvised,V01,improvised,6049,V01,improvised,train,ipc_conversation,random draw from V01 improvised files the pipeline keeps,"{""audio_envelope_dynamics_db"": 37.22072179706708, ""audio_status"": ""ok"", ""condition"": ""improvised"", ""fm1_hip_flexion_deg_p50"": 161.42433722127464, ""fm1_knee_between_torso_p50"": 0.6100805413584027, ""fm1_scope"": ""session"", ""fm2_longest_invalid_run_s"": 0.0, ""fm2_smplh_valid_frac"": 1.0, ""fm3_static_frac"": 0.15447236180904522, ""observed_duration_s"": 332.031333, ""vendor"": ""V01"", ""verdict"": ""kept""}",render
pi_072,v01_pass_naturalistic_072_V01_S0326_I00000273_P1594_f0007634,V01_S0326_I00000273_P1594,naturalistic/train/0040/0004/V01_S0326_I00000273_P1594,naturalistic/train/0040/0029/V01_S0326_I00000273_P1668,v01_pass_naturalistic,V01,naturalistic,7634,V01,naturalistic,train,ipc_conversation,random draw from V01 naturalistic files the pipeline keeps,"{""audio_envelope_dynamics_db"": 17.093011087120736, ""audio_status"": ""ok"", ""condition"": ""naturalistic"", ""fm1_hip_flexion_deg_p50"": 169.95105798619778, ""fm1_knee_between_torso_p50"": 0.5952264355551388, ""fm1_scope"": ""session"", ""fm2_longest_invalid_run_s"": 0.0, ""fm2_smplh_valid_frac"": 1.0, ""fm3_static_frac"": 0.20190980211688908, ""observed_duration_s"": 290.023067, ""vendor"": ""V01"", ""verdict"": ""kept""}",render
pi_073,v01_pass_naturalistic_073_V01_S0256_I00000127_P1562_f0003693,V01_S0256_I00000127_P1562,naturalistic/train/0039/0055/V01_S0256_I00000127_P1562,naturalistic/train/0039/0001/V01_S0256_I00000127_P1563,v01_pass_naturalistic,V01,naturalistic,3693,V01,naturalistic,train,ipc_conversation,random draw from V01 naturalistic files the pipeline keeps,"{""audio_envelope_dynamics_db"": 16.15820048784273, ""audio_status"": ""ok"", ""condition"": ""naturalistic"", ""fm1_hip_flexion_deg_p50"": 146.95032571110207, ""fm1_knee_between_torso_p50"": 0.6072692316466284, ""fm1_scope"": ""session"", ""fm2_longest_invalid_run_s"": 0.0, ""fm2_smplh_valid_frac"": 1.0, ""fm3_static_frac"": 0.22733668341708543, ""observed_duration_s"": 166.032167, ""vendor"": ""V01"", ""verdict"": ""kept""}",render
pi_074,v01_pass_naturalistic_074_V01_S1255_I00000307_P1518_f0000119,V01_S1255_I00000307_P1518,naturalistic/train/0040/0022/V01_S1255_I00000307_P1518,naturalistic/train/0040/0042/V01_S1255_I00000307_P1472,v01_pass_naturalistic,V01,naturalistic,119,V01,naturalistic,train,ipc_conversation,random draw from V01 naturalistic files the pipeline keeps,"{""audio_envelope_dynamics_db"": 19.516819304565484, ""audio_status"": ""ok"", ""condition"": ""naturalistic"", ""fm1_hip_flexion_deg_p50"": 169.32986161188478, ""fm1_knee_between_torso_p50"": 0.585071040868639, ""fm1_scope"": ""session"", ""fm2_longest_invalid_run_s"": 0.0, ""fm2_smplh_valid_frac"": 1.0, ""fm3_static_frac"": 0.028044018459353923, ""observed_duration_s"": 94.0269, ""vendor"": ""V01"", ""verdict"": ""kept""}",render
pi_075,v01_pass_naturalistic_075_V01_S0152_I00000131_P1278_f0000133,V01_S0152_I00000131_P1278,naturalistic/train/0037/0022/V01_S0152_I00000131_P1278,naturalistic/train/0037/0029/V01_S0152_I00000131_P1279,v01_pass_naturalistic,V01,naturalistic,133,V01,naturalistic,train,ipc_conversation,random draw from V01 naturalistic files the pipeline keeps,"{""audio_envelope_dynamics_db"": 39.17343249520989, ""audio_status"": ""ok"", ""condition"": ""naturalistic"", ""fm1_hip_flexion_deg_p50"": 172.32197645023155, ""fm1_knee_between_torso_p50"": 0.5729401187499547, ""fm1_scope"": ""session"", ""fm2_longest_invalid_run_s"": 0.0, ""fm2_smplh_valid_frac"": 1.0, ""fm3_static_frac"": 0.011122345803842264, ""observed_duration_s"": 66.032633, ""vendor"": ""V01"", ""verdict"": ""kept""}",render
pi_076,v01_pass_naturalistic_076_V01_S1344_I00000320_P2204_f0000263,V01_S1344_I00000320_P2204,naturalistic/train/0041/0012/V01_S1344_I00000320_P2204,naturalistic/train/0041/0024/V01_S1344_I00000320_P2383,v01_pass_naturalistic,V01,naturalistic,263,V01,naturalistic,train,ipc_conversation,random draw from V01 naturalistic files the pipeline keeps,"{""audio_envelope_dynamics_db"": 30.293767033190555, ""audio_status"": ""ok"", ""condition"": ""naturalistic"", ""fm1_hip_flexion_deg_p50"": 157.13242344012025, ""fm1_knee_between_torso_p50"": 0.594126187274479, ""fm1_scope"": ""session"", ""fm2_longest_invalid_run_s"": 0.0, ""fm2_smplh_valid_frac"": 1.0, ""fm3_static_frac"": 0.508641975308642, ""observed_duration_s"": 54.0, ""vendor"": ""V01"", ""verdict"": ""kept""}",render
pi_077,v01_pass_naturalistic_077_V01_S0108_I00000127_P1203_f0000525,V01_S0108_I00000127_P1203,naturalistic/dev/0001/0013/V01_S0108_I00000127_P1203,naturalistic/dev/0001/0038/V01_S0108_I00000127_P1204,v01_pass_naturalistic,V01,naturalistic,525,V01,naturalistic,dev,ipc_conversation,random draw from V01 naturalistic files the pipeline keeps,"{""audio_envelope_dynamics_db"": 18.75368789377754, ""audio_status"": ""ok"", ""condition"": ""naturalistic"", ""fm1_hip_flexion_deg_p50"": 165.22323625877635, ""fm1_knee_between_torso_p50"": 0.5765292955402456, ""fm1_scope"": ""session"", ""fm2_longest_invalid_run_s"": 0.0, ""fm2_smplh_valid_frac"": 1.0, ""fm3_static_frac"": 0.11514392991239049, ""observed_duration_s"": 80.0129, ""vendor"": ""V01"", ""verdict"": ""kept""}",render
pi_078,v01_pass_naturalistic_078_V01_S0107_I00000138_P1202_f0000271,V01_S0107_I00000138_P1202,naturalistic/train/0035/0015/V01_S0107_I00000138_P1202,naturalistic/train/0035/0024/V01_S0107_I00000138_P1201,v01_pass_naturalistic,V01,naturalistic,271,V01,naturalistic,train,ipc_conversation,random draw from V01 naturalistic files the pipeline keeps,"{""audio_envelope_dynamics_db"": 28.47652846966088, ""audio_status"": ""ok"", ""condition"": ""naturalistic"", ""fm1_hip_flexion_deg_p50"": 154.96288363832912, ""fm1_knee_between_torso_p50"": 0.5385852418500781, ""fm1_scope"": ""session"", ""fm2_longest_invalid_run_s"": 0.0, ""fm2_smplh_valid_frac"": 1.0, ""fm3_static_frac"": 0.686691697955778, ""observed_duration_s"": 80.0129, ""vendor"": ""V01"", ""verdict"": ""kept""}",render
pi_079,v01_pass_naturalistic_079_V01_S0273_I00000319_P1586_f0000318,V01_S0273_I00000319_P1586,naturalistic/train/0039/0058/V01_S0273_I00000319_P1586,naturalistic/train/0039/0010/V01_S0273_I00000319_P1585,v01_pass_naturalistic,V01,naturalistic,318,V01,naturalistic,train,ipc_conversation,random draw from V01 naturalistic files the pipeline keeps,"{""audio_envelope_dynamics_db"": 35.427671632133915, ""audio_status"": ""ok"", ""condition"": ""naturalistic"", ""fm1_hip_flexion_deg_p50"": 162.62584404104007, ""fm1_knee_between_torso_p50"": 0.5600629172915821, ""fm1_scope"": ""session"", ""fm2_longest_invalid_run_s"": 0.0, ""fm2_smplh_valid_frac"": 1.0, ""fm3_static_frac"": 0.7483827034388832, ""observed_duration_s"": 98.031267, ""vendor"": ""V01"", ""verdict"": ""kept""}",render
pi_080,v01_pass_naturalistic_080_V01_S0153_I00000309_P1280_f0000814,V01_S0153_I00000309_P1280,naturalistic/train/0037/0022/V01_S0153_I00000309_P1280,naturalistic/train/0037/0033/V01_S0153_I00000309_P1281,v01_pass_naturalistic,V01,naturalistic,814,V01,naturalistic,train,ipc_conversation,random draw from V01 naturalistic files the pipeline keeps,"{""audio_envelope_dynamics_db"": 16.35997614424436, ""audio_status"": ""ok"", ""condition"": ""naturalistic"", ""fm1_hip_flexion_deg_p50"": 166.43392705266925, ""fm1_knee_between_torso_p50"": 0.5420531399718949, ""fm1_scope"": ""session"", ""fm2_longest_invalid_run_s"": 0.0, ""fm2_smplh_valid_frac"": 1.0, ""fm3_static_frac"": 0.3925964546402503, ""observed_duration_s"": 192.0248, ""vendor"": ""V01"", ""verdict"": ""kept""}",render
pi_081,v01_pass_naturalistic_081_V01_S0273_I00000365_P1586_f0000316,V01_S0273_I00000365_P1586,naturalistic/train/0039/0039/V01_S0273_I00000365_P1586,naturalistic/train/0039/0002/V01_S0273_I00000365_P1585,v01_pass_naturalistic,V01,naturalistic,316,V01,naturalistic,train,ipc_conversation,random draw from V01 naturalistic files the pipeline keeps,"{""audio_envelope_dynamics_db"": 34.333785762111305, ""audio_status"": ""ok"", ""condition"": ""naturalistic"", ""fm1_hip_flexion_deg_p50"": 154.78071139664982, ""fm1_knee_between_torso_p50"": 0.5524174425092075, ""fm1_scope"": ""session"", ""fm2_longest_invalid_run_s"": 0.0, ""fm2_smplh_valid_frac"": 1.0, ""fm3_static_frac"": 0.6270566727605119, ""observed_duration_s"": 146.012167, ""vendor"": ""V01"", ""verdict"": ""kept""}",render
pi_082,v01_pass_naturalistic_082_V01_S0091_I00000126_P1175_f0000632,V01_S0091_I00000126_P1175,naturalistic/train/0035/0043/V01_S0091_I00000126_P1175,naturalistic/train/0035/0040/V01_S0091_I00000126_P1174,v01_pass_naturalistic,V01,naturalistic,632,V01,naturalistic,train,ipc_conversation,random draw from V01 naturalistic files the pipeline keeps,"{""audio_envelope_dynamics_db"": 33.77094020643024, ""audio_status"": ""ok"", ""condition"": ""naturalistic"", ""fm1_hip_flexion_deg_p50"": 171.49825986024177, ""fm1_knee_between_torso_p50"": 0.6151127931992859, ""fm1_scope"": ""session"", ""fm2_longest_invalid_run_s"": 0.0, ""fm2_smplh_valid_frac"": 1.0, ""fm3_static_frac"": 0.45269741985926504, ""observed_duration_s"": 128.0279, ""vendor"": ""V01"", ""verdict"": ""kept""}",render
pi_083,v01_pass_naturalistic_083_V01_S1875_I00000181_P1891_f0001068,V01_S1875_I00000181_P1891,naturalistic/dev/0001/0008/V01_S1875_I00000181_P1891,naturalistic/dev/0001/0000/V01_S1875_I00000181_P2761,v01_pass_naturalistic,V01,naturalistic,1068,V01,naturalistic,dev,ipc_conversation,random draw from V01 naturalistic files the pipeline keeps,"{""audio_envelope_dynamics_db"": 42.856061425646274, ""audio_status"": ""ok"", ""condition"": ""naturalistic"", ""fm1_hip_flexion_deg_p50"": 163.4529967513696, ""fm1_knee_between_torso_p50"": 0.5787467010778528, ""fm1_scope"": ""session"", ""fm2_longest_invalid_run_s"": 0.0, ""fm2_smplh_valid_frac"": 1.0, ""fm3_static_frac"": 0.00021659085986571366, ""observed_duration_s"": 154.002244, ""vendor"": ""V01"", ""verdict"": ""kept""}",render
pi_084,v01_fm0_unusable_source_084_V01_S1398_I00000309_P2415_f0003158,V01_S1398_I00000309_P2415,naturalistic/train/0041/0011/V01_S1398_I00000309_P2415,naturalistic/train/0041/0037/V01_S1398_I00000309_P2416,v01_fm0_unusable_source,V01,naturalistic,3158,V01,naturalistic,train,ipc_conversation,random draw from V01 files that tripped fm0_unusable_source,"{""audio_envelope_dynamics_db"": 50.68872806737039, ""audio_status"": ""ok"", ""condition"": ""naturalistic"", ""fm1_hip_flexion_deg_p50"": 103.1319500789921, ""fm1_knee_between_torso_p50"": 0.30339307994715564, ""fm1_scope"": ""session"", ""fm2_longest_invalid_run_s"": 0.10010000000000001, ""fm2_smplh_valid_frac"": 0.9993327402135231, ""fm3_static_frac"": 0.5665035587188612, ""observed_duration_s"": 150.016533, ""vendor"": ""V01"", ""verdict"": ""rejected by FM0 and FM2""}",render
pi_085,v01_fm0_unusable_source_085_V01_S1286_I00000632_P2304_f0004639,V01_S1286_I00000632_P2304,naturalistic/train/0041/0054/V01_S1286_I00000632_P2304,naturalistic/train/0041/0015/V01_S1286_I00000632_P2303,v01_fm0_unusable_source,V01,naturalistic,4639,V01,naturalistic,train,grounded_gesture,random draw from V01 files that tripped fm0_unusable_source,"{""audio_envelope_dynamics_db"": 49.338764582958405, ""audio_status"": ""ok"", ""condition"": ""naturalistic"", ""fm1_hip_flexion_deg_p50"": 127.93665453853805, ""fm1_knee_between_torso_p50"": 0.48038029004631355, ""fm1_scope"": ""session"", ""fm2_longest_invalid_run_s"": 1.0343666666666667, ""fm2_smplh_valid_frac"": 0.9823548283606032, ""fm3_static_frac"": 0.5843760025665704, ""observed_duration_s"": 208.0078, ""vendor"": ""V01"", ""verdict"": ""rejected by FM0 and FM2""}",render
pi_086,v01_fm0_unusable_source_086_V01_S0298_I00001164_P1616_f0006731,V01_S0298_I00001164_P1616,improvised/train/0052/0052/V01_S0298_I00001164_P1616,improvised/train/0052/0070/V01_S0298_I00001164_P1621,v01_fm0_unusable_source,V01,improvised,6731,V01,improvised,train,ipc_conversation,random draw from V01 files that tripped fm0_unusable_source,"{""audio_envelope_dynamics_db"": 41.22780320872917, ""audio_status"": ""ok"", ""condition"": ""improvised"", ""fm1_hip_flexion_deg_p50"": 105.96045510760656, ""fm1_knee_between_torso_p50"": 0.3350859587681819, ""fm1_scope"": ""session"", ""fm2_longest_invalid_run_s"": 19.135417801503433, ""fm2_smplh_valid_frac"": 0.903921568627451, ""fm3_static_frac"": 0.1392156862745098, ""observed_duration_s"": 306.0, ""vendor"": ""V01"", ""verdict"": ""rejected by FM0 and FM2""}",render
pi_087,v01_fm0_unusable_source_087_V01_S0043_I00000131_P1082_f0005125,V01_S0043_I00000131_P1082,naturalistic/train/0033/0057/V01_S0043_I00000131_P1082,naturalistic/train/0033/0002/V01_S0043_I00000131_P1083,v01_fm0_unusable_source,V01,naturalistic,5125,V01,naturalistic,train,ipc_conversation,random draw from V01 files that tripped fm0_unusable_source,"{""audio_envelope_dynamics_db"": 31.062426623288285, ""audio_status"": ""ok"", ""condition"": ""naturalistic"", ""fm1_hip_flexion_deg_p50"": 116.71422698170853, ""fm1_knee_between_torso_p50"": 0.48168999909920857, ""fm1_scope"": ""session"", ""fm2_longest_invalid_run_s"": 2.168833333333333, ""fm2_smplh_valid_frac"": 0.9675563736769444, ""fm3_static_frac"": 0.8725264611136677, ""observed_duration_s"": 290.023067, ""vendor"": ""V01"", ""verdict"": ""rejected by FM0 and FM2 and FM3""}",render
pi_088,v01_fm0_unusable_source_088_V01_S0216_I00000127_P1402_f0001429,V01_S0216_I00000127_P1402,naturalistic/train/0039/0052/V01_S0216_I00000127_P1402,naturalistic/train/0039/0060/V01_S0216_I00000127_P1401,v01_fm0_unusable_source,V01,naturalistic,1429,V01,naturalistic,train,ipc_conversation,random draw from V01 files that tripped fm0_unusable_source,"{""audio_envelope_dynamics_db"": 0.5444069967638541, ""audio_status"": ""ok"", ""condition"": ""naturalistic"", ""fm1_hip_flexion_deg_p50"": 87.75188499053147, ""fm1_knee_between_torso_p50"": 0.14597995985588547, ""fm1_scope"": ""session"", ""fm2_longest_invalid_run_s"": 0.0, ""fm2_smplh_valid_frac"": 1.0, ""fm3_static_frac"": 0.376279265386233, ""observed_duration_s"": 238.004433, ""vendor"": ""V01"", ""verdict"": ""rejected by FM0 and FM4""}",render
pi_089,v01_fm0_unusable_source_089_V01_S0275_I00000324_P1590_f0002248,V01_S0275_I00000324_P1590,naturalistic/train/0039/0058/V01_S0275_I00000324_P1590,naturalistic/train/0039/0059/V01_S0275_I00000324_P1589,v01_fm0_unusable_source,V01,naturalistic,2248,V01,naturalistic,train,ipc_conversation,random draw from V01 files that tripped fm0_unusable_source,"{""audio_envelope_dynamics_db"": 23.724322268037763, ""audio_status"": ""ok"", ""condition"": ""naturalistic"", ""fm1_hip_flexion_deg_p50"": 102.11611333268672, ""fm1_knee_between_torso_p50"": 0.3012535345820993, ""fm1_scope"": ""session"", ""fm2_longest_invalid_run_s"": 0.0, ""fm2_smplh_valid_frac"": 1.0, ""fm3_static_frac"": 0.34226988382484363, ""observed_duration_s"": 112.011533, ""vendor"": ""V01"", ""verdict"": ""rejected by FM0""}",render
pi_090,v01_fm0_unusable_source_090_V01_S0211_I00000135_P1393_f0002418,V01_S0211_I00000135_P1393,naturalistic/train/0038/0036/V01_S0211_I00000135_P1393,naturalistic/train/0038/0016/V01_S0211_I00000135_P1088,v01_fm0_unusable_source,V01,naturalistic,2418,V01,naturalistic,train,collaborative_storytelling,random draw from V01 files that tripped fm0_unusable_source,"{""audio_envelope_dynamics_db"": 2.729664189695555, ""audio_status"": ""ok"", ""condition"": ""naturalistic"", ""fm1_hip_flexion_deg_p50"": 85.79450537233254, ""fm1_knee_between_torso_p50"": 0.12279711226119679, ""fm1_scope"": ""session"", ""fm2_longest_invalid_run_s"": 1.2345666666666666, ""fm2_smplh_valid_frac"": 0.9902012711864406, ""fm3_static_frac"": 0.9496822033898306, ""observed_duration_s"": 126.0259, ""vendor"": ""V01"", ""verdict"": ""rejected by FM0 and FM2 and FM3""}",render
pi_091,v01_fm0_unusable_source_091_V01_S0179_I00001227_P1330_f0002637,V01_S0179_I00001227_P1330,improvised/train/0051/0002/V01_S0179_I00001227_P1330,improvised/train/0051/0019/V01_S0179_I00001227_P1331,v01_fm0_unusable_source,V01,improvised,2637,V01,improvised,train,ipc_conversation,random draw from V01 files that tripped fm0_unusable_source,"{""audio_envelope_dynamics_db"": 0.6405113355011878, ""audio_status"": ""ok"", ""condition"": ""improvised"", ""fm1_hip_flexion_deg_p50"": 114.93614256979438, ""fm1_knee_between_torso_p50"": 0.4039001395034968, ""fm1_scope"": ""session"", ""fm2_longest_invalid_run_s"": 5.033333333333333, ""fm2_smplh_valid_frac"": 0.9506944444444444, ""fm3_static_frac"": 0.1761574074074074, ""observed_duration_s"": 144.0, ""vendor"": ""V01"", ""verdict"": ""rejected by FM0 and FM2 and FM4""}",render
pi_092,v01_fm0_unusable_source_092_V01_S1558_I00000125_P2554_f0000600,V01_S1558_I00000125_P2554,naturalistic/train/0042/0035/V01_S1558_I00000125_P2554,naturalistic/train/0042/0059/V01_S1558_I00000125_P2555,v01_fm0_unusable_source,V01,naturalistic,600,V01,naturalistic,train,ipc_conversation,random draw from V01 files that tripped fm0_unusable_source,"{""audio_envelope_dynamics_db"": 29.361700496391318, ""audio_status"": ""ok"", ""condition"": ""naturalistic"", ""fm1_hip_flexion_deg_p50"": 97.16213092411857, ""fm1_knee_between_torso_p50"": 0.274790728322068, ""fm1_scope"": ""session"", ""fm2_longest_invalid_run_s"": 0.0, ""fm2_smplh_valid_frac"": 1.0, ""fm3_static_frac"": 0.0, ""observed_duration_s"": 210.009433, ""vendor"": ""V01"", ""verdict"": ""rejected by FM0""}",render
pi_093,v01_fm0_unusable_source_093_V01_S0049_I00000127_P1094_f0001986,V01_S0049_I00000127_P1094,naturalistic/train/0033/0054/V01_S0049_I00000127_P1094,naturalistic/train/0033/0061/V01_S0049_I00000127_P1095,v01_fm0_unusable_source,V01,naturalistic,1986,V01,naturalistic,train,ipc_conversation,random draw from V01 files that tripped fm0_unusable_source,"{""audio_envelope_dynamics_db"": 29.15695475572786, ""audio_status"": ""ok"", ""condition"": ""naturalistic"", ""fm1_hip_flexion_deg_p50"": 92.5938645092944, ""fm1_knee_between_torso_p50"": 0.21954109493814594, ""fm1_scope"": ""session"", ""fm2_longest_invalid_run_s"": 22.7227, ""fm2_smplh_valid_frac"": 0.8685459513878901, ""fm3_static_frac"": 0.15863655975837768, ""observed_duration_s"": 232.0318, ""vendor"": ""V01"", ""verdict"": ""rejected by FM0 and FM2""}",render
pi_094,v01_fm0_unusable_source_094_V01_S1365_I00001224_P1866_f0003145,V01_S1365_I00001224_P1866,improvised/train/0059/0010/V01_S1365_I00001224_P1866,improvised/train/0059/0011/V01_S1365_I00001224_P1925,v01_fm0_unusable_source,V01,improvised,3145,V01,improvised,train,ipc_conversation,random draw from V01 files that tripped fm0_unusable_source,"{""audio_envelope_dynamics_db"": 23.372911765308668, ""audio_status"": ""ok"", ""condition"": ""improvised"", ""fm1_hip_flexion_deg_p50"": 93.61837210073762, ""fm1_knee_between_torso_p50"": 0.2387949418121772, ""fm1_scope"": ""session"", ""fm2_longest_invalid_run_s"": 0.10010000000000001, ""fm2_smplh_valid_frac"": 0.9973359506449804, ""fm3_static_frac"": 0.033510936623667976, ""observed_duration_s"": 238.004067, ""vendor"": ""V01"", ""verdict"": ""rejected by FM0 and FM2""}",render
pi_095,v01_fm0_unusable_source_095_V01_S0214_I00000130_P1398_f0007578,V01_S0214_I00000130_P1398,naturalistic/train/0039/0016/V01_S0214_I00000130_P1398,naturalistic/train/0039/0011/V01_S0214_I00000130_P1399,v01_fm0_unusable_source,V01,naturalistic,7578,V01,naturalistic,train,ipc_conversation,random draw from V01 files that tripped fm0_unusable_source,"{""audio_envelope_dynamics_db"": 35.62207296805133, ""audio_status"": ""ok"", ""condition"": ""naturalistic"", ""fm1_hip_flexion_deg_p50"": 94.66201111938815, ""fm1_knee_between_torso_p50"": 0.23930428881243027, ""fm1_scope"": ""session"", ""fm2_longest_invalid_run_s"": 0.8341666666666667, ""fm2_smplh_valid_frac"": 0.9901938683498648, ""fm3_static_frac"": 0.15779981965734896, ""observed_duration_s"": 296.029067, ""vendor"": ""V01"", ""verdict"": ""rejected by FM0 and FM2""}",render
pi_096,v01_fm2_smplh_invalid_096_V01_S0543_I00001224_P1791_f0000209,V01_S0543_I00001224_P1791,improvised/train/0055/0039/V01_S0543_I00001224_P1791,improvised/train/0055/0034/V01_S0543_I00001224_P1466,v01_fm2_smplh_invalid,V01,improvised,209,V01,improvised,train,ipc_conversation,random draw from V01 files that tripped fm2_smplh_invalid; positioned on the longest untrusted stretch,"{""audio_envelope_dynamics_db"": 39.71884841281021, ""audio_status"": ""ok"", ""condition"": ""improvised"", ""fm1_hip_flexion_deg_p50"": 160.16378842034104, ""fm1_knee_between_torso_p50"": 0.5960069031320617, ""fm1_scope"": ""session"", ""fm2_longest_invalid_run_s"": 1.5333333333333334, ""fm2_smplh_valid_frac"": 0.98046875, ""fm3_static_frac"": 0.014583333333333334, ""observed_duration_s"": 256.0, ""vendor"": ""V01"", ""verdict"": ""rejected by FM2""}",render
pi_097,v01_fm2_smplh_invalid_097_V01_S0430_I00001016_P1783_f0001354,V01_S0430_I00001016_P1783,improvised/train/0053/0027/V01_S0430_I00001016_P1783,improvised/train/0053/0014/V01_S0430_I00001016_P1784,v01_fm2_smplh_invalid,V01,improvised,1354,V01,improvised,train,ipc_conversation,random draw from V01 files that tripped fm2_smplh_invalid; positioned on the longest untrusted stretch,"{""audio_envelope_dynamics_db"": 24.10758661947537, ""audio_status"": ""ok"", ""condition"": ""improvised"", ""fm1_hip_flexion_deg_p50"": 152.97150820988193, ""fm1_knee_between_torso_p50"": 0.6866910386831998, ""fm1_scope"": ""session"", ""fm2_longest_invalid_run_s"": 3.2365666666666666, ""fm2_smplh_valid_frac"": 0.9462465245597775, ""fm3_static_frac"": 0.013592832869941304, ""observed_duration_s"": 216.0158, ""vendor"": ""V01"", ""verdict"": ""rejected by FM2""}",render
pi_098,v01_fm2_smplh_invalid_098_V01_S1869_I00000675_P2745_f0006763,V01_S1869_I00000675_P2745,improvised/train/0061/0017/V01_S1869_I00000675_P2745,improvised/train/0061/0052/V01_S1869_I00000675_P2665,v01_fm2_smplh_invalid,V01,improvised,6763,V01,improvised,train,ipc_conversation,random draw from V01 files that tripped fm2_smplh_invalid; positioned on the longest untrusted stretch,"{""audio_envelope_dynamics_db"": 49.374758588376444, ""audio_status"": ""ok"", ""condition"": ""improvised"", ""fm1_hip_flexion_deg_p50"": 147.26620194115497, ""fm1_knee_between_torso_p50"": 0.6037536196656426, ""fm1_scope"": ""session"", ""fm2_longest_invalid_run_s"": 1.9679777777777778, ""fm2_smplh_valid_frac"": 0.9825772867311166, ""fm3_static_frac"": 0.2600658663550409, ""observed_duration_s"": 314.008844, ""vendor"": ""V01"", ""verdict"": ""rejected by FM2""}",render
pi_099,v01_fm2_smplh_invalid_099_V01_S0165_I00000140_P1302_f0001084,V01_S0165_I00000140_P1302,naturalistic/train/0038/0016/V01_S0165_I00000140_P1302,naturalistic/train/0038/0013/V01_S0165_I00000140_P1303,v01_fm2_smplh_invalid,V01,naturalistic,1084,V01,naturalistic,train,ipc_conversation,random draw from V01 files that tripped fm2_smplh_invalid; positioned on the longest untrusted stretch,"{""audio_envelope_dynamics_db"": 26.947015446822725, ""audio_status"": ""ok"", ""condition"": ""naturalistic"", ""fm1_hip_flexion_deg_p50"": 173.87878517628292, ""fm1_knee_between_torso_p50"": 0.6052809289167947, ""fm1_scope"": ""session"", ""fm2_longest_invalid_run_s"": 0.06673333333333334, ""fm2_smplh_valid_frac"": 0.9986758474576272, ""fm3_static_frac"": 0.5074152542372882, ""observed_duration_s"": 126.025533, ""vendor"": ""V01"", ""verdict"": ""rejected by FM2""}",render
pi_100,v01_fm2_smplh_invalid_100_V01_S1290_I00000632_P2311_f0002474,V01_S1290_I00000632_P2311,naturalistic/train/0041/0041/V01_S1290_I00000632_P2311,naturalistic/train/0041/0063/V01_S1290_I00000632_P2310,v01_fm2_smplh_invalid,V01,naturalistic,2474,V01,naturalistic,train,grounded_gesture,random draw from V01 files that tripped fm2_smplh_invalid; positioned on the longest untrusted stretch,"{""audio_envelope_dynamics_db"": 43.8123148177648, ""audio_status"": ""ok"", ""condition"": ""naturalistic"", ""fm1_hip_flexion_deg_p50"": 117.46160004830975, ""fm1_knee_between_torso_p50"": 0.4131145527154477, ""fm1_scope"": ""session"", ""fm2_longest_invalid_run_s"": 0.9676333333333333, ""fm2_smplh_valid_frac"": 0.9861248761149654, ""fm3_static_frac"": 0.28609184010571526, ""observed_duration_s"": 202.0018, ""vendor"": ""V01"", ""verdict"": ""rejected by FM0 and FM2""}",render
pi_101,v01_fm2_smplh_invalid_101_V01_S1840_I00000704_P2736_f0005367,V01_S1840_I00000704_P2736,improvised/train/0061/0006/V01_S1840_I00000704_P2736,improvised/train/0061/0012/V01_S1840_I00000704_P2628,v01_fm2_smplh_invalid,V01,improvised,5367,V01,improvised,train,ipc_conversation,random draw from V01 files that tripped fm2_smplh_invalid; positioned on the longest untrusted stretch,"{""audio_envelope_dynamics_db"": 23.201808080387316, ""audio_status"": ""ok"", ""condition"": ""improvised"", ""fm1_hip_flexion_deg_p50"": 161.95702893250126, ""fm1_knee_between_torso_p50"": 0.5901104517670448, ""fm1_scope"": ""session"", ""fm2_longest_invalid_run_s"": 1.2679333333333334, ""fm2_smplh_valid_frac"": 0.9579932789246279, ""fm3_static_frac"": 0.0, ""observed_duration_s"": 278.0107, ""vendor"": ""V01"", ""verdict"": ""rejected by FM2""}",render
pi_102,v01_fm2_smplh_invalid_102_V01_S0125_I00000132_P1234_f0000428,V01_S0125_I00000132_P1234,naturalistic/train/0036/0015/V01_S0125_I00000132_P1234,naturalistic/train/0036/0027/V01_S0125_I00000132_P1235,v01_fm2_smplh_invalid,V01,naturalistic,428,V01,naturalistic,train,ipc_conversation,random draw from V01 files that tripped fm2_smplh_invalid; positioned on the longest untrusted stretch,"{""audio_envelope_dynamics_db"": 38.73840607087063, ""audio_status"": ""ok"", ""condition"": ""naturalistic"", ""fm1_hip_flexion_deg_p50"": 138.59319479828798, ""fm1_knee_between_torso_p50"": 0.5848434766662252, ""fm1_scope"": ""session"", ""fm2_longest_invalid_run_s"": 0.10010000000000001, ""fm2_smplh_valid_frac"": 0.9937456567060459, ""fm3_static_frac"": 0.7081306462821404, ""observed_duration_s"": 48.014267, ""vendor"": ""V01"", ""verdict"": ""rejected by FM2""}",render
pi_103,v01_fm2_smplh_invalid_103_V01_S0432_I00001014_P1572_f0006536,V01_S0432_I00001014_P1572,improvised/train/0053/0001/V01_S0432_I00001014_P1572,improvised/train/0053/0012/V01_S0432_I00001014_P1785,v01_fm2_smplh_invalid,V01,improvised,6536,V01,improvised,train,ipc_conversation,random draw from V01 files that tripped fm2_smplh_invalid; positioned on the longest untrusted stretch,"{""audio_envelope_dynamics_db"": 35.94417401062484, ""audio_status"": ""ok"", ""condition"": ""improvised"", ""fm1_hip_flexion_deg_p50"": 162.3364015313801, ""fm1_knee_between_torso_p50"": 0.5370031472165602, ""fm1_scope"": ""session"", ""fm2_longest_invalid_run_s"": 0.033355555555555555, ""fm2_smplh_valid_frac"": 0.9998655010087424, ""fm3_static_frac"": 0.9101546738399462, ""observed_duration_s"": 248.031911, ""vendor"": ""V01"", ""verdict"": ""rejected by FM2 and FM3""}",render
pi_104,v01_fm2_smplh_invalid_104_V01_S1343_I00000316_P2381_f0002399,V01_S1343_I00000316_P2381,naturalistic/train/0041/0045/V01_S1343_I00000316_P2381,naturalistic/train/0041/0028/V01_S1343_I00000316_P2382,v01_fm2_smplh_invalid,V01,naturalistic,2399,V01,naturalistic,train,ipc_conversation,random draw from V01 files that tripped fm2_smplh_invalid; positioned on the longest untrusted stretch,"{""audio_envelope_dynamics_db"": 17.319894103853656, ""audio_status"": ""ok"", ""condition"": ""naturalistic"", ""fm1_hip_flexion_deg_p50"": 169.95976656487034, ""fm1_knee_between_torso_p50"": 0.5711058465333096, ""fm1_scope"": ""session"", ""fm2_longest_invalid_run_s"": 0.23333333333333334, ""fm2_smplh_valid_frac"": 0.996969696969697, ""fm3_static_frac"": 0.014393939393939395, ""observed_duration_s"": 132.0, ""vendor"": ""V01"", ""verdict"": ""rejected by FM2""}",render
pi_105,v01_fm2_smplh_invalid_105_V01_S0037_I00000126_P1071_f0001870,V01_S0037_I00000126_P1071,naturalistic/train/0033/0040/V01_S0037_I00000126_P1071,naturalistic/train/0033/0056/V01_S0037_I00000126_P1070,v01_fm2_smplh_invalid,V01,naturalistic,1870,V01,naturalistic,train,ipc_conversation,random draw from V01 files that tripped fm2_smplh_invalid; positioned on the longest untrusted stretch,"{""audio_envelope_dynamics_db"": 22.853460596700863, ""audio_status"": ""ok"", ""condition"": ""naturalistic"", ""fm1_hip_flexion_deg_p50"": 94.60916900882033, ""fm1_knee_between_torso_p50"": 0.23036288378148778, ""fm1_scope"": ""session"", ""fm2_longest_invalid_run_s"": 26.993633333333335, ""fm2_smplh_valid_frac"": 0.8451754126486423, ""fm3_static_frac"": 0.032065313849612496, ""observed_duration_s"": 564.029767, ""vendor"": ""V01"", ""verdict"": ""rejected by FM0 and FM2""}",render
pi_106,v01_fm2_smplh_invalid_106_V01_S0097_I00000498_P1275_f0006833,V01_S0097_I00000498_P1275,naturalistic/train/0035/0023/V01_S0097_I00000498_P1275,naturalistic/train/0035/0000/V01_S0097_I00000498_P1002,v01_fm2_smplh_invalid,V01,naturalistic,6833,V01,naturalistic,train,ipc_conversation,random draw from V01 files that tripped fm2_smplh_invalid; positioned on the longest untrusted stretch,"{""audio_envelope_dynamics_db"": 17.256179696119744, ""audio_status"": ""ok"", ""condition"": ""naturalistic"", ""fm1_hip_flexion_deg_p50"": 152.88629430760068, ""fm1_knee_between_torso_p50"": 0.6114727156352646, ""fm1_scope"": ""session"", ""fm2_longest_invalid_run_s"": 0.03336666666666667, ""fm2_smplh_valid_frac"": 0.9993821057834898, ""fm3_static_frac"": 0.009886307464162136, ""observed_duration_s"": 270.0027, ""vendor"": ""V01"", ""verdict"": ""rejected by FM2""}",render
pi_107,v01_fm2_smplh_invalid_107_V01_S0308_I00001232_P1634_f0007321,V01_S0308_I00001232_P1634,improvised/dev/0000/0033/V01_S0308_I00001232_P1634,improvised/dev/0000/0029/V01_S0308_I00001232_P1618,v01_fm2_smplh_invalid,V01,improvised,7321,V01,improvised,dev,ipc_conversation,random draw from V01 files that tripped fm2_smplh_invalid; positioned on the longest untrusted stretch,"{""audio_envelope_dynamics_db"": 0.4631627776981091, ""audio_status"": ""ok"", ""condition"": ""improvised"", ""fm1_hip_flexion_deg_p50"": 111.74784854001425, ""fm1_knee_between_torso_p50"": 0.38133926306961374, ""fm1_scope"": ""session"", ""fm2_longest_invalid_run_s"": 28.333333333333332, ""fm2_smplh_valid_frac"": 0.8169179229480737, ""fm3_static_frac"": 0.1685929648241206, ""observed_duration_s"": 398.0, ""vendor"": ""V01"", ""verdict"": ""rejected by FM0 and FM2 and FM4""}",render
pi_108,v01_fm3_static_hands_108_V01_S0122_I00000135_P1229_f0003032,V01_S0122_I00000135_P1229,improvised/train/0050/0004/V01_S0122_I00000135_P1229,improvised/train/0050/0021/V01_S0122_I00000135_P1228,v01_fm3_static_hands,V01,improvised,3032,V01,improvised,train,collaborative_storytelling,random draw from V01 files that tripped fm3_static_hands,"{""audio_envelope_dynamics_db"": 21.382461387602596, ""audio_status"": ""ok"", ""condition"": ""improvised"", ""fm1_hip_flexion_deg_p50"": 87.47993745907378, ""fm1_knee_between_torso_p50"": 0.16411462708997257, ""fm1_scope"": ""session"", ""fm2_longest_invalid_run_s"": 237.43720000000002, ""fm2_smplh_valid_frac"": 0.0012512164604476575, ""fm3_static_frac"": 0.9784512720700681, ""observed_duration_s"": 240.006433, ""vendor"": ""V01"", ""verdict"": ""rejected by FM0 and FM2 and FM3""}",render
pi_109,v01_fm3_static_hands_109_V01_S0125_I00000134_P1234_f0000943,V01_S0125_I00000134_P1234,naturalistic/train/0036/0004/V01_S0125_I00000134_P1234,naturalistic/train/0036/0010/V01_S0125_I00000134_P1235,v01_fm3_static_hands,V01,naturalistic,943,V01,naturalistic,train,ipc_conversation,random draw from V01 files that tripped fm3_static_hands,"{""audio_envelope_dynamics_db"": 38.02354491412336, ""audio_status"": ""ok"", ""condition"": ""naturalistic"", ""fm1_hip_flexion_deg_p50"": 141.87391362919027, ""fm1_knee_between_torso_p50"": 0.608508157211173, ""fm1_scope"": ""session"", ""fm2_longest_invalid_run_s"": 0.0, ""fm2_smplh_valid_frac"": 1.0, ""fm3_static_frac"": 0.926796050391556, ""observed_duration_s"": 98.0309, ""vendor"": ""V01"", ""verdict"": ""rejected by FM3""}",render
pi_110,v01_fm3_static_hands_110_V01_S0075_I00000131_P1143_f0000429,V01_S0075_I00000131_P1143,naturalistic/train/0034/0026/V01_S0075_I00000131_P1143,naturalistic/train/0034/0055/V01_S0075_I00000131_P1142,v01_fm3_static_hands,V01,naturalistic,429,V01,naturalistic,train,ipc_conversation,random draw from V01 files that tripped fm3_static_hands,"{""audio_envelope_dynamics_db"": 3.7295708313383074, ""audio_status"": ""ok"", ""condition"": ""naturalistic"", ""fm1_hip_flexion_deg_p50"": 96.3567274499428, ""fm1_knee_between_torso_p50"": 0.2549697629785269, ""fm1_scope"": ""session"", ""fm2_longest_invalid_run_s"": 0.26693333333333336, ""fm2_smplh_valid_frac"": 0.9964881474978051, ""fm3_static_frac"": 0.9934152765583846, ""observed_duration_s"": 76.009267, ""vendor"": ""V01"", ""verdict"": ""rejected by FM0 and FM2 and FM3""}",render
pi_111,v01_fm3_static_hands_111_V01_S1651_I00000135_P1714_f0001410,V01_S1651_I00000135_P1714,naturalistic/train/0043/0041/V01_S1651_I00000135_P1714,naturalistic/train/0043/0013/V01_S1651_I00000135_P1741,v01_fm3_static_hands,V01,naturalistic,1410,V01,naturalistic,train,collaborative_storytelling,random draw from V01 files that tripped fm3_static_hands,"{""audio_envelope_dynamics_db"": 31.272839416654847, ""audio_status"": ""ok"", ""condition"": ""naturalistic"", ""fm1_hip_flexion_deg_p50"": 155.3066957381106, ""fm1_knee_between_torso_p50"": 0.6243126032713995, ""fm1_scope"": ""session"", ""fm2_longest_invalid_run_s"": 0.0, ""fm2_smplh_valid_frac"": 1.0, ""fm3_static_frac"": 0.7733114574788078, ""observed_duration_s"": 122.0219, ""vendor"": ""V01"", ""verdict"": ""rejected by FM3""}",render
pi_112,v01_fm3_static_hands_112_V01_S0282_I00000126_P1601_f0002545,V01_S0282_I00000126_P1601,naturalistic/train/0040/0020/V01_S0282_I00000126_P1601,naturalistic/train/0040/0050/V01_S0282_I00000126_P1602,v01_fm3_static_hands,V01,naturalistic,2545,V01,naturalistic,train,ipc_conversation,random draw from V01 files that tripped fm3_static_hands,"{""audio_envelope_dynamics_db"": 25.746341055219855, ""audio_status"": ""ok"", ""condition"": ""naturalistic"", ""fm1_hip_flexion_deg_p50"": 98.37189213889296, ""fm1_knee_between_torso_p50"": 0.26605282713204226, ""fm1_scope"": ""session"", ""fm2_longest_invalid_run_s"": 0.0, ""fm2_smplh_valid_frac"": 1.0, ""fm3_static_frac"": 0.8828263002944062, ""observed_duration_s"": 170.003167, ""vendor"": ""V01"", ""verdict"": ""rejected by FM0 and FM3""}",render
pi_113,v01_fm3_static_hands_113_V01_S0153_I00000130_P1281_f0001889,V01_S0153_I00000130_P1281,naturalistic/train/0037/0029/V01_S0153_I00000130_P1281,naturalistic/train/0037/0007/V01_S0153_I00000130_P1280,v01_fm3_static_hands,V01,naturalistic,1889,V01,naturalistic,train,ipc_conversation,random draw from V01 files that tripped fm3_static_hands,"{""audio_envelope_dynamics_db"": 29.773587690934626, ""audio_status"": ""ok"", ""condition"": ""naturalistic"", ""fm1_hip_flexion_deg_p50"": 162.02963043794102, ""fm1_knee_between_torso_p50"": 0.5810906837384624, ""fm1_scope"": ""session"", ""fm2_longest_invalid_run_s"": 0.0, ""fm2_smplh_valid_frac"": 1.0, ""fm3_static_frac"": 0.8518518518518519, ""observed_duration_s"": 100.0329, ""vendor"": ""V01"", ""verdict"": ""rejected by FM3""}",render
pi_114,v01_fm3_static_hands_114_V01_S0064_I00000128_P1121_f0000283,V01_S0064_I00000128_P1121,naturalistic/train/0034/0032/V01_S0064_I00000128_P1121,naturalistic/train/0034/0003/V01_S0064_I00000128_P1120,v01_fm3_static_hands,V01,naturalistic,283,V01,naturalistic,train,ipc_conversation,random draw from V01 files that tripped fm3_static_hands,"{""audio_envelope_dynamics_db"": 30.369434708914966, ""audio_status"": ""ok"", ""condition"": ""naturalistic"", ""fm1_hip_flexion_deg_p50"": 91.01942226728252, ""fm1_knee_between_torso_p50"": 0.19812435314657972, ""fm1_scope"": ""session"", ""fm2_longest_invalid_run_s"": 0.0, ""fm2_smplh_valid_frac"": 1.0, ""fm3_static_frac"": 0.8108666765096707, ""observed_duration_s"": 226.0258, ""vendor"": ""V01"", ""verdict"": ""rejected by FM0 and FM3""}",render
pi_115,v01_fm3_static_hands_115_V01_S0165_I00000125_P1303_f0000376,V01_S0165_I00000125_P1303,naturalistic/train/0038/0049/V01_S0165_I00000125_P1303,naturalistic/train/0038/0003/V01_S0165_I00000125_P1302,v01_fm3_static_hands,V01,naturalistic,376,V01,naturalistic,train,ipc_conversation,random draw from V01 files that tripped fm3_static_hands,"{""audio_envelope_dynamics_db"": 27.023493129726823, ""audio_status"": ""ok"", ""condition"": ""naturalistic"", ""fm1_hip_flexion_deg_p50"": 99.71605199778642, ""fm1_knee_between_torso_p50"": 0.2761323402317112, ""fm1_scope"": ""session"", ""fm2_longest_invalid_run_s"": 0.0, ""fm2_smplh_valid_frac"": 1.0, ""fm3_static_frac"": 0.8319672131147541, ""observed_duration_s"": 114.013533, ""vendor"": ""V01"", ""verdict"": ""rejected by FM0 and FM3""}",render
pi_116,v01_fm3_static_hands_116_V01_S0234_I00001223_P1523_f0010936,V01_S0234_I00001223_P1523,improvised/train/0051/0042/V01_S0234_I00001223_P1523,improvised/train/0051/0046/V01_S0234_I00001223_P1210,v01_fm3_static_hands,V01,improvised,10936,V01,improvised,train,ipc_conversation,random draw from V01 files that tripped fm3_static_hands,"{""audio_envelope_dynamics_db"": 45.36494194304102, ""audio_status"": ""ok"", ""condition"": ""improvised"", ""fm1_hip_flexion_deg_p50"": 90.94808324143544, ""fm1_knee_between_torso_p50"": 0.20365155089902748, ""fm1_scope"": ""session"", ""fm2_longest_invalid_run_s"": 0.0, ""fm2_smplh_valid_frac"": 1.0, ""fm3_static_frac"": 0.9907477627787047, ""observed_duration_s"": 440.006233, ""vendor"": ""V01"", ""verdict"": ""rejected by FM0 and FM3""}",render
pi_117,v01_fm3_static_hands_117_V01_S0118_I00000138_P1223_f0001706,V01_S0118_I00000138_P1223,naturalistic/train/0036/0031/V01_S0118_I00000138_P1223,naturalistic/train/0036/0014/V01_S0118_I00000138_P1222,v01_fm3_static_hands,V01,naturalistic,1706,V01,naturalistic,train,ipc_conversation,random draw from V01 files that tripped fm3_static_hands,"{""audio_envelope_dynamics_db"": 24.511775382951967, ""audio_status"": ""ok"", ""condition"": ""naturalistic"", ""fm1_hip_flexion_deg_p50"": 154.9100217489496, ""fm1_knee_between_torso_p50"": 0.659274452683954, ""fm1_scope"": ""session"", ""fm2_longest_invalid_run_s"": 0.0, ""fm2_smplh_valid_frac"": 1.0, ""fm3_static_frac"": 0.967222884386174, ""observed_duration_s"": 112.011533, ""vendor"": ""V01"", ""verdict"": ""rejected by FM3""}",render
pi_118,v01_fm3_static_hands_118_V01_S1651_I00000498_P1714_f0002495,V01_S1651_I00000498_P1714,naturalistic/train/0043/0041/V01_S1651_I00000498_P1714,naturalistic/train/0043/0010/V01_S1651_I00000498_P1741,v01_fm3_static_hands,V01,naturalistic,2495,V01,naturalistic,train,ipc_conversation,random draw from V01 files that tripped fm3_static_hands,"{""audio_envelope_dynamics_db"": 30.490602328411782, ""audio_status"": ""ok"", ""condition"": ""naturalistic"", ""fm1_hip_flexion_deg_p50"": 156.54512456240684, ""fm1_knee_between_torso_p50"": 0.6286763024571818, ""fm1_scope"": ""session"", ""fm2_longest_invalid_run_s"": 0.10010000000000001, ""fm2_smplh_valid_frac"": 0.9992179353493222, ""fm3_static_frac"": 0.8493222106360793, ""observed_duration_s"": 128.027533, ""vendor"": ""V01"", ""verdict"": ""rejected by FM2 and FM3""}",render
pi_119,v01_fm3_static_hands_119_V01_S1895_I00001032_P2668_f0002927,V01_S1895_I00001032_P2668,improvised/train/0061/0031/V01_S1895_I00001032_P2668,improvised/train/0061/0024/V01_S1895_I00001032_P2689,v01_fm3_static_hands,V01,improvised,2927,V01,improvised,train,ipc_conversation,random draw from V01 files that tripped fm3_static_hands,"{""audio_envelope_dynamics_db"": 48.556282292846966, ""audio_status"": ""ok"", ""condition"": ""improvised"", ""fm1_hip_flexion_deg_p50"": 158.21243937138237, ""fm1_knee_between_torso_p50"": 0.6138389083475584, ""fm1_scope"": ""session"", ""fm2_longest_invalid_run_s"": 0.0, ""fm2_smplh_valid_frac"": 1.0, ""fm3_static_frac"": 0.9682582380632145, ""observed_duration_s"": 248.031911, ""vendor"": ""V01"", ""verdict"": ""rejected by FM3""}",render
pi_120,v01_fm4_audio_dead_120_V01_S0173_I00001224_P1319_f0002115,V01_S0173_I00001224_P1319,improvised/test/0000/0001/V01_S0173_I00001224_P1319,improvised/test/0000/0045/V01_S0173_I00001224_P1318,v01_fm4_audio_dead,V01,improvised,2115,V01,improvised,test,ipc_conversation,random draw from V01 files that tripped fm4_audio_dead,"{""audio_envelope_dynamics_db"": 0.6394910389097248, ""audio_status"": ""ok"", ""condition"": ""improvised"", ""fm1_hip_flexion_deg_p50"": 106.18276195459838, ""fm1_knee_between_torso_p50"": 0.32941664859594244, ""fm1_scope"": ""session"", ""fm2_longest_invalid_run_s"": 0.06666666666666667, ""fm2_smplh_valid_frac"": 0.9982683982683983, ""fm3_static_frac"": 0.009307359307359308, ""observed_duration_s"": 154.0, ""vendor"": ""V01"", ""verdict"": ""rejected by FM0 and FM2 and FM4""}",render
pi_121,v01_fm4_audio_dead_121_V01_S0172_I00001228_P1317_f0000060,V01_S0172_I00001228_P1317,improvised/dev/0000/0041/V01_S0172_I00001228_P1317,improvised/dev/0000/0009/V01_S0172_I00001228_P1316,v01_fm4_audio_dead,V01,improvised,60,V01,improvised,dev,ipc_conversation,random draw from V01 files that tripped fm4_audio_dead,"{""audio_envelope_dynamics_db"": 0.6823735942136295, ""audio_status"": ""ok"", ""condition"": ""improvised"", ""fm1_hip_flexion_deg_p50"": 106.52271668084622, ""fm1_knee_between_torso_p50"": 0.3327520368323196, ""fm1_scope"": ""session"", ""fm2_longest_invalid_run_s"": 0.0, ""fm2_smplh_valid_frac"": 1.0, ""fm3_static_frac"": 0.22213114754098362, ""observed_duration_s"": 122.0, ""vendor"": ""V01"", ""verdict"": ""rejected by FM0 and FM4""}",render
pi_122,v01_fm4_audio_dead_122_V01_S0361_I00001109_P1343_f0008194,V01_S0361_I00001109_P1343,improvised/train/0053/0007/V01_S0361_I00001109_P1343,improvised/train/0053/0046/V01_S0361_I00001109_P1709,v01_fm4_audio_dead,V01,improvised,8194,V01,improvised,train,ipc_conversation,random draw from V01 files that tripped fm4_audio_dead,"{""audio_envelope_dynamics_db"": 0.4707417287183375, ""audio_status"": ""ok"", ""condition"": ""improvised"", ""fm1_hip_flexion_deg_p50"": 116.721514434659, ""fm1_knee_between_torso_p50"": 0.3932247841872627, ""fm1_scope"": ""session"", ""fm2_longest_invalid_run_s"": 43.34198442802955, ""fm2_smplh_valid_frac"": 0.6007984031936128, ""fm3_static_frac"": 0.0010978043912175648, ""observed_duration_s"": 334.0, ""vendor"": ""V01"", ""verdict"": ""rejected by FM0 and FM2 and FM4""}",render
pi_123,v01_fm4_audio_dead_123_V01_S0101_I00000134_P1190_f0002541,V01_S0101_I00000134_P1190,improvised/train/0050/0002/V01_S0101_I00000134_P1190,,v01_fm4_audio_dead,V01,improvised,2541,V01,improvised,train,ipc_conversation,random draw from V01 files that tripped fm4_audio_dead,"{""audio_envelope_dynamics_db"": null, ""audio_status"": ""empty"", ""condition"": ""improvised"", ""fm1_hip_flexion_deg_p50"": 167.79353001965126, ""fm1_knee_between_torso_p50"": 0.601632549787091, ""fm1_scope"": ""session"", ""fm2_longest_invalid_run_s"": 2.435766666666667, ""fm2_smplh_valid_frac"": 0.9826821541710665, ""fm3_static_frac"": 0.01013727560718057, ""observed_duration_s"": 158.024167, ""vendor"": ""V01"", ""verdict"": ""rejected by FM2 and FM4""}",render
pi_124,v01_fm4_audio_dead_124_V01_S1607_I00000313_P2569_f0003849,V01_S1607_I00000313_P2569,improvised/train/0059/0039/V01_S1607_I00000313_P2569,,v01_fm4_audio_dead,V01,improvised,3849,V01,improvised,train,ipc_conversation,random draw from V01 files that tripped fm4_audio_dead,"{""audio_envelope_dynamics_db"": null, ""audio_status"": ""empty"", ""condition"": ""improvised"", ""fm1_hip_flexion_deg_p50"": 97.59264646039853, ""fm1_knee_between_torso_p50"": 0.26581030795148863, ""fm1_scope"": ""session"", ""fm2_longest_invalid_run_s"": 0.0, ""fm2_smplh_valid_frac"": 1.0, ""fm3_static_frac"": 0.8112170680459027, ""observed_duration_s"": 208.020313, ""vendor"": ""V01"", ""verdict"": ""rejected by FM0 and FM3 and FM4""}",render
pi_125,v01_fm4_audio_dead_125_V01_S0309_I00001225_P1636_f0009161,V01_S0309_I00001225_P1636,improvised/train/0052/0009/V01_S0309_I00001225_P1636,improvised/train/0052/0001/V01_S0309_I00001225_P1635,v01_fm4_audio_dead,V01,improvised,9161,V01,improvised,train,ipc_conversation,random draw from V01 files that tripped fm4_audio_dead,"{""audio_envelope_dynamics_db"": 0.47951806753975035, ""audio_status"": ""ok"", ""condition"": ""improvised"", ""fm1_hip_flexion_deg_p50"": 89.22772800715488, ""fm1_knee_between_torso_p50"": 0.17115282187578687, ""fm1_scope"": ""session"", ""fm2_longest_invalid_run_s"": 0.0, ""fm2_smplh_valid_frac"": 1.0, ""fm3_static_frac"": 0.42083333333333334, ""observed_duration_s"": 336.0, ""vendor"": ""V01"", ""verdict"": ""rejected by FM0 and FM4""}",render
pi_126,v01_fm4_audio_dead_126_V01_S0173_I00001226_P1319_f0001147,V01_S0173_I00001226_P1319,improvised/test/0000/0018/V01_S0173_I00001226_P1319,improvised/test/0000/0067/V01_S0173_I00001226_P1318,v01_fm4_audio_dead,V01,improvised,1147,V01,improvised,test,ipc_conversation,random draw from V01 files that tripped fm4_audio_dead,"{""audio_envelope_dynamics_db"": 0.6444770587497715, ""audio_status"": ""ok"", ""condition"": ""improvised"", ""fm1_hip_flexion_deg_p50"": 103.46047209401635, ""fm1_knee_between_torso_p50"": 0.3080803387100235, ""fm1_scope"": ""session"", ""fm2_longest_invalid_run_s"": 0.4, ""fm2_smplh_valid_frac"": 0.9948717948717949, ""fm3_static_frac"": 0.0880952380952381, ""observed_duration_s"": 182.0, ""vendor"": ""V01"", ""verdict"": ""rejected by FM0 and FM2 and FM4""}",render
pi_127,v01_fm4_audio_dead_127_V01_S0361_I00001111_P1343_f0001175,V01_S0361_I00001111_P1343,improvised/train/0053/0008/V01_S0361_I00001111_P1343,improvised/train/0053/0046/V01_S0361_I00001111_P1709,v01_fm4_audio_dead,V01,improvised,1175,V01,improvised,train,ipc_conversation,random draw from V01 files that tripped fm4_audio_dead,"{""audio_envelope_dynamics_db"": 0.4961369174809107, ""audio_status"": ""ok"", ""condition"": ""improvised"", ""fm1_hip_flexion_deg_p50"": 117.67782498763111, ""fm1_knee_between_torso_p50"": 0.3983072262199296, ""fm1_scope"": ""session"", ""fm2_longest_invalid_run_s"": 55.473725290574365, ""fm2_smplh_valid_frac"": 0.5846055979643766, ""fm3_static_frac"": 0.017557251908396947, ""observed_duration_s"": 262.0, ""vendor"": ""V01"", ""verdict"": ""rejected by FM0 and FM2 and FM4""}",render
pi_128,v01_fm4_audio_dead_128_V01_S0101_I00000139_P1190_f0001114,V01_S0101_I00000139_P1190,improvised/train/0050/0035/V01_S0101_I00000139_P1190,,v01_fm4_audio_dead,V01,improvised,1114,V01,improvised,train,ipc_conversation,random draw from V01 files that tripped fm4_audio_dead,"{""audio_envelope_dynamics_db"": null, ""audio_status"": ""empty"", ""condition"": ""improvised"", ""fm1_hip_flexion_deg_p50"": 158.56077151373566, ""fm1_knee_between_torso_p50"": 0.5892965276401569, ""fm1_scope"": ""session"", ""fm2_longest_invalid_run_s"": 0.0, ""fm2_smplh_valid_frac"": 1.0, ""fm3_static_frac"": 0.020495710200190656, ""observed_duration_s"": 70.0029, ""vendor"": ""V01"", ""verdict"": ""rejected by FM4""}",render
pi_129,v01_fm4_audio_dead_129_V01_S1607_I00000128_P2569_f0003341,V01_S1607_I00000128_P2569,improvised/train/0059/0033/V01_S1607_I00000128_P2569,,v01_fm4_audio_dead,V01,improvised,3341,V01,improvised,train,ipc_conversation,random draw from V01 files that tripped fm4_audio_dead,"{""audio_envelope_dynamics_db"": null, ""audio_status"": ""empty"", ""condition"": ""improvised"", ""fm1_hip_flexion_deg_p50"": 101.407165609113, ""fm1_knee_between_torso_p50"": 0.2999202918731936, ""fm1_scope"": ""session"", ""fm2_longest_invalid_run_s"": 4.604048701809599, ""fm2_smplh_valid_frac"": 0.948617198126039, ""fm3_static_frac"": 0.32492065890887106, ""observed_duration_s"": 138.012875, ""vendor"": ""V01"", ""verdict"": ""rejected by FM0 and FM2 and FM4""}",render
pi_130,v01_fm4_audio_dead_130_V01_S0179_I00001227_P1331_f0000618,V01_S0179_I00001227_P1331,improvised/train/0051/0019/V01_S0179_I00001227_P1331,improvised/train/0051/0002/V01_S0179_I00001227_P1330,v01_fm4_audio_dead,V01,improvised,618,V01,improvised,train,ipc_conversation,random draw from V01 files that tripped fm4_audio_dead,"{""audio_envelope_dynamics_db"": 0.5724302689635579, ""audio_status"": ""ok"", ""condition"": ""improvised"", ""fm1_hip_flexion_deg_p50"": 102.97984701420296, ""fm1_knee_between_torso_p50"": 0.3218624725928898, ""fm1_scope"": ""session"", ""fm2_longest_invalid_run_s"": 0.0, ""fm2_smplh_valid_frac"": 1.0, ""fm3_static_frac"": 0.6467592592592593, ""observed_duration_s"": 144.0, ""vendor"": ""V01"", ""verdict"": ""rejected by FM0 and FM4""}",render
pi_131,v01_fm4_audio_dead_131_V01_S0172_I00001225_P1316_f0002146,V01_S0172_I00001225_P1316,improvised/dev/0000/0050/V01_S0172_I00001225_P1316,improvised/dev/0000/0023/V01_S0172_I00001225_P1317,v01_fm4_audio_dead,V01,improvised,2146,V01,improvised,dev,ipc_conversation,random draw from V01 files that tripped fm4_audio_dead,"{""audio_envelope_dynamics_db"": 0.5532536950874771, ""audio_status"": ""ok"", ""condition"": ""improvised"", ""fm1_hip_flexion_deg_p50"": 99.740527633711, ""fm1_knee_between_torso_p50"": 0.2754645706975859, ""fm1_scope"": ""session"", ""fm2_longest_invalid_run_s"": 0.06666666666666667, ""fm2_smplh_valid_frac"": 0.9990740740740741, ""fm3_static_frac"": 0.3135802469135803, ""observed_duration_s"": 108.0, ""vendor"": ""V01"", ""verdict"": ""rejected by FM0 and FM2 and FM4""}",render
pi_132,v02_pass_naturalistic_132_V02_S3143_I00000127_P4083_f0000636,V02_S3143_I00000127_P4083,naturalistic/train/0050/0019/V02_S3143_I00000127_P4083,naturalistic/train/0050/0015/V02_S3143_I00000127_P4077,v02_pass_naturalistic,V02,naturalistic,636,V02,naturalistic,train,ipc_conversation,random draw from V02 naturalistic files the pipeline keeps,"{""audio_envelope_dynamics_db"": 28.462963766964066, ""audio_status"": ""ok"", ""condition"": ""naturalistic"", ""fm1_hip_flexion_deg_p50"": 161.33303683701286, ""fm1_knee_between_torso_p50"": 0.6210238966754816, ""fm1_scope"": ""session"", ""fm2_longest_invalid_run_s"": 0.0, ""fm2_smplh_valid_frac"": 1.0, ""fm3_static_frac"": 0.002355072463768116, ""observed_duration_s"": 184.0, ""vendor"": ""V02"", ""verdict"": ""kept""}",render
pi_133,v02_pass_naturalistic_133_V02_S5157_I00000330_P5134_f0000450,V02_S5157_I00000330_P5134,naturalistic/train/0091/0010/V02_S5157_I00000330_P5134,naturalistic/train/0091/0020/V02_S5157_I00000330_P5195,v02_pass_naturalistic,V02,naturalistic,450,V02,naturalistic,train,ipc_conversation,random draw from V02 naturalistic files the pipeline keeps,"{""audio_envelope_dynamics_db"": 43.034360955612975, ""audio_status"": ""ok"", ""condition"": ""naturalistic"", ""fm1_hip_flexion_deg_p50"": 150.2149679090606, ""fm1_knee_between_torso_p50"": 0.5953253381040543, ""fm1_scope"": ""session"", ""fm2_longest_invalid_run_s"": 0.0, ""fm2_smplh_valid_frac"": 1.0, ""fm3_static_frac"": 0.01507936507936508, ""observed_duration_s"": 168.0, ""vendor"": ""V02"", ""verdict"": ""kept""}",render
pi_134,v02_pass_naturalistic_134_V02_S5003_I00000135_P5006_f0000839,V02_S5003_I00000135_P5006,naturalistic/train/0081/0024/V02_S5003_I00000135_P5006,naturalistic/train/0081/0029/V02_S5003_I00000135_P5005,v02_pass_naturalistic,V02,naturalistic,839,V02,naturalistic,train,collaborative_storytelling,random draw from V02 naturalistic files the pipeline keeps,"{""audio_envelope_dynamics_db"": 27.73212423460675, ""audio_status"": ""ok"", ""condition"": ""naturalistic"", ""fm1_hip_flexion_deg_p50"": 164.69581958793768, ""fm1_knee_between_torso_p50"": 0.6277063694948695, ""fm1_scope"": ""session"", ""fm2_longest_invalid_run_s"": 0.0, ""fm2_smplh_valid_frac"": 1.0, ""fm3_static_frac"": 0.07554347826086956, ""observed_duration_s"": 184.0, ""vendor"": ""V02"", ""verdict"": ""kept""}",render
pi_135,v02_pass_naturalistic_135_V02_S3631_I00000733_P4257_f0000475,V02_S3631_I00000733_P4257,naturalistic/train/0079/0052/V02_S3631_I00000733_P4257,naturalistic/train/0079/0053/V02_S3631_I00000733_P4255,v02_pass_naturalistic,V02,naturalistic,475,V02,naturalistic,train,grounded_gesture,random draw from V02 naturalistic files the pipeline keeps,"{""audio_envelope_dynamics_db"": 34.042766089927085, ""audio_status"": ""ok"", ""condition"": ""naturalistic"", ""fm1_hip_flexion_deg_p50"": 164.76696852583308, ""fm1_knee_between_torso_p50"": 0.6621330085115218, ""fm1_scope"": ""session"", ""fm2_longest_invalid_run_s"": 0.0, ""fm2_smplh_valid_frac"": 1.0, ""fm3_static_frac"": 0.2396551724137931, ""observed_duration_s"": 58.0, ""vendor"": ""V02"", ""verdict"": ""kept""}",render
pi_136,v02_pass_naturalistic_136_V02_S3396_I00000159_P4178_f0002369,V02_S3396_I00000159_P4178,naturalistic/train/0065/0027/V02_S3396_I00000159_P4178,naturalistic/train/0065/0017/V02_S3396_I00000159_P4168,v02_pass_naturalistic,V02,naturalistic,2369,V02,naturalistic,train,ipc_conversation,random draw from V02 naturalistic files the pipeline keeps,"{""audio_envelope_dynamics_db"": 36.129902660003424, ""audio_status"": ""ok"", ""condition"": ""naturalistic"", ""fm1_hip_flexion_deg_p50"": 173.66769144664838, ""fm1_knee_between_torso_p50"": 0.7159905927053081, ""fm1_scope"": ""session"", ""fm2_longest_invalid_run_s"": 0.0, ""fm2_smplh_valid_frac"": 1.0, ""fm3_static_frac"": 0.3217687074829932, ""observed_duration_s"": 196.0, ""vendor"": ""V02"", ""verdict"": ""kept""}",render
pi_137,v02_pass_naturalistic_137_V02_S5262_I00000204_P5263_f0003247,V02_S5262_I00000204_P5263,naturalistic/train/0098/0016/V02_S5262_I00000204_P5263,naturalistic/train/0098/0026/V02_S5262_I00000204_P5262,v02_pass_naturalistic,V02,naturalistic,3247,V02,naturalistic,train,ipc_conversation,random draw from V02 naturalistic files the pipeline keeps,"{""audio_envelope_dynamics_db"": 10.239056634364665, ""audio_status"": ""ok"", ""condition"": ""naturalistic"", ""fm1_hip_flexion_deg_p50"": 121.43714495982208, ""fm1_knee_between_torso_p50"": 0.5402514803824434, ""fm1_scope"": ""session"", ""fm2_longest_invalid_run_s"": 0.0, ""fm2_smplh_valid_frac"": 1.0, ""fm3_static_frac"": 0.5350775193798449, ""observed_duration_s"": 172.0, ""vendor"": ""V02"", ""verdict"": ""kept""}",render
pi_138,v02_pass_naturalistic_138_V02_S3086_I00000373_P4040_f0004380,V02_S3086_I00000373_P4040,naturalistic/train/0047/0008/V02_S3086_I00000373_P4040,naturalistic/train/0047/0032/V02_S3086_I00000373_P4002,v02_pass_naturalistic,V02,naturalistic,4380,V02,naturalistic,train,ipc_conversation,random draw from V02 naturalistic files the pipeline keeps,"{""audio_envelope_dynamics_db"": 32.797351731256946, ""audio_status"": ""ok"", ""condition"": ""naturalistic"", ""fm1_hip_flexion_deg_p50"": 167.22703187996285, ""fm1_knee_between_torso_p50"": 0.603549003863223, ""fm1_scope"": ""session"", ""fm2_longest_invalid_run_s"": 0.0, ""fm2_smplh_valid_frac"": 1.0, ""fm3_static_frac"": 0.027060931899641576, ""observed_duration_s"": 186.0, ""vendor"": ""V02"", ""verdict"": ""kept""}",render
pi_139,v02_pass_naturalistic_139_V02_S5263_I00000213_P5036_f0004197,V02_S5263_I00000213_P5036,naturalistic/train/0098/0011/V02_S5263_I00000213_P5036,naturalistic/train/0098/0004/V02_S5263_I00000213_P5264,v02_pass_naturalistic,V02,naturalistic,4197,V02,naturalistic,train,ipc_conversation,random draw from V02 naturalistic files the pipeline keeps,"{""audio_envelope_dynamics_db"": 13.062981390965902, ""audio_status"": ""ok"", ""condition"": ""naturalistic"", ""fm1_hip_flexion_deg_p50"": 131.91398973820444, ""fm1_knee_between_torso_p50"": 0.5856888340842215, ""fm1_scope"": ""session"", ""fm2_longest_invalid_run_s"": 0.0, ""fm2_smplh_valid_frac"": 1.0, ""fm3_static_frac"": 0.6226744186046511, ""observed_duration_s"": 172.0, ""vendor"": ""V02"", ""verdict"": ""kept""}",render
pi_140,v02_pass_naturalistic_140_V02_S5034_I00000132_P5040_f0004119,V02_S5034_I00000132_P5040,naturalistic/train/0083/0002/V02_S5034_I00000132_P5040,naturalistic/train/0083/0017/V02_S5034_I00000132_P5041,v02_pass_naturalistic,V02,naturalistic,4119,V02,naturalistic,train,ipc_conversation,random draw from V02 naturalistic files the pipeline keeps,"{""audio_envelope_dynamics_db"": 18.808711622318206, ""audio_status"": ""ok"", ""condition"": ""naturalistic"", ""fm1_hip_flexion_deg_p50"": 149.26439073181794, ""fm1_knee_between_torso_p50"": 0.6110408606248612, ""fm1_scope"": ""session"", ""fm2_longest_invalid_run_s"": 0.0, ""fm2_smplh_valid_frac"": 1.0, ""fm3_static_frac"": 0.0033333333333333335, ""observed_duration_s"": 180.0, ""vendor"": ""V02"", ""verdict"": ""kept""}",render
pi_141,v02_pass_naturalistic_141_V02_S5149_I00000099_P5122_f0003566,V02_S5149_I00000099_P5122,naturalistic/train/0090/0021/V02_S5149_I00000099_P5122,naturalistic/train/0090/0010/V02_S5149_I00000099_P5159,v02_pass_naturalistic,V02,naturalistic,3566,V02,naturalistic,train,ipc_conversation,random draw from V02 naturalistic files the pipeline keeps,"{""audio_envelope_dynamics_db"": 27.16214376839583, ""audio_status"": ""ok"", ""condition"": ""naturalistic"", ""fm1_hip_flexion_deg_p50"": 132.07931279181304, ""fm1_knee_between_torso_p50"": 0.711324366767633, ""fm1_scope"": ""session"", ""fm2_longest_invalid_run_s"": 0.0, ""fm2_smplh_valid_frac"": 1.0, ""fm3_static_frac"": 0.7119047619047619, ""observed_duration_s"": 182.0, ""vendor"": ""V02"", ""verdict"": ""kept""}",render
pi_142,v02_pass_naturalistic_142_V02_S5022_I00000461_P5032_f0002239,V02_S5022_I00000461_P5032,naturalistic/train/0082/0014/V02_S5022_I00000461_P5032,naturalistic/train/0082/0012/V02_S5022_I00000461_P5012,v02_pass_naturalistic,V02,naturalistic,2239,V02,naturalistic,train,ipc_conversation,random draw from V02 naturalistic files the pipeline keeps,"{""audio_envelope_dynamics_db"": 38.287233198535894, ""audio_status"": ""ok"", ""condition"": ""naturalistic"", ""fm1_hip_flexion_deg_p50"": 141.04665968205165, ""fm1_knee_between_torso_p50"": 0.5517015011492552, ""fm1_scope"": ""session"", ""fm2_longest_invalid_run_s"": 0.0, ""fm2_smplh_valid_frac"": 1.0, ""fm3_static_frac"": 0.055938697318007664, ""observed_duration_s"": 174.0, ""vendor"": ""V02"", ""verdict"": ""kept""}",render
pi_143,v02_pass_naturalistic_143_V02_S5315_I00000141_P5141_f0001346,V02_S5315_I00000141_P5141,naturalistic/train/0101/0003/V02_S5315_I00000141_P5141,naturalistic/train/0101/0040/V02_S5315_I00000141_P5230,v02_pass_naturalistic,V02,naturalistic,1346,V02,naturalistic,train,ipc_conversation,random draw from V02 naturalistic files the pipeline keeps,"{""audio_envelope_dynamics_db"": 33.64236428492082, ""audio_status"": ""ok"", ""condition"": ""naturalistic"", ""fm1_hip_flexion_deg_p50"": 148.00376290011462, ""fm1_knee_between_torso_p50"": 0.6705181495279169, ""fm1_scope"": ""session"", ""fm2_longest_invalid_run_s"": 0.0, ""fm2_smplh_valid_frac"": 1.0, ""fm3_static_frac"": 0.5267068273092369, ""observed_duration_s"": 166.0, ""vendor"": ""V02"", ""verdict"": ""kept""}",render
pi_144,v02_fm2_smplh_invalid_144_V02_S3643_I00000432_P4250_f0000000,V02_S3643_I00000432_P4250,naturalistic/train/0080/0041/V02_S3643_I00000432_P4250,naturalistic/train/0080/0020/V02_S3643_I00000432_P4135,v02_fm2_smplh_invalid,V02,naturalistic,0,V02,naturalistic,train,ipc_conversation,random draw from V02 files that tripped fm2_smplh_invalid; positioned on the longest untrusted stretch,"{""audio_envelope_dynamics_db"": 30.87107782626324, ""audio_status"": ""ok"", ""condition"": ""naturalistic"", ""fm1_hip_flexion_deg_p50"": 166.8841323655655, ""fm1_knee_between_torso_p50"": 0.6385104233664962, ""fm1_scope"": ""session"", ""fm2_longest_invalid_run_s"": 4.466666666666667, ""fm2_smplh_valid_frac"": 0.946925566343042, ""fm3_static_frac"": 0.23012145748987856, ""observed_duration_s"": 206.0, ""vendor"": ""V02"", ""verdict"": ""rejected by FM2""}",render
pi_145,v02_fm2_smplh_invalid_145_V02_S5238_I00000434_P5121_f0000000,V02_S5238_I00000434_P5121,naturalistic/train/0096/0005/V02_S5238_I00000434_P5121,naturalistic/train/0096/0020/V02_S5238_I00000434_P5050,v02_fm2_smplh_invalid,V02,naturalistic,0,V02,naturalistic,train,ipc_conversation,random draw from V02 files that tripped fm2_smplh_invalid; positioned on the longest untrusted stretch,"{""audio_envelope_dynamics_db"": 32.49392300138946, ""audio_status"": ""ok"", ""condition"": ""naturalistic"", ""fm1_hip_flexion_deg_p50"": 155.27727720430494, ""fm1_knee_between_torso_p50"": 0.6753791458570773, ""fm1_scope"": ""session"", ""fm2_longest_invalid_run_s"": 0.9666666666666667, ""fm2_smplh_valid_frac"": 0.9745098039215686, ""fm3_static_frac"": 0.08627450980392157, ""observed_duration_s"": 170.0, ""vendor"": ""V02"", ""verdict"": ""rejected by FM2""}",render
pi_146,v02_fm2_smplh_invalid_146_V02_S5032_I00000385_P5012_f0000385,V02_S5032_I00000385_P5012,naturalistic/train/0083/0033/V02_S5032_I00000385_P5012,naturalistic/train/0083/0006/V02_S5032_I00000385_P5038,v02_fm2_smplh_invalid,V02,naturalistic,385,V02,naturalistic,train,ipc_conversation,random draw from V02 files that tripped fm2_smplh_invalid; positioned on the longest untrusted stretch,"{""audio_envelope_dynamics_db"": 19.328205972832308, ""audio_status"": ""ok"", ""condition"": ""naturalistic"", ""fm1_hip_flexion_deg_p50"": 141.317421371664, ""fm1_knee_between_torso_p50"": 0.5741962263843541, ""fm1_scope"": ""session"", ""fm2_longest_invalid_run_s"": 1.6333333333333333, ""fm2_smplh_valid_frac"": 0.9570075757575758, ""fm3_static_frac"": 0.0, ""observed_duration_s"": 176.0, ""vendor"": ""V02"", ""verdict"": ""rejected by FM2""}",render
pi_147,v02_fm2_smplh_invalid_147_V02_S3453_I00000426_P4202_f0003244,V02_S3453_I00000426_P4202,naturalistic/train/0069/0022/V02_S3453_I00000426_P4202,naturalistic/train/0069/0004/V02_S3453_I00000426_P4196,v02_fm2_smplh_invalid,V02,naturalistic,3244,V02,naturalistic,train,ipc_conversation,random draw from V02 files that tripped fm2_smplh_invalid; positioned on the longest untrusted stretch,"{""audio_envelope_dynamics_db"": 33.72008649743411, ""audio_status"": ""ok"", ""condition"": ""naturalistic"", ""fm1_hip_flexion_deg_p50"": 170.7144977533088, ""fm1_knee_between_torso_p50"": 0.631683059478, ""fm1_scope"": ""session"", ""fm2_longest_invalid_run_s"": 3.4, ""fm2_smplh_valid_frac"": 0.9725260416666667, ""fm3_static_frac"": 0.015364583333333333, ""observed_duration_s"": 256.0, ""vendor"": ""V02"", ""verdict"": ""rejected by FM2""}",render
pi_148,v02_fm2_smplh_invalid_148_V02_S3433_I00000114_P4087_f0004014,V02_S3433_I00000114_P4087,naturalistic/train/0067/0027/V02_S3433_I00000114_P4087,naturalistic/train/0067/0031/V02_S3433_I00000114_P4195,v02_fm2_smplh_invalid,V02,naturalistic,4014,V02,naturalistic,train,ipc_conversation,random draw from V02 files that tripped fm2_smplh_invalid; positioned on the longest untrusted stretch,"{""audio_envelope_dynamics_db"": 30.082661315784314, ""audio_status"": ""ok"", ""condition"": ""naturalistic"", ""fm1_hip_flexion_deg_p50"": 171.6859847294777, ""fm1_knee_between_torso_p50"": 0.705465470858884, ""fm1_scope"": ""session"", ""fm2_longest_invalid_run_s"": 0.23333333333333334, ""fm2_smplh_valid_frac"": 0.997051282051282, ""fm3_static_frac"": 0.0, ""observed_duration_s"": 260.0, ""vendor"": ""V02"", ""verdict"": ""rejected by FM2""}",render
pi_149,v02_fm2_smplh_invalid_149_V02_S5211_I00000301_P5206_f0002385,V02_S5211_I00000301_P5206,naturalistic/train/0094/0004/V02_S5211_I00000301_P5206,naturalistic/train/0094/0002/V02_S5211_I00000301_P5233,v02_fm2_smplh_invalid,V02,naturalistic,2385,V02,naturalistic,train,ipc_conversation,random draw from V02 files that tripped fm2_smplh_invalid; positioned on the longest untrusted stretch,"{""audio_envelope_dynamics_db"": 39.661944230260936, ""audio_status"": ""ok"", ""condition"": ""naturalistic"", ""fm1_hip_flexion_deg_p50"": 143.59884630331482, ""fm1_knee_between_torso_p50"": 0.677008094910982, ""fm1_scope"": ""session"", ""fm2_longest_invalid_run_s"": 0.5333333333333333, ""fm2_smplh_valid_frac"": 0.9968992248062015, ""fm3_static_frac"": 0.4858527131782946, ""observed_duration_s"": 172.0, ""vendor"": ""V02"", ""verdict"": ""rejected by FM2""}",render
pi_150,v02_fm2_smplh_invalid_150_V02_S3381_I00000435_P4157_f0000000,V02_S3381_I00000435_P4157,naturalistic/train/0064/0015/V02_S3381_I00000435_P4157,naturalistic/train/0064/0020/V02_S3381_I00000435_P4183,v02_fm2_smplh_invalid,V02,naturalistic,0,V02,naturalistic,train,ipc_conversation,random draw from V02 files that tripped fm2_smplh_invalid; positioned on the longest untrusted stretch,"{""audio_envelope_dynamics_db"": 34.75451526878106, ""audio_status"": ""ok"", ""condition"": ""naturalistic"", ""fm1_hip_flexion_deg_p50"": 169.80087473788836, ""fm1_knee_between_torso_p50"": 0.6156508029220238, ""fm1_scope"": ""session"", ""fm2_longest_invalid_run_s"": 0.43333333333333335, ""fm2_smplh_valid_frac"": 0.9972222222222222, ""fm3_static_frac"": 0.001851851851851852, ""observed_duration_s"": 180.0, ""vendor"": ""V02"", ""verdict"": ""rejected by FM2""}",render
pi_151,v02_fm2_smplh_invalid_151_V02_S3441_I00000405_P4177_f0000000,V02_S3441_I00000405_P4177,naturalistic/train/0068/0034/V02_S3441_I00000405_P4177,naturalistic/train/0068/0050/V02_S3441_I00000405_P4198,v02_fm2_smplh_invalid,V02,naturalistic,0,V02,naturalistic,train,ipc_conversation,random draw from V02 files that tripped fm2_smplh_invalid; positioned on the longest untrusted stretch,"{""audio_envelope_dynamics_db"": 28.354488321741428, ""audio_status"": ""ok"", ""condition"": ""naturalistic"", ""fm1_hip_flexion_deg_p50"": 169.2273630283958, ""fm1_knee_between_torso_p50"": 0.736312304397194, ""fm1_scope"": ""session"", ""fm2_longest_invalid_run_s"": 0.6333333333333333, ""fm2_smplh_valid_frac"": 0.9967013888888889, ""fm3_static_frac"": 0.034722222222222224, ""observed_duration_s"": 192.0, ""vendor"": ""V02"", ""verdict"": ""rejected by FM2""}",render
pi_152,v02_fm2_smplh_invalid_152_V02_S3499_I00000075_P4217_f0000772,V02_S3499_I00000075_P4217,naturalistic/train/0071/0031/V02_S3499_I00000075_P4217,naturalistic/train/0071/0045/V02_S3499_I00000075_P4221,v02_fm2_smplh_invalid,V02,naturalistic,772,V02,naturalistic,train,ipc_conversation,random draw from V02 files that tripped fm2_smplh_invalid; positioned on the longest untrusted stretch,"{""audio_envelope_dynamics_db"": 14.056647885612435, ""audio_status"": ""ok"", ""condition"": ""naturalistic"", ""fm1_hip_flexion_deg_p50"": 170.8384337830439, ""fm1_knee_between_torso_p50"": 0.7611908849090483, ""fm1_scope"": ""session"", ""fm2_longest_invalid_run_s"": 7.066666666666666, ""fm2_smplh_valid_frac"": 0.9406810035842293, ""fm3_static_frac"": 0.0012544802867383513, ""observed_duration_s"": 186.0, ""vendor"": ""V02"", ""verdict"": ""rejected by FM2""}",render
pi_153,v02_fm2_smplh_invalid_153_V02_S5151_I00000204_P5143_f0003116,V02_S5151_I00000204_P5143,naturalistic/train/0090/0040/V02_S5151_I00000204_P5143,naturalistic/train/0090/0002/V02_S5151_I00000204_P5190,v02_fm2_smplh_invalid,V02,naturalistic,3116,V02,naturalistic,train,ipc_conversation,random draw from V02 files that tripped fm2_smplh_invalid; positioned on the longest untrusted stretch,"{""audio_envelope_dynamics_db"": 41.53688625702545, ""audio_status"": ""ok"", ""condition"": ""naturalistic"", ""fm1_hip_flexion_deg_p50"": 142.6763163420602, ""fm1_knee_between_torso_p50"": 0.6109485814248444, ""fm1_scope"": ""session"", ""fm2_longest_invalid_run_s"": 0.8, ""fm2_smplh_valid_frac"": 0.9943820224719101, ""fm3_static_frac"": 0.17827715355805243, ""observed_duration_s"": 178.0, ""vendor"": ""V02"", ""verdict"": ""rejected by FM2""}",render
pi_154,v02_fm2_smplh_invalid_154_V02_S3443_I00000762_P4187_f0002081,V02_S3443_I00000762_P4187,naturalistic/train/0068/0017/V02_S3443_I00000762_P4187,naturalistic/train/0068/0020/V02_S3443_I00000762_P4179,v02_fm2_smplh_invalid,V02,naturalistic,2081,V02,naturalistic,train,grounded_gesture,random draw from V02 files that tripped fm2_smplh_invalid; positioned on the longest untrusted stretch,"{""audio_envelope_dynamics_db"": 26.69678019744279, ""audio_status"": ""ok"", ""condition"": ""naturalistic"", ""fm1_hip_flexion_deg_p50"": 167.61892947182923, ""fm1_knee_between_torso_p50"": 0.5719508007529788, ""fm1_scope"": ""session"", ""fm2_longest_invalid_run_s"": 1.6666666666666667, ""fm2_smplh_valid_frac"": 0.9760204081632653, ""fm3_static_frac"": 0.1024332142249447, ""observed_duration_s"": 196.0, ""vendor"": ""V02"", ""verdict"": ""rejected by FM2""}",render
pi_155,v02_fm2_smplh_invalid_155_V02_S5213_I00000305_P5234_f0000217,V02_S5213_I00000305_P5234,naturalistic/train/0094/0037/V02_S5213_I00000305_P5234,naturalistic/train/0094/0032/V02_S5213_I00000305_P5235,v02_fm2_smplh_invalid,V02,naturalistic,217,V02,naturalistic,train,ipc_conversation,random draw from V02 files that tripped fm2_smplh_invalid; positioned on the longest untrusted stretch,"{""audio_envelope_dynamics_db"": 11.737407741685047, ""audio_status"": ""ok"", ""condition"": ""naturalistic"", ""fm1_hip_flexion_deg_p50"": 144.77395048082371, ""fm1_knee_between_torso_p50"": 0.6048117642807875, ""fm1_scope"": ""session"", ""fm2_longest_invalid_run_s"": 0.6333333333333333, ""fm2_smplh_valid_frac"": 0.9850694444444444, ""fm3_static_frac"": 0.00017361111111111112, ""observed_duration_s"": 192.0, ""vendor"": ""V02"", ""verdict"": ""rejected by FM2""}",render
pi_156,v02_fm3_static_hands_156_V02_S3114_I00000128_P4075_f0000652,V02_S3114_I00000128_P4075,naturalistic/train/0048/0058/V02_S3114_I00000128_P4075,naturalistic/train/0048/0024/V02_S3114_I00000128_P4064,v02_fm3_static_hands,V02,naturalistic,652,V02,naturalistic,train,ipc_conversation,random draw from V02 files that tripped fm3_static_hands,"{""audio_envelope_dynamics_db"": 26.723690444836045, ""audio_status"": ""ok"", ""condition"": ""naturalistic"", ""fm1_hip_flexion_deg_p50"": 165.48200629691644, ""fm1_knee_between_torso_p50"": 0.5856398797517748, ""fm1_scope"": ""session"", ""fm2_longest_invalid_run_s"": 2.8333333333333335, ""fm2_smplh_valid_frac"": 0.9771043771043771, ""fm3_static_frac"": 0.8361952861952862, ""observed_duration_s"": 198.0, ""vendor"": ""V02"", ""verdict"": ""rejected by FM2 and FM3""}",render
pi_157,v02_fm3_static_hands_157_V02_S5067_I00000197_P5085_f0001671,V02_S5067_I00000197_P5085,naturalistic/train/0085/0039/V02_S5067_I00000197_P5085,naturalistic/train/0085/0010/V02_S5067_I00000197_P5029,v02_fm3_static_hands,V02,naturalistic,1671,V02,naturalistic,train,ipc_conversation,random draw from V02 files that tripped fm3_static_hands,"{""audio_envelope_dynamics_db"": 23.40351831191424, ""audio_status"": ""ok"", ""condition"": ""naturalistic"", ""fm1_hip_flexion_deg_p50"": 128.28820515813447, ""fm1_knee_between_torso_p50"": 0.5912092305069911, ""fm1_scope"": ""session"", ""fm2_longest_invalid_run_s"": 0.0, ""fm2_smplh_valid_frac"": 1.0, ""fm3_static_frac"": 0.9037234042553192, ""observed_duration_s"": 188.0, ""vendor"": ""V02"", ""verdict"": ""rejected by FM3""}",render
pi_158,v02_fm3_static_hands_158_V02_S5115_I00000334_P5146_f0003616,V02_S5115_I00000334_P5146,naturalistic/train/0088/0039/V02_S5115_I00000334_P5146,naturalistic/train/0088/0032/V02_S5115_I00000334_P5058,v02_fm3_static_hands,V02,naturalistic,3616,V02,naturalistic,train,ipc_conversation,random draw from V02 files that tripped fm3_static_hands,"{""audio_envelope_dynamics_db"": 5.632224927660204, ""audio_status"": ""ok"", ""condition"": ""naturalistic"", ""fm1_hip_flexion_deg_p50"": 154.0004991934954, ""fm1_knee_between_torso_p50"": 0.680370762673181, ""fm1_scope"": ""session"", ""fm2_longest_invalid_run_s"": 7.3, ""fm2_smplh_valid_frac"": 0.9565476190476191, ""fm3_static_frac"": 0.9055555555555556, ""observed_duration_s"": 168.0, ""vendor"": ""V02"", ""verdict"": ""rejected by FM2 and FM3""}",render
pi_159,v02_fm3_static_hands_159_V02_S5124_I00000201_P5159_f0001144,V02_S5124_I00000201_P5159,naturalistic/train/0088/0000/V02_S5124_I00000201_P5159,naturalistic/train/0088/0039/V02_S5124_I00000201_P5133,v02_fm3_static_hands,V02,naturalistic,1144,V02,naturalistic,train,ipc_conversation,random draw from V02 files that tripped fm3_static_hands,"{""audio_envelope_dynamics_db"": 14.611106206924788, ""audio_status"": ""ok"", ""condition"": ""naturalistic"", ""fm1_hip_flexion_deg_p50"": 126.86935263839678, ""fm1_knee_between_torso_p50"": 0.6240125895752386, ""fm1_scope"": ""session"", ""fm2_longest_invalid_run_s"": 0.0, ""fm2_smplh_valid_frac"": 1.0, ""fm3_static_frac"": 0.7728174603174603, ""observed_duration_s"": 168.0, ""vendor"": ""V02"", ""verdict"": ""rejected by FM3""}",render
pi_160,v02_fm3_static_hands_160_V02_S5011_I00000125_P5016_f0002092,V02_S5011_I00000125_P5016,naturalistic/train/0081/0009/V02_S5011_I00000125_P5016,naturalistic/train/0081/0004/V02_S5011_I00000125_P5011,v02_fm3_static_hands,V02,naturalistic,2092,V02,naturalistic,train,ipc_conversation,random draw from V02 files that tripped fm3_static_hands,"{""audio_envelope_dynamics_db"": 36.32043524923907, ""audio_status"": ""ok"", ""condition"": ""naturalistic"", ""fm1_hip_flexion_deg_p50"": 147.86709703394826, ""fm1_knee_between_torso_p50"": 0.6245764956494676, ""fm1_scope"": ""session"", ""fm2_longest_invalid_run_s"": 0.0, ""fm2_smplh_valid_frac"": 1.0, ""fm3_static_frac"": 0.770281124497992, ""observed_duration_s"": 166.0, ""vendor"": ""V02"", ""verdict"": ""rejected by FM3""}",render
pi_161,v02_fm3_static_hands_161_V02_S5109_I00000287_P5140_f0004470,V02_S5109_I00000287_P5140,naturalistic/train/0088/0034/V02_S5109_I00000287_P5140,naturalistic/train/0088/0007/V02_S5109_I00000287_P5139,v02_fm3_static_hands,V02,naturalistic,4470,V02,naturalistic,train,ipc_conversation,random draw from V02 files that tripped fm3_static_hands,"{""audio_envelope_dynamics_db"": 36.71936693527275, ""audio_status"": ""ok"", ""condition"": ""naturalistic"", ""fm1_hip_flexion_deg_p50"": 136.03103239331293, ""fm1_knee_between_torso_p50"": 0.6421737110731627, ""fm1_scope"": ""session"", ""fm2_longest_invalid_run_s"": 0.0, ""fm2_smplh_valid_frac"": 1.0, ""fm3_static_frac"": 0.8331481481481482, ""observed_duration_s"": 180.0, ""vendor"": ""V02"", ""verdict"": ""rejected by FM3""}",render
pi_162,v02_fm3_static_hands_162_V02_S5211_I00000283_P5233_f0003199,V02_S5211_I00000283_P5233,naturalistic/train/0094/0041/V02_S5211_I00000283_P5233,naturalistic/train/0094/0021/V02_S5211_I00000283_P5206,v02_fm3_static_hands,V02,naturalistic,3199,V02,naturalistic,train,ipc_conversation,random draw from V02 files that tripped fm3_static_hands,"{""audio_envelope_dynamics_db"": 31.675471892309787, ""audio_status"": ""ok"", ""condition"": ""naturalistic"", ""fm1_hip_flexion_deg_p50"": 137.6729481322869, ""fm1_knee_between_torso_p50"": 0.6218523702863439, ""fm1_scope"": ""session"", ""fm2_longest_invalid_run_s"": 0.0, ""fm2_smplh_valid_frac"": 1.0, ""fm3_static_frac"": 0.7761627906976745, ""observed_duration_s"": 172.0, ""vendor"": ""V02"", ""verdict"": ""rejected by FM3""}",render
pi_163,v02_fm3_static_hands_163_V02_S5300_I00000064_P5280_f0001971,V02_S5300_I00000064_P5280,naturalistic/train/0100/0025/V02_S5300_I00000064_P5280,naturalistic/train/0100/0007/V02_S5300_I00000064_P5230,v02_fm3_static_hands,V02,naturalistic,1971,V02,naturalistic,train,ipc_conversation,random draw from V02 files that tripped fm3_static_hands,"{""audio_envelope_dynamics_db"": 29.263144365919885, ""audio_status"": ""ok"", ""condition"": ""naturalistic"", ""fm1_hip_flexion_deg_p50"": 126.1850725101839, ""fm1_knee_between_torso_p50"": 0.6074473228915854, ""fm1_scope"": ""session"", ""fm2_longest_invalid_run_s"": 0.26666666666666666, ""fm2_smplh_valid_frac"": 0.9984848484848485, ""fm3_static_frac"": 0.7924242424242425, ""observed_duration_s"": 176.0, ""vendor"": ""V02"", ""verdict"": ""rejected by FM2 and FM3""}",render
pi_164,v02_fm3_static_hands_164_V02_S5284_I00000059_P5231_f0001379,V02_S5284_I00000059_P5231,naturalistic/train/0099/0037/V02_S5284_I00000059_P5231,naturalistic/train/0099/0027/V02_S5284_I00000059_P5225,v02_fm3_static_hands,V02,naturalistic,1379,V02,naturalistic,train,ipc_conversation,random draw from V02 files that tripped fm3_static_hands,"{""audio_envelope_dynamics_db"": 30.70286281580843, ""audio_status"": ""ok"", ""condition"": ""naturalistic"", ""fm1_hip_flexion_deg_p50"": 140.3766906100143, ""fm1_knee_between_torso_p50"": 0.60254158157281, ""fm1_scope"": ""session"", ""fm2_longest_invalid_run_s"": 0.0, ""fm2_smplh_valid_frac"": 1.0, ""fm3_static_frac"": 0.8988095238095238, ""observed_duration_s"": 168.0, ""vendor"": ""V02"", ""verdict"": ""rejected by FM3""}",render
pi_165,v02_fm3_static_hands_165_V02_S5017_I00000771_P5027_f0000031,V02_S5017_I00000771_P5027,naturalistic/train/0082/0015/V02_S5017_I00000771_P5027,naturalistic/train/0082/0015/V02_S5017_I00000771_P5026,v02_fm3_static_hands,V02,naturalistic,31,V02,naturalistic,train,grounded_gesture,random draw from V02 files that tripped fm3_static_hands,"{""audio_envelope_dynamics_db"": 26.517735039928226, ""audio_status"": ""ok"", ""condition"": ""naturalistic"", ""fm1_hip_flexion_deg_p50"": 150.34710984638238, ""fm1_knee_between_torso_p50"": 0.6118335521088878, ""fm1_scope"": ""session"", ""fm2_longest_invalid_run_s"": 0.0, ""fm2_smplh_valid_frac"": 1.0, ""fm3_static_frac"": 0.7819047619047619, ""observed_duration_s"": 210.0, ""vendor"": ""V02"", ""verdict"": ""rejected by FM3""}",render
pi_166,v02_fm3_static_hands_166_V02_S5207_I00000180_P5168_f0002769,V02_S5207_I00000180_P5168,naturalistic/train/0094/0023/V02_S5207_I00000180_P5168,naturalistic/train/0094/0021/V02_S5207_I00000180_P5158,v02_fm3_static_hands,V02,naturalistic,2769,V02,naturalistic,train,ipc_conversation,random draw from V02 files that tripped fm3_static_hands,"{""audio_envelope_dynamics_db"": 28.57727656506522, ""audio_status"": ""ok"", ""condition"": ""naturalistic"", ""fm1_hip_flexion_deg_p50"": 127.09605724996638, ""fm1_knee_between_torso_p50"": 0.6337636970305472, ""fm1_scope"": ""session"", ""fm2_longest_invalid_run_s"": 0.0, ""fm2_smplh_valid_frac"": 1.0, ""fm3_static_frac"": 0.9703252032520325, ""observed_duration_s"": 164.0, ""vendor"": ""V02"", ""verdict"": ""rejected by FM3""}",render
pi_167,v02_fm3_static_hands_167_V02_S5217_I00000281_P5239_f0000529,V02_S5217_I00000281_P5239,naturalistic/train/0095/0039/V02_S5217_I00000281_P5239,naturalistic/train/0095/0023/V02_S5217_I00000281_P5238,v02_fm3_static_hands,V02,naturalistic,529,V02,naturalistic,train,ipc_conversation,random draw from V02 files that tripped fm3_static_hands,"{""audio_envelope_dynamics_db"": 31.435206750644767, ""audio_status"": ""ok"", ""condition"": ""naturalistic"", ""fm1_hip_flexion_deg_p50"": 142.90354441379793, ""fm1_knee_between_torso_p50"": 0.6018469788888599, ""fm1_scope"": ""session"", ""fm2_longest_invalid_run_s"": 0.03333333333333333, ""fm2_smplh_valid_frac"": 0.999812734082397, ""fm3_static_frac"": 0.7867041198501873, ""observed_duration_s"": 178.0, ""vendor"": ""V02"", ""verdict"": ""rejected by FM2 and FM3""}",render
pi_168,v02_fm4_audio_dead_168_V02_S3061_I00000385_P4058_f0004214,V02_S3061_I00000385_P4058,naturalistic/train/0045/0026/V02_S3061_I00000385_P4058,naturalistic/train/0045/0003/V02_S3061_I00000385_P4047,v02_fm4_audio_dead,V02,naturalistic,4214,V02,naturalistic,train,ipc_conversation,random draw from V02 files that tripped fm4_audio_dead,"{""audio_envelope_dynamics_db"": 0.9918126145927317, ""audio_status"": ""ok"", ""condition"": ""naturalistic"", ""fm1_hip_flexion_deg_p50"": 169.55385230577718, ""fm1_knee_between_torso_p50"": 0.6446542866502732, ""fm1_scope"": ""session"", ""fm2_longest_invalid_run_s"": 1.9333333333333333, ""fm2_smplh_valid_frac"": 0.925, ""fm3_static_frac"": 0.009523809523809525, ""observed_duration_s"": 196.0, ""vendor"": ""V02"", ""verdict"": ""rejected by FM2 and FM4""}",render
pi_169,v02_fm4_audio_dead_169_V02_S3206_I00000373_P4008_f0002713,V02_S3206_I00000373_P4008,naturalistic/train/0054/0043/V02_S3206_I00000373_P4008,naturalistic/train/0054/0025/V02_S3206_I00000373_P4111,v02_fm4_audio_dead,V02,naturalistic,2713,V02,naturalistic,train,ipc_conversation,random draw from V02 files that tripped fm4_audio_dead,"{""audio_envelope_dynamics_db"": 0.539200934754561, ""audio_status"": ""ok"", ""condition"": ""naturalistic"", ""fm1_hip_flexion_deg_p50"": 165.40575685965737, ""fm1_knee_between_torso_p50"": 0.6328114186747177, ""fm1_scope"": ""session"", ""fm2_longest_invalid_run_s"": 1.9, ""fm2_smplh_valid_frac"": 0.9421940928270042, ""fm3_static_frac"": 0.004219409282700422, ""observed_duration_s"": 158.0, ""vendor"": ""V02"", ""verdict"": ""rejected by FM2 and FM4""}",render
pi_170,v02_fm4_audio_dead_170_V02_S3640_I00000216_P4261_f0002781,V02_S3640_I00000216_P4261,naturalistic/train/0080/0024/V02_S3640_I00000216_P4261,naturalistic/train/0080/0046/V02_S3640_I00000216_P4230,v02_fm4_audio_dead,V02,naturalistic,2781,V02,naturalistic,train,ipc_conversation,random draw from V02 files that tripped fm4_audio_dead,"{""audio_envelope_dynamics_db"": null, ""audio_status"": ""empty"", ""condition"": ""naturalistic"", ""fm1_hip_flexion_deg_p50"": 168.59565860274012, ""fm1_knee_between_torso_p50"": 0.5821713526443053, ""fm1_scope"": ""session"", ""fm2_longest_invalid_run_s"": 0.43333333333333335, ""fm2_smplh_valid_frac"": 0.9959183673469387, ""fm3_static_frac"": 0.04642857142857143, ""observed_duration_s"": 196.0, ""vendor"": ""V02"", ""verdict"": ""rejected by FM2 and FM4""}",render
pi_171,v02_fm4_audio_dead_171_V02_S3367_I00000394_P4177_f0000852,V02_S3367_I00000394_P4177,naturalistic/train/0064/0006/V02_S3367_I00000394_P4177,naturalistic/train/0064/0014/V02_S3367_I00000394_P4168,v02_fm4_audio_dead,V02,naturalistic,852,V02,naturalistic,train,ipc_conversation,random draw from V02 files that tripped fm4_audio_dead,"{""audio_envelope_dynamics_db"": null, ""audio_status"": ""empty"", ""condition"": ""naturalistic"", ""fm1_hip_flexion_deg_p50"": 165.75871226388224, ""fm1_knee_between_torso_p50"": 0.6657667253010926, ""fm1_scope"": ""session"", ""fm2_longest_invalid_run_s"": 6.6, ""fm2_smplh_valid_frac"": 0.9617845117845117, ""fm3_static_frac"": 0.12996632996632998, ""observed_duration_s"": 198.0, ""vendor"": ""V02"", ""verdict"": ""rejected by FM2 and FM4""}",render
pi_172,v02_fm4_audio_dead_172_V02_S3367_I00000764_P4177_f0001591,V02_S3367_I00000764_P4177,naturalistic/train/0064/0025/V02_S3367_I00000764_P4177,naturalistic/train/0064/0021/V02_S3367_I00000764_P4168,v02_fm4_audio_dead,V02,naturalistic,1591,V02,naturalistic,train,grounded_gesture,random draw from V02 files that tripped fm4_audio_dead,"{""audio_envelope_dynamics_db"": null, ""audio_status"": ""empty"", ""condition"": ""naturalistic"", ""fm1_hip_flexion_deg_p50"": 167.5803076694594, ""fm1_knee_between_torso_p50"": 0.6707676620722108, ""fm1_scope"": ""session"", ""fm2_longest_invalid_run_s"": 1.0, ""fm2_smplh_valid_frac"": 0.9892241379310345, ""fm3_static_frac"": 0.04870689655172414, ""observed_duration_s"": 232.0, ""vendor"": ""V02"", ""verdict"": ""rejected by FM2 and FM4""}",render
pi_173,v03_pass_improvised_173_V03_S0251_I00000544_P1606_f0001383,V03_S0251_I00000544_P1606,improvised/dev/0001/0006/V03_S0251_I00000544_P1606,improvised/dev/0001/0009/V03_S0251_I00000544_P1607,v03_pass_improvised,V03,improvised,1383,V03,improvised,dev,ipc_conversation,random draw from V03 improvised files the pipeline keeps,"{""audio_envelope_dynamics_db"": 19.817239052021016, ""audio_status"": ""ok"", ""condition"": ""improvised"", ""fm1_hip_flexion_deg_p50"": 160.63891908380765, ""fm1_knee_between_torso_p50"": 0.5952946855753256, ""fm1_scope"": ""file"", ""fm2_longest_invalid_run_s"": 0.0, ""fm2_smplh_valid_frac"": 1.0, ""fm3_static_frac"": 0.4514887063655031, ""observed_duration_s"": 130.029533, ""vendor"": ""V03"", ""verdict"": ""kept""}",render
pi_174,v03_pass_improvised_174_V03_S1088_I00000578_P1420_f0001913,V03_S1088_I00000578_P1420,improvised/test/0000/0032/V03_S1088_I00000578_P1420,improvised/test/0000/0034/V03_S1088_I00000578_P1766,v03_pass_improvised,V03,improvised,1913,V03,improvised,test,ipc_conversation,random draw from V03 improvised files the pipeline keeps,"{""audio_envelope_dynamics_db"": 60.8894205153795, ""audio_status"": ""ok"", ""condition"": ""improvised"", ""fm1_hip_flexion_deg_p50"": 164.59390103905668, ""fm1_knee_between_torso_p50"": 0.566833889023465, ""fm1_scope"": ""file"", ""fm2_longest_invalid_run_s"": 0.0, ""fm2_smplh_valid_frac"": 1.0, ""fm3_static_frac"": 0.4075148701581314, ""observed_duration_s"": 230.029433, ""vendor"": ""V03"", ""verdict"": ""kept""}",render
pi_175,v03_pass_improvised_175_V03_S1004_I00000382_P2024_f0004041,V03_S1004_I00000382_P2024,improvised/train/0065/0130/V03_S1004_I00000382_P2024,improvised/train/0065/0082/V03_S1004_I00000382_P3208,v03_pass_improvised,V03,improvised,4041,V03,improvised,train,ipc_conversation,random draw from V03 improvised files the pipeline keeps,"{""audio_envelope_dynamics_db"": 42.70294934935395, ""audio_status"": ""ok"", ""condition"": ""improvised"", ""fm1_hip_flexion_deg_p50"": 158.4543659301133, ""fm1_knee_between_torso_p50"": 0.5843588043757151, ""fm1_scope"": ""file"", ""fm2_longest_invalid_run_s"": 0.0, ""fm2_smplh_valid_frac"": 1.0, ""fm3_static_frac"": 0.047097671185262424, ""observed_duration_s"": 192.025167, ""vendor"": ""V03"", ""verdict"": ""kept""}",render
pi_176,v03_pass_improvised_176_V03_S0203_I00000495_P1437_f0003008,V03_S0203_I00000495_P1437,improvised/dev/0000/0050/V03_S0203_I00000495_P1437,improvised/dev/0000/0007/V03_S0203_I00000495_P1436,v03_pass_improvised,V03,improvised,3008,V03,improvised,dev,ipc_conversation,random draw from V03 improvised files the pipeline keeps,"{""audio_envelope_dynamics_db"": 53.865041575924224, ""audio_status"": ""ok"", ""condition"": ""improvised"", ""fm1_hip_flexion_deg_p50"": 171.20477678317144, ""fm1_knee_between_torso_p50"": 0.6473968481475183, ""fm1_scope"": ""file"", ""fm2_longest_invalid_run_s"": 0.0, ""fm2_smplh_valid_frac"": 1.0, ""fm3_static_frac"": 0.6763431542461005, ""observed_duration_s"": 154.020533, ""vendor"": ""V03"", ""verdict"": ""kept""}",render
pi_177,v03_pass_improvised_177_V03_S1302_I00000126_P2024_f0002793,V03_S1302_I00000126_P2024,improvised/train/0066/0146/V03_S1302_I00000126_P2024,improvised/train/0066/0025/V03_S1302_I00000126_P3821,v03_pass_improvised,V03,improvised,2793,V03,improvised,train,ipc_conversation,random draw from V03 improvised files the pipeline keeps,"{""audio_envelope_dynamics_db"": 59.393633270713956, ""audio_status"": ""ok"", ""condition"": ""improvised"", ""fm1_hip_flexion_deg_p50"": 168.40963874784615, ""fm1_knee_between_torso_p50"": 0.672235402825967, ""fm1_scope"": ""file"", ""fm2_longest_invalid_run_s"": 0.0, ""fm2_smplh_valid_frac"": 1.0, ""fm3_static_frac"": 0.21598665251023813, ""observed_duration_s"": 220.019433, ""vendor"": ""V03"", ""verdict"": ""kept""}",render
pi_178,v03_pass_improvised_178_V03_S0269_I00000375_P1322_f0006405,V03_S0269_I00000375_P1322,improvised/train/0063/0145/V03_S0269_I00000375_P1322,improvised/train/0063/0023/V03_S0269_I00000375_P1018,v03_pass_improvised,V03,improvised,6405,V03,improvised,train,ipc_conversation,random draw from V03 improvised files the pipeline keeps,"{""audio_envelope_dynamics_db"": 62.55233805712403, ""audio_status"": ""ok"", ""condition"": ""improvised"", ""fm1_hip_flexion_deg_p50"": 173.26114008506758, ""fm1_knee_between_torso_p50"": 0.5718154222927492, ""fm1_scope"": ""file"", ""fm2_longest_invalid_run_s"": 0.0, ""fm2_smplh_valid_frac"": 1.0, ""fm3_static_frac"": 0.484201213346815, ""observed_duration_s"": 264.030433, ""vendor"": ""V03"", ""verdict"": ""kept""}",render
pi_179,v03_pass_improvised_179_V03_S1105_I00000483_P3671_f0000984,V03_S1105_I00000483_P3671,improvised/train/0065/0120/V03_S1105_I00000483_P3671,improvised/train/0065/0130/V03_S1105_I00000483_P1306,v03_pass_improvised,V03,improvised,984,V03,improvised,train,ipc_conversation,random draw from V03 improvised files the pipeline keeps,"{""audio_envelope_dynamics_db"": 59.814262391889116, ""audio_status"": ""ok"", ""condition"": ""improvised"", ""fm1_hip_flexion_deg_p50"": 162.05630909177106, ""fm1_knee_between_torso_p50"": 0.6071251773979032, ""fm1_scope"": ""file"", ""fm2_longest_invalid_run_s"": 0.0, ""fm2_smplh_valid_frac"": 1.0, ""fm3_static_frac"": 0.3306951871657754, ""observed_duration_s"": 156.022167, ""vendor"": ""V03"", ""verdict"": ""kept""}",render
pi_180,v03_pass_improvised_180_V03_S1292_I00000126_P1744_f0004218,V03_S1292_I00000126_P1744,improvised/train/0066/0053/V03_S1292_I00000126_P1744,improvised/train/0066/0079/V03_S1292_I00000126_P3675,v03_pass_improvised,V03,improvised,4218,V03,improvised,train,ipc_conversation,random draw from V03 improvised files the pipeline keeps,"{""audio_envelope_dynamics_db"": 45.85126177291926, ""audio_status"": ""ok"", ""condition"": ""improvised"", ""fm1_hip_flexion_deg_p50"": 166.13167963126338, ""fm1_knee_between_torso_p50"": 0.610817942233053, ""fm1_scope"": ""file"", ""fm2_longest_invalid_run_s"": 0.0, ""fm2_smplh_valid_frac"": 1.0, ""fm3_static_frac"": 0.023937327723777744, ""observed_duration_s"": 230.029433, ""vendor"": ""V03"", ""verdict"": ""kept""}",render
pi_181,v03_pass_improvised_181_V03_S1641_I00000536_P1744_f0002844,V03_S1641_I00000536_P1744,improvised/train/0068/0008/V03_S1641_I00000536_P1744,improvised/train/0068/0069/V03_S1641_I00000536_P2947,v03_pass_improvised,V03,improvised,2844,V03,improvised,train,ipc_conversation,random draw from V03 improvised files the pipeline keeps,"{""audio_envelope_dynamics_db"": 16.01292119727766, ""audio_status"": ""ok"", ""condition"": ""improvised"", ""fm1_hip_flexion_deg_p50"": 156.08746648447618, ""fm1_knee_between_torso_p50"": 0.5262628509594227, ""fm1_scope"": ""file"", ""fm2_longest_invalid_run_s"": 0.0, ""fm2_smplh_valid_frac"": 1.0, ""fm3_static_frac"": 0.017161558109833972, ""observed_duration_s"": 418.0176, ""vendor"": ""V03"", ""verdict"": ""kept""}",render
pi_182,v03_pass_improvised_182_V03_S0308_I00000373_P1216_f0005403,V03_S0308_I00000373_P1216,improvised/train/0063/0073/V03_S0308_I00000373_P1216,improvised/train/0063/0086/V03_S0308_I00000373_P1306,v03_pass_improvised,V03,improvised,5403,V03,improvised,train,ipc_conversation,random draw from V03 improvised files the pipeline keeps,"{""audio_envelope_dynamics_db"": 57.324386925465916, ""audio_status"": ""ok"", ""condition"": ""improvised"", ""fm1_hip_flexion_deg_p50"": 165.94827185653793, ""fm1_knee_between_torso_p50"": 0.558916270794878, ""fm1_scope"": ""file"", ""fm2_longest_invalid_run_s"": 0.0, ""fm2_smplh_valid_frac"": 1.0, ""fm3_static_frac"": 0.1914102130537707, ""observed_duration_s"": 296.0287, ""vendor"": ""V03"", ""verdict"": ""kept""}",render
pi_183,v03_pass_improvised_183_V03_S0269_I00000377_P1322_f0002346,V03_S0269_I00000377_P1322,improvised/train/0063/0145/V03_S0269_I00000377_P1322,improvised/train/0063/0018/V03_S0269_I00000377_P1018,v03_pass_improvised,V03,improvised,2346,V03,improvised,train,ipc_conversation,random draw from V03 improvised files the pipeline keeps,"{""audio_envelope_dynamics_db"": 44.62444102181669, ""audio_status"": ""ok"", ""condition"": ""improvised"", ""fm1_hip_flexion_deg_p50"": 173.51271394727178, ""fm1_knee_between_torso_p50"": 0.576882152740724, ""fm1_scope"": ""file"", ""fm2_longest_invalid_run_s"": 0.0, ""fm2_smplh_valid_frac"": 1.0, ""fm3_static_frac"": 0.18620104623215042, ""observed_duration_s"": 236.002433, ""vendor"": ""V03"", ""verdict"": ""kept""}",render
pi_184,v03_pass_improvised_184_V03_S0049_I00000307_P1031_f0000988,V03_S0049_I00000307_P1031,improvised/train/0062/0046/V03_S0049_I00000307_P1031,improvised/train/0062/0033/V03_S0049_I00000307_P1004,v03_pass_improvised,V03,improvised,988,V03,improvised,train,ipc_conversation,random draw from V03 improvised files the pipeline keeps,"{""audio_envelope_dynamics_db"": 53.59253502675124, ""audio_status"": ""ok"", ""condition"": ""improvised"", ""fm1_hip_flexion_deg_p50"": 154.42926360663586, ""fm1_knee_between_torso_p50"": 0.5399321259589579, ""fm1_scope"": ""file"", ""fm2_longest_invalid_run_s"": 0.0, ""fm2_smplh_valid_frac"": 1.0, ""fm3_static_frac"": 0.5678280207561156, ""observed_duration_s"": 90.023267, ""vendor"": ""V03"", ""verdict"": ""kept""}",render
pi_185,v03_pass_naturalistic_185_V03_S1591_I00000099_P4652_f0001171,V03_S1591_I00000099_P4652,naturalistic/train/0157/0033/V03_S1591_I00000099_P4652,naturalistic/train/0157/0116/V03_S1591_I00000099_P4343,v03_pass_naturalistic,V03,naturalistic,1171,V03,naturalistic,train,ipc_conversation,random draw from V03 naturalistic files the pipeline keeps,"{""audio_envelope_dynamics_db"": 13.548619644489357, ""audio_status"": ""ok"", ""condition"": ""naturalistic"", ""fm1_hip_flexion_deg_p50"": 160.9902399952851, ""fm1_knee_between_torso_p50"": 0.55001431386305, ""fm1_scope"": ""file"", ""fm2_longest_invalid_run_s"": 0.0, ""fm2_smplh_valid_frac"": 1.0, ""fm3_static_frac"": 0.38094149908592323, ""observed_duration_s"": 146.012533, ""vendor"": ""V03"", ""verdict"": ""kept""}",render
pi_186,v03_pass_naturalistic_186_V03_S1928_I00000118_P4129_f0003045,V03_S1928_I00000118_P4129,naturalistic/train/0172/0045/V03_S1928_I00000118_P4129,naturalistic/train/0172/0004/V03_S1928_I00000118_P3543,v03_pass_naturalistic,V03,naturalistic,3045,V03,naturalistic,train,ipc_conversation,random draw from V03 naturalistic files the pipeline keeps,"{""audio_envelope_dynamics_db"": 31.206290475204575, ""audio_status"": ""ok"", ""condition"": ""naturalistic"", ""fm1_hip_flexion_deg_p50"": 158.4459203228133, ""fm1_knee_between_torso_p50"": 0.5316733719438467, ""fm1_scope"": ""file"", ""fm2_longest_invalid_run_s"": 0.0, ""fm2_smplh_valid_frac"": 1.0, ""fm3_static_frac"": 0.09835038630194196, ""observed_duration_s"": 160.026167, ""vendor"": ""V03"", ""verdict"": ""kept""}",render
pi_187,v03_pass_naturalistic_187_V03_S1301_I00000034_P3955_f0006571,V03_S1301_I00000034_P3955,naturalistic/train/0144/0101/V03_S1301_I00000034_P3955,naturalistic/train/0144/0003/V03_S1301_I00000034_P3675,v03_pass_naturalistic,V03,naturalistic,6571,V03,naturalistic,train,ipc_conversation,random draw from V03 naturalistic files the pipeline keeps,"{""audio_envelope_dynamics_db"": 53.101545599085604, ""audio_status"": ""ok"", ""condition"": ""naturalistic"", ""fm1_hip_flexion_deg_p50"": 158.87729170517534, ""fm1_knee_between_torso_p50"": 0.6036802766299934, ""fm1_scope"": ""file"", ""fm2_longest_invalid_run_s"": 0.0, ""fm2_smplh_valid_frac"": 1.0, ""fm3_static_frac"": 0.5883309094020018, ""observed_duration_s"": 390.0226, ""vendor"": ""V03"", ""verdict"": ""kept""}",render
pi_188,v03_pass_naturalistic_188_V03_S0393_I00000030_P2077_f0005681,V03_S0393_I00000030_P2077,naturalistic/train/0118/0075/V03_S0393_I00000030_P2077,naturalistic/train/0118/0091/V03_S0393_I00000030_P2033,v03_pass_naturalistic,V03,naturalistic,5681,V03,naturalistic,train,ipc_conversation,random draw from V03 naturalistic files the pipeline keeps,"{""audio_envelope_dynamics_db"": 26.03883464003769, ""audio_status"": ""ok"", ""condition"": ""naturalistic"", ""fm1_hip_flexion_deg_p50"": 164.04391414469364, ""fm1_knee_between_torso_p50"": 0.5720361407435306, ""fm1_scope"": ""file"", ""fm2_longest_invalid_run_s"": 0.0, ""fm2_smplh_valid_frac"": 1.0, ""fm3_static_frac"": 0.4388011221024657, ""observed_duration_s"": 226.025433, ""vendor"": ""V03"", ""verdict"": ""kept""}",render
pi_189,v03_pass_naturalistic_189_V03_S1459_I00000149_P4711_f0000563,V03_S1459_I00000149_P4711,naturalistic/train/0151/0000/V03_S1459_I00000149_P4711,naturalistic/train/0151/0094/V03_S1459_I00000149_P4679,v03_pass_naturalistic,V03,naturalistic,563,V03,naturalistic,train,ipc_conversation,random draw from V03 naturalistic files the pipeline keeps,"{""audio_envelope_dynamics_db"": 43.50980694852133, ""audio_status"": ""ok"", ""condition"": ""naturalistic"", ""fm1_hip_flexion_deg_p50"": 167.56371804895667, ""fm1_knee_between_torso_p50"": 0.5614857059114995, ""fm1_scope"": ""file"", ""fm2_longest_invalid_run_s"": 0.0, ""fm2_smplh_valid_frac"": 1.0, ""fm3_static_frac"": 0.657397107897664, ""observed_duration_s"": 90.0229, ""vendor"": ""V03"", ""verdict"": ""kept""}",render
pi_190,v03_pass_naturalistic_190_V03_S1427_I00000061_P4352_f0001224,V03_S1427_I00000061_P4352,naturalistic/train/0150/0093/V03_S1427_I00000061_P4352,naturalistic/train/0150/0046/V03_S1427_I00000061_P4353,v03_pass_naturalistic,V03,naturalistic,1224,V03,naturalistic,train,ipc_conversation,random draw from V03 naturalistic files the pipeline keeps,"{""audio_envelope_dynamics_db"": 54.350085960682435, ""audio_status"": ""ok"", ""condition"": ""naturalistic"", ""fm1_hip_flexion_deg_p50"": 171.10754343521626, ""fm1_knee_between_torso_p50"": 0.6433025328217017, ""fm1_scope"": ""file"", ""fm2_longest_invalid_run_s"": 0.0, ""fm2_smplh_valid_frac"": 1.0, ""fm3_static_frac"": 0.5173487544483986, ""observed_duration_s"": 150.016533, ""vendor"": ""V03"", ""verdict"": ""kept""}",render
pi_191,v03_pass_naturalistic_191_V03_S1979_I00000202_P5411_f0004001,V03_S1979_I00000202_P5411,naturalistic/train/0174/0025/V03_S1979_I00000202_P5411,naturalistic/train/0174/0086/V03_S1979_I00000202_P4801,v03_pass_naturalistic,V03,naturalistic,4001,V03,naturalistic,train,ipc_conversation,random draw from V03 naturalistic files the pipeline keeps,"{""audio_envelope_dynamics_db"": 42.01908815502422, ""audio_status"": ""ok"", ""condition"": ""naturalistic"", ""fm1_hip_flexion_deg_p50"": 161.10216469297438, ""fm1_knee_between_torso_p50"": 0.5906003879240144, ""fm1_scope"": ""file"", ""fm2_longest_invalid_run_s"": 0.0, ""fm2_smplh_valid_frac"": 1.0, ""fm3_static_frac"": 0.34468984962406013, ""observed_duration_s"": 284.017067, ""vendor"": ""V03"", ""verdict"": ""kept""}",render
pi_192,v03_pass_naturalistic_192_V03_S1214_I00000086_P2879_f0003166,V03_S1214_I00000086_P2879,naturalistic/train/0140/0078/V03_S1214_I00000086_P2879,naturalistic/train/0140/0095/V03_S1214_I00000086_P3762,v03_pass_naturalistic,V03,naturalistic,3166,V03,naturalistic,train,ipc_conversation,random draw from V03 naturalistic files the pipeline keeps,"{""audio_envelope_dynamics_db"": 52.06803609396479, ""audio_status"": ""ok"", ""condition"": ""naturalistic"", ""fm1_hip_flexion_deg_p50"": 167.03488248967307, ""fm1_knee_between_torso_p50"": 0.6551123762563306, ""fm1_scope"": ""file"", ""fm2_longest_invalid_run_s"": 0.0, ""fm2_smplh_valid_frac"": 1.0, ""fm3_static_frac"": 0.4701492537313433, ""observed_duration_s"": 152.018167, ""vendor"": ""V03"", ""verdict"": ""kept""}",render
pi_193,v03_pass_naturalistic_193_V03_S0703_I00000069_P2033_f0000092,V03_S0703_I00000069_P2033,naturalistic/train/0125/0061/V03_S0703_I00000069_P2033,naturalistic/train/0125/0073/V03_S0703_I00000069_P2075,v03_pass_naturalistic,V03,naturalistic,92,V03,naturalistic,train,ipc_conversation,random draw from V03 naturalistic files the pipeline keeps,"{""audio_envelope_dynamics_db"": 63.33497126965273, ""audio_status"": ""ok"", ""condition"": ""naturalistic"", ""fm1_hip_flexion_deg_p50"": 163.55708818211582, ""fm1_knee_between_torso_p50"": 0.6090453790977197, ""fm1_scope"": ""file"", ""fm2_longest_invalid_run_s"": 0.0, ""fm2_smplh_valid_frac"": 1.0, ""fm3_static_frac"": 0.7473796791443851, ""observed_duration_s"": 156.022167, ""vendor"": ""V03"", ""verdict"": ""kept""}",render
pi_194,v03_pass_naturalistic_194_V03_S0439_I00000208_P2063_f0001764,V03_S0439_I00000208_P2063,naturalistic/train/0120/0030/V03_S0439_I00000208_P2063,naturalistic/train/0120/0135/V03_S0439_I00000208_P2062,v03_pass_naturalistic,V03,naturalistic,1764,V03,naturalistic,train,ipc_conversation,random draw from V03 naturalistic files the pipeline keeps,"{""audio_envelope_dynamics_db"": 53.17644296860581, ""audio_status"": ""ok"", ""condition"": ""naturalistic"", ""fm1_hip_flexion_deg_p50"": 169.85643202322626, ""fm1_knee_between_torso_p50"": 0.5698664720470288, ""fm1_scope"": ""file"", ""fm2_longest_invalid_run_s"": 0.0, ""fm2_smplh_valid_frac"": 1.0, ""fm3_static_frac"": 0.0, ""observed_duration_s"": 112.011533, ""vendor"": ""V03"", ""verdict"": ""kept""}",render
pi_195,v03_pass_naturalistic_195_V03_S1893_I00000201_P5213_f0000701,V03_S1893_I00000201_P5213,naturalistic/train/0171/0050/V03_S1893_I00000201_P5213,naturalistic/train/0171/0060/V03_S1893_I00000201_P5212,v03_pass_naturalistic,V03,naturalistic,701,V03,naturalistic,train,ipc_conversation,random draw from V03 naturalistic files the pipeline keeps,"{""audio_envelope_dynamics_db"": 53.27619782580005, ""audio_status"": ""ok"", ""condition"": ""naturalistic"", ""fm1_hip_flexion_deg_p50"": 167.95919258689003, ""fm1_knee_between_torso_p50"": 0.5807942716288443, ""fm1_scope"": ""file"", ""fm2_longest_invalid_run_s"": 0.0, ""fm2_smplh_valid_frac"": 1.0, ""fm3_static_frac"": 0.4693682955899881, ""observed_duration_s"": 140.006167, ""vendor"": ""V03"", ""verdict"": ""kept""}",render
pi_196,v03_pass_naturalistic_196_V03_S1722_I00000335_P1369_f0003639,V03_S1722_I00000335_P1369,naturalistic/train/0164/0038/V03_S1722_I00000335_P1369,naturalistic/train/0164/0053/V03_S1722_I00000335_P1892,v03_pass_naturalistic,V03,naturalistic,3639,V03,naturalistic,train,ipc_conversation,random draw from V03 naturalistic files the pipeline keeps,"{""audio_envelope_dynamics_db"": 33.132771797922985, ""audio_status"": ""ok"", ""condition"": ""naturalistic"", ""fm1_hip_flexion_deg_p50"": 162.97222996190118, ""fm1_knee_between_torso_p50"": 0.5523183981988699, ""fm1_scope"": ""file"", ""fm2_longest_invalid_run_s"": 0.0, ""fm2_smplh_valid_frac"": 1.0, ""fm3_static_frac"": 0.6152665899501343, ""observed_duration_s"": 174.0068, ""vendor"": ""V03"", ""verdict"": ""kept""}",render
pi_197,v03_fm0_unusable_source_197_V03_S0508_I00000010_P1825_f0000101,V03_S0508_I00000010_P1825,naturalistic/train/0122/0091/V03_S0508_I00000010_P1825,naturalistic/train/0122/0058/V03_S0508_I00000010_P1824,v03_fm0_unusable_source,V03,naturalistic,101,V03,naturalistic,train,ipc_conversation,random draw from V03 files that tripped fm0_unusable_source,"{""audio_envelope_dynamics_db"": 38.77475612088871, ""audio_status"": ""ok"", ""condition"": ""naturalistic"", ""fm1_hip_flexion_deg_p50"": 163.00554574297715, ""fm1_knee_between_torso_p50"": 0.5582421203444987, ""fm1_scope"": ""file"", ""fm2_longest_invalid_run_s"": 1.4, ""fm2_smplh_valid_frac"": 0.9825311942959002, ""fm3_static_frac"": 0.2695187165775401, ""observed_duration_s"": 374.0, ""vendor"": ""V03"", ""verdict"": ""rejected by FM0 and FM2""}",render
pi_198,v03_fm0_unusable_source_198_V03_S0981_I00000281_P3370_f0000613,V03_S0981_I00000281_P3370,naturalistic/train/0131/0034/V03_S0981_I00000281_P3370,naturalistic/train/0131/0051/V03_S0981_I00000281_P3318,v03_fm0_unusable_source,V03,naturalistic,613,V03,naturalistic,train,ipc_conversation,random draw from V03 files that tripped fm0_unusable_source,"{""audio_envelope_dynamics_db"": 27.923923099392944, ""audio_status"": ""ok"", ""condition"": ""naturalistic"", ""fm1_hip_flexion_deg_p50"": 156.92920911305458, ""fm1_knee_between_torso_p50"": 0.6265322748379156, ""fm1_scope"": ""file"", ""fm2_longest_invalid_run_s"": 0.7, ""fm2_smplh_valid_frac"": 0.9943262411347518, ""fm3_static_frac"": 0.6454093705631803, ""observed_duration_s"": 282.0, ""vendor"": ""V03"", ""verdict"": ""rejected by FM0 and FM2""}",render
pi_199,v03_fm0_unusable_source_199_V03_S0985_I00000432_P3380_f0001719,V03_S0985_I00000432_P3380,naturalistic/train/0132/0053/V03_S0985_I00000432_P3380,naturalistic/train/0132/0073/V03_S0985_I00000432_P3381,v03_fm0_unusable_source,V03,naturalistic,1719,V03,naturalistic,train,ipc_conversation,random draw from V03 files that tripped fm0_unusable_source,"{""audio_envelope_dynamics_db"": 31.635175185606595, ""audio_status"": ""ok"", ""condition"": ""naturalistic"", ""fm1_hip_flexion_deg_p50"": 107.2019793574802, ""fm1_knee_between_torso_p50"": 0.33241843841417995, ""fm1_scope"": ""file"", ""fm2_longest_invalid_run_s"": 1.2666666666666666, ""fm2_smplh_valid_frac"": 0.952415458937198, ""fm3_static_frac"": 0.011835748792270532, ""observed_duration_s"": 138.0, ""vendor"": ""V03"", ""verdict"": ""rejected by FM0 and FM1 and FM2""}",render
pi_200,v03_fm0_unusable_source_200_V03_S0968_I00000343_P3345_f0000720,V03_S0968_I00000343_P3345,naturalistic/train/0131/0055/V03_S0968_I00000343_P3345,naturalistic/train/0131/0056/V03_S0968_I00000343_P3344,v03_fm0_unusable_source,V03,naturalistic,720,V03,naturalistic,train,grounded_gesture,random draw from V03 files that tripped fm0_unusable_source,"{""audio_envelope_dynamics_db"": 41.05044961444178, ""audio_status"": ""ok"", ""condition"": ""naturalistic"", ""fm1_hip_flexion_deg_p50"": 153.5928235418629, ""fm1_knee_between_torso_p50"": 0.5218022988466067, ""fm1_scope"": ""file"", ""fm2_longest_invalid_run_s"": 0.1, ""fm2_smplh_valid_frac"": 0.9992307692307693, ""fm3_static_frac"": 0.5558974358974359, ""observed_duration_s"": 130.0, ""vendor"": ""V03"", ""verdict"": ""rejected by FM0 and FM2""}",render
pi_201,v03_fm0_unusable_source_201_V03_S0362_I00000119_P1733_f0000820,V03_S0362_I00000119_P1733,naturalistic/train/0117/0061/V03_S0362_I00000119_P1733,naturalistic/train/0117/0024/V03_S0362_I00000119_P1814,v03_fm0_unusable_source,V03,naturalistic,820,V03,naturalistic,train,ipc_conversation,random draw from V03 files that tripped fm0_unusable_source,"{""audio_envelope_dynamics_db"": 30.838953594764494, ""audio_status"": ""ok"", ""condition"": ""naturalistic"", ""fm1_hip_flexion_deg_p50"": 160.33503922908156, ""fm1_knee_between_torso_p50"": 0.5777341643415358, ""fm1_scope"": ""file"", ""fm2_longest_invalid_run_s"": 0.13333333333333333, ""fm2_smplh_valid_frac"": 0.9982051282051282, ""fm3_static_frac"": 0.0038461538461538464, ""observed_duration_s"": 260.0, ""vendor"": ""V03"", ""verdict"": ""rejected by FM0 and FM2""}",render
pi_202,v03_fm0_unusable_source_202_V03_S0983_I00000050_P3376_f0002948,V03_S0983_I00000050_P3376,naturalistic/train/0132/0042/V03_S0983_I00000050_P3376,naturalistic/train/0132/0105/V03_S0983_I00000050_P3377,v03_fm0_unusable_source,V03,naturalistic,2948,V03,naturalistic,train,collaborative_storytelling,random draw from V03 files that tripped fm0_unusable_source,"{""audio_envelope_dynamics_db"": 34.9332290390995, ""audio_status"": ""ok"", ""condition"": ""naturalistic"", ""fm1_hip_flexion_deg_p50"": 160.15889544421557, ""fm1_knee_between_torso_p50"": 0.5472940507714823, ""fm1_scope"": ""file"", ""fm2_longest_invalid_run_s"": 0.0, ""fm2_smplh_valid_frac"": 1.0, ""fm3_static_frac"": 0.4674242424242424, ""observed_duration_s"": 132.0, ""vendor"": ""V03"", ""verdict"": ""rejected by FM0""}",render
pi_203,v03_fm0_unusable_source_203_V03_S0361_I00000026_P1674_f0006840,V03_S0361_I00000026_P1674,naturalistic/train/0117/0071/V03_S0361_I00000026_P1674,naturalistic/train/0117/0073/V03_S0361_I00000026_P1813,v03_fm0_unusable_source,V03,naturalistic,6840,V03,naturalistic,train,ipc_conversation,random draw from V03 files that tripped fm0_unusable_source,"{""audio_envelope_dynamics_db"": 34.74908241096089, ""audio_status"": ""ok"", ""condition"": ""naturalistic"", ""fm1_hip_flexion_deg_p50"": 164.94892156967904, ""fm1_knee_between_torso_p50"": 0.5574292301398269, ""fm1_scope"": ""file"", ""fm2_longest_invalid_run_s"": 0.0, ""fm2_smplh_valid_frac"": 1.0, ""fm3_static_frac"": 0.04294871794871795, ""observed_duration_s"": 260.0, ""vendor"": ""V03"", ""verdict"": ""rejected by FM0""}",render
pi_204,v03_fm0_unusable_source_204_V03_S0966_I00000332_P3341_f0001275,V03_S0966_I00000332_P3341,naturalistic/train/0131/0042/V03_S0966_I00000332_P3341,naturalistic/train/0131/0014/V03_S0966_I00000332_P3340,v03_fm0_unusable_source,V03,naturalistic,1275,V03,naturalistic,train,ipc_conversation,random draw from V03 files that tripped fm0_unusable_source,"{""audio_envelope_dynamics_db"": 36.91501758777303, ""audio_status"": ""ok"", ""condition"": ""naturalistic"", ""fm1_hip_flexion_deg_p50"": 155.9383136850733, ""fm1_knee_between_torso_p50"": 0.5283883436217303, ""fm1_scope"": ""file"", ""fm2_longest_invalid_run_s"": 0.06666666666666667, ""fm2_smplh_valid_frac"": 0.9978927203065134, ""fm3_static_frac"": 0.02088922958988118, ""observed_duration_s"": 174.0, ""vendor"": ""V03"", ""verdict"": ""rejected by FM0 and FM2""}",render
pi_205,v03_fm0_unusable_source_205_V03_S0359_I00000306_P1734_f0001477,V03_S0359_I00000306_P1734,naturalistic/train/0117/0078/V03_S0359_I00000306_P1734,naturalistic/train/0117/0003/V03_S0359_I00000306_P1735,v03_fm0_unusable_source,V03,naturalistic,1477,V03,naturalistic,train,ipc_conversation,random draw from V03 files that tripped fm0_unusable_source,"{""audio_envelope_dynamics_db"": 36.43776517041729, ""audio_status"": ""ok"", ""condition"": ""naturalistic"", ""fm1_hip_flexion_deg_p50"": 152.77481928576591, ""fm1_knee_between_torso_p50"": 0.5244968298363121, ""fm1_scope"": ""file"", ""fm2_longest_invalid_run_s"": 4.566666666666666, ""fm2_smplh_valid_frac"": 0.6922222222222222, ""fm3_static_frac"": 0.0014814814814814814, ""observed_duration_s"": 90.0, ""vendor"": ""V03"", ""verdict"": ""rejected by FM0 and FM2""}",render
pi_206,v03_fm0_unusable_source_206_V03_S0365_I00000032_P1823_f0002845,V03_S0365_I00000032_P1823,naturalistic/train/0117/0073/V03_S0365_I00000032_P1823,naturalistic/train/0117/0077/V03_S0365_I00000032_P1822,v03_fm0_unusable_source,V03,naturalistic,2845,V03,naturalistic,train,ipc_conversation,random draw from V03 files that tripped fm0_unusable_source,"{""audio_envelope_dynamics_db"": 26.18359920624937, ""audio_status"": ""ok"", ""condition"": ""naturalistic"", ""fm1_hip_flexion_deg_p50"": 126.8421829870089, ""fm1_knee_between_torso_p50"": 0.5978354314622966, ""fm1_scope"": ""file"", ""fm2_longest_invalid_run_s"": 0.0, ""fm2_smplh_valid_frac"": 1.0, ""fm3_static_frac"": 0.5957575757575757, ""observed_duration_s"": 220.0, ""vendor"": ""V03"", ""verdict"": ""rejected by FM0 and FM1""}",render
pi_207,v03_fm0_unusable_source_207_V03_S0961_I00000072_P3330_f0001461,V03_S0961_I00000072_P3330,naturalistic/train/0130/0009/V03_S0961_I00000072_P3330,naturalistic/train/0130/0101/V03_S0961_I00000072_P3331,v03_fm0_unusable_source,V03,naturalistic,1461,V03,naturalistic,train,ipc_conversation,random draw from V03 files that tripped fm0_unusable_source,"{""audio_envelope_dynamics_db"": 32.347326255426196, ""audio_status"": ""ok"", ""condition"": ""naturalistic"", ""fm1_hip_flexion_deg_p50"": 165.4574457286903, ""fm1_knee_between_torso_p50"": 0.572312861772402, ""fm1_scope"": ""file"", ""fm2_longest_invalid_run_s"": 3.7333333333333334, ""fm2_smplh_valid_frac"": 0.9797101449275363, ""fm3_static_frac"": 0.5769927536231884, ""observed_duration_s"": 184.0, ""vendor"": ""V03"", ""verdict"": ""rejected by FM0 and FM2""}",render
pi_208,v03_fm0_unusable_source_208_V03_S0978_I00000322_P1848_f0001581,V03_S0978_I00000322_P1848,naturalistic/train/0131/0012/V03_S0978_I00000322_P1848,naturalistic/train/0131/0057/V03_S0978_I00000322_P3364,v03_fm0_unusable_source,V03,naturalistic,1581,V03,naturalistic,train,grounded_gesture,random draw from V03 files that tripped fm0_unusable_source,"{""audio_envelope_dynamics_db"": 42.47948393234084, ""audio_status"": ""ok"", ""condition"": ""naturalistic"", ""fm1_hip_flexion_deg_p50"": 168.38355221430078, ""fm1_knee_between_torso_p50"": 0.572850624213563, ""fm1_scope"": ""file"", ""fm2_longest_invalid_run_s"": 5.4, ""fm2_smplh_valid_frac"": 0.892942942942943, ""fm3_static_frac"": 0.007567731194187983, ""observed_duration_s"": 222.0, ""vendor"": ""V03"", ""verdict"": ""rejected by FM0 and FM2""}",render
pi_209,v03_fm1_sitting_209_V03_S0485_I00000433_P2242_f0000352,V03_S0485_I00000433_P2242,naturalistic/train/0122/0086/V03_S0485_I00000433_P2242,naturalistic/train/0122/0087/V03_S0485_I00000433_P2243,v03_fm1_sitting,V03,naturalistic,352,V03,naturalistic,train,ipc_conversation,random draw from V03 files that tripped fm1_sitting,"{""audio_envelope_dynamics_db"": 53.21118326693629, ""audio_status"": ""ok"", ""condition"": ""naturalistic"", ""fm1_hip_flexion_deg_p50"": 95.35648956671156, ""fm1_knee_between_torso_p50"": 0.19783727531556253, ""fm1_scope"": ""file"", ""fm2_longest_invalid_run_s"": 0.6673333333333333, ""fm2_smplh_valid_frac"": 0.9944392956441149, ""fm3_static_frac"": 0.2385542168674699, ""observed_duration_s"": 180.013167, ""vendor"": ""V03"", ""verdict"": ""rejected by FM1 and FM2""}",render
pi_210,v03_fm1_sitting_210_V03_S0077_I00000377_P1123_f0000047,V03_S0077_I00000377_P1123,naturalistic/train/0105/0092/V03_S0077_I00000377_P1123,naturalistic/train/0105/0127/V03_S0077_I00000377_P1174,v03_fm1_sitting,V03,naturalistic,47,V03,naturalistic,train,ipc_conversation,random draw from V03 files that tripped fm1_sitting,"{""audio_envelope_dynamics_db"": 49.324824653756465, ""audio_status"": ""ok"", ""condition"": ""naturalistic"", ""fm1_hip_flexion_deg_p50"": 103.72415115174246, ""fm1_knee_between_torso_p50"": 0.4130809081044735, ""fm1_scope"": ""file"", ""fm2_longest_invalid_run_s"": 0.03336666666666667, ""fm2_smplh_valid_frac"": 0.9996822370511599, ""fm3_static_frac"": 0.5065141404512233, ""observed_duration_s"": 210.0098, ""vendor"": ""V03"", ""verdict"": ""rejected by FM1 and FM2""}",render
pi_211,v03_fm1_sitting_211_V03_S1809_I00000371_P4139_f0008421,V03_S1809_I00000371_P4139,improvised/dev/0001/0028/V03_S1809_I00000371_P4139,improvised/dev/0001/0029/V03_S1809_I00000371_P4544,v03_fm1_sitting,V03,improvised,8421,V03,improvised,dev,ipc_conversation,random draw from V03 files that tripped fm1_sitting,"{""audio_envelope_dynamics_db"": 61.524967625632186, ""audio_status"": ""ok"", ""condition"": ""improvised"", ""fm1_hip_flexion_deg_p50"": 113.6808093539708, ""fm1_knee_between_torso_p50"": 0.4691773772829908, ""fm1_scope"": ""file"", ""fm2_longest_invalid_run_s"": 2.0020000000000002, ""fm2_smplh_valid_frac"": 0.9926802281045195, ""fm3_static_frac"": 0.6222657247425313, ""observed_duration_s"": 392.024967, ""vendor"": ""V03"", ""verdict"": ""rejected by FM1 and FM2""}",render
pi_212,v03_fm1_sitting_212_V03_S1205_I00000064_P3713_f0003103,V03_S1205_I00000064_P3713,naturalistic/train/0140/0074/V03_S1205_I00000064_P3713,naturalistic/train/0140/0064/V03_S1205_I00000064_P2132,v03_fm1_sitting,V03,naturalistic,3103,V03,naturalistic,train,ipc_conversation,random draw from V03 files that tripped fm1_sitting,"{""audio_envelope_dynamics_db"": 60.44171728692987, ""audio_status"": ""ok"", ""condition"": ""naturalistic"", ""fm1_hip_flexion_deg_p50"": 95.54327974483178, ""fm1_knee_between_torso_p50"": 0.26605873564321253, ""fm1_scope"": ""file"", ""fm2_longest_invalid_run_s"": 0.16683333333333333, ""fm2_smplh_valid_frac"": 0.9986651835372636, ""fm3_static_frac"": 0.054060066740823136, ""observed_duration_s"": 150.016167, ""vendor"": ""V03"", ""verdict"": ""rejected by FM1 and FM2""}",render
pi_213,v03_fm1_sitting_213_V03_S1561_I00000185_P4454_f0002339,V03_S1561_I00000185_P4454,naturalistic/train/0156/0025/V03_S1561_I00000185_P4454,naturalistic/train/0156/0021/V03_S1561_I00000185_P4343,v03_fm1_sitting,V03,naturalistic,2339,V03,naturalistic,train,ipc_conversation,random draw from V03 files that tripped fm1_sitting,"{""audio_envelope_dynamics_db"": 57.465300866265565, ""audio_status"": ""ok"", ""condition"": ""naturalistic"", ""fm1_hip_flexion_deg_p50"": 143.86290886512973, ""fm1_knee_between_torso_p50"": 0.5110015585692586, ""fm1_scope"": ""file"", ""fm2_longest_invalid_run_s"": 118.55176666666667, ""fm2_smplh_valid_frac"": 0.03162350597609562, ""fm3_static_frac"": 0.1349601593625498, ""observed_duration_s"": 134.000167, ""vendor"": ""V03"", ""verdict"": ""rejected by FM1 and FM2""}",render
pi_214,v03_fm1_sitting_214_V03_S1107_I00000026_P3816_f0001707,V03_S1107_I00000026_P3816,naturalistic/train/0137/0034/V03_S1107_I00000026_P3816,naturalistic/train/0137/0116/V03_S1107_I00000026_P3817,v03_fm1_sitting,V03,naturalistic,1707,V03,naturalistic,train,ipc_conversation,random draw from V03 files that tripped fm1_sitting,"{""audio_envelope_dynamics_db"": 56.493155650459705, ""audio_status"": ""ok"", ""condition"": ""naturalistic"", ""fm1_hip_flexion_deg_p50"": 86.21903597914414, ""fm1_knee_between_torso_p50"": 0.1297080643809574, ""fm1_scope"": ""file"", ""fm2_longest_invalid_run_s"": 0.0, ""fm2_smplh_valid_frac"": 1.0, ""fm3_static_frac"": 0.6334641805691855, ""observed_duration_s"": 204.003433, ""vendor"": ""V03"", ""verdict"": ""rejected by FM1""}",render
pi_215,v03_fm1_sitting_215_V03_S1819_I00000180_P4685_f0007905,V03_S1819_I00000180_P4685,improvised/train/0069/0011/V03_S1819_I00000180_P4685,improvised/train/0069/0074/V03_S1819_I00000180_P1306,v03_fm1_sitting,V03,improvised,7905,V03,improvised,train,ipc_conversation,random draw from V03 files that tripped fm1_sitting,"{""audio_envelope_dynamics_db"": 62.36956685119935, ""audio_status"": ""ok"", ""condition"": ""improvised"", ""fm1_hip_flexion_deg_p50"": 110.23028834474596, ""fm1_knee_between_torso_p50"": 0.49492573432748, ""fm1_scope"": ""file"", ""fm2_longest_invalid_run_s"": 0.7007, ""fm2_smplh_valid_frac"": 0.9880572522563589, ""fm3_static_frac"": 0.005378794785304039, ""observed_duration_s"": 366.031967, ""vendor"": ""V03"", ""verdict"": ""rejected by FM1 and FM2""}",render
pi_216,v03_fm1_sitting_216_V03_S0129_I00000374_P1195_f0002746,V03_S0129_I00000374_P1195,naturalistic/train/0107/0130/V03_S0129_I00000374_P1195,naturalistic/train/0107/0050/V03_S0129_I00000374_P1137,v03_fm1_sitting,V03,naturalistic,2746,V03,naturalistic,train,ipc_conversation,random draw from V03 files that tripped fm1_sitting,"{""audio_envelope_dynamics_db"": 58.2546127460665, ""audio_status"": ""ok"", ""condition"": ""naturalistic"", ""fm1_hip_flexion_deg_p50"": 136.18536260462696, ""fm1_knee_between_torso_p50"": 0.6584607501008894, ""fm1_scope"": ""file"", ""fm2_longest_invalid_run_s"": 0.16683333333333333, ""fm2_smplh_valid_frac"": 0.9931826336562612, ""fm3_static_frac"": 0.004843918191603875, ""observed_duration_s"": 186.0188, ""vendor"": ""V03"", ""verdict"": ""rejected by FM1 and FM2""}",render
pi_217,v03_fm1_sitting_217_V03_S1186_I00000416_P3675_f0000721,V03_S1186_I00000416_P3675,naturalistic/train/0139/0113/V03_S1186_I00000416_P3675,naturalistic/train/0139/0063/V03_S1186_I00000416_P3121,v03_fm1_sitting,V03,naturalistic,721,V03,naturalistic,train,ipc_conversation,random draw from V03 files that tripped fm1_sitting,"{""audio_envelope_dynamics_db"": 54.721108706635, ""audio_status"": ""ok"", ""condition"": ""naturalistic"", ""fm1_hip_flexion_deg_p50"": 98.96353037388185, ""fm1_knee_between_torso_p50"": 0.3197697418253249, ""fm1_scope"": ""file"", ""fm2_longest_invalid_run_s"": 0.6006, ""fm2_smplh_valid_frac"": 0.9958704988437397, ""fm3_static_frac"": 0.11909481334654774, ""observed_duration_s"": 202.001433, ""vendor"": ""V03"", ""verdict"": ""rejected by FM1 and FM2""}",render
pi_218,v03_fm1_sitting_218_V03_S0698_I00000126_P2011_f0005945,V03_S0698_I00000126_P2011,naturalistic/train/0125/0009/V03_S0698_I00000126_P2011,naturalistic/train/0125/0020/V03_S0698_I00000126_P1985,v03_fm1_sitting,V03,naturalistic,5945,V03,naturalistic,train,ipc_conversation,random draw from V03 files that tripped fm1_sitting,"{""audio_envelope_dynamics_db"": 48.290982056092645, ""audio_status"": ""ok"", ""condition"": ""naturalistic"", ""fm1_hip_flexion_deg_p50"": 101.61386691837869, ""fm1_knee_between_torso_p50"": 0.3251581730055574, ""fm1_scope"": ""file"", ""fm2_longest_invalid_run_s"": 0.0, ""fm2_smplh_valid_frac"": 1.0, ""fm3_static_frac"": 0.8031336138111127, ""observed_duration_s"": 230.0298, ""vendor"": ""V03"", ""verdict"": ""rejected by FM1 and FM3""}",render
pi_219,v03_fm1_sitting_219_V03_S1480_I00000544_P4178_f0003301,V03_S1480_I00000544_P4178,improvised/train/0067/0107/V03_S1480_I00000544_P4178,improvised/train/0067/0050/V03_S1480_I00000544_P3510,v03_fm1_sitting,V03,improvised,3301,V03,improvised,train,ipc_conversation,random draw from V03 files that tripped fm1_sitting,"{""audio_envelope_dynamics_db"": 60.18087569203079, ""audio_status"": ""ok"", ""condition"": ""improvised"", ""fm1_hip_flexion_deg_p50"": 128.4298103364931, ""fm1_knee_between_torso_p50"": 0.45707903787780413, ""fm1_scope"": ""file"", ""fm2_longest_invalid_run_s"": 1.5015, ""fm2_smplh_valid_frac"": 0.9919835337449897, ""fm3_static_frac"": 0.2631350882894594, ""observed_duration_s"": 308.0077, ""vendor"": ""V03"", ""verdict"": ""rejected by FM1 and FM2""}",render
pi_220,v03_fm1_sitting_220_V03_S1194_I00000153_P3691_f0001345,V03_S1194_I00000153_P3691,naturalistic/train/0139/0031/V03_S1194_I00000153_P3691,naturalistic/train/0139/0047/V03_S1194_I00000153_P3690,v03_fm1_sitting,V03,naturalistic,1345,V03,naturalistic,train,ipc_conversation,random draw from V03 files that tripped fm1_sitting,"{""audio_envelope_dynamics_db"": 49.33964913419507, ""audio_status"": ""ok"", ""condition"": ""naturalistic"", ""fm1_hip_flexion_deg_p50"": 103.87386880703278, ""fm1_knee_between_torso_p50"": 0.3933232857799155, ""fm1_scope"": ""file"", ""fm2_longest_invalid_run_s"": 1.0012783648498331, ""fm2_smplh_valid_frac"": 0.987489574645538, ""fm3_static_frac"": 0.1609674728940784, ""observed_duration_s"": 120.0199, ""vendor"": ""V03"", ""verdict"": ""rejected by FM1 and FM2""}",render
pi_221,v03_fm2_smplh_invalid_221_V03_S1200_I00000417_P3496_f0004383,V03_S1200_I00000417_P3496,naturalistic/train/0140/0100/V03_S1200_I00000417_P3496,naturalistic/train/0140/0092/V03_S1200_I00000417_P3510,v03_fm2_smplh_invalid,V03,naturalistic,4383,V03,naturalistic,train,ipc_conversation,random draw from V03 files that tripped fm2_smplh_invalid; positioned on the longest untrusted stretch,"{""audio_envelope_dynamics_db"": 42.98937461994891, ""audio_status"": ""ok"", ""condition"": ""naturalistic"", ""fm1_hip_flexion_deg_p50"": 118.41105537925917, ""fm1_knee_between_torso_p50"": 0.5060555937271219, ""fm1_scope"": ""file"", ""fm2_longest_invalid_run_s"": 0.9009, ""fm2_smplh_valid_frac"": 0.9792103424178896, ""fm3_static_frac"": 0.06682389937106918, ""observed_duration_s"": 382.0146, ""vendor"": ""V03"", ""verdict"": ""rejected by FM1 and FM2""}",render
pi_222,v03_fm2_smplh_invalid_222_V03_S1126_I00000065_P3542_f0003529,V03_S1126_I00000065_P3542,naturalistic/train/0137/0007/V03_S1126_I00000065_P3542,naturalistic/train/0137/0079/V03_S1126_I00000065_P3545,v03_fm2_smplh_invalid,V03,naturalistic,3529,V03,naturalistic,train,ipc_conversation,random draw from V03 files that tripped fm2_smplh_invalid; positioned on the longest untrusted stretch,"{""audio_envelope_dynamics_db"": 19.60519021744317, ""audio_status"": ""ok"", ""condition"": ""naturalistic"", ""fm1_hip_flexion_deg_p50"": 165.7512293530097, ""fm1_knee_between_torso_p50"": 0.5954523965746695, ""fm1_scope"": ""file"", ""fm2_longest_invalid_run_s"": 26.893533333333334, ""fm2_smplh_valid_frac"": 0.6750744786494538, ""fm3_static_frac"": 0.0, ""observed_duration_s"": 168.001167, ""vendor"": ""V03"", ""verdict"": ""rejected by FM2""}",render
pi_223,v03_fm2_smplh_invalid_223_V03_S1930_I00000114_P5054_f0004411,V03_S1930_I00000114_P5054,naturalistic/test/0003/0024/V03_S1930_I00000114_P5054,naturalistic/test/0003/0050/V03_S1930_I00000114_P5055,v03_fm2_smplh_invalid,V03,naturalistic,4411,V03,naturalistic,test,ipc_conversation,random draw from V03 files that tripped fm2_smplh_invalid; positioned on the longest untrusted stretch,"{""audio_envelope_dynamics_db"": 60.435897665744974, ""audio_status"": ""ok"", ""condition"": ""naturalistic"", ""fm1_hip_flexion_deg_p50"": 162.8221111611511, ""fm1_knee_between_torso_p50"": 0.592828082136126, ""fm1_scope"": ""file"", ""fm2_longest_invalid_run_s"": 0.7007, ""fm2_smplh_valid_frac"": 0.9918520434557683, ""fm3_static_frac"": 0.018882565959648216, ""observed_duration_s"": 258.024433, ""vendor"": ""V03"", ""verdict"": ""rejected by FM2""}",render
pi_224,v03_fm2_smplh_invalid_224_V03_S1684_I00000081_P4821_f0003538,V03_S1684_I00000081_P4821,naturalistic/train/0162/0016/V03_S1684_I00000081_P4821,naturalistic/train/0162/0069/V03_S1684_I00000081_P4351,v03_fm2_smplh_invalid,V03,naturalistic,3538,V03,naturalistic,train,ipc_conversation,random draw from V03 files that tripped fm2_smplh_invalid; positioned on the longest untrusted stretch,"{""audio_envelope_dynamics_db"": 46.731888309439775, ""audio_status"": ""ok"", ""condition"": ""naturalistic"", ""fm1_hip_flexion_deg_p50"": 96.96740998075029, ""fm1_knee_between_torso_p50"": 0.28581729044187665, ""fm1_scope"": ""file"", ""fm2_longest_invalid_run_s"": 0.5672333333333334, ""fm2_smplh_valid_frac"": 0.9967471143756558, ""fm3_static_frac"": 0.6123819517313746, ""observed_duration_s"": 318.0177, ""vendor"": ""V03"", ""verdict"": ""rejected by FM1 and FM2""}",render
pi_225,v03_fm2_smplh_invalid_225_V03_S0862_I00000107_P2629_f0000446,V03_S0862_I00000107_P2629,naturalistic/train/0127/0059/V03_S0862_I00000107_P2629,naturalistic/train/0127/0060/V03_S0862_I00000107_P2628,v03_fm2_smplh_invalid,V03,naturalistic,446,V03,naturalistic,train,ipc_conversation,random draw from V03 files that tripped fm2_smplh_invalid; positioned on the longest untrusted stretch,"{""audio_envelope_dynamics_db"": 59.19354213614102, ""audio_status"": ""ok"", ""condition"": ""naturalistic"", ""fm1_hip_flexion_deg_p50"": 176.47957717916967, ""fm1_knee_between_torso_p50"": 0.6675065052776933, ""fm1_scope"": ""file"", ""fm2_longest_invalid_run_s"": 0.9342666666666667, ""fm2_smplh_valid_frac"": 0.9922135706340378, ""fm3_static_frac"": 0.10233592880978866, ""observed_duration_s"": 120.019533, ""vendor"": ""V03"", ""verdict"": ""rejected by FM2""}",render
pi_226,v03_fm2_smplh_invalid_226_V03_S2090_I00000205_P3581_f0002778,V03_S2090_I00000205_P3581,naturalistic/train/0179/0079/V03_S2090_I00000205_P3581,naturalistic/train/0179/0107/V03_S2090_I00000205_P5285,v03_fm2_smplh_invalid,V03,naturalistic,2778,V03,naturalistic,train,ipc_conversation,random draw from V03 files that tripped fm2_smplh_invalid; positioned on the longest untrusted stretch,"{""audio_envelope_dynamics_db"": 51.29790564100809, ""audio_status"": ""ok"", ""condition"": ""naturalistic"", ""fm1_hip_flexion_deg_p50"": 166.304357632653, ""fm1_knee_between_torso_p50"": 0.6308111656999447, ""fm1_scope"": ""file"", ""fm2_longest_invalid_run_s"": 1.2012, ""fm2_smplh_valid_frac"": 0.9905571293673276, ""fm3_static_frac"": 0.014164305949008499, ""observed_duration_s"": 212.0118, ""vendor"": ""V03"", ""verdict"": ""rejected by FM2""}",render
pi_227,v03_fm2_smplh_invalid_227_V03_S1129_I00000396_P3558_f0001753,V03_S1129_I00000396_P3558,naturalistic/train/0137/0141/V03_S1129_I00000396_P3558,naturalistic/train/0137/0033/V03_S1129_I00000396_P2524,v03_fm2_smplh_invalid,V03,naturalistic,1753,V03,naturalistic,train,ipc_conversation,random draw from V03 files that tripped fm2_smplh_invalid; positioned on the longest untrusted stretch,"{""audio_envelope_dynamics_db"": 48.781839814310416, ""audio_status"": ""ok"", ""condition"": ""naturalistic"", ""fm1_hip_flexion_deg_p50"": 167.55538011377402, ""fm1_knee_between_torso_p50"": 0.6315547772407786, ""fm1_scope"": ""file"", ""fm2_longest_invalid_run_s"": 0.6006, ""fm2_smplh_valid_frac"": 0.9936912939857002, ""fm3_static_frac"": 0.004486190943502033, ""observed_duration_s"": 238.004067, ""vendor"": ""V03"", ""verdict"": ""rejected by FM2""}",render
pi_228,v03_fm2_smplh_invalid_228_V03_S2101_I00000190_P5712_f0010700,V03_S2101_I00000190_P5712,naturalistic/train/0179/0129/V03_S2101_I00000190_P5712,naturalistic/train/0179/0074/V03_S2101_I00000190_P5582,v03_fm2_smplh_invalid,V03,naturalistic,10700,V03,naturalistic,train,ipc_conversation,random draw from V03 files that tripped fm2_smplh_invalid; positioned on the longest untrusted stretch,"{""audio_envelope_dynamics_db"": 14.20224724675079, ""audio_status"": ""ok"", ""condition"": ""naturalistic"", ""fm1_hip_flexion_deg_p50"": 99.21798605731354, ""fm1_knee_between_torso_p50"": 0.30971469806584656, ""fm1_scope"": ""file"", ""fm2_longest_invalid_run_s"": 0.06673333333333334, ""fm2_smplh_valid_frac"": 0.9998275862068966, ""fm3_static_frac"": 0.34773236764959475, ""observed_duration_s"": 387.061, ""vendor"": ""V03"", ""verdict"": ""rejected by FM1 and FM2""}",render
pi_229,v03_fm2_smplh_invalid_229_V03_S1901_I00000297_P5154_f0005394,V03_S1901_I00000297_P5154,naturalistic/train/0171/0050/V03_S1901_I00000297_P5154,naturalistic/train/0171/0098/V03_S1901_I00000297_P4875,v03_fm2_smplh_invalid,V03,naturalistic,5394,V03,naturalistic,train,ipc_conversation,random draw from V03 files that tripped fm2_smplh_invalid; positioned on the longest untrusted stretch,"{""audio_envelope_dynamics_db"": 65.78242423451988, ""audio_status"": ""ok"", ""condition"": ""naturalistic"", ""fm1_hip_flexion_deg_p50"": 160.22463488384818, ""fm1_knee_between_torso_p50"": 0.5577912785779502, ""fm1_scope"": ""file"", ""fm2_longest_invalid_run_s"": 2.3356666666666666, ""fm2_smplh_valid_frac"": 0.9802955665024631, ""fm3_static_frac"": 0.6952169076751946, ""observed_duration_s"": 210.0098, ""vendor"": ""V03"", ""verdict"": ""rejected by FM2""}",render
pi_230,v03_fm2_smplh_invalid_230_V03_S1107_I00000199_P3816_f0004062,V03_S1107_I00000199_P3816,naturalistic/train/0137/0080/V03_S1107_I00000199_P3816,naturalistic/train/0137/0135/V03_S1107_I00000199_P3817,v03_fm2_smplh_invalid,V03,naturalistic,4062,V03,naturalistic,train,grounded_gesture,random draw from V03 files that tripped fm2_smplh_invalid; positioned on the longest untrusted stretch,"{""audio_envelope_dynamics_db"": 55.68140388850773, ""audio_status"": ""ok"", ""condition"": ""naturalistic"", ""fm1_hip_flexion_deg_p50"": 90.79307642185918, ""fm1_knee_between_torso_p50"": 0.18975258344353071, ""fm1_scope"": ""file"", ""fm2_longest_invalid_run_s"": 0.6339666666666667, ""fm2_smplh_valid_frac"": 0.9915627996164909, ""fm3_static_frac"": 0.5438159156279961, ""observed_duration_s"": 174.0068, ""vendor"": ""V03"", ""verdict"": ""rejected by FM1 and FM2""}",render
pi_231,v03_fm2_smplh_invalid_231_V03_S1195_I00000414_P3669_f0004736,V03_S1195_I00000414_P3669,naturalistic/train/0139/0061/V03_S1195_I00000414_P3669,naturalistic/train/0139/0026/V03_S1195_I00000414_P3488,v03_fm2_smplh_invalid,V03,naturalistic,4736,V03,naturalistic,train,ipc_conversation,random draw from V03 files that tripped fm2_smplh_invalid; positioned on the longest untrusted stretch,"{""audio_envelope_dynamics_db"": 60.43618574140798, ""audio_status"": ""ok"", ""condition"": ""naturalistic"", ""fm1_hip_flexion_deg_p50"": 112.72289438015582, ""fm1_knee_between_torso_p50"": 0.38310975356292215, ""fm1_scope"": ""file"", ""fm2_longest_invalid_run_s"": 0.23356666666666667, ""fm2_smplh_valid_frac"": 0.9976929902395741, ""fm3_static_frac"": 0.870097604259095, ""observed_duration_s"": 188.021167, ""vendor"": ""V03"", ""verdict"": ""rejected by FM1 and FM2 and FM3""}",render
pi_232,v03_fm2_smplh_invalid_232_V03_S0224_I00000313_P1163_f0000377,V03_S0224_I00000313_P1163,naturalistic/train/0111/0062/V03_S0224_I00000313_P1163,naturalistic/train/0111/0057/V03_S0224_I00000313_P1404,v03_fm2_smplh_invalid,V03,naturalistic,377,V03,naturalistic,train,ipc_conversation,random draw from V03 files that tripped fm2_smplh_invalid; positioned on the longest untrusted stretch,"{""audio_envelope_dynamics_db"": 28.387527272280018, ""audio_status"": ""ok"", ""condition"": ""naturalistic"", ""fm1_hip_flexion_deg_p50"": 163.74248441154373, ""fm1_knee_between_torso_p50"": 0.5744322326303062, ""fm1_scope"": ""file"", ""fm2_longest_invalid_run_s"": 0.23356666666666667, ""fm2_smplh_valid_frac"": 0.9962600690448792, ""fm3_static_frac"": 0.2873993095512083, ""observed_duration_s"": 116.015533, ""vendor"": ""V03"", ""verdict"": ""rejected by FM2""}",render
pi_233,v03_fm3_static_hands_233_V03_S1711_I00000249_P4300_f0001711,V03_S1711_I00000249_P4300,naturalistic/train/0163/0118/V03_S1711_I00000249_P4300,naturalistic/train/0163/0076/V03_S1711_I00000249_P4796,v03_fm3_static_hands,V03,naturalistic,1711,V03,naturalistic,train,ipc_conversation,random draw from V03 files that tripped fm3_static_hands,"{""audio_envelope_dynamics_db"": 59.4244050702774, ""audio_status"": ""ok"", ""condition"": ""naturalistic"", ""fm1_hip_flexion_deg_p50"": 165.77060676721297, ""fm1_knee_between_torso_p50"": 0.5745877709233655, ""fm1_scope"": ""file"", ""fm2_longest_invalid_run_s"": 0.0, ""fm2_smplh_valid_frac"": 1.0, ""fm3_static_frac"": 0.7950697211155379, ""observed_duration_s"": 134.000167, ""vendor"": ""V03"", ""verdict"": ""rejected by FM3""}",render
pi_234,v03_fm3_static_hands_234_V03_S2105_I00000049_P5457_f0005631,V03_S2105_I00000049_P5457,naturalistic/train/0180/0016/V03_S2105_I00000049_P5457,naturalistic/train/0180/0011/V03_S2105_I00000049_P5728,v03_fm3_static_hands,V03,naturalistic,5631,V03,naturalistic,train,ipc_conversation,random draw from V03 files that tripped fm3_static_hands,"{""audio_envelope_dynamics_db"": 51.68521377070962, ""audio_status"": ""ok"", ""condition"": ""naturalistic"", ""fm1_hip_flexion_deg_p50"": 117.16292235457378, ""fm1_knee_between_torso_p50"": 0.5832613454380666, ""fm1_scope"": ""file"", ""fm2_longest_invalid_run_s"": 0.3003, ""fm2_smplh_valid_frac"": 0.9992825827022718, ""fm3_static_frac"": 0.8552967453733248, ""observed_duration_s"": 418.592, ""vendor"": ""V03"", ""verdict"": ""rejected by FM1 and FM2 and FM3""}",render
pi_235,v03_fm3_static_hands_235_V03_S1934_I00000018_P3046_f0002159,V03_S1934_I00000018_P3046,naturalistic/train/0173/0019/V03_S1934_I00000018_P3046,naturalistic/train/0173/0051/V03_S1934_I00000018_P3739,v03_fm3_static_hands,V03,naturalistic,2159,V03,naturalistic,train,ipc_conversation,random draw from V03 files that tripped fm3_static_hands,"{""audio_envelope_dynamics_db"": 25.51588099679224, ""audio_status"": ""ok"", ""condition"": ""naturalistic"", ""fm1_hip_flexion_deg_p50"": 164.293550886488, ""fm1_knee_between_torso_p50"": 0.625748159406576, ""fm1_scope"": ""file"", ""fm2_longest_invalid_run_s"": 0.9009, ""fm2_smplh_valid_frac"": 0.9940152339499456, ""fm3_static_frac"": 0.7963365977511788, ""observed_duration_s"": 184.0168, ""vendor"": ""V03"", ""verdict"": ""rejected by FM2 and FM3""}",render
pi_236,v03_fm3_static_hands_236_V03_S2041_I00000339_P5547_f0000452,V03_S2041_I00000339_P5547,naturalistic/train/0177/0013/V03_S2041_I00000339_P5547,naturalistic/train/0177/0032/V03_S2041_I00000339_P5546,v03_fm3_static_hands,V03,naturalistic,452,V03,naturalistic,train,ipc_conversation,random draw from V03 files that tripped fm3_static_hands,"{""audio_envelope_dynamics_db"": 52.633248991446955, ""audio_status"": ""ok"", ""condition"": ""naturalistic"", ""fm1_hip_flexion_deg_p50"": 167.03207717138767, ""fm1_knee_between_torso_p50"": 0.5676689908228101, ""fm1_scope"": ""file"", ""fm2_longest_invalid_run_s"": 0.0, ""fm2_smplh_valid_frac"": 1.0, ""fm3_static_frac"": 0.8640153944836434, ""observed_duration_s"": 52.018633, ""vendor"": ""V03"", ""verdict"": ""rejected by FM3""}",render
pi_237,v03_fm3_static_hands_237_V03_S0201_I00000384_P1433_f0001925,V03_S0201_I00000384_P1433,naturalistic/train/0110/0013/V03_S0201_I00000384_P1433,naturalistic/train/0110/0068/V03_S0201_I00000384_P1432,v03_fm3_static_hands,V03,naturalistic,1925,V03,naturalistic,train,ipc_conversation,random draw from V03 files that tripped fm3_static_hands,"{""audio_envelope_dynamics_db"": 53.15674974394254, ""audio_status"": ""ok"", ""condition"": ""naturalistic"", ""fm1_hip_flexion_deg_p50"": null, ""fm1_knee_between_torso_p50"": null, ""fm1_scope"": ""file"", ""fm2_longest_invalid_run_s"": 125.99253333333334, ""fm2_smplh_valid_frac"": 0.0, ""fm3_static_frac"": 0.9923199152542372, ""observed_duration_s"": 126.025533, ""vendor"": ""V03"", ""verdict"": ""rejected by FM2 and FM3""}",render
pi_238,v03_fm3_static_hands_238_V03_S0718_I00000299_P1496_f0000008,V03_S0718_I00000299_P1496,naturalistic/train/0126/0059/V03_S0718_I00000299_P1496,naturalistic/train/0126/0034/V03_S0718_I00000299_P1971,v03_fm3_static_hands,V03,naturalistic,8,V03,naturalistic,train,ipc_conversation,random draw from V03 files that tripped fm3_static_hands,"{""audio_envelope_dynamics_db"": 32.871511436967026, ""audio_status"": ""ok"", ""condition"": ""naturalistic"", ""fm1_hip_flexion_deg_p50"": null, ""fm1_knee_between_torso_p50"": null, ""fm1_scope"": ""file"", ""fm2_longest_invalid_run_s"": 142.90944112746243, ""fm2_smplh_valid_frac"": 0.0, ""fm3_static_frac"": 0.8087342363381598, ""observed_duration_s"": 142.878, ""vendor"": ""V03"", ""verdict"": ""rejected by FM2 and FM3""}",render
pi_239,v03_fm3_static_hands_239_V03_S1106_I00000066_P3815_f0004833,V03_S1106_I00000066_P3815,naturalistic/train/0137/0141/V03_S1106_I00000066_P3815,naturalistic/train/0137/0102/V03_S1106_I00000066_P3814,v03_fm3_static_hands,V03,naturalistic,4833,V03,naturalistic,train,grounded_gesture,random draw from V03 files that tripped fm3_static_hands,"{""audio_envelope_dynamics_db"": 56.91505690523051, ""audio_status"": ""ok"", ""condition"": ""naturalistic"", ""fm1_hip_flexion_deg_p50"": 122.96839504875895, ""fm1_knee_between_torso_p50"": 0.44328554610577886, ""fm1_scope"": ""file"", ""fm2_longest_invalid_run_s"": 0.10010000000000001, ""fm2_smplh_valid_frac"": 0.996930468437208, ""fm3_static_frac"": 0.751101027625784, ""observed_duration_s"": 250.016433, ""vendor"": ""V03"", ""verdict"": ""rejected by FM1 and FM2 and FM3""}",render
pi_240,v03_fm3_static_hands_240_V03_S1257_I00000170_P3898_f0002975,V03_S1257_I00000170_P3898,naturalistic/train/0142/0074/V03_S1257_I00000170_P3898,naturalistic/train/0142/0046/V03_S1257_I00000170_P3896,v03_fm3_static_hands,V03,naturalistic,2975,V03,naturalistic,train,ipc_conversation,random draw from V03 files that tripped fm3_static_hands,"{""audio_envelope_dynamics_db"": 25.28987978222738, ""audio_status"": ""ok"", ""condition"": ""naturalistic"", ""fm1_hip_flexion_deg_p50"": 168.38664699142086, ""fm1_knee_between_torso_p50"": 0.5907339964805307, ""fm1_scope"": ""file"", ""fm2_longest_invalid_run_s"": 1.3013000000000001, ""fm2_smplh_valid_frac"": 0.8818090452261307, ""fm3_static_frac"": 0.9272361809045226, ""observed_duration_s"": 166.032533, ""vendor"": ""V03"", ""verdict"": ""rejected by FM2 and FM3""}",render
pi_241,v03_fm3_static_hands_241_V03_S0207_I00000307_P1452_f0001823,V03_S0207_I00000307_P1452,naturalistic/train/0111/0038/V03_S0207_I00000307_P1452,naturalistic/train/0111/0045/V03_S0207_I00000307_P1453,v03_fm3_static_hands,V03,naturalistic,1823,V03,naturalistic,train,ipc_conversation,random draw from V03 files that tripped fm3_static_hands,"{""audio_envelope_dynamics_db"": 55.32374331198031, ""audio_status"": ""ok"", ""condition"": ""naturalistic"", ""fm1_hip_flexion_deg_p50"": 171.28704909530137, ""fm1_knee_between_torso_p50"": 0.698379403518847, ""fm1_scope"": ""file"", ""fm2_longest_invalid_run_s"": 131.09763333333333, ""fm2_smplh_valid_frac"": 0.05385427666314678, ""fm3_static_frac"": 0.8910242872228089, ""observed_duration_s"": 158.024533, ""vendor"": ""V03"", ""verdict"": ""rejected by FM2 and FM3""}",render
pi_242,v03_fm3_static_hands_242_V03_S1103_I00000141_P3585_f0002732,V03_S1103_I00000141_P3585,naturalistic/train/0136/0046/V03_S1103_I00000141_P3585,naturalistic/train/0136/0090/V03_S1103_I00000141_P2641,v03_fm3_static_hands,V03,naturalistic,2732,V03,naturalistic,train,ipc_conversation,random draw from V03 files that tripped fm3_static_hands,"{""audio_envelope_dynamics_db"": 62.652070334717465, ""audio_status"": ""ok"", ""condition"": ""naturalistic"", ""fm1_hip_flexion_deg_p50"": 160.54690784645874, ""fm1_knee_between_torso_p50"": 0.5976996575168818, ""fm1_scope"": ""file"", ""fm2_longest_invalid_run_s"": 0.13346666666666668, ""fm2_smplh_valid_frac"": 0.9990467111534795, ""fm3_static_frac"": 0.90371782650143, ""observed_duration_s"": 140.006533, ""vendor"": ""V03"", ""verdict"": ""rejected by FM2 and FM3""}",render
pi_243,v03_fm3_static_hands_243_V03_S1818_I00000182_P4684_f0000250,V03_S1818_I00000182_P4684,naturalistic/train/0168/0044/V03_S1818_I00000182_P4684,naturalistic/train/0168/0042/V03_S1818_I00000182_P4997,v03_fm3_static_hands,V03,naturalistic,250,V03,naturalistic,train,ipc_conversation,random draw from V03 files that tripped fm3_static_hands,"{""audio_envelope_dynamics_db"": 58.3026378784475, ""audio_status"": ""ok"", ""condition"": ""naturalistic"", ""fm1_hip_flexion_deg_p50"": 163.0075649129022, ""fm1_knee_between_torso_p50"": 0.5482155034989786, ""fm1_scope"": ""file"", ""fm2_longest_invalid_run_s"": 112.37893333333334, ""fm2_smplh_valid_frac"": 0.10321100917431193, ""fm3_static_frac"": 0.8281543274244004, ""observed_duration_s"": 160.026533, ""vendor"": ""V03"", ""verdict"": ""rejected by FM2 and FM3""}",render
pi_244,v03_fm3_static_hands_244_V03_S0779_I00000158_P2921_f0004910,V03_S0779_I00000158_P2921,naturalistic/train/0127/0014/V03_S0779_I00000158_P2921,naturalistic/train/0127/0025/V03_S0779_I00000158_P1725,v03_fm3_static_hands,V03,naturalistic,4910,V03,naturalistic,train,ipc_conversation,random draw from V03 files that tripped fm3_static_hands,"{""audio_envelope_dynamics_db"": 61.73027631353804, ""audio_status"": ""ok"", ""condition"": ""naturalistic"", ""fm1_hip_flexion_deg_p50"": 160.7925993613465, ""fm1_knee_between_torso_p50"": 0.5411328957022755, ""fm1_scope"": ""file"", ""fm2_longest_invalid_run_s"": 0.7007, ""fm2_smplh_valid_frac"": 0.9964249233912156, ""fm3_static_frac"": 0.8573374191351719, ""observed_duration_s"": 196.029167, ""vendor"": ""V03"", ""verdict"": ""rejected by FM2 and FM3""}",render
pi_245,v03_fm4_audio_dead_245_V03_S2003_I00000331_P5051_f0000243,V03_S2003_I00000331_P5051,naturalistic/train/0175/0151/V03_S2003_I00000331_P5051,,v03_fm4_audio_dead,V03,naturalistic,243,V03,naturalistic,train,ipc_conversation,random draw from V03 files that tripped fm4_audio_dead,"{""audio_envelope_dynamics_db"": null, ""audio_status"": ""empty"", ""condition"": ""naturalistic"", ""fm1_hip_flexion_deg_p50"": 173.2803935033592, ""fm1_knee_between_torso_p50"": 0.6577573430515913, ""fm1_scope"": ""file"", ""fm2_longest_invalid_run_s"": 0.0, ""fm2_smplh_valid_frac"": 1.0, ""fm3_static_frac"": 0.744713870029098, ""observed_duration_s"": 172.005167, ""vendor"": ""V03"", ""verdict"": ""rejected by FM4""}",render
