review_item_id,clip_id,file_id,source_relbase,partner_source_relbase,sample_group,start_frame,vendor,label,split,activity_type,selection_reason,signals_json,render_policy
item_000,uniform_200_000_V00_S0229_I00000578_P0029A_f0006316,V00_S0229_I00000578_P0029A,improvised/train/0005/0035/V00_S0229_I00000578_P0029A,improvised/train/0005/0029/V00_S0229_I00000578_P0315,uniform_200,6316,V00,improvised,train,ipc_conversation,uniform random over renderable corpus rows,"{""avg_fps"": 30.0, ""movement_mask_present"": true, ""npz_frames_min"": 7680, ""npz_status"": ""ok"", ""render_frames"": 300, ""uniform_draw"": 5.71e-07, ""valid_frac_box"": 1.0, ""valid_frac_movement"": 1.0, ""valid_frac_smplh"": 0.999089, ""video_nb_frames"": 7680}",render
item_001,uniform_200_001_V03_S1645_I00000354_P2686_f0002415,V03_S1645_I00000354_P2686,naturalistic/train/0160/0138/V03_S1645_I00000354_P2686,naturalistic/train/0160/0028/V03_S1645_I00000354_P2684,uniform_200,2415,V03,naturalistic,train,ipc_conversation,uniform random over renderable corpus rows,"{""avg_fps"": 29.97003, ""movement_mask_present"": false, ""npz_frames_min"": 5694, ""npz_status"": ""ok"", ""render_frames"": 300, ""uniform_draw"": 1.638e-06, ""valid_frac_box"": 1.0, ""valid_frac_movement"": null, ""valid_frac_smplh"": 0.998419, ""video_nb_frames"": 5695}",render
item_002,uniform_200_002_V02_S5101_I00000219_P5126_f0003914,V02_S5101_I00000219_P5126,naturalistic/train/0087/0035/V02_S5101_I00000219_P5126,naturalistic/train/0087/0016/V02_S5101_I00000219_P5127,uniform_200,3914,V02,naturalistic,train,ipc_conversation,uniform random over renderable corpus rows,"{""avg_fps"": 30.0, ""movement_mask_present"": false, ""npz_frames_min"": 5340, ""npz_status"": ""ok"", ""render_frames"": 300, ""uniform_draw"": 5.41e-06, ""valid_frac_box"": 1.0, ""valid_frac_movement"": null, ""valid_frac_smplh"": 1.0, ""video_nb_frames"": 5340}",render
item_003,uniform_200_003_V00_S2010_I00001218_P1263A_f0003095,V00_S2010_I00001218_P1263A,improvised/train/0048/0013/V00_S2010_I00001218_P1263A,improvised/train/0048/0035/V00_S2010_I00001218_P1265A,uniform_200,3095,V00,improvised,train,ipc_conversation,uniform random over renderable corpus rows,"{""avg_fps"": 30.0, ""movement_mask_present"": true, ""npz_frames_min"": 7980, ""npz_status"": ""ok"", ""render_frames"": 300, ""uniform_draw"": 7.761e-06, ""valid_frac_box"": 1.0, ""valid_frac_movement"": 0.962406, ""valid_frac_smplh"": 1.0, ""video_nb_frames"": 7980}",render
item_004,uniform_200_004_V00_S0350_I00000500_P0469_f0003216,V00_S0350_I00000500_P0469,naturalistic/test/0000/0009/V00_S0350_I00000500_P0469,naturalistic/test/0000/0041/V00_S0350_I00000500_P0470,uniform_200,3216,V00,naturalistic,test,ipc_conversation,uniform random over renderable corpus rows,"{""avg_fps"": 30.0, ""movement_mask_present"": true, ""npz_frames_min"": 6600, ""npz_status"": ""ok"", ""render_frames"": 300, ""uniform_draw"": 1.7708e-05, ""valid_frac_box"": 1.0, ""valid_frac_movement"": 1.0, ""valid_frac_smplh"": 1.0, ""video_nb_frames"": 6600}",render
item_005,uniform_200_005_V00_S0742_I00000376_P0886_f0004522,V00_S0742_I00000376_P0886,naturalistic/train/0021/0018/V00_S0742_I00000376_P0886,naturalistic/train/0021/0002/V00_S0742_I00000376_P0887,uniform_200,4522,V00,naturalistic,train,charades,uniform random over renderable corpus rows,"{""avg_fps"": 30.0, ""movement_mask_present"": true, ""npz_frames_min"": 7200, ""npz_status"": ""ok"", ""render_frames"": 300, ""uniform_draw"": 1.9984e-05, ""valid_frac_box"": 0.972083, ""valid_frac_movement"": 0.7, ""valid_frac_smplh"": 0.876667, ""video_nb_frames"": 7200}",render
item_006,uniform_200_006_V00_S0581_I00000135_P0732_f0001614,V00_S0581_I00000135_P0732,naturalistic/train/0016/0037/V00_S0581_I00000135_P0732,naturalistic/train/0016/0001/V00_S0581_I00000135_P0731,uniform_200,1614,V00,naturalistic,train,collaborative_storytelling,uniform random over renderable corpus rows,"{""avg_fps"": 30.0, ""movement_mask_present"": true, ""npz_frames_min"": 3540, ""npz_status"": ""ok"", ""render_frames"": 300, ""uniform_draw"": 2.2672e-05, ""valid_frac_box"": 1.0, ""valid_frac_movement"": 1.0, ""valid_frac_smplh"": 1.0, ""video_nb_frames"": 3540}",render
item_007,uniform_200_007_V00_S1912_I00001030_P1155A_f0007005,V00_S1912_I00001030_P1155A,improvised/train/0047/0027/V00_S1912_I00001030_P1155A,improvised/train/0047/0016/V00_S1912_I00001030_P1154A,uniform_200,7005,V00,improvised,train,ipc_conversation,uniform random over renderable corpus rows,"{""avg_fps"": 30.0, ""movement_mask_present"": true, ""npz_frames_min"": 10800, ""npz_status"": ""ok"", ""render_frames"": 300, ""uniform_draw"": 3.3529e-05, ""valid_frac_box"": 0.9975, ""valid_frac_movement"": 0.916667, ""valid_frac_smplh"": 0.994722, ""video_nb_frames"": 10800}",render
item_008,uniform_200_008_V00_S0393_I00000520_P0523_f0002397,V00_S0393_I00000520_P0523,naturalistic/train/0010/0029/V00_S0393_I00000520_P0523,naturalistic/train/0010/0021/V00_S0393_I00000520_P0193,uniform_200,2397,V00,naturalistic,train,grounded_gesture,uniform random over renderable corpus rows,"{""avg_fps"": 30.0, ""movement_mask_present"": true, ""npz_frames_min"": 4860, ""npz_status"": ""ok"", ""render_frames"": 300, ""uniform_draw"": 3.766e-05, ""valid_frac_box"": 1.0, ""valid_frac_movement"": 0.876543, ""valid_frac_smplh"": 1.0, ""video_nb_frames"": 4860}",render
item_009,uniform_200_009_V02_S5242_I00000090_P5158_f0002306,V02_S5242_I00000090_P5158,naturalistic/train/0096/0000/V02_S5242_I00000090_P5158,naturalistic/train/0096/0032/V02_S5242_I00000090_P5121,uniform_200,2306,V02,naturalistic,train,ipc_conversation,uniform random over renderable corpus rows,"{""avg_fps"": 30.0, ""movement_mask_present"": false, ""npz_frames_min"": 5040, ""npz_status"": ""ok"", ""render_frames"": 300, ""uniform_draw"": 4.0587e-05, ""valid_frac_box"": 1.0, ""valid_frac_movement"": null, ""valid_frac_smplh"": 0.991468, ""video_nb_frames"": 5040}",render
item_010,uniform_200_010_V03_S0955_I00000467_P3317_f0004501,V03_S0955_I00000467_P3317,naturalistic/train/0130/0060/V03_S0955_I00000467_P3317,naturalistic/train/0130/0056/V03_S0955_I00000467_P1860,uniform_200,4501,V03,naturalistic,train,grounded_gesture,uniform random over renderable corpus rows,"{""avg_fps"": 30.0, ""movement_mask_present"": false, ""npz_frames_min"": 7680, ""npz_status"": ""ok"", ""render_frames"": 300, ""uniform_draw"": 4.2752e-05, ""valid_frac_box"": 0.997917, ""valid_frac_movement"": null, ""valid_frac_smplh"": 0.774089, ""video_nb_frames"": 7680}",render
item_011,uniform_200_011_V03_S1754_I00000006_P5059_f0005492,V03_S1754_I00000006_P5059,naturalistic/train/0165/0061/V03_S1754_I00000006_P5059,naturalistic/train/0165/0142/V03_S1754_I00000006_P5058,uniform_200,5492,V03,naturalistic,train,ipc_conversation,uniform random over renderable corpus rows,"{""avg_fps"": 29.97003, ""movement_mask_present"": false, ""npz_frames_min"": 7792, ""npz_status"": ""ok"", ""render_frames"": 300, ""uniform_draw"": 4.5097e-05, ""valid_frac_box"": 1.0, ""valid_frac_movement"": null, ""valid_frac_smplh"": 0.523101, ""video_nb_frames"": 7792}",render
item_012,uniform_200_012_V01_S1266_I00000307_P1094_f0001557,V01_S1266_I00000307_P1094,naturalistic/train/0041/0020/V01_S1266_I00000307_P1094,naturalistic/train/0041/0022/V01_S1266_I00000307_P2282,uniform_200,1557,V01,naturalistic,train,ipc_conversation,uniform random over renderable corpus rows,"{""avg_fps"": 29.97003, ""movement_mask_present"": false, ""npz_frames_min"": 5155, ""npz_status"": ""ok"", ""render_frames"": 300, ""uniform_draw"": 4.5458e-05, ""valid_frac_box"": 1.0, ""valid_frac_movement"": null, ""valid_frac_smplh"": 0.963143, ""video_nb_frames"": 5155}",render
item_013,uniform_200_013_V03_S2081_I00000336_P5647_f0008006,V03_S2081_I00000336_P5647,naturalistic/train/0179/0021/V03_S2081_I00000336_P5647,naturalistic/train/0179/0033/V03_S2081_I00000336_P1375,uniform_200,8006,V03,naturalistic,train,ipc_conversation,uniform random over renderable corpus rows,"{""avg_fps"": 29.97003, ""movement_mask_present"": false, ""npz_frames_min"": 8931, ""npz_status"": ""ok"", ""render_frames"": 300, ""uniform_draw"": 5.5567e-05, ""valid_frac_box"": 1.0, ""valid_frac_movement"": null, ""valid_frac_smplh"": 0.983429, ""video_nb_frames"": 8932}",render
item_014,uniform_200_014_V01_S0127_I00000126_P1239_f0002019,V01_S0127_I00000126_P1239,naturalistic/train/0036/0003/V01_S0127_I00000126_P1239,naturalistic/train/0036/0027/V01_S0127_I00000126_P1238,uniform_200,2019,V01,naturalistic,train,ipc_conversation,uniform random over renderable corpus rows,"{""avg_fps"": 29.97003, ""movement_mask_present"": false, ""npz_frames_min"": 2697, ""npz_status"": ""ok"", ""render_frames"": 300, ""uniform_draw"": 5.7082e-05, ""valid_frac_box"": 1.0, ""valid_frac_movement"": null, ""valid_frac_smplh"": 0.888765, ""video_nb_frames"": 2697}",render
item_015,uniform_200_015_V03_S0106_I00000126_P1031_f0001471,V03_S0106_I00000126_P1031,naturalistic/train/0106/0061/V03_S0106_I00000126_P1031,naturalistic/train/0106/0075/V03_S0106_I00000126_P1236,uniform_200,1471,V03,naturalistic,train,ipc_conversation,uniform random over renderable corpus rows,"{""avg_fps"": 29.97003, ""movement_mask_present"": false, ""npz_frames_min"": 3417, ""npz_status"": ""ok"", ""render_frames"": 300, ""uniform_draw"": 5.8864e-05, ""valid_frac_box"": 1.0, ""valid_frac_movement"": null, ""valid_frac_smplh"": 1.0, ""video_nb_frames"": 3417}",render
item_016,uniform_200_016_V03_S1964_I00000204_P5358_f0007847,V03_S1964_I00000204_P5358,naturalistic/train/0174/0080/V03_S1964_I00000204_P5358,naturalistic/train/0174/0037/V03_S1964_I00000204_P3848,uniform_200,7847,V03,naturalistic,train,ipc_conversation,uniform random over renderable corpus rows,"{""avg_fps"": 29.97003, ""movement_mask_present"": false, ""npz_frames_min"": 9351, ""npz_status"": ""ok"", ""render_frames"": 300, ""uniform_draw"": 6.9983e-05, ""valid_frac_box"": 1.0, ""valid_frac_movement"": null, ""valid_frac_smplh"": 0.886108, ""video_nb_frames"": 9350}",render
item_017,uniform_200_017_V00_S0508_I00000478_P0651_f0003840,V00_S0508_I00000478_P0651,naturalistic/train/0014/0030/V00_S0508_I00000478_P0651,naturalistic/train/0014/0034/V00_S0508_I00000478_P0650,uniform_200,3840,V00,naturalistic,train,ipc_conversation,uniform random over renderable corpus rows,"{""avg_fps"": 30.0, ""movement_mask_present"": true, ""npz_frames_min"": 8820, ""npz_status"": ""ok"", ""render_frames"": 300, ""uniform_draw"": 8.0687e-05, ""valid_frac_box"": 1.0, ""valid_frac_movement"": 0.306122, ""valid_frac_smplh"": 0.748299, ""video_nb_frames"": 8820}",render
item_018,uniform_200_018_V00_S1880_I00001021_P1106A_f0001791,V00_S1880_I00001021_P1106A,improvised/train/0046/0052/V00_S1880_I00001021_P1106A,improvised/train/0046/0051/V00_S1880_I00001021_P1147A,uniform_200,1791,V00,improvised,train,ipc_conversation,uniform random over renderable corpus rows,"{""avg_fps"": 30.0, ""movement_mask_present"": true, ""npz_frames_min"": 11460, ""npz_status"": ""ok"", ""render_frames"": 300, ""uniform_draw"": 8.4949e-05, ""valid_frac_box"": 1.0, ""valid_frac_movement"": 0.774869, ""valid_frac_smplh"": 0.988133, ""video_nb_frames"": 11460}",render
item_019,uniform_200_019_V02_S3224_I00000481_P4121_f0007772,V02_S3224_I00000481_P4121,naturalistic/train/0055/0021/V02_S3224_I00000481_P4121,naturalistic/train/0055/0017/V02_S3224_I00000481_P4118,uniform_200,7772,V02,naturalistic,train,charades,uniform random over renderable corpus rows,"{""avg_fps"": 30.0, ""movement_mask_present"": false, ""npz_frames_min"": 9840, ""npz_status"": ""ok"", ""render_frames"": 300, ""uniform_draw"": 9.1595e-05, ""valid_frac_box"": 1.0, ""valid_frac_movement"": null, ""valid_frac_smplh"": 0.960772, ""video_nb_frames"": 9840}",render
item_020,uniform_200_020_V03_S1442_I00000001_P4406_f0006375,V03_S1442_I00000001_P4406,naturalistic/train/0151/0016/V03_S1442_I00000001_P4406,naturalistic/train/0151/0005/V03_S1442_I00000001_P3848,uniform_200,6375,V03,naturalistic,train,ipc_conversation,uniform random over renderable corpus rows,"{""avg_fps"": 29.97003, ""movement_mask_present"": false, ""npz_frames_min"": 8331, ""npz_status"": ""ok"", ""render_frames"": 300, ""uniform_draw"": 0.00011038, ""valid_frac_box"": 1.0, ""valid_frac_movement"": null, ""valid_frac_smplh"": 0.879846, ""video_nb_frames"": 8331}",render
item_021,uniform_200_021_V03_S0884_I00000131_P3079_f0003911,V03_S0884_I00000131_P3079,naturalistic/train/0128/0068/V03_S0884_I00000131_P3079,naturalistic/train/0128/0050/V03_S0884_I00000131_P3078,uniform_200,3911,V03,naturalistic,train,ipc_conversation,uniform random over renderable corpus rows,"{""avg_fps"": 29.97003, ""movement_mask_present"": false, ""npz_frames_min"": 5515, ""npz_status"": ""ok"", ""render_frames"": 300, ""uniform_draw"": 0.000112566, ""valid_frac_box"": 1.0, ""valid_frac_movement"": null, ""valid_frac_smplh"": 0.970263, ""video_nb_frames"": 5515}",render
item_022,uniform_200_022_V03_S1755_I00000223_P5061_f0001873,V03_S1755_I00000223_P5061,naturalistic/test/0003/0004/V03_S1755_I00000223_P5061,naturalistic/test/0003/0033/V03_S1755_I00000223_P5060,uniform_200,1873,V03,naturalistic,test,ipc_conversation,uniform random over renderable corpus rows,"{""avg_fps"": 29.97003, ""movement_mask_present"": false, ""npz_frames_min"": 3537, ""npz_status"": ""ok"", ""render_frames"": 300, ""uniform_draw"": 0.000114712, ""valid_frac_box"": 1.0, ""valid_frac_movement"": null, ""valid_frac_smplh"": 0.905852, ""video_nb_frames"": 3537}",render
item_023,uniform_200_023_V01_S0438_I00001199_P1572_f0004874,V01_S0438_I00001199_P1572,improvised/train/0054/0051/V01_S0438_I00001199_P1572,improvised/train/0054/0020/V01_S0438_I00001199_P1514,uniform_200,4874,V01,improvised,train,ipc_conversation,uniform random over renderable corpus rows,"{""avg_fps"": 29.97003, ""movement_mask_present"": false, ""npz_frames_min"": 5394, ""npz_status"": ""ok"", ""render_frames"": 300, ""uniform_draw"": 0.000117133, ""valid_frac_box"": 1.0, ""valid_frac_movement"": null, ""valid_frac_smplh"": 0.99518, ""video_nb_frames"": 5394}",render
item_024,uniform_200_024_V03_S0327_I00000496_P1878_f0002107,V03_S0327_I00000496_P1878,naturalistic/train/0115/0041/V03_S0327_I00000496_P1878,naturalistic/train/0115/0075/V03_S0327_I00000496_P1879,uniform_200,2107,V03,naturalistic,train,grounded_gesture,uniform random over renderable corpus rows,"{""avg_fps"": 29.97003, ""movement_mask_present"": false, ""npz_frames_min"": 9650, ""npz_status"": ""ok"", ""render_frames"": 300, ""uniform_draw"": 0.000123707, ""valid_frac_box"": 1.0, ""valid_frac_movement"": null, ""valid_frac_smplh"": 1.0, ""video_nb_frames"": 9650}",render
item_025,uniform_200_025_V00_S0790_I00000125_P0925_f0005097,V00_S0790_I00000125_P0925,improvised/train/0015/0050/V00_S0790_I00000125_P0925,improvised/train/0015/0006/V00_S0790_I00000125_P0920A,uniform_200,5097,V00,improvised,train,ipc_conversation,uniform random over renderable corpus rows,"{""avg_fps"": 30.0, ""movement_mask_present"": true, ""npz_frames_min"": 10080, ""npz_status"": ""ok"", ""render_frames"": 300, ""uniform_draw"": 0.000125635, ""valid_frac_box"": 1.0, ""valid_frac_movement"": 0.827381, ""valid_frac_smplh"": 0.995238, ""video_nb_frames"": 10080}",render
item_026,uniform_200_026_V03_S1893_I00000201_P5213_f0001637,V03_S1893_I00000201_P5213,naturalistic/train/0171/0050/V03_S1893_I00000201_P5213,naturalistic/train/0171/0060/V03_S1893_I00000201_P5212,uniform_200,1637,V03,naturalistic,train,ipc_conversation,uniform random over renderable corpus rows,"{""avg_fps"": 29.97003, ""movement_mask_present"": false, ""npz_frames_min"": 4195, ""npz_status"": ""ok"", ""render_frames"": 300, ""uniform_draw"": 0.00013068, ""valid_frac_box"": 1.0, ""valid_frac_movement"": null, ""valid_frac_smplh"": 1.0, ""video_nb_frames"": 4195}",render
item_027,uniform_200_027_V02_S3105_I00000132_P4072_f0002650,V02_S3105_I00000132_P4072,naturalistic/train/0048/0011/V02_S3105_I00000132_P4072,naturalistic/train/0048/0047/V02_S3105_I00000132_P4014,uniform_200,2650,V02,naturalistic,train,ipc_conversation,uniform random over renderable corpus rows,"{""avg_fps"": 30.0, ""movement_mask_present"": false, ""npz_frames_min"": 5880, ""npz_status"": ""ok"", ""render_frames"": 300, ""uniform_draw"": 0.000140264, ""valid_frac_box"": 1.0, ""valid_frac_movement"": null, ""valid_frac_smplh"": 0.996429, ""video_nb_frames"": 5880}",render
item_028,uniform_200_028_V01_S0270_I00000632_P1580_f0004040,V01_S0270_I00000632_P1580,naturalistic/train/0039/0007/V01_S0270_I00000632_P1580,naturalistic/train/0039/0018/V01_S0270_I00000632_P1579,uniform_200,4040,V01,naturalistic,train,grounded_gesture,uniform random over renderable corpus rows,"{""avg_fps"": 29.97003, ""movement_mask_present"": false, ""npz_frames_min"": 6054, ""npz_status"": ""ok"", ""render_frames"": 300, ""uniform_draw"": 0.000148498, ""valid_frac_box"": 1.0, ""valid_frac_movement"": null, ""valid_frac_smplh"": 0.999174, ""video_nb_frames"": 6053}",render
item_029,uniform_200_029_V00_S1993_I00000413_P1246_f0001487,V00_S1993_I00000413_P1246,naturalistic/train/0032/0017/V00_S1993_I00000413_P1246,naturalistic/train/0032/0006/V00_S1993_I00000413_P1137,uniform_200,1487,V00,naturalistic,train,ipc_conversation,uniform random over renderable corpus rows,"{""avg_fps"": 30.0, ""movement_mask_present"": true, ""npz_frames_min"": 4860, ""npz_status"": ""ok"", ""render_frames"": 300, ""uniform_draw"": 0.000158936, ""valid_frac_box"": 1.0, ""valid_frac_movement"": 0.950617, ""valid_frac_smplh"": 0.992181, ""video_nb_frames"": 4860}",render
item_030,uniform_200_030_V00_S0118_I00000461_P0173_f0000799,V00_S0118_I00000461_P0173,naturalistic/train/0002/0032/V00_S0118_I00000461_P0173,naturalistic/train/0002/0002/V00_S0118_I00000461_P0174,uniform_200,799,V00,naturalistic,train,ipc_conversation,uniform random over renderable corpus rows,"{""avg_fps"": 30.0, ""movement_mask_present"": true, ""npz_frames_min"": 4800, ""npz_status"": ""ok"", ""render_frames"": 300, ""uniform_draw"": 0.00015908, ""valid_frac_box"": 1.0, ""valid_frac_movement"": 0.925, ""valid_frac_smplh"": 0.999375, ""video_nb_frames"": 4800}",render
item_031,uniform_200_031_V00_S0160_I00000488_P0230_f0002849,V00_S0160_I00000488_P0230,improvised/train/0003/0010/V00_S0160_I00000488_P0230,improvised/train/0003/0027/V00_S0160_I00000488_P0027A,uniform_200,2849,V00,improvised,train,ipc_conversation,uniform random over renderable corpus rows,"{""avg_fps"": 30.0, ""movement_mask_present"": true, ""npz_frames_min"": 7500, ""npz_status"": ""ok"", ""render_frames"": 300, ""uniform_draw"": 0.000178622, ""valid_frac_box"": 1.0, ""valid_frac_movement"": 0.784, ""valid_frac_smplh"": 0.980267, ""video_nb_frames"": 7500}",render
item_032,uniform_200_032_V03_S1236_I00000086_P2747_f0001825,V03_S1236_I00000086_P2747,naturalistic/train/0141/0034/V03_S1236_I00000086_P2747,naturalistic/train/0141/0130/V03_S1236_I00000086_P3007,uniform_200,1825,V03,naturalistic,train,ipc_conversation,uniform random over renderable corpus rows,"{""avg_fps"": 29.97003, ""movement_mask_present"": false, ""npz_frames_min"": 7133, ""npz_status"": ""ok"", ""render_frames"": 300, ""uniform_draw"": 0.000182471, ""valid_frac_box"": 1.0, ""valid_frac_movement"": null, ""valid_frac_smplh"": 0.965512, ""video_nb_frames"": 7132}",render
item_033,uniform_200_033_V00_S0527_I00000477_P0674_f0001484,V00_S0527_I00000477_P0674,naturalistic/train/0014/0016/V00_S0527_I00000477_P0674,naturalistic/train/0014/0041/V00_S0527_I00000477_P0673,uniform_200,1484,V00,naturalistic,train,ipc_conversation,uniform random over renderable corpus rows,"{""avg_fps"": 30.0, ""movement_mask_present"": true, ""npz_frames_min"": 3780, ""npz_status"": ""ok"", ""render_frames"": 300, ""uniform_draw"": 0.000184694, ""valid_frac_box"": 1.0, ""valid_frac_movement"": 1.0, ""valid_frac_smplh"": 0.986508, ""video_nb_frames"": 3780}",render
item_034,uniform_200_034_V01_S0512_I00001126_P1763_f0003248,V01_S0512_I00001126_P1763,improvised/train/0055/0028/V01_S0512_I00001126_P1763,improvised/train/0055/0040/V01_S0512_I00001126_P1815,uniform_200,3248,V01,improvised,train,ipc_conversation,uniform random over renderable corpus rows,"{""avg_fps"": 29.97003, ""movement_mask_present"": false, ""npz_frames_min"": 8212, ""npz_status"": ""ok"", ""render_frames"": 300, ""uniform_draw"": 0.000188476, ""valid_frac_box"": 1.0, ""valid_frac_movement"": null, ""valid_frac_smplh"": 1.0, ""video_nb_frames"": 8212}",render
item_035,uniform_200_035_V00_S1241_I00001023_P0921A_f0005619,V00_S1241_I00001023_P0921A,improvised/train/0028/0032/V00_S1241_I00001023_P0921A,improvised/train/0028/0002/V00_S1241_I00001023_P0012A,uniform_200,5619,V00,improvised,train,ipc_conversation,uniform random over renderable corpus rows,"{""avg_fps"": 30.0, ""movement_mask_present"": true, ""npz_frames_min"": 8820, ""npz_status"": ""ok"", ""render_frames"": 300, ""uniform_draw"": 0.000193291, ""valid_frac_box"": 1.0, ""valid_frac_movement"": 0.952381, ""valid_frac_smplh"": 0.999206, ""video_nb_frames"": 8820}",render
item_036,uniform_200_036_V03_S1858_I00000213_P3750_f0003869,V03_S1858_I00000213_P3750,naturalistic/train/0169/0029/V03_S1858_I00000213_P3750,naturalistic/train/0169/0018/V03_S1858_I00000213_P5223,uniform_200,3869,V03,naturalistic,train,ipc_conversation,uniform random over renderable corpus rows,"{""avg_fps"": 29.97003, ""movement_mask_present"": false, ""npz_frames_min"": 4675, ""npz_status"": ""ok"", ""render_frames"": 300, ""uniform_draw"": 0.000195517, ""valid_frac_box"": 1.0, ""valid_frac_movement"": null, ""valid_frac_smplh"": 0.998503, ""video_nb_frames"": 4676}",render
item_037,uniform_200_037_V00_S1547_I00001159_P0799A_f0004717,V00_S1547_I00001159_P0799A,improvised/train/0037/0023/V00_S1547_I00001159_P0799A,improvised/train/0037/0030/V00_S1547_I00001159_P0921A,uniform_200,4717,V00,improvised,train,ipc_conversation,uniform random over renderable corpus rows,"{""avg_fps"": 30.0, ""movement_mask_present"": true, ""npz_frames_min"": 5520, ""npz_status"": ""ok"", ""render_frames"": 300, ""uniform_draw"": 0.000208611, ""valid_frac_box"": 1.0, ""valid_frac_movement"": 0.76087, ""valid_frac_smplh"": 0.994565, ""video_nb_frames"": 5520}",render
item_038,uniform_200_038_V00_S0379_I00000129_P0252_f0004030,V00_S0379_I00000129_P0252,naturalistic/train/0009/0032/V00_S0379_I00000129_P0252,naturalistic/train/0009/0003/V00_S0379_I00000129_P0307,uniform_200,4030,V00,naturalistic,train,charades,uniform random over renderable corpus rows,"{""avg_fps"": 30.0, ""movement_mask_present"": true, ""npz_frames_min"": 6420, ""npz_status"": ""ok"", ""render_frames"": 300, ""uniform_draw"": 0.000214533, ""valid_frac_box"": 1.0, ""valid_frac_movement"": 0.691589, ""valid_frac_smplh"": 0.988941, ""video_nb_frames"": 6420}",render
item_039,uniform_200_039_V02_S3623_I00000190_P4243_f0002740,V02_S3623_I00000190_P4243,naturalistic/train/0079/0035/V02_S3623_I00000190_P4243,naturalistic/train/0079/0037/V02_S3623_I00000190_P4241,uniform_200,2740,V02,naturalistic,train,ipc_conversation,uniform random over renderable corpus rows,"{""avg_fps"": 30.0, ""movement_mask_present"": false, ""npz_frames_min"": 5520, ""npz_status"": ""ok"", ""render_frames"": 300, ""uniform_draw"": 0.000215567, ""valid_frac_box"": 1.0, ""valid_frac_movement"": null, ""valid_frac_smplh"": 0.994746, ""video_nb_frames"": 5520}",render
item_040,uniform_200_040_V01_S0153_I00000137_P1280_f0000613,V01_S0153_I00000137_P1280,naturalistic/train/0037/0009/V01_S0153_I00000137_P1280,naturalistic/train/0037/0020/V01_S0153_I00000137_P1281,uniform_200,613,V01,naturalistic,train,ipc_conversation,uniform random over renderable corpus rows,"{""avg_fps"": 29.97003, ""movement_mask_present"": false, ""npz_frames_min"": 2637, ""npz_status"": ""ok"", ""render_frames"": 300, ""uniform_draw"": 0.000217052, ""valid_frac_box"": 1.0, ""valid_frac_movement"": null, ""valid_frac_smplh"": 1.0, ""video_nb_frames"": 2637}",render
item_041,uniform_200_041_V02_S5275_I00000182_P5234_f0000881,V02_S5275_I00000182_P5234,naturalistic/train/0098/0029/V02_S5275_I00000182_P5234,naturalistic/train/0098/0007/V02_S5275_I00000182_P5268,uniform_200,881,V02,naturalistic,train,ipc_conversation,uniform random over renderable corpus rows,"{""avg_fps"": 30.0, ""movement_mask_present"": false, ""npz_frames_min"": 5040, ""npz_status"": ""ok"", ""render_frames"": 300, ""uniform_draw"": 0.000218159, ""valid_frac_box"": 1.0, ""valid_frac_movement"": null, ""valid_frac_smplh"": 0.954167, ""video_nb_frames"": 5040}",render
item_042,uniform_200_042_V03_S0306_I00000498_P1754_f0004481,V03_S0306_I00000498_P1754,naturalistic/train/0114/0044/V03_S0306_I00000498_P1754,naturalistic/train/0114/0115/V03_S0306_I00000498_P1755,uniform_200,4481,V03,naturalistic,train,ipc_conversation,uniform random over renderable corpus rows,"{""avg_fps"": 29.97003, ""movement_mask_present"": false, ""npz_frames_min"": 5359, ""npz_status"": ""ok"", ""render_frames"": 300, ""uniform_draw"": 0.000219295, ""valid_frac_box"": 1.0, ""valid_frac_movement"": null, ""valid_frac_smplh"": 0.995148, ""video_nb_frames"": 5358}",render
item_043,uniform_200_043_V03_S0115_I00000135_P1255_f0001828,V03_S0115_I00000135_P1255,naturalistic/train/0106/0064/V03_S0115_I00000135_P1255,naturalistic/train/0106/0067/V03_S0115_I00000135_P1254,uniform_200,1828,V03,naturalistic,train,collaborative_storytelling,uniform random over renderable corpus rows,"{""avg_fps"": 29.97003, ""movement_mask_present"": false, ""npz_frames_min"": 5515, ""npz_status"": ""ok"", ""render_frames"": 300, ""uniform_draw"": 0.000221747, ""valid_frac_box"": 1.0, ""valid_frac_movement"": null, ""valid_frac_smplh"": 0.732548, ""video_nb_frames"": 5515}",render
item_044,uniform_200_044_V03_S0884_I00000130_P3079_f0001655,V03_S0884_I00000130_P3079,naturalistic/train/0128/0028/V03_S0884_I00000130_P3079,naturalistic/train/0128/0095/V03_S0884_I00000130_P3078,uniform_200,1655,V03,naturalistic,train,ipc_conversation,uniform random over renderable corpus rows,"{""avg_fps"": 29.97003, ""movement_mask_present"": false, ""npz_frames_min"": 6414, ""npz_status"": ""ok"", ""render_frames"": 300, ""uniform_draw"": 0.000224733, ""valid_frac_box"": 1.0, ""valid_frac_movement"": null, ""valid_frac_smplh"": 0.856876, ""video_nb_frames"": 6414}",render
item_045,uniform_200_045_V00_S0093_I00000581_P0134_f0005168,V00_S0093_I00000581_P0134,improvised/train/0001/0017/V00_S0093_I00000581_P0134,improvised/train/0001/0035/V00_S0093_I00000581_P0040A,uniform_200,5168,V00,improvised,train,ipc_conversation,uniform random over renderable corpus rows,"{""avg_fps"": 30.0, ""movement_mask_present"": true, ""npz_frames_min"": 7260, ""npz_status"": ""ok"", ""render_frames"": 300, ""uniform_draw"": 0.000226816, ""valid_frac_box"": 1.0, ""valid_frac_movement"": 0.909091, ""valid_frac_smplh"": 0.954683, ""video_nb_frames"": 7260}",render
item_046,uniform_200_046_V01_S1871_I00000691_P2756_f0005136,V01_S1871_I00000691_P2756,improvised/train/0061/0017/V01_S1871_I00000691_P2756,improvised/train/0061/0028/V01_S1871_I00000691_P2745,uniform_200,5136,V01,improvised,train,ipc_conversation,uniform random over renderable corpus rows,"{""avg_fps"": 29.97003, ""movement_mask_present"": false, ""npz_frames_min"": 9351, ""npz_status"": ""ok"", ""render_frames"": 300, ""uniform_draw"": 0.000234687, ""valid_frac_box"": 1.0, ""valid_frac_movement"": null, ""valid_frac_smplh"": 0.98428, ""video_nb_frames"": 9351}",render
item_047,uniform_200_047_V00_S0701_I00000482_P0856_f0004186,V00_S0701_I00000482_P0856,naturalistic/train/0020/0023/V00_S0701_I00000482_P0856,naturalistic/train/0020/0042/V00_S0701_I00000482_P0857,uniform_200,4186,V00,naturalistic,train,ipc_conversation,uniform random over renderable corpus rows,"{""avg_fps"": 30.0, ""movement_mask_present"": true, ""npz_frames_min"": 6360, ""npz_status"": ""ok"", ""render_frames"": 300, ""uniform_draw"": 0.00024291, ""valid_frac_box"": 1.0, ""valid_frac_movement"": 1.0, ""valid_frac_smplh"": 1.0, ""video_nb_frames"": 6360}",render
item_048,uniform_200_048_V02_S5211_I00000751_P5233_f0002538,V02_S5211_I00000751_P5233,naturalistic/train/0094/0041/V02_S5211_I00000751_P5233,naturalistic/train/0094/0035/V02_S5211_I00000751_P5206,uniform_200,2538,V02,naturalistic,train,grounded_gesture,uniform random over renderable corpus rows,"{""avg_fps"": 30.0, ""movement_mask_present"": false, ""npz_frames_min"": 5160, ""npz_status"": ""ok"", ""render_frames"": 300, ""uniform_draw"": 0.000250926, ""valid_frac_box"": 1.0, ""valid_frac_movement"": null, ""valid_frac_smplh"": 0.984884, ""video_nb_frames"": 5160}",render
item_049,uniform_200_049_V00_S0397_I00000484_P0090_f0003957,V00_S0397_I00000484_P0090,naturalistic/train/0010/0037/V00_S0397_I00000484_P0090,naturalistic/train/0010/0023/V00_S0397_I00000484_P0531,uniform_200,3957,V00,naturalistic,train,ipc_conversation,uniform random over renderable corpus rows,"{""avg_fps"": 30.0, ""movement_mask_present"": true, ""npz_frames_min"": 4440, ""npz_status"": ""ok"", ""render_frames"": 300, ""uniform_draw"": 0.000262065, ""valid_frac_box"": 1.0, ""valid_frac_movement"": 0.837838, ""valid_frac_smplh"": 1.0, ""video_nb_frames"": 4440}",render
item_050,uniform_200_050_V02_S3495_I00000734_P4218_f0002317,V02_S3495_I00000734_P4218,naturalistic/train/0071/0054/V02_S3495_I00000734_P4218,naturalistic/train/0071/0006/V02_S3495_I00000734_P4087,uniform_200,2317,V02,naturalistic,train,grounded_gesture,uniform random over renderable corpus rows,"{""avg_fps"": 30.0, ""movement_mask_present"": false, ""npz_frames_min"": 3120, ""npz_status"": ""ok"", ""render_frames"": 300, ""uniform_draw"": 0.000264234, ""valid_frac_box"": 1.0, ""valid_frac_movement"": null, ""valid_frac_smplh"": 0.980769, ""video_nb_frames"": 3120}",render
item_051,uniform_200_051_V00_S0455_I00000129_P0085A_f0004557,V00_S0455_I00000129_P0085A,naturalistic/train/0012/0018/V00_S0455_I00000129_P0085A,naturalistic/train/0012/0037/V00_S0455_I00000129_P0588,uniform_200,4557,V00,naturalistic,train,charades,uniform random over renderable corpus rows,"{""avg_fps"": 30.0, ""movement_mask_present"": true, ""npz_frames_min"": 7140, ""npz_status"": ""ok"", ""render_frames"": 300, ""uniform_draw"": 0.000272553, ""valid_frac_box"": 1.0, ""valid_frac_movement"": 0.94958, ""valid_frac_smplh"": 0.996078, ""video_nb_frames"": 7140}",render
item_052,uniform_200_052_V03_S1025_I00000089_P2641_f0002931,V03_S1025_I00000089_P2641,naturalistic/train/0133/0074/V03_S1025_I00000089_P2641,naturalistic/train/0133/0116/V03_S1025_I00000089_P2921,uniform_200,2931,V03,naturalistic,train,ipc_conversation,uniform random over renderable corpus rows,"{""avg_fps"": 29.97003, ""movement_mask_present"": false, ""npz_frames_min"": 4736, ""npz_status"": ""ok"", ""render_frames"": 300, ""uniform_draw"": 0.000278351, ""valid_frac_box"": 1.0, ""valid_frac_movement"": null, ""valid_frac_smplh"": 0.949113, ""video_nb_frames"": 4736}",render
item_053,uniform_200_053_V00_S0582_I00000130_P0734_f0002841,V00_S0582_I00000130_P0734,naturalistic/train/0016/0034/V00_S0582_I00000130_P0734,naturalistic/train/0016/0044/V00_S0582_I00000130_P0733,uniform_200,2841,V00,naturalistic,train,ipc_conversation,uniform random over renderable corpus rows,"{""avg_fps"": 30.0, ""movement_mask_present"": true, ""npz_frames_min"": 5520, ""npz_status"": ""ok"", ""render_frames"": 300, ""uniform_draw"": 0.000291909, ""valid_frac_box"": 1.0, ""valid_frac_movement"": 0.934783, ""valid_frac_smplh"": 1.0, ""video_nb_frames"": 5520}",render
item_054,uniform_200_054_V03_S1102_I00000077_P3585_f0002432,V03_S1102_I00000077_P3585,naturalistic/train/0136/0044/V03_S1102_I00000077_P3585,naturalistic/train/0136/0078/V03_S1102_I00000077_P3080,uniform_200,2432,V03,naturalistic,train,ipc_conversation,uniform random over renderable corpus rows,"{""avg_fps"": 29.97003, ""movement_mask_present"": false, ""npz_frames_min"": 3357, ""npz_status"": ""ok"", ""render_frames"": 300, ""uniform_draw"": 0.000303207, ""valid_frac_box"": 1.0, ""valid_frac_movement"": null, ""valid_frac_smplh"": 0.982723, ""video_nb_frames"": 3356}",render
item_055,uniform_200_055_V03_S0545_I00000373_P2466_f0000430,V03_S0545_I00000373_P2466,improvised/train/0064/0120/V03_S0545_I00000373_P2466,improvised/train/0064/0097/V03_S0545_I00000373_P2085,uniform_200,430,V03,improvised,train,ipc_conversation,uniform random over renderable corpus rows,"{""avg_fps"": 29.97003, ""movement_mask_present"": false, ""npz_frames_min"": 12587, ""npz_status"": ""ok"", ""render_frames"": 300, ""uniform_draw"": 0.000303253, ""valid_frac_box"": 1.0, ""valid_frac_movement"": null, ""valid_frac_smplh"": 0.743704, ""video_nb_frames"": 12587}",render
item_056,uniform_200_056_V01_S1826_I00000705_P2619_f0003665,V01_S1826_I00000705_P2619,improvised/train/0060/0023/V01_S1826_I00000705_P2619,improvised/train/0060/0037/V01_S1826_I00000705_P2733,uniform_200,3665,V01,improvised,train,ipc_conversation,uniform random over renderable corpus rows,"{""avg_fps"": 29.980013, ""movement_mask_present"": false, ""npz_frames_min"": 5577, ""npz_status"": ""ok"", ""render_frames"": 300, ""uniform_draw"": 0.000315405, ""valid_frac_box"": 1.0, ""valid_frac_movement"": null, ""valid_frac_smplh"": 0.998924, ""video_nb_frames"": 5577}",render
item_057,uniform_200_057_V03_S1563_I00000016_P4303_f0002830,V03_S1563_I00000016_P4303,naturalistic/train/0156/0119/V03_S1563_I00000016_P4303,naturalistic/train/0156/0011/V03_S1563_I00000016_P4462,uniform_200,2830,V03,naturalistic,train,ipc_conversation,uniform random over renderable corpus rows,"{""avg_fps"": 29.97003, ""movement_mask_present"": false, ""npz_frames_min"": 3236, ""npz_status"": ""ok"", ""render_frames"": 300, ""uniform_draw"": 0.000315519, ""valid_frac_box"": 1.0, ""valid_frac_movement"": null, ""valid_frac_smplh"": 0.957046, ""video_nb_frames"": 3236}",render
item_058,uniform_200_058_V01_S0225_I00001227_P1510_f0002039,V01_S0225_I00001227_P1510,improvised/train/0051/0055/V01_S0225_I00001227_P1510,improvised/train/0051/0000/V01_S0225_I00001227_P1509,uniform_200,2039,V01,improvised,train,ipc_conversation,uniform random over renderable corpus rows,"{""avg_fps"": 29.97003, ""movement_mask_present"": false, ""npz_frames_min"": 5155, ""npz_status"": ""ok"", ""render_frames"": 300, ""uniform_draw"": 0.000317462, ""valid_frac_box"": 1.0, ""valid_frac_movement"": null, ""valid_frac_smplh"": 0.989913, ""video_nb_frames"": 5155}",render
item_059,uniform_200_059_V02_S3295_I00000376_P4154_f0002780,V02_S3295_I00000376_P4154,naturalistic/train/0059/0037/V02_S3295_I00000376_P4154,naturalistic/train/0059/0019/V02_S3295_I00000376_P4153,uniform_200,2780,V02,naturalistic,train,charades,uniform random over renderable corpus rows,"{""avg_fps"": 30.0, ""movement_mask_present"": false, ""npz_frames_min"": 5100, ""npz_status"": ""ok"", ""render_frames"": 300, ""uniform_draw"": 0.000321984, ""valid_frac_box"": 1.0, ""valid_frac_movement"": null, ""valid_frac_smplh"": 0.974902, ""video_nb_frames"": 5100}",render
item_060,uniform_200_060_V02_S5076_I00000184_P5100_f0000523,V02_S5076_I00000184_P5100,naturalistic/train/0085/0037/V02_S5076_I00000184_P5100,naturalistic/train/0085/0027/V02_S5076_I00000184_P5099,uniform_200,523,V02,naturalistic,train,ipc_conversation,uniform random over renderable corpus rows,"{""avg_fps"": 30.0, ""movement_mask_present"": false, ""npz_frames_min"": 5160, ""npz_status"": ""ok"", ""render_frames"": 300, ""uniform_draw"": 0.000325608, ""valid_frac_box"": 1.0, ""valid_frac_movement"": null, ""valid_frac_smplh"": 1.0, ""video_nb_frames"": 5160}",render
item_061,uniform_200_061_V00_S1680_I00000693_P0744_f0000031,V00_S1680_I00000693_P0744,improvised/train/0041/0007/V00_S1680_I00000693_P0744,improvised/train/0041/0065/V00_S1680_I00000693_P0893A,uniform_200,31,V00,improvised,train,ipc_conversation,uniform random over renderable corpus rows,"{""avg_fps"": 30.0, ""movement_mask_present"": true, ""npz_frames_min"": 9480, ""npz_status"": ""ok"", ""render_frames"": 300, ""uniform_draw"": 0.000327382, ""valid_frac_box"": 1.0, ""valid_frac_movement"": 0.987342, ""valid_frac_smplh"": 0.992511, ""video_nb_frames"": 9480}",render
item_062,uniform_200_062_V03_S1609_I00000181_P3884_f0007295,V03_S1609_I00000181_P3884,naturalistic/train/0158/0071/V03_S1609_I00000181_P3884,naturalistic/train/0158/0091/V03_S1609_I00000181_P4623,uniform_200,7295,V03,naturalistic,train,ipc_conversation,uniform random over renderable corpus rows,"{""avg_fps"": 29.97003, ""movement_mask_present"": false, ""npz_frames_min"": 8751, ""npz_status"": ""ok"", ""render_frames"": 300, ""uniform_draw"": 0.000350999, ""valid_frac_box"": 1.0, ""valid_frac_movement"": null, ""valid_frac_smplh"": 0.999771, ""video_nb_frames"": 8751}",render
item_063,uniform_200_063_V00_S0774_I00000535_P0120_f0011256,V00_S0774_I00000535_P0120,improvised/train/0015/0045/V00_S0774_I00000535_P0120,improvised/train/0015/0049/V00_S0774_I00000535_P0359A,uniform_200,11256,V00,improvised,train,ipc_conversation,uniform random over renderable corpus rows,"{""avg_fps"": 30.0, ""movement_mask_present"": true, ""npz_frames_min"": 14760, ""npz_status"": ""ok"", ""render_frames"": 300, ""uniform_draw"": 0.000351483, ""valid_frac_box"": 1.0, ""valid_frac_movement"": 0.707317, ""valid_frac_smplh"": 0.994715, ""video_nb_frames"": 14760}",render
item_064,uniform_200_064_V03_S0406_I00000035_P2173_f0002587,V03_S0406_I00000035_P2173,naturalistic/train/0119/0116/V03_S0406_I00000035_P2173,naturalistic/train/0119/0088/V03_S0406_I00000035_P1291,uniform_200,2587,V03,naturalistic,train,ipc_conversation,uniform random over renderable corpus rows,"{""avg_fps"": 29.97003, ""movement_mask_present"": false, ""npz_frames_min"": 5694, ""npz_status"": ""ok"", ""render_frames"": 300, ""uniform_draw"": 0.0003651, ""valid_frac_box"": 1.0, ""valid_frac_movement"": null, ""valid_frac_smplh"": 0.995083, ""video_nb_frames"": 5694}",render
item_065,uniform_200_065_V03_S0216_I00000506_P1475_f0007363,V03_S0216_I00000506_P1475,naturalistic/train/0111/0045/V03_S0216_I00000506_P1475,naturalistic/train/0111/0120/V03_S0216_I00000506_P1474,uniform_200,7363,V03,naturalistic,train,grounded_gesture,uniform random over renderable corpus rows,"{""avg_fps"": 29.97003, ""movement_mask_present"": false, ""npz_frames_min"": 10369, ""npz_status"": ""ok"", ""render_frames"": 300, ""uniform_draw"": 0.000370986, ""valid_frac_box"": 1.0, ""valid_frac_movement"": null, ""valid_frac_smplh"": 0.964317, ""video_nb_frames"": 10369}",render
item_066,uniform_200_066_V03_S0102_I00000372_P1143_f0001179,V03_S0102_I00000372_P1143,naturalistic/train/0105/0121/V03_S0102_I00000372_P1143,naturalistic/train/0105/0070/V03_S0102_I00000372_P1125,uniform_200,1179,V03,naturalistic,train,ipc_conversation,uniform random over renderable corpus rows,"{""avg_fps"": 29.97003, ""movement_mask_present"": false, ""npz_frames_min"": 5874, ""npz_status"": ""ok"", ""render_frames"": 300, ""uniform_draw"": 0.000374493, ""valid_frac_box"": 1.0, ""valid_frac_movement"": null, ""valid_frac_smplh"": 0.99983, ""video_nb_frames"": 5874}",render
item_067,uniform_200_067_V00_S1371_I00001078_P0557A_f0004286,V00_S1371_I00001078_P0557A,improvised/train/0031/0015/V00_S1371_I00001078_P0557A,improvised/train/0031/0052/V00_S1371_I00001078_P0682A,uniform_200,4286,V00,improvised,train,ipc_conversation,uniform random over renderable corpus rows,"{""avg_fps"": 30.0, ""movement_mask_present"": true, ""npz_frames_min"": 11280, ""npz_status"": ""ok"", ""render_frames"": 300, ""uniform_draw"": 0.000389365, ""valid_frac_box"": 1.0, ""valid_frac_movement"": 0.888298, ""valid_frac_smplh"": 1.0, ""video_nb_frames"": 11280}",render
item_068,uniform_200_068_V03_S0096_I00000373_P1216_f0000183,V03_S0096_I00000373_P1216,naturalistic/train/0105/0103/V03_S0096_I00000373_P1216,naturalistic/train/0105/0011/V03_S0096_I00000373_P1200,uniform_200,183,V03,naturalistic,train,ipc_conversation,uniform random over renderable corpus rows,"{""avg_fps"": 29.97003, ""movement_mask_present"": false, ""npz_frames_min"": 599, ""npz_status"": ""ok"", ""render_frames"": 300, ""uniform_draw"": 0.000389699, ""valid_frac_box"": 1.0, ""valid_frac_movement"": null, ""valid_frac_smplh"": 1.0, ""video_nb_frames"": 599}",render
item_069,uniform_200_069_V00_S0518_I00000536_P0658A_f0003318,V00_S0518_I00000536_P0658A,improvised/train/0011/0015/V00_S0518_I00000536_P0658A,improvised/train/0011/0015/V00_S0518_I00000536_P0348,uniform_200,3318,V00,improvised,train,ipc_conversation,uniform random over renderable corpus rows,"{""avg_fps"": 30.0, ""movement_mask_present"": true, ""npz_frames_min"": 8520, ""npz_status"": ""ok"", ""render_frames"": 300, ""uniform_draw"": 0.000395792, ""valid_frac_box"": 1.0, ""valid_frac_movement"": 0.647887, ""valid_frac_smplh"": 0.958451, ""video_nb_frames"": 8520}",render
item_070,uniform_200_070_V00_S0134_I00000536_P0003A_f0004713,V00_S0134_I00000536_P0003A,improvised/train/0002/0012/V00_S0134_I00000536_P0003A,improvised/train/0002/0034/V00_S0134_I00000536_P0195,uniform_200,4713,V00,improvised,train,ipc_conversation,uniform random over renderable corpus rows,"{""avg_fps"": 30.0, ""movement_mask_present"": true, ""npz_frames_min"": 6600, ""npz_status"": ""ok"", ""render_frames"": 300, ""uniform_draw"": 0.000399969, ""valid_frac_box"": 1.0, ""valid_frac_movement"": 1.0, ""valid_frac_smplh"": 1.0, ""video_nb_frames"": 6600}",render
item_071,uniform_200_071_V02_S3090_I00000307_P4069_f0003127,V02_S3090_I00000307_P4069,naturalistic/train/0047/0045/V02_S3090_I00000307_P4069,naturalistic/train/0047/0022/V02_S3090_I00000307_P4014,uniform_200,3127,V02,naturalistic,train,ipc_conversation,uniform random over renderable corpus rows,"{""avg_fps"": 30.0, ""movement_mask_present"": false, ""npz_frames_min"": 5880, ""npz_status"": ""ok"", ""render_frames"": 300, ""uniform_draw"": 0.000405818, ""valid_frac_box"": 1.0, ""valid_frac_movement"": null, ""valid_frac_smplh"": 0.998129, ""video_nb_frames"": 5880}",render
item_072,uniform_200_072_V00_S0572_I00000497_P0274_f0004048,V00_S0572_I00000497_P0274,naturalistic/train/0016/0022/V00_S0572_I00000497_P0274,naturalistic/train/0016/0025/V00_S0572_I00000497_P0720,uniform_200,4048,V00,naturalistic,train,grounded_gesture,uniform random over renderable corpus rows,"{""avg_fps"": 30.0, ""movement_mask_present"": true, ""npz_frames_min"": 8100, ""npz_status"": ""ok"", ""render_frames"": 300, ""uniform_draw"": 0.000408008, ""valid_frac_box"": 1.0, ""valid_frac_movement"": 1.0, ""valid_frac_smplh"": 0.995926, ""video_nb_frames"": 8100}",render
item_073,uniform_200_073_V02_S5138_I00000204_P5173_f0002163,V02_S5138_I00000204_P5173,naturalistic/train/0089/0008/V02_S5138_I00000204_P5173,naturalistic/train/0089/0002/V02_S5138_I00000204_P5134,uniform_200,2163,V02,naturalistic,train,ipc_conversation,uniform random over renderable corpus rows,"{""avg_fps"": 30.0, ""movement_mask_present"": false, ""npz_frames_min"": 5160, ""npz_status"": ""ok"", ""render_frames"": 300, ""uniform_draw"": 0.000412763, ""valid_frac_box"": 1.0, ""valid_frac_movement"": null, ""valid_frac_smplh"": 0.979651, ""video_nb_frames"": 5160}",render
item_074,uniform_200_074_V01_S0264_I00001235_P1567_f0002807,V01_S0264_I00001235_P1567,improvised/train/0052/0019/V01_S0264_I00001235_P1567,improvised/train/0052/0009/V01_S0264_I00001235_P1568,uniform_200,2807,V01,improvised,train,ipc_conversation,uniform random over renderable corpus rows,"{""avg_fps"": 29.97003, ""movement_mask_present"": false, ""npz_frames_min"": 4375, ""npz_status"": ""ok"", ""render_frames"": 300, ""uniform_draw"": 0.000417256, ""valid_frac_box"": 1.0, ""valid_frac_movement"": null, ""valid_frac_smplh"": 1.0, ""video_nb_frames"": 4375}",render
item_075,uniform_200_075_V03_S0769_I00000377_P1728_f0003898,V03_S0769_I00000377_P1728,naturalistic/train/0126/0035/V03_S0769_I00000377_P1728,naturalistic/train/0126/0118/V03_S0769_I00000377_P1725,uniform_200,3898,V03,naturalistic,train,ipc_conversation,uniform random over renderable corpus rows,"{""avg_fps"": 29.97003, ""movement_mask_present"": false, ""npz_frames_min"": 5395, ""npz_status"": ""ok"", ""render_frames"": 300, ""uniform_draw"": 0.000418841, ""valid_frac_box"": 1.0, ""valid_frac_movement"": null, ""valid_frac_smplh"": 1.0, ""video_nb_frames"": 5395}",render
item_076,uniform_200_076_V03_S0478_I00000059_P1810_f0004866,V03_S0478_I00000059_P1810,naturalistic/test/0002/0029/V03_S0478_I00000059_P1810,naturalistic/test/0002/0053/V03_S0478_I00000059_P1811,uniform_200,4866,V03,naturalistic,test,ipc_conversation,uniform random over renderable corpus rows,"{""avg_fps"": 30.0, ""movement_mask_present"": false, ""npz_frames_min"": 9000, ""npz_status"": ""ok"", ""render_frames"": 300, ""uniform_draw"": 0.000425843, ""valid_frac_box"": 1.0, ""valid_frac_movement"": null, ""valid_frac_smplh"": 0.992222, ""video_nb_frames"": 9000}",render
item_077,uniform_200_077_V03_S0505_I00000484_P1505_f0005034,V03_S0505_I00000484_P1505,naturalistic/train/0122/0101/V03_S0505_I00000484_P1505,naturalistic/train/0122/0054/V03_S0505_I00000484_P1507,uniform_200,5034,V03,naturalistic,train,ipc_conversation,uniform random over renderable corpus rows,"{""avg_fps"": 29.97003, ""movement_mask_present"": false, ""npz_frames_min"": 7972, ""npz_status"": ""ok"", ""render_frames"": 300, ""uniform_draw"": 0.000431331, ""valid_frac_box"": 1.0, ""valid_frac_movement"": null, ""valid_frac_smplh"": 0.568364, ""video_nb_frames"": 7973}",render
item_078,uniform_200_078_V00_S0327_I00000135_P0383_f0001595,V00_S0327_I00000135_P0383,naturalistic/train/0008/0000/V00_S0327_I00000135_P0383,naturalistic/train/0008/0043/V00_S0327_I00000135_P0150A,uniform_200,1595,V00,naturalistic,train,collaborative_storytelling,uniform random over renderable corpus rows,"{""avg_fps"": 30.0, ""movement_mask_present"": true, ""npz_frames_min"": 3480, ""npz_status"": ""ok"", ""render_frames"": 300, ""uniform_draw"": 0.000432796, ""valid_frac_box"": 1.0, ""valid_frac_movement"": 0.948276, ""valid_frac_smplh"": 0.988506, ""video_nb_frames"": 3480}",render
item_079,uniform_200_079_V03_S2083_I00000223_P4277_f0000297,V03_S2083_I00000223_P4277,naturalistic/train/0179/0093/V03_S2083_I00000223_P4277,naturalistic/train/0179/0147/V03_S2083_I00000223_P2204,uniform_200,297,V03,naturalistic,train,ipc_conversation,uniform random over renderable corpus rows,"{""avg_fps"": 29.97003, ""movement_mask_present"": false, ""npz_frames_min"": 2937, ""npz_status"": ""ok"", ""render_frames"": 300, ""uniform_draw"": 0.000437727, ""valid_frac_box"": 1.0, ""valid_frac_movement"": null, ""valid_frac_smplh"": 0.537283, ""video_nb_frames"": 2937}",render
item_080,uniform_200_080_V03_S1323_I00000310_P3265_f0006656,V03_S1323_I00000310_P3265,naturalistic/train/0145/0115/V03_S1323_I00000310_P3265,naturalistic/train/0145/0119/V03_S1323_I00000310_P1425,uniform_200,6656,V03,naturalistic,train,grounded_gesture,uniform random over renderable corpus rows,"{""avg_fps"": 29.97003, ""movement_mask_present"": false, ""npz_frames_min"": 7133, ""npz_status"": ""ok"", ""render_frames"": 300, ""uniform_draw"": 0.000437742, ""valid_frac_box"": 1.0, ""valid_frac_movement"": null, ""valid_frac_smplh"": 0.97799, ""video_nb_frames"": 7133}",render
item_081,uniform_200_081_V03_S0451_I00000193_P2126_f0002481,V03_S0451_I00000193_P2126,naturalistic/train/0120/0127/V03_S0451_I00000193_P2126,naturalistic/train/0120/0135/V03_S0451_I00000193_P2127,uniform_200,2481,V03,naturalistic,train,ipc_conversation,uniform random over renderable corpus rows,"{""avg_fps"": 29.97003, ""movement_mask_present"": false, ""npz_frames_min"": 6773, ""npz_status"": ""ok"", ""render_frames"": 300, ""uniform_draw"": 0.000441393, ""valid_frac_box"": 1.0, ""valid_frac_movement"": null, ""valid_frac_smplh"": 0.873025, ""video_nb_frames"": 6774}",render
item_082,uniform_200_082_V03_S0295_I00000064_P1375_f0002431,V03_S0295_I00000064_P1375,naturalistic/train/0114/0107/V03_S0295_I00000064_P1375,naturalistic/train/0114/0029/V03_S0295_I00000064_P1429,uniform_200,2431,V03,naturalistic,train,ipc_conversation,uniform random over renderable corpus rows,"{""avg_fps"": 29.97003, ""movement_mask_present"": false, ""npz_frames_min"": 3237, ""npz_status"": ""ok"", ""render_frames"": 300, ""uniform_draw"": 0.000467522, ""valid_frac_box"": 1.0, ""valid_frac_movement"": null, ""valid_frac_smplh"": 1.0, ""video_nb_frames"": 3237}",render
item_083,uniform_200_083_V02_S3439_I00000320_P4195_f0001044,V02_S3439_I00000320_P4195,naturalistic/train/0068/0049/V02_S3439_I00000320_P4195,naturalistic/train/0068/0013/V02_S3439_I00000320_P4178,uniform_200,1044,V02,naturalistic,train,ipc_conversation,uniform random over renderable corpus rows,"{""avg_fps"": 30.0, ""movement_mask_present"": false, ""npz_frames_min"": 5880, ""npz_status"": ""ok"", ""render_frames"": 300, ""uniform_draw"": 0.000472077, ""valid_frac_box"": 1.0, ""valid_frac_movement"": null, ""valid_frac_smplh"": 0.991497, ""video_nb_frames"": 5880}",render
item_084,uniform_200_084_V03_S1359_I00000063_P4147_f0013266,V03_S1359_I00000063_P4147,naturalistic/train/0147/0065/V03_S1359_I00000063_P4147,naturalistic/train/0147/0086/V03_S1359_I00000063_P4146,uniform_200,13266,V03,naturalistic,train,ipc_conversation,uniform random over renderable corpus rows,"{""avg_fps"": 29.968114, ""movement_mask_present"": false, ""npz_frames_min"": 15645, ""npz_status"": ""ok"", ""render_frames"": 300, ""uniform_draw"": 0.000477873, ""valid_frac_box"": 1.0, ""valid_frac_movement"": null, ""valid_frac_smplh"": 0.717226, ""video_nb_frames"": 15644}",render
item_085,uniform_200_085_V00_S0589_I00000501_P0742_f0000475,V00_S0589_I00000501_P0742,naturalistic/test/0000/0010/V00_S0589_I00000501_P0742,naturalistic/test/0000/0001/V00_S0589_I00000501_P0743,uniform_200,475,V00,naturalistic,test,ipc_conversation,uniform random over renderable corpus rows,"{""avg_fps"": 30.0, ""movement_mask_present"": true, ""npz_frames_min"": 4560, ""npz_status"": ""ok"", ""render_frames"": 300, ""uniform_draw"": 0.000488129, ""valid_frac_box"": 1.0, ""valid_frac_movement"": 1.0, ""valid_frac_smplh"": 1.0, ""video_nb_frames"": 4560}",render
item_086,uniform_200_086_V00_S0114_I00000381_P0165_f0001633,V00_S0114_I00000381_P0165,naturalistic/train/0002/0004/V00_S0114_I00000381_P0165,naturalistic/train/0002/0032/V00_S0114_I00000381_P0166,uniform_200,1633,V00,naturalistic,train,ipc_conversation,uniform random over renderable corpus rows,"{""avg_fps"": 30.0, ""movement_mask_present"": true, ""npz_frames_min"": 3180, ""npz_status"": ""ok"", ""render_frames"": 300, ""uniform_draw"": 0.000495982, ""valid_frac_box"": 1.0, ""valid_frac_movement"": 0.962264, ""valid_frac_smplh"": 1.0, ""video_nb_frames"": 3180}",render
item_087,uniform_200_087_V03_S0069_I00000538_P1158_f0001842,V03_S0069_I00000538_P1158,naturalistic/train/0104/0023/V03_S0069_I00000538_P1158,naturalistic/train/0104/0126/V03_S0069_I00000538_P1159,uniform_200,1842,V03,naturalistic,train,ipc_conversation,uniform random over renderable corpus rows,"{""avg_fps"": 29.97003, ""movement_mask_present"": false, ""npz_frames_min"": 3177, ""npz_status"": ""ok"", ""render_frames"": 300, ""uniform_draw"": 0.000505509, ""valid_frac_box"": 1.0, ""valid_frac_movement"": null, ""valid_frac_smplh"": 0.999056, ""video_nb_frames"": 3177}",render
item_088,uniform_200_088_V01_S0470_I00001012_P1719_f0000795,V01_S0470_I00001012_P1719,improvised/train/0054/0008/V01_S0470_I00001012_P1719,improvised/train/0054/0011/V01_S0470_I00001012_P1775,uniform_200,795,V01,improvised,train,ipc_conversation,uniform random over renderable corpus rows,"{""avg_fps"": 29.97003, ""movement_mask_present"": false, ""npz_frames_min"": 7013, ""npz_status"": ""ok"", ""render_frames"": 300, ""uniform_draw"": 0.00052568, ""valid_frac_box"": 1.0, ""valid_frac_movement"": null, ""valid_frac_smplh"": 1.0, ""video_nb_frames"": 7013}",render
item_089,uniform_200_089_V02_S3340_I00000105_P4157_f0000714,V02_S3340_I00000105_P4157,naturalistic/train/0062/0044/V02_S3340_I00000105_P4157,naturalistic/train/0062/0045/V02_S3340_I00000105_P4153,uniform_200,714,V02,naturalistic,train,ipc_conversation,uniform random over renderable corpus rows,"{""avg_fps"": 30.0, ""movement_mask_present"": false, ""npz_frames_min"": 5700, ""npz_status"": ""ok"", ""render_frames"": 300, ""uniform_draw"": 0.000530311, ""valid_frac_box"": 1.0, ""valid_frac_movement"": null, ""valid_frac_smplh"": 1.0, ""video_nb_frames"": 5700}",render
item_090,uniform_200_090_V01_S1541_I00000309_P2523_f0004339,V01_S1541_I00000309_P2523,naturalistic/train/0042/0058/V01_S1541_I00000309_P2523,naturalistic/train/0042/0039/V01_S1541_I00000309_P2522,uniform_200,4339,V01,naturalistic,train,ipc_conversation,uniform random over renderable corpus rows,"{""avg_fps"": 29.97003, ""movement_mask_present"": false, ""npz_frames_min"": 5155, ""npz_status"": ""ok"", ""render_frames"": 300, ""uniform_draw"": 0.000538707, ""valid_frac_box"": 1.0, ""valid_frac_movement"": null, ""valid_frac_smplh"": 0.97808, ""video_nb_frames"": 5155}",render
item_091,uniform_200_091_V00_S1244_I00001000_P0320A_f0003176,V00_S1244_I00001000_P0320A,improvised/train/0028/0053/V00_S1244_I00001000_P0320A,improvised/train/0028/0024/V00_S1244_I00001000_P0120A,uniform_200,3176,V00,improvised,train,ipc_conversation,uniform random over renderable corpus rows,"{""avg_fps"": 30.0, ""movement_mask_present"": true, ""npz_frames_min"": 11040, ""npz_status"": ""ok"", ""render_frames"": 300, ""uniform_draw"": 0.000540372, ""valid_frac_box"": 0.996105, ""valid_frac_movement"": 0.983696, ""valid_frac_smplh"": 0.987591, ""video_nb_frames"": 11040}",render
item_092,uniform_200_092_V00_S1243_I00000106_P0871A_f0007527,V00_S1243_I00000106_P0871A,improvised/train/0028/0061/V00_S1243_I00000106_P0871A,improvised/train/0028/0041/V00_S1243_I00000106_P0193A,uniform_200,7527,V00,improvised,train,ipc_conversation,uniform random over renderable corpus rows,"{""avg_fps"": 30.0, ""movement_mask_present"": true, ""npz_frames_min"": 8280, ""npz_status"": ""ok"", ""render_frames"": 300, ""uniform_draw"": 0.000547099, ""valid_frac_box"": 1.0, ""valid_frac_movement"": 0.978261, ""valid_frac_smplh"": 0.992391, ""video_nb_frames"": 8280}",render
item_093,uniform_200_093_V00_S0410_I00000917_P0107A_f0005216,V00_S0410_I00000917_P0107A,improvised/train/0009/0037/V00_S0410_I00000917_P0107A,improvised/train/0009/0020/V00_S0410_I00000917_P0229A,uniform_200,5216,V00,improvised,train,ipc_conversation,uniform random over renderable corpus rows,"{""avg_fps"": 30.0, ""movement_mask_present"": true, ""npz_frames_min"": 9120, ""npz_status"": ""ok"", ""render_frames"": 300, ""uniform_draw"": 0.000553906, ""valid_frac_box"": 1.0, ""valid_frac_movement"": 0.802632, ""valid_frac_smplh"": 0.998355, ""video_nb_frames"": 9120}",render
item_094,uniform_200_094_V02_S5154_I00000197_P5161_f0003302,V02_S5154_I00000197_P5161,naturalistic/train/0090/0024/V02_S5154_I00000197_P5161,naturalistic/train/0090/0042/V02_S5154_I00000197_P5193,uniform_200,3302,V02,naturalistic,train,ipc_conversation,uniform random over renderable corpus rows,"{""avg_fps"": 30.0, ""movement_mask_present"": false, ""npz_frames_min"": 4980, ""npz_status"": ""ok"", ""render_frames"": 300, ""uniform_draw"": 0.000560937, ""valid_frac_box"": 1.0, ""valid_frac_movement"": null, ""valid_frac_smplh"": 0.969277, ""video_nb_frames"": 4980}",render
item_095,uniform_200_095_V03_S0429_I00000355_P2311_f0000922,V03_S0429_I00000355_P2311,naturalistic/train/0120/0116/V03_S0429_I00000355_P2311,naturalistic/train/0120/0052/V03_S0429_I00000355_P2365,uniform_200,922,V03,naturalistic,train,ipc_conversation,uniform random over renderable corpus rows,"{""avg_fps"": 29.97003, ""movement_mask_present"": false, ""npz_frames_min"": 4435, ""npz_status"": ""ok"", ""render_frames"": 300, ""uniform_draw"": 0.000581689, ""valid_frac_box"": 1.0, ""valid_frac_movement"": null, ""valid_frac_smplh"": 0.850733, ""video_nb_frames"": 4435}",render
item_096,uniform_200_096_V00_S0270_I00000131_P0006A_f0003449,V00_S0270_I00000131_P0006A,improvised/train/0006/0039/V00_S0270_I00000131_P0006A,improvised/train/0006/0005/V00_S0270_I00000131_P0369,uniform_200,3449,V00,improvised,train,ipc_conversation,uniform random over renderable corpus rows,"{""avg_fps"": 30.0, ""movement_mask_present"": true, ""npz_frames_min"": 6360, ""npz_status"": ""ok"", ""render_frames"": 300, ""uniform_draw"": 0.000584234, ""valid_frac_box"": 1.0, ""valid_frac_movement"": 0.943396, ""valid_frac_smplh"": 1.0, ""video_nb_frames"": 6360}",render
item_097,uniform_200_097_V02_S3557_I00000339_P4192_f0003900,V02_S3557_I00000339_P4192,naturalistic/train/0075/0010/V02_S3557_I00000339_P4192,naturalistic/train/0075/0047/V02_S3557_I00000339_P4152,uniform_200,3900,V02,naturalistic,train,ipc_conversation,uniform random over renderable corpus rows,"{""avg_fps"": 30.0, ""movement_mask_present"": false, ""npz_frames_min"": 5700, ""npz_status"": ""ok"", ""render_frames"": 300, ""uniform_draw"": 0.000593696, ""valid_frac_box"": 1.0, ""valid_frac_movement"": null, ""valid_frac_smplh"": 1.0, ""video_nb_frames"": 5700}",render
item_098,uniform_200_098_V03_S1722_I00000076_P1892_f0000234,V03_S1722_I00000076_P1892,naturalistic/train/0164/0027/V03_S1722_I00000076_P1892,naturalistic/train/0164/0060/V03_S1722_I00000076_P1369,uniform_200,234,V03,naturalistic,train,grounded_gesture,uniform random over renderable corpus rows,"{""avg_fps"": 29.97003, ""movement_mask_present"": false, ""npz_frames_min"": 3956, ""npz_status"": ""ok"", ""render_frames"": 300, ""uniform_draw"": 0.000626194, ""valid_frac_box"": 1.0, ""valid_frac_movement"": null, ""valid_frac_smplh"": 0.173155, ""video_nb_frames"": 3957}",render
item_099,uniform_200_099_V01_S1544_I00000130_P2531_f0001317,V01_S1544_I00000130_P2531,naturalistic/train/0042/0010/V01_S1544_I00000130_P2531,naturalistic/train/0042/0043/V01_S1544_I00000130_P2532,uniform_200,1317,V01,naturalistic,train,ipc_conversation,uniform random over renderable corpus rows,"{""avg_fps"": 29.97003, ""movement_mask_present"": false, ""npz_frames_min"": 3177, ""npz_status"": ""ok"", ""render_frames"": 300, ""uniform_draw"": 0.000639224, ""valid_frac_box"": 1.0, ""valid_frac_movement"": null, ""valid_frac_smplh"": 0.996852, ""video_nb_frames"": 3176}",render
item_100,uniform_200_100_V03_S1170_I00000319_P3733_f0007748,V03_S1170_I00000319_P3733,naturalistic/train/0138/0019/V03_S1170_I00000319_P3733,naturalistic/train/0138/0094/V03_S1170_I00000319_P3732,uniform_200,7748,V03,naturalistic,train,ipc_conversation,uniform random over renderable corpus rows,"{""avg_fps"": 29.97003, ""movement_mask_present"": false, ""npz_frames_min"": 8092, ""npz_status"": ""ok"", ""render_frames"": 300, ""uniform_draw"": 0.000644354, ""valid_frac_box"": 1.0, ""valid_frac_movement"": null, ""valid_frac_smplh"": 0.896688, ""video_nb_frames"": 8091}",render
item_101,uniform_200_101_V03_S1744_I00000204_P5010_f0000898,V03_S1744_I00000204_P5010,naturalistic/train/0165/0080/V03_S1744_I00000204_P5010,naturalistic/train/0165/0011/V03_S1744_I00000204_P4683,uniform_200,898,V03,naturalistic,train,ipc_conversation,uniform random over renderable corpus rows,"{""avg_fps"": 29.97003, ""movement_mask_present"": false, ""npz_frames_min"": 12227, ""npz_status"": ""ok"", ""render_frames"": 300, ""uniform_draw"": 0.000649497, ""valid_frac_box"": 1.0, ""valid_frac_movement"": null, ""valid_frac_smplh"": 0.988714, ""video_nb_frames"": 12227}",render
item_102,uniform_200_102_V00_S1373_I00000680_P0241A_f0008190,V00_S1373_I00000680_P0241A,improvised/train/0031/0046/V00_S1373_I00000680_P0241A,improvised/train/0031/0058/V00_S1373_I00000680_P0388A,uniform_200,8190,V00,improvised,train,ipc_conversation,uniform random over renderable corpus rows,"{""avg_fps"": 30.0, ""movement_mask_present"": true, ""npz_frames_min"": 10080, ""npz_status"": ""ok"", ""render_frames"": 300, ""uniform_draw"": 0.000650926, ""valid_frac_box"": 1.0, ""valid_frac_movement"": 1.0, ""valid_frac_smplh"": 1.0, ""video_nb_frames"": 10080}",render
item_103,uniform_200_103_V00_S1153_I00001208_P1099A_f0000367,V00_S1153_I00001208_P1099A,improvised/train/0025/0013/V00_S1153_I00001208_P1099A,improvised/train/0025/0036/V00_S1153_I00001208_P0041A,uniform_200,367,V00,improvised,train,ipc_conversation,uniform random over renderable corpus rows,"{""avg_fps"": 30.0, ""movement_mask_present"": true, ""npz_frames_min"": 8820, ""npz_status"": ""ok"", ""render_frames"": 300, ""uniform_draw"": 0.000669458, ""valid_frac_box"": 1.0, ""valid_frac_movement"": 0.020408, ""valid_frac_smplh"": 0.986961, ""video_nb_frames"": 8820}",render
item_104,uniform_200_104_V00_S1883_I00000054_P1194_f0001603,V00_S1883_I00000054_P1194,naturalistic/train/0030/0009/V00_S1883_I00000054_P1194,naturalistic/train/0030/0031/V00_S1883_I00000054_P0058,uniform_200,1603,V00,naturalistic,train,ipc_conversation,uniform random over renderable corpus rows,"{""avg_fps"": 30.0, ""movement_mask_present"": true, ""npz_frames_min"": 4140, ""npz_status"": ""ok"", ""render_frames"": 300, ""uniform_draw"": 0.000675453, ""valid_frac_box"": 1.0, ""valid_frac_movement"": 0.985507, ""valid_frac_smplh"": 1.0, ""video_nb_frames"": 4140}",render
item_105,uniform_200_105_V00_S1604_I00001101_P0388A_f0000468,V00_S1604_I00001101_P0388A,improvised/train/0038/0010/V00_S1604_I00001101_P0388A,improvised/train/0038/0032/V00_S1604_I00001101_P0124A,uniform_200,468,V00,improvised,train,ipc_conversation,uniform random over renderable corpus rows,"{""avg_fps"": 30.0, ""movement_mask_present"": true, ""npz_frames_min"": 10080, ""npz_status"": ""ok"", ""render_frames"": 300, ""uniform_draw"": 0.000685199, ""valid_frac_box"": 1.0, ""valid_frac_movement"": 0.886905, ""valid_frac_smplh"": 1.0, ""video_nb_frames"": 10080}",render
item_106,uniform_200_106_V01_S0165_I00000126_P1302_f0002271,V01_S0165_I00000126_P1302,naturalistic/train/0038/0030/V01_S0165_I00000126_P1302,naturalistic/train/0038/0013/V01_S0165_I00000126_P1303,uniform_200,2271,V01,naturalistic,train,ipc_conversation,uniform random over renderable corpus rows,"{""avg_fps"": 29.97003, ""movement_mask_present"": false, ""npz_frames_min"": 5994, ""npz_status"": ""ok"", ""render_frames"": 300, ""uniform_draw"": 0.00068632, ""valid_frac_box"": 1.0, ""valid_frac_movement"": null, ""valid_frac_smplh"": 0.586086, ""video_nb_frames"": 5994}",render
item_107,uniform_200_107_V00_S0105_I00000372_P0154_f0003377,V00_S0105_I00000372_P0154,improvised/train/0002/0013/V00_S0105_I00000372_P0154,improvised/train/0002/0025/V00_S0105_I00000372_P0059A,uniform_200,3377,V00,improvised,train,ipc_conversation,uniform random over renderable corpus rows,"{""avg_fps"": 30.0, ""movement_mask_present"": true, ""npz_frames_min"": 6360, ""npz_status"": ""ok"", ""render_frames"": 300, ""uniform_draw"": 0.000690914, ""valid_frac_box"": 1.0, ""valid_frac_movement"": 0.981132, ""valid_frac_smplh"": 0.988365, ""video_nb_frames"": 6360}",render
item_108,uniform_200_108_V02_S5071_I00000204_P5060_f0001612,V02_S5071_I00000204_P5060,naturalistic/train/0085/0003/V02_S5071_I00000204_P5060,naturalistic/train/0085/0019/V02_S5071_I00000204_P5090,uniform_200,1612,V02,naturalistic,train,ipc_conversation,uniform random over renderable corpus rows,"{""avg_fps"": 30.0, ""movement_mask_present"": false, ""npz_frames_min"": 4980, ""npz_status"": ""ok"", ""render_frames"": 300, ""uniform_draw"": 0.00069806, ""valid_frac_box"": 1.0, ""valid_frac_movement"": null, ""valid_frac_smplh"": 1.0, ""video_nb_frames"": 4980}",render
item_109,uniform_200_109_V01_S0608_I00001310_P1805_f0001590,V01_S0608_I00001310_P1805,improvised/train/0057/0031/V01_S0608_I00001310_P1805,improvised/train/0057/0014/V01_S0608_I00001310_P1015,uniform_200,1590,V01,improvised,train,grounded_gesture,uniform random over renderable corpus rows,"{""avg_fps"": 29.97003, ""movement_mask_present"": false, ""npz_frames_min"": 5958, ""npz_status"": ""ok"", ""render_frames"": 300, ""uniform_draw"": 0.000710238, ""valid_frac_box"": 1.0, ""valid_frac_movement"": null, ""valid_frac_smplh"": 0.999496, ""video_nb_frames"": 5957}",render
item_110,uniform_200_110_V03_S0691_I00000068_P1941_f0003883,V03_S0691_I00000068_P1941,naturalistic/train/0124/0013/V03_S0691_I00000068_P1941,naturalistic/train/0124/0037/V03_S0691_I00000068_P1331,uniform_200,3883,V03,naturalistic,train,ipc_conversation,uniform random over renderable corpus rows,"{""avg_fps"": 29.97003, ""movement_mask_present"": false, ""npz_frames_min"": 6653, ""npz_status"": ""ok"", ""render_frames"": 300, ""uniform_draw"": 0.000714771, ""valid_frac_box"": 1.0, ""valid_frac_movement"": null, ""valid_frac_smplh"": 0.964978, ""video_nb_frames"": 6654}",render
item_111,uniform_200_111_V03_S1927_I00000008_P5145_f0001808,V03_S1927_I00000008_P5145,naturalistic/train/0172/0062/V03_S1927_I00000008_P5145,naturalistic/train/0172/0011/V03_S1927_I00000008_P5404,uniform_200,1808,V03,naturalistic,train,ipc_conversation,uniform random over renderable corpus rows,"{""avg_fps"": 29.97003, ""movement_mask_present"": false, ""npz_frames_min"": 15465, ""npz_status"": ""ok"", ""render_frames"": 300, ""uniform_draw"": 0.000723783, ""valid_frac_box"": 1.0, ""valid_frac_movement"": null, ""valid_frac_smplh"": 0.211251, ""video_nb_frames"": 15464}",render
item_112,uniform_200_112_V03_S0486_I00000056_P1773_f0003340,V03_S0486_I00000056_P1773,naturalistic/train/0122/0069/V03_S0486_I00000056_P1773,naturalistic/train/0122/0090/V03_S0486_I00000056_P2292,uniform_200,3340,V03,naturalistic,train,ipc_conversation,uniform random over renderable corpus rows,"{""avg_fps"": 29.97003, ""movement_mask_present"": false, ""npz_frames_min"": 3896, ""npz_status"": ""ok"", ""render_frames"": 300, ""uniform_draw"": 0.000731437, ""valid_frac_box"": 0.978696, ""valid_frac_movement"": null, ""valid_frac_smplh"": 0.778747, ""video_nb_frames"": 3896}",render
item_113,uniform_200_113_V03_S2022_I00000092_P5479_f0000507,V03_S2022_I00000092_P5479,naturalistic/train/0176/0052/V03_S2022_I00000092_P5479,naturalistic/train/0176/0059/V03_S2022_I00000092_P5478,uniform_200,507,V03,naturalistic,train,ipc_conversation,uniform random over renderable corpus rows,"{""avg_fps"": 29.97003, ""movement_mask_present"": false, ""npz_frames_min"": 7732, ""npz_status"": ""ok"", ""render_frames"": 300, ""uniform_draw"": 0.000735687, ""valid_frac_box"": 1.0, ""valid_frac_movement"": null, ""valid_frac_smplh"": 0.996896, ""video_nb_frames"": 7732}",render
item_114,uniform_200_114_V00_S0048_I00000371_P0074_f0004110,V00_S0048_I00000371_P0074,naturalistic/train/0000/0006/V00_S0048_I00000371_P0074,naturalistic/train/0000/0021/V00_S0048_I00000371_P0073,uniform_200,4110,V00,naturalistic,train,ipc_conversation,uniform random over renderable corpus rows,"{""avg_fps"": 30.0, ""movement_mask_present"": true, ""npz_frames_min"": 5460, ""npz_status"": ""ok"", ""render_frames"": 300, ""uniform_draw"": 0.000747225, ""valid_frac_box"": 1.0, ""valid_frac_movement"": 1.0, ""valid_frac_smplh"": 1.0, ""video_nb_frames"": 5460}",render
item_115,uniform_200_115_V03_S1509_I00000286_P4264_f0001795,V03_S1509_I00000286_P4264,naturalistic/train/0153/0069/V03_S1509_I00000286_P4264,naturalistic/train/0153/0121/V03_S1509_I00000286_P3884,uniform_200,1795,V03,naturalistic,train,ipc_conversation,uniform random over renderable corpus rows,"{""avg_fps"": 29.97003, ""movement_mask_present"": false, ""npz_frames_min"": 6533, ""npz_status"": ""ok"", ""render_frames"": 300, ""uniform_draw"": 0.000748619, ""valid_frac_box"": 1.0, ""valid_frac_movement"": null, ""valid_frac_smplh"": 0.859483, ""video_nb_frames"": 6533}",render
item_116,uniform_200_116_V02_S3417_I00000072_P4187_f0004131,V02_S3417_I00000072_P4187,naturalistic/train/0066/0020/V02_S3417_I00000072_P4187,naturalistic/train/0066/0006/V02_S3417_I00000072_P4195,uniform_200,4131,V02,naturalistic,train,ipc_conversation,uniform random over renderable corpus rows,"{""avg_fps"": 30.0, ""movement_mask_present"": false, ""npz_frames_min"": 5940, ""npz_status"": ""ok"", ""render_frames"": 300, ""uniform_draw"": 0.000758463, ""valid_frac_box"": 1.0, ""valid_frac_movement"": null, ""valid_frac_smplh"": 0.989899, ""video_nb_frames"": 5940}",render
item_117,uniform_200_117_V02_S5027_I00000131_P5029_f0001140,V02_S5027_I00000131_P5029,naturalistic/train/0082/0008/V02_S5027_I00000131_P5029,naturalistic/train/0082/0008/V02_S5027_I00000131_P5034,uniform_200,1140,V02,naturalistic,train,ipc_conversation,uniform random over renderable corpus rows,"{""avg_fps"": 30.0, ""movement_mask_present"": false, ""npz_frames_min"": 5040, ""npz_status"": ""ok"", ""render_frames"": 300, ""uniform_draw"": 0.000759684, ""valid_frac_box"": 1.0, ""valid_frac_movement"": null, ""valid_frac_smplh"": 0.997222, ""video_nb_frames"": 5040}",render
item_118,uniform_200_118_V03_S0145_I00000126_P1313_f0000129,V03_S0145_I00000126_P1313,naturalistic/train/0107/0038/V03_S0145_I00000126_P1313,naturalistic/train/0107/0091/V03_S0145_I00000126_P1291,uniform_200,129,V03,naturalistic,train,ipc_conversation,uniform random over renderable corpus rows,"{""avg_fps"": 29.97003, ""movement_mask_present"": false, ""npz_frames_min"": 7133, ""npz_status"": ""ok"", ""render_frames"": 300, ""uniform_draw"": 0.000775417, ""valid_frac_box"": 1.0, ""valid_frac_movement"": null, ""valid_frac_smplh"": 1.0, ""video_nb_frames"": 7133}",render
item_119,uniform_200_119_V01_S0751_I00001216_P1728_f0002586,V01_S0751_I00001216_P1728,improvised/train/0058/0039/V01_S0751_I00001216_P1728,improvised/train/0058/0027/V01_S0751_I00001216_P1763,uniform_200,2586,V01,improvised,train,ipc_conversation,uniform random over renderable corpus rows,"{""avg_fps"": 29.97003, ""movement_mask_present"": false, ""npz_frames_min"": 7793, ""npz_status"": ""ok"", ""render_frames"": 300, ""uniform_draw"": 0.000786008, ""valid_frac_box"": 1.0, ""valid_frac_movement"": null, ""valid_frac_smplh"": 0.999102, ""video_nb_frames"": 7793}",render
item_120,uniform_200_120_V02_S3437_I00000064_P4142_f0002369,V02_S3437_I00000064_P4142,naturalistic/train/0068/0051/V02_S3437_I00000064_P4142,naturalistic/train/0068/0048/V02_S3437_I00000064_P4160,uniform_200,2369,V02,naturalistic,train,ipc_conversation,uniform random over renderable corpus rows,"{""avg_fps"": 30.0, ""movement_mask_present"": false, ""npz_frames_min"": 5940, ""npz_status"": ""ok"", ""render_frames"": 300, ""uniform_draw"": 0.000789154, ""valid_frac_box"": 1.0, ""valid_frac_movement"": null, ""valid_frac_smplh"": 0.999327, ""video_nb_frames"": 5940}",render
item_121,uniform_200_121_V00_S1065_I00001227_P0210A_f0004665,V00_S1065_I00001227_P0210A,improvised/train/0023/0037/V00_S1065_I00001227_P0210A,improvised/train/0023/0042/V00_S1065_I00001227_P0397A,uniform_200,4665,V00,improvised,train,ipc_conversation,uniform random over renderable corpus rows,"{""avg_fps"": 30.0, ""movement_mask_present"": true, ""npz_frames_min"": 8760, ""npz_status"": ""ok"", ""render_frames"": 300, ""uniform_draw"": 0.000791396, ""valid_frac_box"": 1.0, ""valid_frac_movement"": 1.0, ""valid_frac_smplh"": 0.994064, ""video_nb_frames"": 8760}",render
item_122,uniform_200_122_V03_S1368_I00000305_P3543_f0000544,V03_S1368_I00000305_P3543,naturalistic/train/0147/0109/V03_S1368_I00000305_P3543,naturalistic/train/0147/0033/V03_S1368_I00000305_P4228,uniform_200,544,V03,naturalistic,train,ipc_conversation,uniform random over renderable corpus rows,"{""avg_fps"": 29.97003, ""movement_mask_present"": false, ""npz_frames_min"": 2937, ""npz_status"": ""ok"", ""render_frames"": 300, ""uniform_draw"": 0.00079267, ""valid_frac_box"": 1.0, ""valid_frac_movement"": null, ""valid_frac_smplh"": 0.934627, ""video_nb_frames"": 2937}",render
item_123,uniform_200_123_V03_S1741_I00000008_P5001_f0011325,V03_S1741_I00000008_P5001,naturalistic/train/0165/0158/V03_S1741_I00000008_P5001,naturalistic/train/0165/0057/V03_S1741_I00000008_P1684,uniform_200,11325,V03,naturalistic,train,ipc_conversation,uniform random over renderable corpus rows,"{""avg_fps"": 29.97003, ""movement_mask_present"": false, ""npz_frames_min"": 14205, ""npz_status"": ""ok"", ""render_frames"": 300, ""uniform_draw"": 0.000795865, ""valid_frac_box"": 1.0, ""valid_frac_movement"": null, ""valid_frac_smplh"": 1.0, ""video_nb_frames"": 14205}",render
item_124,uniform_200_124_V03_S1787_I00000406_P4815_f0005558,V03_S1787_I00000406_P4815,naturalistic/train/0167/0005/V03_S1787_I00000406_P4815,naturalistic/train/0167/0099/V03_S1787_I00000406_P4354,uniform_200,5558,V03,naturalistic,train,ipc_conversation,uniform random over renderable corpus rows,"{""avg_fps"": 29.97003, ""movement_mask_present"": false, ""npz_frames_min"": 13607, ""npz_status"": ""ok"", ""render_frames"": 300, ""uniform_draw"": 0.00080448, ""valid_frac_box"": 1.0, ""valid_frac_movement"": null, ""valid_frac_smplh"": 0.999265, ""video_nb_frames"": 13607}",render
item_125,uniform_200_125_V00_S0198_I00000582_P0269_f0001690,V00_S0198_I00000582_P0269,improvised/train/0004/0013/V00_S0198_I00000582_P0269,improvised/train/0004/0002/V00_S0198_I00000582_P0005A,uniform_200,1690,V00,improvised,train,ipc_conversation,uniform random over renderable corpus rows,"{""avg_fps"": 30.0, ""movement_mask_present"": true, ""npz_frames_min"": 3300, ""npz_status"": ""ok"", ""render_frames"": 300, ""uniform_draw"": 0.000811706, ""valid_frac_box"": 1.0, ""valid_frac_movement"": 0.890909, ""valid_frac_smplh"": 1.0, ""video_nb_frames"": 3300}",render
item_126,uniform_200_126_V00_S1122_I00000237_P1088_f0001085,V00_S1122_I00000237_P1088,naturalistic/train/0026/0011/V00_S1122_I00000237_P1088,naturalistic/train/0026/0037/V00_S1122_I00000237_P1089,uniform_200,1085,V00,naturalistic,train,ipc_conversation,uniform random over renderable corpus rows,"{""avg_fps"": 30.0, ""movement_mask_present"": true, ""npz_frames_min"": 4320, ""npz_status"": ""ok"", ""render_frames"": 300, ""uniform_draw"": 0.00081184, ""valid_frac_box"": 1.0, ""valid_frac_movement"": 1.0, ""valid_frac_smplh"": 1.0, ""video_nb_frames"": 4320}",render
item_127,uniform_200_127_V02_S3294_I00000387_P4152_f0004719,V02_S3294_I00000387_P4152,naturalistic/train/0059/0017/V02_S3294_I00000387_P4152,naturalistic/train/0059/0056/V02_S3294_I00000387_P4151,uniform_200,4719,V02,naturalistic,train,ipc_conversation,uniform random over renderable corpus rows,"{""avg_fps"": 30.0, ""movement_mask_present"": false, ""npz_frames_min"": 5640, ""npz_status"": ""ok"", ""render_frames"": 300, ""uniform_draw"": 0.000818002, ""valid_frac_box"": 1.0, ""valid_frac_movement"": null, ""valid_frac_smplh"": 0.91117, ""video_nb_frames"": 5640}",render
item_128,uniform_200_128_V02_S5048_I00000729_P5057_f0003819,V02_S5048_I00000729_P5057,naturalistic/train/0084/0043/V02_S5048_I00000729_P5057,naturalistic/train/0084/0030/V02_S5048_I00000729_P5047,uniform_200,3819,V02,naturalistic,train,grounded_gesture,uniform random over renderable corpus rows,"{""avg_fps"": 30.0, ""movement_mask_present"": false, ""npz_frames_min"": 5880, ""npz_status"": ""ok"", ""render_frames"": 300, ""uniform_draw"": 0.000832111, ""valid_frac_box"": 1.0, ""valid_frac_movement"": null, ""valid_frac_smplh"": 0.935544, ""video_nb_frames"": 5880}",render
item_129,uniform_200_129_V03_S1322_I00000111_P3025_f0001021,V03_S1322_I00000111_P3025,naturalistic/train/0145/0061/V03_S1322_I00000111_P3025,naturalistic/train/0145/0110/V03_S1322_I00000111_P1570,uniform_200,1021,V03,naturalistic,train,ipc_conversation,uniform random over renderable corpus rows,"{""avg_fps"": 29.97003, ""movement_mask_present"": false, ""npz_frames_min"": 7252, ""npz_status"": ""ok"", ""render_frames"": 300, ""uniform_draw"": 0.000835239, ""valid_frac_box"": 1.0, ""valid_frac_movement"": null, ""valid_frac_smplh"": 0.985108, ""video_nb_frames"": 7253}",render
item_130,uniform_200_130_V03_S1997_I00000218_P5448_f0002089,V03_S1997_I00000218_P5448,naturalistic/train/0175/0030/V03_S1997_I00000218_P5448,naturalistic/train/0175/0092/V03_S1997_I00000218_P5303,uniform_200,2089,V03,naturalistic,train,ipc_conversation,uniform random over renderable corpus rows,"{""avg_fps"": 29.97003, ""movement_mask_present"": false, ""npz_frames_min"": 4076, ""npz_status"": ""ok"", ""render_frames"": 300, ""uniform_draw"": 0.00084217, ""valid_frac_box"": 1.0, ""valid_frac_movement"": null, ""valid_frac_smplh"": 0.997547, ""video_nb_frames"": 4075}",render
item_131,uniform_200_131_V00_S2036_I00000716_P1294A_f0001246,V00_S2036_I00000716_P1294A,improvised/test/0000/0031/V00_S2036_I00000716_P1294A,improvised/test/0000/0042/V00_S2036_I00000716_P1293A,uniform_200,1246,V00,improvised,test,ipc_conversation,uniform random over renderable corpus rows,"{""avg_fps"": 30.0, ""movement_mask_present"": true, ""npz_frames_min"": 5992, ""npz_status"": ""ok"", ""render_frames"": 300, ""uniform_draw"": 0.000876523, ""valid_frac_box"": 1.0, ""valid_frac_movement"": 1.0, ""valid_frac_smplh"": 0.997163, ""video_nb_frames"": 5992}",render
item_132,uniform_200_132_V02_S5010_I00000488_P5015_f0000861,V02_S5010_I00000488_P5015,naturalistic/train/0081/0024/V02_S5010_I00000488_P5015,naturalistic/train/0081/0035/V02_S5010_I00000488_P5012,uniform_200,861,V02,naturalistic,train,ipc_conversation,uniform random over renderable corpus rows,"{""avg_fps"": 30.0, ""movement_mask_present"": false, ""npz_frames_min"": 5280, ""npz_status"": ""ok"", ""render_frames"": 300, ""uniform_draw"": 0.000885459, ""valid_frac_box"": 1.0, ""valid_frac_movement"": null, ""valid_frac_smplh"": 0.995076, ""video_nb_frames"": 5280}",render
item_133,uniform_200_133_V00_S1863_I00000049_P0903_f0002690,V00_S1863_I00000049_P0903,naturalistic/train/0029/0045/V00_S1863_I00000049_P0903,naturalistic/train/0029/0000/V00_S1863_I00000049_P1193,uniform_200,2690,V00,naturalistic,train,ipc_conversation,uniform random over renderable corpus rows,"{""avg_fps"": 30.0, ""movement_mask_present"": true, ""npz_frames_min"": 5040, ""npz_status"": ""ok"", ""render_frames"": 300, ""uniform_draw"": 0.00088919, ""valid_frac_box"": 1.0, ""valid_frac_movement"": 0.357143, ""valid_frac_smplh"": 0.981944, ""video_nb_frames"": 5040}",render
item_134,uniform_200_134_V00_S0249_I00000489_P0341_f0003834,V00_S0249_I00000489_P0341,naturalistic/train/0006/0004/V00_S0249_I00000489_P0341,naturalistic/train/0006/0019/V00_S0249_I00000489_P0340,uniform_200,3834,V00,naturalistic,train,ipc_conversation,uniform random over renderable corpus rows,"{""avg_fps"": 30.0, ""movement_mask_present"": true, ""npz_frames_min"": 11340, ""npz_status"": ""ok"", ""render_frames"": 300, ""uniform_draw"": 0.000891657, ""valid_frac_box"": 1.0, ""valid_frac_movement"": 0.994709, ""valid_frac_smplh"": 1.0, ""video_nb_frames"": 11340}",render
item_135,uniform_200_135_V00_S1357_I00000162_P1077_f0003127,V00_S1357_I00000162_P1077,naturalistic/train/0027/0041/V00_S1357_I00000162_P1077,naturalistic/train/0027/0033/V00_S1357_I00000162_P1129,uniform_200,3127,V00,naturalistic,train,ipc_conversation,uniform random over renderable corpus rows,"{""avg_fps"": 30.0, ""movement_mask_present"": true, ""npz_frames_min"": 3480, ""npz_status"": ""ok"", ""render_frames"": 300, ""uniform_draw"": 0.000893544, ""valid_frac_box"": 1.0, ""valid_frac_movement"": 1.0, ""valid_frac_smplh"": 1.0, ""video_nb_frames"": 3480}",render
item_136,uniform_200_136_V03_S0285_I00000484_P1741_f0006082,V03_S0285_I00000484_P1741,improvised/train/0063/0063/V03_S0285_I00000484_P1741,improvised/train/0063/0095/V03_S0285_I00000484_P1740,uniform_200,6082,V03,improvised,train,ipc_conversation,uniform random over renderable corpus rows,"{""avg_fps"": 29.97003, ""movement_mask_present"": false, ""npz_frames_min"": 11508, ""npz_status"": ""ok"", ""render_frames"": 300, ""uniform_draw"": 0.000927246, ""valid_frac_box"": 1.0, ""valid_frac_movement"": null, ""valid_frac_smplh"": 0.991397, ""video_nb_frames"": 11508}",render
item_137,uniform_200_137_V03_S0219_I00000484_P1487_f0001546,V03_S0219_I00000484_P1487,naturalistic/train/0111/0007/V03_S0219_I00000484_P1487,naturalistic/train/0111/0085/V03_S0219_I00000484_P1486,uniform_200,1546,V03,naturalistic,train,ipc_conversation,uniform random over renderable corpus rows,"{""avg_fps"": 29.97003, ""movement_mask_present"": false, ""npz_frames_min"": 5874, ""npz_status"": ""ok"", ""render_frames"": 300, ""uniform_draw"": 0.000930546, ""valid_frac_box"": 1.0, ""valid_frac_movement"": null, ""valid_frac_smplh"": 0.784814, ""video_nb_frames"": 5875}",render
item_138,uniform_200_138_V03_S1246_I00000057_P3866_f0007827,V03_S1246_I00000057_P3866,naturalistic/train/0142/0058/V03_S1246_I00000057_P3866,naturalistic/train/0142/0001/V03_S1246_I00000057_P3867,uniform_200,7827,V03,naturalistic,train,ipc_conversation,uniform random over renderable corpus rows,"{""avg_fps"": 29.97003, ""movement_mask_present"": false, ""npz_frames_min"": 10130, ""npz_status"": ""ok"", ""render_frames"": 300, ""uniform_draw"": 0.000949704, ""valid_frac_box"": 1.0, ""valid_frac_movement"": null, ""valid_frac_smplh"": 0.993978, ""video_nb_frames"": 10129}",render
item_139,uniform_200_139_V03_S1755_I00000220_P5061_f0001052,V03_S1755_I00000220_P5061,naturalistic/test/0003/0016/V03_S1755_I00000220_P5061,naturalistic/test/0003/0040/V03_S1755_I00000220_P5060,uniform_200,1052,V03,naturalistic,test,ipc_conversation,uniform random over renderable corpus rows,"{""avg_fps"": 29.97003, ""movement_mask_present"": false, ""npz_frames_min"": 2997, ""npz_status"": ""ok"", ""render_frames"": 300, ""uniform_draw"": 0.00095814, ""valid_frac_box"": 1.0, ""valid_frac_movement"": null, ""valid_frac_smplh"": 0.903237, ""video_nb_frames"": 2997}",render
item_140,uniform_200_140_V00_S0192_I00000126_P0264_f0000672,V00_S0192_I00000126_P0264,improvised/train/0004/0041/V00_S0192_I00000126_P0264,improvised/train/0004/0028/V00_S0192_I00000126_P0003A,uniform_200,672,V00,improvised,train,ipc_conversation,uniform random over renderable corpus rows,"{""avg_fps"": 30.0, ""movement_mask_present"": true, ""npz_frames_min"": 6480, ""npz_status"": ""ok"", ""render_frames"": 300, ""uniform_draw"": 0.000958926, ""valid_frac_box"": 1.0, ""valid_frac_movement"": 0.425926, ""valid_frac_smplh"": 1.0, ""video_nb_frames"": 6480}",render
item_141,uniform_200_141_V03_S1323_I00000165_P3265_f0000888,V03_S1323_I00000165_P3265,naturalistic/train/0145/0027/V03_S1323_I00000165_P3265,naturalistic/train/0145/0012/V03_S1323_I00000165_P1425,uniform_200,888,V03,naturalistic,train,ipc_conversation,uniform random over renderable corpus rows,"{""avg_fps"": 29.97003, ""movement_mask_present"": false, ""npz_frames_min"": 7553, ""npz_status"": ""ok"", ""render_frames"": 300, ""uniform_draw"": 0.000977101, ""valid_frac_box"": 1.0, ""valid_frac_movement"": null, ""valid_frac_smplh"": 0.973785, ""video_nb_frames"": 7553}",render
item_142,uniform_200_142_V02_S3131_I00000127_P4021_f0003364,V02_S3131_I00000127_P4021,naturalistic/train/0049/0007/V02_S3131_I00000127_P4021,naturalistic/train/0049/0016/V02_S3131_I00000127_P4078,uniform_200,3364,V02,naturalistic,train,ipc_conversation,uniform random over renderable corpus rows,"{""avg_fps"": 30.0, ""movement_mask_present"": false, ""npz_frames_min"": 5700, ""npz_status"": ""ok"", ""render_frames"": 300, ""uniform_draw"": 0.000987999, ""valid_frac_box"": 1.0, ""valid_frac_movement"": null, ""valid_frac_smplh"": 0.995439, ""video_nb_frames"": 5700}",render
item_143,uniform_200_143_V00_S1253_I00001077_P0955A_f0003649,V00_S1253_I00001077_P0955A,improvised/train/0028/0044/V00_S1253_I00001077_P0955A,improvised/train/0028/0042/V00_S1253_I00001077_P1100A,uniform_200,3649,V00,improvised,train,ipc_conversation,uniform random over renderable corpus rows,"{""avg_fps"": 30.0, ""movement_mask_present"": true, ""npz_frames_min"": 11220, ""npz_status"": ""ok"", ""render_frames"": 300, ""uniform_draw"": 0.00099155, ""valid_frac_box"": 1.0, ""valid_frac_movement"": 1.0, ""valid_frac_smplh"": 0.97041, ""video_nb_frames"": 11220}",render
item_144,uniform_200_144_V03_S0460_I00000307_P1459_f0001025,V03_S0460_I00000307_P1459,naturalistic/train/0121/0043/V03_S0460_I00000307_P1459,naturalistic/train/0121/0012/V03_S0460_I00000307_P1458,uniform_200,1025,V03,naturalistic,train,ipc_conversation,uniform random over renderable corpus rows,"{""avg_fps"": 29.97003, ""movement_mask_present"": false, ""npz_frames_min"": 2997, ""npz_status"": ""ok"", ""render_frames"": 300, ""uniform_draw"": 0.001011093, ""valid_frac_box"": 0.992993, ""valid_frac_movement"": null, ""valid_frac_smplh"": 0.969636, ""video_nb_frames"": 2998}",render
item_145,uniform_200_145_V03_S1868_I00000102_P5262_f0000530,V03_S1868_I00000102_P5262,naturalistic/train/0170/0136/V03_S1868_I00000102_P5262,naturalistic/train/0170/0024/V03_S1868_I00000102_P5263,uniform_200,530,V03,naturalistic,train,ipc_conversation,uniform random over renderable corpus rows,"{""avg_fps"": 29.97003, ""movement_mask_present"": false, ""npz_frames_min"": 2638, ""npz_status"": ""ok"", ""render_frames"": 300, ""uniform_draw"": 0.001019547, ""valid_frac_box"": 1.0, ""valid_frac_movement"": null, ""valid_frac_smplh"": 0.945413, ""video_nb_frames"": 2638}",render
item_146,uniform_200_146_V03_S0573_I00000528_P1914_f0006674,V03_S0573_I00000528_P1914,naturalistic/train/0124/0076/V03_S0573_I00000528_P1914,naturalistic/train/0124/0028/V03_S0573_I00000528_P1972,uniform_200,6674,V03,naturalistic,train,grounded_gesture,uniform random over renderable corpus rows,"{""avg_fps"": 29.97003, ""movement_mask_present"": false, ""npz_frames_min"": 9770, ""npz_status"": ""ok"", ""render_frames"": 300, ""uniform_draw"": 0.001021775, ""valid_frac_box"": 1.0, ""valid_frac_movement"": null, ""valid_frac_smplh"": 0.087718, ""video_nb_frames"": 9771}",render
item_147,uniform_200_147_V02_S3281_I00000771_P4126_f0003768,V02_S3281_I00000771_P4126,naturalistic/train/0058/0016/V02_S3281_I00000771_P4126,naturalistic/train/0058/0036/V02_S3281_I00000771_P4146,uniform_200,3768,V02,naturalistic,train,grounded_gesture,uniform random over renderable corpus rows,"{""avg_fps"": 30.0, ""movement_mask_present"": false, ""npz_frames_min"": 6300, ""npz_status"": ""ok"", ""render_frames"": 300, ""uniform_draw"": 0.001024857, ""valid_frac_box"": 1.0, ""valid_frac_movement"": null, ""valid_frac_smplh"": 0.974762, ""video_nb_frames"": 6300}",render
item_148,uniform_200_148_V02_S3096_I00000129_P4043_f0001763,V02_S3096_I00000129_P4043,naturalistic/train/0047/0037/V02_S3096_I00000129_P4043,naturalistic/train/0047/0021/V02_S3096_I00000129_P4069,uniform_200,1763,V02,naturalistic,train,charades,uniform random over renderable corpus rows,"{""avg_fps"": 30.0, ""movement_mask_present"": false, ""npz_frames_min"": 2940, ""npz_status"": ""ok"", ""render_frames"": 300, ""uniform_draw"": 0.001025999, ""valid_frac_box"": 1.0, ""valid_frac_movement"": null, ""valid_frac_smplh"": 0.990136, ""video_nb_frames"": 2940}",render
item_149,uniform_200_149_V03_S1987_I00000202_P5437_f0006478,V03_S1987_I00000202_P5437,naturalistic/train/0175/0100/V03_S1987_I00000202_P5437,naturalistic/train/0175/0049/V03_S1987_I00000202_P5321,uniform_200,6478,V03,naturalistic,train,ipc_conversation,uniform random over renderable corpus rows,"{""avg_fps"": 29.97003, ""movement_mask_present"": false, ""npz_frames_min"": 15464, ""npz_status"": ""ok"", ""render_frames"": 300, ""uniform_draw"": 0.001027881, ""valid_frac_box"": 1.0, ""valid_frac_movement"": null, ""valid_frac_smplh"": 0.995279, ""video_nb_frames"": 15464}",render
item_150,uniform_200_150_V00_S0560_I00000486_P0702_f0002311,V00_S0560_I00000486_P0702,naturalistic/train/0015/0004/V00_S0560_I00000486_P0702,naturalistic/train/0015/0031/V00_S0560_I00000486_P0403,uniform_200,2311,V00,naturalistic,train,ipc_conversation,uniform random over renderable corpus rows,"{""avg_fps"": 30.0, ""movement_mask_present"": true, ""npz_frames_min"": 5280, ""npz_status"": ""ok"", ""render_frames"": 300, ""uniform_draw"": 0.001036894, ""valid_frac_box"": 1.0, ""valid_frac_movement"": 1.0, ""valid_frac_smplh"": 1.0, ""video_nb_frames"": 5280}",render
item_151,uniform_200_151_V03_S1717_I00000242_P4897_f0000720,V03_S1717_I00000242_P4897,naturalistic/train/0164/0008/V03_S1717_I00000242_P4897,naturalistic/train/0164/0022/V03_S1717_I00000242_P4896,uniform_200,720,V03,naturalistic,train,ipc_conversation,uniform random over renderable corpus rows,"{""avg_fps"": 29.97003, ""movement_mask_present"": false, ""npz_frames_min"": 4795, ""npz_status"": ""ok"", ""render_frames"": 300, ""uniform_draw"": 0.001050675, ""valid_frac_box"": 1.0, ""valid_frac_movement"": null, ""valid_frac_smplh"": 0.122419, ""video_nb_frames"": 4796}",render
item_152,uniform_200_152_V00_S0829_I00000373_P0962_f0003985,V00_S0829_I00000373_P0962,naturalistic/train/0023/0026/V00_S0829_I00000373_P0962,naturalistic/train/0023/0009/V00_S0829_I00000373_P0430,uniform_200,3985,V00,naturalistic,train,ipc_conversation,uniform random over renderable corpus rows,"{""avg_fps"": 30.0, ""movement_mask_present"": true, ""npz_frames_min"": 6960, ""npz_status"": ""ok"", ""render_frames"": 300, ""uniform_draw"": 0.001051864, ""valid_frac_box"": 1.0, ""valid_frac_movement"": 1.0, ""valid_frac_smplh"": 1.0, ""video_nb_frames"": 6960}",render
item_153,uniform_200_153_V00_S0266_I00000478_P0363_f0005042,V00_S0266_I00000478_P0363,improvised/train/0006/0040/V00_S0266_I00000478_P0363,improvised/train/0006/0036/V00_S0266_I00000478_P0006A,uniform_200,5042,V00,improvised,train,ipc_conversation,uniform random over renderable corpus rows,"{""avg_fps"": 30.0, ""movement_mask_present"": true, ""npz_frames_min"": 6060, ""npz_status"": ""ok"", ""render_frames"": 300, ""uniform_draw"": 0.001059277, ""valid_frac_box"": 1.0, ""valid_frac_movement"": 1.0, ""valid_frac_smplh"": 1.0, ""video_nb_frames"": 6060}",render
item_154,uniform_200_154_V02_S3359_I00000152_P4096_f0005051,V02_S3359_I00000152_P4096,naturalistic/train/0063/0012/V02_S3359_I00000152_P4096,naturalistic/train/0063/0013/V02_S3359_I00000152_P4179,uniform_200,5051,V02,naturalistic,train,ipc_conversation,uniform random over renderable corpus rows,"{""avg_fps"": 30.0, ""movement_mask_present"": false, ""npz_frames_min"": 5760, ""npz_status"": ""ok"", ""render_frames"": 300, ""uniform_draw"": 0.0010624, ""valid_frac_box"": 1.0, ""valid_frac_movement"": null, ""valid_frac_smplh"": 0.775174, ""video_nb_frames"": 5760}",render
item_155,uniform_200_155_V02_S3087_I00000125_P4014_f0003376,V02_S3087_I00000125_P4014,naturalistic/train/0047/0034/V02_S3087_I00000125_P4014,naturalistic/train/0047/0006/V02_S3087_I00000125_P4066,uniform_200,3376,V02,naturalistic,train,ipc_conversation,uniform random over renderable corpus rows,"{""avg_fps"": 30.0, ""movement_mask_present"": false, ""npz_frames_min"": 6480, ""npz_status"": ""ok"", ""render_frames"": 300, ""uniform_draw"": 0.001064143, ""valid_frac_box"": 1.0, ""valid_frac_movement"": null, ""valid_frac_smplh"": 0.997531, ""video_nb_frames"": 6480}",render
item_156,uniform_200_156_V03_S1635_I00000196_P4680_f0001345,V03_S1635_I00000196_P4680,naturalistic/train/0160/0050/V03_S1635_I00000196_P4680,naturalistic/train/0160/0073/V03_S1635_I00000196_P4396,uniform_200,1345,V03,naturalistic,train,ipc_conversation,uniform random over renderable corpus rows,"{""avg_fps"": 29.97003, ""movement_mask_present"": false, ""npz_frames_min"": 8692, ""npz_status"": ""ok"", ""render_frames"": 300, ""uniform_draw"": 0.001068862, ""valid_frac_box"": 1.0, ""valid_frac_movement"": null, ""valid_frac_smplh"": 0.973884, ""video_nb_frames"": 8692}",render
item_157,uniform_200_157_V03_S0115_I00000131_P1255_f0003700,V03_S0115_I00000131_P1255,naturalistic/train/0106/0079/V03_S0115_I00000131_P1255,naturalistic/train/0106/0090/V03_S0115_I00000131_P1254,uniform_200,3700,V03,naturalistic,train,ipc_conversation,uniform random over renderable corpus rows,"{""avg_fps"": 29.97003, ""movement_mask_present"": false, ""npz_frames_min"": 5095, ""npz_status"": ""ok"", ""render_frames"": 300, ""uniform_draw"": 0.001081875, ""valid_frac_box"": 1.0, ""valid_frac_movement"": null, ""valid_frac_smplh"": 0.719333, ""video_nb_frames"": 5095}",render
item_158,uniform_200_158_V01_S0603_I00000718_P1785_f0000085,V01_S0603_I00000718_P1785,improvised/train/0057/0048/V01_S0603_I00000718_P1785,improvised/train/0057/0039/V01_S0603_I00000718_P1723,uniform_200,85,V01,improvised,train,ipc_conversation,uniform random over renderable corpus rows,"{""avg_fps"": 29.97003, ""movement_mask_present"": false, ""npz_frames_min"": 4736, ""npz_status"": ""ok"", ""render_frames"": 300, ""uniform_draw"": 0.001085131, ""valid_frac_box"": 1.0, ""valid_frac_movement"": null, ""valid_frac_smplh"": 0.984586, ""video_nb_frames"": 4736}",render
item_159,uniform_200_159_V03_S1413_I00000218_P4092_f0001121,V03_S1413_I00000218_P4092,naturalistic/train/0149/0000/V03_S1413_I00000218_P4092,naturalistic/train/0149/0023/V03_S1413_I00000218_P4093,uniform_200,1121,V03,naturalistic,train,ipc_conversation,uniform random over renderable corpus rows,"{""avg_fps"": 29.97003, ""movement_mask_present"": false, ""npz_frames_min"": 3836, ""npz_status"": ""ok"", ""render_frames"": 300, ""uniform_draw"": 0.001105959, ""valid_frac_box"": 1.0, ""valid_frac_movement"": null, ""valid_frac_smplh"": 0.96585, ""video_nb_frames"": 3836}",render
item_160,uniform_200_160_V03_S0730_I00000453_P2707_f0002032,V03_S0730_I00000453_P2707,naturalistic/train/0126/0092/V03_S0730_I00000453_P2707,naturalistic/train/0126/0086/V03_S0730_I00000453_P2819,uniform_200,2032,V03,naturalistic,train,ipc_conversation,uniform random over renderable corpus rows,"{""avg_fps"": 29.97003, ""movement_mask_present"": false, ""npz_frames_min"": 4855, ""npz_status"": ""ok"", ""render_frames"": 300, ""uniform_draw"": 0.001106712, ""valid_frac_box"": 1.0, ""valid_frac_movement"": null, ""valid_frac_smplh"": 0.999382, ""video_nb_frames"": 4856}",render
item_161,uniform_200_161_V02_S3198_I00000386_P4072_f0001330,V02_S3198_I00000386_P4072,naturalistic/train/0054/0023/V02_S3198_I00000386_P4072,naturalistic/train/0054/0049/V02_S3198_I00000386_P4102,uniform_200,1330,V02,naturalistic,train,ipc_conversation,uniform random over renderable corpus rows,"{""avg_fps"": 30.0, ""movement_mask_present"": false, ""npz_frames_min"": 6000, ""npz_status"": ""ok"", ""render_frames"": 300, ""uniform_draw"": 0.001115146, ""valid_frac_box"": 1.0, ""valid_frac_movement"": null, ""valid_frac_smplh"": 0.643667, ""video_nb_frames"": 6000}",render
item_162,uniform_200_162_V02_S3422_I00000230_P4178_f0002592,V02_S3422_I00000230_P4178,naturalistic/train/0067/0015/V02_S3422_I00000230_P4178,naturalistic/train/0067/0012/V02_S3422_I00000230_P4179,uniform_200,2592,V02,naturalistic,train,ipc_conversation,uniform random over renderable corpus rows,"{""avg_fps"": 30.0, ""movement_mask_present"": false, ""npz_frames_min"": 5760, ""npz_status"": ""ok"", ""render_frames"": 300, ""uniform_draw"": 0.001116257, ""valid_frac_box"": 1.0, ""valid_frac_movement"": null, ""valid_frac_smplh"": 0.97691, ""video_nb_frames"": 5760}",render
item_163,uniform_200_163_V03_S1737_I00000274_P4946_f0000034,V03_S1737_I00000274_P4946,naturalistic/train/0165/0142/V03_S1737_I00000274_P4946,naturalistic/train/0165/0068/V03_S1737_I00000274_P4755,uniform_200,34,V03,naturalistic,train,ipc_conversation,uniform random over renderable corpus rows,"{""avg_fps"": 29.97003, ""movement_mask_present"": false, ""npz_frames_min"": 4256, ""npz_status"": ""ok"", ""render_frames"": 300, ""uniform_draw"": 0.001119985, ""valid_frac_box"": 1.0, ""valid_frac_movement"": null, ""valid_frac_smplh"": 0.920348, ""video_nb_frames"": 4255}",render
item_164,uniform_200_164_V00_S0709_I00000373_P0124A_f0000367,V00_S0709_I00000373_P0124A,improvised/train/0014/0020/V00_S0709_I00000373_P0124A,improvised/train/0014/0009/V00_S0709_I00000373_P0867,uniform_200,367,V00,improvised,train,ipc_conversation,uniform random over renderable corpus rows,"{""avg_fps"": 30.0, ""movement_mask_present"": true, ""npz_frames_min"": 6240, ""npz_status"": ""ok"", ""render_frames"": 300, ""uniform_draw"": 0.001124954, ""valid_frac_box"": 1.0, ""valid_frac_movement"": 0.971154, ""valid_frac_smplh"": 0.988141, ""video_nb_frames"": 6240}",render
item_165,uniform_200_165_V01_S0258_I00001224_P1466_f0001992,V01_S0258_I00001224_P1466,improvised/train/0051/0037/V01_S0258_I00001224_P1466,improvised/train/0051/0017/V01_S0258_I00001224_P1467,uniform_200,1992,V01,improvised,train,ipc_conversation,uniform random over renderable corpus rows,"{""avg_fps"": 29.97003, ""movement_mask_present"": false, ""npz_frames_min"": 3657, ""npz_status"": ""ok"", ""render_frames"": 300, ""uniform_draw"": 0.001167065, ""valid_frac_box"": 1.0, ""valid_frac_movement"": null, ""valid_frac_smplh"": 1.0, ""video_nb_frames"": 3657}",render
item_166,uniform_200_166_V00_S0856_I00000875_P0359A_f0002746,V00_S0856_I00000875_P0359A,improvised/train/0017/0005/V00_S0856_I00000875_P0359A,improvised/train/0017/0035/V00_S0856_I00000875_P0196A,uniform_200,2746,V00,improvised,train,ipc_conversation,uniform random over renderable corpus rows,"{""avg_fps"": 30.0, ""movement_mask_present"": true, ""npz_frames_min"": 10140, ""npz_status"": ""ok"", ""render_frames"": 300, ""uniform_draw"": 0.001171736, ""valid_frac_box"": 1.0, ""valid_frac_movement"": 0.710059, ""valid_frac_smplh"": 0.984221, ""video_nb_frames"": 10140}",render
item_167,uniform_200_167_V02_S5006_I00000767_P5011_f0006964,V02_S5006_I00000767_P5011,naturalistic/train/0081/0041/V02_S5006_I00000767_P5011,naturalistic/train/0081/0005/V02_S5006_I00000767_P5012,uniform_200,6964,V02,naturalistic,train,grounded_gesture,uniform random over renderable corpus rows,"{""avg_fps"": 30.0, ""movement_mask_present"": false, ""npz_frames_min"": 8760, ""npz_status"": ""ok"", ""render_frames"": 300, ""uniform_draw"": 0.001175697, ""valid_frac_box"": 1.0, ""valid_frac_movement"": null, ""valid_frac_smplh"": 0.92363, ""video_nb_frames"": 8760}",render
item_168,uniform_200_168_V00_S1624_I00001104_P1124A_f0007256,V00_S1624_I00001104_P1124A,improvised/train/0039/0048/V00_S1624_I00001104_P1124A,improvised/train/0039/0013/V00_S1624_I00001104_P1103A,uniform_200,7256,V00,improvised,train,ipc_conversation,uniform random over renderable corpus rows,"{""avg_fps"": 30.0, ""movement_mask_present"": true, ""npz_frames_min"": 10200, ""npz_status"": ""ok"", ""render_frames"": 300, ""uniform_draw"": 0.001176956, ""valid_frac_box"": 1.0, ""valid_frac_movement"": 0.235294, ""valid_frac_smplh"": 0.999412, ""video_nb_frames"": 10200}",render
item_169,uniform_200_169_V02_S3464_I00000181_P4206_f0005400,V02_S3464_I00000181_P4206,naturalistic/train/0069/0021/V02_S3464_I00000181_P4206,naturalistic/train/0069/0012/V02_S3464_I00000181_P4202,uniform_200,5400,V02,naturalistic,train,ipc_conversation,uniform random over renderable corpus rows,"{""avg_fps"": 30.0, ""movement_mask_present"": false, ""npz_frames_min"": 6600, ""npz_status"": ""ok"", ""render_frames"": 300, ""uniform_draw"": 0.001179488, ""valid_frac_box"": 1.0, ""valid_frac_movement"": null, ""valid_frac_smplh"": 0.92803, ""video_nb_frames"": 6600}",render
item_170,uniform_200_170_V02_S3075_I00000373_P4062_f0005254,V02_S3075_I00000373_P4062,naturalistic/train/0046/0049/V02_S3075_I00000373_P4062,naturalistic/train/0046/0004/V02_S3075_I00000373_P4047,uniform_200,5254,V02,naturalistic,train,ipc_conversation,uniform random over renderable corpus rows,"{""avg_fps"": 30.0, ""movement_mask_present"": false, ""npz_frames_min"": 5820, ""npz_status"": ""ok"", ""render_frames"": 300, ""uniform_draw"": 0.001182901, ""valid_frac_box"": 1.0, ""valid_frac_movement"": null, ""valid_frac_smplh"": 0.96701, ""video_nb_frames"": 5820}",render
item_171,uniform_200_171_V00_S0161_I00000135_P0231_f0000176,V00_S0161_I00000135_P0231,improvised/train/0003/0031/V00_S0161_I00000135_P0231,improvised/train/0003/0026/V00_S0161_I00000135_P0150A,uniform_200,176,V00,improvised,train,collaborative_storytelling,uniform random over renderable corpus rows,"{""avg_fps"": 30.0, ""movement_mask_present"": true, ""npz_frames_min"": 5280, ""npz_status"": ""ok"", ""render_frames"": 300, ""uniform_draw"": 0.00118452, ""valid_frac_box"": 1.0, ""valid_frac_movement"": 1.0, ""valid_frac_smplh"": 0.881818, ""video_nb_frames"": 5280}",render
item_172,uniform_200_172_V01_S0265_I00001223_P1570_f0000178,V01_S0265_I00001223_P1570,improvised/train/0052/0000/V01_S0265_I00001223_P1570,improvised/train/0052/0034/V01_S0265_I00001223_P1569,uniform_200,178,V01,improvised,train,ipc_conversation,uniform random over renderable corpus rows,"{""avg_fps"": 29.97003, ""movement_mask_present"": false, ""npz_frames_min"": 5514, ""npz_status"": ""ok"", ""render_frames"": 300, ""uniform_draw"": 0.001200029, ""valid_frac_box"": 1.0, ""valid_frac_movement"": null, ""valid_frac_smplh"": 1.0, ""video_nb_frames"": 5514}",render
item_173,uniform_200_173_V00_S1778_I00001211_P1151A_f0003793,V00_S1778_I00001211_P1151A,improvised/train/0044/0009/V00_S1778_I00001211_P1151A,improvised/train/0044/0042/V00_S1778_I00001211_P0974A,uniform_200,3793,V00,improvised,train,ipc_conversation,uniform random over renderable corpus rows,"{""avg_fps"": 30.0, ""movement_mask_present"": true, ""npz_frames_min"": 10140, ""npz_status"": ""ok"", ""render_frames"": 300, ""uniform_draw"": 0.001201391, ""valid_frac_box"": 1.0, ""valid_frac_movement"": 0.964497, ""valid_frac_smplh"": 1.0, ""video_nb_frames"": 10140}",render
item_174,uniform_200_174_V03_S1244_I00000155_P3862_f0003503,V03_S1244_I00000155_P3862,naturalistic/train/0142/0066/V03_S1244_I00000155_P3862,naturalistic/train/0142/0101/V03_S1244_I00000155_P3765,uniform_200,3503,V03,naturalistic,train,grounded_gesture,uniform random over renderable corpus rows,"{""avg_fps"": 29.97003, ""movement_mask_present"": false, ""npz_frames_min"": 4975, ""npz_status"": ""ok"", ""render_frames"": 300, ""uniform_draw"": 0.001218012, ""valid_frac_box"": 1.0, ""valid_frac_movement"": null, ""valid_frac_smplh"": 0.967236, ""video_nb_frames"": 4975}",render
item_175,uniform_200_175_V02_S3377_I00000759_P4148_f0003387,V02_S3377_I00000759_P4148,naturalistic/train/0064/0053/V02_S3377_I00000759_P4148,naturalistic/train/0064/0051/V02_S3377_I00000759_P4182,uniform_200,3387,V02,naturalistic,train,grounded_gesture,uniform random over renderable corpus rows,"{""avg_fps"": 30.0, ""movement_mask_present"": false, ""npz_frames_min"": 6600, ""npz_status"": ""ok"", ""render_frames"": 300, ""uniform_draw"": 0.001227753, ""valid_frac_box"": 1.0, ""valid_frac_movement"": null, ""valid_frac_smplh"": 0.987879, ""video_nb_frames"": 6600}",render
item_176,uniform_200_176_V00_S0252_I00000497_P0346_f0010086,V00_S0252_I00000497_P0346,naturalistic/train/0006/0002/V00_S0252_I00000497_P0346,naturalistic/train/0006/0028/V00_S0252_I00000497_P0347,uniform_200,10086,V00,naturalistic,train,grounded_gesture,uniform random over renderable corpus rows,"{""avg_fps"": 30.0, ""movement_mask_present"": true, ""npz_frames_min"": 12600, ""npz_status"": ""ok"", ""render_frames"": 300, ""uniform_draw"": 0.00125911, ""valid_frac_box"": 1.0, ""valid_frac_movement"": 0.928571, ""valid_frac_smplh"": 0.977222, ""video_nb_frames"": 12600}",render
item_177,uniform_200_177_V03_S0461_I00000426_P2257_f0005189,V03_S0461_I00000426_P2257,naturalistic/train/0121/0029/V03_S0461_I00000426_P2257,naturalistic/train/0121/0012/V03_S0461_I00000426_P2256,uniform_200,5189,V03,naturalistic,train,ipc_conversation,uniform random over renderable corpus rows,"{""avg_fps"": 29.97003, ""movement_mask_present"": false, ""npz_frames_min"": 5874, ""npz_status"": ""ok"", ""render_frames"": 300, ""uniform_draw"": 0.001261454, ""valid_frac_box"": 1.0, ""valid_frac_movement"": null, ""valid_frac_smplh"": 0.967824, ""video_nb_frames"": 5874}",render
item_178,uniform_200_178_V02_S3264_I00000478_P4129_f0005277,V02_S3264_I00000478_P4129,naturalistic/train/0057/0042/V02_S3264_I00000478_P4129,naturalistic/train/0057/0039/V02_S3264_I00000478_P4130,uniform_200,5277,V02,naturalistic,train,ipc_conversation,uniform random over renderable corpus rows,"{""avg_fps"": 30.0, ""movement_mask_present"": false, ""npz_frames_min"": 5880, ""npz_status"": ""ok"", ""render_frames"": 300, ""uniform_draw"": 0.001276505, ""valid_frac_box"": 1.0, ""valid_frac_movement"": null, ""valid_frac_smplh"": 0.901701, ""video_nb_frames"": 5880}",render
item_179,uniform_200_179_V00_S0801_I00000126_P0941_f0004149,V00_S0801_I00000126_P0941,naturalistic/train/0022/0010/V00_S0801_I00000126_P0941,naturalistic/train/0022/0016/V00_S0801_I00000126_P0942,uniform_200,4149,V00,naturalistic,train,ipc_conversation,uniform random over renderable corpus rows,"{""avg_fps"": 30.0, ""movement_mask_present"": true, ""npz_frames_min"": 6240, ""npz_status"": ""ok"", ""render_frames"": 300, ""uniform_draw"": 0.001281824, ""valid_frac_box"": 1.0, ""valid_frac_movement"": 1.0, ""valid_frac_smplh"": 0.815385, ""video_nb_frames"": 6240}",render
item_180,uniform_200_180_V03_S0780_I00000140_P2713_f0005690,V03_S0780_I00000140_P2713,improvised/train/0065/0071/V03_S0780_I00000140_P2713,improvised/train/0065/0156/V03_S0780_I00000140_P2024,uniform_200,5690,V03,improvised,train,ipc_conversation,uniform random over renderable corpus rows,"{""avg_fps"": 29.97003, ""movement_mask_present"": false, ""npz_frames_min"": 6354, ""npz_status"": ""ok"", ""render_frames"": 300, ""uniform_draw"": 0.001288754, ""valid_frac_box"": 1.0, ""valid_frac_movement"": null, ""valid_frac_smplh"": 0.894555, ""video_nb_frames"": 6354}",render
item_181,uniform_200_181_V00_S0319_I00000373_P0433_f0006232,V00_S0319_I00000373_P0433,naturalistic/train/0008/0011/V00_S0319_I00000373_P0433,naturalistic/train/0008/0026/V00_S0319_I00000373_P0431,uniform_200,6232,V00,naturalistic,train,ipc_conversation,uniform random over renderable corpus rows,"{""avg_fps"": 30.0, ""movement_mask_present"": true, ""npz_frames_min"": 7080, ""npz_status"": ""ok"", ""render_frames"": 300, ""uniform_draw"": 0.001288774, ""valid_frac_box"": 1.0, ""valid_frac_movement"": 1.0, ""valid_frac_smplh"": 1.0, ""video_nb_frames"": 7080}",render
item_182,uniform_200_182_V00_S1168_I00001128_P0210A_f0009664,V00_S1168_I00001128_P0210A,improvised/train/0025/0028/V00_S1168_I00001128_P0210A,improvised/train/0025/0006/V00_S1168_I00001128_P0397A,uniform_200,9664,V00,improvised,train,ipc_conversation,uniform random over renderable corpus rows,"{""avg_fps"": 30.0, ""movement_mask_present"": true, ""npz_frames_min"": 11280, ""npz_status"": ""ok"", ""render_frames"": 300, ""uniform_draw"": 0.001291838, ""valid_frac_box"": 1.0, ""valid_frac_movement"": 0.989362, ""valid_frac_smplh"": 0.995656, ""video_nb_frames"": 11280}",render
item_183,uniform_200_183_V03_S1728_I00000281_P1290_f0004616,V03_S1728_I00000281_P1290,naturalistic/train/0164/0011/V03_S1728_I00000281_P1290,naturalistic/train/0164/0022/V03_S1728_I00000281_P4737,uniform_200,4616,V03,naturalistic,train,ipc_conversation,uniform random over renderable corpus rows,"{""avg_fps"": 29.97003, ""movement_mask_present"": false, ""npz_frames_min"": 6174, ""npz_status"": ""ok"", ""render_frames"": 300, ""uniform_draw"": 0.001296788, ""valid_frac_box"": 1.0, ""valid_frac_movement"": null, ""valid_frac_smplh"": 0.981212, ""video_nb_frames"": 6174}",render
item_184,uniform_200_184_V00_S0482_I00000481_P0229A_f0000722,V00_S0482_I00000481_P0229A,improvised/train/0010/0019/V00_S0482_I00000481_P0229A,improvised/train/0010/0013/V00_S0482_I00000481_P0618,uniform_200,722,V00,improvised,train,charades,uniform random over renderable corpus rows,"{""avg_fps"": 30.0, ""movement_mask_present"": true, ""npz_frames_min"": 4320, ""npz_status"": ""ok"", ""render_frames"": 300, ""uniform_draw"": 0.001298137, ""valid_frac_box"": 1.0, ""valid_frac_movement"": 0.875, ""valid_frac_smplh"": 0.994907, ""video_nb_frames"": 4320}",render
item_185,uniform_200_185_V03_S1277_I00000287_P3884_f0003781,V03_S1277_I00000287_P3884,naturalistic/train/0143/0024/V03_S1277_I00000287_P3884,naturalistic/train/0143/0035/V03_S1277_I00000287_P3885,uniform_200,3781,V03,naturalistic,train,ipc_conversation,uniform random over renderable corpus rows,"{""avg_fps"": 29.97003, ""movement_mask_present"": false, ""npz_frames_min"": 5574, ""npz_status"": ""ok"", ""render_frames"": 300, ""uniform_draw"": 0.001302717, ""valid_frac_box"": 1.0, ""valid_frac_movement"": null, ""valid_frac_smplh"": 0.96986, ""video_nb_frames"": 5574}",render
item_186,uniform_200_186_V02_S5135_I00000180_P5056_f0004105,V02_S5135_I00000180_P5056,naturalistic/train/0089/0028/V02_S5135_I00000180_P5056,naturalistic/train/0089/0002/V02_S5135_I00000180_P5172,uniform_200,4105,V02,naturalistic,train,ipc_conversation,uniform random over renderable corpus rows,"{""avg_fps"": 30.0, ""movement_mask_present"": false, ""npz_frames_min"": 5280, ""npz_status"": ""ok"", ""render_frames"": 300, ""uniform_draw"": 0.001313622, ""valid_frac_box"": 1.0, ""valid_frac_movement"": null, ""valid_frac_smplh"": 0.993561, ""video_nb_frames"": 5280}",render
item_187,uniform_200_187_V03_S0159_I00000139_P1343_f0001131,V03_S0159_I00000139_P1343,naturalistic/train/0108/0099/V03_S0159_I00000139_P1343,naturalistic/train/0108/0076/V03_S0159_I00000139_P1342,uniform_200,1131,V03,naturalistic,train,ipc_conversation,uniform random over renderable corpus rows,"{""avg_fps"": 29.97003, ""movement_mask_present"": false, ""npz_frames_min"": 7672, ""npz_status"": ""ok"", ""render_frames"": 300, ""uniform_draw"": 0.001326063, ""valid_frac_box"": 1.0, ""valid_frac_movement"": null, ""valid_frac_smplh"": 0.949296, ""video_nb_frames"": 7672}",render
item_188,uniform_200_188_V02_S5073_I00000750_P5094_f0000033,V02_S5073_I00000750_P5094,naturalistic/train/0085/0034/V02_S5073_I00000750_P5094,naturalistic/train/0085/0003/V02_S5073_I00000750_P5093,uniform_200,33,V02,naturalistic,train,grounded_gesture,uniform random over renderable corpus rows,"{""avg_fps"": 30.0, ""movement_mask_present"": false, ""npz_frames_min"": 6000, ""npz_status"": ""ok"", ""render_frames"": 300, ""uniform_draw"": 0.001328085, ""valid_frac_box"": 1.0, ""valid_frac_movement"": null, ""valid_frac_smplh"": 0.496, ""video_nb_frames"": 6000}",render
item_189,uniform_200_189_V02_S5078_I00000285_P5012_f0004351,V02_S5078_I00000285_P5012,naturalistic/train/0086/0030/V02_S5078_I00000285_P5012,naturalistic/train/0086/0001/V02_S5078_I00000285_P5101,uniform_200,4351,V02,naturalistic,train,ipc_conversation,uniform random over renderable corpus rows,"{""avg_fps"": 30.0, ""movement_mask_present"": false, ""npz_frames_min"": 5100, ""npz_status"": ""ok"", ""render_frames"": 300, ""uniform_draw"": 0.00132886, ""valid_frac_box"": 1.0, ""valid_frac_movement"": null, ""valid_frac_smplh"": 0.992745, ""video_nb_frames"": 5100}",render
item_190,uniform_200_190_V03_S1501_I00000245_P4242_f0007994,V03_S1501_I00000245_P4242,naturalistic/train/0153/0055/V03_S1501_I00000245_P4242,naturalistic/train/0153/0044/V03_S1501_I00000245_P4243,uniform_200,7994,V03,naturalistic,train,ipc_conversation,uniform random over renderable corpus rows,"{""avg_fps"": 29.97003, ""movement_mask_present"": false, ""npz_frames_min"": 13127, ""npz_status"": ""ok"", ""render_frames"": 300, ""uniform_draw"": 0.001333059, ""valid_frac_box"": 1.0, ""valid_frac_movement"": null, ""valid_frac_smplh"": 0.939057, ""video_nb_frames"": 13126}",render
item_191,uniform_200_191_V03_S1306_I00000129_P2024_f0001107,V03_S1306_I00000129_P2024,improvised/train/0066/0154/V03_S1306_I00000129_P2024,improvised/train/0066/0064/V03_S1306_I00000129_P3964,uniform_200,1107,V03,improvised,train,charades,uniform random over renderable corpus rows,"{""avg_fps"": 29.97003, ""movement_mask_present"": false, ""npz_frames_min"": 3297, ""npz_status"": ""ok"", ""render_frames"": 300, ""uniform_draw"": 0.001345675, ""valid_frac_box"": 1.0, ""valid_frac_movement"": null, ""valid_frac_smplh"": 0.922354, ""video_nb_frames"": 3297}",render
item_192,uniform_200_192_V00_S0331_I00000487_P0193_f0001962,V00_S0331_I00000487_P0193,naturalistic/train/0008/0007/V00_S0331_I00000487_P0193,naturalistic/train/0008/0013/V00_S0331_I00000487_P0447,uniform_200,1962,V00,naturalistic,train,ipc_conversation,uniform random over renderable corpus rows,"{""avg_fps"": 30.0, ""movement_mask_present"": true, ""npz_frames_min"": 4860, ""npz_status"": ""ok"", ""render_frames"": 300, ""uniform_draw"": 0.001348878, ""valid_frac_box"": 1.0, ""valid_frac_movement"": 1.0, ""valid_frac_smplh"": 1.0, ""video_nb_frames"": 4860}",render
item_193,uniform_200_193_V00_S1585_I00000661_P0124A_f0007082,V00_S1585_I00000661_P0124A,improvised/train/0038/0038/V00_S1585_I00000661_P0124A,improvised/train/0038/0035/V00_S1585_I00000661_P0006A,uniform_200,7082,V00,improvised,train,ipc_conversation,uniform random over renderable corpus rows,"{""avg_fps"": 30.0, ""movement_mask_present"": true, ""npz_frames_min"": 9060, ""npz_status"": ""ok"", ""render_frames"": 300, ""uniform_draw"": 0.001351299, ""valid_frac_box"": 1.0, ""valid_frac_movement"": 0.986755, ""valid_frac_smplh"": 0.997903, ""video_nb_frames"": 9060}",render
item_194,uniform_200_194_V00_S1363_I00001071_P0193A_f0006252,V00_S1363_I00001071_P0193A,improvised/train/0031/0002/V00_S1363_I00001071_P0193A,improvised/train/0031/0034/V00_S1363_I00001071_P0004A,uniform_200,6252,V00,improvised,train,ipc_conversation,uniform random over renderable corpus rows,"{""avg_fps"": 30.0, ""movement_mask_present"": true, ""npz_frames_min"": 8460, ""npz_status"": ""ok"", ""render_frames"": 300, ""uniform_draw"": 0.001354002, ""valid_frac_box"": 1.0, ""valid_frac_movement"": 1.0, ""valid_frac_smplh"": 1.0, ""video_nb_frames"": 8460}",render
item_195,uniform_200_195_V01_S0514_I00001129_P1772_f0006415,V01_S0514_I00001129_P1772,improvised/train/0055/0004/V01_S0514_I00001129_P1772,improvised/train/0055/0022/V01_S0514_I00001129_P1512,uniform_200,6415,V01,improvised,train,ipc_conversation,uniform random over renderable corpus rows,"{""avg_fps"": 29.980013, ""movement_mask_present"": false, ""npz_frames_min"": 9234, ""npz_status"": ""ok"", ""render_frames"": 300, ""uniform_draw"": 0.001362028, ""valid_frac_box"": 1.0, ""valid_frac_movement"": null, ""valid_frac_smplh"": 0.949859, ""video_nb_frames"": 9234}",render
item_196,uniform_200_196_V00_S1798_I00001175_P0328A_f0003221,V00_S1798_I00001175_P0328A,improvised/train/0044/0056/V00_S1798_I00001175_P0328A,improvised/train/0044/0051/V00_S1798_I00001175_P0974A,uniform_200,3221,V00,improvised,train,ipc_conversation,uniform random over renderable corpus rows,"{""avg_fps"": 30.0, ""movement_mask_present"": true, ""npz_frames_min"": 7020, ""npz_status"": ""ok"", ""render_frames"": 300, ""uniform_draw"": 0.001373443, ""valid_frac_box"": 1.0, ""valid_frac_movement"": 1.0, ""valid_frac_smplh"": 0.934046, ""video_nb_frames"": 7020}",render
item_197,uniform_200_197_V03_S0429_I00000181_P2365_f0004191,V03_S0429_I00000181_P2365,naturalistic/train/0119/0101/V03_S0429_I00000181_P2365,naturalistic/train/0119/0103/V03_S0429_I00000181_P2311,uniform_200,4191,V03,naturalistic,train,ipc_conversation,uniform random over renderable corpus rows,"{""avg_fps"": 29.97003, ""movement_mask_present"": false, ""npz_frames_min"": 5154, ""npz_status"": ""ok"", ""render_frames"": 300, ""uniform_draw"": 0.001374984, ""valid_frac_box"": 1.0, ""valid_frac_movement"": null, ""valid_frac_smplh"": 0.932286, ""video_nb_frames"": 5154}",render
item_198,uniform_200_198_V02_S3164_I00000501_P4092_f0004315,V02_S3164_I00000501_P4092,naturalistic/train/0051/0023/V02_S3164_I00000501_P4092,naturalistic/train/0051/0042/V02_S3164_I00000501_P4085,uniform_200,4315,V02,naturalistic,train,ipc_conversation,uniform random over renderable corpus rows,"{""avg_fps"": 30.0, ""movement_mask_present"": false, ""npz_frames_min"": 6300, ""npz_status"": ""ok"", ""render_frames"": 300, ""uniform_draw"": 0.001384195, ""valid_frac_box"": 1.0, ""valid_frac_movement"": null, ""valid_frac_smplh"": 0.993333, ""video_nb_frames"": 6300}",render
item_199,uniform_200_199_V01_S0150_I00000134_P1273_f0002275,V01_S0150_I00000134_P1273,naturalistic/train/0037/0026/V01_S0150_I00000134_P1273,naturalistic/train/0037/0009/V01_S0150_I00000134_P1274,uniform_200,2275,V01,naturalistic,train,ipc_conversation,uniform random over renderable corpus rows,"{""avg_fps"": 29.97003, ""movement_mask_present"": false, ""npz_frames_min"": 3416, ""npz_status"": ""ok"", ""render_frames"": 300, ""uniform_draw"": 0.001390752, ""valid_frac_box"": 1.0, ""valid_frac_movement"": null, ""valid_frac_smplh"": 0.371487, ""video_nb_frames"": 3416}",render
item_200,targeted_100_200_V00_S0648_I00000545_P0801_f0000870,V00_S0648_I00000545_P0801,improvised/dev/0000/0041/V00_S0648_I00000545_P0801,improvised/dev/0000/0034/V00_S0648_I00000545_P0299A,targeted_100,870,V00,improvised,dev,ipc_conversation,extreme:session1_dev_highest_wrist_speed_p90,"{""avg_fps"": 30.0, ""movement_mask_present"": true, ""npz_frames_min"": 5640, ""npz_status"": ""ok"", ""render_frames"": 300, ""session1_metric"": ""wrist_speed_p90_max"", ""session1_value"": 226.05224172036102, ""targeted_role"": ""extreme"", ""valid_frac_box"": 1.0, ""valid_frac_movement"": 0.893617, ""valid_frac_smplh"": 0.97039, ""video_nb_frames"": 5640}",render
item_201,targeted_100_201_V00_S1220_I00000179_P1113_f0003180,V00_S1220_I00000179_P1113,naturalistic/dev/0001/0037/V00_S1220_I00000179_P1113,naturalistic/dev/0001/0023/V00_S1220_I00000179_P1112,targeted_100,3180,V00,naturalistic,dev,ipc_conversation,extreme:session1_dev_lowest_wrist_speed_p90,"{""avg_fps"": 30.0, ""movement_mask_present"": true, ""npz_frames_min"": 5340, ""npz_status"": ""ok"", ""render_frames"": 300, ""session1_metric"": ""wrist_speed_p90_max"", ""session1_value"": 12.671532451636475, ""targeted_role"": ""extreme"", ""valid_frac_box"": 1.0, ""valid_frac_movement"": 1.0, ""valid_frac_smplh"": 1.0, ""video_nb_frames"": 5340}",render
item_202,targeted_100_202_V03_S0861_I00000383_P1662_f0001470,V03_S0861_I00000383_P1662,naturalistic/dev/0002/0027/V03_S0861_I00000383_P1662,naturalistic/dev/0002/0096/V03_S0861_I00000383_P1659,targeted_100,1470,V03,naturalistic,dev,ipc_conversation,extreme:session1_dev_highest_provisional_translation_accel,"{""avg_fps"": 30.0, ""movement_mask_present"": false, ""npz_frames_min"": 5280, ""npz_status"": ""ok"", ""render_frames"": 300, ""session1_metric"": ""accel_max"", ""session1_value"": 1299.704235741995, ""targeted_role"": ""extreme"", ""valid_frac_box"": 1.0, ""valid_frac_movement"": null, ""valid_frac_smplh"": 0.891098, ""video_nb_frames"": 5280}",render
item_203,targeted_100_203_V01_S0304_I00001167_P1627_f0000000,V01_S0304_I00001167_P1627,improvised/dev/0000/0047/V01_S0304_I00001167_P1627,improvised/dev/0000/0017/V01_S0304_I00001167_P1628,targeted_100,0,V01,improvised,dev,ipc_conversation,extreme:session1_dev_largest_duration_mismatch,"{""avg_fps"": 30.0, ""movement_mask_present"": false, ""npz_frames_min"": 9234, ""npz_status"": ""ok"", ""render_frames"": 300, ""session1_metric"": ""duration_mismatch_max"", ""session1_value"": 0.19999999999998863, ""targeted_role"": ""extreme"", ""valid_frac_box"": 1.0, ""valid_frac_movement"": null, ""valid_frac_smplh"": 0.956898, ""video_nb_frames"": 9239}",render
item_204,targeted_100_204_V00_S2089_I00001165_P1281A_f0000000,V00_S2089_I00001165_P1281A,improvised/dev/0000/0037/V00_S2089_I00001165_P1281A,improvised/dev/0000/0007/V00_S2089_I00001165_P1346A,targeted_100,0,V00,improvised,dev,ipc_conversation,extreme:session1_dev_lowest_mean_valid_frac_all,"{""avg_fps"": 30.0, ""movement_mask_present"": true, ""npz_frames_min"": 5520, ""npz_status"": ""ok"", ""render_frames"": 300, ""session1_metric"": ""valid_frac_all_mean"", ""session1_value"": 0.0, ""targeted_role"": ""extreme"", ""valid_frac_box"": 1.0, ""valid_frac_movement"": 0.0, ""valid_frac_smplh"": 1.0, ""video_nb_frames"": 5520}",render
item_205,targeted_100_205_V01_S0172_I00001232_P1316_f0001410,V01_S0172_I00001232_P1316,improvised/dev/0000/0028/V01_S0172_I00001232_P1316,improvised/dev/0000/0031/V01_S0172_I00001232_P1317,targeted_100,1410,V01,improvised,dev,ipc_conversation,extreme:session1_dev_highest_smplh_invalid_frac,"{""avg_fps"": 30.0, ""invalid_frac"": 1.0, ""mask"": ""smplh"", ""max_invalid_run"": 1800.0, ""movement_mask_present"": false, ""npz_frames_min"": 1800, ""npz_status"": ""ok"", ""render_frames"": 300, ""targeted_role"": ""extreme"", ""valid_frac_box"": 1.0, ""valid_frac_movement"": null, ""valid_frac_smplh"": 0.0, ""video_nb_frames"": 1800}",render
item_206,targeted_100_206_V01_S0346_I00000720_P1693_f0002640,V01_S0346_I00000720_P1693,improvised/dev/0000/0044/V01_S0346_I00000720_P1693,improvised/dev/0000/0017/V01_S0346_I00000720_P1694,targeted_100,2640,V01,improvised,dev,ipc_conversation,extreme:session1_dev_highest_box_invalid_frac,"{""avg_fps"": 29.995049, ""invalid_frac"": 0.1734323432343234, ""mask"": ""box"", ""max_invalid_run"": 1009.0, ""movement_mask_present"": false, ""npz_frames_min"": 6060, ""npz_status"": ""ok"", ""render_frames"": 300, ""targeted_role"": ""extreme"", ""valid_frac_box"": 0.826568, ""valid_frac_movement"": null, ""valid_frac_smplh"": 0.793069, ""video_nb_frames"": 6058}",render
item_207,targeted_100_207_V03_S0871_I00000117_P2966_f0000000,V03_S0871_I00000117_P2966,naturalistic/dev/0002/0016/V03_S0871_I00000117_P2966,naturalistic/dev/0002/0078/V03_S0871_I00000117_P2967,targeted_100,0,V03,naturalistic,dev,grounded_gesture,extreme:session1_dev_longest_smplh_invalid_run,"{""avg_fps"": 29.966719, ""mask"": ""smplh"", ""movement_mask_present"": false, ""npz_frames_min"": 9051, ""npz_status"": ""ok"", ""render_frames"": 300, ""run_length_frames"": 3740, ""run_start_frame"": 0, ""targeted_role"": ""extreme"", ""valid_frac_box"": 1.0, ""valid_frac_movement"": null, ""valid_frac_smplh"": 0.227599, ""video_nb_frames"": 9050}",render
item_208,targeted_100_208_V00_S2089_I00001163_P1281A_f0000000,V00_S2089_I00001163_P1281A,improvised/dev/0000/0014/V00_S2089_I00001163_P1281A,improvised/dev/0000/0037/V00_S2089_I00001163_P1346A,targeted_100,0,V00,improvised,dev,ipc_conversation,extreme:session1_dev_longest_movement_invalid_run,"{""avg_fps"": 30.0, ""mask"": ""movement"", ""movement_mask_present"": true, ""npz_frames_min"": 6780, ""npz_status"": ""ok"", ""render_frames"": 300, ""run_length_frames"": 6780, ""run_start_frame"": 0, ""targeted_role"": ""extreme"", ""valid_frac_box"": 1.0, ""valid_frac_movement"": 0.0, ""valid_frac_smplh"": 1.0, ""video_nb_frames"": 6780}",render
item_209,targeted_100_209_V01_S0099_I00000139_P1186_f0000000,V01_S0099_I00000139_P1186,naturalistic/train/0035/0005/V01_S0099_I00000139_P1186,naturalistic/train/0035/0012/V01_S0099_I00000139_P1187,targeted_100,0,V01,naturalistic,train,ipc_conversation,extreme:placeholder_261b_mp4_58b_wav,"{""mp4_size_bytes"": 261, ""probe_status"": ""no_video_stream"", ""render_policy_reason"": ""extreme:placeholder_261b_mp4_58b_wav"", ""targeted_role"": ""extreme"", ""unrenderable"": true, ""wav_size_bytes"": 58}",metadata_only
item_210,targeted_100_210_V00_S0224_I00000477_P0308_f0000000,V00_S0224_I00000477_P0308,naturalistic/train/0005/0036/V00_S0224_I00000477_P0308,naturalistic/train/0005/0015/V00_S0224_I00000477_P0309,targeted_100,0,V00,naturalistic,train,ipc_conversation,extreme:placeholder_708b_mp4_58b_wav_v00,"{""mp4_size_bytes"": 708, ""probe_status"": ""no_video_stream"", ""render_policy_reason"": ""extreme:placeholder_708b_mp4_58b_wav_v00"", ""targeted_role"": ""extreme"", ""unrenderable"": true, ""wav_size_bytes"": 58}",metadata_only
item_211,targeted_100_211_V03_S0315_I00000134_P1778_f0000000,V03_S0315_I00000134_P1778,naturalistic/train/0115/0040/V03_S0315_I00000134_P1778,naturalistic/train/0115/0036/V03_S0315_I00000134_P1779,targeted_100,0,V03,naturalistic,train,ipc_conversation,extreme:placeholder_261b_mp4_with_full_wav,"{""mp4_size_bytes"": 261, ""probe_status"": ""no_video_stream"", ""render_policy_reason"": ""extreme:placeholder_261b_mp4_with_full_wav"", ""targeted_role"": ""extreme"", ""unrenderable"": true, ""wav_size_bytes"": 31872058}",metadata_only
item_212,targeted_100_212_V02_S3364_I00000170_P4180_f0000000,V02_S3364_I00000170_P4180,naturalistic/train/0063/0023/V02_S3364_I00000170_P4180,naturalistic/train/0063/0020/V02_S3364_I00000170_P4135,targeted_100,0,V02,naturalistic,train,ipc_conversation,extreme:no_video_stream_multi_mb_mp4,"{""mp4_size_bytes"": 1765252, ""probe_status"": ""no_video_stream"", ""render_policy_reason"": ""extreme:no_video_stream_multi_mb_mp4"", ""targeted_role"": ""extreme"", ""unrenderable"": true, ""wav_size_bytes"": 38016058}",metadata_only
item_213,targeted_100_213_V03_S0695_I00000480_P2000_f0000000,V03_S0695_I00000480_P2000,naturalistic/train/0125/0100/V03_S0695_I00000480_P2000,naturalistic/train/0125/0126/V03_S0695_I00000480_P2001,targeted_100,0,V03,naturalistic,train,ipc_conversation,extreme:mp4_container_unreadable_moov_missing,"{""mp4_size_bytes"": 147161088, ""probe_status"": ""ffprobe_error"", ""render_policy_reason"": ""extreme:mp4_container_unreadable_moov_missing"", ""targeted_role"": ""extreme"", ""unrenderable"": true, ""wav_size_bytes"": null}",metadata_only
item_214,targeted_100_214_V01_S0099_I00000139_P1187_f0002016,V01_S0099_I00000139_P1187,naturalistic/train/0035/0012/V01_S0099_I00000139_P1187,naturalistic/train/0035/0005/V01_S0099_I00000139_P1186,targeted_100,2016,V01,naturalistic,train,ipc_conversation,extreme:empty_58_byte_wav_with_readable_video,"{""avg_fps"": 29.97003, ""movement_mask_present"": false, ""npz_frames_min"": 5095, ""npz_status"": ""ok"", ""probe_status"": ""ok"", ""render_frames"": 300, ""targeted_role"": ""extreme"", ""valid_frac_box"": 1.0, ""valid_frac_movement"": null, ""valid_frac_smplh"": 0.972718, ""video_nb_frames"": 5094, ""wav_size_bytes"": 58}",render
item_215,targeted_100_215_V03_S1030_I00000320_P3311_f0021395,V03_S1030_I00000320_P3311,naturalistic/train/0133/0048/V03_S1030_I00000320_P3311,naturalistic/train/0133/0094/V03_S1030_I00000320_P3310,targeted_100,21395,V03,naturalistic,train,ipc_conversation,extreme:largest_within_interaction_member_duration_spread,"{""avg_fps"": 29.97003, ""member_spread_s"": 610.309, ""movement_mask_present"": false, ""npz_frames_min"": 28531, ""npz_status"": ""ok"", ""observed_duration_s"": 952.017, ""render_frames"": 300, ""targeted_role"": ""extreme"", ""valid_frac_box"": 1.0, ""valid_frac_movement"": null, ""valid_frac_smplh"": 0.989485, ""video_nb_frames"": 28531}",render
item_216,targeted_100_216_V01_S1607_I00000134_P2569_f0000557,V01_S1607_I00000134_P2569,improvised/train/0059/0030/V01_S1607_I00000134_P2569,improvised/train/0059/0019/V01_S1607_I00000134_P2570,targeted_100,557,V01,improvised,train,ipc_conversation,extreme:largest_avg_vs_container_frame_rate_disagreement,"{""abs_delta_fps"": 6.824636, ""avg_fps"": 41.127412, ""movement_mask_present"": false, ""npz_frames_min"": 9878, ""npz_status"": ""ok"", ""render_frames"": 411, ""targeted_role"": ""extreme"", ""valid_frac_box"": 1.0, ""valid_frac_movement"": null, ""valid_frac_smplh"": 0.929237, ""video_avg_fps"": 41.127412, ""video_nb_frames"": 8473, ""video_r_frame_rate"": ""48000/1001""}",render
item_217,targeted_100_217_V03_S0521_I00000477_P2014_f0062967,V03_S0521_I00000477_P2014,naturalistic/train/0123/0049/V03_S0521_I00000477_P2014,naturalistic/train/0123/0105/V03_S0521_I00000477_P2015,targeted_100,62967,V03,naturalistic,train,ipc_conversation,extreme:longest_single_participant_video,"{""avg_fps"": 29.96981, ""movement_mask_present"": false, ""npz_frames_min"": 136484, ""npz_status"": ""ok"", ""observed_duration_s"": 4554.016, ""render_frames"": 300, ""targeted_role"": ""extreme"", ""valid_frac_box"": 1.0, ""valid_frac_movement"": null, ""valid_frac_smplh"": 0.995091, ""video_nb_frames"": 136483}",render
item_218,targeted_100_218_V00_S1117_I00000398_P1085_f0000000,V00_S1117_I00000398_P1085,naturalistic/train/0026/0030/V00_S1117_I00000398_P1085,naturalistic/train/0026/0044/V00_S1117_I00000398_P1086,targeted_100,0,V00,naturalistic,train,ipc_conversation,extreme:shortest_renderable_participant_video,"{""avg_fps"": 30.0, ""movement_mask_present"": true, ""npz_frames_min"": 300, ""npz_status"": ""ok"", ""observed_duration_s"": 10.0, ""render_frames"": 300, ""targeted_role"": ""extreme"", ""valid_frac_box"": 1.0, ""valid_frac_movement"": 1.0, ""valid_frac_smplh"": 1.0, ""video_nb_frames"": 300}",render
item_219,targeted_100_219_V03_S1802_I00000001_P4343_f0004705,V03_S1802_I00000001_P4343,naturalistic/train/0167/0081/V03_S1802_I00000001_P4343,naturalistic/train/0167/0079/V03_S1802_I00000001_P4663,targeted_100,4705,V03,naturalistic,train,ipc_conversation,extreme:rarest_raster_2180x3840,"{""avg_fps"": 29.97003, ""corpus_files_with_this_raster"": 20, ""movement_mask_present"": false, ""npz_frames_min"": 5694, ""npz_status"": ""ok"", ""render_frames"": 300, ""targeted_role"": ""extreme"", ""valid_frac_box"": 1.0, ""valid_frac_movement"": null, ""valid_frac_smplh"": 1.0, ""video_height"": 3840, ""video_nb_frames"": 5694, ""video_width"": 2180}",render
item_220,targeted_100_220_V03_S1558_I00000000_P1425_f0000464,V03_S1558_I00000000_P1425,naturalistic/train/0156/0114/V03_S1558_I00000000_P1425,naturalistic/train/0156/0090/V03_S1558_I00000000_P3264,targeted_100,464,V03,naturalistic,train,ipc_conversation,extreme:rarest_raster_1080x960,"{""avg_fps"": 29.97003, ""corpus_files_with_this_raster"": 28, ""movement_mask_present"": false, ""npz_frames_min"": 6354, ""npz_status"": ""ok"", ""render_frames"": 300, ""targeted_role"": ""extreme"", ""valid_frac_box"": 1.0, ""valid_frac_movement"": null, ""valid_frac_smplh"": 0.99276, ""video_height"": 960, ""video_nb_frames"": 6353, ""video_width"": 1080}",render
item_221,targeted_100_221_V03_S0350_I00000070_P1675_f0004396,V03_S0350_I00000070_P1675,naturalistic/train/0116/0020/V03_S0350_I00000070_P1675,naturalistic/train/0116/0125/V03_S0350_I00000070_P1674,targeted_100,4396,V03,naturalistic,train,collaborative_storytelling,extreme:rarest_raster_640x480,"{""avg_fps"": 30.0, ""corpus_files_with_this_raster"": 61, ""movement_mask_present"": false, ""npz_frames_min"": 5400, ""npz_status"": ""ok"", ""render_frames"": 300, ""targeted_role"": ""extreme"", ""valid_frac_box"": 0.995926, ""valid_frac_movement"": null, ""valid_frac_smplh"": 0.978519, ""video_height"": 480, ""video_nb_frames"": 5400, ""video_width"": 640}",render
item_222,targeted_100_222_V00_S0447_I00000129_P0371_f0003233,V00_S0447_I00000129_P0371,improvised/train/0009/0039/V00_S0447_I00000129_P0371,improvised/train/0009/0003/V00_S0447_I00000129_P0602A,targeted_100,3233,V00,improvised,train,charades,stratified_fill:V00|improvised|charades,"{""avg_fps"": 30.0, ""movement_mask_present"": true, ""npz_frames_min"": 6660, ""npz_status"": ""ok"", ""render_frames"": 300, ""stratum"": ""V00|improvised|charades"", ""targeted_role"": ""stratified_fill"", ""valid_frac_box"": 1.0, ""valid_frac_movement"": 0.801802, ""valid_frac_smplh"": 0.98033, ""video_nb_frames"": 6660}",render
item_223,targeted_100_223_V00_S0492_I00000135_P0262A_f0004067,V00_S0492_I00000135_P0262A,improvised/train/0010/0044/V00_S0492_I00000135_P0262A,improvised/train/0010/0050/V00_S0492_I00000135_P0627,targeted_100,4067,V00,improvised,train,collaborative_storytelling,stratified_fill:V00|improvised|collaborative_storytelling,"{""avg_fps"": 30.0, ""movement_mask_present"": true, ""npz_frames_min"": 7320, ""npz_status"": ""ok"", ""render_frames"": 300, ""stratum"": ""V00|improvised|collaborative_storytelling"", ""targeted_role"": ""stratified_fill"", ""valid_frac_box"": 1.0, ""valid_frac_movement"": 0.852459, ""valid_frac_smplh"": 0.983743, ""video_nb_frames"": 7320}",render
item_224,targeted_100_224_V00_S0172_I00000543_P0012_f0001535,V00_S0172_I00000543_P0012,improvised/train/0004/0034/V00_S0172_I00000543_P0012,improvised/train/0004/0023/V00_S0172_I00000543_P0027A,targeted_100,1535,V00,improvised,train,grounded_gesture,stratified_fill:V00|improvised|grounded_gesture,"{""avg_fps"": 30.0, ""movement_mask_present"": true, ""npz_frames_min"": 11340, ""npz_status"": ""ok"", ""render_frames"": 300, ""stratum"": ""V00|improvised|grounded_gesture"", ""targeted_role"": ""stratified_fill"", ""valid_frac_box"": 1.0, ""valid_frac_movement"": 1.0, ""valid_frac_smplh"": 0.99515, ""video_nb_frames"": 11340}",render
item_225,targeted_100_225_V00_S0666_I00000582_P0823_f0002177,V00_S0666_I00000582_P0823,improvised/train/0012/0054/V00_S0666_I00000582_P0823,improvised/train/0012/0051/V00_S0666_I00000582_P0825A,targeted_100,2177,V00,improvised,train,ipc_conversation,stratified_fill:V00|improvised|ipc_conversation,"{""avg_fps"": 30.0, ""movement_mask_present"": true, ""npz_frames_min"": 2880, ""npz_status"": ""ok"", ""render_frames"": 300, ""stratum"": ""V00|improvised|ipc_conversation"", ""targeted_role"": ""stratified_fill"", ""valid_frac_box"": 1.0, ""valid_frac_movement"": 0.458333, ""valid_frac_smplh"": 0.996875, ""video_nb_frames"": 2880}",render
item_226,targeted_100_226_V00_S0701_I00000481_P0857_f0005163,V00_S0701_I00000481_P0857,naturalistic/train/0020/0002/V00_S0701_I00000481_P0857,naturalistic/train/0020/0007/V00_S0701_I00000481_P0856,targeted_100,5163,V00,naturalistic,train,charades,stratified_fill:V00|naturalistic|charades,"{""avg_fps"": 30.0, ""movement_mask_present"": true, ""npz_frames_min"": 7500, ""npz_status"": ""ok"", ""render_frames"": 300, ""stratum"": ""V00|naturalistic|charades"", ""targeted_role"": ""stratified_fill"", ""valid_frac_box"": 1.0, ""valid_frac_movement"": 0.904, ""valid_frac_smplh"": 0.998667, ""video_nb_frames"": 7500}",render
item_227,targeted_100_227_V00_S0423_I00000135_P0558_f0002171,V00_S0423_I00000135_P0558,naturalistic/train/0011/0036/V00_S0423_I00000135_P0558,naturalistic/train/0011/0009/V00_S0423_I00000135_P0559,targeted_100,2171,V00,naturalistic,train,collaborative_storytelling,stratified_fill:V00|naturalistic|collaborative_storytelling,"{""avg_fps"": 30.0, ""movement_mask_present"": true, ""npz_frames_min"": 2520, ""npz_status"": ""ok"", ""render_frames"": 300, ""stratum"": ""V00|naturalistic|collaborative_storytelling"", ""targeted_role"": ""stratified_fill"", ""valid_frac_box"": 1.0, ""valid_frac_movement"": 0.809524, ""valid_frac_smplh"": 0.999603, ""video_nb_frames"": 2520}",render
item_228,targeted_100_228_V00_S0405_I00000497_P0535_f0000617,V00_S0405_I00000497_P0535,naturalistic/train/0011/0040/V00_S0405_I00000497_P0535,naturalistic/train/0011/0016/V00_S0405_I00000497_P0538,targeted_100,617,V00,naturalistic,train,grounded_gesture,stratified_fill:V00|naturalistic|grounded_gesture,"{""avg_fps"": 30.0, ""movement_mask_present"": true, ""npz_frames_min"": 4200, ""npz_status"": ""ok"", ""render_frames"": 300, ""stratum"": ""V00|naturalistic|grounded_gesture"", ""targeted_role"": ""stratified_fill"", ""valid_frac_box"": 1.0, ""valid_frac_movement"": 0.942857, ""valid_frac_smplh"": 0.987381, ""video_nb_frames"": 4200}",render
item_229,targeted_100_229_V00_S0507_I00000372_P0119_f0001437,V00_S0507_I00000372_P0119,naturalistic/train/0014/0004/V00_S0507_I00000372_P0119,naturalistic/train/0014/0002/V00_S0507_I00000372_P0649,targeted_100,1437,V00,naturalistic,train,ipc_conversation,stratified_fill:V00|naturalistic|ipc_conversation,"{""avg_fps"": 30.0, ""movement_mask_present"": true, ""npz_frames_min"": 5040, ""npz_status"": ""ok"", ""render_frames"": 300, ""stratum"": ""V00|naturalistic|ipc_conversation"", ""targeted_role"": ""stratified_fill"", ""valid_frac_box"": 1.0, ""valid_frac_movement"": 0.892857, ""valid_frac_smplh"": 0.984127, ""video_nb_frames"": 5040}",render
item_230,targeted_100_230_V01_S0114_I00000129_P1214_f0001338,V01_S0114_I00000129_P1214,improvised/train/0050/0028/V01_S0114_I00000129_P1214,improvised/train/0050/0024/V01_S0114_I00000129_P1215,targeted_100,1338,V01,improvised,train,charades,stratified_fill:V01|improvised|charades,"{""avg_fps"": 29.97003, ""movement_mask_present"": false, ""npz_frames_min"": 3297, ""npz_status"": ""ok"", ""render_frames"": 300, ""stratum"": ""V01|improvised|charades"", ""targeted_role"": ""stratified_fill"", ""valid_frac_box"": 1.0, ""valid_frac_movement"": null, ""valid_frac_smplh"": 0.985138, ""video_nb_frames"": 3297}",render
item_231,targeted_100_231_V01_S0434_I00001237_P1219_f0002225,V01_S0434_I00001237_P1219,improvised/train/0054/0046/V01_S0434_I00001237_P1219,improvised/train/0054/0009/V01_S0434_I00001237_P1218,targeted_100,2225,V01,improvised,train,collaborative_storytelling,stratified_fill:V01|improvised|collaborative_storytelling,"{""avg_fps"": 29.980013, ""movement_mask_present"": false, ""npz_frames_min"": 7315, ""npz_status"": ""ok"", ""render_frames"": 300, ""stratum"": ""V01|improvised|collaborative_storytelling"", ""targeted_role"": ""stratified_fill"", ""valid_frac_box"": 1.0, ""valid_frac_movement"": null, ""valid_frac_smplh"": 0.969788, ""video_nb_frames"": 7316}",render
item_232,targeted_100_232_V01_S0549_I00000726_P1746_f0002645,V01_S0549_I00000726_P1746,improvised/train/0055/0049/V01_S0549_I00000726_P1746,improvised/train/0055/0020/V01_S0549_I00000726_P1791,targeted_100,2645,V01,improvised,train,grounded_gesture,stratified_fill:V01|improvised|grounded_gesture,"{""avg_fps"": 30.0, ""movement_mask_present"": false, ""npz_frames_min"": 8340, ""npz_status"": ""ok"", ""render_frames"": 300, ""stratum"": ""V01|improvised|grounded_gesture"", ""targeted_role"": ""stratified_fill"", ""valid_frac_box"": 1.0, ""valid_frac_movement"": null, ""valid_frac_smplh"": 0.924101, ""video_nb_frames"": 8340}",render
item_233,targeted_100_233_V01_S1823_I00000636_P2731_f0001735,V01_S1823_I00000636_P2731,improvised/train/0060/0027/V01_S1823_I00000636_P2731,improvised/train/0060/0041/V01_S1823_I00000636_P2639,targeted_100,1735,V01,improvised,train,ipc_conversation,stratified_fill:V01|improvised|ipc_conversation,"{""avg_fps"": 29.97003, ""movement_mask_present"": false, ""npz_frames_min"": 6713, ""npz_status"": ""ok"", ""render_frames"": 300, ""stratum"": ""V01|improvised|ipc_conversation"", ""targeted_role"": ""stratified_fill"", ""valid_frac_box"": 1.0, ""valid_frac_movement"": null, ""valid_frac_smplh"": 1.0, ""video_nb_frames"": 6714}",render
item_234,targeted_100_234_V01_S0070_I00000129_P1133_f0003250,V01_S0070_I00000129_P1133,naturalistic/train/0034/0051/V01_S0070_I00000129_P1133,naturalistic/train/0034/0063/V01_S0070_I00000129_P1132,targeted_100,3250,V01,naturalistic,train,charades,stratified_fill:V01|naturalistic|charades,"{""avg_fps"": 29.97003, ""movement_mask_present"": false, ""npz_frames_min"": 4436, ""npz_status"": ""ok"", ""render_frames"": 300, ""stratum"": ""V01|naturalistic|charades"", ""targeted_role"": ""stratified_fill"", ""valid_frac_box"": 1.0, ""valid_frac_movement"": null, ""valid_frac_smplh"": 0.984671, ""video_nb_frames"": 4436}",render
item_235,targeted_100_235_V01_S0064_I00000135_P1121_f0000557,V01_S0064_I00000135_P1121,naturalistic/train/0034/0020/V01_S0064_I00000135_P1121,naturalistic/train/0034/0041/V01_S0064_I00000135_P1120,targeted_100,557,V01,naturalistic,train,collaborative_storytelling,stratified_fill:V01|naturalistic|collaborative_storytelling,"{""avg_fps"": 29.97003, ""movement_mask_present"": false, ""npz_frames_min"": 2518, ""npz_status"": ""ok"", ""render_frames"": 300, ""stratum"": ""V01|naturalistic|collaborative_storytelling"", ""targeted_role"": ""stratified_fill"", ""valid_frac_box"": 1.0, ""valid_frac_movement"": null, ""valid_frac_smplh"": 1.0, ""video_nb_frames"": 2518}",render
item_236,targeted_100_236_V01_S1887_I00000625_P1717_f0005016,V01_S1887_I00000625_P1717,naturalistic/train/0043/0012/V01_S1887_I00000625_P1717,naturalistic/train/0043/0007/V01_S1887_I00000625_P2772,targeted_100,5016,V01,naturalistic,train,grounded_gesture,stratified_fill:V01|naturalistic|grounded_gesture,"{""avg_fps"": 29.97003, ""movement_mask_present"": false, ""npz_frames_min"": 5514, ""npz_status"": ""ok"", ""render_frames"": 300, ""stratum"": ""V01|naturalistic|grounded_gesture"", ""targeted_role"": ""stratified_fill"", ""valid_frac_box"": 1.0, ""valid_frac_movement"": null, ""valid_frac_smplh"": 0.985673, ""video_nb_frames"": 5514}",render
item_237,targeted_100_237_V01_S1542_I00000307_P2528_f0002192,V01_S1542_I00000307_P2528,naturalistic/train/0042/0062/V01_S1542_I00000307_P2528,naturalistic/train/0042/0049/V01_S1542_I00000307_P2527,targeted_100,2192,V01,naturalistic,train,ipc_conversation,stratified_fill:V01|naturalistic|ipc_conversation,"{""avg_fps"": 29.97003, ""movement_mask_present"": false, ""npz_frames_min"": 4256, ""npz_status"": ""ok"", ""render_frames"": 300, ""stratum"": ""V01|naturalistic|ipc_conversation"", ""targeted_role"": ""stratified_fill"", ""valid_frac_box"": 1.0, ""valid_frac_movement"": null, ""valid_frac_smplh"": 0.994361, ""video_nb_frames"": 4256}",render
item_238,targeted_100_238_V02_S3114_I00000129_P4075_f0001842,V02_S3114_I00000129_P4075,naturalistic/train/0048/0017/V02_S3114_I00000129_P4075,naturalistic/train/0048/0027/V02_S3114_I00000129_P4064,targeted_100,1842,V02,naturalistic,train,charades,stratified_fill:V02|naturalistic|charades,"{""avg_fps"": 30.0, ""movement_mask_present"": false, ""npz_frames_min"": 4020, ""npz_status"": ""ok"", ""render_frames"": 300, ""stratum"": ""V02|naturalistic|charades"", ""targeted_role"": ""stratified_fill"", ""valid_frac_box"": 1.0, ""valid_frac_movement"": null, ""valid_frac_smplh"": 0.982587, ""video_nb_frames"": 4020}",render
item_239,targeted_100_239_V02_S3073_I00000135_P4062_f0002823,V02_S3073_I00000135_P4062,naturalistic/train/0046/0046/V02_S3073_I00000135_P4062,naturalistic/train/0046/0002/V02_S3073_I00000135_P4042,targeted_100,2823,V02,naturalistic,train,collaborative_storytelling,stratified_fill:V02|naturalistic|collaborative_storytelling,"{""avg_fps"": 30.0, ""movement_mask_present"": false, ""npz_frames_min"": 7080, ""npz_status"": ""ok"", ""render_frames"": 300, ""stratum"": ""V02|naturalistic|collaborative_storytelling"", ""targeted_role"": ""stratified_fill"", ""valid_frac_box"": 1.0, ""valid_frac_movement"": null, ""valid_frac_smplh"": 1.0, ""video_nb_frames"": 7080}",render
item_240,targeted_100_240_V02_S3499_I00000736_P4221_f0005973,V02_S3499_I00000736_P4221,naturalistic/train/0071/0050/V02_S3499_I00000736_P4221,naturalistic/train/0071/0047/V02_S3499_I00000736_P4217,targeted_100,5973,V02,naturalistic,train,grounded_gesture,stratified_fill:V02|naturalistic|grounded_gesture,"{""avg_fps"": 30.0, ""movement_mask_present"": false, ""npz_frames_min"": 7080, ""npz_status"": ""ok"", ""render_frames"": 300, ""stratum"": ""V02|naturalistic|grounded_gesture"", ""targeted_role"": ""stratified_fill"", ""valid_frac_box"": 1.0, ""valid_frac_movement"": null, ""valid_frac_smplh"": 0.993927, ""video_nb_frames"": 7080}",render
item_241,targeted_100_241_V02_S3629_I00000172_P4254_f0000912,V02_S3629_I00000172_P4254,naturalistic/train/0079/0051/V02_S3629_I00000172_P4254,naturalistic/train/0079/0020/V02_S3629_I00000172_P4258,targeted_100,912,V02,naturalistic,train,ipc_conversation,stratified_fill:V02|naturalistic|ipc_conversation,"{""avg_fps"": 30.0, ""movement_mask_present"": false, ""npz_frames_min"": 5580, ""npz_status"": ""ok"", ""render_frames"": 300, ""stratum"": ""V02|naturalistic|ipc_conversation"", ""targeted_role"": ""stratified_fill"", ""valid_frac_box"": 1.0, ""valid_frac_movement"": null, ""valid_frac_smplh"": 0.989785, ""video_nb_frames"": 5580}",render
item_242,targeted_100_242_V03_S0203_I00000481_P1436_f0000789,V03_S0203_I00000481_P1436,improvised/dev/0000/0049/V03_S0203_I00000481_P1436,improvised/dev/0000/0008/V03_S0203_I00000481_P1437,targeted_100,789,V03,improvised,dev,charades,stratified_fill:V03|improvised|charades,"{""avg_fps"": 29.97003, ""movement_mask_present"": false, ""npz_frames_min"": 9650, ""npz_status"": ""ok"", ""render_frames"": 300, ""stratum"": ""V03|improvised|charades"", ""targeted_role"": ""stratified_fill"", ""valid_frac_box"": 1.0, ""valid_frac_movement"": null, ""valid_frac_smplh"": 0.981036, ""video_nb_frames"": 9651}",render
item_243,targeted_100_243_V03_S0772_I00000135_P2713_f0000332,V03_S0772_I00000135_P2713,improvised/train/0065/0141/V03_S0772_I00000135_P2713,improvised/train/0065/0004/V03_S0772_I00000135_P2462,targeted_100,332,V03,improvised,train,collaborative_storytelling,stratified_fill:V03|improvised|collaborative_storytelling,"{""avg_fps"": 29.97003, ""movement_mask_present"": false, ""npz_frames_min"": 5514, ""npz_status"": ""ok"", ""render_frames"": 300, ""stratum"": ""V03|improvised|collaborative_storytelling"", ""targeted_role"": ""stratified_fill"", ""valid_frac_box"": 1.0, ""valid_frac_movement"": null, ""valid_frac_smplh"": 0.412042, ""video_nb_frames"": 5514}",render
item_244,targeted_100_244_V03_S0352_I00000788_P1306_f0004166,V03_S0352_I00000788_P1306,improvised/train/0063/0092/V03_S0352_I00000788_P1306,improvised/train/0063/0040/V03_S0352_I00000788_P1932,targeted_100,4166,V03,improvised,train,grounded_gesture,stratified_fill:V03|improvised|grounded_gesture,"{""avg_fps"": 29.97003, ""movement_mask_present"": false, ""npz_frames_min"": 12168, ""npz_status"": ""ok"", ""render_frames"": 300, ""stratum"": ""V03|improvised|grounded_gesture"", ""targeted_role"": ""stratified_fill"", ""valid_frac_box"": 1.0, ""valid_frac_movement"": null, ""valid_frac_smplh"": 0.794872, ""video_nb_frames"": 12167}",render
item_245,targeted_100_245_V03_S0254_I00000372_P1613_f0011153,V03_S0254_I00000372_P1613,improvised/train/0063/0113/V03_S0254_I00000372_P1613,improvised/train/0063/0083/V03_S0254_I00000372_P1612,targeted_100,11153,V03,improvised,train,ipc_conversation,stratified_fill:V03|improvised|ipc_conversation,"{""avg_fps"": 29.97003, ""movement_mask_present"": false, ""npz_frames_min"": 14685, ""npz_status"": ""ok"", ""render_frames"": 300, ""stratum"": ""V03|improvised|ipc_conversation"", ""targeted_role"": ""stratified_fill"", ""valid_frac_box"": 1.0, ""valid_frac_movement"": null, ""valid_frac_smplh"": 0.990807, ""video_nb_frames"": 14685}",render
item_246,targeted_100_246_V03_S0513_I00000481_P1503_f0001082,V03_S0513_I00000481_P1503,naturalistic/train/0122/0025/V03_S0513_I00000481_P1503,naturalistic/train/0122/0032/V03_S0513_I00000481_P1502,targeted_100,1082,V03,naturalistic,train,charades,stratified_fill:V03|naturalistic|charades,"{""avg_fps"": 29.97003, ""movement_mask_present"": false, ""npz_frames_min"": 1799, ""npz_status"": ""ok"", ""render_frames"": 300, ""stratum"": ""V03|naturalistic|charades"", ""targeted_role"": ""stratified_fill"", ""valid_frac_box"": 1.0, ""valid_frac_movement"": null, ""valid_frac_smplh"": 0.954419, ""video_nb_frames"": 1799}",render
item_247,targeted_100_247_V03_S1177_I00000329_P3751_f0004102,V03_S1177_I00000329_P3751,naturalistic/train/0139/0074/V03_S1177_I00000329_P3751,naturalistic/train/0139/0092/V03_S1177_I00000329_P3750,targeted_100,4102,V03,naturalistic,train,collaborative_storytelling,stratified_fill:V03|naturalistic|collaborative_storytelling,"{""avg_fps"": 29.97003, ""movement_mask_present"": false, ""npz_frames_min"": 7733, ""npz_status"": ""ok"", ""render_frames"": 300, ""stratum"": ""V03|naturalistic|collaborative_storytelling"", ""targeted_role"": ""stratified_fill"", ""valid_frac_box"": 1.0, ""valid_frac_movement"": null, ""valid_frac_smplh"": 0.983448, ""video_nb_frames"": 7733}",render
item_248,targeted_100_248_V03_S1151_I00000066_P3621_f0001430,V03_S1151_I00000066_P3621,naturalistic/train/0138/0054/V03_S1151_I00000066_P3621,naturalistic/train/0138/0095/V03_S1151_I00000066_P3637,targeted_100,1430,V03,naturalistic,train,grounded_gesture,stratified_fill:V03|naturalistic|grounded_gesture,"{""avg_fps"": 29.97003, ""movement_mask_present"": false, ""npz_frames_min"": 7253, ""npz_status"": ""ok"", ""render_frames"": 300, ""stratum"": ""V03|naturalistic|grounded_gesture"", ""targeted_role"": ""stratified_fill"", ""valid_frac_box"": 1.0, ""valid_frac_movement"": null, ""valid_frac_smplh"": 0.979457, ""video_nb_frames"": 7253}",render
item_249,targeted_100_249_V03_S2129_I00000018_P5786_f0010663,V03_S2129_I00000018_P5786,naturalistic/train/0180/0080/V03_S2129_I00000018_P5786,naturalistic/train/0180/0028/V03_S2129_I00000018_P3739,targeted_100,10663,V03,naturalistic,train,ipc_conversation,stratified_fill:V03|naturalistic|ipc_conversation,"{""avg_fps"": 29.97003, ""movement_mask_present"": false, ""npz_frames_min"": 11088, ""npz_status"": ""ok"", ""render_frames"": 300, ""stratum"": ""V03|naturalistic|ipc_conversation"", ""targeted_role"": ""stratified_fill"", ""valid_frac_box"": 1.0, ""valid_frac_movement"": null, ""valid_frac_smplh"": 0.998016, ""video_nb_frames"": 11088}",render
item_250,targeted_100_250_V00_S0200_I00000129_P0271_f0005047,V00_S0200_I00000129_P0271,improvised/train/0004/0014/V00_S0200_I00000129_P0271,improvised/train/0004/0014/V00_S0200_I00000129_P0003A,targeted_100,5047,V00,improvised,train,charades,stratified_fill:V00|improvised|charades,"{""avg_fps"": 30.0, ""movement_mask_present"": true, ""npz_frames_min"": 6300, ""npz_status"": ""ok"", ""render_frames"": 300, ""stratum"": ""V00|improvised|charades"", ""targeted_role"": ""stratified_fill"", ""valid_frac_box"": 1.0, ""valid_frac_movement"": 0.961905, ""valid_frac_smplh"": 1.0, ""video_nb_frames"": 6300}",render
item_251,targeted_100_251_V00_S0164_I00000135_P0234_f0003026,V00_S0164_I00000135_P0234,improvised/train/0003/0026/V00_S0164_I00000135_P0234,improvised/train/0003/0023/V00_S0164_I00000135_P0027A,targeted_100,3026,V00,improvised,train,collaborative_storytelling,stratified_fill:V00|improvised|collaborative_storytelling,"{""avg_fps"": 30.0, ""movement_mask_present"": true, ""npz_frames_min"": 5460, ""npz_status"": ""ok"", ""render_frames"": 300, ""stratum"": ""V00|improvised|collaborative_storytelling"", ""targeted_role"": ""stratified_fill"", ""valid_frac_box"": 1.0, ""valid_frac_movement"": 0.637363, ""valid_frac_smplh"": 0.956044, ""video_nb_frames"": 5460}",render
item_252,targeted_100_252_V00_S1138_I00000601_P0437A_f0005645,V00_S1138_I00000601_P0437A,improvised/train/0025/0032/V00_S1138_I00000601_P0437A,improvised/train/0025/0038/V00_S1138_I00000601_P0728,targeted_100,5645,V00,improvised,train,grounded_gesture,stratified_fill:V00|improvised|grounded_gesture,"{""avg_fps"": 30.0, ""movement_mask_present"": true, ""npz_frames_min"": 13020, ""npz_status"": ""ok"", ""render_frames"": 300, ""stratum"": ""V00|improvised|grounded_gesture"", ""targeted_role"": ""stratified_fill"", ""valid_frac_box"": 1.0, ""valid_frac_movement"": 0.640553, ""valid_frac_smplh"": 0.969892, ""video_nb_frames"": 13020}",render
item_253,targeted_100_253_V00_S0330_I00000542_P0026A_f0001991,V00_S0330_I00000542_P0026A,improvised/train/0007/0018/V00_S0330_I00000542_P0026A,improvised/train/0007/0041/V00_S0330_I00000542_P0443,targeted_100,1991,V00,improvised,train,ipc_conversation,stratified_fill:V00|improvised|ipc_conversation,"{""avg_fps"": 30.0, ""movement_mask_present"": true, ""npz_frames_min"": 4260, ""npz_status"": ""ok"", ""render_frames"": 300, ""stratum"": ""V00|improvised|ipc_conversation"", ""targeted_role"": ""stratified_fill"", ""valid_frac_box"": 1.0, ""valid_frac_movement"": 0.985915, ""valid_frac_smplh"": 1.0, ""video_nb_frames"": 4260}",render
item_254,targeted_100_254_V00_S0703_I00000481_P0855_f0001965,V00_S0703_I00000481_P0855,naturalistic/train/0020/0031/V00_S0703_I00000481_P0855,naturalistic/train/0020/0015/V00_S0703_I00000481_P0858,targeted_100,1965,V00,naturalistic,train,charades,stratified_fill:V00|naturalistic|charades,"{""avg_fps"": 30.0, ""movement_mask_present"": true, ""npz_frames_min"": 4380, ""npz_status"": ""ok"", ""render_frames"": 300, ""stratum"": ""V00|naturalistic|charades"", ""targeted_role"": ""stratified_fill"", ""valid_frac_box"": 1.0, ""valid_frac_movement"": 0.931507, ""valid_frac_smplh"": 1.0, ""video_nb_frames"": 4380}",render
item_255,targeted_100_255_V00_S0589_I00000135_P0742_f0001975,V00_S0589_I00000135_P0742,naturalistic/test/0000/0020/V00_S0589_I00000135_P0742,naturalistic/test/0000/0041/V00_S0589_I00000135_P0743,targeted_100,1975,V00,naturalistic,test,collaborative_storytelling,stratified_fill:V00|naturalistic|collaborative_storytelling,"{""avg_fps"": 30.0, ""movement_mask_present"": true, ""npz_frames_min"": 4140, ""npz_status"": ""ok"", ""render_frames"": 300, ""stratum"": ""V00|naturalistic|collaborative_storytelling"", ""targeted_role"": ""stratified_fill"", ""valid_frac_box"": 1.0, ""valid_frac_movement"": 1.0, ""valid_frac_smplh"": 1.0, ""video_nb_frames"": 4140}",render
item_256,targeted_100_256_V00_S0032_I00000520_P0049_f0006209,V00_S0032_I00000520_P0049,naturalistic/train/0000/0002/V00_S0032_I00000520_P0049,naturalistic/train/0000/0033/V00_S0032_I00000520_P0050,targeted_100,6209,V00,naturalistic,train,grounded_gesture,stratified_fill:V00|naturalistic|grounded_gesture,"{""avg_fps"": 30.0, ""movement_mask_present"": true, ""npz_frames_min"": 13980, ""npz_status"": ""ok"", ""render_frames"": 300, ""stratum"": ""V00|naturalistic|grounded_gesture"", ""targeted_role"": ""stratified_fill"", ""valid_frac_box"": 1.0, ""valid_frac_movement"": 0.948498, ""valid_frac_smplh"": 0.990486, ""video_nb_frames"": 13980}",render
item_257,targeted_100_257_V00_S0313_I00000309_P0176_f0005985,V00_S0313_I00000309_P0176,naturalistic/train/0007/0021/V00_S0313_I00000309_P0176,naturalistic/train/0007/0028/V00_S0313_I00000309_P0145,targeted_100,5985,V00,naturalistic,train,ipc_conversation,stratified_fill:V00|naturalistic|ipc_conversation,"{""avg_fps"": 30.0, ""movement_mask_present"": true, ""npz_frames_min"": 6720, ""npz_status"": ""ok"", ""render_frames"": 300, ""stratum"": ""V00|naturalistic|ipc_conversation"", ""targeted_role"": ""stratified_fill"", ""valid_frac_box"": 0.995089, ""valid_frac_movement"": 0.946429, ""valid_frac_smplh"": 0.993155, ""video_nb_frames"": 6720}",render
item_258,targeted_100_258_V01_S1545_I00000129_P2519_f0002962,V01_S1545_I00000129_P2519,improvised/test/0000/0043/V01_S1545_I00000129_P2519,improvised/test/0000/0005/V01_S1545_I00000129_P2518,targeted_100,2962,V01,improvised,test,charades,stratified_fill:V01|improvised|charades,"{""avg_fps"": 29.97003, ""movement_mask_present"": false, ""npz_frames_min"": 3776, ""npz_status"": ""ok"", ""render_frames"": 300, ""stratum"": ""V01|improvised|charades"", ""targeted_role"": ""stratified_fill"", ""valid_frac_box"": 1.0, ""valid_frac_movement"": null, ""valid_frac_smplh"": 0.959746, ""video_nb_frames"": 3776}",render
item_259,targeted_100_259_V01_S1823_I00000644_P2639_f0002183,V01_S1823_I00000644_P2639,improvised/train/0060/0045/V01_S1823_I00000644_P2639,improvised/train/0060/0023/V01_S1823_I00000644_P2731,targeted_100,2183,V01,improvised,train,collaborative_storytelling,stratified_fill:V01|improvised|collaborative_storytelling,"{""avg_fps"": 29.97003, ""movement_mask_present"": false, ""npz_frames_min"": 3416, ""npz_status"": ""ok"", ""render_frames"": 300, ""stratum"": ""V01|improvised|collaborative_storytelling"", ""targeted_role"": ""stratified_fill"", ""valid_frac_box"": 1.0, ""valid_frac_movement"": null, ""valid_frac_smplh"": 1.0, ""video_nb_frames"": 3416}",render
item_260,targeted_100_260_V01_S1739_I00000654_P2145_f0001814,V01_S1739_I00000654_P2145,improvised/train/0060/0044/V01_S1739_I00000654_P2145,improvised/train/0060/0017/V01_S1739_I00000654_P2686,targeted_100,1814,V01,improvised,train,grounded_gesture,stratified_fill:V01|improvised|grounded_gesture,"{""avg_fps"": 29.980013, ""movement_mask_present"": false, ""npz_frames_min"": 6835, ""npz_status"": ""ok"", ""render_frames"": 300, ""stratum"": ""V01|improvised|grounded_gesture"", ""targeted_role"": ""stratified_fill"", ""valid_frac_box"": 1.0, ""valid_frac_movement"": null, ""valid_frac_smplh"": 1.0, ""video_nb_frames"": 6835}",render
item_261,targeted_100_261_V01_S1708_I00000708_P1963_f0004475,V01_S1708_I00000708_P1963,improvised/train/0059/0046/V01_S1708_I00000708_P1963,improvised/train/0059/0047/V01_S1708_I00000708_P2654,targeted_100,4475,V01,improvised,train,ipc_conversation,stratified_fill:V01|improvised|ipc_conversation,"{""avg_fps"": 29.980013, ""movement_mask_present"": false, ""npz_frames_min"": 6416, ""npz_status"": ""ok"", ""render_frames"": 300, ""stratum"": ""V01|improvised|ipc_conversation"", ""targeted_role"": ""stratified_fill"", ""valid_frac_box"": 1.0, ""valid_frac_movement"": null, ""valid_frac_smplh"": 0.979738, ""video_nb_frames"": 6416}",render
item_262,targeted_100_262_V01_S0048_I00000129_P1092_f0000303,V01_S0048_I00000129_P1092,naturalistic/train/0033/0007/V01_S0048_I00000129_P1092,naturalistic/train/0033/0003/V01_S0048_I00000129_P1093,targeted_100,303,V01,naturalistic,train,charades,stratified_fill:V01|naturalistic|charades,"{""avg_fps"": 29.97003, ""movement_mask_present"": false, ""npz_frames_min"": 2337, ""npz_status"": ""ok"", ""render_frames"": 300, ""stratum"": ""V01|naturalistic|charades"", ""targeted_role"": ""stratified_fill"", ""valid_frac_box"": 1.0, ""valid_frac_movement"": null, ""valid_frac_smplh"": 0.968763, ""video_nb_frames"": 2337}",render
item_263,targeted_100_263_V01_S0039_I00000135_P1075_f0007607,V01_S0039_I00000135_P1075,naturalistic/test/0001/0045/V01_S0039_I00000135_P1075,naturalistic/test/0001/0040/V01_S0039_I00000135_P1074,targeted_100,7607,V01,naturalistic,test,collaborative_storytelling,stratified_fill:V01|naturalistic|collaborative_storytelling,"{""avg_fps"": 29.97003, ""movement_mask_present"": false, ""npz_frames_min"": 8632, ""npz_status"": ""ok"", ""render_frames"": 300, ""stratum"": ""V01|naturalistic|collaborative_storytelling"", ""targeted_role"": ""stratified_fill"", ""valid_frac_box"": 1.0, ""valid_frac_movement"": null, ""valid_frac_smplh"": 0.914968, ""video_nb_frames"": 8632}",render
item_264,targeted_100_264_V01_S0198_I00000632_P1369_f0003918,V01_S0198_I00000632_P1369,naturalistic/train/0038/0006/V01_S0198_I00000632_P1369,naturalistic/train/0038/0039/V01_S0198_I00000632_P1368,targeted_100,3918,V01,naturalistic,train,grounded_gesture,stratified_fill:V01|naturalistic|grounded_gesture,"{""avg_fps"": 29.97003, ""movement_mask_present"": false, ""npz_frames_min"": 5814, ""npz_status"": ""ok"", ""render_frames"": 300, ""stratum"": ""V01|naturalistic|grounded_gesture"", ""targeted_role"": ""stratified_fill"", ""valid_frac_box"": 1.0, ""valid_frac_movement"": null, ""valid_frac_smplh"": 0.994496, ""video_nb_frames"": 5814}",render
item_265,targeted_100_265_V01_S1267_I00000125_P2284_f0003052,V01_S1267_I00000125_P2284,naturalistic/dev/0001/0002/V01_S1267_I00000125_P2284,naturalistic/dev/0001/0010/V01_S1267_I00000125_P2283,targeted_100,3052,V01,naturalistic,dev,ipc_conversation,stratified_fill:V01|naturalistic|ipc_conversation,"{""avg_fps"": 29.97003, ""movement_mask_present"": false, ""npz_frames_min"": 3656, ""npz_status"": ""ok"", ""render_frames"": 300, ""stratum"": ""V01|naturalistic|ipc_conversation"", ""targeted_role"": ""stratified_fill"", ""valid_frac_box"": 1.0, ""valid_frac_movement"": null, ""valid_frac_smplh"": 0.984136, ""video_nb_frames"": 3656}",render
item_266,targeted_100_266_V02_S5008_I00000481_P5014_f0000497,V02_S5008_I00000481_P5014,naturalistic/train/0081/0014/V02_S5008_I00000481_P5014,naturalistic/train/0081/0011/V02_S5008_I00000481_P5010,targeted_100,497,V02,naturalistic,train,charades,stratified_fill:V02|naturalistic|charades,"{""avg_fps"": 30.0, ""movement_mask_present"": false, ""npz_frames_min"": 3720, ""npz_status"": ""ok"", ""render_frames"": 300, ""stratum"": ""V02|naturalistic|charades"", ""targeted_role"": ""stratified_fill"", ""valid_frac_box"": 1.0, ""valid_frac_movement"": null, ""valid_frac_smplh"": 0.976882, ""video_nb_frames"": 3720}",render
item_267,targeted_100_267_V02_S3315_I00000135_P4161_f0003779,V02_S3315_I00000135_P4161,naturalistic/train/0060/0019/V02_S3315_I00000135_P4161,naturalistic/train/0060/0040/V02_S3315_I00000135_P4162,targeted_100,3779,V02,naturalistic,train,collaborative_storytelling,stratified_fill:V02|naturalistic|collaborative_storytelling,"{""avg_fps"": 30.0, ""movement_mask_present"": false, ""npz_frames_min"": 5520, ""npz_status"": ""ok"", ""render_frames"": 300, ""stratum"": ""V02|naturalistic|collaborative_storytelling"", ""targeted_role"": ""stratified_fill"", ""valid_frac_box"": 1.0, ""valid_frac_movement"": null, ""valid_frac_smplh"": 0.96087, ""video_nb_frames"": 5520}",render
item_268,targeted_100_268_V02_S5165_I00000741_P5056_f0003662,V02_S5165_I00000741_P5056,naturalistic/train/0091/0042/V02_S5165_I00000741_P5056,naturalistic/train/0091/0012/V02_S5165_I00000741_P5050,targeted_100,3662,V02,naturalistic,train,grounded_gesture,stratified_fill:V02|naturalistic|grounded_gesture,"{""avg_fps"": 30.0, ""movement_mask_present"": false, ""npz_frames_min"": 5160, ""npz_status"": ""ok"", ""render_frames"": 300, ""stratum"": ""V02|naturalistic|grounded_gesture"", ""targeted_role"": ""stratified_fill"", ""valid_frac_box"": 1.0, ""valid_frac_movement"": null, ""valid_frac_smplh"": 1.0, ""video_nb_frames"": 5160}",render
item_269,targeted_100_269_V02_S5300_I00000055_P5230_f0004720,V02_S5300_I00000055_P5230,naturalistic/train/0100/0022/V02_S5300_I00000055_P5230,naturalistic/train/0100/0041/V02_S5300_I00000055_P5280,targeted_100,4720,V02,naturalistic,train,ipc_conversation,stratified_fill:V02|naturalistic|ipc_conversation,"{""avg_fps"": 30.0, ""movement_mask_present"": false, ""npz_frames_min"": 5100, ""npz_status"": ""ok"", ""render_frames"": 300, ""stratum"": ""V02|naturalistic|ipc_conversation"", ""targeted_role"": ""stratified_fill"", ""valid_frac_box"": 1.0, ""valid_frac_movement"": null, ""valid_frac_smplh"": 0.966275, ""video_nb_frames"": 5100}",render
item_270,targeted_100_270_V03_S1105_I00000481_P3671_f0003313,V03_S1105_I00000481_P3671,improvised/train/0065/0060/V03_S1105_I00000481_P3671,improvised/train/0065/0090/V03_S1105_I00000481_P1306,targeted_100,3313,V03,improvised,train,charades,stratified_fill:V03|improvised|charades,"{""avg_fps"": 29.97003, ""movement_mask_present"": false, ""npz_frames_min"": 4675, ""npz_status"": ""ok"", ""render_frames"": 300, ""stratum"": ""V03|improvised|charades"", ""targeted_role"": ""stratified_fill"", ""valid_frac_box"": 1.0, ""valid_frac_movement"": null, ""valid_frac_smplh"": 0.947594, ""video_nb_frames"": 4675}",render
item_271,targeted_100_271_V03_S0371_I00000135_P2201_f0002404,V03_S0371_I00000135_P2201,improvised/train/0063/0076/V03_S0371_I00000135_P2201,improvised/train/0063/0037/V03_S0371_I00000135_P2223,targeted_100,2404,V03,improvised,train,collaborative_storytelling,stratified_fill:V03|improvised|collaborative_storytelling,"{""avg_fps"": 29.97003, ""movement_mask_present"": false, ""npz_frames_min"": 3596, ""npz_status"": ""ok"", ""render_frames"": 300, ""stratum"": ""V03|improvised|collaborative_storytelling"", ""targeted_role"": ""stratified_fill"", ""valid_frac_box"": 1.0, ""valid_frac_movement"": null, ""valid_frac_smplh"": 0.990823, ""video_nb_frames"": 3596}",render
item_272,targeted_100_272_V03_S0367_I00000792_P1288_f0004178,V03_S0367_I00000792_P1288,improvised/train/0063/0062/V03_S0367_I00000792_P1288,improvised/train/0063/0051/V03_S0367_I00000792_P1422,targeted_100,4178,V03,improvised,train,grounded_gesture,stratified_fill:V03|improvised|grounded_gesture,"{""avg_fps"": 29.97003, ""movement_mask_present"": false, ""npz_frames_min"": 4496, ""npz_status"": ""ok"", ""render_frames"": 300, ""stratum"": ""V03|improvised|grounded_gesture"", ""targeted_role"": ""stratified_fill"", ""valid_frac_box"": 1.0, ""valid_frac_movement"": null, ""valid_frac_smplh"": 1.0, ""video_nb_frames"": 4496}",render
item_273,targeted_100_273_V03_S0383_I00000544_P1989_f0005849,V03_S0383_I00000544_P1989,improvised/train/0064/0169/V03_S0383_I00000544_P1989,improvised/train/0064/0037/V03_S0383_I00000544_P1306,targeted_100,5849,V03,improvised,train,ipc_conversation,stratified_fill:V03|improvised|ipc_conversation,"{""avg_fps"": 29.966214, ""movement_mask_present"": false, ""npz_frames_min"": 7852, ""npz_status"": ""ok"", ""render_frames"": 300, ""stratum"": ""V03|improvised|ipc_conversation"", ""targeted_role"": ""stratified_fill"", ""valid_frac_box"": 1.0, ""valid_frac_movement"": null, ""valid_frac_smplh"": 0.108635, ""video_nb_frames"": 7852}",render
item_274,targeted_100_274_V03_S0122_I00000376_P1268_f0001635,V03_S0122_I00000376_P1268,naturalistic/train/0106/0090/V03_S0122_I00000376_P1268,naturalistic/train/0106/0021/V03_S0122_I00000376_P1195,targeted_100,1635,V03,naturalistic,train,charades,stratified_fill:V03|naturalistic|charades,"{""avg_fps"": 29.97003, ""movement_mask_present"": false, ""npz_frames_min"": 5994, ""npz_status"": ""ok"", ""render_frames"": 300, ""stratum"": ""V03|naturalistic|charades"", ""targeted_role"": ""stratified_fill"", ""valid_frac_box"": 1.0, ""valid_frac_movement"": null, ""valid_frac_smplh"": 0.915916, ""video_nb_frames"": 5994}",render
item_275,targeted_100_275_V03_S1464_I00000194_P1763_f0001956,V03_S1464_I00000194_P1763,naturalistic/train/0152/0160/V03_S1464_I00000194_P1763,naturalistic/train/0152/0037/V03_S1464_I00000194_P2790,targeted_100,1956,V03,naturalistic,train,collaborative_storytelling,stratified_fill:V03|naturalistic|collaborative_storytelling,"{""avg_fps"": 29.97003, ""movement_mask_present"": false, ""npz_frames_min"": 6593, ""npz_status"": ""ok"", ""render_frames"": 300, ""stratum"": ""V03|naturalistic|collaborative_storytelling"", ""targeted_role"": ""stratified_fill"", ""valid_frac_box"": 0.879569, ""valid_frac_movement"": null, ""valid_frac_smplh"": 0.475049, ""video_nb_frames"": 6593}",render
item_276,targeted_100_276_V03_S1347_I00000428_P3750_f0010941,V03_S1347_I00000428_P3750,naturalistic/train/0147/0030/V03_S1347_I00000428_P3750,naturalistic/train/0147/0055/V03_S1347_I00000428_P2244,targeted_100,10941,V03,naturalistic,train,grounded_gesture,stratified_fill:V03|naturalistic|grounded_gesture,"{""avg_fps"": 29.97003, ""movement_mask_present"": false, ""npz_frames_min"": 18821, ""npz_status"": ""ok"", ""render_frames"": 300, ""stratum"": ""V03|naturalistic|grounded_gesture"", ""targeted_role"": ""stratified_fill"", ""valid_frac_box"": 1.0, ""valid_frac_movement"": null, ""valid_frac_smplh"": 0.983104, ""video_nb_frames"": 18822}",render
item_277,targeted_100_277_V03_S1221_I00000287_P3778_f0001241,V03_S1221_I00000287_P3778,naturalistic/dev/0002/0074/V03_S1221_I00000287_P3778,naturalistic/dev/0002/0068/V03_S1221_I00000287_P3779,targeted_100,1241,V03,naturalistic,dev,ipc_conversation,stratified_fill:V03|naturalistic|ipc_conversation,"{""avg_fps"": 29.97003, ""movement_mask_present"": false, ""npz_frames_min"": 4076, ""npz_status"": ""ok"", ""render_frames"": 300, ""stratum"": ""V03|naturalistic|ipc_conversation"", ""targeted_role"": ""stratified_fill"", ""valid_frac_box"": 1.0, ""valid_frac_movement"": null, ""valid_frac_smplh"": 0.979146, ""video_nb_frames"": 4075}",render
item_278,targeted_100_278_V00_S0430_I00000129_P0059A_f0002521,V00_S0430_I00000129_P0059A,improvised/train/0009/0010/V00_S0430_I00000129_P0059A,improvised/train/0009/0019/V00_S0430_I00000129_P0565,targeted_100,2521,V00,improvised,train,charades,stratified_fill:V00|improvised|charades,"{""avg_fps"": 30.0, ""movement_mask_present"": true, ""npz_frames_min"": 3660, ""npz_status"": ""ok"", ""render_frames"": 300, ""stratum"": ""V00|improvised|charades"", ""targeted_role"": ""stratified_fill"", ""valid_frac_box"": 1.0, ""valid_frac_movement"": 0.868852, ""valid_frac_smplh"": 0.961749, ""video_nb_frames"": 3660}",render
item_279,targeted_100_279_V00_S1903_I00001141_P0106A_f0003677,V00_S1903_I00001141_P0106A,improvised/train/0046/0051/V00_S1903_I00001141_P0106A,improvised/train/0046/0016/V00_S1903_I00001141_P0933A,targeted_100,3677,V00,improvised,train,collaborative_storytelling,stratified_fill:V00|improvised|collaborative_storytelling,"{""avg_fps"": 30.0, ""movement_mask_present"": true, ""npz_frames_min"": 5760, ""npz_status"": ""ok"", ""render_frames"": 300, ""stratum"": ""V00|improvised|collaborative_storytelling"", ""targeted_role"": ""stratified_fill"", ""valid_frac_box"": 1.0, ""valid_frac_movement"": 0.0, ""valid_frac_smplh"": 1.0, ""video_nb_frames"": 5760}",render
item_280,targeted_100_280_V00_S1248_I00000643_P0262A_f0003438,V00_S1248_I00000643_P0262A,improvised/train/0028/0055/V00_S1248_I00000643_P0262A,improvised/train/0028/0000/V00_S1248_I00000643_P0150A,targeted_100,3438,V00,improvised,train,grounded_gesture,stratified_fill:V00|improvised|grounded_gesture,"{""avg_fps"": 30.0, ""movement_mask_present"": true, ""npz_frames_min"": 7800, ""npz_status"": ""ok"", ""render_frames"": 300, ""stratum"": ""V00|improvised|grounded_gesture"", ""targeted_role"": ""stratified_fill"", ""valid_frac_box"": 0.993333, ""valid_frac_movement"": 0.769231, ""valid_frac_smplh"": 0.975, ""video_nb_frames"": 7800}",render
item_281,targeted_100_281_V00_S0646_I00000852_P0005A_f0003988,V00_S0646_I00000852_P0005A,improvised/train/0012/0008/V00_S0646_I00000852_P0005A,improvised/train/0012/0009/V00_S0646_I00000852_P0658A,targeted_100,3988,V00,improvised,train,ipc_conversation,stratified_fill:V00|improvised|ipc_conversation,"{""avg_fps"": 30.0, ""movement_mask_present"": true, ""npz_frames_min"": 16800, ""npz_status"": ""ok"", ""render_frames"": 300, ""stratum"": ""V00|improvised|ipc_conversation"", ""targeted_role"": ""stratified_fill"", ""valid_frac_box"": 1.0, ""valid_frac_movement"": 0.989286, ""valid_frac_smplh"": 0.997679, ""video_nb_frames"": 16800}",render
item_282,targeted_100_282_V00_S0509_I00000481_P0652_f0000092,V00_S0509_I00000481_P0652,naturalistic/train/0014/0027/V00_S0509_I00000481_P0652,naturalistic/train/0014/0021/V00_S0509_I00000481_P0653,targeted_100,92,V00,naturalistic,train,charades,stratified_fill:V00|naturalistic|charades,"{""avg_fps"": 30.0, ""movement_mask_present"": true, ""npz_frames_min"": 1920, ""npz_status"": ""ok"", ""render_frames"": 300, ""stratum"": ""V00|naturalistic|charades"", ""targeted_role"": ""stratified_fill"", ""valid_frac_box"": 1.0, ""valid_frac_movement"": 0.96875, ""valid_frac_smplh"": 0.998437, ""video_nb_frames"": 1920}",render
item_283,targeted_100_283_V00_S0188_I00000135_P0260_f0001705,V00_S0188_I00000135_P0260,naturalistic/train/0004/0016/V00_S0188_I00000135_P0260,naturalistic/train/0004/0024/V00_S0188_I00000135_P0073,targeted_100,1705,V00,naturalistic,train,collaborative_storytelling,stratified_fill:V00|naturalistic|collaborative_storytelling,"{""avg_fps"": 30.0, ""movement_mask_present"": true, ""npz_frames_min"": 3600, ""npz_status"": ""ok"", ""render_frames"": 300, ""stratum"": ""V00|naturalistic|collaborative_storytelling"", ""targeted_role"": ""stratified_fill"", ""valid_frac_box"": 1.0, ""valid_frac_movement"": 0.85, ""valid_frac_smplh"": 1.0, ""video_nb_frames"": 3600}",render
item_284,targeted_100_284_V00_S0391_I00000520_P0520_f0003158,V00_S0391_I00000520_P0520,naturalistic/train/0010/0044/V00_S0391_I00000520_P0520,naturalistic/train/0010/0025/V00_S0391_I00000520_P0519,targeted_100,3158,V00,naturalistic,train,grounded_gesture,stratified_fill:V00|naturalistic|grounded_gesture,"{""avg_fps"": 30.0, ""movement_mask_present"": true, ""npz_frames_min"": 8340, ""npz_status"": ""ok"", ""render_frames"": 300, ""stratum"": ""V00|naturalistic|grounded_gesture"", ""targeted_role"": ""stratified_fill"", ""valid_frac_box"": 1.0, ""valid_frac_movement"": 0.884892, ""valid_frac_smplh"": 0.978897, ""video_nb_frames"": 8340}",render
item_285,targeted_100_285_V00_S0548_I00000128_P0694_f0004511,V00_S0548_I00000128_P0694,naturalistic/test/0000/0036/V00_S0548_I00000128_P0694,naturalistic/test/0000/0036/V00_S0548_I00000128_P0695,targeted_100,4511,V00,naturalistic,test,ipc_conversation,stratified_fill:V00|naturalistic|ipc_conversation,"{""avg_fps"": 30.0, ""movement_mask_present"": true, ""npz_frames_min"": 8340, ""npz_status"": ""ok"", ""render_frames"": 300, ""stratum"": ""V00|naturalistic|ipc_conversation"", ""targeted_role"": ""stratified_fill"", ""valid_frac_box"": 1.0, ""valid_frac_movement"": 0.971223, ""valid_frac_smplh"": 0.998921, ""video_nb_frames"": 8340}",render
item_286,targeted_100_286_V01_S0095_I00000129_P1182_f0001187,V01_S0095_I00000129_P1182,improvised/train/0050/0013/V01_S0095_I00000129_P1182,improvised/train/0050/0011/V01_S0095_I00000129_P1183,targeted_100,1187,V01,improvised,train,charades,stratified_fill:V01|improvised|charades,"{""avg_fps"": 29.97003, ""movement_mask_present"": false, ""npz_frames_min"": 2997, ""npz_status"": ""ok"", ""render_frames"": 300, ""stratum"": ""V01|improvised|charades"", ""targeted_role"": ""stratified_fill"", ""valid_frac_box"": 1.0, ""valid_frac_movement"": null, ""valid_frac_smplh"": 0.95629, ""video_nb_frames"": 2997}",render
item_287,targeted_100_287_V01_S0171_I00001295_P1315_f0001938,V01_S0171_I00001295_P1315,improvised/train/0050/0036/V01_S0171_I00001295_P1315,improvised/train/0050/0030/V01_S0171_I00001295_P1314,targeted_100,1938,V01,improvised,train,collaborative_storytelling,stratified_fill:V01|improvised|collaborative_storytelling,"{""avg_fps"": 30.0, ""movement_mask_present"": false, ""npz_frames_min"": 4140, ""npz_status"": ""ok"", ""render_frames"": 300, ""stratum"": ""V01|improvised|collaborative_storytelling"", ""targeted_role"": ""stratified_fill"", ""valid_frac_box"": 1.0, ""valid_frac_movement"": null, ""valid_frac_smplh"": 1.0, ""video_nb_frames"": 4139}",render
item_288,targeted_100_288_V01_S1893_I00000654_P2689_f0004547,V01_S1893_I00000654_P2689,improvised/train/0061/0042/V01_S1893_I00000654_P2689,improvised/train/0061/0027/V01_S1893_I00000654_P2675,targeted_100,4547,V01,improvised,train,grounded_gesture,stratified_fill:V01|improvised|grounded_gesture,"{""avg_fps"": 29.980013, ""movement_mask_present"": false, ""npz_frames_min"": 6415, ""npz_status"": ""ok"", ""render_frames"": 300, ""stratum"": ""V01|improvised|grounded_gesture"", ""targeted_role"": ""stratified_fill"", ""valid_frac_box"": 1.0, ""valid_frac_movement"": null, ""valid_frac_smplh"": 0.997973, ""video_nb_frames"": 6415}",render
item_289,targeted_100_289_V01_S0180_I00001227_P1332_f0004024,V01_S0180_I00001227_P1332,improvised/train/0051/0029/V01_S0180_I00001227_P1332,improvised/train/0051/0028/V01_S0180_I00001227_P1333,targeted_100,4024,V01,improvised,train,ipc_conversation,stratified_fill:V01|improvised|ipc_conversation,"{""avg_fps"": 29.995192, ""movement_mask_present"": false, ""npz_frames_min"": 6240, ""npz_status"": ""ok"", ""render_frames"": 300, ""stratum"": ""V01|improvised|ipc_conversation"", ""targeted_role"": ""stratified_fill"", ""valid_frac_box"": 1.0, ""valid_frac_movement"": null, ""valid_frac_smplh"": 0.807532, ""video_nb_frames"": 6238}",render
item_290,targeted_100_290_V01_S1397_I00000129_P2413_f0000538,V01_S1397_I00000129_P2413,naturalistic/train/0041/0036/V01_S1397_I00000129_P2413,naturalistic/train/0041/0021/V01_S1397_I00000129_P2414,targeted_100,538,V01,naturalistic,train,charades,stratified_fill:V01|naturalistic|charades,"{""avg_fps"": 29.97003, ""movement_mask_present"": false, ""npz_frames_min"": 3536, ""npz_status"": ""ok"", ""render_frames"": 300, ""stratum"": ""V01|naturalistic|charades"", ""targeted_role"": ""stratified_fill"", ""valid_frac_box"": 1.0, ""valid_frac_movement"": null, ""valid_frac_smplh"": 0.933258, ""video_nb_frames"": 3536}",render
item_291,targeted_100_291_V01_S0139_I00000135_P1055_f0001208,V01_S0139_I00000135_P1055,naturalistic/train/0036/0035/V01_S0139_I00000135_P1055,naturalistic/train/0036/0016/V01_S0139_I00000135_P1255,targeted_100,1208,V01,naturalistic,train,collaborative_storytelling,stratified_fill:V01|naturalistic|collaborative_storytelling,"{""avg_fps"": 29.97003, ""movement_mask_present"": false, ""npz_frames_min"": 3177, ""npz_status"": ""ok"", ""render_frames"": 300, ""stratum"": ""V01|naturalistic|collaborative_storytelling"", ""targeted_role"": ""stratified_fill"", ""valid_frac_box"": 1.0, ""valid_frac_movement"": null, ""valid_frac_smplh"": 0.996223, ""video_nb_frames"": 3177}",render
item_292,targeted_100_292_V01_S0203_I00000632_P1378_f0006416,V01_S0203_I00000632_P1378,naturalistic/train/0038/0014/V01_S0203_I00000632_P1378,naturalistic/train/0038/0003/V01_S0203_I00000632_P1379,targeted_100,6416,V01,naturalistic,train,grounded_gesture,stratified_fill:V01|naturalistic|grounded_gesture,"{""avg_fps"": 29.97003, ""movement_mask_present"": false, ""npz_frames_min"": 8091, ""npz_status"": ""ok"", ""render_frames"": 300, ""stratum"": ""V01|naturalistic|grounded_gesture"", ""targeted_role"": ""stratified_fill"", ""valid_frac_box"": 1.0, ""valid_frac_movement"": null, ""valid_frac_smplh"": 0.985416, ""video_nb_frames"": 8091}",render
item_293,targeted_100_293_V01_S1255_I00000131_P1472_f0000777,V01_S1255_I00000131_P1472,naturalistic/train/0040/0032/V01_S1255_I00000131_P1472,naturalistic/train/0040/0023/V01_S1255_I00000131_P1518,targeted_100,777,V01,naturalistic,train,ipc_conversation,stratified_fill:V01|naturalistic|ipc_conversation,"{""avg_fps"": 29.97003, ""movement_mask_present"": false, ""npz_frames_min"": 1559, ""npz_status"": ""ok"", ""render_frames"": 300, ""stratum"": ""V01|naturalistic|ipc_conversation"", ""targeted_role"": ""stratified_fill"", ""valid_frac_box"": 1.0, ""valid_frac_movement"": null, ""valid_frac_smplh"": 0.975625, ""video_nb_frames"": 1558}",render
item_294,targeted_100_294_V02_S3225_I00000376_P4120_f0001844,V02_S3225_I00000376_P4120,naturalistic/train/0055/0009/V02_S3225_I00000376_P4120,naturalistic/train/0055/0041/V02_S3225_I00000376_P4095,targeted_100,1844,V02,naturalistic,train,charades,stratified_fill:V02|naturalistic|charades,"{""avg_fps"": 30.0, ""movement_mask_present"": false, ""npz_frames_min"": 3720, ""npz_status"": ""ok"", ""render_frames"": 300, ""stratum"": ""V02|naturalistic|charades"", ""targeted_role"": ""stratified_fill"", ""valid_frac_box"": 1.0, ""valid_frac_movement"": null, ""valid_frac_smplh"": 0.944355, ""video_nb_frames"": 3720}",render
item_295,targeted_100_295_V02_S3020_I00000135_P4025_f0004044,V02_S3020_I00000135_P4025,naturalistic/train/0043/0001/V02_S3020_I00000135_P4025,naturalistic/train/0043/0024/V02_S3020_I00000135_P4001,targeted_100,4044,V02,naturalistic,train,collaborative_storytelling,stratified_fill:V02|naturalistic|collaborative_storytelling,"{""avg_fps"": 30.0, ""movement_mask_present"": false, ""npz_frames_min"": 5520, ""npz_status"": ""ok"", ""render_frames"": 300, ""stratum"": ""V02|naturalistic|collaborative_storytelling"", ""targeted_role"": ""stratified_fill"", ""valid_frac_box"": 1.0, ""valid_frac_movement"": null, ""valid_frac_smplh"": 0.998188, ""video_nb_frames"": 5520}",render
item_296,targeted_100_296_V02_S5069_I00000738_P5087_f0002797,V02_S5069_I00000738_P5087,naturalistic/train/0085/0038/V02_S5069_I00000738_P5087,naturalistic/train/0085/0030/V02_S5069_I00000738_P5029,targeted_100,2797,V02,naturalistic,train,grounded_gesture,stratified_fill:V02|naturalistic|grounded_gesture,"{""avg_fps"": 30.0, ""movement_mask_present"": false, ""npz_frames_min"": 7380, ""npz_status"": ""ok"", ""render_frames"": 300, ""stratum"": ""V02|naturalistic|grounded_gesture"", ""targeted_role"": ""stratified_fill"", ""valid_frac_box"": 1.0, ""valid_frac_movement"": null, ""valid_frac_smplh"": 0.962466, ""video_nb_frames"": 7380}",render
item_297,targeted_100_297_V02_S5321_I00000035_P5210_f0004485,V02_S5321_I00000035_P5210,naturalistic/train/0101/0039/V02_S5321_I00000035_P5210,naturalistic/train/0101/0039/V02_S5321_I00000035_P5270,targeted_100,4485,V02,naturalistic,train,ipc_conversation,stratified_fill:V02|naturalistic|ipc_conversation,"{""avg_fps"": 30.0, ""movement_mask_present"": false, ""npz_frames_min"": 5100, ""npz_status"": ""ok"", ""render_frames"": 300, ""stratum"": ""V02|naturalistic|ipc_conversation"", ""targeted_role"": ""stratified_fill"", ""valid_frac_box"": 1.0, ""valid_frac_movement"": null, ""valid_frac_smplh"": 0.951176, ""video_nb_frames"": 5100}",render
item_298,targeted_100_298_V03_S0253_I00000376_P1611_f0000755,V03_S0253_I00000376_P1611,improvised/train/0063/0127/V03_S0253_I00000376_P1611,improvised/train/0063/0141/V03_S0253_I00000376_P1327,targeted_100,755,V03,improvised,train,charades,stratified_fill:V03|improvised|charades,"{""avg_fps"": 29.97003, ""movement_mask_present"": false, ""npz_frames_min"": 4795, ""npz_status"": ""ok"", ""render_frames"": 300, ""stratum"": ""V03|improvised|charades"", ""targeted_role"": ""stratified_fill"", ""valid_frac_box"": 1.0, ""valid_frac_movement"": null, ""valid_frac_smplh"": 0.747028, ""video_nb_frames"": 4796}",render
item_299,targeted_100_299_V03_S0276_I00000135_P1699_f0012252,V03_S0276_I00000135_P1699,improvised/train/0063/0032/V03_S0276_I00000135_P1699,improvised/train/0063/0019/V03_S0276_I00000135_P1626,targeted_100,12252,V03,improvised,train,collaborative_storytelling,stratified_fill:V03|improvised|collaborative_storytelling,"{""avg_fps"": 29.97003, ""movement_mask_present"": false, ""npz_frames_min"": 13007, ""npz_status"": ""ok"", ""render_frames"": 300, ""stratum"": ""V03|improvised|collaborative_storytelling"", ""targeted_role"": ""stratified_fill"", ""valid_frac_box"": 1.0, ""valid_frac_movement"": null, ""valid_frac_smplh"": 0.838933, ""video_nb_frames"": 13007}",render
dup_000,uniform_200_001_V03_S1645_I00000354_P2686_f0002415,V03_S1645_I00000354_P2686,naturalistic/train/0160/0138/V03_S1645_I00000354_P2686,naturalistic/train/0160/0028/V03_S1645_I00000354_P2684,uniform_200,2415,V03,naturalistic,train,ipc_conversation,agreement_duplicate_of:item_001,"{""avg_fps"": 29.97003, ""movement_mask_present"": false, ""npz_frames_min"": 5694, ""npz_status"": ""ok"", ""render_frames"": 300, ""uniform_draw"": 1.638e-06, ""valid_frac_box"": 1.0, ""valid_frac_movement"": null, ""valid_frac_smplh"": 0.998419, ""video_nb_frames"": 5695}",render
dup_001,uniform_200_104_V00_S1883_I00000054_P1194_f0001603,V00_S1883_I00000054_P1194,naturalistic/train/0030/0009/V00_S1883_I00000054_P1194,naturalistic/train/0030/0031/V00_S1883_I00000054_P0058,uniform_200,1603,V00,naturalistic,train,ipc_conversation,agreement_duplicate_of:item_104,"{""avg_fps"": 30.0, ""movement_mask_present"": true, ""npz_frames_min"": 4140, ""npz_status"": ""ok"", ""render_frames"": 300, ""uniform_draw"": 0.000675453, ""valid_frac_box"": 1.0, ""valid_frac_movement"": 0.985507, ""valid_frac_smplh"": 1.0, ""video_nb_frames"": 4140}",render
dup_002,uniform_200_127_V02_S3294_I00000387_P4152_f0004719,V02_S3294_I00000387_P4152,naturalistic/train/0059/0017/V02_S3294_I00000387_P4152,naturalistic/train/0059/0056/V02_S3294_I00000387_P4151,uniform_200,4719,V02,naturalistic,train,ipc_conversation,agreement_duplicate_of:item_127,"{""avg_fps"": 30.0, ""movement_mask_present"": false, ""npz_frames_min"": 5640, ""npz_status"": ""ok"", ""render_frames"": 300, ""uniform_draw"": 0.000818002, ""valid_frac_box"": 1.0, ""valid_frac_movement"": null, ""valid_frac_smplh"": 0.91117, ""video_nb_frames"": 5640}",render
dup_003,uniform_200_094_V02_S5154_I00000197_P5161_f0003302,V02_S5154_I00000197_P5161,naturalistic/train/0090/0024/V02_S5154_I00000197_P5161,naturalistic/train/0090/0042/V02_S5154_I00000197_P5193,uniform_200,3302,V02,naturalistic,train,ipc_conversation,agreement_duplicate_of:item_094,"{""avg_fps"": 30.0, ""movement_mask_present"": false, ""npz_frames_min"": 4980, ""npz_status"": ""ok"", ""render_frames"": 300, ""uniform_draw"": 0.000560937, ""valid_frac_box"": 1.0, ""valid_frac_movement"": null, ""valid_frac_smplh"": 0.969277, ""video_nb_frames"": 4980}",render
dup_004,targeted_100_288_V01_S1893_I00000654_P2689_f0004547,V01_S1893_I00000654_P2689,improvised/train/0061/0042/V01_S1893_I00000654_P2689,improvised/train/0061/0027/V01_S1893_I00000654_P2675,targeted_100,4547,V01,improvised,train,grounded_gesture,agreement_duplicate_of:item_288,"{""avg_fps"": 29.980013, ""movement_mask_present"": false, ""npz_frames_min"": 6415, ""npz_status"": ""ok"", ""render_frames"": 300, ""stratum"": ""V01|improvised|grounded_gesture"", ""targeted_role"": ""stratified_fill"", ""valid_frac_box"": 1.0, ""valid_frac_movement"": null, ""valid_frac_smplh"": 0.997973, ""video_nb_frames"": 6415}",render
dup_005,targeted_100_261_V01_S1708_I00000708_P1963_f0004475,V01_S1708_I00000708_P1963,improvised/train/0059/0046/V01_S1708_I00000708_P1963,improvised/train/0059/0047/V01_S1708_I00000708_P2654,targeted_100,4475,V01,improvised,train,ipc_conversation,agreement_duplicate_of:item_261,"{""avg_fps"": 29.980013, ""movement_mask_present"": false, ""npz_frames_min"": 6416, ""npz_status"": ""ok"", ""render_frames"": 300, ""stratum"": ""V01|improvised|ipc_conversation"", ""targeted_role"": ""stratified_fill"", ""valid_frac_box"": 1.0, ""valid_frac_movement"": null, ""valid_frac_smplh"": 0.979738, ""video_nb_frames"": 6416}",render
dup_006,targeted_100_263_V01_S0039_I00000135_P1075_f0007607,V01_S0039_I00000135_P1075,naturalistic/test/0001/0045/V01_S0039_I00000135_P1075,naturalistic/test/0001/0040/V01_S0039_I00000135_P1074,targeted_100,7607,V01,naturalistic,test,collaborative_storytelling,agreement_duplicate_of:item_263,"{""avg_fps"": 29.97003, ""movement_mask_present"": false, ""npz_frames_min"": 8632, ""npz_status"": ""ok"", ""render_frames"": 300, ""stratum"": ""V01|naturalistic|collaborative_storytelling"", ""targeted_role"": ""stratified_fill"", ""valid_frac_box"": 1.0, ""valid_frac_movement"": null, ""valid_frac_smplh"": 0.914968, ""video_nb_frames"": 8632}",render
dup_007,uniform_200_055_V03_S0545_I00000373_P2466_f0000430,V03_S0545_I00000373_P2466,improvised/train/0064/0120/V03_S0545_I00000373_P2466,improvised/train/0064/0097/V03_S0545_I00000373_P2085,uniform_200,430,V03,improvised,train,ipc_conversation,agreement_duplicate_of:item_055,"{""avg_fps"": 29.97003, ""movement_mask_present"": false, ""npz_frames_min"": 12587, ""npz_status"": ""ok"", ""render_frames"": 300, ""uniform_draw"": 0.000303253, ""valid_frac_box"": 1.0, ""valid_frac_movement"": null, ""valid_frac_smplh"": 0.743704, ""video_nb_frames"": 12587}",render
dup_008,uniform_200_186_V02_S5135_I00000180_P5056_f0004105,V02_S5135_I00000180_P5056,naturalistic/train/0089/0028/V02_S5135_I00000180_P5056,naturalistic/train/0089/0002/V02_S5135_I00000180_P5172,uniform_200,4105,V02,naturalistic,train,ipc_conversation,agreement_duplicate_of:item_186,"{""avg_fps"": 30.0, ""movement_mask_present"": false, ""npz_frames_min"": 5280, ""npz_status"": ""ok"", ""render_frames"": 300, ""uniform_draw"": 0.001313622, ""valid_frac_box"": 1.0, ""valid_frac_movement"": null, ""valid_frac_smplh"": 0.993561, ""video_nb_frames"": 5280}",render
dup_009,uniform_200_069_V00_S0518_I00000536_P0658A_f0003318,V00_S0518_I00000536_P0658A,improvised/train/0011/0015/V00_S0518_I00000536_P0658A,improvised/train/0011/0015/V00_S0518_I00000536_P0348,uniform_200,3318,V00,improvised,train,ipc_conversation,agreement_duplicate_of:item_069,"{""avg_fps"": 30.0, ""movement_mask_present"": true, ""npz_frames_min"": 8520, ""npz_status"": ""ok"", ""render_frames"": 300, ""uniform_draw"": 0.000395792, ""valid_frac_box"": 1.0, ""valid_frac_movement"": 0.647887, ""valid_frac_smplh"": 0.958451, ""video_nb_frames"": 8520}",render
dup_010,targeted_100_213_V03_S0695_I00000480_P2000_f0000000,V03_S0695_I00000480_P2000,naturalistic/train/0125/0100/V03_S0695_I00000480_P2000,naturalistic/train/0125/0126/V03_S0695_I00000480_P2001,targeted_100,0,V03,naturalistic,train,ipc_conversation,agreement_duplicate_of:item_213,"{""mp4_size_bytes"": 147161088, ""probe_status"": ""ffprobe_error"", ""render_policy_reason"": ""extreme:mp4_container_unreadable_moov_missing"", ""targeted_role"": ""extreme"", ""unrenderable"": true, ""wav_size_bytes"": null}",metadata_only
dup_011,uniform_200_090_V01_S1541_I00000309_P2523_f0004339,V01_S1541_I00000309_P2523,naturalistic/train/0042/0058/V01_S1541_I00000309_P2523,naturalistic/train/0042/0039/V01_S1541_I00000309_P2522,uniform_200,4339,V01,naturalistic,train,ipc_conversation,agreement_duplicate_of:item_090,"{""avg_fps"": 29.97003, ""movement_mask_present"": false, ""npz_frames_min"": 5155, ""npz_status"": ""ok"", ""render_frames"": 300, ""uniform_draw"": 0.000538707, ""valid_frac_box"": 1.0, ""valid_frac_movement"": null, ""valid_frac_smplh"": 0.97808, ""video_nb_frames"": 5155}",render
dup_012,uniform_200_154_V02_S3359_I00000152_P4096_f0005051,V02_S3359_I00000152_P4096,naturalistic/train/0063/0012/V02_S3359_I00000152_P4096,naturalistic/train/0063/0013/V02_S3359_I00000152_P4179,uniform_200,5051,V02,naturalistic,train,ipc_conversation,agreement_duplicate_of:item_154,"{""avg_fps"": 30.0, ""movement_mask_present"": false, ""npz_frames_min"": 5760, ""npz_status"": ""ok"", ""render_frames"": 300, ""uniform_draw"": 0.0010624, ""valid_frac_box"": 1.0, ""valid_frac_movement"": null, ""valid_frac_smplh"": 0.775174, ""video_nb_frames"": 5760}",render
dup_013,targeted_100_228_V00_S0405_I00000497_P0535_f0000617,V00_S0405_I00000497_P0535,naturalistic/train/0011/0040/V00_S0405_I00000497_P0535,naturalistic/train/0011/0016/V00_S0405_I00000497_P0538,targeted_100,617,V00,naturalistic,train,grounded_gesture,agreement_duplicate_of:item_228,"{""avg_fps"": 30.0, ""movement_mask_present"": true, ""npz_frames_min"": 4200, ""npz_status"": ""ok"", ""render_frames"": 300, ""stratum"": ""V00|naturalistic|grounded_gesture"", ""targeted_role"": ""stratified_fill"", ""valid_frac_box"": 1.0, ""valid_frac_movement"": 0.942857, ""valid_frac_smplh"": 0.987381, ""video_nb_frames"": 4200}",render
dup_014,targeted_100_200_V00_S0648_I00000545_P0801_f0000870,V00_S0648_I00000545_P0801,improvised/dev/0000/0041/V00_S0648_I00000545_P0801,improvised/dev/0000/0034/V00_S0648_I00000545_P0299A,targeted_100,870,V00,improvised,dev,ipc_conversation,agreement_duplicate_of:item_200,"{""avg_fps"": 30.0, ""movement_mask_present"": true, ""npz_frames_min"": 5640, ""npz_status"": ""ok"", ""render_frames"": 300, ""session1_metric"": ""wrist_speed_p90_max"", ""session1_value"": 226.05224172036102, ""targeted_role"": ""extreme"", ""valid_frac_box"": 1.0, ""valid_frac_movement"": 0.893617, ""valid_frac_smplh"": 0.97039, ""video_nb_frames"": 5640}",render
dup_015,uniform_200_145_V03_S1868_I00000102_P5262_f0000530,V03_S1868_I00000102_P5262,naturalistic/train/0170/0136/V03_S1868_I00000102_P5262,naturalistic/train/0170/0024/V03_S1868_I00000102_P5263,uniform_200,530,V03,naturalistic,train,ipc_conversation,agreement_duplicate_of:item_145,"{""avg_fps"": 29.97003, ""movement_mask_present"": false, ""npz_frames_min"": 2638, ""npz_status"": ""ok"", ""render_frames"": 300, ""uniform_draw"": 0.001019547, ""valid_frac_box"": 1.0, ""valid_frac_movement"": null, ""valid_frac_smplh"": 0.945413, ""video_nb_frames"": 2638}",render
dup_016,targeted_100_274_V03_S0122_I00000376_P1268_f0001635,V03_S0122_I00000376_P1268,naturalistic/train/0106/0090/V03_S0122_I00000376_P1268,naturalistic/train/0106/0021/V03_S0122_I00000376_P1195,targeted_100,1635,V03,naturalistic,train,charades,agreement_duplicate_of:item_274,"{""avg_fps"": 29.97003, ""movement_mask_present"": false, ""npz_frames_min"": 5994, ""npz_status"": ""ok"", ""render_frames"": 300, ""stratum"": ""V03|naturalistic|charades"", ""targeted_role"": ""stratified_fill"", ""valid_frac_box"": 1.0, ""valid_frac_movement"": null, ""valid_frac_smplh"": 0.915916, ""video_nb_frames"": 5994}",render
dup_017,uniform_200_070_V00_S0134_I00000536_P0003A_f0004713,V00_S0134_I00000536_P0003A,improvised/train/0002/0012/V00_S0134_I00000536_P0003A,improvised/train/0002/0034/V00_S0134_I00000536_P0195,uniform_200,4713,V00,improvised,train,ipc_conversation,agreement_duplicate_of:item_070,"{""avg_fps"": 30.0, ""movement_mask_present"": true, ""npz_frames_min"": 6600, ""npz_status"": ""ok"", ""render_frames"": 300, ""uniform_draw"": 0.000399969, ""valid_frac_box"": 1.0, ""valid_frac_movement"": 1.0, ""valid_frac_smplh"": 1.0, ""video_nb_frames"": 6600}",render
dup_018,uniform_200_135_V00_S1357_I00000162_P1077_f0003127,V00_S1357_I00000162_P1077,naturalistic/train/0027/0041/V00_S1357_I00000162_P1077,naturalistic/train/0027/0033/V00_S1357_I00000162_P1129,uniform_200,3127,V00,naturalistic,train,ipc_conversation,agreement_duplicate_of:item_135,"{""avg_fps"": 30.0, ""movement_mask_present"": true, ""npz_frames_min"": 3480, ""npz_status"": ""ok"", ""render_frames"": 300, ""uniform_draw"": 0.000893544, ""valid_frac_box"": 1.0, ""valid_frac_movement"": 1.0, ""valid_frac_smplh"": 1.0, ""video_nb_frames"": 3480}",render
dup_019,targeted_100_238_V02_S3114_I00000129_P4075_f0001842,V02_S3114_I00000129_P4075,naturalistic/train/0048/0017/V02_S3114_I00000129_P4075,naturalistic/train/0048/0027/V02_S3114_I00000129_P4064,targeted_100,1842,V02,naturalistic,train,charades,agreement_duplicate_of:item_238,"{""avg_fps"": 30.0, ""movement_mask_present"": false, ""npz_frames_min"": 4020, ""npz_status"": ""ok"", ""render_frames"": 300, ""stratum"": ""V02|naturalistic|charades"", ""targeted_role"": ""stratified_fill"", ""valid_frac_box"": 1.0, ""valid_frac_movement"": null, ""valid_frac_smplh"": 0.982587, ""video_nb_frames"": 4020}",render
dup_020,uniform_200_032_V03_S1236_I00000086_P2747_f0001825,V03_S1236_I00000086_P2747,naturalistic/train/0141/0034/V03_S1236_I00000086_P2747,naturalistic/train/0141/0130/V03_S1236_I00000086_P3007,uniform_200,1825,V03,naturalistic,train,ipc_conversation,agreement_duplicate_of:item_032,"{""avg_fps"": 29.97003, ""movement_mask_present"": false, ""npz_frames_min"": 7133, ""npz_status"": ""ok"", ""render_frames"": 300, ""uniform_draw"": 0.000182471, ""valid_frac_box"": 1.0, ""valid_frac_movement"": null, ""valid_frac_smplh"": 0.965512, ""video_nb_frames"": 7132}",render
dup_021,targeted_100_290_V01_S1397_I00000129_P2413_f0000538,V01_S1397_I00000129_P2413,naturalistic/train/0041/0036/V01_S1397_I00000129_P2413,naturalistic/train/0041/0021/V01_S1397_I00000129_P2414,targeted_100,538,V01,naturalistic,train,charades,agreement_duplicate_of:item_290,"{""avg_fps"": 29.97003, ""movement_mask_present"": false, ""npz_frames_min"": 3536, ""npz_status"": ""ok"", ""render_frames"": 300, ""stratum"": ""V01|naturalistic|charades"", ""targeted_role"": ""stratified_fill"", ""valid_frac_box"": 1.0, ""valid_frac_movement"": null, ""valid_frac_smplh"": 0.933258, ""video_nb_frames"": 3536}",render
dup_022,uniform_200_021_V03_S0884_I00000131_P3079_f0003911,V03_S0884_I00000131_P3079,naturalistic/train/0128/0068/V03_S0884_I00000131_P3079,naturalistic/train/0128/0050/V03_S0884_I00000131_P3078,uniform_200,3911,V03,naturalistic,train,ipc_conversation,agreement_duplicate_of:item_021,"{""avg_fps"": 29.97003, ""movement_mask_present"": false, ""npz_frames_min"": 5515, ""npz_status"": ""ok"", ""render_frames"": 300, ""uniform_draw"": 0.000112566, ""valid_frac_box"": 1.0, ""valid_frac_movement"": null, ""valid_frac_smplh"": 0.970263, ""video_nb_frames"": 5515}",render
dup_023,uniform_200_082_V03_S0295_I00000064_P1375_f0002431,V03_S0295_I00000064_P1375,naturalistic/train/0114/0107/V03_S0295_I00000064_P1375,naturalistic/train/0114/0029/V03_S0295_I00000064_P1429,uniform_200,2431,V03,naturalistic,train,ipc_conversation,agreement_duplicate_of:item_082,"{""avg_fps"": 29.97003, ""movement_mask_present"": false, ""npz_frames_min"": 3237, ""npz_status"": ""ok"", ""render_frames"": 300, ""uniform_draw"": 0.000467522, ""valid_frac_box"": 1.0, ""valid_frac_movement"": null, ""valid_frac_smplh"": 1.0, ""video_nb_frames"": 3237}",render
dup_024,uniform_200_074_V01_S0264_I00001235_P1567_f0002807,V01_S0264_I00001235_P1567,improvised/train/0052/0019/V01_S0264_I00001235_P1567,improvised/train/0052/0009/V01_S0264_I00001235_P1568,uniform_200,2807,V01,improvised,train,ipc_conversation,agreement_duplicate_of:item_074,"{""avg_fps"": 29.97003, ""movement_mask_present"": false, ""npz_frames_min"": 4375, ""npz_status"": ""ok"", ""render_frames"": 300, ""uniform_draw"": 0.000417256, ""valid_frac_box"": 1.0, ""valid_frac_movement"": null, ""valid_frac_smplh"": 1.0, ""video_nb_frames"": 4375}",render
dup_025,uniform_200_152_V00_S0829_I00000373_P0962_f0003985,V00_S0829_I00000373_P0962,naturalistic/train/0023/0026/V00_S0829_I00000373_P0962,naturalistic/train/0023/0009/V00_S0829_I00000373_P0430,uniform_200,3985,V00,naturalistic,train,ipc_conversation,agreement_duplicate_of:item_152,"{""avg_fps"": 30.0, ""movement_mask_present"": true, ""npz_frames_min"": 6960, ""npz_status"": ""ok"", ""render_frames"": 300, ""uniform_draw"": 0.001051864, ""valid_frac_box"": 1.0, ""valid_frac_movement"": 1.0, ""valid_frac_smplh"": 1.0, ""video_nb_frames"": 6960}",render
dup_026,uniform_200_071_V02_S3090_I00000307_P4069_f0003127,V02_S3090_I00000307_P4069,naturalistic/train/0047/0045/V02_S3090_I00000307_P4069,naturalistic/train/0047/0022/V02_S3090_I00000307_P4014,uniform_200,3127,V02,naturalistic,train,ipc_conversation,agreement_duplicate_of:item_071,"{""avg_fps"": 30.0, ""movement_mask_present"": false, ""npz_frames_min"": 5880, ""npz_status"": ""ok"", ""render_frames"": 300, ""uniform_draw"": 0.000405818, ""valid_frac_box"": 1.0, ""valid_frac_movement"": null, ""valid_frac_smplh"": 0.998129, ""video_nb_frames"": 5880}",render
dup_027,uniform_200_182_V00_S1168_I00001128_P0210A_f0009664,V00_S1168_I00001128_P0210A,improvised/train/0025/0028/V00_S1168_I00001128_P0210A,improvised/train/0025/0006/V00_S1168_I00001128_P0397A,uniform_200,9664,V00,improvised,train,ipc_conversation,agreement_duplicate_of:item_182,"{""avg_fps"": 30.0, ""movement_mask_present"": true, ""npz_frames_min"": 11280, ""npz_status"": ""ok"", ""render_frames"": 300, ""uniform_draw"": 0.001291838, ""valid_frac_box"": 1.0, ""valid_frac_movement"": 0.989362, ""valid_frac_smplh"": 0.995656, ""video_nb_frames"": 11280}",render
dup_028,targeted_100_216_V01_S1607_I00000134_P2569_f0000557,V01_S1607_I00000134_P2569,improvised/train/0059/0030/V01_S1607_I00000134_P2569,improvised/train/0059/0019/V01_S1607_I00000134_P2570,targeted_100,557,V01,improvised,train,ipc_conversation,agreement_duplicate_of:item_216,"{""abs_delta_fps"": 6.824636, ""avg_fps"": 41.127412, ""movement_mask_present"": false, ""npz_frames_min"": 9878, ""npz_status"": ""ok"", ""render_frames"": 411, ""targeted_role"": ""extreme"", ""valid_frac_box"": 1.0, ""valid_frac_movement"": null, ""valid_frac_smplh"": 0.929237, ""video_avg_fps"": 41.127412, ""video_nb_frames"": 8473, ""video_r_frame_rate"": ""48000/1001""}",render
dup_029,uniform_200_120_V02_S3437_I00000064_P4142_f0002369,V02_S3437_I00000064_P4142,naturalistic/train/0068/0051/V02_S3437_I00000064_P4142,naturalistic/train/0068/0048/V02_S3437_I00000064_P4160,uniform_200,2369,V02,naturalistic,train,ipc_conversation,agreement_duplicate_of:item_120,"{""avg_fps"": 30.0, ""movement_mask_present"": false, ""npz_frames_min"": 5940, ""npz_status"": ""ok"", ""render_frames"": 300, ""uniform_draw"": 0.000789154, ""valid_frac_box"": 1.0, ""valid_frac_movement"": null, ""valid_frac_smplh"": 0.999327, ""video_nb_frames"": 5940}",render
dup_030,uniform_200_103_V00_S1153_I00001208_P1099A_f0000367,V00_S1153_I00001208_P1099A,improvised/train/0025/0013/V00_S1153_I00001208_P1099A,improvised/train/0025/0036/V00_S1153_I00001208_P0041A,uniform_200,367,V00,improvised,train,ipc_conversation,agreement_duplicate_of:item_103,"{""avg_fps"": 30.0, ""movement_mask_present"": true, ""npz_frames_min"": 8820, ""npz_status"": ""ok"", ""render_frames"": 300, ""uniform_draw"": 0.000669458, ""valid_frac_box"": 1.0, ""valid_frac_movement"": 0.020408, ""valid_frac_smplh"": 0.986961, ""video_nb_frames"": 8820}",render
dup_031,uniform_200_108_V02_S5071_I00000204_P5060_f0001612,V02_S5071_I00000204_P5060,naturalistic/train/0085/0003/V02_S5071_I00000204_P5060,naturalistic/train/0085/0019/V02_S5071_I00000204_P5090,uniform_200,1612,V02,naturalistic,train,ipc_conversation,agreement_duplicate_of:item_108,"{""avg_fps"": 30.0, ""movement_mask_present"": false, ""npz_frames_min"": 4980, ""npz_status"": ""ok"", ""render_frames"": 300, ""uniform_draw"": 0.00069806, ""valid_frac_box"": 1.0, ""valid_frac_movement"": null, ""valid_frac_smplh"": 1.0, ""video_nb_frames"": 4980}",render
dup_032,targeted_100_234_V01_S0070_I00000129_P1133_f0003250,V01_S0070_I00000129_P1133,naturalistic/train/0034/0051/V01_S0070_I00000129_P1133,naturalistic/train/0034/0063/V01_S0070_I00000129_P1132,targeted_100,3250,V01,naturalistic,train,charades,agreement_duplicate_of:item_234,"{""avg_fps"": 29.97003, ""movement_mask_present"": false, ""npz_frames_min"": 4436, ""npz_status"": ""ok"", ""render_frames"": 300, ""stratum"": ""V01|naturalistic|charades"", ""targeted_role"": ""stratified_fill"", ""valid_frac_box"": 1.0, ""valid_frac_movement"": null, ""valid_frac_smplh"": 0.984671, ""video_nb_frames"": 4436}",render
dup_033,uniform_200_150_V00_S0560_I00000486_P0702_f0002311,V00_S0560_I00000486_P0702,naturalistic/train/0015/0004/V00_S0560_I00000486_P0702,naturalistic/train/0015/0031/V00_S0560_I00000486_P0403,uniform_200,2311,V00,naturalistic,train,ipc_conversation,agreement_duplicate_of:item_150,"{""avg_fps"": 30.0, ""movement_mask_present"": true, ""npz_frames_min"": 5280, ""npz_status"": ""ok"", ""render_frames"": 300, ""uniform_draw"": 0.001036894, ""valid_frac_box"": 1.0, ""valid_frac_movement"": 1.0, ""valid_frac_smplh"": 1.0, ""video_nb_frames"": 5280}",render
dup_034,uniform_200_078_V00_S0327_I00000135_P0383_f0001595,V00_S0327_I00000135_P0383,naturalistic/train/0008/0000/V00_S0327_I00000135_P0383,naturalistic/train/0008/0043/V00_S0327_I00000135_P0150A,uniform_200,1595,V00,naturalistic,train,collaborative_storytelling,agreement_duplicate_of:item_078,"{""avg_fps"": 30.0, ""movement_mask_present"": true, ""npz_frames_min"": 3480, ""npz_status"": ""ok"", ""render_frames"": 300, ""uniform_draw"": 0.000432796, ""valid_frac_box"": 1.0, ""valid_frac_movement"": 0.948276, ""valid_frac_smplh"": 0.988506, ""video_nb_frames"": 3480}",render
dup_035,uniform_200_100_V03_S1170_I00000319_P3733_f0007748,V03_S1170_I00000319_P3733,naturalistic/train/0138/0019/V03_S1170_I00000319_P3733,naturalistic/train/0138/0094/V03_S1170_I00000319_P3732,uniform_200,7748,V03,naturalistic,train,ipc_conversation,agreement_duplicate_of:item_100,"{""avg_fps"": 29.97003, ""movement_mask_present"": false, ""npz_frames_min"": 8092, ""npz_status"": ""ok"", ""render_frames"": 300, ""uniform_draw"": 0.000644354, ""valid_frac_box"": 1.0, ""valid_frac_movement"": null, ""valid_frac_smplh"": 0.896688, ""video_nb_frames"": 8091}",render
dup_036,uniform_200_148_V02_S3096_I00000129_P4043_f0001763,V02_S3096_I00000129_P4043,naturalistic/train/0047/0037/V02_S3096_I00000129_P4043,naturalistic/train/0047/0021/V02_S3096_I00000129_P4069,uniform_200,1763,V02,naturalistic,train,charades,agreement_duplicate_of:item_148,"{""avg_fps"": 30.0, ""movement_mask_present"": false, ""npz_frames_min"": 2940, ""npz_status"": ""ok"", ""render_frames"": 300, ""uniform_draw"": 0.001025999, ""valid_frac_box"": 1.0, ""valid_frac_movement"": null, ""valid_frac_smplh"": 0.990136, ""video_nb_frames"": 2940}",render
dup_037,uniform_200_142_V02_S3131_I00000127_P4021_f0003364,V02_S3131_I00000127_P4021,naturalistic/train/0049/0007/V02_S3131_I00000127_P4021,naturalistic/train/0049/0016/V02_S3131_I00000127_P4078,uniform_200,3364,V02,naturalistic,train,ipc_conversation,agreement_duplicate_of:item_142,"{""avg_fps"": 30.0, ""movement_mask_present"": false, ""npz_frames_min"": 5700, ""npz_status"": ""ok"", ""render_frames"": 300, ""uniform_draw"": 0.000987999, ""valid_frac_box"": 1.0, ""valid_frac_movement"": null, ""valid_frac_smplh"": 0.995439, ""video_nb_frames"": 5700}",render
dup_038,uniform_200_033_V00_S0527_I00000477_P0674_f0001484,V00_S0527_I00000477_P0674,naturalistic/train/0014/0016/V00_S0527_I00000477_P0674,naturalistic/train/0014/0041/V00_S0527_I00000477_P0673,uniform_200,1484,V00,naturalistic,train,ipc_conversation,agreement_duplicate_of:item_033,"{""avg_fps"": 30.0, ""movement_mask_present"": true, ""npz_frames_min"": 3780, ""npz_status"": ""ok"", ""render_frames"": 300, ""uniform_draw"": 0.000184694, ""valid_frac_box"": 1.0, ""valid_frac_movement"": 1.0, ""valid_frac_smplh"": 0.986508, ""video_nb_frames"": 3780}",render
dup_039,uniform_200_128_V02_S5048_I00000729_P5057_f0003819,V02_S5048_I00000729_P5057,naturalistic/train/0084/0043/V02_S5048_I00000729_P5057,naturalistic/train/0084/0030/V02_S5048_I00000729_P5047,uniform_200,3819,V02,naturalistic,train,grounded_gesture,agreement_duplicate_of:item_128,"{""avg_fps"": 30.0, ""movement_mask_present"": false, ""npz_frames_min"": 5880, ""npz_status"": ""ok"", ""render_frames"": 300, ""uniform_draw"": 0.000832111, ""valid_frac_box"": 1.0, ""valid_frac_movement"": null, ""valid_frac_smplh"": 0.935544, ""video_nb_frames"": 5880}",render
dup_040,uniform_200_114_V00_S0048_I00000371_P0074_f0004110,V00_S0048_I00000371_P0074,naturalistic/train/0000/0006/V00_S0048_I00000371_P0074,naturalistic/train/0000/0021/V00_S0048_I00000371_P0073,uniform_200,4110,V00,naturalistic,train,ipc_conversation,agreement_duplicate_of:item_114,"{""avg_fps"": 30.0, ""movement_mask_present"": true, ""npz_frames_min"": 5460, ""npz_status"": ""ok"", ""render_frames"": 300, ""uniform_draw"": 0.000747225, ""valid_frac_box"": 1.0, ""valid_frac_movement"": 1.0, ""valid_frac_smplh"": 1.0, ""video_nb_frames"": 5460}",render
dup_041,uniform_200_151_V03_S1717_I00000242_P4897_f0000720,V03_S1717_I00000242_P4897,naturalistic/train/0164/0008/V03_S1717_I00000242_P4897,naturalistic/train/0164/0022/V03_S1717_I00000242_P4896,uniform_200,720,V03,naturalistic,train,ipc_conversation,agreement_duplicate_of:item_151,"{""avg_fps"": 29.97003, ""movement_mask_present"": false, ""npz_frames_min"": 4795, ""npz_status"": ""ok"", ""render_frames"": 300, ""uniform_draw"": 0.001050675, ""valid_frac_box"": 1.0, ""valid_frac_movement"": null, ""valid_frac_smplh"": 0.122419, ""video_nb_frames"": 4796}",render
dup_042,targeted_100_265_V01_S1267_I00000125_P2284_f0003052,V01_S1267_I00000125_P2284,naturalistic/dev/0001/0002/V01_S1267_I00000125_P2284,naturalistic/dev/0001/0010/V01_S1267_I00000125_P2283,targeted_100,3052,V01,naturalistic,dev,ipc_conversation,agreement_duplicate_of:item_265,"{""avg_fps"": 29.97003, ""movement_mask_present"": false, ""npz_frames_min"": 3656, ""npz_status"": ""ok"", ""render_frames"": 300, ""stratum"": ""V01|naturalistic|ipc_conversation"", ""targeted_role"": ""stratified_fill"", ""valid_frac_box"": 1.0, ""valid_frac_movement"": null, ""valid_frac_smplh"": 0.984136, ""video_nb_frames"": 3656}",render
dup_043,uniform_200_048_V02_S5211_I00000751_P5233_f0002538,V02_S5211_I00000751_P5233,naturalistic/train/0094/0041/V02_S5211_I00000751_P5233,naturalistic/train/0094/0035/V02_S5211_I00000751_P5206,uniform_200,2538,V02,naturalistic,train,grounded_gesture,agreement_duplicate_of:item_048,"{""avg_fps"": 30.0, ""movement_mask_present"": false, ""npz_frames_min"": 5160, ""npz_status"": ""ok"", ""render_frames"": 300, ""uniform_draw"": 0.000250926, ""valid_frac_box"": 1.0, ""valid_frac_movement"": null, ""valid_frac_smplh"": 0.984884, ""video_nb_frames"": 5160}",render
dup_044,uniform_200_011_V03_S1754_I00000006_P5059_f0005492,V03_S1754_I00000006_P5059,naturalistic/train/0165/0061/V03_S1754_I00000006_P5059,naturalistic/train/0165/0142/V03_S1754_I00000006_P5058,uniform_200,5492,V03,naturalistic,train,ipc_conversation,agreement_duplicate_of:item_011,"{""avg_fps"": 29.97003, ""movement_mask_present"": false, ""npz_frames_min"": 7792, ""npz_status"": ""ok"", ""render_frames"": 300, ""uniform_draw"": 4.5097e-05, ""valid_frac_box"": 1.0, ""valid_frac_movement"": null, ""valid_frac_smplh"": 0.523101, ""video_nb_frames"": 7792}",render
