review_item_id,clip_id,file_id,source_relbase,partner_source_relbase,sample_group,cohort,label_stratum,start_frame,vendor,label,split,activity_type,selection_reason,signals_json,render_policy
r4_000,recheck_pass_000_V00_S0126_I00000580_P0003A_f0000168,V00_S0126_I00000580_P0003A,improvised/train/0002/0042/V00_S0126_I00000580_P0003A,improvised/train/0002/0014/V00_S0126_I00000580_P0187,recheck_pass,recheck,improvised,168,V00,improvised,train,ipc_conversation,shown in Round 3 as pass_improvised; re-judged under the Round-4 detectors,"{""clip_anchored_on_fm2_violation"": false, ""flag_count"": 0, ""flags_fired"": """", ""fm1_hip_flexion_deg_p50"": 132.01323148174586, ""fm1_knee_between_torso_p50"": 0.5137708643676744, ""fm1_leg_over_torso_p50"": 1.2293433336738169, ""fm1_reasons"": """", ""fm1_shin_verticality_p50"": 0.9984603545733718, ""fm1_sitting_file"": false, ""fm1_sitting_participant"": false, ""fm1_unit"": ""0003A@0126"", ""fm1_unit_basis"": ""none"", ""fm2_in_frame_and_valid_frac"": 1.0, ""fm2_pass_frac_round3_joints_only"": 1.0, ""fm2_smplh_valid_frac"": 1.0, ""fm2_surface_correction_px_p50"": 37.38336730119528, ""fm2_vertex_worst_inset_min_px"": 119.49466272784116, ""fm2_violation_run_max_frames"": 0.0, ""fm2_violation_runs"": 0.0, ""fm2_windowed_pass_frac"": 1.0, ""fm3_static_frac"": 0.0004761904761904762, ""observed_duration_s"": 140.0, ""reproj_px_p50"": 18.18516728349116, ""reproj_shoulder_widths_p50"": 0.051885373071505675, ""round3_gallery_group"": ""pass_improvised"", ""unit_files"": 2.0, ""unit_flagged_frac"": 0.0, ""unit_hip_flexion_min"": 130.55223463472348, ""unit_knee_between_min"": 0.5076342056206389}",render
r4_001,recheck_pass_001_V00_S0544_I00000770_P0691_f0000902,V00_S0544_I00000770_P0691,improvised/train/0011/0020/V00_S0544_I00000770_P0691,improvised/train/0011/0033/V00_S0544_I00000770_P0658A,recheck_pass,recheck,improvised,902,V00,improvised,train,ipc_conversation,shown in Round 3 as pass_improvised; re-judged under the Round-4 detectors,"{""clip_anchored_on_fm2_violation"": false, ""flag_count"": 0, ""flags_fired"": """", ""fm1_hip_flexion_deg_p50"": 147.41097380816018, ""fm1_knee_between_torso_p50"": 0.5647899036663435, ""fm1_leg_over_torso_p50"": 1.2405189829306997, ""fm1_reasons"": """", ""fm1_shin_verticality_p50"": 0.9662349677863146, ""fm1_sitting_file"": false, ""fm1_sitting_participant"": false, ""fm1_unit"": ""0691@0544"", ""fm1_unit_basis"": ""none"", ""fm2_in_frame_and_valid_frac"": 1.0, ""fm2_pass_frac_round3_joints_only"": 1.0, ""fm2_smplh_valid_frac"": 1.0, ""fm2_surface_correction_px_p50"": 46.60765188866844, ""fm2_vertex_worst_inset_min_px"": 37.39879069815561, ""fm2_violation_run_max_frames"": 0.0, ""fm2_violation_runs"": 0.0, ""fm2_windowed_pass_frac"": 1.0, ""fm3_static_frac"": 0.6833333333333333, ""observed_duration_s"": 62.0, ""reproj_px_p50"": 20.8157367506397, ""reproj_shoulder_widths_p50"": 0.05561727930586492, ""round3_gallery_group"": ""pass_improvised"", ""unit_files"": 2.0, ""unit_flagged_frac"": 0.0, ""unit_hip_flexion_min"": 147.41097380816018, ""unit_knee_between_min"": 0.5647899036663435}",render
r4_002,recheck_pass_002_V00_S0675_I00000377_P0831_f0001553,V00_S0675_I00000377_P0831,naturalistic/test/0000/0037/V00_S0675_I00000377_P0831,naturalistic/test/0000/0015/V00_S0675_I00000377_P0832,recheck_pass,recheck,naturalistic,1553,V00,naturalistic,test,ipc_conversation,shown in Round 3 as flagged_fm1_sitting; re-judged under the Round-4 detectors,"{""clip_anchored_on_fm2_violation"": false, ""flag_count"": 0, ""flags_fired"": """", ""fm1_hip_flexion_deg_p50"": 121.0241705137607, ""fm1_knee_between_torso_p50"": 0.5511816319448453, ""fm1_leg_over_torso_p50"": 0.759813567678325, ""fm1_reasons"": """", ""fm1_shin_verticality_p50"": 0.9989685402102997, ""fm1_sitting_file"": false, ""fm1_sitting_participant"": false, ""fm1_unit"": ""0831@0675"", ""fm1_unit_basis"": ""none"", ""fm2_in_frame_and_valid_frac"": 1.0, ""fm2_pass_frac_round3_joints_only"": 1.0, ""fm2_smplh_valid_frac"": 1.0, ""fm2_surface_correction_px_p50"": 46.91714163676909, ""fm2_vertex_worst_inset_min_px"": 49.77710623046892, ""fm2_violation_run_max_frames"": 0.0, ""fm2_violation_runs"": 0.0, ""fm2_windowed_pass_frac"": 1.0, ""fm3_static_frac"": 0.6624521072796935, ""observed_duration_s"": 174.0, ""reproj_px_p50"": 58.79438347945296, ""reproj_shoulder_widths_p50"": 0.1384260834966884, ""round3_gallery_group"": ""flagged_fm1_sitting"", ""unit_files"": 1.0, ""unit_flagged_frac"": 0.0, ""unit_hip_flexion_min"": 121.0241705137607, ""unit_knee_between_min"": 0.5511816319448453}",render
r4_003,recheck_pass_003_V00_S0762_I00000373_P0897_f0000487,V00_S0762_I00000373_P0897,naturalistic/train/0021/0035/V00_S0762_I00000373_P0897,naturalistic/train/0021/0022/V00_S0762_I00000373_P0806,recheck_pass,recheck,naturalistic,487,V00,naturalistic,train,ipc_conversation,shown in Round 3 as pass_naturalistic; re-judged under the Round-4 detectors,"{""clip_anchored_on_fm2_violation"": false, ""flag_count"": 0, ""flags_fired"": """", ""fm1_hip_flexion_deg_p50"": 136.08818564693473, ""fm1_knee_between_torso_p50"": 0.5227448986752867, ""fm1_leg_over_torso_p50"": 1.2133945609902774, ""fm1_reasons"": """", ""fm1_shin_verticality_p50"": 0.9996144206527183, ""fm1_sitting_file"": false, ""fm1_sitting_participant"": false, ""fm1_unit"": ""0897@0762"", ""fm1_unit_basis"": ""none"", ""fm2_in_frame_and_valid_frac"": 1.0, ""fm2_pass_frac_round3_joints_only"": 1.0, ""fm2_smplh_valid_frac"": 1.0, ""fm2_surface_correction_px_p50"": 37.43011279391294, ""fm2_vertex_worst_inset_min_px"": 89.13835512490061, ""fm2_violation_run_max_frames"": 0.0, ""fm2_violation_runs"": 0.0, ""fm2_windowed_pass_frac"": 1.0, ""fm3_static_frac"": 0.40206422018348625, ""observed_duration_s"": 436.0, ""reproj_px_p50"": 33.58515744754021, ""reproj_shoulder_widths_p50"": 0.10412121335071432, ""round3_gallery_group"": ""pass_naturalistic"", ""unit_files"": 3.0, ""unit_flagged_frac"": 0.0, ""unit_hip_flexion_min"": 135.88489964996555, ""unit_knee_between_min"": 0.5227448986752867}",render
r4_004,recheck_pass_004_V00_S1486_I00000723_P0040A_f0006958,V00_S1486_I00000723_P0040A,improvised/train/0034/0016/V00_S1486_I00000723_P0040A,improvised/train/0034/0066/V00_S1486_I00000723_P0397A,recheck_pass,recheck,improvised,6958,V00,improvised,train,ipc_conversation,shown in Round 3 as flagged_fm2_framing; re-judged under the Round-4 detectors,"{""clip_anchored_on_fm2_violation"": false, ""flag_count"": 0, ""flags_fired"": """", ""fm1_hip_flexion_deg_p50"": 139.30273201055488, ""fm1_knee_between_torso_p50"": 0.5619862646154209, ""fm1_leg_over_torso_p50"": 1.1056571316161987, ""fm1_reasons"": """", ""fm1_shin_verticality_p50"": 0.9995411713469987, ""fm1_sitting_file"": false, ""fm1_sitting_participant"": false, ""fm1_unit"": ""0040A@1486"", ""fm1_unit_basis"": ""none"", ""fm2_in_frame_and_valid_frac"": 0.9993288590604027, ""fm2_pass_frac_round3_joints_only"": 0.9994407158836689, ""fm2_smplh_valid_frac"": 1.0, ""fm2_surface_correction_px_p50"": 42.59987139278758, ""fm2_vertex_worst_inset_min_px"": -23.92289097324897, ""fm2_violation_run_max_frames"": 6.0, ""fm2_violation_runs"": 1.0, ""fm2_windowed_pass_frac"": 0.8888888888888888, ""fm3_static_frac"": 0.0065995525727069355, ""observed_duration_s"": 298.0, ""reproj_px_p50"": 40.412296992298636, ""reproj_shoulder_widths_p50"": 0.11937574251288122, ""round3_gallery_group"": ""flagged_fm2_framing"", ""unit_files"": 1.0, ""unit_flagged_frac"": 0.0, ""unit_hip_flexion_min"": 139.30273201055488, ""unit_knee_between_min"": 0.5619862646154209}",render
r4_005,recheck_pass_005_V00_S1855_I00000396_P0332_f0001880,V00_S1855_I00000396_P0332,naturalistic/train/0029/0042/V00_S1855_I00000396_P0332,naturalistic/train/0029/0047/V00_S1855_I00000396_P1183,recheck_pass,recheck,naturalistic,1880,V00,naturalistic,train,ipc_conversation,shown in Round 3 as pass_naturalistic; re-judged under the Round-4 detectors,"{""clip_anchored_on_fm2_violation"": false, ""flag_count"": 0, ""flags_fired"": """", ""fm1_hip_flexion_deg_p50"": 158.2727922992353, ""fm1_knee_between_torso_p50"": 0.5295904195704105, ""fm1_leg_over_torso_p50"": 1.5363949633146916, ""fm1_reasons"": """", ""fm1_shin_verticality_p50"": 0.9989200860780658, ""fm1_sitting_file"": false, ""fm1_sitting_participant"": false, ""fm1_unit"": ""0332@1855"", ""fm1_unit_basis"": ""none"", ""fm2_in_frame_and_valid_frac"": 1.0, ""fm2_pass_frac_round3_joints_only"": 1.0, ""fm2_smplh_valid_frac"": 1.0, ""fm2_surface_correction_px_p50"": 19.448952164934553, ""fm2_vertex_worst_inset_min_px"": 94.55542338599224, ""fm2_violation_run_max_frames"": 0.0, ""fm2_violation_runs"": 0.0, ""fm2_windowed_pass_frac"": 1.0, ""fm3_static_frac"": 0.26728395061728394, ""observed_duration_s"": 162.0, ""reproj_px_p50"": 27.31719281057871, ""reproj_shoulder_widths_p50"": 0.10186808345892548, ""round3_gallery_group"": ""pass_naturalistic"", ""unit_files"": 1.0, ""unit_flagged_frac"": 0.0, ""unit_hip_flexion_min"": 158.2727922992353, ""unit_knee_between_min"": 0.5295904195704105}",render
r4_006,recheck_pass_006_V00_S0825_I00000313_P0500_f0002933,V00_S0825_I00000313_P0500,naturalistic/dev/0000/0039/V00_S0825_I00000313_P0500,naturalistic/dev/0000/0030/V00_S0825_I00000313_P0959,recheck_pass,recheck,naturalistic,2933,V00,naturalistic,dev,ipc_conversation,shown in Round 3 as pass_naturalistic; re-judged under the Round-4 detectors,"{""clip_anchored_on_fm2_violation"": false, ""flag_count"": 0, ""flags_fired"": """", ""fm1_hip_flexion_deg_p50"": 140.5139869669357, ""fm1_knee_between_torso_p50"": 0.5369708859168062, ""fm1_leg_over_torso_p50"": 1.2499376456822284, ""fm1_reasons"": """", ""fm1_shin_verticality_p50"": 0.9996144245765981, ""fm1_sitting_file"": false, ""fm1_sitting_participant"": false, ""fm1_unit"": ""0500@0825"", ""fm1_unit_basis"": ""none"", ""fm2_in_frame_and_valid_frac"": 0.9990049751243781, ""fm2_pass_frac_round3_joints_only"": 1.0, ""fm2_smplh_valid_frac"": 1.0, ""fm2_surface_correction_px_p50"": 42.8511033980044, ""fm2_vertex_worst_inset_min_px"": 14.372522402812137, ""fm2_violation_run_max_frames"": 4.0, ""fm2_violation_runs"": 1.0, ""fm2_windowed_pass_frac"": 1.0, ""fm3_static_frac"": 0.5922885572139304, ""observed_duration_s"": 134.0, ""reproj_px_p50"": 21.83553421637025, ""reproj_shoulder_widths_p50"": 0.0677567278279517, ""round3_gallery_group"": ""pass_naturalistic"", ""unit_files"": 2.0, ""unit_flagged_frac"": 0.0, ""unit_hip_flexion_min"": 140.5139869669357, ""unit_knee_between_min"": 0.5277112465702067}",render
r4_007,recheck_pass_007_V00_S1621_I00001114_P1099A_f0001616,V00_S1621_I00001114_P1099A,improvised/train/0039/0024/V00_S1621_I00001114_P1099A,improvised/train/0039/0025/V00_S1621_I00001114_P1155A,recheck_pass,recheck,improvised,1616,V00,improvised,train,ipc_conversation,shown in Round 3 as flagged_fm1_sitting; re-judged under the Round-4 detectors,"{""clip_anchored_on_fm2_violation"": false, ""flag_count"": 0, ""flags_fired"": """", ""fm1_hip_flexion_deg_p50"": 121.16087646967588, ""fm1_knee_between_torso_p50"": 0.539085074666632, ""fm1_leg_over_torso_p50"": 0.7776019138542203, ""fm1_reasons"": """", ""fm1_shin_verticality_p50"": 0.9988681418337317, ""fm1_sitting_file"": false, ""fm1_sitting_participant"": false, ""fm1_unit"": ""1099A@1621"", ""fm1_unit_basis"": ""none"", ""fm2_in_frame_and_valid_frac"": 0.9988461538461538, ""fm2_pass_frac_round3_joints_only"": 1.0, ""fm2_smplh_valid_frac"": 1.0, ""fm2_surface_correction_px_p50"": 27.54281496770102, ""fm2_vertex_worst_inset_min_px"": 22.5144223485529, ""fm2_violation_run_max_frames"": 5.0, ""fm2_violation_runs"": 4.0, ""fm2_windowed_pass_frac"": 1.0, ""fm3_static_frac"": 0.16243589743589743, ""observed_duration_s"": 260.0, ""reproj_px_p50"": 27.689193284606993, ""reproj_shoulder_widths_p50"": 0.07368752954997193, ""round3_gallery_group"": ""flagged_fm1_sitting"", ""unit_files"": 1.0, ""unit_flagged_frac"": 0.0, ""unit_hip_flexion_min"": 121.16087646967588, ""unit_knee_between_min"": 0.539085074666632}",render
r4_008,recheck_fm3_static_hands_008_V00_S0227_I00000542_P0313_f0001560,V00_S0227_I00000542_P0313,improvised/train/0005/0030/V00_S0227_I00000542_P0313,improvised/train/0005/0019/V00_S0227_I00000542_P0006A,recheck_fm3_static_hands,recheck,improvised,1560,V00,improvised,train,ipc_conversation,shown in Round 3 as flagged_fm3_static_hands; re-judged under the Round-4 detectors,"{""clip_anchored_on_fm2_violation"": false, ""flag_count"": 1, ""flags_fired"": ""fm3_static_hands"", ""fm1_hip_flexion_deg_p50"": 165.65123477514493, ""fm1_knee_between_torso_p50"": 0.5803102176794286, ""fm1_leg_over_torso_p50"": 1.2973697878219408, ""fm1_reasons"": """", ""fm1_shin_verticality_p50"": 0.9965457751844677, ""fm1_sitting_file"": false, ""fm1_sitting_participant"": false, ""fm1_unit"": ""0313@0227"", ""fm1_unit_basis"": ""none"", ""fm2_in_frame_and_valid_frac"": 1.0, ""fm2_pass_frac_round3_joints_only"": 1.0, ""fm2_smplh_valid_frac"": 1.0, ""fm2_surface_correction_px_p50"": 39.10725646119033, ""fm2_vertex_worst_inset_min_px"": 48.48018103823301, ""fm2_violation_run_max_frames"": 0.0, ""fm2_violation_runs"": 0.0, ""fm2_windowed_pass_frac"": 1.0, ""fm3_static_frac"": 0.7935897435897435, ""observed_duration_s"": 182.0, ""reproj_px_p50"": 17.976148805043877, ""reproj_shoulder_widths_p50"": 0.057301676944913976, ""round3_gallery_group"": ""flagged_fm3_static_hands"", ""unit_files"": 2.0, ""unit_flagged_frac"": 0.0, ""unit_hip_flexion_min"": 164.75342920368374, ""unit_knee_between_min"": 0.5803102176794286}",render
r4_009,recheck_pass_009_V00_S0274_I00000126_P0371_f0002806,V00_S0274_I00000126_P0371,naturalistic/dev/0000/0003/V00_S0274_I00000126_P0371,naturalistic/dev/0000/0039/V00_S0274_I00000126_P0370,recheck_pass,recheck,naturalistic,2806,V00,naturalistic,dev,ipc_conversation,shown in Round 3 as pass_naturalistic; re-judged under the Round-4 detectors,"{""clip_anchored_on_fm2_violation"": false, ""flag_count"": 0, ""flags_fired"": """", ""fm1_hip_flexion_deg_p50"": 134.50384253358993, ""fm1_knee_between_torso_p50"": 0.5565535824590312, ""fm1_leg_over_torso_p50"": 1.033018249980717, ""fm1_reasons"": """", ""fm1_shin_verticality_p50"": 0.9974587115688581, ""fm1_sitting_file"": false, ""fm1_sitting_participant"": false, ""fm1_unit"": ""0371@0274"", ""fm1_unit_basis"": ""none"", ""fm2_in_frame_and_valid_frac"": 1.0, ""fm2_pass_frac_round3_joints_only"": 1.0, ""fm2_smplh_valid_frac"": 1.0, ""fm2_surface_correction_px_p50"": 46.79116055346003, ""fm2_vertex_worst_inset_min_px"": 13.823654095687857, ""fm2_violation_run_max_frames"": 0.0, ""fm2_violation_runs"": 0.0, ""fm2_windowed_pass_frac"": 1.0, ""fm3_static_frac"": 0.015447154471544716, ""observed_duration_s"": 164.0, ""reproj_px_p50"": 20.50349915690437, ""reproj_shoulder_widths_p50"": 0.05861427220864084, ""round3_gallery_group"": ""pass_naturalistic"", ""unit_files"": 4.0, ""unit_flagged_frac"": 0.0, ""unit_hip_flexion_min"": 128.675558641936, ""unit_knee_between_min"": 0.54185979571859}",render
r4_010,recheck_pass_010_V00_S0933_I00000371_P1026_f0000737,V00_S0933_I00000371_P1026,naturalistic/train/0024/0035/V00_S0933_I00000371_P1026,naturalistic/train/0024/0024/V00_S0933_I00000371_P0144,recheck_pass,recheck,naturalistic,737,V00,naturalistic,train,ipc_conversation,shown in Round 3 as pass_naturalistic; re-judged under the Round-4 detectors,"{""clip_anchored_on_fm2_violation"": false, ""flag_count"": 0, ""flags_fired"": """", ""fm1_hip_flexion_deg_p50"": 139.59429658158646, ""fm1_knee_between_torso_p50"": 0.4865435942553253, ""fm1_leg_over_torso_p50"": 1.6280661088966997, ""fm1_reasons"": """", ""fm1_shin_verticality_p50"": 1.0, ""fm1_sitting_file"": false, ""fm1_sitting_participant"": false, ""fm1_unit"": ""1026@0933"", ""fm1_unit_basis"": ""none"", ""fm2_in_frame_and_valid_frac"": 1.0, ""fm2_pass_frac_round3_joints_only"": 1.0, ""fm2_smplh_valid_frac"": 1.0, ""fm2_surface_correction_px_p50"": 30.884790732889655, ""fm2_vertex_worst_inset_min_px"": 134.8479427568193, ""fm2_violation_run_max_frames"": 0.0, ""fm2_violation_runs"": 0.0, ""fm2_windowed_pass_frac"": 1.0, ""fm3_static_frac"": 0.6323899371069183, ""observed_duration_s"": 106.0, ""reproj_px_p50"": 16.28160006454601, ""reproj_shoulder_widths_p50"": 0.04992217335883839, ""round3_gallery_group"": ""pass_naturalistic"", ""unit_files"": 5.0, ""unit_flagged_frac"": 0.0, ""unit_hip_flexion_min"": 137.21615752366216, ""unit_knee_between_min"": 0.47968957029139814}",render
r4_011,recheck_pass_011_V00_S1883_I00000068_P1194_f0003165,V00_S1883_I00000068_P1194,naturalistic/train/0030/0006/V00_S1883_I00000068_P1194,naturalistic/train/0030/0045/V00_S1883_I00000068_P0058,recheck_pass,recheck,naturalistic,3165,V00,naturalistic,train,ipc_conversation,shown in Round 3 as pass_naturalistic; re-judged under the Round-4 detectors,"{""clip_anchored_on_fm2_violation"": false, ""flag_count"": 0, ""flags_fired"": """", ""fm1_hip_flexion_deg_p50"": 158.01742153844478, ""fm1_knee_between_torso_p50"": 0.5445499996159073, ""fm1_leg_over_torso_p50"": 1.3502242040647117, ""fm1_reasons"": """", ""fm1_shin_verticality_p50"": 0.9996714309094812, ""fm1_sitting_file"": false, ""fm1_sitting_participant"": false, ""fm1_unit"": ""1194@1883"", ""fm1_unit_basis"": ""none"", ""fm2_in_frame_and_valid_frac"": 1.0, ""fm2_pass_frac_round3_joints_only"": 1.0, ""fm2_smplh_valid_frac"": 1.0, ""fm2_surface_correction_px_p50"": 28.220542454999645, ""fm2_vertex_worst_inset_min_px"": 94.42311527798705, ""fm2_violation_run_max_frames"": 0.0, ""fm2_violation_runs"": 0.0, ""fm2_windowed_pass_frac"": 1.0, ""fm3_static_frac"": 0.28252032520325204, ""observed_duration_s"": 246.0, ""reproj_px_p50"": 42.18846130029553, ""reproj_shoulder_widths_p50"": 0.13876714062580423, ""round3_gallery_group"": ""pass_naturalistic"", ""unit_files"": 3.0, ""unit_flagged_frac"": 0.0, ""unit_hip_flexion_min"": 155.69295415962318, ""unit_knee_between_min"": 0.5445499996159073}",render
r4_012,recheck_pass_012_V00_S1967_I00000118_P0306_f0000667,V00_S1967_I00000118_P0306,naturalistic/train/0032/0020/V00_S1967_I00000118_P0306,naturalistic/train/0032/0022/V00_S1967_I00000118_P1235,recheck_pass,recheck,naturalistic,667,V00,naturalistic,train,ipc_conversation,shown in Round 3 as pass_naturalistic; re-judged under the Round-4 detectors,"{""clip_anchored_on_fm2_violation"": false, ""flag_count"": 0, ""flags_fired"": """", ""fm1_hip_flexion_deg_p50"": 162.2166922739636, ""fm1_knee_between_torso_p50"": 0.5991032808299405, ""fm1_leg_over_torso_p50"": 1.1695422791380083, ""fm1_reasons"": """", ""fm1_shin_verticality_p50"": 0.9995120740919922, ""fm1_sitting_file"": false, ""fm1_sitting_participant"": false, ""fm1_unit"": ""0306@1967"", ""fm1_unit_basis"": ""none"", ""fm2_in_frame_and_valid_frac"": 1.0, ""fm2_pass_frac_round3_joints_only"": 1.0, ""fm2_smplh_valid_frac"": 1.0, ""fm2_surface_correction_px_p50"": 38.655716614048174, ""fm2_vertex_worst_inset_min_px"": 108.63491106424362, ""fm2_violation_run_max_frames"": 0.0, ""fm2_violation_runs"": 0.0, ""fm2_windowed_pass_frac"": 1.0, ""fm3_static_frac"": 0.015476190476190477, ""observed_duration_s"": 112.0, ""reproj_px_p50"": 43.53291615409201, ""reproj_shoulder_widths_p50"": 0.13936128381649554, ""round3_gallery_group"": ""pass_naturalistic"", ""unit_files"": 4.0, ""unit_flagged_frac"": 0.0, ""unit_hip_flexion_min"": 162.2166922739636, ""unit_knee_between_min"": 0.5880862439218062}",render
r4_013,recheck_multi_013_V00_S2059_I00001184_P1316A_f0003634,V00_S2059_I00001184_P1316A,improvised/train/0049/0043/V00_S2059_I00001184_P1316A,improvised/train/0049/0038/V00_S2059_I00001184_P1317A,recheck_multi,recheck,improvised,3634,V00,improvised,train,ipc_conversation,shown in Round 3 as flagged_fm1_sitting; re-judged under the Round-4 detectors,"{""clip_anchored_on_fm2_violation"": true, ""flag_count"": 2, ""flags_fired"": ""fm1_sitting+fm2_smplh_invalid"", ""fm1_hip_flexion_deg_p50"": 112.37664406405375, ""fm1_knee_between_torso_p50"": 0.3723289695935128, ""fm1_leg_over_torso_p50"": 1.5448117465650868, ""fm1_reasons"": ""knee_between"", ""fm1_shin_verticality_p50"": 0.9877629344866665, ""fm1_sitting_file"": true, ""fm1_sitting_participant"": true, ""fm1_unit"": ""1316A@2059"", ""fm1_unit_basis"": ""majority"", ""fm2_in_frame_and_valid_frac"": 0.9568807339449541, ""fm2_pass_frac_round3_joints_only"": 0.9637614678899082, ""fm2_smplh_valid_frac"": 0.9733944954128441, ""fm2_surface_correction_px_p50"": 46.08553339796782, ""fm2_vertex_worst_inset_min_px"": -163.61904123398313, ""fm2_violation_run_max_frames"": 125.0, ""fm2_violation_runs"": 18.0, ""fm2_windowed_pass_frac"": 0.5714285714285714, ""fm3_static_frac"": 0.20229357798165137, ""observed_duration_s"": 218.0, ""reproj_px_p50"": 15.660016527623082, ""reproj_shoulder_widths_p50"": 0.04447604479314727, ""round3_gallery_group"": ""flagged_fm1_sitting"", ""unit_files"": 2.0, ""unit_flagged_frac"": 1.0, ""unit_hip_flexion_min"": 112.37664406405375, ""unit_knee_between_min"": 0.3723289695935128}",render
r4_014,recheck_pass_014_V00_S0594_I00000135_P0752_f0001949,V00_S0594_I00000135_P0752,naturalistic/train/0017/0017/V00_S0594_I00000135_P0752,naturalistic/train/0017/0027/V00_S0594_I00000135_P0210,recheck_pass,recheck,naturalistic,1949,V00,naturalistic,train,collaborative_storytelling,shown in Round 3 as pass_naturalistic; re-judged under the Round-4 detectors,"{""clip_anchored_on_fm2_violation"": false, ""flag_count"": 0, ""flags_fired"": """", ""fm1_hip_flexion_deg_p50"": 160.82423054399823, ""fm1_knee_between_torso_p50"": 0.5408413146713646, ""fm1_leg_over_torso_p50"": 1.4826384047673313, ""fm1_reasons"": """", ""fm1_shin_verticality_p50"": 0.9997418445724804, ""fm1_sitting_file"": false, ""fm1_sitting_participant"": false, ""fm1_unit"": ""0752@0594"", ""fm1_unit_basis"": ""none"", ""fm2_in_frame_and_valid_frac"": 1.0, ""fm2_pass_frac_round3_joints_only"": 1.0, ""fm2_smplh_valid_frac"": 1.0, ""fm2_surface_correction_px_p50"": 26.544427128409325, ""fm2_vertex_worst_inset_min_px"": 34.007678553542405, ""fm2_violation_run_max_frames"": 0.0, ""fm2_violation_runs"": 0.0, ""fm2_windowed_pass_frac"": 1.0, ""fm3_static_frac"": 0.5026315789473684, ""observed_duration_s"": 152.0, ""reproj_px_p50"": 38.4200969529098, ""reproj_shoulder_widths_p50"": 0.12323026704672976, ""round3_gallery_group"": ""pass_naturalistic"", ""unit_files"": 3.0, ""unit_flagged_frac"": 0.0, ""unit_hip_flexion_min"": 158.71306282285656, ""unit_knee_between_min"": 0.5399428551730521}",render
r4_015,recheck_pass_015_V00_S0708_I00000377_P0866_f0002187,V00_S0708_I00000377_P0866,naturalistic/train/0020/0043/V00_S0708_I00000377_P0866,naturalistic/train/0020/0013/V00_S0708_I00000377_P0864,recheck_pass,recheck,naturalistic,2187,V00,naturalistic,train,ipc_conversation,shown in Round 3 as pass_naturalistic; re-judged under the Round-4 detectors,"{""clip_anchored_on_fm2_violation"": false, ""flag_count"": 0, ""flags_fired"": """", ""fm1_hip_flexion_deg_p50"": 153.60331724250526, ""fm1_knee_between_torso_p50"": 0.557525871808572, ""fm1_leg_over_torso_p50"": 1.315097472727428, ""fm1_reasons"": """", ""fm1_shin_verticality_p50"": 0.9996144206527182, ""fm1_sitting_file"": false, ""fm1_sitting_participant"": false, ""fm1_unit"": ""0866@0708"", ""fm1_unit_basis"": ""none"", ""fm2_in_frame_and_valid_frac"": 0.9810699588477366, ""fm2_pass_frac_round3_joints_only"": 1.0, ""fm2_smplh_valid_frac"": 1.0, ""fm2_surface_correction_px_p50"": 36.685435979021804, ""fm2_vertex_worst_inset_min_px"": -5.759641652914297, ""fm2_violation_run_max_frames"": 6.0, ""fm2_violation_runs"": 47.0, ""fm2_windowed_pass_frac"": 1.0, ""fm3_static_frac"": 0.0012345679012345679, ""observed_duration_s"": 162.0, ""reproj_px_p50"": 20.99051102592984, ""reproj_shoulder_widths_p50"": 0.06466112151991922, ""round3_gallery_group"": ""pass_naturalistic"", ""unit_files"": 3.0, ""unit_flagged_frac"": 0.0, ""unit_hip_flexion_min"": 137.20920507107593, ""unit_knee_between_min"": 0.557525871808572}",render
r4_016,recheck_pass_016_V00_S1781_I00000712_P1099A_f0001512,V00_S1781_I00000712_P1099A,improvised/train/0044/0040/V00_S1781_I00000712_P1099A,improvised/train/0044/0038/V00_S1781_I00000712_P0893A,recheck_pass,recheck,improvised,1512,V00,improvised,train,ipc_conversation,shown in Round 3 as flagged_fm1_sitting; re-judged under the Round-4 detectors,"{""clip_anchored_on_fm2_violation"": false, ""flag_count"": 0, ""flags_fired"": """", ""fm1_hip_flexion_deg_p50"": 119.8671100099488, ""fm1_knee_between_torso_p50"": 0.5073335584690619, ""fm1_leg_over_torso_p50"": 0.8170627369791528, ""fm1_reasons"": """", ""fm1_shin_verticality_p50"": 0.9989685378184354, ""fm1_sitting_file"": false, ""fm1_sitting_participant"": false, ""fm1_unit"": ""1099A@1781"", ""fm1_unit_basis"": ""none"", ""fm2_in_frame_and_valid_frac"": 1.0, ""fm2_pass_frac_round3_joints_only"": 1.0, ""fm2_smplh_valid_frac"": 1.0, ""fm2_surface_correction_px_p50"": 29.476478638725297, ""fm2_vertex_worst_inset_min_px"": 19.779796175779666, ""fm2_violation_run_max_frames"": 0.0, ""fm2_violation_runs"": 0.0, ""fm2_windowed_pass_frac"": 1.0, ""fm3_static_frac"": 0.032697201017811706, ""observed_duration_s"": 262.0, ""reproj_px_p50"": 49.16873491539956, ""reproj_shoulder_widths_p50"": 0.14859671744240388, ""round3_gallery_group"": ""flagged_fm1_sitting"", ""unit_files"": 1.0, ""unit_flagged_frac"": 0.0, ""unit_hip_flexion_min"": 119.8671100099488, ""unit_knee_between_min"": 0.5073335584690619}",render
r4_017,recheck_pass_017_V00_S1857_I00000314_P1185_f0004053,V00_S1857_I00000314_P1185,naturalistic/train/0029/0027/V00_S1857_I00000314_P1185,naturalistic/train/0029/0024/V00_S1857_I00000314_P0495,recheck_pass,recheck,naturalistic,4053,V00,naturalistic,train,ipc_conversation,shown in Round 3 as pass_naturalistic; re-judged under the Round-4 detectors,"{""clip_anchored_on_fm2_violation"": false, ""flag_count"": 0, ""flags_fired"": """", ""fm1_hip_flexion_deg_p50"": 155.78756795859357, ""fm1_knee_between_torso_p50"": 0.5283499695102625, ""fm1_leg_over_torso_p50"": 1.526484546264644, ""fm1_reasons"": """", ""fm1_shin_verticality_p50"": 0.9988123491581363, ""fm1_sitting_file"": false, ""fm1_sitting_participant"": false, ""fm1_unit"": ""1185@1857"", ""fm1_unit_basis"": ""none"", ""fm2_in_frame_and_valid_frac"": 1.0, ""fm2_pass_frac_round3_joints_only"": 1.0, ""fm2_smplh_valid_frac"": 1.0, ""fm2_surface_correction_px_p50"": 31.68869493300099, ""fm2_vertex_worst_inset_min_px"": 115.5839588124635, ""fm2_violation_run_max_frames"": 0.0, ""fm2_violation_runs"": 0.0, ""fm2_windowed_pass_frac"": 1.0, ""fm3_static_frac"": 0.40675213675213673, ""observed_duration_s"": 390.0, ""reproj_px_p50"": 11.640803805351066, ""reproj_shoulder_widths_p50"": 0.03992761145365797, ""round3_gallery_group"": ""pass_naturalistic"", ""unit_files"": 2.0, ""unit_flagged_frac"": 0.0, ""unit_hip_flexion_min"": 155.78756795859357, ""unit_knee_between_min"": 0.5283499695102625}",render
r4_018,recheck_pass_018_V00_S1969_I00000411_P0808_f0000209,V00_S1969_I00000411_P0808,naturalistic/train/0032/0007/V00_S1969_I00000411_P0808,naturalistic/train/0032/0012/V00_S1969_I00000411_P1234,recheck_pass,recheck,naturalistic,209,V00,naturalistic,train,ipc_conversation,shown in Round 3 as pass_naturalistic; re-judged under the Round-4 detectors,"{""clip_anchored_on_fm2_violation"": false, ""flag_count"": 0, ""flags_fired"": """", ""fm1_hip_flexion_deg_p50"": 134.29846448294688, ""fm1_knee_between_torso_p50"": 0.5399952760674034, ""fm1_leg_over_torso_p50"": 1.0000001378584842, ""fm1_reasons"": """", ""fm1_shin_verticality_p50"": 0.9950371656206416, ""fm1_sitting_file"": false, ""fm1_sitting_participant"": false, ""fm1_unit"": ""0808@1969"", ""fm1_unit_basis"": ""none"", ""fm2_in_frame_and_valid_frac"": 1.0, ""fm2_pass_frac_round3_joints_only"": 1.0, ""fm2_smplh_valid_frac"": 1.0, ""fm2_surface_correction_px_p50"": 26.9069619594477, ""fm2_vertex_worst_inset_min_px"": 106.90394569271467, ""fm2_violation_run_max_frames"": 0.0, ""fm2_violation_runs"": 0.0, ""fm2_windowed_pass_frac"": 1.0, ""fm3_static_frac"": 0.3307407407407407, ""observed_duration_s"": 90.0, ""reproj_px_p50"": 18.094831690879133, ""reproj_shoulder_widths_p50"": 0.05512470721477321, ""round3_gallery_group"": ""pass_naturalistic"", ""unit_files"": 2.0, ""unit_flagged_frac"": 0.0, ""unit_hip_flexion_min"": 130.42552212181965, ""unit_knee_between_min"": 0.5309333947742342}",render
r4_019,recheck_fm3_static_hands_019_V00_S0032_I00000477_P0049_f0005294,V00_S0032_I00000477_P0049,naturalistic/train/0000/0026/V00_S0032_I00000477_P0049,naturalistic/train/0000/0022/V00_S0032_I00000477_P0050,recheck_fm3_static_hands,recheck,naturalistic,5294,V00,naturalistic,train,ipc_conversation,shown in Round 3 as flagged_fm3_static_hands; re-judged under the Round-4 detectors,"{""clip_anchored_on_fm2_violation"": false, ""flag_count"": 1, ""flags_fired"": ""fm3_static_hands"", ""fm1_hip_flexion_deg_p50"": 153.3491123705716, ""fm1_knee_between_torso_p50"": 0.5855493655878304, ""fm1_leg_over_torso_p50"": 1.196190741670533, ""fm1_reasons"": """", ""fm1_shin_verticality_p50"": 0.9995677566534082, ""fm1_sitting_file"": false, ""fm1_sitting_participant"": false, ""fm1_unit"": ""0049@0032"", ""fm1_unit_basis"": ""none"", ""fm2_in_frame_and_valid_frac"": 1.0, ""fm2_pass_frac_round3_joints_only"": 1.0, ""fm2_smplh_valid_frac"": 1.0, ""fm2_surface_correction_px_p50"": 50.17070087703121, ""fm2_vertex_worst_inset_min_px"": 56.65191717828179, ""fm2_violation_run_max_frames"": 0.0, ""fm2_violation_runs"": 0.0, ""fm2_windowed_pass_frac"": 1.0, ""fm3_static_frac"": 0.8462809917355372, ""observed_duration_s"": 242.0, ""reproj_px_p50"": 19.837198202087748, ""reproj_shoulder_widths_p50"": 0.05348407279063523, ""round3_gallery_group"": ""flagged_fm3_static_hands"", ""unit_files"": 1.0, ""unit_flagged_frac"": 0.0, ""unit_hip_flexion_min"": 153.3491123705716, ""unit_knee_between_min"": 0.5855493655878304}",render
r4_020,recheck_pass_020_V00_S0180_I00000482_P0047_f0006533,V00_S0180_I00000482_P0047,naturalistic/train/0004/0010/V00_S0180_I00000482_P0047,naturalistic/train/0004/0033/V00_S0180_I00000482_P0247,recheck_pass,recheck,naturalistic,6533,V00,naturalistic,train,ipc_conversation,shown in Round 3 as pass_naturalistic; re-judged under the Round-4 detectors,"{""clip_anchored_on_fm2_violation"": false, ""flag_count"": 0, ""flags_fired"": """", ""fm1_hip_flexion_deg_p50"": 140.38496781747517, ""fm1_knee_between_torso_p50"": 0.5399296361514002, ""fm1_leg_over_torso_p50"": 1.1288309296811403, ""fm1_reasons"": """", ""fm1_shin_verticality_p50"": 0.9981684909858274, ""fm1_sitting_file"": false, ""fm1_sitting_participant"": false, ""fm1_unit"": ""0047@0180"", ""fm1_unit_basis"": ""none"", ""fm2_in_frame_and_valid_frac"": 0.9902335456475584, ""fm2_pass_frac_round3_joints_only"": 1.0, ""fm2_smplh_valid_frac"": 1.0, ""fm2_surface_correction_px_p50"": 44.70380456354144, ""fm2_vertex_worst_inset_min_px"": -25.514065701409663, ""fm2_violation_run_max_frames"": 92.0, ""fm2_violation_runs"": 1.0, ""fm2_windowed_pass_frac"": 1.0, ""fm3_static_frac"": 0.14278131634819533, ""observed_duration_s"": 314.0, ""reproj_px_p50"": 18.33278014729982, ""reproj_shoulder_widths_p50"": 0.048969121431444634, ""round3_gallery_group"": ""pass_naturalistic"", ""unit_files"": 3.0, ""unit_flagged_frac"": 0.0, ""unit_hip_flexion_min"": 140.25469854225022, ""unit_knee_between_min"": 0.5305757684746852}",render
r4_021,recheck_fm2_smplh_invalid_021_V00_S1626_I00000995_P1147A_f0003225,V00_S1626_I00000995_P1147A,improvised/train/0039/0045/V00_S1626_I00000995_P1147A,improvised/train/0039/0035/V00_S1626_I00000995_P0320A,recheck_fm2_smplh_invalid,recheck,improvised,3225,V00,improvised,train,ipc_conversation,shown in Round 3 as flagged_fm1_sitting; re-judged under the Round-4 detectors,"{""clip_anchored_on_fm2_violation"": true, ""flag_count"": 1, ""flags_fired"": ""fm2_smplh_invalid"", ""fm1_hip_flexion_deg_p50"": 134.06377265393763, ""fm1_knee_between_torso_p50"": 0.6062321348389196, ""fm1_leg_over_torso_p50"": 0.8168787164603943, ""fm1_reasons"": """", ""fm1_shin_verticality_p50"": 0.9934090050240433, ""fm1_sitting_file"": false, ""fm1_sitting_participant"": false, ""fm1_unit"": ""1147A@1626"", ""fm1_unit_basis"": ""none"", ""fm2_in_frame_and_valid_frac"": 0.9596153846153846, ""fm2_pass_frac_round3_joints_only"": 0.9680769230769231, ""fm2_smplh_valid_frac"": 0.9906410256410256, ""fm2_surface_correction_px_p50"": 29.24001244482048, ""fm2_vertex_worst_inset_min_px"": -101.55845901438408, ""fm2_violation_run_max_frames"": 64.0, ""fm2_violation_runs"": 39.0, ""fm2_windowed_pass_frac"": 0.375, ""fm3_static_frac"": 0.11794871794871795, ""observed_duration_s"": 260.0, ""reproj_px_p50"": 24.787530752347756, ""reproj_shoulder_widths_p50"": 0.06866112198632279, ""round3_gallery_group"": ""flagged_fm1_sitting"", ""unit_files"": 1.0, ""unit_flagged_frac"": 0.0, ""unit_hip_flexion_min"": 134.06377265393763, ""unit_knee_between_min"": 0.6062321348389196}",render
r4_022,recheck_pass_022_V00_S2066_I00001063_P1324A_f0004028,V00_S2066_I00001063_P1324A,improvised/train/0049/0012/V00_S2066_I00001063_P1324A,improvised/train/0049/0020/V00_S2066_I00001063_P1323A,recheck_pass,recheck,improvised,4028,V00,improvised,train,ipc_conversation,shown in Round 3 as pass_improvised; re-judged under the Round-4 detectors,"{""clip_anchored_on_fm2_violation"": false, ""flag_count"": 0, ""flags_fired"": """", ""fm1_hip_flexion_deg_p50"": 132.80411429275745, ""fm1_knee_between_torso_p50"": 0.5690624587812758, ""fm1_leg_over_torso_p50"": 0.9715510647739158, ""fm1_reasons"": """", ""fm1_shin_verticality_p50"": 0.9993628674307373, ""fm1_sitting_file"": false, ""fm1_sitting_participant"": false, ""fm1_unit"": ""1324A@2066"", ""fm1_unit_basis"": ""none"", ""fm2_in_frame_and_valid_frac"": 1.0, ""fm2_pass_frac_round3_joints_only"": 1.0, ""fm2_smplh_valid_frac"": 1.0, ""fm2_surface_correction_px_p50"": 48.71729594128806, ""fm2_vertex_worst_inset_min_px"": 85.03937927879588, ""fm2_violation_run_max_frames"": 0.0, ""fm2_violation_runs"": 0.0, ""fm2_windowed_pass_frac"": 1.0, ""fm3_static_frac"": 0.7383141762452107, ""observed_duration_s"": 174.0, ""reproj_px_p50"": 37.46981153870826, ""reproj_shoulder_widths_p50"": 0.10066320001337918, ""round3_gallery_group"": ""pass_improvised"", ""unit_files"": 2.0, ""unit_flagged_frac"": 0.0, ""unit_hip_flexion_min"": 132.80411429275745, ""unit_knee_between_min"": 0.5690624587812758}",render
r4_023,recheck_fm3_static_hands_023_V00_S0392_I00000377_P0522_f0002236,V00_S0392_I00000377_P0522,naturalistic/train/0010/0036/V00_S0392_I00000377_P0522,naturalistic/train/0010/0023/V00_S0392_I00000377_P0521,recheck_fm3_static_hands,recheck,naturalistic,2236,V00,naturalistic,train,ipc_conversation,shown in Round 3 as flagged_fm3_static_hands; re-judged under the Round-4 detectors,"{""clip_anchored_on_fm2_violation"": false, ""flag_count"": 1, ""flags_fired"": ""fm3_static_hands"", ""fm1_hip_flexion_deg_p50"": 155.95594937246642, ""fm1_knee_between_torso_p50"": 0.5550682190993796, ""fm1_leg_over_torso_p50"": 1.186548665169095, ""fm1_reasons"": """", ""fm1_shin_verticality_p50"": 0.9983713308647227, ""fm1_sitting_file"": false, ""fm1_sitting_participant"": false, ""fm1_unit"": ""0522@0392"", ""fm1_unit_basis"": ""none"", ""fm2_in_frame_and_valid_frac"": 1.0, ""fm2_pass_frac_round3_joints_only"": 1.0, ""fm2_smplh_valid_frac"": 1.0, ""fm2_surface_correction_px_p50"": 38.83978903899924, ""fm2_vertex_worst_inset_min_px"": 81.52997324848138, ""fm2_violation_run_max_frames"": 0.0, ""fm2_violation_runs"": 0.0, ""fm2_windowed_pass_frac"": 1.0, ""fm3_static_frac"": 0.9628930817610063, ""observed_duration_s"": 106.0, ""reproj_px_p50"": 47.175012886677905, ""reproj_shoulder_widths_p50"": 0.1356423067427836, ""round3_gallery_group"": ""flagged_fm3_static_hands"", ""unit_files"": 1.0, ""unit_flagged_frac"": 0.0, ""unit_hip_flexion_min"": 155.95594937246642, ""unit_knee_between_min"": 0.5550682190993796}",render
r4_024,recheck_fm1_sitting_024_V00_S0446_I00000125_P0489_f0003192,V00_S0446_I00000125_P0489,naturalistic/train/0011/0004/V00_S0446_I00000125_P0489,naturalistic/train/0011/0017/V00_S0446_I00000125_P0585,recheck_fm1_sitting,recheck,naturalistic,3192,V00,naturalistic,train,ipc_conversation,shown in Round 3 as flagged_fm1_sitting; re-judged under the Round-4 detectors,"{""clip_anchored_on_fm2_violation"": false, ""flag_count"": 1, ""flags_fired"": ""fm1_sitting"", ""fm1_hip_flexion_deg_p50"": 106.24367634309243, ""fm1_knee_between_torso_p50"": 0.40549144396078574, ""fm1_leg_over_torso_p50"": 0.8813421104254717, ""fm1_reasons"": ""knee_between"", ""fm1_shin_verticality_p50"": 0.976187130563609, ""fm1_sitting_file"": true, ""fm1_sitting_participant"": true, ""fm1_unit"": ""0489@0446"", ""fm1_unit_basis"": ""majority"", ""fm2_in_frame_and_valid_frac"": 0.9984722222222222, ""fm2_pass_frac_round3_joints_only"": 1.0, ""fm2_smplh_valid_frac"": 1.0, ""fm2_surface_correction_px_p50"": 28.434995458030613, ""fm2_vertex_worst_inset_min_px"": 10.050099110435895, ""fm2_violation_run_max_frames"": 10.0, ""fm2_violation_runs"": 2.0, ""fm2_windowed_pass_frac"": 1.0, ""fm3_static_frac"": 0.028055555555555556, ""observed_duration_s"": 240.0, ""reproj_px_p50"": 17.43094147717323, ""reproj_shoulder_widths_p50"": 0.0480281987067183, ""round3_gallery_group"": ""flagged_fm1_sitting"", ""unit_files"": 1.0, ""unit_flagged_frac"": 1.0, ""unit_hip_flexion_min"": 106.24367634309243, ""unit_knee_between_min"": 0.40549144396078574}",render
r4_025,recheck_pass_025_V00_S0708_I00000488_P0866_f0002603,V00_S0708_I00000488_P0866,naturalistic/train/0020/0013/V00_S0708_I00000488_P0866,naturalistic/train/0020/0005/V00_S0708_I00000488_P0864,recheck_pass,recheck,naturalistic,2603,V00,naturalistic,train,ipc_conversation,shown in Round 3 as pass_naturalistic; re-judged under the Round-4 detectors,"{""clip_anchored_on_fm2_violation"": false, ""flag_count"": 0, ""flags_fired"": """", ""fm1_hip_flexion_deg_p50"": 137.20920507107593, ""fm1_knee_between_torso_p50"": 0.5697099365844039, ""fm1_leg_over_torso_p50"": 1.0445616575249068, ""fm1_reasons"": """", ""fm1_shin_verticality_p50"": 0.9984603519427742, ""fm1_sitting_file"": false, ""fm1_sitting_participant"": false, ""fm1_unit"": ""0866@0708"", ""fm1_unit_basis"": ""none"", ""fm2_in_frame_and_valid_frac"": 0.9978927203065134, ""fm2_pass_frac_round3_joints_only"": 1.0, ""fm2_smplh_valid_frac"": 1.0, ""fm2_surface_correction_px_p50"": 41.07315847089603, ""fm2_vertex_worst_inset_min_px"": -6.654318274676257, ""fm2_violation_run_max_frames"": 8.0, ""fm2_violation_runs"": 3.0, ""fm2_windowed_pass_frac"": 1.0, ""fm3_static_frac"": 0.0950191570881226, ""observed_duration_s"": 174.0, ""reproj_px_p50"": 20.0061634797583, ""reproj_shoulder_widths_p50"": 0.05583761581343771, ""round3_gallery_group"": ""pass_naturalistic"", ""unit_files"": 3.0, ""unit_flagged_frac"": 0.0, ""unit_hip_flexion_min"": 137.20920507107593, ""unit_knee_between_min"": 0.557525871808572}",render
r4_026,recheck_pass_026_V00_S1099_I00000660_P0825A_f0002180,V00_S1099_I00000660_P0825A,improvised/train/0024/0014/V00_S1099_I00000660_P0825A,improvised/train/0024/0025/V00_S1099_I00000660_P0682A,recheck_pass,recheck,improvised,2180,V00,improvised,train,ipc_conversation,shown in Round 3 as pass_improvised; re-judged under the Round-4 detectors,"{""clip_anchored_on_fm2_violation"": false, ""flag_count"": 0, ""flags_fired"": """", ""fm1_hip_flexion_deg_p50"": 127.71880543582662, ""fm1_knee_between_torso_p50"": 0.5246263314481453, ""fm1_leg_over_torso_p50"": 0.9567599765465372, ""fm1_reasons"": """", ""fm1_shin_verticality_p50"": 0.9993628503251816, ""fm1_sitting_file"": false, ""fm1_sitting_participant"": false, ""fm1_unit"": ""0825A@1099"", ""fm1_unit_basis"": ""none"", ""fm2_in_frame_and_valid_frac"": 1.0, ""fm2_pass_frac_round3_joints_only"": 1.0, ""fm2_smplh_valid_frac"": 1.0, ""fm2_surface_correction_px_p50"": 42.36076794549592, ""fm2_vertex_worst_inset_min_px"": 171.72266546971514, ""fm2_violation_run_max_frames"": 0.0, ""fm2_violation_runs"": 0.0, ""fm2_windowed_pass_frac"": 1.0, ""fm3_static_frac"": 0.01597222222222222, ""observed_duration_s"": 192.0, ""reproj_px_p50"": 21.518976553688674, ""reproj_shoulder_widths_p50"": 0.06877116285983095, ""round3_gallery_group"": ""pass_improvised"", ""unit_files"": 1.0, ""unit_flagged_frac"": 0.0, ""unit_hip_flexion_min"": 127.71880543582662, ""unit_knee_between_min"": 0.5246263314481453}",render
r4_027,recheck_pass_027_V00_S0231_I00000581_P0006A_f0000755,V00_S0231_I00000581_P0006A,improvised/train/0005/0024/V00_S0231_I00000581_P0006A,improvised/train/0005/0009/V00_S0231_I00000581_P0317,recheck_pass,recheck,improvised,755,V00,improvised,train,ipc_conversation,shown in Round 3 as pass_improvised; re-judged under the Round-4 detectors,"{""clip_anchored_on_fm2_violation"": false, ""flag_count"": 0, ""flags_fired"": """", ""fm1_hip_flexion_deg_p50"": 156.97807520835588, ""fm1_knee_between_torso_p50"": 0.564770114226542, ""fm1_leg_over_torso_p50"": 1.272318522908504, ""fm1_reasons"": """", ""fm1_shin_verticality_p50"": 0.9985422780938983, ""fm1_sitting_file"": false, ""fm1_sitting_participant"": false, ""fm1_unit"": ""0006A@0231"", ""fm1_unit_basis"": ""none"", ""fm2_in_frame_and_valid_frac"": 1.0, ""fm2_pass_frac_round3_joints_only"": 1.0, ""fm2_smplh_valid_frac"": 1.0, ""fm2_surface_correction_px_p50"": 40.63200801389485, ""fm2_vertex_worst_inset_min_px"": 28.481925055667034, ""fm2_violation_run_max_frames"": 0.0, ""fm2_violation_runs"": 0.0, ""fm2_windowed_pass_frac"": 1.0, ""fm3_static_frac"": 0.7316239316239316, ""observed_duration_s"": 156.0, ""reproj_px_p50"": 37.9768752685024, ""reproj_shoulder_widths_p50"": 0.10370079454755315, ""round3_gallery_group"": ""pass_improvised"", ""unit_files"": 3.0, ""unit_flagged_frac"": 0.0, ""unit_hip_flexion_min"": 156.35204206228525, ""unit_knee_between_min"": 0.564770114226542}",render
r4_028,recheck_pass_028_V00_S1404_I00000030_P0300_f0000162,V00_S1404_I00000030_P0300,improvised/train/0032/0035/V00_S1404_I00000030_P0300,improvised/train/0032/0052/V00_S1404_I00000030_P1103A,recheck_pass,recheck,improvised,162,V00,improvised,train,ipc_conversation,shown in Round 3 as pass_improvised; re-judged under the Round-4 detectors,"{""clip_anchored_on_fm2_violation"": false, ""flag_count"": 0, ""flags_fired"": """", ""fm1_hip_flexion_deg_p50"": 139.6819434899324, ""fm1_knee_between_torso_p50"": 0.5297036264172128, ""fm1_leg_over_torso_p50"": 1.2069854912670315, ""fm1_reasons"": """", ""fm1_shin_verticality_p50"": 0.9961298640327825, ""fm1_sitting_file"": false, ""fm1_sitting_participant"": false, ""fm1_unit"": ""0300@1404"", ""fm1_unit_basis"": ""none"", ""fm2_in_frame_and_valid_frac"": 1.0, ""fm2_pass_frac_round3_joints_only"": 1.0, ""fm2_smplh_valid_frac"": 1.0, ""fm2_surface_correction_px_p50"": 27.8840992819662, ""fm2_vertex_worst_inset_min_px"": 81.96420782332223, ""fm2_violation_run_max_frames"": 0.0, ""fm2_violation_runs"": 0.0, ""fm2_windowed_pass_frac"": 1.0, ""fm3_static_frac"": 0.12777777777777777, ""observed_duration_s"": 78.0, ""reproj_px_p50"": 37.19786296994312, ""reproj_shoulder_widths_p50"": 0.12827239812337454, ""round3_gallery_group"": ""pass_improvised"", ""unit_files"": 3.0, ""unit_flagged_frac"": 0.0, ""unit_hip_flexion_min"": 139.33434374557876, ""unit_knee_between_min"": 0.5297036264172128}",render
r4_029,recheck_pass_029_V00_S1580_I00001175_P1103A_f0003903,V00_S1580_I00001175_P1103A,improvised/train/0038/0056/V00_S1580_I00001175_P1103A,improvised/train/0038/0058/V00_S1580_I00001175_P1154A,recheck_pass,recheck,improvised,3903,V00,improvised,train,ipc_conversation,shown in Round 3 as pass_improvised; re-judged under the Round-4 detectors,"{""clip_anchored_on_fm2_violation"": false, ""flag_count"": 0, ""flags_fired"": """", ""fm1_hip_flexion_deg_p50"": 146.88626733892173, ""fm1_knee_between_torso_p50"": 0.5830960857911868, ""fm1_leg_over_torso_p50"": 1.0593352196202879, ""fm1_reasons"": """", ""fm1_shin_verticality_p50"": 0.9995411866677136, ""fm1_sitting_file"": false, ""fm1_sitting_participant"": false, ""fm1_unit"": ""1103A@1580"", ""fm1_unit_basis"": ""none"", ""fm2_in_frame_and_valid_frac"": 0.9997619047619047, ""fm2_pass_frac_round3_joints_only"": 1.0, ""fm2_smplh_valid_frac"": 1.0, ""fm2_surface_correction_px_p50"": 45.04928044618032, ""fm2_vertex_worst_inset_min_px"": 4.811040309591817, ""fm2_violation_run_max_frames"": 3.0, ""fm2_violation_runs"": 1.0, ""fm2_windowed_pass_frac"": 1.0, ""fm3_static_frac"": 0.03484126984126984, ""observed_duration_s"": 420.0, ""reproj_px_p50"": 22.55424792933998, ""reproj_shoulder_widths_p50"": 0.06300463130508593, ""round3_gallery_group"": ""pass_improvised"", ""unit_files"": 1.0, ""unit_flagged_frac"": 0.0, ""unit_hip_flexion_min"": 146.88626733892173, ""unit_knee_between_min"": 0.5830960857911868}",render
r4_030,recheck_pass_030_V00_S0393_I00000479_P0523_f0004228,V00_S0393_I00000479_P0523,naturalistic/train/0010/0032/V00_S0393_I00000479_P0523,naturalistic/train/0010/0022/V00_S0393_I00000479_P0193,recheck_pass,recheck,naturalistic,4228,V00,naturalistic,train,ipc_conversation,shown in Round 3 as pass_naturalistic; re-judged under the Round-4 detectors,"{""clip_anchored_on_fm2_violation"": false, ""flag_count"": 0, ""flags_fired"": """", ""fm1_hip_flexion_deg_p50"": 132.70476300490833, ""fm1_knee_between_torso_p50"": 0.5142981975437422, ""fm1_leg_over_torso_p50"": 1.1139232666123087, ""fm1_reasons"": """", ""fm1_shin_verticality_p50"": 0.9981684894473493, ""fm1_sitting_file"": false, ""fm1_sitting_participant"": false, ""fm1_unit"": ""0523@0393"", ""fm1_unit_basis"": ""none"", ""fm2_in_frame_and_valid_frac"": 1.0, ""fm2_pass_frac_round3_joints_only"": 1.0, ""fm2_smplh_valid_frac"": 1.0, ""fm2_surface_correction_px_p50"": 41.73222406504658, ""fm2_vertex_worst_inset_min_px"": 68.50693237134908, ""fm2_violation_run_max_frames"": 0.0, ""fm2_violation_runs"": 0.0, ""fm2_windowed_pass_frac"": 1.0, ""fm3_static_frac"": 0.0012280701754385965, ""observed_duration_s"": 190.0, ""reproj_px_p50"": 43.96882883257215, ""reproj_shoulder_widths_p50"": 0.11887051360744678, ""round3_gallery_group"": ""pass_naturalistic"", ""unit_files"": 2.0, ""unit_flagged_frac"": 0.0, ""unit_hip_flexion_min"": 132.70476300490833, ""unit_knee_between_min"": 0.5142981975437422}",render
r4_031,recheck_pass_031_V00_S0708_I00000515_P0866_f0001322,V00_S0708_I00000515_P0866,naturalistic/train/0020/0017/V00_S0708_I00000515_P0866,naturalistic/train/0020/0005/V00_S0708_I00000515_P0864,recheck_pass,recheck,naturalistic,1322,V00,naturalistic,train,ipc_conversation,shown in Round 3 as pass_naturalistic; re-judged under the Round-4 detectors,"{""clip_anchored_on_fm2_violation"": false, ""flag_count"": 0, ""flags_fired"": """", ""fm1_hip_flexion_deg_p50"": 151.45399057242582, ""fm1_knee_between_torso_p50"": 0.56113546809235, ""fm1_leg_over_torso_p50"": 1.2206338077233054, ""fm1_reasons"": """", ""fm1_shin_verticality_p50"": 0.9995920815893667, ""fm1_sitting_file"": false, ""fm1_sitting_participant"": false, ""fm1_unit"": ""0866@0708"", ""fm1_unit_basis"": ""none"", ""fm2_in_frame_and_valid_frac"": 1.0, ""fm2_pass_frac_round3_joints_only"": 1.0, ""fm2_smplh_valid_frac"": 1.0, ""fm2_surface_correction_px_p50"": 38.754522924177195, ""fm2_vertex_worst_inset_min_px"": 46.6357094794198, ""fm2_violation_run_max_frames"": 0.0, ""fm2_violation_runs"": 0.0, ""fm2_windowed_pass_frac"": 1.0, ""fm3_static_frac"": 0.2076388888888889, ""observed_duration_s"": 96.0, ""reproj_px_p50"": 16.979814929723787, ""reproj_shoulder_widths_p50"": 0.050091970063692745, ""round3_gallery_group"": ""pass_naturalistic"", ""unit_files"": 3.0, ""unit_flagged_frac"": 0.0, ""unit_hip_flexion_min"": 137.20920507107593, ""unit_knee_between_min"": 0.557525871808572}",render
r4_032,recheck_pass_032_V00_S0524_I00000483_P0669_f0003401,V00_S0524_I00000483_P0669,naturalistic/train/0014/0023/V00_S0524_I00000483_P0669,naturalistic/train/0014/0010/V00_S0524_I00000483_P0668,recheck_pass,recheck,naturalistic,3401,V00,naturalistic,train,ipc_conversation,shown in Round 3 as pass_naturalistic; re-judged under the Round-4 detectors,"{""clip_anchored_on_fm2_violation"": false, ""flag_count"": 0, ""flags_fired"": """", ""fm1_hip_flexion_deg_p50"": 153.21163100658413, ""fm1_knee_between_torso_p50"": 0.53599949463032, ""fm1_leg_over_torso_p50"": 1.3340848168871227, ""fm1_reasons"": """", ""fm1_shin_verticality_p50"": 0.9999999999999786, ""fm1_sitting_file"": false, ""fm1_sitting_participant"": false, ""fm1_unit"": ""0669@0524"", ""fm1_unit_basis"": ""none"", ""fm2_in_frame_and_valid_frac"": 1.0, ""fm2_pass_frac_round3_joints_only"": 1.0, ""fm2_smplh_valid_frac"": 1.0, ""fm2_surface_correction_px_p50"": 30.359614585841427, ""fm2_vertex_worst_inset_min_px"": 88.90822331349602, ""fm2_violation_run_max_frames"": 0.0, ""fm2_violation_runs"": 0.0, ""fm2_windowed_pass_frac"": 1.0, ""fm3_static_frac"": 0.5606770833333333, ""observed_duration_s"": 256.0, ""reproj_px_p50"": 40.8251479912666, ""reproj_shoulder_widths_p50"": 0.13217782334285558, ""round3_gallery_group"": ""pass_naturalistic"", ""unit_files"": 1.0, ""unit_flagged_frac"": 0.0, ""unit_hip_flexion_min"": 153.21163100658413, ""unit_knee_between_min"": 0.53599949463032}",render
r4_033,recheck_pass_033_V00_S1015_I00000706_P0682A_f0003650,V00_S1015_I00000706_P0682A,improvised/train/0021/0027/V00_S1015_I00000706_P0682A,improvised/train/0021/0070/V00_S1015_I00000706_P0825A,recheck_pass,recheck,improvised,3650,V00,improvised,train,ipc_conversation,shown in Round 3 as pass_improvised; re-judged under the Round-4 detectors,"{""clip_anchored_on_fm2_violation"": false, ""flag_count"": 0, ""flags_fired"": """", ""fm1_hip_flexion_deg_p50"": 158.5405979364426, ""fm1_knee_between_torso_p50"": 0.5678828601498678, ""fm1_leg_over_torso_p50"": 1.342646484489418, ""fm1_reasons"": """", ""fm1_shin_verticality_p50"": 0.9922779079836844, ""fm1_sitting_file"": false, ""fm1_sitting_participant"": false, ""fm1_unit"": ""0682A@1015"", ""fm1_unit_basis"": ""none"", ""fm2_in_frame_and_valid_frac"": 1.0, ""fm2_pass_frac_round3_joints_only"": 1.0, ""fm2_smplh_valid_frac"": 1.0, ""fm2_surface_correction_px_p50"": 39.82511301936597, ""fm2_vertex_worst_inset_min_px"": 95.45469579705957, ""fm2_violation_run_max_frames"": 0.0, ""fm2_violation_runs"": 0.0, ""fm2_windowed_pass_frac"": 1.0, ""fm3_static_frac"": 0.3959232613908873, ""observed_duration_s"": 278.0, ""reproj_px_p50"": 34.24041665344229, ""reproj_shoulder_widths_p50"": 0.11366376365321643, ""round3_gallery_group"": ""pass_improvised"", ""unit_files"": 1.0, ""unit_flagged_frac"": 0.0, ""unit_hip_flexion_min"": 158.5405979364426, ""unit_knee_between_min"": 0.5678828601498678}",render
r4_034,recheck_pass_034_V00_S1544_I00000147_P1122_f0003693,V00_S1544_I00000147_P1122,naturalistic/train/0027/0031/V00_S1544_I00000147_P1122,naturalistic/train/0027/0035/V00_S1544_I00000147_P0317,recheck_pass,recheck,naturalistic,3693,V00,naturalistic,train,ipc_conversation,shown in Round 3 as pass_naturalistic; re-judged under the Round-4 detectors,"{""clip_anchored_on_fm2_violation"": false, ""flag_count"": 0, ""flags_fired"": """", ""fm1_hip_flexion_deg_p50"": 150.71220834643646, ""fm1_knee_between_torso_p50"": 0.6070563945262191, ""fm1_leg_over_torso_p50"": 1.1667655738669347, ""fm1_reasons"": """", ""fm1_shin_verticality_p50"": 0.9449859914712684, ""fm1_sitting_file"": false, ""fm1_sitting_participant"": false, ""fm1_unit"": ""1122@1544"", ""fm1_unit_basis"": ""none"", ""fm2_in_frame_and_valid_frac"": 1.0, ""fm2_pass_frac_round3_joints_only"": 1.0, ""fm2_smplh_valid_frac"": 1.0, ""fm2_surface_correction_px_p50"": 29.61368612514491, ""fm2_vertex_worst_inset_min_px"": 55.225014167139875, ""fm2_violation_run_max_frames"": 0.0, ""fm2_violation_runs"": 0.0, ""fm2_windowed_pass_frac"": 1.0, ""fm3_static_frac"": 0.15849673202614378, ""observed_duration_s"": 306.0, ""reproj_px_p50"": 13.976742025716158, ""reproj_shoulder_widths_p50"": 0.05227566995701491, ""round3_gallery_group"": ""pass_naturalistic"", ""unit_files"": 3.0, ""unit_flagged_frac"": 0.0, ""unit_hip_flexion_min"": 139.79083273668368, ""unit_knee_between_min"": 0.5262858182358425}",render
r4_035,recheck_fm1_sitting_035_V00_S1921_I00000264_P1209_f0003468,V00_S1921_I00000264_P1209,naturalistic/train/0030/0027/V00_S1921_I00000264_P1209,naturalistic/train/0030/0004/V00_S1921_I00000264_P1211,recheck_fm1_sitting,recheck,naturalistic,3468,V00,naturalistic,train,ipc_conversation,shown in Round 3 as flagged_multi; re-judged under the Round-4 detectors,"{""clip_anchored_on_fm2_violation"": false, ""flag_count"": 1, ""flags_fired"": ""fm1_sitting"", ""fm1_hip_flexion_deg_p50"": 108.83985401976065, ""fm1_knee_between_torso_p50"": 0.3621646598001038, ""fm1_leg_over_torso_p50"": 1.0452701113346674, ""fm1_reasons"": ""knee_between"", ""fm1_shin_verticality_p50"": 0.9936052746989277, ""fm1_sitting_file"": true, ""fm1_sitting_participant"": true, ""fm1_unit"": ""1209@1921"", ""fm1_unit_basis"": ""majority"", ""fm2_in_frame_and_valid_frac"": 0.9813725490196078, ""fm2_pass_frac_round3_joints_only"": 0.9898692810457517, ""fm2_smplh_valid_frac"": 1.0, ""fm2_surface_correction_px_p50"": 38.48737997472216, ""fm2_vertex_worst_inset_min_px"": -33.686566510432726, ""fm2_violation_run_max_frames"": 61.0, ""fm2_violation_runs"": 18.0, ""fm2_windowed_pass_frac"": 0.8, ""fm3_static_frac"": 0.6270152505446623, ""observed_duration_s"": 306.0, ""reproj_px_p50"": 35.98263029762184, ""reproj_shoulder_widths_p50"": 0.11116123562062291, ""round3_gallery_group"": ""flagged_multi"", ""unit_files"": 2.0, ""unit_flagged_frac"": 1.0, ""unit_hip_flexion_min"": 108.83985401976065, ""unit_knee_between_min"": 0.3621646598001038}",render
r4_036,recheck_fm2_smplh_invalid_036_V00_S0326_I00000520_P0442_f0000000,V00_S0326_I00000520_P0442,improvised/train/0007/0034/V00_S0326_I00000520_P0442,improvised/train/0007/0010/V00_S0326_I00000520_P0026A,recheck_fm2_smplh_invalid,recheck,improvised,0,V00,improvised,train,grounded_gesture,shown in Round 3 as flagged_multi; re-judged under the Round-4 detectors,"{""clip_anchored_on_fm2_violation"": true, ""flag_count"": 1, ""flags_fired"": ""fm2_smplh_invalid"", ""fm1_hip_flexion_deg_p50"": 152.09134295918795, ""fm1_knee_between_torso_p50"": 0.5436585115752945, ""fm1_leg_over_torso_p50"": 1.441046357877276, ""fm1_reasons"": """", ""fm1_shin_verticality_p50"": 0.9958932064677039, ""fm1_sitting_file"": false, ""fm1_sitting_participant"": false, ""fm1_unit"": ""0442@0326"", ""fm1_unit_basis"": ""none"", ""fm2_in_frame_and_valid_frac"": 0.9728070175438597, ""fm2_pass_frac_round3_joints_only"": 0.9734335839598998, ""fm2_smplh_valid_frac"": 0.9893483709273183, ""fm2_surface_correction_px_p50"": 45.74477854185966, ""fm2_vertex_worst_inset_min_px"": -206.286936853548, ""fm2_violation_run_max_frames"": 62.0, ""fm2_violation_runs"": 6.0, ""fm2_windowed_pass_frac"": 0.5, ""fm3_static_frac"": 0.5993964541682384, ""observed_duration_s"": 266.0, ""reproj_px_p50"": 15.889603482386018, ""reproj_shoulder_widths_p50"": 0.04952725541176297, ""round3_gallery_group"": ""flagged_multi"", ""unit_files"": 2.0, ""unit_flagged_frac"": 0.0, ""unit_hip_flexion_min"": 145.25854628987122, ""unit_knee_between_min"": 0.515209182460824}",render
r4_037,recheck_pass_037_V00_S0576_I00000484_P0727_f0001349,V00_S0576_I00000484_P0727,naturalistic/train/0016/0036/V00_S0576_I00000484_P0727,naturalistic/train/0016/0012/V00_S0576_I00000484_P0726,recheck_pass,recheck,naturalistic,1349,V00,naturalistic,train,ipc_conversation,shown in Round 3 as pass_naturalistic; re-judged under the Round-4 detectors,"{""clip_anchored_on_fm2_violation"": false, ""flag_count"": 0, ""flags_fired"": """", ""fm1_hip_flexion_deg_p50"": 141.34250722863703, ""fm1_knee_between_torso_p50"": 0.5436704159508983, ""fm1_leg_over_torso_p50"": 1.1746035028973272, ""fm1_reasons"": """", ""fm1_shin_verticality_p50"": 0.9999999999999708, ""fm1_sitting_file"": false, ""fm1_sitting_participant"": false, ""fm1_unit"": ""0727@0576"", ""fm1_unit_basis"": ""none"", ""fm2_in_frame_and_valid_frac"": 1.0, ""fm2_pass_frac_round3_joints_only"": 1.0, ""fm2_smplh_valid_frac"": 1.0, ""fm2_surface_correction_px_p50"": 39.78427031092315, ""fm2_vertex_worst_inset_min_px"": 111.66345667887276, ""fm2_violation_run_max_frames"": 0.0, ""fm2_violation_runs"": 0.0, ""fm2_windowed_pass_frac"": 1.0, ""fm3_static_frac"": 0.09658119658119659, ""observed_duration_s"": 78.0, ""reproj_px_p50"": 31.407068825404895, ""reproj_shoulder_widths_p50"": 0.08815851665982807, ""round3_gallery_group"": ""pass_naturalistic"", ""unit_files"": 3.0, ""unit_flagged_frac"": 0.0, ""unit_hip_flexion_min"": 139.23769902005938, ""unit_knee_between_min"": 0.5436704159508983}",render
r4_038,recheck_pass_038_V00_S0874_I00000126_P0986_f0002679,V00_S0874_I00000126_P0986,improvised/train/0018/0048/V00_S0874_I00000126_P0986,improvised/train/0018/0045/V00_S0874_I00000126_P0185A,recheck_pass,recheck,improvised,2679,V00,improvised,train,ipc_conversation,shown in Round 3 as pass_improvised; re-judged under the Round-4 detectors,"{""clip_anchored_on_fm2_violation"": false, ""flag_count"": 0, ""flags_fired"": """", ""fm1_hip_flexion_deg_p50"": 154.06413856756066, ""fm1_knee_between_torso_p50"": 0.5677606163739741, ""fm1_leg_over_torso_p50"": 1.277250005620793, ""fm1_reasons"": """", ""fm1_shin_verticality_p50"": 0.9996349700300708, ""fm1_sitting_file"": false, ""fm1_sitting_participant"": false, ""fm1_unit"": ""0986@0874"", ""fm1_unit_basis"": ""none"", ""fm2_in_frame_and_valid_frac"": 1.0, ""fm2_pass_frac_round3_joints_only"": 1.0, ""fm2_smplh_valid_frac"": 1.0, ""fm2_surface_correction_px_p50"": 39.46240496313476, ""fm2_vertex_worst_inset_min_px"": 86.46002803136031, ""fm2_violation_run_max_frames"": 0.0, ""fm2_violation_runs"": 0.0, ""fm2_windowed_pass_frac"": 1.0, ""fm3_static_frac"": 0.7349726775956285, ""observed_duration_s"": 244.0, ""reproj_px_p50"": 35.54349379837447, ""reproj_shoulder_widths_p50"": 0.11178932970557437, ""round3_gallery_group"": ""pass_improvised"", ""unit_files"": 2.0, ""unit_flagged_frac"": 0.0, ""unit_hip_flexion_min"": 154.06413856756066, ""unit_knee_between_min"": 0.5660156107441914}",render
r4_039,recheck_fm1_sitting_039_V00_S0936_I00000477_P1030_f0001714,V00_S0936_I00000477_P1030,naturalistic/train/0024/0001/V00_S0936_I00000477_P1030,naturalistic/train/0024/0034/V00_S0936_I00000477_P1029,recheck_fm1_sitting,recheck,naturalistic,1714,V00,naturalistic,train,ipc_conversation,shown in Round 3 as flagged_fm1_sitting; re-judged under the Round-4 detectors,"{""clip_anchored_on_fm2_violation"": false, ""flag_count"": 1, ""flags_fired"": ""fm1_sitting"", ""fm1_hip_flexion_deg_p50"": 106.4494016580604, ""fm1_knee_between_torso_p50"": 0.35207877614435373, ""fm1_leg_over_torso_p50"": 1.127902898045164, ""fm1_reasons"": ""knee_between"", ""fm1_shin_verticality_p50"": 0.9988123555191648, ""fm1_sitting_file"": true, ""fm1_sitting_participant"": true, ""fm1_unit"": ""1030@0936"", ""fm1_unit_basis"": ""majority"", ""fm2_in_frame_and_valid_frac"": 1.0, ""fm2_pass_frac_round3_joints_only"": 1.0, ""fm2_smplh_valid_frac"": 1.0, ""fm2_surface_correction_px_p50"": 53.47448663298371, ""fm2_vertex_worst_inset_min_px"": 61.25966294474256, ""fm2_violation_run_max_frames"": 0.0, ""fm2_violation_runs"": 0.0, ""fm2_windowed_pass_frac"": 1.0, ""fm3_static_frac"": 0.7302816901408451, ""observed_duration_s"": 142.0, ""reproj_px_p50"": 32.52408105811966, ""reproj_shoulder_widths_p50"": 0.09037763103081836, ""round3_gallery_group"": ""flagged_fm1_sitting"", ""unit_files"": 2.0, ""unit_flagged_frac"": 1.0, ""unit_hip_flexion_min"": 106.4494016580604, ""unit_knee_between_min"": 0.34646916039632997}",render
r4_040,recheck_fm2_smplh_invalid_040_V00_S1628_I00001175_P1147A_f0003013,V00_S1628_I00001175_P1147A,improvised/train/0039/0026/V00_S1628_I00001175_P1147A,improvised/train/0039/0055/V00_S1628_I00001175_P0320A,recheck_fm2_smplh_invalid,recheck,improvised,3013,V00,improvised,train,ipc_conversation,shown in Round 3 as flagged_fm1_sitting; re-judged under the Round-4 detectors,"{""clip_anchored_on_fm2_violation"": true, ""flag_count"": 1, ""flags_fired"": ""fm2_smplh_invalid"", ""fm1_hip_flexion_deg_p50"": 127.31927253156462, ""fm1_knee_between_torso_p50"": 0.5697208926271179, ""fm1_leg_over_torso_p50"": 0.8039876445424234, ""fm1_reasons"": """", ""fm1_shin_verticality_p50"": 0.9990561477176454, ""fm1_sitting_file"": false, ""fm1_sitting_participant"": false, ""fm1_unit"": ""1147A@1628"", ""fm1_unit_basis"": ""none"", ""fm2_in_frame_and_valid_frac"": 0.9523809523809523, ""fm2_pass_frac_round3_joints_only"": 0.9540293040293041, ""fm2_smplh_valid_frac"": 0.9675824175824176, ""fm2_surface_correction_px_p50"": 10.199104880630216, ""fm2_vertex_worst_inset_min_px"": -159.98701429399455, ""fm2_violation_run_max_frames"": 183.0, ""fm2_violation_runs"": 5.0, ""fm2_windowed_pass_frac"": 0.5, ""fm3_static_frac"": 0.02600732600732601, ""observed_duration_s"": 182.0, ""reproj_px_p50"": 26.334775109925786, ""reproj_shoulder_widths_p50"": 0.06982561953831584, ""round3_gallery_group"": ""flagged_fm1_sitting"", ""unit_files"": 1.0, ""unit_flagged_frac"": 0.0, ""unit_hip_flexion_min"": 127.31927253156462, ""unit_knee_between_min"": 0.5697208926271179}",render
r4_041,recheck_fm3_static_hands_041_V00_S0084_I00000486_P0124_f0001159,V00_S0084_I00000486_P0124,naturalistic/train/0001/0030/V00_S0084_I00000486_P0124,naturalistic/train/0001/0018/V00_S0084_I00000486_P0123,recheck_fm3_static_hands,recheck,naturalistic,1159,V00,naturalistic,train,ipc_conversation,shown in Round 3 as flagged_fm3_static_hands; re-judged under the Round-4 detectors,"{""clip_anchored_on_fm2_violation"": false, ""flag_count"": 1, ""flags_fired"": ""fm3_static_hands"", ""fm1_hip_flexion_deg_p50"": 144.72566076512123, ""fm1_knee_between_torso_p50"": 0.5450271007521714, ""fm1_leg_over_torso_p50"": 1.2002897178736573, ""fm1_reasons"": """", ""fm1_shin_verticality_p50"": 0.9995120673548717, ""fm1_sitting_file"": false, ""fm1_sitting_participant"": false, ""fm1_unit"": ""0124@0084"", ""fm1_unit_basis"": ""none"", ""fm2_in_frame_and_valid_frac"": 1.0, ""fm2_pass_frac_round3_joints_only"": 1.0, ""fm2_smplh_valid_frac"": 1.0, ""fm2_surface_correction_px_p50"": 39.09860854205442, ""fm2_vertex_worst_inset_min_px"": 155.34047382606968, ""fm2_violation_run_max_frames"": 0.0, ""fm2_violation_runs"": 0.0, ""fm2_windowed_pass_frac"": 1.0, ""fm3_static_frac"": 0.9323809523809524, ""observed_duration_s"": 210.0, ""reproj_px_p50"": 34.617878817329775, ""reproj_shoulder_widths_p50"": 0.10488101300659822, ""round3_gallery_group"": ""flagged_fm3_static_hands"", ""unit_files"": 1.0, ""unit_flagged_frac"": 0.0, ""unit_hip_flexion_min"": 144.72566076512123, ""unit_knee_between_min"": 0.5450271007521714}",render
r4_042,recheck_pass_042_V00_S0254_I00000382_P0042_f0004630,V00_S0254_I00000382_P0042,naturalistic/train/0006/0037/V00_S0254_I00000382_P0042,naturalistic/train/0006/0014/V00_S0254_I00000382_P0349,recheck_pass,recheck,naturalistic,4630,V00,naturalistic,train,ipc_conversation,shown in Round 3 as pass_naturalistic; re-judged under the Round-4 detectors,"{""clip_anchored_on_fm2_violation"": false, ""flag_count"": 0, ""flags_fired"": """", ""fm1_hip_flexion_deg_p50"": 150.37201499375487, ""fm1_knee_between_torso_p50"": 0.5603813794391375, ""fm1_leg_over_torso_p50"": 1.3567869860924597, ""fm1_reasons"": """", ""fm1_shin_verticality_p50"": 0.983282012593045, ""fm1_sitting_file"": false, ""fm1_sitting_participant"": false, ""fm1_unit"": ""0042@0254"", ""fm1_unit_basis"": ""none"", ""fm2_in_frame_and_valid_frac"": 1.0, ""fm2_pass_frac_round3_joints_only"": 1.0, ""fm2_smplh_valid_frac"": 1.0, ""fm2_surface_correction_px_p50"": 42.747987956626275, ""fm2_vertex_worst_inset_min_px"": 123.08339997206758, ""fm2_violation_run_max_frames"": 0.0, ""fm2_violation_runs"": 0.0, ""fm2_windowed_pass_frac"": 1.0, ""fm3_static_frac"": 0.006862745098039216, ""observed_duration_s"": 238.0, ""reproj_px_p50"": 21.333939950967157, ""reproj_shoulder_widths_p50"": 0.07159638516049441, ""round3_gallery_group"": ""pass_naturalistic"", ""unit_files"": 2.0, ""unit_flagged_frac"": 0.0, ""unit_hip_flexion_min"": 142.59627680882144, ""unit_knee_between_min"": 0.5235983416946974}",render
r4_043,recheck_pass_043_V00_S0347_I00000130_P0467_f0001898,V00_S0347_I00000130_P0467,naturalistic/dev/0000/0014/V00_S0347_I00000130_P0467,naturalistic/dev/0000/0004/V00_S0347_I00000130_P0466,recheck_pass,recheck,naturalistic,1898,V00,naturalistic,dev,ipc_conversation,shown in Round 3 as flagged_fm2_framing; re-judged under the Round-4 detectors,"{""clip_anchored_on_fm2_violation"": false, ""flag_count"": 0, ""flags_fired"": """", ""fm1_hip_flexion_deg_p50"": 135.54461297147236, ""fm1_knee_between_torso_p50"": 0.5495631008707731, ""fm1_leg_over_torso_p50"": 1.022509672588375, ""fm1_reasons"": """", ""fm1_shin_verticality_p50"": 0.9912278764874163, ""fm1_sitting_file"": false, ""fm1_sitting_participant"": false, ""fm1_unit"": ""0467@0347"", ""fm1_unit_basis"": ""none"", ""fm2_in_frame_and_valid_frac"": 0.9981182795698925, ""fm2_pass_frac_round3_joints_only"": 0.9986559139784946, ""fm2_smplh_valid_frac"": 1.0, ""fm2_surface_correction_px_p50"": 45.79308474000277, ""fm2_vertex_worst_inset_min_px"": -9.059140801414514, ""fm2_violation_run_max_frames"": 5.0, ""fm2_violation_runs"": 2.0, ""fm2_windowed_pass_frac"": 0.75, ""fm3_static_frac"": 0.4962365591397849, ""observed_duration_s"": 124.0, ""reproj_px_p50"": 34.00378681335352, ""reproj_shoulder_widths_p50"": 0.08131946663229299, ""round3_gallery_group"": ""flagged_fm2_framing"", ""unit_files"": 5.0, ""unit_flagged_frac"": 0.0, ""unit_hip_flexion_min"": 134.84403798420237, ""unit_knee_between_min"": 0.5448308042323952}",render
r4_044,recheck_pass_044_V00_S0395_I00000140_P0527_f0004073,V00_S0395_I00000140_P0527,naturalistic/train/0010/0000/V00_S0395_I00000140_P0527,naturalistic/train/0010/0042/V00_S0395_I00000140_P0383,recheck_pass,recheck,naturalistic,4073,V00,naturalistic,train,ipc_conversation,shown in Round 3 as pass_naturalistic; re-judged under the Round-4 detectors,"{""clip_anchored_on_fm2_violation"": false, ""flag_count"": 0, ""flags_fired"": """", ""fm1_hip_flexion_deg_p50"": 159.43667162116338, ""fm1_knee_between_torso_p50"": 0.5535280016933184, ""fm1_leg_over_torso_p50"": 1.3840447419139656, ""fm1_reasons"": """", ""fm1_shin_verticality_p50"": 0.9996714242427083, ""fm1_sitting_file"": false, ""fm1_sitting_participant"": false, ""fm1_unit"": ""0527@0395"", ""fm1_unit_basis"": ""none"", ""fm2_in_frame_and_valid_frac"": 1.0, ""fm2_pass_frac_round3_joints_only"": 1.0, ""fm2_smplh_valid_frac"": 1.0, ""fm2_surface_correction_px_p50"": 37.84713804602222, ""fm2_vertex_worst_inset_min_px"": 34.02266445634541, ""fm2_violation_run_max_frames"": 0.0, ""fm2_violation_runs"": 0.0, ""fm2_windowed_pass_frac"": 1.0, ""fm3_static_frac"": 0.47719298245614034, ""observed_duration_s"": 190.0, ""reproj_px_p50"": 34.75954064057521, ""reproj_shoulder_widths_p50"": 0.109877175043013, ""round3_gallery_group"": ""pass_naturalistic"", ""unit_files"": 4.0, ""unit_flagged_frac"": 0.0, ""unit_hip_flexion_min"": 158.69402187833333, ""unit_knee_between_min"": 0.5499519153142292}",render
r4_045,recheck_fm2_smplh_invalid_045_V00_S0595_I00000383_P0298_f0000937,V00_S0595_I00000383_P0298,naturalistic/train/0017/0035/V00_S0595_I00000383_P0298,naturalistic/train/0017/0032/V00_S0595_I00000383_P0751,recheck_fm2_smplh_invalid,recheck,naturalistic,937,V00,naturalistic,train,ipc_conversation,shown in Round 3 as flagged_fm2_framing; re-judged under the Round-4 detectors,"{""clip_anchored_on_fm2_violation"": true, ""flag_count"": 1, ""flags_fired"": ""fm2_smplh_invalid"", ""fm1_hip_flexion_deg_p50"": 148.4206650005904, ""fm1_knee_between_torso_p50"": 0.5814578378323487, ""fm1_leg_over_torso_p50"": 1.260320775929856, ""fm1_reasons"": """", ""fm1_shin_verticality_p50"": 0.9684930075351916, ""fm1_sitting_file"": false, ""fm1_sitting_participant"": false, ""fm1_unit"": ""0298@0595"", ""fm1_unit_basis"": ""none"", ""fm2_in_frame_and_valid_frac"": 0.9869402985074627, ""fm2_pass_frac_round3_joints_only"": 0.9879353233830845, ""fm2_smplh_valid_frac"": 0.9916666666666667, ""fm2_surface_correction_px_p50"": 34.114481492839786, ""fm2_vertex_worst_inset_min_px"": -26.920036151939826, ""fm2_violation_run_max_frames"": 12.0, ""fm2_violation_runs"": 38.0, ""fm2_windowed_pass_frac"": 0.5, ""fm3_static_frac"": 0.010199004975124378, ""observed_duration_s"": 268.0, ""reproj_px_p50"": 23.582191247706653, ""reproj_shoulder_widths_p50"": 0.0703559700170181, ""round3_gallery_group"": ""flagged_fm2_framing"", ""unit_files"": 3.0, ""unit_flagged_frac"": 0.0, ""unit_hip_flexion_min"": 148.4206650005904, ""unit_knee_between_min"": 0.5814578378323487}",render
r4_046,recheck_pass_046_V00_S0874_I00000131_P0185A_f0002781,V00_S0874_I00000131_P0185A,improvised/train/0018/0007/V00_S0874_I00000131_P0185A,improvised/train/0018/0031/V00_S0874_I00000131_P0986,recheck_pass,recheck,improvised,2781,V00,improvised,train,ipc_conversation,shown in Round 3 as pass_improvised; re-judged under the Round-4 detectors,"{""clip_anchored_on_fm2_violation"": false, ""flag_count"": 0, ""flags_fired"": """", ""fm1_hip_flexion_deg_p50"": 143.36433995472703, ""fm1_knee_between_torso_p50"": 0.5671741635848185, ""fm1_leg_over_torso_p50"": 1.0155545769606618, ""fm1_reasons"": """", ""fm1_shin_verticality_p50"": 0.9980525784828886, ""fm1_sitting_file"": false, ""fm1_sitting_participant"": false, ""fm1_unit"": ""0185A@0874"", ""fm1_unit_basis"": ""none"", ""fm2_in_frame_and_valid_frac"": 1.0, ""fm2_pass_frac_round3_joints_only"": 1.0, ""fm2_smplh_valid_frac"": 1.0, ""fm2_surface_correction_px_p50"": 34.27939534567784, ""fm2_vertex_worst_inset_min_px"": 68.29616541926765, ""fm2_violation_run_max_frames"": 0.0, ""fm2_violation_runs"": 0.0, ""fm2_windowed_pass_frac"": 1.0, ""fm3_static_frac"": 0.05134099616858238, ""observed_duration_s"": 174.0, ""reproj_px_p50"": 36.50204042601547, ""reproj_shoulder_widths_p50"": 0.11138571776521537, ""round3_gallery_group"": ""pass_improvised"", ""unit_files"": 2.0, ""unit_flagged_frac"": 0.0, ""unit_hip_flexion_min"": 135.0279014841833, ""unit_knee_between_min"": 0.5299345424531814}",render
r4_047,recheck_pass_047_V00_S1405_I00000659_P0825A_f0002892,V00_S1405_I00000659_P0825A,improvised/train/0032/0003/V00_S1405_I00000659_P0825A,improvised/train/0032/0051/V00_S1405_I00000659_P1024A,recheck_pass,recheck,improvised,2892,V00,improvised,train,ipc_conversation,shown in Round 3 as pass_improvised; re-judged under the Round-4 detectors,"{""clip_anchored_on_fm2_violation"": false, ""flag_count"": 0, ""flags_fired"": """", ""fm1_hip_flexion_deg_p50"": 144.52067098788515, ""fm1_knee_between_torso_p50"": 0.5934932546324797, ""fm1_leg_over_torso_p50"": 1.046143530065898, ""fm1_reasons"": """", ""fm1_shin_verticality_p50"": 0.99948011557767, ""fm1_sitting_file"": false, ""fm1_sitting_participant"": false, ""fm1_unit"": ""0825A@1405"", ""fm1_unit_basis"": ""none"", ""fm2_in_frame_and_valid_frac"": 1.0, ""fm2_pass_frac_round3_joints_only"": 1.0, ""fm2_smplh_valid_frac"": 1.0, ""fm2_surface_correction_px_p50"": 70.67267828906972, ""fm2_vertex_worst_inset_min_px"": 98.37477103816059, ""fm2_violation_run_max_frames"": 0.0, ""fm2_violation_runs"": 0.0, ""fm2_windowed_pass_frac"": 1.0, ""fm3_static_frac"": 0.37620967741935485, ""observed_duration_s"": 248.0, ""reproj_px_p50"": 34.942373473368264, ""reproj_shoulder_widths_p50"": 0.12016513278315018, ""round3_gallery_group"": ""pass_improvised"", ""unit_files"": 1.0, ""unit_flagged_frac"": 0.0, ""unit_hip_flexion_min"": 144.52067098788515, ""unit_knee_between_min"": 0.5934932546324797}",render
r4_048,recheck_fm2_smplh_invalid_048_V00_S1783_I00000723_P0744_f0001748,V00_S1783_I00000723_P0744,improvised/train/0044/0044/V00_S1783_I00000723_P0744,improvised/train/0044/0013/V00_S1783_I00000723_P1115A,recheck_fm2_smplh_invalid,recheck,improvised,1748,V00,improvised,train,ipc_conversation,shown in Round 3 as flagged_fm2_framing; re-judged under the Round-4 detectors,"{""clip_anchored_on_fm2_violation"": true, ""flag_count"": 1, ""flags_fired"": ""fm2_smplh_invalid"", ""fm1_hip_flexion_deg_p50"": 166.4929688731752, ""fm1_knee_between_torso_p50"": 0.546381571025581, ""fm1_leg_over_torso_p50"": 1.5103898498925288, ""fm1_reasons"": """", ""fm1_shin_verticality_p50"": 0.9988123420650481, ""fm1_sitting_file"": false, ""fm1_sitting_participant"": false, ""fm1_unit"": ""0744@1783"", ""fm1_unit_basis"": ""none"", ""fm2_in_frame_and_valid_frac"": 0.9765151515151516, ""fm2_pass_frac_round3_joints_only"": 0.9765151515151516, ""fm2_smplh_valid_frac"": 0.9772727272727273, ""fm2_surface_correction_px_p50"": 26.96916277499008, ""fm2_vertex_worst_inset_min_px"": -21.84492035527137, ""fm2_violation_run_max_frames"": 13.0, ""fm2_violation_runs"": 96.0, ""fm2_windowed_pass_frac"": 0.5, ""fm3_static_frac"": 0.0005411255411255411, ""observed_duration_s"": 308.0, ""reproj_px_p50"": 15.229718968112435, ""reproj_shoulder_widths_p50"": 0.05475611138525214, ""round3_gallery_group"": ""flagged_fm2_framing"", ""unit_files"": 1.0, ""unit_flagged_frac"": 0.0, ""unit_hip_flexion_min"": 166.4929688731752, ""unit_knee_between_min"": 0.546381571025581}",render
r4_049,recheck_pass_049_V00_S2006_I00001211_P1261A_f0003677,V00_S2006_I00001211_P1261A,improvised/train/0048/0015/V00_S2006_I00001211_P1261A,improvised/train/0048/0021/V00_S2006_I00001211_P1262A,recheck_pass,recheck,improvised,3677,V00,improvised,train,ipc_conversation,shown in Round 3 as pass_improvised; re-judged under the Round-4 detectors,"{""clip_anchored_on_fm2_violation"": false, ""flag_count"": 0, ""flags_fired"": """", ""fm1_hip_flexion_deg_p50"": 157.86957120109238, ""fm1_knee_between_torso_p50"": 0.5397336224845912, ""fm1_leg_over_torso_p50"": 1.3604731507731649, ""fm1_reasons"": """", ""fm1_shin_verticality_p50"": 0.999653920211243, ""fm1_sitting_file"": false, ""fm1_sitting_participant"": false, ""fm1_unit"": ""1261A@2006"", ""fm1_unit_basis"": ""none"", ""fm2_in_frame_and_valid_frac"": 0.9995061728395062, ""fm2_pass_frac_round3_joints_only"": 1.0, ""fm2_smplh_valid_frac"": 1.0, ""fm2_surface_correction_px_p50"": 38.14033129322172, ""fm2_vertex_worst_inset_min_px"": 5.481245550927724, ""fm2_violation_run_max_frames"": 3.0, ""fm2_violation_runs"": 2.0, ""fm2_windowed_pass_frac"": 1.0, ""fm3_static_frac"": 0.34444444444444444, ""observed_duration_s"": 270.0, ""reproj_px_p50"": 17.539585050460758, ""reproj_shoulder_widths_p50"": 0.05758673628296416, ""round3_gallery_group"": ""pass_improvised"", ""unit_files"": 3.0, ""unit_flagged_frac"": 0.0, ""unit_hip_flexion_min"": 156.50506304607865, ""unit_knee_between_min"": 0.5383941981645569}",render
r4_050,recheck_pass_050_V00_S0624_I00000139_P0560_f0000482,V00_S0624_I00000139_P0560,naturalistic/train/0018/0004/V00_S0624_I00000139_P0560,naturalistic/train/0018/0044/V00_S0624_I00000139_P0777,recheck_pass,recheck,naturalistic,482,V00,naturalistic,train,ipc_conversation,shown in Round 3 as pass_naturalistic; re-judged under the Round-4 detectors,"{""clip_anchored_on_fm2_violation"": false, ""flag_count"": 0, ""flags_fired"": """", ""fm1_hip_flexion_deg_p50"": 140.44923891234396, ""fm1_knee_between_torso_p50"": 0.5008636328419709, ""fm1_leg_over_torso_p50"": 1.462663294482574, ""fm1_reasons"": """", ""fm1_shin_verticality_p50"": 0.9996144249515272, ""fm1_sitting_file"": false, ""fm1_sitting_participant"": false, ""fm1_unit"": ""0560@0624"", ""fm1_unit_basis"": ""none"", ""fm2_in_frame_and_valid_frac"": 1.0, ""fm2_pass_frac_round3_joints_only"": 1.0, ""fm2_smplh_valid_frac"": 1.0, ""fm2_surface_correction_px_p50"": 49.67886684266227, ""fm2_vertex_worst_inset_min_px"": 62.7127931783607, ""fm2_violation_run_max_frames"": 0.0, ""fm2_violation_runs"": 0.0, ""fm2_windowed_pass_frac"": 1.0, ""fm3_static_frac"": 0.46226415094339623, ""observed_duration_s"": 106.0, ""reproj_px_p50"": 19.181966644403616, ""reproj_shoulder_widths_p50"": 0.0586536333945602, ""round3_gallery_group"": ""pass_naturalistic"", ""unit_files"": 4.0, ""unit_flagged_frac"": 0.0, ""unit_hip_flexion_min"": 138.11899093857465, ""unit_knee_between_min"": 0.4890839403805033}",render
r4_051,recheck_pass_051_V00_S0503_I00000381_P0120_f0000007,V00_S0503_I00000381_P0120,naturalistic/train/0013/0027/V00_S0503_I00000381_P0120,naturalistic/train/0013/0012/V00_S0503_I00000381_P0645,recheck_pass,recheck,naturalistic,7,V00,naturalistic,train,ipc_conversation,shown in Round 3 as pass_naturalistic; re-judged under the Round-4 detectors,"{""clip_anchored_on_fm2_violation"": false, ""flag_count"": 0, ""flags_fired"": """", ""fm1_hip_flexion_deg_p50"": 156.4900025940259, ""fm1_knee_between_torso_p50"": 0.582868658408344, ""fm1_leg_over_torso_p50"": 1.2200824569395756, ""fm1_reasons"": """", ""fm1_shin_verticality_p50"": 0.9748584655871041, ""fm1_sitting_file"": false, ""fm1_sitting_participant"": false, ""fm1_unit"": ""0120@0503"", ""fm1_unit_basis"": ""none"", ""fm2_in_frame_and_valid_frac"": 1.0, ""fm2_pass_frac_round3_joints_only"": 1.0, ""fm2_smplh_valid_frac"": 1.0, ""fm2_surface_correction_px_p50"": 37.45447275532308, ""fm2_vertex_worst_inset_min_px"": 107.34080562204508, ""fm2_violation_run_max_frames"": 0.0, ""fm2_violation_runs"": 0.0, ""fm2_windowed_pass_frac"": 1.0, ""fm3_static_frac"": 0.5609289617486338, ""observed_duration_s"": 122.0, ""reproj_px_p50"": 39.75535181011085, ""reproj_shoulder_widths_p50"": 0.12825872973008356, ""round3_gallery_group"": ""pass_naturalistic"", ""unit_files"": 2.0, ""unit_flagged_frac"": 0.0, ""unit_hip_flexion_min"": 154.43489095846627, ""unit_knee_between_min"": 0.5647024097686992}",render
r4_052,recheck_pass_052_V00_S1670_I00001153_P1151A_f0004033,V00_S1670_I00001153_P1151A,improvised/train/0041/0038/V00_S1670_I00001153_P1151A,improvised/train/0041/0002/V00_S1670_I00001153_P1114A,recheck_pass,recheck,improvised,4033,V00,improvised,train,ipc_conversation,shown in Round 3 as pass_improvised; re-judged under the Round-4 detectors,"{""clip_anchored_on_fm2_violation"": false, ""flag_count"": 0, ""flags_fired"": """", ""fm1_hip_flexion_deg_p50"": 156.85182932115885, ""fm1_knee_between_torso_p50"": 0.5323755657718595, ""fm1_leg_over_torso_p50"": 1.4639283455467542, ""fm1_reasons"": """", ""fm1_shin_verticality_p50"": 0.9988123556400571, ""fm1_sitting_file"": false, ""fm1_sitting_participant"": false, ""fm1_unit"": ""1151A@1670"", ""fm1_unit_basis"": ""none"", ""fm2_in_frame_and_valid_frac"": 1.0, ""fm2_pass_frac_round3_joints_only"": 1.0, ""fm2_smplh_valid_frac"": 1.0, ""fm2_surface_correction_px_p50"": 29.491710797489645, ""fm2_vertex_worst_inset_min_px"": 16.057791835582975, ""fm2_violation_run_max_frames"": 0.0, ""fm2_violation_runs"": 0.0, ""fm2_windowed_pass_frac"": 1.0, ""fm3_static_frac"": 0.1719047619047619, ""observed_duration_s"": 280.0, ""reproj_px_p50"": 11.731597879477823, ""reproj_shoulder_widths_p50"": 0.03918950652409792, ""round3_gallery_group"": ""pass_improvised"", ""unit_files"": 1.0, ""unit_flagged_frac"": 0.0, ""unit_hip_flexion_min"": 156.85182932115885, ""unit_knee_between_min"": 0.5323755657718595}",render
r4_053,recheck_pass_053_V00_S0058_I00000479_P0027A_f0000003,V00_S0058_I00000479_P0027A,improvised/train/0000/0030/V00_S0058_I00000479_P0027A,improvised/train/0000/0031/V00_S0058_I00000479_P0088,recheck_pass,recheck,improvised,3,V00,improvised,train,ipc_conversation,shown in Round 3 as pass_improvised; re-judged under the Round-4 detectors,"{""clip_anchored_on_fm2_violation"": false, ""flag_count"": 0, ""flags_fired"": """", ""fm1_hip_flexion_deg_p50"": 136.83587891313033, ""fm1_knee_between_torso_p50"": 0.4853403179382408, ""fm1_leg_over_torso_p50"": 1.372050424028218, ""fm1_reasons"": """", ""fm1_shin_verticality_p50"": 0.9986876677240853, ""fm1_sitting_file"": false, ""fm1_sitting_participant"": false, ""fm1_unit"": ""0027A@0058"", ""fm1_unit_basis"": ""none"", ""fm2_in_frame_and_valid_frac"": 1.0, ""fm2_pass_frac_round3_joints_only"": 1.0, ""fm2_smplh_valid_frac"": 1.0, ""fm2_surface_correction_px_p50"": 41.052966373180425, ""fm2_vertex_worst_inset_min_px"": 63.52280925471746, ""fm2_violation_run_max_frames"": 0.0, ""fm2_violation_runs"": 0.0, ""fm2_windowed_pass_frac"": 1.0, ""fm3_static_frac"": 0.39316666666666666, ""observed_duration_s"": 200.0, ""reproj_px_p50"": 17.866265488360412, ""reproj_shoulder_widths_p50"": 0.05756226248882476, ""round3_gallery_group"": ""pass_improvised"", ""unit_files"": 2.0, ""unit_flagged_frac"": 0.0, ""unit_hip_flexion_min"": 136.83587891313033, ""unit_knee_between_min"": 0.4853403179382408}",render
r4_054,recheck_pass_054_V00_S0134_I00000484_P0003A_f0003328,V00_S0134_I00000484_P0003A,improvised/train/0002/0003/V00_S0134_I00000484_P0003A,improvised/train/0002/0025/V00_S0134_I00000484_P0195,recheck_pass,recheck,improvised,3328,V00,improvised,train,ipc_conversation,shown in Round 3 as pass_improvised; re-judged under the Round-4 detectors,"{""clip_anchored_on_fm2_violation"": false, ""flag_count"": 0, ""flags_fired"": """", ""fm1_hip_flexion_deg_p50"": 140.51784310594712, ""fm1_knee_between_torso_p50"": 0.5099163692923748, ""fm1_leg_over_torso_p50"": 1.3368790942576447, ""fm1_reasons"": """", ""fm1_shin_verticality_p50"": 0.9985422783645331, ""fm1_sitting_file"": false, ""fm1_sitting_participant"": false, ""fm1_unit"": ""0003A@0134"", ""fm1_unit_basis"": ""none"", ""fm2_in_frame_and_valid_frac"": 1.0, ""fm2_pass_frac_round3_joints_only"": 1.0, ""fm2_smplh_valid_frac"": 1.0, ""fm2_surface_correction_px_p50"": 36.82362006100084, ""fm2_vertex_worst_inset_min_px"": 135.0143440362574, ""fm2_violation_run_max_frames"": 0.0, ""fm2_violation_runs"": 0.0, ""fm2_windowed_pass_frac"": 1.0, ""fm3_static_frac"": 0.5468888888888889, ""observed_duration_s"": 150.0, ""reproj_px_p50"": 15.576584466807516, ""reproj_shoulder_widths_p50"": 0.046579286253411276, ""round3_gallery_group"": ""pass_improvised"", ""unit_files"": 2.0, ""unit_flagged_frac"": 0.0, ""unit_hip_flexion_min"": 140.51784310594712, ""unit_knee_between_min"": 0.5099163692923748}",render
r4_055,recheck_fm3_static_hands_055_V00_S0158_I00000484_P0228_f0000547,V00_S0158_I00000484_P0228,improvised/train/0003/0014/V00_S0158_I00000484_P0228,improvised/train/0003/0034/V00_S0158_I00000484_P0004A,recheck_fm3_static_hands,recheck,improvised,547,V00,improvised,train,ipc_conversation,shown in Round 3 as flagged_fm3_static_hands; re-judged under the Round-4 detectors,"{""clip_anchored_on_fm2_violation"": false, ""flag_count"": 1, ""flags_fired"": ""fm3_static_hands"", ""fm1_hip_flexion_deg_p50"": 128.80875308749847, ""fm1_knee_between_torso_p50"": 0.5140294232289702, ""fm1_leg_over_torso_p50"": 1.111004858487429, ""fm1_reasons"": """", ""fm1_shin_verticality_p50"": 0.9981685005286217, ""fm1_sitting_file"": false, ""fm1_sitting_participant"": false, ""fm1_unit"": ""0228@0158"", ""fm1_unit_basis"": ""none"", ""fm2_in_frame_and_valid_frac"": 1.0, ""fm2_pass_frac_round3_joints_only"": 1.0, ""fm2_smplh_valid_frac"": 1.0, ""fm2_surface_correction_px_p50"": 39.96516883017097, ""fm2_vertex_worst_inset_min_px"": 156.89420639165837, ""fm2_violation_run_max_frames"": 0.0, ""fm2_violation_runs"": 0.0, ""fm2_windowed_pass_frac"": 1.0, ""fm3_static_frac"": 0.7636574074074074, ""observed_duration_s"": 144.0, ""reproj_px_p50"": 20.342429803070218, ""reproj_shoulder_widths_p50"": 0.06491025042979308, ""round3_gallery_group"": ""flagged_fm3_static_hands"", ""unit_files"": 1.0, ""unit_flagged_frac"": 0.0, ""unit_hip_flexion_min"": 128.80875308749847, ""unit_knee_between_min"": 0.5140294232289702}",render
r4_056,recheck_pass_056_V00_S1670_I00001159_P1114A_f0001118,V00_S1670_I00001159_P1114A,improvised/train/0041/0020/V00_S1670_I00001159_P1114A,improvised/train/0041/0053/V00_S1670_I00001159_P1151A,recheck_pass,recheck,improvised,1118,V00,improvised,train,ipc_conversation,shown in Round 3 as pass_improvised; re-judged under the Round-4 detectors,"{""clip_anchored_on_fm2_violation"": false, ""flag_count"": 0, ""flags_fired"": """", ""fm1_hip_flexion_deg_p50"": 156.90043682050833, ""fm1_knee_between_torso_p50"": 0.5793643660759292, ""fm1_leg_over_torso_p50"": 1.1541197395631946, ""fm1_reasons"": """", ""fm1_shin_verticality_p50"": 0.9999999999999732, ""fm1_sitting_file"": false, ""fm1_sitting_participant"": false, ""fm1_unit"": ""1114A@1670"", ""fm1_unit_basis"": ""none"", ""fm2_in_frame_and_valid_frac"": 1.0, ""fm2_pass_frac_round3_joints_only"": 1.0, ""fm2_smplh_valid_frac"": 1.0, ""fm2_surface_correction_px_p50"": 39.527011850269105, ""fm2_vertex_worst_inset_min_px"": 61.28374494728064, ""fm2_violation_run_max_frames"": 0.0, ""fm2_violation_runs"": 0.0, ""fm2_windowed_pass_frac"": 1.0, ""fm3_static_frac"": 0.004279279279279279, ""observed_duration_s"": 148.0, ""reproj_px_p50"": 48.066840220090114, ""reproj_shoulder_widths_p50"": 0.1399479696098485, ""round3_gallery_group"": ""pass_improvised"", ""unit_files"": 1.0, ""unit_flagged_frac"": 0.0, ""unit_hip_flexion_min"": 156.90043682050833, ""unit_knee_between_min"": 0.5793643660759292}",render
r4_057,recheck_fm2_smplh_invalid_057_V00_S0422_I00000497_P0556_f0000133,V00_S0422_I00000497_P0556,naturalistic/train/0011/0026/V00_S0422_I00000497_P0556,naturalistic/train/0011/0036/V00_S0422_I00000497_P0557,recheck_fm2_smplh_invalid,recheck,naturalistic,133,V00,naturalistic,train,grounded_gesture,shown in Round 3 as flagged_multi; re-judged under the Round-4 detectors,"{""clip_anchored_on_fm2_violation"": true, ""flag_count"": 1, ""flags_fired"": ""fm2_smplh_invalid"", ""fm1_hip_flexion_deg_p50"": 142.5457408271581, ""fm1_knee_between_torso_p50"": 0.5919399192959084, ""fm1_leg_over_torso_p50"": 1.061524188762168, ""fm1_reasons"": """", ""fm1_shin_verticality_p50"": 0.9994449116619353, ""fm1_sitting_file"": false, ""fm1_sitting_participant"": false, ""fm1_unit"": ""0556@0422"", ""fm1_unit_basis"": ""none"", ""fm2_in_frame_and_valid_frac"": 0.9775599128540305, ""fm2_pass_frac_round3_joints_only"": 0.9785403050108933, ""fm2_smplh_valid_frac"": 0.9891067538126361, ""fm2_surface_correction_px_p50"": 44.070674494792, ""fm2_vertex_worst_inset_min_px"": -230.706662213478, ""fm2_violation_run_max_frames"": 59.0, ""fm2_violation_runs"": 11.0, ""fm2_windowed_pass_frac"": 0.3, ""fm3_static_frac"": 0.33061002178649235, ""observed_duration_s"": 306.0, ""reproj_px_p50"": 42.04271977684682, ""reproj_shoulder_widths_p50"": 0.12545121292379452, ""round3_gallery_group"": ""flagged_multi"", ""unit_files"": 2.0, ""unit_flagged_frac"": 0.0, ""unit_hip_flexion_min"": 142.5457408271581, ""unit_knee_between_min"": 0.5882950859539662}",render
r4_058,recheck_pass_058_V00_S0801_I00000130_P0942_f0000959,V00_S0801_I00000130_P0942,naturalistic/train/0022/0005/V00_S0801_I00000130_P0942,naturalistic/train/0022/0030/V00_S0801_I00000130_P0941,recheck_pass,recheck,naturalistic,959,V00,naturalistic,train,ipc_conversation,shown in Round 3 as flagged_fm4_mutual_silence; re-judged under the Round-4 detectors,"{""clip_anchored_on_fm2_violation"": false, ""flag_count"": 0, ""flags_fired"": """", ""fm1_hip_flexion_deg_p50"": 156.2573286562583, ""fm1_knee_between_torso_p50"": 0.5530744191643235, ""fm1_leg_over_torso_p50"": 1.411505864529647, ""fm1_reasons"": """", ""fm1_shin_verticality_p50"": 0.9958932311218243, ""fm1_sitting_file"": false, ""fm1_sitting_participant"": false, ""fm1_unit"": ""0942@0801"", ""fm1_unit_basis"": ""none"", ""fm2_in_frame_and_valid_frac"": 1.0, ""fm2_pass_frac_round3_joints_only"": 1.0, ""fm2_smplh_valid_frac"": 1.0, ""fm2_surface_correction_px_p50"": 38.36412481034779, ""fm2_vertex_worst_inset_min_px"": 160.57190586720685, ""fm2_violation_run_max_frames"": 0.0, ""fm2_violation_runs"": 0.0, ""fm2_windowed_pass_frac"": 1.0, ""fm3_static_frac"": 0.7184615384615385, ""observed_duration_s"": 130.0, ""reproj_px_p50"": 15.974112680641852, ""reproj_shoulder_widths_p50"": 0.05200052906080058, ""round3_gallery_group"": ""flagged_fm4_mutual_silence"", ""unit_files"": 2.0, ""unit_flagged_frac"": 0.0, ""unit_hip_flexion_min"": 151.81349696408097, ""unit_knee_between_min"": 0.5346723082379574}",render
r4_059,recheck_pass_059_V00_S0877_I00000535_P0989_f0000301,V00_S0877_I00000535_P0989,improvised/train/0018/0002/V00_S0877_I00000535_P0989,improvised/train/0018/0011/V00_S0877_I00000535_P0028A,recheck_pass,recheck,improvised,301,V00,improvised,train,ipc_conversation,shown in Round 3 as flagged_fm4_mutual_silence; re-judged under the Round-4 detectors,"{""clip_anchored_on_fm2_violation"": false, ""flag_count"": 0, ""flags_fired"": """", ""fm1_hip_flexion_deg_p50"": 147.00322037470264, ""fm1_knee_between_torso_p50"": 0.602026157159107, ""fm1_leg_over_torso_p50"": 1.0616500631721473, ""fm1_reasons"": """", ""fm1_shin_verticality_p50"": 1.0, ""fm1_sitting_file"": false, ""fm1_sitting_participant"": false, ""fm1_unit"": ""0989@0877"", ""fm1_unit_basis"": ""none"", ""fm2_in_frame_and_valid_frac"": 1.0, ""fm2_pass_frac_round3_joints_only"": 1.0, ""fm2_smplh_valid_frac"": 1.0, ""fm2_surface_correction_px_p50"": 42.844582628398825, ""fm2_vertex_worst_inset_min_px"": 20.309851674234096, ""fm2_violation_run_max_frames"": 0.0, ""fm2_violation_runs"": 0.0, ""fm2_windowed_pass_frac"": 1.0, ""fm3_static_frac"": 0.7356540084388186, ""observed_duration_s"": 158.0, ""reproj_px_p50"": 37.604888090562795, ""reproj_shoulder_widths_p50"": 0.11344800406976456, ""round3_gallery_group"": ""flagged_fm4_mutual_silence"", ""unit_files"": 1.0, ""unit_flagged_frac"": 0.0, ""unit_hip_flexion_min"": 147.00322037470264, ""unit_knee_between_min"": 0.602026157159107}",render
r4_060,recheck_pass_060_V00_S1408_I00000526_P1103A_f0002957,V00_S1408_I00000526_P1103A,improvised/train/0032/0015/V00_S1408_I00000526_P1103A,improvised/train/0032/0000/V00_S1408_I00000526_P0476,recheck_pass,recheck,improvised,2957,V00,improvised,train,grounded_gesture,shown in Round 3 as flagged_fm4_mutual_silence; re-judged under the Round-4 detectors,"{""clip_anchored_on_fm2_violation"": false, ""flag_count"": 0, ""flags_fired"": """", ""fm1_hip_flexion_deg_p50"": 123.47114386385854, ""fm1_knee_between_torso_p50"": 0.5177626349048896, ""fm1_leg_over_torso_p50"": 0.9999995826992227, ""fm1_reasons"": """", ""fm1_shin_verticality_p50"": 0.9993628559758063, ""fm1_sitting_file"": false, ""fm1_sitting_participant"": false, ""fm1_unit"": ""1103A@1408"", ""fm1_unit_basis"": ""none"", ""fm2_in_frame_and_valid_frac"": 1.0, ""fm2_pass_frac_round3_joints_only"": 1.0, ""fm2_smplh_valid_frac"": 1.0, ""fm2_surface_correction_px_p50"": 45.00385185744028, ""fm2_vertex_worst_inset_min_px"": 214.04185775422025, ""fm2_violation_run_max_frames"": 0.0, ""fm2_violation_runs"": 0.0, ""fm2_windowed_pass_frac"": 1.0, ""fm3_static_frac"": 0.6140845070422535, ""observed_duration_s"": 142.0, ""reproj_px_p50"": 12.78957992319627, ""reproj_shoulder_widths_p50"": 0.0386744675714782, ""round3_gallery_group"": ""flagged_fm4_mutual_silence"", ""unit_files"": 1.0, ""unit_flagged_frac"": 0.0, ""unit_hip_flexion_min"": 123.47114386385854, ""unit_knee_between_min"": 0.5177626349048896}",render
r4_061,recheck_pass_061_V00_S0597_I00000484_P0756_f0004451,V00_S0597_I00000484_P0756,naturalistic/train/0017/0022/V00_S0597_I00000484_P0756,naturalistic/train/0017/0033/V00_S0597_I00000484_P0755,recheck_pass,recheck,naturalistic,4451,V00,naturalistic,train,ipc_conversation,shown in Round 3 as pass_naturalistic; re-judged under the Round-4 detectors,"{""clip_anchored_on_fm2_violation"": false, ""flag_count"": 0, ""flags_fired"": """", ""fm1_hip_flexion_deg_p50"": 162.69104961721845, ""fm1_knee_between_torso_p50"": 0.6086271787592827, ""fm1_leg_over_torso_p50"": 1.2262309073964337, ""fm1_reasons"": """", ""fm1_shin_verticality_p50"": 0.9995920861117699, ""fm1_sitting_file"": false, ""fm1_sitting_participant"": false, ""fm1_unit"": ""0756@0597"", ""fm1_unit_basis"": ""none"", ""fm2_in_frame_and_valid_frac"": 1.0, ""fm2_pass_frac_round3_joints_only"": 1.0, ""fm2_smplh_valid_frac"": 1.0, ""fm2_surface_correction_px_p50"": 45.576887262776836, ""fm2_vertex_worst_inset_min_px"": 99.23206876943345, ""fm2_violation_run_max_frames"": 0.0, ""fm2_violation_runs"": 0.0, ""fm2_windowed_pass_frac"": 1.0, ""fm3_static_frac"": 0.747411003236246, ""observed_duration_s"": 206.0, ""reproj_px_p50"": 43.61306994366855, ""reproj_shoulder_widths_p50"": 0.13461838433739942, ""round3_gallery_group"": ""pass_naturalistic"", ""unit_files"": 3.0, ""unit_flagged_frac"": 0.0, ""unit_hip_flexion_min"": 156.5617321508264, ""unit_knee_between_min"": 0.6086271787592827}",render
r4_062,recheck_pass_062_V00_S0625_I00000138_P0782_f0000676,V00_S0625_I00000138_P0782,naturalistic/train/0018/0037/V00_S0625_I00000138_P0782,naturalistic/train/0018/0043/V00_S0625_I00000138_P0781,recheck_pass,recheck,naturalistic,676,V00,naturalistic,train,ipc_conversation,shown in Round 3 as pass_naturalistic; re-judged under the Round-4 detectors,"{""clip_anchored_on_fm2_violation"": false, ""flag_count"": 0, ""flags_fired"": """", ""fm1_hip_flexion_deg_p50"": 149.30766991454686, ""fm1_knee_between_torso_p50"": 0.522089057990427, ""fm1_leg_over_torso_p50"": 1.5853550163674304, ""fm1_reasons"": """", ""fm1_shin_verticality_p50"": 0.999567761022734, ""fm1_sitting_file"": false, ""fm1_sitting_participant"": false, ""fm1_unit"": ""0782@0625"", ""fm1_unit_basis"": ""none"", ""fm2_in_frame_and_valid_frac"": 1.0, ""fm2_pass_frac_round3_joints_only"": 1.0, ""fm2_smplh_valid_frac"": 1.0, ""fm2_surface_correction_px_p50"": 123.3171911272261, ""fm2_vertex_worst_inset_min_px"": 198.77000186585337, ""fm2_violation_run_max_frames"": 0.0, ""fm2_violation_runs"": 0.0, ""fm2_windowed_pass_frac"": 1.0, ""fm3_static_frac"": 0.4479166666666667, ""observed_duration_s"": 64.0, ""reproj_px_p50"": 11.865821823710812, ""reproj_shoulder_widths_p50"": 0.04569973067164652, ""round3_gallery_group"": ""pass_naturalistic"", ""unit_files"": 2.0, ""unit_flagged_frac"": 0.0, ""unit_hip_flexion_min"": 149.30766991454686, ""unit_knee_between_min"": 0.522089057990427}",render
r4_063,recheck_fm3_static_hands_063_V00_S1104_I00001229_P0845A_f0000124,V00_S1104_I00001229_P0845A,improvised/train/0024/0008/V00_S1104_I00001229_P0845A,improvised/train/0024/0045/V00_S1104_I00001229_P0328A,recheck_fm3_static_hands,recheck,improvised,124,V00,improvised,train,ipc_conversation,shown in Round 3 as flagged_multi; re-judged under the Round-4 detectors,"{""clip_anchored_on_fm2_violation"": false, ""flag_count"": 1, ""flags_fired"": ""fm3_static_hands"", ""fm1_hip_flexion_deg_p50"": 142.38931702390724, ""fm1_knee_between_torso_p50"": 0.5512204333402975, ""fm1_leg_over_torso_p50"": 1.0587715716687425, ""fm1_reasons"": """", ""fm1_shin_verticality_p50"": 0.9995120688414582, ""fm1_sitting_file"": false, ""fm1_sitting_participant"": false, ""fm1_unit"": ""0845A@1104"", ""fm1_unit_basis"": ""none"", ""fm2_in_frame_and_valid_frac"": 1.0, ""fm2_pass_frac_round3_joints_only"": 1.0, ""fm2_smplh_valid_frac"": 1.0, ""fm2_surface_correction_px_p50"": 41.387894599194965, ""fm2_vertex_worst_inset_min_px"": 56.29858448707273, ""fm2_violation_run_max_frames"": 0.0, ""fm2_violation_runs"": 0.0, ""fm2_windowed_pass_frac"": 1.0, ""fm3_static_frac"": 0.8890070921985815, ""observed_duration_s"": 282.0, ""reproj_px_p50"": 19.163015706975834, ""reproj_shoulder_widths_p50"": 0.06095771347080793, ""round3_gallery_group"": ""flagged_multi"", ""unit_files"": 3.0, ""unit_flagged_frac"": 0.0, ""unit_hip_flexion_min"": 141.61904991996704, ""unit_knee_between_min"": 0.5512204333402975}",render
r4_064,recheck_pass_064_V00_S1457_I00001115_P1124A_f0005798,V00_S1457_I00001115_P1124A,improvised/train/0034/0064/V00_S1457_I00001115_P1124A,improvised/train/0034/0047/V00_S1457_I00001115_P0921A,recheck_pass,recheck,improvised,5798,V00,improvised,train,ipc_conversation,shown in Round 3 as pass_improvised; re-judged under the Round-4 detectors,"{""clip_anchored_on_fm2_violation"": false, ""flag_count"": 0, ""flags_fired"": """", ""fm1_hip_flexion_deg_p50"": 133.77474389709727, ""fm1_knee_between_torso_p50"": 0.5187586489680573, ""fm1_leg_over_torso_p50"": 1.107595342932178, ""fm1_reasons"": """", ""fm1_shin_verticality_p50"": 0.9828722816437803, ""fm1_sitting_file"": false, ""fm1_sitting_participant"": false, ""fm1_unit"": ""1124A@1457"", ""fm1_unit_basis"": ""none"", ""fm2_in_frame_and_valid_frac"": 0.9967991169977924, ""fm2_pass_frac_round3_joints_only"": 1.0, ""fm2_smplh_valid_frac"": 1.0, ""fm2_surface_correction_px_p50"": 26.34554453654357, ""fm2_vertex_worst_inset_min_px"": -1.8781465147126255, ""fm2_violation_run_max_frames"": 26.0, ""fm2_violation_runs"": 3.0, ""fm2_windowed_pass_frac"": 1.0, ""fm3_static_frac"": 0.23233995584988962, ""observed_duration_s"": 302.0, ""reproj_px_p50"": 34.10242608550854, ""reproj_shoulder_widths_p50"": 0.10599992786214452, ""round3_gallery_group"": ""pass_improvised"", ""unit_files"": 2.0, ""unit_flagged_frac"": 0.0, ""unit_hip_flexion_min"": 130.9171643951275, ""unit_knee_between_min"": 0.5160741442987243}",render
r4_065,recheck_pass_065_V00_S2012_I00000690_P1268A_f0001627,V00_S2012_I00000690_P1268A,improvised/train/0048/0048/V00_S2012_I00000690_P1268A,improvised/train/0048/0016/V00_S2012_I00000690_P1267A,recheck_pass,recheck,improvised,1627,V00,improvised,train,ipc_conversation,shown in Round 3 as pass_improvised; re-judged under the Round-4 detectors,"{""clip_anchored_on_fm2_violation"": false, ""flag_count"": 0, ""flags_fired"": """", ""fm1_hip_flexion_deg_p50"": 148.17468848273973, ""fm1_knee_between_torso_p50"": 0.5361315841735587, ""fm1_leg_over_torso_p50"": 1.2427163352285824, ""fm1_reasons"": """", ""fm1_shin_verticality_p50"": 0.9986178199128581, ""fm1_sitting_file"": false, ""fm1_sitting_participant"": false, ""fm1_unit"": ""1268A@2012"", ""fm1_unit_basis"": ""none"", ""fm2_in_frame_and_valid_frac"": 1.0, ""fm2_pass_frac_round3_joints_only"": 1.0, ""fm2_smplh_valid_frac"": 1.0, ""fm2_surface_correction_px_p50"": 34.73785108104744, ""fm2_vertex_worst_inset_min_px"": 74.48872664885971, ""fm2_violation_run_max_frames"": 0.0, ""fm2_violation_runs"": 0.0, ""fm2_windowed_pass_frac"": 1.0, ""fm3_static_frac"": 0.4537712895377129, ""observed_duration_s"": 274.0, ""reproj_px_p50"": 46.97445424384499, ""reproj_shoulder_widths_p50"": 0.14790359101735653, ""round3_gallery_group"": ""pass_improvised"", ""unit_files"": 2.0, ""unit_flagged_frac"": 0.0, ""unit_hip_flexion_min"": 143.28486293804195, ""unit_knee_between_min"": 0.516364546173663}",render
r4_066,recheck_fm3_static_hands_066_V00_S0161_I00000535_P0150A_f0001207,V00_S0161_I00000535_P0150A,improvised/train/0003/0020/V00_S0161_I00000535_P0150A,improvised/train/0003/0037/V00_S0161_I00000535_P0231,recheck_fm3_static_hands,recheck,improvised,1207,V00,improvised,train,ipc_conversation,shown in Round 3 as flagged_fm3_static_hands; re-judged under the Round-4 detectors,"{""clip_anchored_on_fm2_violation"": false, ""flag_count"": 1, ""flags_fired"": ""fm3_static_hands"", ""fm1_hip_flexion_deg_p50"": 132.70686595771133, ""fm1_knee_between_torso_p50"": 0.466116404444886, ""fm1_leg_over_torso_p50"": 1.5471040121981066, ""fm1_reasons"": """", ""fm1_shin_verticality_p50"": 0.9986178362593443, ""fm1_sitting_file"": false, ""fm1_sitting_participant"": false, ""fm1_unit"": ""0150A@0161"", ""fm1_unit_basis"": ""none"", ""fm2_in_frame_and_valid_frac"": 1.0, ""fm2_pass_frac_round3_joints_only"": 1.0, ""fm2_smplh_valid_frac"": 1.0, ""fm2_surface_correction_px_p50"": 97.19894835255286, ""fm2_vertex_worst_inset_min_px"": 183.30618606123795, ""fm2_violation_run_max_frames"": 0.0, ""fm2_violation_runs"": 0.0, ""fm2_windowed_pass_frac"": 1.0, ""fm3_static_frac"": 0.9670634920634921, ""observed_duration_s"": 84.0, ""reproj_px_p50"": 29.651972417278735, ""reproj_shoulder_widths_p50"": 0.10091784827415547, ""round3_gallery_group"": ""flagged_fm3_static_hands"", ""unit_files"": 3.0, ""unit_flagged_frac"": 0.0, ""unit_hip_flexion_min"": 132.70686595771133, ""unit_knee_between_min"": 0.466116404444886}",render
r4_067,recheck_fm3_static_hands_067_V00_S0234_I00000488_P0150A_f0002035,V00_S0234_I00000488_P0150A,improvised/train/0005/0027/V00_S0234_I00000488_P0150A,improvised/train/0005/0006/V00_S0234_I00000488_P0320,recheck_fm3_static_hands,recheck,improvised,2035,V00,improvised,train,ipc_conversation,shown in Round 3 as flagged_fm3_static_hands; re-judged under the Round-4 detectors,"{""clip_anchored_on_fm2_violation"": false, ""flag_count"": 1, ""flags_fired"": ""fm3_static_hands"", ""fm1_hip_flexion_deg_p50"": 130.4846864360526, ""fm1_knee_between_torso_p50"": 0.46995448753587094, ""fm1_leg_over_torso_p50"": 1.3685913323367895, ""fm1_reasons"": """", ""fm1_shin_verticality_p50"": 0.9995677634264197, ""fm1_sitting_file"": false, ""fm1_sitting_participant"": false, ""fm1_unit"": ""0150A@0234"", ""fm1_unit_basis"": ""none"", ""fm2_in_frame_and_valid_frac"": 1.0, ""fm2_pass_frac_round3_joints_only"": 1.0, ""fm2_smplh_valid_frac"": 1.0, ""fm2_surface_correction_px_p50"": 41.45169798326947, ""fm2_vertex_worst_inset_min_px"": 4.369762933863967, ""fm2_violation_run_max_frames"": 0.0, ""fm2_violation_runs"": 0.0, ""fm2_windowed_pass_frac"": 1.0, ""fm3_static_frac"": 0.7517543859649123, ""observed_duration_s"": 190.0, ""reproj_px_p50"": 16.868237230816767, ""reproj_shoulder_widths_p50"": 0.05327610237596216, ""round3_gallery_group"": ""flagged_fm3_static_hands"", ""unit_files"": 4.0, ""unit_flagged_frac"": 0.0, ""unit_hip_flexion_min"": 125.85001849164354, ""unit_knee_between_min"": 0.4533996735524877}",render
r4_068,recheck_pass_068_V00_S0688_I00000126_P0737_f0000994,V00_S0688_I00000126_P0737,improvised/train/0013/0043/V00_S0688_I00000126_P0737,improvised/train/0013/0049/V00_S0688_I00000126_P0658A,recheck_pass,recheck,improvised,994,V00,improvised,train,ipc_conversation,shown in Round 3 as pass_improvised; re-judged under the Round-4 detectors,"{""clip_anchored_on_fm2_violation"": false, ""flag_count"": 0, ""flags_fired"": """", ""fm1_hip_flexion_deg_p50"": 159.66363062453092, ""fm1_knee_between_torso_p50"": 0.5681562469047619, ""fm1_leg_over_torso_p50"": 1.3499156179767593, ""fm1_reasons"": """", ""fm1_shin_verticality_p50"": 0.999999999999975, ""fm1_sitting_file"": false, ""fm1_sitting_participant"": false, ""fm1_unit"": ""0737@0688"", ""fm1_unit_basis"": ""none"", ""fm2_in_frame_and_valid_frac"": 1.0, ""fm2_pass_frac_round3_joints_only"": 1.0, ""fm2_smplh_valid_frac"": 1.0, ""fm2_surface_correction_px_p50"": 40.574233442100876, ""fm2_vertex_worst_inset_min_px"": 12.919319990784857, ""fm2_violation_run_max_frames"": 0.0, ""fm2_violation_runs"": 0.0, ""fm2_windowed_pass_frac"": 1.0, ""fm3_static_frac"": 0.33151515151515154, ""observed_duration_s"": 110.0, ""reproj_px_p50"": 38.26139989678953, ""reproj_shoulder_widths_p50"": 0.12597073602124287, ""round3_gallery_group"": ""pass_improvised"", ""unit_files"": 3.0, ""unit_flagged_frac"": 0.0, ""unit_hip_flexion_min"": 159.66363062453092, ""unit_knee_between_min"": 0.5681562469047619}",render
r4_069,recheck_fm3_static_hands_069_V00_S0801_I00000307_P0941_f0002242,V00_S0801_I00000307_P0941,naturalistic/train/0022/0010/V00_S0801_I00000307_P0941,naturalistic/train/0022/0012/V00_S0801_I00000307_P0942,recheck_fm3_static_hands,recheck,naturalistic,2242,V00,naturalistic,train,ipc_conversation,shown in Round 3 as flagged_fm3_static_hands; re-judged under the Round-4 detectors,"{""clip_anchored_on_fm2_violation"": false, ""flag_count"": 1, ""flags_fired"": ""fm3_static_hands"", ""fm1_hip_flexion_deg_p50"": 145.63254562442302, ""fm1_knee_between_torso_p50"": 0.5140020597632056, ""fm1_leg_over_torso_p50"": 1.3891357335157224, ""fm1_reasons"": """", ""fm1_shin_verticality_p50"": 0.9996714322388696, ""fm1_sitting_file"": false, ""fm1_sitting_participant"": false, ""fm1_unit"": ""0941@0801"", ""fm1_unit_basis"": ""none"", ""fm2_in_frame_and_valid_frac"": 1.0, ""fm2_pass_frac_round3_joints_only"": 1.0, ""fm2_smplh_valid_frac"": 1.0, ""fm2_surface_correction_px_p50"": 37.306339606235724, ""fm2_vertex_worst_inset_min_px"": 159.92340481531437, ""fm2_violation_run_max_frames"": 0.0, ""fm2_violation_runs"": 0.0, ""fm2_windowed_pass_frac"": 1.0, ""fm3_static_frac"": 0.9861581920903955, ""observed_duration_s"": 118.0, ""reproj_px_p50"": 22.309088946087588, ""reproj_shoulder_widths_p50"": 0.07146764354121046, ""round3_gallery_group"": ""flagged_fm3_static_hands"", ""unit_files"": 2.0, ""unit_flagged_frac"": 0.0, ""unit_hip_flexion_min"": 145.14726683286304, ""unit_knee_between_min"": 0.5140020597632056}",render
r4_070,recheck_pass_070_V00_S0161_I00000537_P0150A_f0004995,V00_S0161_I00000537_P0150A,improvised/train/0003/0037/V00_S0161_I00000537_P0150A,improvised/train/0003/0000/V00_S0161_I00000537_P0231,recheck_pass,recheck,improvised,4995,V00,improvised,train,ipc_conversation,shown in Round 3 as pass_improvised; re-judged under the Round-4 detectors,"{""clip_anchored_on_fm2_violation"": false, ""flag_count"": 0, ""flags_fired"": """", ""fm1_hip_flexion_deg_p50"": 137.4250827029106, ""fm1_knee_between_torso_p50"": 0.483118073187077, ""fm1_leg_over_torso_p50"": 1.5977102866474246, ""fm1_reasons"": """", ""fm1_shin_verticality_p50"": 0.9996539187430602, ""fm1_sitting_file"": false, ""fm1_sitting_participant"": false, ""fm1_unit"": ""0150A@0161"", ""fm1_unit_basis"": ""none"", ""fm2_in_frame_and_valid_frac"": 1.0, ""fm2_pass_frac_round3_joints_only"": 1.0, ""fm2_smplh_valid_frac"": 1.0, ""fm2_surface_correction_px_p50"": 86.07889306288911, ""fm2_vertex_worst_inset_min_px"": 117.38058614830226, ""fm2_violation_run_max_frames"": 0.0, ""fm2_violation_runs"": 0.0, ""fm2_windowed_pass_frac"": 1.0, ""fm3_static_frac"": 0.6228855721393035, ""observed_duration_s"": 268.0, ""reproj_px_p50"": 24.903479394789525, ""reproj_shoulder_widths_p50"": 0.085144088911476, ""round3_gallery_group"": ""pass_improvised"", ""unit_files"": 3.0, ""unit_flagged_frac"": 0.0, ""unit_hip_flexion_min"": 132.70686595771133, ""unit_knee_between_min"": 0.466116404444886}",render
r4_071,recheck_fm3_static_hands_071_V00_S1283_I00001073_P1100A_f0002046,V00_S1283_I00001073_P1100A,improvised/train/0029/0041/V00_S1283_I00001073_P1100A,improvised/train/0029/0037/V00_S1283_I00001073_P0002A,recheck_fm3_static_hands,recheck,improvised,2046,V00,improvised,train,ipc_conversation,shown in Round 3 as flagged_fm3_static_hands; re-judged under the Round-4 detectors,"{""clip_anchored_on_fm2_violation"": false, ""flag_count"": 1, ""flags_fired"": ""fm3_static_hands"", ""fm1_hip_flexion_deg_p50"": 154.75046048744792, ""fm1_knee_between_torso_p50"": 0.5524836190452991, ""fm1_leg_over_torso_p50"": 1.3334370864502834, ""fm1_reasons"": """", ""fm1_shin_verticality_p50"": 0.9999999999999741, ""fm1_sitting_file"": false, ""fm1_sitting_participant"": false, ""fm1_unit"": ""1100A@1283"", ""fm1_unit_basis"": ""none"", ""fm2_in_frame_and_valid_frac"": 1.0, ""fm2_pass_frac_round3_joints_only"": 1.0, ""fm2_smplh_valid_frac"": 1.0, ""fm2_surface_correction_px_p50"": 90.62454687911583, ""fm2_vertex_worst_inset_min_px"": 5.215984149473002, ""fm2_violation_run_max_frames"": 0.0, ""fm2_violation_runs"": 0.0, ""fm2_windowed_pass_frac"": 1.0, ""fm3_static_frac"": 0.823069105691057, ""observed_duration_s"": 328.0, ""reproj_px_p50"": 14.151181552523404, ""reproj_shoulder_widths_p50"": 0.04515675114644165, ""round3_gallery_group"": ""flagged_fm3_static_hands"", ""unit_files"": 3.0, ""unit_flagged_frac"": 0.0, ""unit_hip_flexion_min"": 152.88046139250912, ""unit_knee_between_min"": 0.5395911864307487}",render
r4_072,recheck_pass_072_V00_S1633_I00000391_P0929_f0000625,V00_S1633_I00000391_P0929,naturalistic/train/0028/0015/V00_S1633_I00000391_P0929,naturalistic/train/0028/0016/V00_S1633_I00000391_P0556,recheck_pass,recheck,naturalistic,625,V00,naturalistic,train,ipc_conversation,shown in Round 3 as flagged_fm4_mutual_silence; re-judged under the Round-4 detectors,"{""clip_anchored_on_fm2_violation"": false, ""flag_count"": 0, ""flags_fired"": """", ""fm1_hip_flexion_deg_p50"": 148.16415240934782, ""fm1_knee_between_torso_p50"": 0.5379427004551649, ""fm1_leg_over_torso_p50"": 1.2978935053273872, ""fm1_reasons"": """", ""fm1_shin_verticality_p50"": 0.994781459681664, ""fm1_sitting_file"": false, ""fm1_sitting_participant"": false, ""fm1_unit"": ""0929@1633"", ""fm1_unit_basis"": ""none"", ""fm2_in_frame_and_valid_frac"": 1.0, ""fm2_pass_frac_round3_joints_only"": 1.0, ""fm2_smplh_valid_frac"": 1.0, ""fm2_surface_correction_px_p50"": 63.5759663265157, ""fm2_vertex_worst_inset_min_px"": 44.97898958674136, ""fm2_violation_run_max_frames"": 0.0, ""fm2_violation_runs"": 0.0, ""fm2_windowed_pass_frac"": 1.0, ""fm3_static_frac"": 0.004662004662004662, ""observed_duration_s"": 286.0, ""reproj_px_p50"": 35.582553119158035, ""reproj_shoulder_widths_p50"": 0.13149501942277336, ""round3_gallery_group"": ""flagged_fm4_mutual_silence"", ""unit_files"": 1.0, ""unit_flagged_frac"": 0.0, ""unit_hip_flexion_min"": 148.16415240934782, ""unit_knee_between_min"": 0.5379427004551649}",render
r4_073,recheck_pass_073_V00_S1862_I00000614_P0710_f0004024,V00_S1862_I00000614_P0710,naturalistic/train/0029/0031/V00_S1862_I00000614_P0710,naturalistic/train/0029/0036/V00_S1862_I00000614_P1192,recheck_pass,recheck,naturalistic,4024,V00,naturalistic,train,grounded_gesture,shown in Round 3 as flagged_fm4_mutual_silence; re-judged under the Round-4 detectors,"{""clip_anchored_on_fm2_violation"": false, ""flag_count"": 0, ""flags_fired"": """", ""fm1_hip_flexion_deg_p50"": 148.96523026360197, ""fm1_knee_between_torso_p50"": 0.5544553922075566, ""fm1_leg_over_torso_p50"": 1.3019452185046494, ""fm1_reasons"": """", ""fm1_shin_verticality_p50"": 0.9996144242558787, ""fm1_sitting_file"": false, ""fm1_sitting_participant"": false, ""fm1_unit"": ""0710@1862"", ""fm1_unit_basis"": ""none"", ""fm2_in_frame_and_valid_frac"": 1.0, ""fm2_pass_frac_round3_joints_only"": 1.0, ""fm2_smplh_valid_frac"": 1.0, ""fm2_surface_correction_px_p50"": 125.2062979570382, ""fm2_vertex_worst_inset_min_px"": 14.532146578355423, ""fm2_violation_run_max_frames"": 0.0, ""fm2_violation_runs"": 0.0, ""fm2_windowed_pass_frac"": 1.0, ""fm3_static_frac"": 0.675095785440613, ""observed_duration_s"": 174.0, ""reproj_px_p50"": 20.31742337559784, ""reproj_shoulder_widths_p50"": 0.07008255960538322, ""round3_gallery_group"": ""flagged_fm4_mutual_silence"", ""unit_files"": 3.0, ""unit_flagged_frac"": 0.0, ""unit_hip_flexion_min"": 143.46274353714028, ""unit_knee_between_min"": 0.5544553922075566}",render
r4_074,recheck_pass_074_V00_S0234_I00000536_P0320_f0000487,V00_S0234_I00000536_P0320,improvised/train/0005/0014/V00_S0234_I00000536_P0320,improvised/train/0005/0003/V00_S0234_I00000536_P0150A,recheck_pass,recheck,improvised,487,V00,improvised,train,ipc_conversation,shown in Round 3 as flagged_fm4_mutual_silence; re-judged under the Round-4 detectors,"{""clip_anchored_on_fm2_violation"": false, ""flag_count"": 0, ""flags_fired"": """", ""fm1_hip_flexion_deg_p50"": 163.80862614183224, ""fm1_knee_between_torso_p50"": 0.594772649157304, ""fm1_leg_over_torso_p50"": 1.2933700836867503, ""fm1_reasons"": """", ""fm1_shin_verticality_p50"": 0.983869870196928, ""fm1_sitting_file"": false, ""fm1_sitting_participant"": false, ""fm1_unit"": ""0320@0234"", ""fm1_unit_basis"": ""none"", ""fm2_in_frame_and_valid_frac"": 1.0, ""fm2_pass_frac_round3_joints_only"": 1.0, ""fm2_smplh_valid_frac"": 1.0, ""fm2_surface_correction_px_p50"": 41.24218200087489, ""fm2_vertex_worst_inset_min_px"": 38.631872646582224, ""fm2_violation_run_max_frames"": 0.0, ""fm2_violation_runs"": 0.0, ""fm2_windowed_pass_frac"": 1.0, ""fm3_static_frac"": 0.1429553264604811, ""observed_duration_s"": 194.0, ""reproj_px_p50"": 16.16614795017501, ""reproj_shoulder_widths_p50"": 0.052646909746624934, ""round3_gallery_group"": ""flagged_fm4_mutual_silence"", ""unit_files"": 3.0, ""unit_flagged_frac"": 0.0, ""unit_hip_flexion_min"": 158.09899825410542, ""unit_knee_between_min"": 0.5787129868733942}",render
r4_075,recheck_fm2_smplh_invalid_075_V00_S0477_I00000462_P0611_f0001659,V00_S0477_I00000462_P0611,naturalistic/train/0013/0016/V00_S0477_I00000462_P0611,naturalistic/train/0013/0035/V00_S0477_I00000462_P0071,recheck_fm2_smplh_invalid,recheck,naturalistic,1659,V00,naturalistic,train,ipc_conversation,shown in Round 3 as flagged_fm2_framing; re-judged under the Round-4 detectors,"{""clip_anchored_on_fm2_violation"": true, ""flag_count"": 1, ""flags_fired"": ""fm2_smplh_invalid"", ""fm1_hip_flexion_deg_p50"": 149.8477987753952, ""fm1_knee_between_torso_p50"": 0.5123073690706541, ""fm1_leg_over_torso_p50"": 1.5343965021134722, ""fm1_reasons"": """", ""fm1_shin_verticality_p50"": 0.9957012248348676, ""fm1_sitting_file"": false, ""fm1_sitting_participant"": false, ""fm1_unit"": ""0611@0477"", ""fm1_unit_basis"": ""none"", ""fm2_in_frame_and_valid_frac"": 0.9914529914529915, ""fm2_pass_frac_round3_joints_only"": 0.9918803418803419, ""fm2_smplh_valid_frac"": 0.9931623931623932, ""fm2_surface_correction_px_p50"": 26.773097012202243, ""fm2_vertex_worst_inset_min_px"": -25.108705304146497, ""fm2_violation_run_max_frames"": 32.0, ""fm2_violation_runs"": 2.0, ""fm2_windowed_pass_frac"": 0.6, ""fm3_static_frac"": 0.2726495726495726, ""observed_duration_s"": 156.0, ""reproj_px_p50"": 16.044034430457387, ""reproj_shoulder_widths_p50"": 0.05084073466074559, ""round3_gallery_group"": ""flagged_fm2_framing"", ""unit_files"": 3.0, ""unit_flagged_frac"": 0.0, ""unit_hip_flexion_min"": 146.8872245920469, ""unit_knee_between_min"": 0.5069337662990542}",render
r4_076,recheck_fm2_smplh_invalid_076_V00_S0504_I00000520_P0572_f0001746,V00_S0504_I00000520_P0572,naturalistic/train/0014/0009/V00_S0504_I00000520_P0572,naturalistic/train/0014/0037/V00_S0504_I00000520_P0047,recheck_fm2_smplh_invalid,recheck,naturalistic,1746,V00,naturalistic,train,grounded_gesture,shown in Round 3 as flagged_multi; re-judged under the Round-4 detectors,"{""clip_anchored_on_fm2_violation"": true, ""flag_count"": 1, ""flags_fired"": ""fm2_smplh_invalid"", ""fm1_hip_flexion_deg_p50"": 141.63332072404302, ""fm1_knee_between_torso_p50"": 0.6062626682861931, ""fm1_leg_over_torso_p50"": 1.0153467357144654, ""fm1_reasons"": """", ""fm1_shin_verticality_p50"": 0.9993628503615644, ""fm1_sitting_file"": false, ""fm1_sitting_participant"": false, ""fm1_unit"": ""0572@0504"", ""fm1_unit_basis"": ""none"", ""fm2_in_frame_and_valid_frac"": 0.9379690949227373, ""fm2_pass_frac_round3_joints_only"": 0.9444812362030905, ""fm2_smplh_valid_frac"": 0.9669977924944813, ""fm2_surface_correction_px_p50"": 51.36533157094868, ""fm2_vertex_worst_inset_min_px"": -162.14003779256007, ""fm2_violation_run_max_frames"": 148.0, ""fm2_violation_runs"": 33.0, ""fm2_windowed_pass_frac"": 0.4, ""fm3_static_frac"": 0.15849889624724062, ""observed_duration_s"": 302.0, ""reproj_px_p50"": 28.253140264323502, ""reproj_shoulder_widths_p50"": 0.07441939367865721, ""round3_gallery_group"": ""flagged_multi"", ""unit_files"": 5.0, ""unit_flagged_frac"": 0.0, ""unit_hip_flexion_min"": 141.63332072404302, ""unit_knee_between_min"": 0.6062626682861931}",render
r4_077,recheck_fm2_smplh_invalid_077_V00_S1283_I00001076_P0002A_f0001461,V00_S1283_I00001076_P0002A,improvised/train/0029/0007/V00_S1283_I00001076_P0002A,improvised/train/0029/0014/V00_S1283_I00001076_P1100A,recheck_fm2_smplh_invalid,recheck,improvised,1461,V00,improvised,train,ipc_conversation,shown in Round 3 as flagged_fm2_framing; re-judged under the Round-4 detectors,"{""clip_anchored_on_fm2_violation"": true, ""flag_count"": 1, ""flags_fired"": ""fm2_smplh_invalid"", ""fm1_hip_flexion_deg_p50"": 165.16312752132328, ""fm1_knee_between_torso_p50"": 0.5885234065964509, ""fm1_leg_over_torso_p50"": 1.2986370534210532, ""fm1_reasons"": """", ""fm1_shin_verticality_p50"": 0.9965457331747696, ""fm1_sitting_file"": false, ""fm1_sitting_participant"": false, ""fm1_unit"": ""0002A@1283"", ""fm1_unit_basis"": ""none"", ""fm2_in_frame_and_valid_frac"": 0.9747222222222223, ""fm2_pass_frac_round3_joints_only"": 0.9779166666666667, ""fm2_smplh_valid_frac"": 0.9894444444444445, ""fm2_surface_correction_px_p50"": 31.01522047333424, ""fm2_vertex_worst_inset_min_px"": -152.08407471187604, ""fm2_violation_run_max_frames"": 52.0, ""fm2_violation_runs"": 10.0, ""fm2_windowed_pass_frac"": 0.5, ""fm3_static_frac"": 0.010694444444444444, ""observed_duration_s"": 240.0, ""reproj_px_p50"": 29.098637772623878, ""reproj_shoulder_widths_p50"": 0.09786136002297419, ""round3_gallery_group"": ""flagged_fm2_framing"", ""unit_files"": 2.0, ""unit_flagged_frac"": 0.0, ""unit_hip_flexion_min"": 148.76734075707873, ""unit_knee_between_min"": 0.5885234065964509}",render
r4_078,recheck_pass_078_V00_S1751_I00001167_P0230A_f0000320,V00_S1751_I00001167_P0230A,improvised/train/0043/0017/V00_S1751_I00001167_P0230A,improvised/train/0043/0027/V00_S1751_I00001167_P1115A,recheck_pass,recheck,improvised,320,V00,improvised,train,ipc_conversation,shown in Round 3 as pass_improvised; re-judged under the Round-4 detectors,"{""clip_anchored_on_fm2_violation"": false, ""flag_count"": 0, ""flags_fired"": """", ""fm1_hip_flexion_deg_p50"": 165.9199545889733, ""fm1_knee_between_torso_p50"": 0.5800851345346719, ""fm1_leg_over_torso_p50"": 1.294907983908283, ""fm1_reasons"": """", ""fm1_shin_verticality_p50"": 0.9986178274746422, ""fm1_sitting_file"": false, ""fm1_sitting_participant"": false, ""fm1_unit"": ""0230A@1751"", ""fm1_unit_basis"": ""none"", ""fm2_in_frame_and_valid_frac"": 1.0, ""fm2_pass_frac_round3_joints_only"": 1.0, ""fm2_smplh_valid_frac"": 1.0, ""fm2_surface_correction_px_p50"": 30.39856143580687, ""fm2_vertex_worst_inset_min_px"": 45.25667526328152, ""fm2_violation_run_max_frames"": 0.0, ""fm2_violation_runs"": 0.0, ""fm2_windowed_pass_frac"": 1.0, ""fm3_static_frac"": 0.05058823529411765, ""observed_duration_s"": 170.0, ""reproj_px_p50"": 27.15205712230617, ""reproj_shoulder_widths_p50"": 0.09806033522251298, ""round3_gallery_group"": ""pass_improvised"", ""unit_files"": 1.0, ""unit_flagged_frac"": 0.0, ""unit_hip_flexion_min"": 165.9199545889733, ""unit_knee_between_min"": 0.5800851345346719}",render
r4_079,recheck_fm3_static_hands_079_V00_S0283_I00000135_P0382_f0000324,V00_S0283_I00000135_P0382,naturalistic/train/0006/0020/V00_S0283_I00000135_P0382,naturalistic/train/0006/0007/V00_S0283_I00000135_P0300,recheck_fm3_static_hands,recheck,naturalistic,324,V00,naturalistic,train,collaborative_storytelling,shown in Round 3 as flagged_fm3_static_hands; re-judged under the Round-4 detectors,"{""clip_anchored_on_fm2_violation"": false, ""flag_count"": 1, ""flags_fired"": ""fm3_static_hands"", ""fm1_hip_flexion_deg_p50"": 135.9120055876316, ""fm1_knee_between_torso_p50"": 0.5598787047930884, ""fm1_leg_over_torso_p50"": 0.9859821712850281, ""fm1_reasons"": """", ""fm1_shin_verticality_p50"": 0.999405997796919, ""fm1_sitting_file"": false, ""fm1_sitting_participant"": false, ""fm1_unit"": ""0382@0283"", ""fm1_unit_basis"": ""none"", ""fm2_in_frame_and_valid_frac"": 1.0, ""fm2_pass_frac_round3_joints_only"": 1.0, ""fm2_smplh_valid_frac"": 1.0, ""fm2_surface_correction_px_p50"": 50.899958621118, ""fm2_vertex_worst_inset_min_px"": 36.99485155236471, ""fm2_violation_run_max_frames"": 0.0, ""fm2_violation_runs"": 0.0, ""fm2_windowed_pass_frac"": 1.0, ""fm3_static_frac"": 1.0, ""observed_duration_s"": 188.0, ""reproj_px_p50"": 51.18262762933708, ""reproj_shoulder_widths_p50"": 0.13647635286462695, ""round3_gallery_group"": ""flagged_fm3_static_hands"", ""unit_files"": 3.0, ""unit_flagged_frac"": 0.0, ""unit_hip_flexion_min"": 135.9120055876316, ""unit_knee_between_min"": 0.5537161122605759}",render
r4_080,recheck_fm1_sitting_080_V00_S0112_I00000483_P0163_f0000902,V00_S0112_I00000483_P0163,naturalistic/train/0002/0000/V00_S0112_I00000483_P0163,naturalistic/train/0002/0012/V00_S0112_I00000483_P0162,recheck_fm1_sitting,recheck,naturalistic,902,V00,naturalistic,train,ipc_conversation,shown in Round 3 as pass_naturalistic; re-judged under the Round-4 detectors,"{""clip_anchored_on_fm2_violation"": false, ""flag_count"": 1, ""flags_fired"": ""fm1_sitting"", ""fm1_hip_flexion_deg_p50"": 109.59172957404881, ""fm1_knee_between_torso_p50"": 0.35823190007032274, ""fm1_leg_over_torso_p50"": 1.6855165121612978, ""fm1_reasons"": ""knee_between"", ""fm1_shin_verticality_p50"": 0.9980525881660331, ""fm1_sitting_file"": true, ""fm1_sitting_participant"": true, ""fm1_unit"": ""0163@0112"", ""fm1_unit_basis"": ""majority"", ""fm2_in_frame_and_valid_frac"": 0.9990740740740741, ""fm2_pass_frac_round3_joints_only"": 1.0, ""fm2_smplh_valid_frac"": 1.0, ""fm2_surface_correction_px_p50"": 21.72834179653455, ""fm2_vertex_worst_inset_min_px"": 6.121792721895531, ""fm2_violation_run_max_frames"": 3.0, ""fm2_violation_runs"": 2.0, ""fm2_windowed_pass_frac"": 1.0, ""fm3_static_frac"": 0.5520833333333334, ""observed_duration_s"": 144.0, ""reproj_px_p50"": 19.763991664216107, ""reproj_shoulder_widths_p50"": 0.06002762773259913, ""round3_gallery_group"": ""pass_naturalistic"", ""unit_files"": 1.0, ""unit_flagged_frac"": 1.0, ""unit_hip_flexion_min"": 109.59172957404881, ""unit_knee_between_min"": 0.35823190007032274}",render
r4_081,recheck_pass_081_V00_S0350_I00000477_P0470_f0001561,V00_S0350_I00000477_P0470,naturalistic/test/0000/0012/V00_S0350_I00000477_P0470,naturalistic/test/0000/0027/V00_S0350_I00000477_P0469,recheck_pass,recheck,naturalistic,1561,V00,naturalistic,test,ipc_conversation,shown in Round 3 as flagged_fm4_mutual_silence; re-judged under the Round-4 detectors,"{""clip_anchored_on_fm2_violation"": false, ""flag_count"": 0, ""flags_fired"": """", ""fm1_hip_flexion_deg_p50"": 145.0822454793706, ""fm1_knee_between_torso_p50"": 0.5840860900092866, ""fm1_leg_over_torso_p50"": 1.0604844573305967, ""fm1_reasons"": """", ""fm1_shin_verticality_p50"": 0.9994801102175281, ""fm1_sitting_file"": false, ""fm1_sitting_participant"": false, ""fm1_unit"": ""0470@0350"", ""fm1_unit_basis"": ""none"", ""fm2_in_frame_and_valid_frac"": 1.0, ""fm2_pass_frac_round3_joints_only"": 1.0, ""fm2_smplh_valid_frac"": 1.0, ""fm2_surface_correction_px_p50"": 45.09515303765522, ""fm2_vertex_worst_inset_min_px"": 83.06448638971142, ""fm2_violation_run_max_frames"": 0.0, ""fm2_violation_runs"": 0.0, ""fm2_windowed_pass_frac"": 1.0, ""fm3_static_frac"": 0.546124031007752, ""observed_duration_s"": 86.0, ""reproj_px_p50"": 38.594834075935566, ""reproj_shoulder_widths_p50"": 0.111651410170412, ""round3_gallery_group"": ""flagged_fm4_mutual_silence"", ""unit_files"": 5.0, ""unit_flagged_frac"": 0.0, ""unit_hip_flexion_min"": 145.0822454793706, ""unit_knee_between_min"": 0.5621139912681216}",render
r4_082,recheck_fm1_sitting_082_V00_S0555_I00000126_P0698_f0002584,V00_S0555_I00000126_P0698,naturalistic/train/0015/0004/V00_S0555_I00000126_P0698,naturalistic/train/0015/0001/V00_S0555_I00000126_P0699,recheck_fm1_sitting,recheck,naturalistic,2584,V00,naturalistic,train,ipc_conversation,shown in Round 3 as flagged_fm1_sitting; re-judged under the Round-4 detectors,"{""clip_anchored_on_fm2_violation"": false, ""flag_count"": 1, ""flags_fired"": ""fm1_sitting"", ""fm1_hip_flexion_deg_p50"": 99.70783779325136, ""fm1_knee_between_torso_p50"": 0.2751632963639708, ""fm1_leg_over_torso_p50"": 1.6086088020455755, ""fm1_reasons"": ""knee_between"", ""fm1_shin_verticality_p50"": 0.999753174221111, ""fm1_sitting_file"": true, ""fm1_sitting_participant"": true, ""fm1_unit"": ""0698@0555"", ""fm1_unit_basis"": ""majority"", ""fm2_in_frame_and_valid_frac"": 1.0, ""fm2_pass_frac_round3_joints_only"": 1.0, ""fm2_smplh_valid_frac"": 1.0, ""fm2_surface_correction_px_p50"": 26.22565331627436, ""fm2_vertex_worst_inset_min_px"": 120.83689296846592, ""fm2_violation_run_max_frames"": 0.0, ""fm2_violation_runs"": 0.0, ""fm2_windowed_pass_frac"": 1.0, ""fm3_static_frac"": 0.17772435897435898, ""observed_duration_s"": 208.0, ""reproj_px_p50"": 23.40003620886014, ""reproj_shoulder_widths_p50"": 0.07336348595212666, ""round3_gallery_group"": ""flagged_fm1_sitting"", ""unit_files"": 3.0, ""unit_flagged_frac"": 1.0, ""unit_hip_flexion_min"": 99.70783779325136, ""unit_knee_between_min"": 0.2751632963639708}",render
r4_083,recheck_pass_083_V00_S0628_I00000477_P0783_f0000749,V00_S0628_I00000477_P0783,naturalistic/train/0018/0007/V00_S0628_I00000477_P0783,naturalistic/train/0018/0044/V00_S0628_I00000477_P0784,recheck_pass,recheck,naturalistic,749,V00,naturalistic,train,ipc_conversation,shown in Round 3 as pass_naturalistic; re-judged under the Round-4 detectors,"{""clip_anchored_on_fm2_violation"": false, ""flag_count"": 0, ""flags_fired"": """", ""fm1_hip_flexion_deg_p50"": 152.909650509007, ""fm1_knee_between_torso_p50"": 0.5507962952740695, ""fm1_leg_over_torso_p50"": 1.2677165858327406, ""fm1_reasons"": """", ""fm1_shin_verticality_p50"": 0.9996144200106213, ""fm1_sitting_file"": false, ""fm1_sitting_participant"": false, ""fm1_unit"": ""0783@0628"", ""fm1_unit_basis"": ""none"", ""fm2_in_frame_and_valid_frac"": 1.0, ""fm2_pass_frac_round3_joints_only"": 1.0, ""fm2_smplh_valid_frac"": 1.0, ""fm2_surface_correction_px_p50"": 36.57840121305708, ""fm2_vertex_worst_inset_min_px"": 44.29792905222803, ""fm2_violation_run_max_frames"": 0.0, ""fm2_violation_runs"": 0.0, ""fm2_windowed_pass_frac"": 1.0, ""fm3_static_frac"": 0.04173228346456693, ""observed_duration_s"": 254.0, ""reproj_px_p50"": 25.96882717236308, ""reproj_shoulder_widths_p50"": 0.07436131287101388, ""round3_gallery_group"": ""pass_naturalistic"", ""unit_files"": 3.0, ""unit_flagged_frac"": 0.0, ""unit_hip_flexion_min"": 152.909650509007, ""unit_knee_between_min"": 0.5507962952740695}",render
r4_084,recheck_multi_084_V00_S0112_I00000495_P0162_f0002122,V00_S0112_I00000495_P0162,naturalistic/train/0002/0036/V00_S0112_I00000495_P0162,naturalistic/train/0002/0026/V00_S0112_I00000495_P0163,recheck_multi,recheck,naturalistic,2122,V00,naturalistic,train,ipc_conversation,shown in Round 3 as flagged_fm3_static_hands; re-judged under the Round-4 detectors,"{""clip_anchored_on_fm2_violation"": false, ""flag_count"": 2, ""flags_fired"": ""fm1_sitting+fm3_static_hands"", ""fm1_hip_flexion_deg_p50"": 113.79670397238166, ""fm1_knee_between_torso_p50"": 0.3933411620002778, ""fm1_leg_over_torso_p50"": 1.3824503028811952, ""fm1_reasons"": ""knee_between"", ""fm1_shin_verticality_p50"": 0.9963466613538035, ""fm1_sitting_file"": true, ""fm1_sitting_participant"": true, ""fm1_unit"": ""0162@0112"", ""fm1_unit_basis"": ""majority"", ""fm2_in_frame_and_valid_frac"": 0.9994047619047619, ""fm2_pass_frac_round3_joints_only"": 1.0, ""fm2_smplh_valid_frac"": 1.0, ""fm2_surface_correction_px_p50"": 50.2854745982566, ""fm2_vertex_worst_inset_min_px"": 8.740208929564233, ""fm2_violation_run_max_frames"": 4.0, ""fm2_violation_runs"": 1.0, ""fm2_windowed_pass_frac"": 1.0, ""fm3_static_frac"": 0.8700892857142857, ""observed_duration_s"": 224.0, ""reproj_px_p50"": 15.15731668473532, ""reproj_shoulder_widths_p50"": 0.046929587965192504, ""round3_gallery_group"": ""flagged_fm3_static_hands"", ""unit_files"": 6.0, ""unit_flagged_frac"": 1.0, ""unit_hip_flexion_min"": 113.79670397238166, ""unit_knee_between_min"": 0.39301916785518864}",render
r4_085,recheck_pass_085_V00_S0530_I00000375_P0210_f0002830,V00_S0530_I00000375_P0210,naturalistic/train/0014/0015/V00_S0530_I00000375_P0210,naturalistic/train/0014/0022/V00_S0530_I00000375_P0677,recheck_pass,recheck,naturalistic,2830,V00,naturalistic,train,ipc_conversation,shown in Round 3 as flagged_fm2_framing; re-judged under the Round-4 detectors,"{""clip_anchored_on_fm2_violation"": false, ""flag_count"": 0, ""flags_fired"": """", ""fm1_hip_flexion_deg_p50"": 153.8159731111793, ""fm1_knee_between_torso_p50"": 0.532592688673005, ""fm1_leg_over_torso_p50"": 1.3363199830523573, ""fm1_reasons"": """", ""fm1_shin_verticality_p50"": 0.9997418362803396, ""fm1_sitting_file"": false, ""fm1_sitting_participant"": false, ""fm1_unit"": ""0210@0530"", ""fm1_unit_basis"": ""none"", ""fm2_in_frame_and_valid_frac"": 0.9985074626865672, ""fm2_pass_frac_round3_joints_only"": 0.9992537313432835, ""fm2_smplh_valid_frac"": 1.0, ""fm2_surface_correction_px_p50"": 29.82326400453894, ""fm2_vertex_worst_inset_min_px"": -47.775111579361806, ""fm2_violation_run_max_frames"": 6.0, ""fm2_violation_runs"": 7.0, ""fm2_windowed_pass_frac"": 0.9230769230769231, ""fm3_static_frac"": 0.5992537313432836, ""observed_duration_s"": 402.0, ""reproj_px_p50"": 38.07329407271367, ""reproj_shoulder_widths_p50"": 0.11567318631850862, ""round3_gallery_group"": ""flagged_fm2_framing"", ""unit_files"": 2.0, ""unit_flagged_frac"": 0.0, ""unit_hip_flexion_min"": 153.51438158796128, ""unit_knee_between_min"": 0.5299121879250179}",render
r4_086,recheck_pass_086_V00_S0598_I00000480_P0641_f0000261,V00_S0598_I00000480_P0641,naturalistic/train/0017/0021/V00_S0598_I00000480_P0641,naturalistic/train/0017/0002/V00_S0598_I00000480_P0047,recheck_pass,recheck,naturalistic,261,V00,naturalistic,train,ipc_conversation,shown in Round 3 as pass_naturalistic; re-judged under the Round-4 detectors,"{""clip_anchored_on_fm2_violation"": false, ""flag_count"": 0, ""flags_fired"": """", ""fm1_hip_flexion_deg_p50"": 151.51267254352067, ""fm1_knee_between_torso_p50"": 0.532487797775383, ""fm1_leg_over_torso_p50"": 1.4452133364418287, ""fm1_reasons"": """", ""fm1_shin_verticality_p50"": 0.9814905835328374, ""fm1_sitting_file"": false, ""fm1_sitting_participant"": false, ""fm1_unit"": ""0641@0598"", ""fm1_unit_basis"": ""none"", ""fm2_in_frame_and_valid_frac"": 0.9978395061728395, ""fm2_pass_frac_round3_joints_only"": 1.0, ""fm2_smplh_valid_frac"": 1.0, ""fm2_surface_correction_px_p50"": 34.66237671802344, ""fm2_vertex_worst_inset_min_px"": -11.290864841397024, ""fm2_violation_run_max_frames"": 1.0, ""fm2_violation_runs"": 7.0, ""fm2_windowed_pass_frac"": 1.0, ""fm3_static_frac"": 0.3506172839506173, ""observed_duration_s"": 108.0, ""reproj_px_p50"": 34.5713848633087, ""reproj_shoulder_widths_p50"": 0.09615993046284864, ""round3_gallery_group"": ""pass_naturalistic"", ""unit_files"": 3.0, ""unit_flagged_frac"": 0.0, ""unit_hip_flexion_min"": 151.02986924396137, ""unit_knee_between_min"": 0.5168203537932101}",render
r4_087,recheck_pass_087_V00_S2089_I00001167_P1281A_f0001272,V00_S2089_I00001167_P1281A,improvised/dev/0000/0017/V00_S2089_I00001167_P1281A,improvised/dev/0000/0039/V00_S2089_I00001167_P1346A,recheck_pass,recheck,improvised,1272,V00,improvised,dev,ipc_conversation,shown in Round 3 as pass_improvised; re-judged under the Round-4 detectors,"{""clip_anchored_on_fm2_violation"": false, ""flag_count"": 0, ""flags_fired"": """", ""fm1_hip_flexion_deg_p50"": 129.29547654225252, ""fm1_knee_between_torso_p50"": 0.49135359928229283, ""fm1_leg_over_torso_p50"": 1.1469459924940508, ""fm1_reasons"": """", ""fm1_shin_verticality_p50"": 0.9980525949112048, ""fm1_sitting_file"": false, ""fm1_sitting_participant"": false, ""fm1_unit"": ""1281A@2089"", ""fm1_unit_basis"": ""none"", ""fm2_in_frame_and_valid_frac"": 1.0, ""fm2_pass_frac_round3_joints_only"": 1.0, ""fm2_smplh_valid_frac"": 1.0, ""fm2_surface_correction_px_p50"": 42.65428818786472, ""fm2_vertex_worst_inset_min_px"": 63.398320549124264, ""fm2_violation_run_max_frames"": 0.0, ""fm2_violation_runs"": 0.0, ""fm2_windowed_pass_frac"": 1.0, ""fm3_static_frac"": 0.06691176470588235, ""observed_duration_s"": 136.0, ""reproj_px_p50"": 16.231746204484892, ""reproj_shoulder_widths_p50"": 0.04525952304249739, ""round3_gallery_group"": ""pass_improvised"", ""unit_files"": 1.0, ""unit_flagged_frac"": 0.0, ""unit_hip_flexion_min"": 129.29547654225252, ""unit_knee_between_min"": 0.49135359928229283}",render
r4_088,recheck_pass_088_V00_S0164_I00000377_P0027A_f0003127,V00_S0164_I00000377_P0027A,improvised/train/0003/0034/V00_S0164_I00000377_P0027A,improvised/train/0003/0020/V00_S0164_I00000377_P0234,recheck_pass,recheck,improvised,3127,V00,improvised,train,ipc_conversation,shown in Round 3 as flagged_fm4_mutual_silence; re-judged under the Round-4 detectors,"{""clip_anchored_on_fm2_violation"": false, ""flag_count"": 0, ""flags_fired"": """", ""fm1_hip_flexion_deg_p50"": 143.78173833368777, ""fm1_knee_between_torso_p50"": 0.5043565055815016, ""fm1_leg_over_torso_p50"": 1.4336409784351924, ""fm1_reasons"": """", ""fm1_shin_verticality_p50"": 0.9942070445503987, ""fm1_sitting_file"": false, ""fm1_sitting_participant"": false, ""fm1_unit"": ""0027A@0164"", ""fm1_unit_basis"": ""none"", ""fm2_in_frame_and_valid_frac"": 1.0, ""fm2_pass_frac_round3_joints_only"": 1.0, ""fm2_smplh_valid_frac"": 1.0, ""fm2_surface_correction_px_p50"": 38.33882221099293, ""fm2_vertex_worst_inset_min_px"": 174.33476503399652, ""fm2_violation_run_max_frames"": 0.0, ""fm2_violation_runs"": 0.0, ""fm2_windowed_pass_frac"": 1.0, ""fm3_static_frac"": 0.1350210970464135, ""observed_duration_s"": 158.0, ""reproj_px_p50"": 16.963853640555307, ""reproj_shoulder_widths_p50"": 0.056709553594703296, ""round3_gallery_group"": ""flagged_fm4_mutual_silence"", ""unit_files"": 1.0, ""unit_flagged_frac"": 0.0, ""unit_hip_flexion_min"": 143.78173833368777, ""unit_knee_between_min"": 0.5043565055815016}",render
r4_089,recheck_pass_089_V00_S0310_I00000135_P0417_f0001551,V00_S0310_I00000135_P0417,naturalistic/train/0007/0025/V00_S0310_I00000135_P0417,naturalistic/train/0007/0002/V00_S0310_I00000135_P0042,recheck_pass,recheck,naturalistic,1551,V00,naturalistic,train,collaborative_storytelling,shown in Round 3 as flagged_fm4_mutual_silence; re-judged under the Round-4 detectors,"{""clip_anchored_on_fm2_violation"": false, ""flag_count"": 0, ""flags_fired"": """", ""fm1_hip_flexion_deg_p50"": 151.5842682182531, ""fm1_knee_between_torso_p50"": 0.6209630834541788, ""fm1_leg_over_torso_p50"": 1.0361315306421945, ""fm1_reasons"": """", ""fm1_shin_verticality_p50"": 0.9991330630859093, ""fm1_sitting_file"": false, ""fm1_sitting_participant"": false, ""fm1_unit"": ""0417@0310"", ""fm1_unit_basis"": ""none"", ""fm2_in_frame_and_valid_frac"": 0.8239035087719299, ""fm2_pass_frac_round3_joints_only"": 1.0, ""fm2_smplh_valid_frac"": 1.0, ""fm2_surface_correction_px_p50"": 41.33743939037197, ""fm2_vertex_worst_inset_min_px"": -29.49176309095901, ""fm2_violation_run_max_frames"": 431.0, ""fm2_violation_runs"": 27.0, ""fm2_windowed_pass_frac"": 1.0, ""fm3_static_frac"": 0.11513157894736842, ""observed_duration_s"": 152.0, ""reproj_px_p50"": 42.96604750768205, ""reproj_shoulder_widths_p50"": 0.11803890073948711, ""round3_gallery_group"": ""flagged_fm4_mutual_silence"", ""unit_files"": 4.0, ""unit_flagged_frac"": 0.0, ""unit_hip_flexion_min"": 145.08962894053383, ""unit_knee_between_min"": 0.5456779592561491}",render
r4_090,recheck_pass_090_V00_S0427_I00000478_P0210_f0000690,V00_S0427_I00000478_P0210,naturalistic/train/0011/0037/V00_S0427_I00000478_P0210,naturalistic/train/0011/0025/V00_S0427_I00000478_P0560,recheck_pass,recheck,naturalistic,690,V00,naturalistic,train,ipc_conversation,shown in Round 3 as pass_naturalistic; re-judged under the Round-4 detectors,"{""clip_anchored_on_fm2_violation"": false, ""flag_count"": 0, ""flags_fired"": """", ""fm1_hip_flexion_deg_p50"": 156.79827255008854, ""fm1_knee_between_torso_p50"": 0.5651598804866439, ""fm1_leg_over_torso_p50"": 1.252332736909627, ""fm1_reasons"": """", ""fm1_shin_verticality_p50"": 0.9914543214980939, ""fm1_sitting_file"": false, ""fm1_sitting_participant"": false, ""fm1_unit"": ""0210@0427"", ""fm1_unit_basis"": ""none"", ""fm2_in_frame_and_valid_frac"": 0.6807511737089202, ""fm2_pass_frac_round3_joints_only"": 1.0, ""fm2_smplh_valid_frac"": 1.0, ""fm2_surface_correction_px_p50"": 36.599583668347464, ""fm2_vertex_worst_inset_min_px"": -14.457398757033161, ""fm2_violation_run_max_frames"": 45.0, ""fm2_violation_runs"": 382.0, ""fm2_windowed_pass_frac"": 1.0, ""fm3_static_frac"": 0.67981220657277, ""observed_duration_s"": 142.0, ""reproj_px_p50"": 51.80569239534694, ""reproj_shoulder_widths_p50"": 0.14167764229256574, ""round3_gallery_group"": ""pass_naturalistic"", ""unit_files"": 4.0, ""unit_flagged_frac"": 0.0, ""unit_hip_flexion_min"": 149.94419273927716, ""unit_knee_between_min"": 0.5446235676427659}",render
r4_091,recheck_fm1_sitting_091_V00_S0555_I00000134_P0698_f0000565,V00_S0555_I00000134_P0698,naturalistic/train/0015/0023/V00_S0555_I00000134_P0698,naturalistic/train/0015/0030/V00_S0555_I00000134_P0699,recheck_fm1_sitting,recheck,naturalistic,565,V00,naturalistic,train,ipc_conversation,shown in Round 3 as flagged_fm1_sitting; re-judged under the Round-4 detectors,"{""clip_anchored_on_fm2_violation"": false, ""flag_count"": 1, ""flags_fired"": ""fm1_sitting"", ""fm1_hip_flexion_deg_p50"": 102.00759733797726, ""fm1_knee_between_torso_p50"": 0.2946516690513367, ""fm1_leg_over_torso_p50"": 1.471647574892495, ""fm1_reasons"": ""knee_between"", ""fm1_shin_verticality_p50"": 0.999013810108271, ""fm1_sitting_file"": true, ""fm1_sitting_participant"": true, ""fm1_unit"": ""0698@0555"", ""fm1_unit_basis"": ""majority"", ""fm2_in_frame_and_valid_frac"": 1.0, ""fm2_pass_frac_round3_joints_only"": 1.0, ""fm2_smplh_valid_frac"": 1.0, ""fm2_surface_correction_px_p50"": 25.830831613072405, ""fm2_vertex_worst_inset_min_px"": 183.03086199486825, ""fm2_violation_run_max_frames"": 0.0, ""fm2_violation_runs"": 0.0, ""fm2_windowed_pass_frac"": 1.0, ""fm3_static_frac"": 0.24053030303030304, ""observed_duration_s"": 264.0, ""reproj_px_p50"": 26.632514843670403, ""reproj_shoulder_widths_p50"": 0.08452435700219187, ""round3_gallery_group"": ""flagged_fm1_sitting"", ""unit_files"": 3.0, ""unit_flagged_frac"": 1.0, ""unit_hip_flexion_min"": 99.70783779325136, ""unit_knee_between_min"": 0.2751632963639708}",render
r4_092,recheck_pass_092_V00_S1953_I00001098_P0196A_f0004163,V00_S1953_I00001098_P0196A,improvised/train/0047/0015/V00_S1953_I00001098_P0196A,improvised/train/0047/0033/V00_S1953_I00001098_P1151A,recheck_pass,recheck,improvised,4163,V00,improvised,train,ipc_conversation,shown in Round 3 as pass_improvised; re-judged under the Round-4 detectors,"{""clip_anchored_on_fm2_violation"": false, ""flag_count"": 0, ""flags_fired"": """", ""fm1_hip_flexion_deg_p50"": 128.32014930590577, ""fm1_knee_between_torso_p50"": 0.5634931005779436, ""fm1_leg_over_torso_p50"": 0.9553403406039249, ""fm1_reasons"": """", ""fm1_shin_verticality_p50"": 0.9994060012290674, ""fm1_sitting_file"": false, ""fm1_sitting_participant"": false, ""fm1_unit"": ""0196A@1953"", ""fm1_unit_basis"": ""none"", ""fm2_in_frame_and_valid_frac"": 1.0, ""fm2_pass_frac_round3_joints_only"": 1.0, ""fm2_smplh_valid_frac"": 1.0, ""fm2_surface_correction_px_p50"": 94.72796388989457, ""fm2_vertex_worst_inset_min_px"": 93.47677937347373, ""fm2_violation_run_max_frames"": 0.0, ""fm2_violation_runs"": 0.0, ""fm2_windowed_pass_frac"": 1.0, ""fm3_static_frac"": 0.6119205298013245, ""observed_duration_s"": 302.0, ""reproj_px_p50"": 17.434636278078145, ""reproj_shoulder_widths_p50"": 0.051916789915901124, ""round3_gallery_group"": ""pass_improvised"", ""unit_files"": 1.0, ""unit_flagged_frac"": 0.0, ""unit_hip_flexion_min"": 128.32014930590577, ""unit_knee_between_min"": 0.5634931005779436}",render
r4_093,recheck_pass_093_V00_S1551_I00001094_P0921A_f0006015,V00_S1551_I00001094_P0921A,improvised/train/0037/0060/V00_S1551_I00001094_P0921A,improvised/train/0037/0044/V00_S1551_I00001094_P0799A,recheck_pass,recheck,improvised,6015,V00,improvised,train,ipc_conversation,shown in Round 3 as pass_improvised; re-judged under the Round-4 detectors,"{""clip_anchored_on_fm2_violation"": false, ""flag_count"": 0, ""flags_fired"": """", ""fm1_hip_flexion_deg_p50"": 135.6717211027796, ""fm1_knee_between_torso_p50"": 0.4858889070294536, ""fm1_leg_over_torso_p50"": 1.3513951944944982, ""fm1_reasons"": """", ""fm1_shin_verticality_p50"": 0.9996349693433519, ""fm1_sitting_file"": false, ""fm1_sitting_participant"": false, ""fm1_unit"": ""0921A@1551"", ""fm1_unit_basis"": ""none"", ""fm2_in_frame_and_valid_frac"": 1.0, ""fm2_pass_frac_round3_joints_only"": 1.0, ""fm2_smplh_valid_frac"": 1.0, ""fm2_surface_correction_px_p50"": 27.312767488990403, ""fm2_vertex_worst_inset_min_px"": 88.52525379256963, ""fm2_violation_run_max_frames"": 0.0, ""fm2_violation_runs"": 0.0, ""fm2_windowed_pass_frac"": 1.0, ""fm3_static_frac"": 0.06434343434343434, ""observed_duration_s"": 330.0, ""reproj_px_p50"": 25.310177927555355, ""reproj_shoulder_widths_p50"": 0.08797680159975017, ""round3_gallery_group"": ""pass_improvised"", ""unit_files"": 1.0, ""unit_flagged_frac"": 0.0, ""unit_hip_flexion_min"": 135.6717211027796, ""unit_knee_between_min"": 0.4858889070294536}",render
r4_094,recheck_fm3_static_hands_094_V00_S0238_I00000542_P0316_f0002273,V00_S0238_I00000542_P0316,improvised/train/0005/0028/V00_S0238_I00000542_P0316,improvised/train/0005/0039/V00_S0238_I00000542_P0150A,recheck_fm3_static_hands,recheck,improvised,2273,V00,improvised,train,ipc_conversation,shown in Round 3 as flagged_multi; re-judged under the Round-4 detectors,"{""clip_anchored_on_fm2_violation"": false, ""flag_count"": 1, ""flags_fired"": ""fm3_static_hands"", ""fm1_hip_flexion_deg_p50"": 137.5779691505623, ""fm1_knee_between_torso_p50"": 0.5252747390661029, ""fm1_leg_over_torso_p50"": 1.1904318807223415, ""fm1_reasons"": """", ""fm1_shin_verticality_p50"": 0.9999999999999759, ""fm1_sitting_file"": false, ""fm1_sitting_participant"": false, ""fm1_unit"": ""0316@0238"", ""fm1_unit_basis"": ""none"", ""fm2_in_frame_and_valid_frac"": 1.0, ""fm2_pass_frac_round3_joints_only"": 1.0, ""fm2_smplh_valid_frac"": 1.0, ""fm2_surface_correction_px_p50"": 41.821032429604315, ""fm2_vertex_worst_inset_min_px"": 35.34869730380933, ""fm2_violation_run_max_frames"": 0.0, ""fm2_violation_runs"": 0.0, ""fm2_windowed_pass_frac"": 1.0, ""fm3_static_frac"": 0.7763440860215054, ""observed_duration_s"": 124.0, ""reproj_px_p50"": 49.628411791789205, ""reproj_shoulder_widths_p50"": 0.14176685792345095, ""round3_gallery_group"": ""flagged_multi"", ""unit_files"": 3.0, ""unit_flagged_frac"": 0.0, ""unit_hip_flexion_min"": 137.5779691505623, ""unit_knee_between_min"": 0.5252747390661029}",render
r4_095,recheck_pass_095_V00_S0310_I00000374_P0417_f0002798,V00_S0310_I00000374_P0417,naturalistic/train/0007/0034/V00_S0310_I00000374_P0417,naturalistic/train/0007/0023/V00_S0310_I00000374_P0042,recheck_pass,recheck,naturalistic,2798,V00,naturalistic,train,ipc_conversation,shown in Round 3 as flagged_fm4_mutual_silence; re-judged under the Round-4 detectors,"{""clip_anchored_on_fm2_violation"": false, ""flag_count"": 0, ""flags_fired"": """", ""fm1_hip_flexion_deg_p50"": 148.70254503328664, ""fm1_knee_between_torso_p50"": 0.6329116516434317, ""fm1_leg_over_torso_p50"": 1.002086361472875, ""fm1_reasons"": """", ""fm1_shin_verticality_p50"": 0.9962405732028216, ""fm1_sitting_file"": false, ""fm1_sitting_participant"": false, ""fm1_unit"": ""0417@0310"", ""fm1_unit_basis"": ""none"", ""fm2_in_frame_and_valid_frac"": 0.9994252873563219, ""fm2_pass_frac_round3_joints_only"": 1.0, ""fm2_smplh_valid_frac"": 1.0, ""fm2_surface_correction_px_p50"": 42.0565560530971, ""fm2_vertex_worst_inset_min_px"": -3.03213546865436, ""fm2_violation_run_max_frames"": 1.0, ""fm2_violation_runs"": 3.0, ""fm2_windowed_pass_frac"": 1.0, ""fm3_static_frac"": 0.1735632183908046, ""observed_duration_s"": 174.0, ""reproj_px_p50"": 44.722865136011954, ""reproj_shoulder_widths_p50"": 0.12116166771086889, ""round3_gallery_group"": ""flagged_fm4_mutual_silence"", ""unit_files"": 4.0, ""unit_flagged_frac"": 0.0, ""unit_hip_flexion_min"": 145.08962894053383, ""unit_knee_between_min"": 0.5456779592561491}",render
r4_096,recheck_pass_096_V00_S0331_I00000477_P0447_f0000900,V00_S0331_I00000477_P0447,naturalistic/train/0008/0005/V00_S0331_I00000477_P0447,naturalistic/train/0008/0026/V00_S0331_I00000477_P0193,recheck_pass,recheck,naturalistic,900,V00,naturalistic,train,ipc_conversation,shown in Round 3 as flagged_fm4_mutual_silence; re-judged under the Round-4 detectors,"{""clip_anchored_on_fm2_violation"": false, ""flag_count"": 0, ""flags_fired"": """", ""fm1_hip_flexion_deg_p50"": 150.30271652268834, ""fm1_knee_between_torso_p50"": 0.5502642185011877, ""fm1_leg_over_torso_p50"": 1.2413941548729093, ""fm1_reasons"": """", ""fm1_shin_verticality_p50"": 0.9996144246402601, ""fm1_sitting_file"": false, ""fm1_sitting_participant"": false, ""fm1_unit"": ""0447@0331"", ""fm1_unit_basis"": ""none"", ""fm2_in_frame_and_valid_frac"": 0.9983606557377049, ""fm2_pass_frac_round3_joints_only"": 1.0, ""fm2_smplh_valid_frac"": 1.0, ""fm2_surface_correction_px_p50"": 38.56210560303259, ""fm2_vertex_worst_inset_min_px"": 0.8315253337839295, ""fm2_violation_run_max_frames"": 4.0, ""fm2_violation_runs"": 2.0, ""fm2_windowed_pass_frac"": 1.0, ""fm3_static_frac"": 0.6177595628415301, ""observed_duration_s"": 122.0, ""reproj_px_p50"": 47.29477538784809, ""reproj_shoulder_widths_p50"": 0.12983301518739465, ""round3_gallery_group"": ""flagged_fm4_mutual_silence"", ""unit_files"": 2.0, ""unit_flagged_frac"": 0.0, ""unit_hip_flexion_min"": 150.30271652268834, ""unit_knee_between_min"": 0.5502642185011877}",render
r4_097,recheck_pass_097_V00_S0581_I00000135_P0732_f0002517,V00_S0581_I00000135_P0732,naturalistic/train/0016/0037/V00_S0581_I00000135_P0732,naturalistic/train/0016/0001/V00_S0581_I00000135_P0731,recheck_pass,recheck,naturalistic,2517,V00,naturalistic,train,collaborative_storytelling,shown in Round 3 as flagged_fm1_sitting; re-judged under the Round-4 detectors,"{""clip_anchored_on_fm2_violation"": false, ""flag_count"": 0, ""flags_fired"": """", ""fm1_hip_flexion_deg_p50"": 141.58303656351015, ""fm1_knee_between_torso_p50"": 0.613338458904909, ""fm1_leg_over_torso_p50"": 0.8397588338581821, ""fm1_reasons"": """", ""fm1_shin_verticality_p50"": 0.9992009552934455, ""fm1_sitting_file"": false, ""fm1_sitting_participant"": false, ""fm1_unit"": ""0732@0581"", ""fm1_unit_basis"": ""none"", ""fm2_in_frame_and_valid_frac"": 1.0, ""fm2_pass_frac_round3_joints_only"": 1.0, ""fm2_smplh_valid_frac"": 1.0, ""fm2_surface_correction_px_p50"": 53.234803280300184, ""fm2_vertex_worst_inset_min_px"": 1.9814154092857734, ""fm2_violation_run_max_frames"": 0.0, ""fm2_violation_runs"": 0.0, ""fm2_windowed_pass_frac"": 1.0, ""fm3_static_frac"": 0.635593220338983, ""observed_duration_s"": 118.0, ""reproj_px_p50"": 53.9319570520433, ""reproj_shoulder_widths_p50"": 0.13674232248379492, ""round3_gallery_group"": ""flagged_fm1_sitting"", ""unit_files"": 3.0, ""unit_flagged_frac"": 0.0, ""unit_hip_flexion_min"": 141.58303656351015, ""unit_knee_between_min"": 0.613338458904909}",render
r4_098,recheck_fm2_smplh_invalid_098_V00_S0842_I00000861_P0092_f0000815,V00_S0842_I00000861_P0092,improvised/train/0017/0047/V00_S0842_I00000861_P0092,improvised/train/0017/0027/V00_S0842_I00000861_P0185,recheck_fm2_smplh_invalid,recheck,improvised,815,V00,improvised,train,ipc_conversation,shown in Round 3 as flagged_fm2_framing; re-judged under the Round-4 detectors,"{""clip_anchored_on_fm2_violation"": true, ""flag_count"": 1, ""flags_fired"": ""fm2_smplh_invalid"", ""fm1_hip_flexion_deg_p50"": 156.0516396472517, ""fm1_knee_between_torso_p50"": 0.5988017170154911, ""fm1_leg_over_torso_p50"": 1.074219692343417, ""fm1_reasons"": """", ""fm1_shin_verticality_p50"": 0.9996144206527183, ""fm1_sitting_file"": false, ""fm1_sitting_participant"": false, ""fm1_unit"": ""0092@0842"", ""fm1_unit_basis"": ""none"", ""fm2_in_frame_and_valid_frac"": 0.9625827814569536, ""fm2_pass_frac_round3_joints_only"": 0.9634657836644591, ""fm2_smplh_valid_frac"": 0.9846578366445916, ""fm2_surface_correction_px_p50"": 40.76381667679209, ""fm2_vertex_worst_inset_min_px"": -612.7490695626293, ""fm2_violation_run_max_frames"": 150.0, ""fm2_violation_runs"": 10.0, ""fm2_windowed_pass_frac"": 0.5, ""fm3_static_frac"": 0.001555728414268252, ""observed_duration_s"": 302.0, ""reproj_px_p50"": 18.026553677619734, ""reproj_shoulder_widths_p50"": 0.05127598729723534, ""round3_gallery_group"": ""flagged_fm2_framing"", ""unit_files"": 2.0, ""unit_flagged_frac"": 0.0, ""unit_hip_flexion_min"": 156.0516396472517, ""unit_knee_between_min"": 0.577149863480681}",render
r4_099,recheck_pass_099_V00_S0880_I00000487_P0967_f0002690,V00_S0880_I00000487_P0967,naturalistic/train/0023/0020/V00_S0880_I00000487_P0967,naturalistic/train/0023/0019/V00_S0880_I00000487_P0658A,recheck_pass,recheck,naturalistic,2690,V00,naturalistic,train,ipc_conversation,shown in Round 3 as flagged_fm2_framing; re-judged under the Round-4 detectors,"{""clip_anchored_on_fm2_violation"": false, ""flag_count"": 0, ""flags_fired"": """", ""fm1_hip_flexion_deg_p50"": 158.24145876855866, ""fm1_knee_between_torso_p50"": 0.5576044950068321, ""fm1_leg_over_torso_p50"": 1.2599908698285907, ""fm1_reasons"": """", ""fm1_shin_verticality_p50"": 0.99875233363487, ""fm1_sitting_file"": false, ""fm1_sitting_participant"": false, ""fm1_unit"": ""0967@0880"", ""fm1_unit_basis"": ""none"", ""fm2_in_frame_and_valid_frac"": 0.9969806763285024, ""fm2_pass_frac_round3_joints_only"": 0.9984299516908213, ""fm2_smplh_valid_frac"": 1.0, ""fm2_surface_correction_px_p50"": 31.583728330822282, ""fm2_vertex_worst_inset_min_px"": -34.36898215361862, ""fm2_violation_run_max_frames"": 7.0, ""fm2_violation_runs"": 10.0, ""fm2_windowed_pass_frac"": 0.8888888888888888, ""fm3_static_frac"": 0.3033816425120773, ""observed_duration_s"": 276.0, ""reproj_px_p50"": 12.02037440738604, ""reproj_shoulder_widths_p50"": 0.03954015906737299, ""round3_gallery_group"": ""flagged_fm2_framing"", ""unit_files"": 4.0, ""unit_flagged_frac"": 0.0, ""unit_hip_flexion_min"": 151.68930689620692, ""unit_knee_between_min"": 0.557351124445991}",render
r4_100,recheck_pass_100_V00_S0981_I00000527_P0845A_f0003597,V00_S0981_I00000527_P0845A,improvised/train/0020/0031/V00_S0981_I00000527_P0845A,improvised/train/0020/0034/V00_S0981_I00000527_P1049,recheck_pass,recheck,improvised,3597,V00,improvised,train,grounded_gesture,shown in Round 3 as flagged_fm4_mutual_silence; re-judged under the Round-4 detectors,"{""clip_anchored_on_fm2_violation"": false, ""flag_count"": 0, ""flags_fired"": """", ""fm1_hip_flexion_deg_p50"": 161.74342145944115, ""fm1_knee_between_torso_p50"": 0.574011341410737, ""fm1_leg_over_torso_p50"": 1.278622315970667, ""fm1_reasons"": """", ""fm1_shin_verticality_p50"": 0.9996349691030348, ""fm1_sitting_file"": false, ""fm1_sitting_participant"": false, ""fm1_unit"": ""0845A@0981"", ""fm1_unit_basis"": ""none"", ""fm2_in_frame_and_valid_frac"": 1.0, ""fm2_pass_frac_round3_joints_only"": 1.0, ""fm2_smplh_valid_frac"": 1.0, ""fm2_surface_correction_px_p50"": 37.14236238103865, ""fm2_vertex_worst_inset_min_px"": 53.30904269754711, ""fm2_violation_run_max_frames"": 0.0, ""fm2_violation_runs"": 0.0, ""fm2_windowed_pass_frac"": 1.0, ""fm3_static_frac"": 0.5606060606060606, ""observed_duration_s"": 176.0, ""reproj_px_p50"": 23.678902170585573, ""reproj_shoulder_widths_p50"": 0.07990553849850718, ""round3_gallery_group"": ""flagged_fm4_mutual_silence"", ""unit_files"": 2.0, ""unit_flagged_frac"": 0.0, ""unit_hip_flexion_min"": 161.74342145944115, ""unit_knee_between_min"": 0.574011341410737}",render
r4_101,recheck_pass_101_V00_S1463_I00000421_P0556_f0002487,V00_S1463_I00000421_P0556,naturalistic/train/0027/0043/V00_S1463_I00000421_P0556,naturalistic/train/0027/0047/V00_S1463_I00000421_P0758,recheck_pass,recheck,naturalistic,2487,V00,naturalistic,train,ipc_conversation,shown in Round 3 as pass_naturalistic; re-judged under the Round-4 detectors,"{""clip_anchored_on_fm2_violation"": false, ""flag_count"": 0, ""flags_fired"": """", ""fm1_hip_flexion_deg_p50"": 156.89755082278015, ""fm1_knee_between_torso_p50"": 0.5562985453928835, ""fm1_leg_over_torso_p50"": 1.3566260095155271, ""fm1_reasons"": """", ""fm1_shin_verticality_p50"": 0.9963466778350685, ""fm1_sitting_file"": false, ""fm1_sitting_participant"": false, ""fm1_unit"": ""0556@1463"", ""fm1_unit_basis"": ""none"", ""fm2_in_frame_and_valid_frac"": 1.0, ""fm2_pass_frac_round3_joints_only"": 1.0, ""fm2_smplh_valid_frac"": 1.0, ""fm2_surface_correction_px_p50"": 30.367595575124597, ""fm2_vertex_worst_inset_min_px"": 75.4269318010248, ""fm2_violation_run_max_frames"": 0.0, ""fm2_violation_runs"": 0.0, ""fm2_windowed_pass_frac"": 1.0, ""fm3_static_frac"": 0.7233739837398374, ""observed_duration_s"": 164.0, ""reproj_px_p50"": 27.692122552147445, ""reproj_shoulder_widths_p50"": 0.09698809829225313, ""round3_gallery_group"": ""pass_naturalistic"", ""unit_files"": 1.0, ""unit_flagged_frac"": 0.0, ""unit_hip_flexion_min"": 156.89755082278015, ""unit_knee_between_min"": 0.5562985453928835}",render
r4_102,recheck_fm3_static_hands_102_V00_S1866_I00000680_P0861A_f0005321,V00_S1866_I00000680_P0861A,improvised/train/0046/0061/V00_S1866_I00000680_P0861A,improvised/train/0046/0066/V00_S1866_I00000680_P0027A,recheck_fm3_static_hands,recheck,improvised,5321,V00,improvised,train,ipc_conversation,shown in Round 3 as flagged_fm3_static_hands; re-judged under the Round-4 detectors,"{""clip_anchored_on_fm2_violation"": false, ""flag_count"": 1, ""flags_fired"": ""fm3_static_hands"", ""fm1_hip_flexion_deg_p50"": 169.38600423323692, ""fm1_knee_between_torso_p50"": 0.543088829689334, ""fm1_leg_over_torso_p50"": 1.64346877267007, ""fm1_reasons"": """", ""fm1_shin_verticality_p50"": 0.9997830572822617, ""fm1_sitting_file"": false, ""fm1_sitting_participant"": false, ""fm1_unit"": ""0861A@1866"", ""fm1_unit_basis"": ""none"", ""fm2_in_frame_and_valid_frac"": 1.0, ""fm2_pass_frac_round3_joints_only"": 1.0, ""fm2_smplh_valid_frac"": 1.0, ""fm2_surface_correction_px_p50"": 22.211960191784897, ""fm2_vertex_worst_inset_min_px"": 150.46325880084078, ""fm2_violation_run_max_frames"": 0.0, ""fm2_violation_runs"": 0.0, ""fm2_windowed_pass_frac"": 1.0, ""fm3_static_frac"": 0.8431434599156118, ""observed_duration_s"": 316.0, ""reproj_px_p50"": 16.99614858231774, ""reproj_shoulder_widths_p50"": 0.05930922946059365, ""round3_gallery_group"": ""flagged_fm3_static_hands"", ""unit_files"": 2.0, ""unit_flagged_frac"": 0.0, ""unit_hip_flexion_min"": 163.8980958314391, ""unit_knee_between_min"": 0.5353183992945147}",render
r4_103,recheck_pass_103_V00_S0166_I00000537_P0004A_f0003132,V00_S0166_I00000537_P0004A,improvised/train/0003/0000/V00_S0166_I00000537_P0004A,improvised/train/0003/0011/V00_S0166_I00000537_P0011,recheck_pass,recheck,improvised,3132,V00,improvised,train,ipc_conversation,shown in Round 3 as pass_improvised; re-judged under the Round-4 detectors,"{""clip_anchored_on_fm2_violation"": false, ""flag_count"": 0, ""flags_fired"": """", ""fm1_hip_flexion_deg_p50"": 143.61881937514107, ""fm1_knee_between_torso_p50"": 0.5149876638836727, ""fm1_leg_over_torso_p50"": 1.4036864657724513, ""fm1_reasons"": """", ""fm1_shin_verticality_p50"": 0.9963466580487035, ""fm1_sitting_file"": false, ""fm1_sitting_participant"": false, ""fm1_unit"": ""0004A@0166"", ""fm1_unit_basis"": ""none"", ""fm2_in_frame_and_valid_frac"": 1.0, ""fm2_pass_frac_round3_joints_only"": 1.0, ""fm2_smplh_valid_frac"": 1.0, ""fm2_surface_correction_px_p50"": 39.18710496336075, ""fm2_vertex_worst_inset_min_px"": 60.24689938209394, ""fm2_violation_run_max_frames"": 0.0, ""fm2_violation_runs"": 0.0, ""fm2_windowed_pass_frac"": 1.0, ""fm3_static_frac"": 0.07444444444444444, ""observed_duration_s"": 150.0, ""reproj_px_p50"": 20.198355575034142, ""reproj_shoulder_widths_p50"": 0.06430436369091683, ""round3_gallery_group"": ""pass_improvised"", ""unit_files"": 2.0, ""unit_flagged_frac"": 0.0, ""unit_hip_flexion_min"": 143.61881937514107, ""unit_knee_between_min"": 0.5149876638836727}",render
r4_104,recheck_fm2_smplh_invalid_104_V00_S0721_I00000956_P0359A_f0004416,V00_S0721_I00000956_P0359A,improvised/train/0014/0047/V00_S0721_I00000956_P0359A,improvised/train/0014/0054/V00_S0721_I00000956_P0196A,recheck_fm2_smplh_invalid,recheck,improvised,4416,V00,improvised,train,ipc_conversation,shown in Round 3 as flagged_multi; re-judged under the Round-4 detectors,"{""clip_anchored_on_fm2_violation"": true, ""flag_count"": 1, ""flags_fired"": ""fm2_smplh_invalid"", ""fm1_hip_flexion_deg_p50"": 147.16973795440015, ""fm1_knee_between_torso_p50"": 0.5692155022349971, ""fm1_leg_over_torso_p50"": 1.0571819609855375, ""fm1_reasons"": """", ""fm1_shin_verticality_p50"": 0.9994449113209893, ""fm1_sitting_file"": false, ""fm1_sitting_participant"": false, ""fm1_unit"": ""0359A@0721"", ""fm1_unit_basis"": ""none"", ""fm2_in_frame_and_valid_frac"": 0.6007670850767085, ""fm2_pass_frac_round3_joints_only"": 0.9875174337517434, ""fm2_smplh_valid_frac"": 0.9953974895397489, ""fm2_surface_correction_px_p50"": 46.25633828854063, ""fm2_vertex_worst_inset_min_px"": -162.96344554611926, ""fm2_violation_run_max_frames"": 293.0, ""fm2_violation_runs"": 916.0, ""fm2_windowed_pass_frac"": 0.5333333333333333, ""fm3_static_frac"": 0.02705718270571827, ""observed_duration_s"": 478.0, ""reproj_px_p50"": 52.00916089064354, ""reproj_shoulder_widths_p50"": 0.1314816986361821, ""round3_gallery_group"": ""flagged_multi"", ""unit_files"": 1.0, ""unit_flagged_frac"": 0.0, ""unit_hip_flexion_min"": 147.16973795440015, ""unit_knee_between_min"": 0.5692155022349971}",render
r4_105,recheck_pass_105_V00_S1156_I00001175_P0042A_f0002482,V00_S1156_I00001175_P0042A,improvised/train/0025/0029/V00_S1156_I00001175_P0042A,improvised/train/0025/0022/V00_S1156_I00001175_P0004A,recheck_pass,recheck,improvised,2482,V00,improvised,train,ipc_conversation,shown in Round 3 as pass_improvised; re-judged under the Round-4 detectors,"{""clip_anchored_on_fm2_violation"": false, ""flag_count"": 0, ""flags_fired"": """", ""fm1_hip_flexion_deg_p50"": 158.22088785555968, ""fm1_knee_between_torso_p50"": 0.5510138225265697, ""fm1_leg_over_torso_p50"": 1.4977399024998301, ""fm1_reasons"": """", ""fm1_shin_verticality_p50"": 0.9967290526970471, ""fm1_sitting_file"": false, ""fm1_sitting_participant"": false, ""fm1_unit"": ""0042A@1156"", ""fm1_unit_basis"": ""none"", ""fm2_in_frame_and_valid_frac"": 1.0, ""fm2_pass_frac_round3_joints_only"": 1.0, ""fm2_smplh_valid_frac"": 1.0, ""fm2_surface_correction_px_p50"": 29.544989454088295, ""fm2_vertex_worst_inset_min_px"": 46.279057169756015, ""fm2_violation_run_max_frames"": 0.0, ""fm2_violation_runs"": 0.0, ""fm2_windowed_pass_frac"": 1.0, ""fm3_static_frac"": 0.02142857142857143, ""observed_duration_s"": 210.0, ""reproj_px_p50"": 13.21398712505239, ""reproj_shoulder_widths_p50"": 0.0486895688354462, ""round3_gallery_group"": ""pass_improvised"", ""unit_files"": 2.0, ""unit_flagged_frac"": 0.0, ""unit_hip_flexion_min"": 158.22088785555968, ""unit_knee_between_min"": 0.5510138225265697}",render
r4_106,recheck_fm3_static_hands_106_V00_S1759_I00001045_P1024A_f0005013,V00_S1759_I00001045_P1024A,improvised/train/0043/0041/V00_S1759_I00001045_P1024A,improvised/train/0043/0019/V00_S1759_I00001045_P1099A,recheck_fm3_static_hands,recheck,improvised,5013,V00,improvised,train,ipc_conversation,shown in Round 3 as flagged_fm3_static_hands; re-judged under the Round-4 detectors,"{""clip_anchored_on_fm2_violation"": false, ""flag_count"": 1, ""flags_fired"": ""fm3_static_hands"", ""fm1_hip_flexion_deg_p50"": 160.6388123232011, ""fm1_knee_between_torso_p50"": 0.5385582233533107, ""fm1_leg_over_torso_p50"": 1.4928868092497944, ""fm1_reasons"": """", ""fm1_shin_verticality_p50"": 0.9987523309066497, ""fm1_sitting_file"": false, ""fm1_sitting_participant"": false, ""fm1_unit"": ""1024A@1759"", ""fm1_unit_basis"": ""none"", ""fm2_in_frame_and_valid_frac"": 1.0, ""fm2_pass_frac_round3_joints_only"": 1.0, ""fm2_smplh_valid_frac"": 1.0, ""fm2_surface_correction_px_p50"": 28.318710327248937, ""fm2_vertex_worst_inset_min_px"": 161.7432107029299, ""fm2_violation_run_max_frames"": 0.0, ""fm2_violation_runs"": 0.0, ""fm2_windowed_pass_frac"": 1.0, ""fm3_static_frac"": 0.8607677902621723, ""observed_duration_s"": 356.0, ""reproj_px_p50"": 14.190250491756101, ""reproj_shoulder_widths_p50"": 0.049294951718959756, ""round3_gallery_group"": ""flagged_fm3_static_hands"", ""unit_files"": 1.0, ""unit_flagged_frac"": 0.0, ""unit_hip_flexion_min"": 160.6388123232011, ""unit_knee_between_min"": 0.5385582233533107}",render
r4_107,recheck_pass_107_V00_S0091_I00000480_P0040A_f0002430,V00_S0091_I00000480_P0040A,improvised/train/0001/0015/V00_S0091_I00000480_P0040A,improvised/train/0001/0010/V00_S0091_I00000480_P0132,recheck_pass,recheck,improvised,2430,V00,improvised,train,ipc_conversation,shown in Round 3 as pass_improvised; re-judged under the Round-4 detectors,"{""clip_anchored_on_fm2_violation"": false, ""flag_count"": 0, ""flags_fired"": """", ""fm1_hip_flexion_deg_p50"": 150.2171925203738, ""fm1_knee_between_torso_p50"": 0.5706166772041419, ""fm1_leg_over_torso_p50"": 1.1587452881831892, ""fm1_reasons"": """", ""fm1_shin_verticality_p50"": 0.9982743701575792, ""fm1_sitting_file"": false, ""fm1_sitting_participant"": false, ""fm1_unit"": ""0040A@0091"", ""fm1_unit_basis"": ""none"", ""fm2_in_frame_and_valid_frac"": 0.9993333333333333, ""fm2_pass_frac_round3_joints_only"": 1.0, ""fm2_smplh_valid_frac"": 1.0, ""fm2_surface_correction_px_p50"": 45.31101940336475, ""fm2_vertex_worst_inset_min_px"": 3.8281513038848516, ""fm2_violation_run_max_frames"": 4.0, ""fm2_violation_runs"": 1.0, ""fm2_windowed_pass_frac"": 1.0, ""fm3_static_frac"": 0.7096666666666667, ""observed_duration_s"": 200.0, ""reproj_px_p50"": 16.69352853911722, ""reproj_shoulder_widths_p50"": 0.04633348126672712, ""round3_gallery_group"": ""pass_improvised"", ""unit_files"": 1.0, ""unit_flagged_frac"": 0.0, ""unit_hip_flexion_min"": 150.2171925203738, ""unit_knee_between_min"": 0.5706166772041419}",render
r4_108,recheck_pass_108_V00_S0285_I00000484_P0386_f0003246,V00_S0285_I00000484_P0386,naturalistic/train/0007/0013/V00_S0285_I00000484_P0386,naturalistic/train/0007/0015/V00_S0285_I00000484_P0387,recheck_pass,recheck,naturalistic,3246,V00,naturalistic,train,ipc_conversation,shown in Round 3 as flagged_multi; re-judged under the Round-4 detectors,"{""clip_anchored_on_fm2_violation"": false, ""flag_count"": 0, ""flags_fired"": """", ""fm1_hip_flexion_deg_p50"": 134.17260772245442, ""fm1_knee_between_torso_p50"": 0.5581875635617171, ""fm1_leg_over_torso_p50"": 1.127493136578722, ""fm1_reasons"": """", ""fm1_shin_verticality_p50"": 0.9982743716257492, ""fm1_sitting_file"": false, ""fm1_sitting_participant"": false, ""fm1_unit"": ""0386@0285"", ""fm1_unit_basis"": ""none"", ""fm2_in_frame_and_valid_frac"": 0.9966856060606061, ""fm2_pass_frac_round3_joints_only"": 0.9993371212121213, ""fm2_smplh_valid_frac"": 1.0, ""fm2_surface_correction_px_p50"": 48.64888583863808, ""fm2_vertex_worst_inset_min_px"": -28.971698133047084, ""fm2_violation_run_max_frames"": 8.0, ""fm2_violation_runs"": 24.0, ""fm2_windowed_pass_frac"": 0.9090909090909091, ""fm3_static_frac"": 0.4028409090909091, ""observed_duration_s"": 352.0, ""reproj_px_p50"": 22.011379259396914, ""reproj_shoulder_widths_p50"": 0.06306073953591342, ""round3_gallery_group"": ""flagged_multi"", ""unit_files"": 4.0, ""unit_flagged_frac"": 0.0, ""unit_hip_flexion_min"": 130.30472419267667, ""unit_knee_between_min"": 0.544112171473281}",render
r4_109,recheck_fm2_smplh_invalid_109_V00_S1517_I00000691_P0933A_f0005149,V00_S1517_I00000691_P0933A,improvised/train/0036/0039/V00_S1517_I00000691_P0933A,improvised/train/0036/0039/V00_S1517_I00000691_P0004A,recheck_fm2_smplh_invalid,recheck,improvised,5149,V00,improvised,train,ipc_conversation,shown in Round 3 as flagged_fm2_framing; re-judged under the Round-4 detectors,"{""clip_anchored_on_fm2_violation"": true, ""flag_count"": 1, ""flags_fired"": ""fm2_smplh_invalid"", ""fm1_hip_flexion_deg_p50"": 146.6833928315312, ""fm1_knee_between_torso_p50"": 0.5771644382989969, ""fm1_leg_over_torso_p50"": 1.1119866235212261, ""fm1_reasons"": """", ""fm1_shin_verticality_p50"": 0.9994449044288434, ""fm1_sitting_file"": false, ""fm1_sitting_participant"": false, ""fm1_unit"": ""0933A@1517"", ""fm1_unit_basis"": ""none"", ""fm2_in_frame_and_valid_frac"": 0.9929824561403509, ""fm2_pass_frac_round3_joints_only"": 0.9946271929824562, ""fm2_smplh_valid_frac"": 0.9949561403508772, ""fm2_surface_correction_px_p50"": 36.68802949765916, ""fm2_vertex_worst_inset_min_px"": -59.46276675693673, ""fm2_violation_run_max_frames"": 30.0, ""fm2_violation_runs"": 7.0, ""fm2_windowed_pass_frac"": 0.6, ""fm3_static_frac"": 0.04078947368421053, ""observed_duration_s"": 304.0, ""reproj_px_p50"": 34.22705305650413, ""reproj_shoulder_widths_p50"": 0.11027132247605126, ""round3_gallery_group"": ""flagged_fm2_framing"", ""unit_files"": 1.0, ""unit_flagged_frac"": 0.0, ""unit_hip_flexion_min"": 146.6833928315312, ""unit_knee_between_min"": 0.5771644382989969}",render
r4_110,recheck_pass_110_V00_S1597_I00000723_P0040A_f0002159,V00_S1597_I00000723_P0040A,improvised/train/0038/0064/V00_S1597_I00000723_P0040A,improvised/train/0038/0034/V00_S1597_I00000723_P1149A,recheck_pass,recheck,improvised,2159,V00,improvised,train,ipc_conversation,shown in Round 3 as pass_improvised; re-judged under the Round-4 detectors,"{""clip_anchored_on_fm2_violation"": false, ""flag_count"": 0, ""flags_fired"": """", ""fm1_hip_flexion_deg_p50"": 144.34918949174408, ""fm1_knee_between_torso_p50"": 0.5434834204213945, ""fm1_leg_over_torso_p50"": 1.2012588764998031, ""fm1_reasons"": """", ""fm1_shin_verticality_p50"": 0.9996144225257051, ""fm1_sitting_file"": false, ""fm1_sitting_participant"": false, ""fm1_unit"": ""0040A@1597"", ""fm1_unit_basis"": ""none"", ""fm2_in_frame_and_valid_frac"": 0.9954268292682927, ""fm2_pass_frac_round3_joints_only"": 1.0, ""fm2_smplh_valid_frac"": 1.0, ""fm2_surface_correction_px_p50"": 37.51199452908145, ""fm2_vertex_worst_inset_min_px"": 4.243124134400205, ""fm2_violation_run_max_frames"": 16.0, ""fm2_violation_runs"": 5.0, ""fm2_windowed_pass_frac"": 1.0, ""fm3_static_frac"": 0.4503048780487805, ""observed_duration_s"": 328.0, ""reproj_px_p50"": 29.996313416451322, ""reproj_shoulder_widths_p50"": 0.09664190029872767, ""round3_gallery_group"": ""pass_improvised"", ""unit_files"": 3.0, ""unit_flagged_frac"": 0.0, ""unit_hip_flexion_min"": 144.34918949174408, ""unit_knee_between_min"": 0.5411558644934177}",render
r4_111,recheck_fm2_smplh_invalid_111_V00_S1678_I00001055_P0989A_f0009995,V00_S1678_I00001055_P0989A,improvised/train/0041/0023/V00_S1678_I00001055_P0989A,improvised/train/0041/0024/V00_S1678_I00001055_P0789A,recheck_fm2_smplh_invalid,recheck,improvised,9995,V00,improvised,train,ipc_conversation,shown in Round 3 as flagged_fm2_framing; re-judged under the Round-4 detectors,"{""clip_anchored_on_fm2_violation"": true, ""flag_count"": 1, ""flags_fired"": ""fm2_smplh_invalid"", ""fm1_hip_flexion_deg_p50"": 167.49212754959711, ""fm1_knee_between_torso_p50"": 0.5568367888476311, ""fm1_leg_over_torso_p50"": 1.391457876560492, ""fm1_reasons"": """", ""fm1_shin_verticality_p50"": 0.998812347633572, ""fm1_sitting_file"": false, ""fm1_sitting_participant"": false, ""fm1_unit"": ""0989A@1678"", ""fm1_unit_basis"": ""none"", ""fm2_in_frame_and_valid_frac"": 0.9875, ""fm2_pass_frac_round3_joints_only"": 0.9881205673758865, ""fm2_smplh_valid_frac"": 0.9908687943262411, ""fm2_surface_correction_px_p50"": 26.93778130933015, ""fm2_vertex_worst_inset_min_px"": -212.5996367507796, ""fm2_violation_run_max_frames"": 44.0, ""fm2_violation_runs"": 10.0, ""fm2_windowed_pass_frac"": 0.6666666666666666, ""fm3_static_frac"": 0.18776595744680852, ""observed_duration_s"": 376.0, ""reproj_px_p50"": 30.386432204095563, ""reproj_shoulder_widths_p50"": 0.10911836948030657, ""round3_gallery_group"": ""flagged_fm2_framing"", ""unit_files"": 3.0, ""unit_flagged_frac"": 0.0, ""unit_hip_flexion_min"": 156.57994436222816, ""unit_knee_between_min"": 0.5568367888476311}",render
r4_112,recheck_pass_112_V00_S0483_I00000135_P0250A_f0001092,V00_S0483_I00000135_P0250A,improvised/train/0010/0002/V00_S0483_I00000135_P0250A,improvised/train/0010/0015/V00_S0483_I00000135_P0070,recheck_pass,recheck,improvised,1092,V00,improvised,train,collaborative_storytelling,shown in Round 3 as pass_improvised; re-judged under the Round-4 detectors,"{""clip_anchored_on_fm2_violation"": false, ""flag_count"": 0, ""flags_fired"": """", ""fm1_hip_flexion_deg_p50"": 156.43651513818864, ""fm1_knee_between_torso_p50"": 0.5357940723376493, ""fm1_leg_over_torso_p50"": 1.4490553676168263, ""fm1_reasons"": """", ""fm1_shin_verticality_p50"": 0.9973336956799437, ""fm1_sitting_file"": false, ""fm1_sitting_participant"": false, ""fm1_unit"": ""0250A@0483"", ""fm1_unit_basis"": ""none"", ""fm2_in_frame_and_valid_frac"": 1.0, ""fm2_pass_frac_round3_joints_only"": 1.0, ""fm2_smplh_valid_frac"": 1.0, ""fm2_surface_correction_px_p50"": 36.822766276623156, ""fm2_vertex_worst_inset_min_px"": 130.87589193829535, ""fm2_violation_run_max_frames"": 0.0, ""fm2_violation_runs"": 0.0, ""fm2_windowed_pass_frac"": 1.0, ""fm3_static_frac"": 0.0, ""observed_duration_s"": 116.0, ""reproj_px_p50"": 18.194879578345216, ""reproj_shoulder_widths_p50"": 0.06245371314219435, ""round3_gallery_group"": ""pass_improvised"", ""unit_files"": 3.0, ""unit_flagged_frac"": 0.0, ""unit_hip_flexion_min"": 155.209297416446, ""unit_knee_between_min"": 0.5341414395575987}",render
r4_113,recheck_fm2_smplh_invalid_113_V00_S0532_I00000307_P0557_f0003185,V00_S0532_I00000307_P0557,naturalistic/train/0014/0029/V00_S0532_I00000307_P0557,naturalistic/train/0014/0004/V00_S0532_I00000307_P0679,recheck_fm2_smplh_invalid,recheck,naturalistic,3185,V00,naturalistic,train,ipc_conversation,shown in Round 3 as flagged_fm2_framing; re-judged under the Round-4 detectors,"{""clip_anchored_on_fm2_violation"": true, ""flag_count"": 1, ""flags_fired"": ""fm2_smplh_invalid"", ""fm1_hip_flexion_deg_p50"": 141.68369817850896, ""fm1_knee_between_torso_p50"": 0.5916730520598762, ""fm1_leg_over_torso_p50"": 1.0288194531499646, ""fm1_reasons"": """", ""fm1_shin_verticality_p50"": 0.9994801060406289, ""fm1_sitting_file"": false, ""fm1_sitting_participant"": false, ""fm1_unit"": ""0557@0532"", ""fm1_unit_basis"": ""none"", ""fm2_in_frame_and_valid_frac"": 0.9163333333333333, ""fm2_pass_frac_round3_joints_only"": 0.9458333333333333, ""fm2_smplh_valid_frac"": 0.9731666666666666, ""fm2_surface_correction_px_p50"": 45.89277820422478, ""fm2_vertex_worst_inset_min_px"": -142.60388867253778, ""fm2_violation_run_max_frames"": 66.0, ""fm2_violation_runs"": 47.0, ""fm2_windowed_pass_frac"": 0.16666666666666666, ""fm3_static_frac"": 0.0003333333333333333, ""observed_duration_s"": 200.0, ""reproj_px_p50"": 37.33406971220303, ""reproj_shoulder_widths_p50"": 0.10098802986536837, ""round3_gallery_group"": ""flagged_fm2_framing"", ""unit_files"": 2.0, ""unit_flagged_frac"": 0.0, ""unit_hip_flexion_min"": 137.39330612528946, ""unit_knee_between_min"": 0.5591518208129087}",render
r4_114,recheck_pass_114_V00_S1205_I00001200_P0397A_f0006384,V00_S1205_I00001200_P0397A,improvised/train/0027/0026/V00_S1205_I00001200_P0397A,improvised/train/0027/0008/V00_S1205_I00001200_P0210A,recheck_pass,recheck,improvised,6384,V00,improvised,train,ipc_conversation,shown in Round 3 as pass_improvised; re-judged under the Round-4 detectors,"{""clip_anchored_on_fm2_violation"": false, ""flag_count"": 0, ""flags_fired"": """", ""fm1_hip_flexion_deg_p50"": 134.27533585254525, ""fm1_knee_between_torso_p50"": 0.5621949338028794, ""fm1_leg_over_torso_p50"": 1.0810539870287788, ""fm1_reasons"": """", ""fm1_shin_verticality_p50"": 0.999512082667395, ""fm1_sitting_file"": false, ""fm1_sitting_participant"": false, ""fm1_unit"": ""0397A@1205"", ""fm1_unit_basis"": ""none"", ""fm2_in_frame_and_valid_frac"": 1.0, ""fm2_pass_frac_round3_joints_only"": 1.0, ""fm2_smplh_valid_frac"": 1.0, ""fm2_surface_correction_px_p50"": 34.47742534472829, ""fm2_vertex_worst_inset_min_px"": 98.17420941323746, ""fm2_violation_run_max_frames"": 0.0, ""fm2_violation_runs"": 0.0, ""fm2_windowed_pass_frac"": 1.0, ""fm3_static_frac"": 0.5422690763052209, ""observed_duration_s"": 332.0, ""reproj_px_p50"": 37.09413383562314, ""reproj_shoulder_widths_p50"": 0.11297204003728781, ""round3_gallery_group"": ""pass_improvised"", ""unit_files"": 1.0, ""unit_flagged_frac"": 0.0, ""unit_hip_flexion_min"": 134.27533585254525, ""unit_knee_between_min"": 0.5621949338028794}",render
r4_115,recheck_pass_115_V00_S1426_I00000401_P0460_f0003086,V00_S1426_I00000401_P0460,naturalistic/train/0027/0007/V00_S1426_I00000401_P0460,naturalistic/train/0027/0005/V00_S1426_I00000401_P1135,recheck_pass,recheck,naturalistic,3086,V00,naturalistic,train,ipc_conversation,shown in Round 3 as pass_naturalistic; re-judged under the Round-4 detectors,"{""clip_anchored_on_fm2_violation"": false, ""flag_count"": 0, ""flags_fired"": """", ""fm1_hip_flexion_deg_p50"": 127.78207101800427, ""fm1_knee_between_torso_p50"": 0.4769443409735685, ""fm1_leg_over_torso_p50"": 1.3275863997246768, ""fm1_reasons"": """", ""fm1_shin_verticality_p50"": 0.9997026866083643, ""fm1_sitting_file"": false, ""fm1_sitting_participant"": false, ""fm1_unit"": ""0460@1426"", ""fm1_unit_basis"": ""none"", ""fm2_in_frame_and_valid_frac"": 1.0, ""fm2_pass_frac_round3_joints_only"": 1.0, ""fm2_smplh_valid_frac"": 1.0, ""fm2_surface_correction_px_p50"": 87.98978765477807, ""fm2_vertex_worst_inset_min_px"": 51.78252154012779, ""fm2_violation_run_max_frames"": 0.0, ""fm2_violation_runs"": 0.0, ""fm2_windowed_pass_frac"": 1.0, ""fm3_static_frac"": 0.01634199134199134, ""observed_duration_s"": 308.0, ""reproj_px_p50"": 18.81186804123819, ""reproj_shoulder_widths_p50"": 0.05988787436754679, ""round3_gallery_group"": ""pass_naturalistic"", ""unit_files"": 2.0, ""unit_flagged_frac"": 0.0, ""unit_hip_flexion_min"": 121.16248749080404, ""unit_knee_between_min"": 0.4485453126170166}",render
r4_116,recheck_pass_116_V00_S1929_I00000216_P0409_f0002203,V00_S1929_I00000216_P0409,naturalistic/train/0031/0007/V00_S1929_I00000216_P0409,naturalistic/train/0031/0032/V00_S1929_I00000216_P0775,recheck_pass,recheck,naturalistic,2203,V00,naturalistic,train,ipc_conversation,shown in Round 3 as pass_naturalistic; re-judged under the Round-4 detectors,"{""clip_anchored_on_fm2_violation"": false, ""flag_count"": 0, ""flags_fired"": """", ""fm1_hip_flexion_deg_p50"": 115.79551853998274, ""fm1_knee_between_torso_p50"": 0.43681161067318813, ""fm1_leg_over_torso_p50"": 1.1010818912435005, ""fm1_reasons"": """", ""fm1_shin_verticality_p50"": 0.9979253348190084, ""fm1_sitting_file"": false, ""fm1_sitting_participant"": false, ""fm1_unit"": ""0409@1929"", ""fm1_unit_basis"": ""none"", ""fm2_in_frame_and_valid_frac"": 1.0, ""fm2_pass_frac_round3_joints_only"": 1.0, ""fm2_smplh_valid_frac"": 1.0, ""fm2_surface_correction_px_p50"": 31.59755074431189, ""fm2_vertex_worst_inset_min_px"": 3.9678645026317554, ""fm2_violation_run_max_frames"": 0.0, ""fm2_violation_runs"": 0.0, ""fm2_windowed_pass_frac"": 1.0, ""fm3_static_frac"": 0.5108108108108108, ""observed_duration_s"": 148.0, ""reproj_px_p50"": 20.330439663697426, ""reproj_shoulder_widths_p50"": 0.06655545208358574, ""round3_gallery_group"": ""pass_naturalistic"", ""unit_files"": 1.0, ""unit_flagged_frac"": 0.0, ""unit_hip_flexion_min"": 115.79551853998274, ""unit_knee_between_min"": 0.43681161067318813}",render
r4_117,recheck_pass_117_V00_S0884_I00000375_P0967_f0001392,V00_S0884_I00000375_P0967,improvised/train/0018/0038/V00_S0884_I00000375_P0967,improvised/train/0018/0044/V00_S0884_I00000375_P0028A,recheck_pass,recheck,improvised,1392,V00,improvised,train,ipc_conversation,shown in Round 3 as flagged_fm4_mutual_silence; re-judged under the Round-4 detectors,"{""clip_anchored_on_fm2_violation"": false, ""flag_count"": 0, ""flags_fired"": """", ""fm1_hip_flexion_deg_p50"": 154.4395221427721, ""fm1_knee_between_torso_p50"": 0.5561455587969928, ""fm1_leg_over_torso_p50"": 1.2611249971146452, ""fm1_reasons"": """", ""fm1_shin_verticality_p50"": 0.9984603364174391, ""fm1_sitting_file"": false, ""fm1_sitting_participant"": false, ""fm1_unit"": ""0967@0884"", ""fm1_unit_basis"": ""none"", ""fm2_in_frame_and_valid_frac"": 1.0, ""fm2_pass_frac_round3_joints_only"": 1.0, ""fm2_smplh_valid_frac"": 1.0, ""fm2_surface_correction_px_p50"": 34.60410287943287, ""fm2_vertex_worst_inset_min_px"": 134.45966630969002, ""fm2_violation_run_max_frames"": 0.0, ""fm2_violation_runs"": 0.0, ""fm2_windowed_pass_frac"": 1.0, ""fm3_static_frac"": 0.0009009009009009009, ""observed_duration_s"": 148.0, ""reproj_px_p50"": 11.862838279807484, ""reproj_shoulder_widths_p50"": 0.03831334886120081, ""round3_gallery_group"": ""flagged_fm4_mutual_silence"", ""unit_files"": 1.0, ""unit_flagged_frac"": 0.0, ""unit_hip_flexion_min"": 154.4395221427721, ""unit_knee_between_min"": 0.5561455587969928}",render
r4_118,recheck_fm3_static_hands_118_V00_S0045_I00000125_P0067A_f0002319,V00_S0045_I00000125_P0067A,improvised/train/0000/0005/V00_S0045_I00000125_P0067A,improvised/train/0000/0027/V00_S0045_I00000125_P0068,recheck_fm3_static_hands,recheck,improvised,2319,V00,improvised,train,ipc_conversation,shown in Round 3 as flagged_fm3_static_hands; re-judged under the Round-4 detectors,"{""clip_anchored_on_fm2_violation"": false, ""flag_count"": 1, ""flags_fired"": ""fm3_static_hands"", ""fm1_hip_flexion_deg_p50"": 142.35465436673215, ""fm1_knee_between_torso_p50"": 0.5790553532920333, ""fm1_leg_over_torso_p50"": 1.0773948705773402, ""fm1_reasons"": """", ""fm1_shin_verticality_p50"": 0.9999999999999615, ""fm1_sitting_file"": false, ""fm1_sitting_participant"": false, ""fm1_unit"": ""0067A@0045"", ""fm1_unit_basis"": ""none"", ""fm2_in_frame_and_valid_frac"": 1.0, ""fm2_pass_frac_round3_joints_only"": 1.0, ""fm2_smplh_valid_frac"": 1.0, ""fm2_surface_correction_px_p50"": 43.68094061047714, ""fm2_vertex_worst_inset_min_px"": 134.68570705428147, ""fm2_violation_run_max_frames"": 0.0, ""fm2_violation_runs"": 0.0, ""fm2_windowed_pass_frac"": 1.0, ""fm3_static_frac"": 0.7666666666666667, ""observed_duration_s"": 134.0, ""reproj_px_p50"": 24.79992266530317, ""reproj_shoulder_widths_p50"": 0.07073939884901989, ""round3_gallery_group"": ""flagged_fm3_static_hands"", ""unit_files"": 3.0, ""unit_flagged_frac"": 0.0, ""unit_hip_flexion_min"": 142.35465436673215, ""unit_knee_between_min"": 0.5790553532920333}",render
r4_119,recheck_fm3_static_hands_119_V00_S0311_I00000383_P0418_f0002630,V00_S0311_I00000383_P0418,naturalistic/train/0007/0019/V00_S0311_I00000383_P0418,naturalistic/train/0007/0010/V00_S0311_I00000383_P0419,recheck_fm3_static_hands,recheck,naturalistic,2630,V00,naturalistic,train,ipc_conversation,shown in Round 3 as flagged_fm3_static_hands; re-judged under the Round-4 detectors,"{""clip_anchored_on_fm2_violation"": false, ""flag_count"": 1, ""flags_fired"": ""fm3_static_hands"", ""fm1_hip_flexion_deg_p50"": 149.37642238668565, ""fm1_knee_between_torso_p50"": 0.5194896659822712, ""fm1_leg_over_torso_p50"": 1.5457303060586853, ""fm1_reasons"": """", ""fm1_shin_verticality_p50"": 0.9996876447534178, ""fm1_sitting_file"": false, ""fm1_sitting_participant"": false, ""fm1_unit"": ""0418@0311"", ""fm1_unit_basis"": ""none"", ""fm2_in_frame_and_valid_frac"": 1.0, ""fm2_pass_frac_round3_joints_only"": 1.0, ""fm2_smplh_valid_frac"": 1.0, ""fm2_surface_correction_px_p50"": 36.609660654185745, ""fm2_vertex_worst_inset_min_px"": 99.04992829942375, ""fm2_violation_run_max_frames"": 0.0, ""fm2_violation_runs"": 0.0, ""fm2_windowed_pass_frac"": 1.0, ""fm3_static_frac"": 0.8124413145539906, ""observed_duration_s"": 142.0, ""reproj_px_p50"": 19.470765934190084, ""reproj_shoulder_widths_p50"": 0.06613089559656316, ""round3_gallery_group"": ""flagged_fm3_static_hands"", ""unit_files"": 2.0, ""unit_flagged_frac"": 0.0, ""unit_hip_flexion_min"": 149.37642238668565, ""unit_knee_between_min"": 0.5194896659822712}",render
r4_120,recheck_fm2_smplh_invalid_120_V00_S1338_I00000704_P0388A_f0011100,V00_S1338_I00000704_P0388A,improvised/train/0030/0000/V00_S1338_I00000704_P0388A,improvised/train/0030/0022/V00_S1338_I00000704_P0241A,recheck_fm2_smplh_invalid,recheck,improvised,11100,V00,improvised,train,ipc_conversation,shown in Round 3 as flagged_fm2_framing; re-judged under the Round-4 detectors,"{""clip_anchored_on_fm2_violation"": true, ""flag_count"": 1, ""flags_fired"": ""fm2_smplh_invalid"", ""fm1_hip_flexion_deg_p50"": 148.9661438590513, ""fm1_knee_between_torso_p50"": 0.5328058994640508, ""fm1_leg_over_torso_p50"": 1.3871871008996157, ""fm1_reasons"": """", ""fm1_shin_verticality_p50"": 0.9973337235915657, ""fm1_sitting_file"": false, ""fm1_sitting_participant"": false, ""fm1_unit"": ""0388A@1338"", ""fm1_unit_basis"": ""none"", ""fm2_in_frame_and_valid_frac"": 0.9761666666666666, ""fm2_pass_frac_round3_joints_only"": 0.9774166666666667, ""fm2_smplh_valid_frac"": 0.9950833333333333, ""fm2_surface_correction_px_p50"": 33.18100320725358, ""fm2_vertex_worst_inset_min_px"": -131.8984549950835, ""fm2_violation_run_max_frames"": 81.0, ""fm2_violation_runs"": 9.0, ""fm2_windowed_pass_frac"": 0.6923076923076923, ""fm3_static_frac"": 0.013833333333333333, ""observed_duration_s"": 400.0, ""reproj_px_p50"": 13.543701244867217, ""reproj_shoulder_widths_p50"": 0.04755191372044898, ""round3_gallery_group"": ""flagged_fm2_framing"", ""unit_files"": 1.0, ""unit_flagged_frac"": 0.0, ""unit_hip_flexion_min"": 148.9661438590513, ""unit_knee_between_min"": 0.5328058994640508}",render
r4_121,recheck_pass_121_V00_S0242_I00000486_P0328_f0001030,V00_S0242_I00000486_P0328,naturalistic/train/0005/0033/V00_S0242_I00000486_P0328,naturalistic/train/0005/0021/V00_S0242_I00000486_P0329,recheck_pass,recheck,naturalistic,1030,V00,naturalistic,train,ipc_conversation,shown in Round 3 as pass_naturalistic; re-judged under the Round-4 detectors,"{""clip_anchored_on_fm2_violation"": false, ""flag_count"": 0, ""flags_fired"": """", ""fm1_hip_flexion_deg_p50"": 127.14998325145528, ""fm1_knee_between_torso_p50"": 0.48039571719941027, ""fm1_leg_over_torso_p50"": 1.2497501100863764, ""fm1_reasons"": """", ""fm1_shin_verticality_p50"": 0.9995920864606946, ""fm1_sitting_file"": false, ""fm1_sitting_participant"": false, ""fm1_unit"": ""0328@0242"", ""fm1_unit_basis"": ""none"", ""fm2_in_frame_and_valid_frac"": 1.0, ""fm2_pass_frac_round3_joints_only"": 1.0, ""fm2_smplh_valid_frac"": 1.0, ""fm2_surface_correction_px_p50"": 41.78463181638949, ""fm2_vertex_worst_inset_min_px"": 79.55444326564248, ""fm2_violation_run_max_frames"": 0.0, ""fm2_violation_runs"": 0.0, ""fm2_windowed_pass_frac"": 1.0, ""fm3_static_frac"": 0.041666666666666664, ""observed_duration_s"": 72.0, ""reproj_px_p50"": 30.605274435977176, ""reproj_shoulder_widths_p50"": 0.09441118910936813, ""round3_gallery_group"": ""pass_naturalistic"", ""unit_files"": 5.0, ""unit_flagged_frac"": 0.0, ""unit_hip_flexion_min"": 127.14998325145528, ""unit_knee_between_min"": 0.48039571719941027}",render
r4_122,recheck_fm2_smplh_invalid_122_V00_S1761_I00000724_P1147A_f0003933,V00_S1761_I00000724_P1147A,improvised/train/0043/0021/V00_S1761_I00000724_P1147A,improvised/train/0043/0024/V00_S1761_I00000724_P1155A,recheck_fm2_smplh_invalid,recheck,improvised,3933,V00,improvised,train,ipc_conversation,shown in Round 3 as flagged_fm1_sitting; re-judged under the Round-4 detectors,"{""clip_anchored_on_fm2_violation"": true, ""flag_count"": 1, ""flags_fired"": ""fm2_smplh_invalid"", ""fm1_hip_flexion_deg_p50"": 123.89011347696109, ""fm1_knee_between_torso_p50"": 0.5723523508208547, ""fm1_leg_over_torso_p50"": 0.7634945510826314, ""fm1_reasons"": """", ""fm1_shin_verticality_p50"": 0.9986178254721378, ""fm1_sitting_file"": false, ""fm1_sitting_participant"": false, ""fm1_unit"": ""1147A@1761"", ""fm1_unit_basis"": ""none"", ""fm2_in_frame_and_valid_frac"": 0.765, ""fm2_pass_frac_round3_joints_only"": 0.77, ""fm2_smplh_valid_frac"": 0.8475641025641025, ""fm2_surface_correction_px_p50"": 20.963361561215464, ""fm2_vertex_worst_inset_min_px"": -198.14998466899192, ""fm2_violation_run_max_frames"": 274.0, ""fm2_violation_runs"": 49.0, ""fm2_windowed_pass_frac"": 0.125, ""fm3_static_frac"": 0.015512820512820514, ""observed_duration_s"": 260.0, ""reproj_px_p50"": 29.40316085417993, ""reproj_shoulder_widths_p50"": 0.08031764989809438, ""round3_gallery_group"": ""flagged_fm1_sitting"", ""unit_files"": 3.0, ""unit_flagged_frac"": 0.0, ""unit_hip_flexion_min"": 121.08486453737785, ""unit_knee_between_min"": 0.5504710086278346}",render
r4_123,recheck_pass_123_V00_S0045_I00000313_P0067A_f0001374,V00_S0045_I00000313_P0067A,improvised/train/0000/0007/V00_S0045_I00000313_P0067A,improvised/train/0000/0011/V00_S0045_I00000313_P0068,recheck_pass,recheck,improvised,1374,V00,improvised,train,ipc_conversation,shown in Round 3 as flagged_fm4_mutual_silence; re-judged under the Round-4 detectors,"{""clip_anchored_on_fm2_violation"": false, ""flag_count"": 0, ""flags_fired"": """", ""fm1_hip_flexion_deg_p50"": 144.76428980535454, ""fm1_knee_between_torso_p50"": 0.5848433033100932, ""fm1_leg_over_torso_p50"": 1.091731608871644, ""fm1_reasons"": """", ""fm1_shin_verticality_p50"": 0.9999999999999647, ""fm1_sitting_file"": false, ""fm1_sitting_participant"": false, ""fm1_unit"": ""0067A@0045"", ""fm1_unit_basis"": ""none"", ""fm2_in_frame_and_valid_frac"": 1.0, ""fm2_pass_frac_round3_joints_only"": 1.0, ""fm2_smplh_valid_frac"": 1.0, ""fm2_surface_correction_px_p50"": 43.22974774637362, ""fm2_vertex_worst_inset_min_px"": 9.79316577045472, ""fm2_violation_run_max_frames"": 0.0, ""fm2_violation_runs"": 0.0, ""fm2_windowed_pass_frac"": 1.0, ""fm3_static_frac"": 0.666025641025641, ""observed_duration_s"": 156.0, ""reproj_px_p50"": 21.24552787203001, ""reproj_shoulder_widths_p50"": 0.06035625399462377, ""round3_gallery_group"": ""flagged_fm4_mutual_silence"", ""unit_files"": 3.0, ""unit_flagged_frac"": 0.0, ""unit_hip_flexion_min"": 142.35465436673215, ""unit_knee_between_min"": 0.5790553532920333}",render
r4_124,recheck_pass_124_V00_S0431_I00000131_P0570_f0000337,V00_S0431_I00000131_P0570,improvised/train/0009/0024/V00_S0431_I00000131_P0570,improvised/train/0009/0038/V00_S0431_I00000131_P0006A,recheck_pass,recheck,improvised,337,V00,improvised,train,ipc_conversation,shown in Round 3 as pass_improvised; re-judged under the Round-4 detectors,"{""clip_anchored_on_fm2_violation"": false, ""flag_count"": 0, ""flags_fired"": """", ""fm1_hip_flexion_deg_p50"": 146.59510056975904, ""fm1_knee_between_torso_p50"": 0.5390645647381473, ""fm1_leg_over_torso_p50"": 1.255557696783919, ""fm1_reasons"": """", ""fm1_shin_verticality_p50"": 0.999653919933196, ""fm1_sitting_file"": false, ""fm1_sitting_participant"": false, ""fm1_unit"": ""0570@0431"", ""fm1_unit_basis"": ""none"", ""fm2_in_frame_and_valid_frac"": 1.0, ""fm2_pass_frac_round3_joints_only"": 1.0, ""fm2_smplh_valid_frac"": 1.0, ""fm2_surface_correction_px_p50"": 34.75790822982685, ""fm2_vertex_worst_inset_min_px"": 104.62883067868006, ""fm2_violation_run_max_frames"": 0.0, ""fm2_violation_runs"": 0.0, ""fm2_windowed_pass_frac"": 1.0, ""fm3_static_frac"": 0.007017543859649123, ""observed_duration_s"": 152.0, ""reproj_px_p50"": 36.39102162436167, ""reproj_shoulder_widths_p50"": 0.10946104576683185, ""round3_gallery_group"": ""pass_improvised"", ""unit_files"": 2.0, ""unit_flagged_frac"": 0.0, ""unit_hip_flexion_min"": 138.34692233949627, ""unit_knee_between_min"": 0.521974118774537}",render
r4_125,recheck_fm2_smplh_invalid_125_V00_S1803_I00000688_P0893A_f0000468,V00_S1803_I00000688_P0893A,improvised/train/0045/0049/V00_S1803_I00000688_P0893A,improvised/train/0045/0006/V00_S1803_I00000688_P1106A,recheck_fm2_smplh_invalid,recheck,improvised,468,V00,improvised,train,grounded_gesture,shown in Round 3 as flagged_multi; re-judged under the Round-4 detectors,"{""clip_anchored_on_fm2_violation"": true, ""flag_count"": 1, ""flags_fired"": ""fm2_smplh_invalid"", ""fm1_hip_flexion_deg_p50"": 159.46904741745573, ""fm1_knee_between_torso_p50"": 0.5836972495297335, ""fm1_leg_over_torso_p50"": 1.2831546635223305, ""fm1_reasons"": """", ""fm1_shin_verticality_p50"": 0.999653926005081, ""fm1_sitting_file"": false, ""fm1_sitting_participant"": false, ""fm1_unit"": ""0893A@1803"", ""fm1_unit_basis"": ""none"", ""fm2_in_frame_and_valid_frac"": 0.9847670250896058, ""fm2_pass_frac_round3_joints_only"": 0.9853046594982079, ""fm2_smplh_valid_frac"": 0.9896057347670251, ""fm2_surface_correction_px_p50"": 41.718689184291975, ""fm2_vertex_worst_inset_min_px"": -80.12610394808871, ""fm2_violation_run_max_frames"": 84.0, ""fm2_violation_runs"": 2.0, ""fm2_windowed_pass_frac"": 0.6666666666666666, ""fm3_static_frac"": 0.03530465949820789, ""observed_duration_s"": 186.0, ""reproj_px_p50"": 14.90507818375616, ""reproj_shoulder_widths_p50"": 0.04622183402052073, ""round3_gallery_group"": ""flagged_multi"", ""unit_files"": 2.0, ""unit_flagged_frac"": 0.0, ""unit_hip_flexion_min"": 159.46904741745573, ""unit_knee_between_min"": 0.5829374412999782}",render
r4_126,recheck_pass_126_V00_S1869_I00001095_P1154A_f0007159,V00_S1869_I00001095_P1154A,improvised/train/0046/0060/V00_S1869_I00001095_P1154A,improvised/train/0046/0028/V00_S1869_I00001095_P1155A,recheck_pass,recheck,improvised,7159,V00,improvised,train,ipc_conversation,shown in Round 3 as pass_improvised; re-judged under the Round-4 detectors,"{""clip_anchored_on_fm2_violation"": false, ""flag_count"": 0, ""flags_fired"": """", ""fm1_hip_flexion_deg_p50"": 133.2503301963155, ""fm1_knee_between_torso_p50"": 0.5483205354950607, ""fm1_leg_over_torso_p50"": 0.9865453864116822, ""fm1_reasons"": """", ""fm1_shin_verticality_p50"": 0.9994059896815239, ""fm1_sitting_file"": false, ""fm1_sitting_participant"": false, ""fm1_unit"": ""1154A@1869"", ""fm1_unit_basis"": ""none"", ""fm2_in_frame_and_valid_frac"": 0.9999118165784833, ""fm2_pass_frac_round3_joints_only"": 1.0, ""fm2_smplh_valid_frac"": 1.0, ""fm2_surface_correction_px_p50"": 42.972291362996884, ""fm2_vertex_worst_inset_min_px"": 15.342358316380682, ""fm2_violation_run_max_frames"": 1.0, ""fm2_violation_runs"": 1.0, ""fm2_windowed_pass_frac"": 1.0, ""fm3_static_frac"": 0.734920634920635, ""observed_duration_s"": 378.0, ""reproj_px_p50"": 23.93291135496255, ""reproj_shoulder_widths_p50"": 0.07388110205672255, ""round3_gallery_group"": ""pass_improvised"", ""unit_files"": 2.0, ""unit_flagged_frac"": 0.0, ""unit_hip_flexion_min"": 133.2503301963155, ""unit_knee_between_min"": 0.5483205354950607}",render
r4_127,recheck_pass_127_V00_S0169_I00000537_P0150A_f0000618,V00_S0169_I00000537_P0150A,improvised/train/0003/0013/V00_S0169_I00000537_P0150A,improvised/train/0003/0020/V00_S0169_I00000537_P0238,recheck_pass,recheck,improvised,618,V00,improvised,train,ipc_conversation,shown in Round 3 as flagged_fm4_mutual_silence; re-judged under the Round-4 detectors,"{""clip_anchored_on_fm2_violation"": false, ""flag_count"": 0, ""flags_fired"": """", ""fm1_hip_flexion_deg_p50"": 145.3698596683711, ""fm1_knee_between_torso_p50"": 0.5065761534754964, ""fm1_leg_over_torso_p50"": 1.6233397280800563, ""fm1_reasons"": """", ""fm1_shin_verticality_p50"": 0.9999999999999746, ""fm1_sitting_file"": false, ""fm1_sitting_participant"": false, ""fm1_unit"": ""0150A@0169"", ""fm1_unit_basis"": ""none"", ""fm2_in_frame_and_valid_frac"": 1.0, ""fm2_pass_frac_round3_joints_only"": 1.0, ""fm2_smplh_valid_frac"": 1.0, ""fm2_surface_correction_px_p50"": 36.911885615417646, ""fm2_vertex_worst_inset_min_px"": 15.700671246157867, ""fm2_violation_run_max_frames"": 0.0, ""fm2_violation_runs"": 0.0, ""fm2_windowed_pass_frac"": 1.0, ""fm3_static_frac"": 0.41431623931623934, ""observed_duration_s"": 156.0, ""reproj_px_p50"": 22.2688635400962, ""reproj_shoulder_widths_p50"": 0.07648133619716363, ""round3_gallery_group"": ""flagged_fm4_mutual_silence"", ""unit_files"": 3.0, ""unit_flagged_frac"": 0.0, ""unit_hip_flexion_min"": 140.41768377449142, ""unit_knee_between_min"": 0.49445895402472806}",render
r4_128,recheck_pass_128_V00_S0752_I00000913_P0241A_f0000452,V00_S0752_I00000913_P0241A,improvised/train/0014/0055/V00_S0752_I00000913_P0241A,improvised/train/0014/0025/V00_S0752_I00000913_P0229A,recheck_pass,recheck,improvised,452,V00,improvised,train,ipc_conversation,shown in Round 3 as pass_improvised; re-judged under the Round-4 detectors,"{""clip_anchored_on_fm2_violation"": false, ""flag_count"": 0, ""flags_fired"": """", ""fm1_hip_flexion_deg_p50"": 151.02749832543327, ""fm1_knee_between_torso_p50"": 0.5236523918964264, ""fm1_leg_over_torso_p50"": 1.537219368349231, ""fm1_reasons"": """", ""fm1_shin_verticality_p50"": 0.9996714298864084, ""fm1_sitting_file"": false, ""fm1_sitting_participant"": false, ""fm1_unit"": ""0241A@0752"", ""fm1_unit_basis"": ""none"", ""fm2_in_frame_and_valid_frac"": 0.9997835497835498, ""fm2_pass_frac_round3_joints_only"": 1.0, ""fm2_smplh_valid_frac"": 1.0, ""fm2_surface_correction_px_p50"": 36.86103779043634, ""fm2_vertex_worst_inset_min_px"": 3.7456242371681583, ""fm2_violation_run_max_frames"": 2.0, ""fm2_violation_runs"": 1.0, ""fm2_windowed_pass_frac"": 1.0, ""fm3_static_frac"": 0.15497835497835497, ""observed_duration_s"": 308.0, ""reproj_px_p50"": 16.351940791635876, ""reproj_shoulder_widths_p50"": 0.05181606010265202, ""round3_gallery_group"": ""pass_improvised"", ""unit_files"": 1.0, ""unit_flagged_frac"": 0.0, ""unit_hip_flexion_min"": 151.02749832543327, ""unit_knee_between_min"": 0.5236523918964264}",render
r4_129,recheck_pass_129_V00_S0946_I00000535_P0042A_f0000009,V00_S0946_I00000535_P0042A,improvised/train/0020/0014/V00_S0946_I00000535_P0042A,improvised/train/0020/0061/V00_S0946_I00000535_P1038,recheck_pass,recheck,improvised,9,V00,improvised,train,ipc_conversation,shown in Round 3 as pass_improvised; re-judged under the Round-4 detectors,"{""clip_anchored_on_fm2_violation"": false, ""flag_count"": 0, ""flags_fired"": """", ""fm1_hip_flexion_deg_p50"": 164.69004352933626, ""fm1_knee_between_torso_p50"": 0.5848036527130823, ""fm1_leg_over_torso_p50"": 1.291402318246214, ""fm1_reasons"": """", ""fm1_shin_verticality_p50"": 0.9982743626381548, ""fm1_sitting_file"": false, ""fm1_sitting_participant"": false, ""fm1_unit"": ""0042A@0946"", ""fm1_unit_basis"": ""none"", ""fm2_in_frame_and_valid_frac"": 1.0, ""fm2_pass_frac_round3_joints_only"": 1.0, ""fm2_smplh_valid_frac"": 1.0, ""fm2_surface_correction_px_p50"": 36.1373453176991, ""fm2_vertex_worst_inset_min_px"": 78.66236741645776, ""fm2_violation_run_max_frames"": 0.0, ""fm2_violation_runs"": 0.0, ""fm2_windowed_pass_frac"": 1.0, ""fm3_static_frac"": 0.01156156156156156, ""observed_duration_s"": 222.0, ""reproj_px_p50"": 15.35540835306631, ""reproj_shoulder_widths_p50"": 0.05309244992445873, ""round3_gallery_group"": ""pass_improvised"", ""unit_files"": 1.0, ""unit_flagged_frac"": 0.0, ""unit_hip_flexion_min"": 164.69004352933626, ""unit_knee_between_min"": 0.5848036527130823}",render
r4_130,recheck_fm2_smplh_invalid_130_V00_S1293_I00000401_P0752_f0001707,V00_S1293_I00000401_P0752,naturalistic/train/0026/0021/V00_S1293_I00000401_P0752,naturalistic/train/0026/0011/V00_S1293_I00000401_P1083,recheck_fm2_smplh_invalid,recheck,naturalistic,1707,V00,naturalistic,train,ipc_conversation,shown in Round 3 as flagged_fm2_framing; re-judged under the Round-4 detectors,"{""clip_anchored_on_fm2_violation"": true, ""flag_count"": 1, ""flags_fired"": ""fm2_smplh_invalid"", ""fm1_hip_flexion_deg_p50"": 154.4831934290813, ""fm1_knee_between_torso_p50"": 0.5233867642609733, ""fm1_leg_over_torso_p50"": 1.573803442803799, ""fm1_reasons"": """", ""fm1_shin_verticality_p50"": 0.9999999999999838, ""fm1_sitting_file"": false, ""fm1_sitting_participant"": false, ""fm1_unit"": ""0752@1293"", ""fm1_unit_basis"": ""none"", ""fm2_in_frame_and_valid_frac"": 0.9987730061349693, ""fm2_pass_frac_round3_joints_only"": 0.9995910020449897, ""fm2_smplh_valid_frac"": 0.9998977505112474, ""fm2_surface_correction_px_p50"": 31.514153009965412, ""fm2_vertex_worst_inset_min_px"": -3.700110850878673, ""fm2_violation_run_max_frames"": 3.0, ""fm2_violation_runs"": 6.0, ""fm2_windowed_pass_frac"": 0.7, ""fm3_static_frac"": 0.004294478527607362, ""observed_duration_s"": 326.0, ""reproj_px_p50"": 16.911861455411987, ""reproj_shoulder_widths_p50"": 0.05444722491163334, ""round3_gallery_group"": ""flagged_fm2_framing"", ""unit_files"": 2.0, ""unit_flagged_frac"": 0.0, ""unit_hip_flexion_min"": 154.41058141905285, ""unit_knee_between_min"": 0.5233867642609733}",render
r4_131,recheck_pass_131_V00_S1846_I00000608_P0888_f0002931,V00_S1846_I00000608_P0888,naturalistic/train/0029/0007/V00_S1846_I00000608_P0888,naturalistic/train/0029/0048/V00_S1846_I00000608_P0317,recheck_pass,recheck,naturalistic,2931,V00,naturalistic,train,grounded_gesture,shown in Round 3 as flagged_fm4_mutual_silence; re-judged under the Round-4 detectors,"{""clip_anchored_on_fm2_violation"": false, ""flag_count"": 0, ""flags_fired"": """", ""fm1_hip_flexion_deg_p50"": 140.34657644985336, ""fm1_knee_between_torso_p50"": 0.5078984230282166, ""fm1_leg_over_torso_p50"": 1.405045706565174, ""fm1_reasons"": """", ""fm1_shin_verticality_p50"": 0.9981685043191693, ""fm1_sitting_file"": false, ""fm1_sitting_participant"": false, ""fm1_unit"": ""0888@1846"", ""fm1_unit_basis"": ""none"", ""fm2_in_frame_and_valid_frac"": 1.0, ""fm2_pass_frac_round3_joints_only"": 1.0, ""fm2_smplh_valid_frac"": 1.0, ""fm2_surface_correction_px_p50"": 96.71341475966346, ""fm2_vertex_worst_inset_min_px"": 171.5563776487453, ""fm2_violation_run_max_frames"": 0.0, ""fm2_violation_runs"": 0.0, ""fm2_windowed_pass_frac"": 1.0, ""fm3_static_frac"": 0.71318407960199, ""observed_duration_s"": 134.0, ""reproj_px_p50"": 14.258594946878716, ""reproj_shoulder_widths_p50"": 0.05089206422553372, ""round3_gallery_group"": ""flagged_fm4_mutual_silence"", ""unit_files"": 3.0, ""unit_flagged_frac"": 0.0, ""unit_hip_flexion_min"": 140.34657644985336, ""unit_knee_between_min"": 0.5078984230282166}",render
r4_132,recheck_pass_132_V00_S0336_I00000131_P0451_f0000944,V00_S0336_I00000131_P0451,improvised/train/0007/0027/V00_S0336_I00000131_P0451,improvised/train/0007/0007/V00_S0336_I00000131_P0040A,recheck_pass,recheck,improvised,944,V00,improvised,train,ipc_conversation,shown in Round 3 as pass_improvised; re-judged under the Round-4 detectors,"{""clip_anchored_on_fm2_violation"": false, ""flag_count"": 0, ""flags_fired"": """", ""fm1_hip_flexion_deg_p50"": 145.168822337169, ""fm1_knee_between_torso_p50"": 0.5978082711448442, ""fm1_leg_over_torso_p50"": 0.9991746077824946, ""fm1_reasons"": """", ""fm1_shin_verticality_p50"": 0.999405998160309, ""fm1_sitting_file"": false, ""fm1_sitting_participant"": false, ""fm1_unit"": ""0451@0336"", ""fm1_unit_basis"": ""none"", ""fm2_in_frame_and_valid_frac"": 0.9993827160493827, ""fm2_pass_frac_round3_joints_only"": 1.0, ""fm2_smplh_valid_frac"": 1.0, ""fm2_surface_correction_px_p50"": 42.92737799436361, ""fm2_vertex_worst_inset_min_px"": -2.6292685555154094, ""fm2_violation_run_max_frames"": 1.0, ""fm2_violation_runs"": 2.0, ""fm2_windowed_pass_frac"": 1.0, ""fm3_static_frac"": 0.20771604938271604, ""observed_duration_s"": 108.0, ""reproj_px_p50"": 48.712423226245804, ""reproj_shoulder_widths_p50"": 0.13093678761828403, ""round3_gallery_group"": ""pass_improvised"", ""unit_files"": 1.0, ""unit_flagged_frac"": 0.0, ""unit_hip_flexion_min"": 145.168822337169, ""unit_knee_between_min"": 0.5978082711448442}",render
r4_133,recheck_fm2_smplh_invalid_133_V00_S1765_I00001191_P1147A_f0008763,V00_S1765_I00001191_P1147A,improvised/train/0043/0043/V00_S1765_I00001191_P1147A,improvised/train/0043/0048/V00_S1765_I00001191_P1155A,recheck_fm2_smplh_invalid,recheck,improvised,8763,V00,improvised,train,ipc_conversation,shown in Round 3 as flagged_fm1_sitting; re-judged under the Round-4 detectors,"{""clip_anchored_on_fm2_violation"": true, ""flag_count"": 1, ""flags_fired"": ""fm2_smplh_invalid"", ""fm1_hip_flexion_deg_p50"": 126.96587272693023, ""fm1_knee_between_torso_p50"": 0.590258403870456, ""fm1_leg_over_torso_p50"": 0.7762427656341064, ""fm1_reasons"": """", ""fm1_shin_verticality_p50"": 0.9838699133160775, ""fm1_sitting_file"": false, ""fm1_sitting_participant"": false, ""fm1_unit"": ""1147A@1765"", ""fm1_unit_basis"": ""none"", ""fm2_in_frame_and_valid_frac"": 0.9541666666666667, ""fm2_pass_frac_round3_joints_only"": 0.9558531746031746, ""fm2_smplh_valid_frac"": 0.9801587301587301, ""fm2_surface_correction_px_p50"": 16.54757205969429, ""fm2_vertex_worst_inset_min_px"": -104.94904664042406, ""fm2_violation_run_max_frames"": 117.0, ""fm2_violation_runs"": 31.0, ""fm2_windowed_pass_frac"": 0.18181818181818182, ""fm3_static_frac"": 0.0248015873015873, ""observed_duration_s"": 336.0, ""reproj_px_p50"": 32.07907436002624, ""reproj_shoulder_widths_p50"": 0.09031838369090052, ""round3_gallery_group"": ""flagged_fm1_sitting"", ""unit_files"": 1.0, ""unit_flagged_frac"": 0.0, ""unit_hip_flexion_min"": 126.96587272693023, ""unit_knee_between_min"": 0.590258403870456}",render
r4_134,recheck_fm2_smplh_invalid_134_V00_S0147_I00000135_P0209_f0000291,V00_S0147_I00000135_P0209,naturalistic/train/0003/0011/V00_S0147_I00000135_P0209,naturalistic/train/0003/0008/V00_S0147_I00000135_P0070,recheck_fm2_smplh_invalid,recheck,naturalistic,291,V00,naturalistic,train,collaborative_storytelling,shown in Round 3 as flagged_fm2_framing; re-judged under the Round-4 detectors,"{""clip_anchored_on_fm2_violation"": true, ""flag_count"": 1, ""flags_fired"": ""fm2_smplh_invalid"", ""fm1_hip_flexion_deg_p50"": 152.18371768103125, ""fm1_knee_between_torso_p50"": 0.6209211116592424, ""fm1_leg_over_torso_p50"": 1.1189990455886538, ""fm1_reasons"": """", ""fm1_shin_verticality_p50"": 0.926092300627259, ""fm1_sitting_file"": false, ""fm1_sitting_participant"": false, ""fm1_unit"": ""0209@0147"", ""fm1_unit_basis"": ""none"", ""fm2_in_frame_and_valid_frac"": 0.9743333333333334, ""fm2_pass_frac_round3_joints_only"": 0.988, ""fm2_smplh_valid_frac"": 0.998, ""fm2_surface_correction_px_p50"": 51.629840605369054, ""fm2_vertex_worst_inset_min_px"": -71.53876290070843, ""fm2_violation_run_max_frames"": 19.0, ""fm2_violation_runs"": 12.0, ""fm2_windowed_pass_frac"": 0.3333333333333333, ""fm3_static_frac"": 0.6393333333333333, ""observed_duration_s"": 100.0, ""reproj_px_p50"": 22.694379532188282, ""reproj_shoulder_widths_p50"": 0.06343817283404785, ""round3_gallery_group"": ""flagged_fm2_framing"", ""unit_files"": 3.0, ""unit_flagged_frac"": 0.0, ""unit_hip_flexion_min"": 152.18371768103125, ""unit_knee_between_min"": 0.6209211116592424}",render
r4_135,recheck_fm1_sitting_135_V00_S1685_I00000415_P1160_f0004997,V00_S1685_I00000415_P1160,naturalistic/train/0028/0007/V00_S1685_I00000415_P1160,naturalistic/train/0028/0035/V00_S1685_I00000415_P0205,recheck_fm1_sitting,recheck,naturalistic,4997,V00,naturalistic,train,ipc_conversation,shown in Round 3 as flagged_fm1_sitting; re-judged under the Round-4 detectors,"{""clip_anchored_on_fm2_violation"": false, ""flag_count"": 1, ""flags_fired"": ""fm1_sitting"", ""fm1_hip_flexion_deg_p50"": 101.94135741895138, ""fm1_knee_between_torso_p50"": 0.31063023294097875, ""fm1_leg_over_torso_p50"": 1.4790602349607014, ""fm1_reasons"": ""knee_between"", ""fm1_shin_verticality_p50"": 0.9417418755019711, ""fm1_sitting_file"": true, ""fm1_sitting_participant"": true, ""fm1_unit"": ""1160@1685"", ""fm1_unit_basis"": ""majority"", ""fm2_in_frame_and_valid_frac"": 0.9993527508090615, ""fm2_pass_frac_round3_joints_only"": 1.0, ""fm2_smplh_valid_frac"": 1.0, ""fm2_surface_correction_px_p50"": 38.214852481284225, ""fm2_vertex_worst_inset_min_px"": -1.0461189655920862, ""fm2_violation_run_max_frames"": 4.0, ""fm2_violation_runs"": 1.0, ""fm2_windowed_pass_frac"": 1.0, ""fm3_static_frac"": 0.00016181229773462783, ""observed_duration_s"": 206.0, ""reproj_px_p50"": 19.351303446758152, ""reproj_shoulder_widths_p50"": 0.06406343946158428, ""round3_gallery_group"": ""flagged_fm1_sitting"", ""unit_files"": 1.0, ""unit_flagged_frac"": 1.0, ""unit_hip_flexion_min"": 101.94135741895138, ""unit_knee_between_min"": 0.31063023294097875}",render
r4_136,recheck_fm2_smplh_invalid_136_V00_S1724_I00001133_P1147A_f0002803,V00_S1724_I00001133_P1147A,improvised/train/0042/0053/V00_S1724_I00001133_P1147A,improvised/train/0042/0039/V00_S1724_I00001133_P1155A,recheck_fm2_smplh_invalid,recheck,improvised,2803,V00,improvised,train,ipc_conversation,shown in Round 3 as flagged_fm1_sitting; re-judged under the Round-4 detectors,"{""clip_anchored_on_fm2_violation"": true, ""flag_count"": 1, ""flags_fired"": ""fm2_smplh_invalid"", ""fm1_hip_flexion_deg_p50"": 130.83901957937428, ""fm1_knee_between_torso_p50"": 0.5757257809575753, ""fm1_leg_over_torso_p50"": 0.822635922826911, ""fm1_reasons"": """", ""fm1_shin_verticality_p50"": 0.9965457631717528, ""fm1_sitting_file"": false, ""fm1_sitting_participant"": false, ""fm1_unit"": ""1147A@1724"", ""fm1_unit_basis"": ""none"", ""fm2_in_frame_and_valid_frac"": 0.9430799220272904, ""fm2_pass_frac_round3_joints_only"": 0.9478557504873294, ""fm2_smplh_valid_frac"": 0.9767056530214425, ""fm2_surface_correction_px_p50"": 27.16179023867784, ""fm2_vertex_worst_inset_min_px"": -129.1694181045018, ""fm2_violation_run_max_frames"": 88.0, ""fm2_violation_runs"": 47.0, ""fm2_windowed_pass_frac"": 0.09090909090909091, ""fm3_static_frac"": 0.008674463937621833, ""observed_duration_s"": 342.0, ""reproj_px_p50"": 40.53454951520678, ""reproj_shoulder_widths_p50"": 0.11266361907388786, ""round3_gallery_group"": ""flagged_fm1_sitting"", ""unit_files"": 1.0, ""unit_flagged_frac"": 0.0, ""unit_hip_flexion_min"": 130.83901957937428, ""unit_knee_between_min"": 0.5757257809575753}",render
r4_137,recheck_pass_137_V00_S0067_I00000373_P0101_f0000670,V00_S0067_I00000373_P0101,naturalistic/train/0001/0036/V00_S0067_I00000373_P0101,naturalistic/train/0001/0026/V00_S0067_I00000373_P0073,recheck_pass,recheck,naturalistic,670,V00,naturalistic,train,ipc_conversation,shown in Round 3 as pass_naturalistic; re-judged under the Round-4 detectors,"{""clip_anchored_on_fm2_violation"": false, ""flag_count"": 0, ""flags_fired"": """", ""fm1_hip_flexion_deg_p50"": 153.30722921020006, ""fm1_knee_between_torso_p50"": 0.5450734086440416, ""fm1_leg_over_torso_p50"": 1.3933150560999912, ""fm1_reasons"": """", ""fm1_shin_verticality_p50"": 0.9983713408104504, ""fm1_sitting_file"": false, ""fm1_sitting_participant"": false, ""fm1_unit"": ""0101@0067"", ""fm1_unit_basis"": ""none"", ""fm2_in_frame_and_valid_frac"": 0.9951977401129943, ""fm2_pass_frac_round3_joints_only"": 1.0, ""fm2_smplh_valid_frac"": 1.0, ""fm2_surface_correction_px_p50"": 30.88321932083511, ""fm2_vertex_worst_inset_min_px"": 3.7484477054740637, ""fm2_violation_run_max_frames"": 7.0, ""fm2_violation_runs"": 5.0, ""fm2_windowed_pass_frac"": 1.0, ""fm3_static_frac"": 0.03672316384180791, ""observed_duration_s"": 118.0, ""reproj_px_p50"": 37.186780726097325, ""reproj_shoulder_widths_p50"": 0.11584208745980179, ""round3_gallery_group"": ""pass_naturalistic"", ""unit_files"": 2.0, ""unit_flagged_frac"": 0.0, ""unit_hip_flexion_min"": 151.85655079501237, ""unit_knee_between_min"": 0.5438277592256326}",render
r4_138,recheck_pass_138_V00_S0353_I00000482_P0474_f0000056,V00_S0353_I00000482_P0474,naturalistic/train/0009/0034/V00_S0353_I00000482_P0474,naturalistic/train/0009/0036/V00_S0353_I00000482_P0473,recheck_pass,recheck,naturalistic,56,V00,naturalistic,train,ipc_conversation,shown in Round 3 as flagged_fm1_sitting; re-judged under the Round-4 detectors,"{""clip_anchored_on_fm2_violation"": false, ""flag_count"": 0, ""flags_fired"": """", ""fm1_hip_flexion_deg_p50"": 122.90520453633732, ""fm1_knee_between_torso_p50"": 0.536535316550139, ""fm1_leg_over_torso_p50"": 0.8387268903949271, ""fm1_reasons"": """", ""fm1_shin_verticality_p50"": 0.9992611728375246, ""fm1_sitting_file"": false, ""fm1_sitting_participant"": false, ""fm1_unit"": ""0474@0353"", ""fm1_unit_basis"": ""none"", ""fm2_in_frame_and_valid_frac"": 1.0, ""fm2_pass_frac_round3_joints_only"": 1.0, ""fm2_smplh_valid_frac"": 1.0, ""fm2_surface_correction_px_p50"": 43.58468561742541, ""fm2_vertex_worst_inset_min_px"": 56.05079341076976, ""fm2_violation_run_max_frames"": 0.0, ""fm2_violation_runs"": 0.0, ""fm2_windowed_pass_frac"": 1.0, ""fm3_static_frac"": 0.5554852320675105, ""observed_duration_s"": 158.0, ""reproj_px_p50"": 52.71979584297229, ""reproj_shoulder_widths_p50"": 0.13080214927371347, ""round3_gallery_group"": ""flagged_fm1_sitting"", ""unit_files"": 2.0, ""unit_flagged_frac"": 0.0, ""unit_hip_flexion_min"": 121.59046773491956, ""unit_knee_between_min"": 0.5254689050940318}",render
r4_139,recheck_pass_139_V00_S0851_I00000482_P0972_f0001529,V00_S0851_I00000482_P0972,naturalistic/train/0023/0039/V00_S0851_I00000482_P0972,naturalistic/train/0023/0026/V00_S0851_I00000482_P0971,recheck_pass,recheck,naturalistic,1529,V00,naturalistic,train,ipc_conversation,shown in Round 3 as pass_naturalistic; re-judged under the Round-4 detectors,"{""clip_anchored_on_fm2_violation"": false, ""flag_count"": 0, ""flags_fired"": """", ""fm1_hip_flexion_deg_p50"": 139.82920208049416, ""fm1_knee_between_torso_p50"": 0.6103487662791599, ""fm1_leg_over_torso_p50"": 0.9551718409292989, ""fm1_reasons"": """", ""fm1_shin_verticality_p50"": 0.9992611750555862, ""fm1_sitting_file"": false, ""fm1_sitting_participant"": false, ""fm1_unit"": ""0972@0851"", ""fm1_unit_basis"": ""none"", ""fm2_in_frame_and_valid_frac"": 0.9995934959349594, ""fm2_pass_frac_round3_joints_only"": 1.0, ""fm2_smplh_valid_frac"": 1.0, ""fm2_surface_correction_px_p50"": 46.47970075233002, ""fm2_vertex_worst_inset_min_px"": -1.0971086747731533, ""fm2_violation_run_max_frames"": 2.0, ""fm2_violation_runs"": 1.0, ""fm2_windowed_pass_frac"": 1.0, ""fm3_static_frac"": 0.003048780487804878, ""observed_duration_s"": 164.0, ""reproj_px_p50"": 37.56440258421028, ""reproj_shoulder_widths_p50"": 0.10511164539796086, ""round3_gallery_group"": ""pass_naturalistic"", ""unit_files"": 3.0, ""unit_flagged_frac"": 0.0, ""unit_hip_flexion_min"": 135.93288962341197, ""unit_knee_between_min"": 0.6061217337043838}",render
r4_140,recheck_pass_140_V00_S1120_I00001213_P0682A_f0001975,V00_S1120_I00001213_P0682A,improvised/train/0024/0005/V00_S1120_I00001213_P0682A,improvised/train/0024/0048/V00_S1120_I00001213_P0241A,recheck_pass,recheck,improvised,1975,V00,improvised,train,ipc_conversation,shown in Round 3 as pass_improvised; re-judged under the Round-4 detectors,"{""clip_anchored_on_fm2_violation"": false, ""flag_count"": 0, ""flags_fired"": """", ""fm1_hip_flexion_deg_p50"": 151.10958952975528, ""fm1_knee_between_torso_p50"": 0.5354503486897865, ""fm1_leg_over_torso_p50"": 1.405627600980264, ""fm1_reasons"": """", ""fm1_shin_verticality_p50"": 0.9996714229798958, ""fm1_sitting_file"": false, ""fm1_sitting_participant"": false, ""fm1_unit"": ""0682A@1120"", ""fm1_unit_basis"": ""none"", ""fm2_in_frame_and_valid_frac"": 1.0, ""fm2_pass_frac_round3_joints_only"": 1.0, ""fm2_smplh_valid_frac"": 1.0, ""fm2_surface_correction_px_p50"": 32.22883237509552, ""fm2_vertex_worst_inset_min_px"": 74.66403834818641, ""fm2_violation_run_max_frames"": 0.0, ""fm2_violation_runs"": 0.0, ""fm2_windowed_pass_frac"": 1.0, ""fm3_static_frac"": 0.2920886075949367, ""observed_duration_s"": 316.0, ""reproj_px_p50"": 19.623173423787815, ""reproj_shoulder_widths_p50"": 0.06870695176742134, ""round3_gallery_group"": ""pass_improvised"", ""unit_files"": 1.0, ""unit_flagged_frac"": 0.0, ""unit_hip_flexion_min"": 151.10958952975528, ""unit_knee_between_min"": 0.5354503486897865}",render
r4_141,recheck_pass_141_V00_S1211_I00001139_P0869A_f0001201,V00_S1211_I00001139_P0869A,improvised/train/0027/0013/V00_S1211_I00001139_P0869A,improvised/train/0027/0011/V00_S1211_I00001139_P0464A,recheck_pass,recheck,improvised,1201,V00,improvised,train,ipc_conversation,shown in Round 3 as pass_improvised; re-judged under the Round-4 detectors,"{""clip_anchored_on_fm2_violation"": false, ""flag_count"": 0, ""flags_fired"": """", ""fm1_hip_flexion_deg_p50"": 136.04151546646222, ""fm1_knee_between_torso_p50"": 0.57187183399751, ""fm1_leg_over_torso_p50"": 0.9848485135791397, ""fm1_reasons"": """", ""fm1_shin_verticality_p50"": 0.9993628604219629, ""fm1_sitting_file"": false, ""fm1_sitting_participant"": false, ""fm1_unit"": ""0869A@1211"", ""fm1_unit_basis"": ""none"", ""fm2_in_frame_and_valid_frac"": 1.0, ""fm2_pass_frac_round3_joints_only"": 1.0, ""fm2_smplh_valid_frac"": 1.0, ""fm2_surface_correction_px_p50"": 49.045592725311735, ""fm2_vertex_worst_inset_min_px"": 38.03823012075782, ""fm2_violation_run_max_frames"": 0.0, ""fm2_violation_runs"": 0.0, ""fm2_windowed_pass_frac"": 1.0, ""fm3_static_frac"": 0.27970297029702973, ""observed_duration_s"": 202.0, ""reproj_px_p50"": 26.49158092704479, ""reproj_shoulder_widths_p50"": 0.07585560399645097, ""round3_gallery_group"": ""pass_improvised"", ""unit_files"": 4.0, ""unit_flagged_frac"": 0.0, ""unit_hip_flexion_min"": 136.04151546646222, ""unit_knee_between_min"": 0.5489460617858479}",render
r4_142,recheck_fm3_static_hands_142_V00_S0487_I00000504_P0621_f0000013,V00_S0487_I00000504_P0621,improvised/train/0010/0006/V00_S0487_I00000504_P0621,improvised/train/0010/0015/V00_S0487_I00000504_P0042A,recheck_fm3_static_hands,recheck,improvised,13,V00,improvised,train,ipc_conversation,shown in Round 3 as flagged_fm3_static_hands; re-judged under the Round-4 detectors,"{""clip_anchored_on_fm2_violation"": false, ""flag_count"": 1, ""flags_fired"": ""fm3_static_hands"", ""fm1_hip_flexion_deg_p50"": 168.2221868735997, ""fm1_knee_between_torso_p50"": 0.5956691145029045, ""fm1_leg_over_torso_p50"": 1.3154444887886105, ""fm1_reasons"": """", ""fm1_shin_verticality_p50"": 0.9996144206527183, ""fm1_sitting_file"": false, ""fm1_sitting_participant"": false, ""fm1_unit"": ""0621@0487"", ""fm1_unit_basis"": ""none"", ""fm2_in_frame_and_valid_frac"": 1.0, ""fm2_pass_frac_round3_joints_only"": 1.0, ""fm2_smplh_valid_frac"": 1.0, ""fm2_surface_correction_px_p50"": 42.31117722133422, ""fm2_vertex_worst_inset_min_px"": 56.66234299222788, ""fm2_violation_run_max_frames"": 0.0, ""fm2_violation_runs"": 0.0, ""fm2_windowed_pass_frac"": 1.0, ""fm3_static_frac"": 0.9950819672131147, ""observed_duration_s"": 122.0, ""reproj_px_p50"": 41.570241552874954, ""reproj_shoulder_widths_p50"": 0.1308897587878579, ""round3_gallery_group"": ""flagged_fm3_static_hands"", ""unit_files"": 1.0, ""unit_flagged_frac"": 0.0, ""unit_hip_flexion_min"": 168.2221868735997, ""unit_knee_between_min"": 0.5956691145029045}",render
r4_143,recheck_pass_143_V00_S0665_I00000132_P0300_f0000971,V00_S0665_I00000132_P0300,naturalistic/train/0019/0025/V00_S0665_I00000132_P0300,naturalistic/train/0019/0023/V00_S0665_I00000132_P0424,recheck_pass,recheck,naturalistic,971,V00,naturalistic,train,ipc_conversation,shown in Round 3 as flagged_fm2_framing; re-judged under the Round-4 detectors,"{""clip_anchored_on_fm2_violation"": false, ""flag_count"": 0, ""flags_fired"": """", ""fm1_hip_flexion_deg_p50"": 158.8192990873274, ""fm1_knee_between_torso_p50"": 0.5907318375449685, ""fm1_leg_over_torso_p50"": 1.2361448920690374, ""fm1_reasons"": """", ""fm1_shin_verticality_p50"": 0.9982743664336952, ""fm1_sitting_file"": false, ""fm1_sitting_participant"": false, ""fm1_unit"": ""0300@0665"", ""fm1_unit_basis"": ""none"", ""fm2_in_frame_and_valid_frac"": 0.9936011904761904, ""fm2_pass_frac_round3_joints_only"": 0.9953869047619047, ""fm2_smplh_valid_frac"": 1.0, ""fm2_surface_correction_px_p50"": 38.49468970934004, ""fm2_vertex_worst_inset_min_px"": -42.87131105546143, ""fm2_violation_run_max_frames"": 20.0, ""fm2_violation_runs"": 9.0, ""fm2_windowed_pass_frac"": 0.5714285714285714, ""fm3_static_frac"": 0.21964285714285714, ""observed_duration_s"": 224.0, ""reproj_px_p50"": 21.144071446425578, ""reproj_shoulder_widths_p50"": 0.06539415061531788, ""round3_gallery_group"": ""flagged_fm2_framing"", ""unit_files"": 1.0, ""unit_flagged_frac"": 0.0, ""unit_hip_flexion_min"": 158.8192990873274, ""unit_knee_between_min"": 0.5907318375449685}",render
r4_144,recheck_pass_144_V00_S0783_I00000137_P0922_f0000442,V00_S0783_I00000137_P0922,naturalistic/train/0022/0019/V00_S0783_I00000137_P0922,naturalistic/train/0022/0034/V00_S0783_I00000137_P0437,recheck_pass,recheck,naturalistic,442,V00,naturalistic,train,ipc_conversation,shown in Round 3 as flagged_fm4_mutual_silence; re-judged under the Round-4 detectors,"{""clip_anchored_on_fm2_violation"": false, ""flag_count"": 0, ""flags_fired"": """", ""fm1_hip_flexion_deg_p50"": 124.49449443691313, ""fm1_knee_between_torso_p50"": 0.47812687810677806, ""fm1_leg_over_torso_p50"": 1.0367285652653306, ""fm1_reasons"": """", ""fm1_shin_verticality_p50"": 0.997785154359495, ""fm1_sitting_file"": false, ""fm1_sitting_participant"": false, ""fm1_unit"": ""0922@0783"", ""fm1_unit_basis"": ""none"", ""fm2_in_frame_and_valid_frac"": 1.0, ""fm2_pass_frac_round3_joints_only"": 1.0, ""fm2_smplh_valid_frac"": 1.0, ""fm2_surface_correction_px_p50"": 47.01507630853939, ""fm2_vertex_worst_inset_min_px"": 30.280263476106484, ""fm2_violation_run_max_frames"": 0.0, ""fm2_violation_runs"": 0.0, ""fm2_windowed_pass_frac"": 1.0, ""fm3_static_frac"": 0.6013513513513513, ""observed_duration_s"": 148.0, ""reproj_px_p50"": 19.866077055862867, ""reproj_shoulder_widths_p50"": 0.05545964528430443, ""round3_gallery_group"": ""flagged_fm4_mutual_silence"", ""unit_files"": 1.0, ""unit_flagged_frac"": 0.0, ""unit_hip_flexion_min"": 124.49449443691313, ""unit_knee_between_min"": 0.47812687810677806}",render
r4_145,recheck_pass_145_V00_S1563_I00000663_P0185A_f0001886,V00_S1563_I00000663_P0185A,improvised/train/0037/0014/V00_S1563_I00000663_P0185A,improvised/train/0037/0012/V00_S1563_I00000663_P1148A,recheck_pass,recheck,improvised,1886,V00,improvised,train,ipc_conversation,shown in Round 3 as flagged_fm4_mutual_silence; re-judged under the Round-4 detectors,"{""clip_anchored_on_fm2_violation"": false, ""flag_count"": 0, ""flags_fired"": """", ""fm1_hip_flexion_deg_p50"": 154.75110786226614, ""fm1_knee_between_torso_p50"": 0.5698634385309815, ""fm1_leg_over_torso_p50"": 1.209478688599368, ""fm1_reasons"": """", ""fm1_shin_verticality_p50"": 0.9996144198612866, ""fm1_sitting_file"": false, ""fm1_sitting_participant"": false, ""fm1_unit"": ""0185A@1563"", ""fm1_unit_basis"": ""none"", ""fm2_in_frame_and_valid_frac"": 1.0, ""fm2_pass_frac_round3_joints_only"": 1.0, ""fm2_smplh_valid_frac"": 1.0, ""fm2_surface_correction_px_p50"": 64.54913163447361, ""fm2_vertex_worst_inset_min_px"": 81.17077826252563, ""fm2_violation_run_max_frames"": 0.0, ""fm2_violation_runs"": 0.0, ""fm2_windowed_pass_frac"": 1.0, ""fm3_static_frac"": 0.010873015873015873, ""observed_duration_s"": 420.0, ""reproj_px_p50"": 39.817498402741755, ""reproj_shoulder_widths_p50"": 0.14117553048372117, ""round3_gallery_group"": ""flagged_fm4_mutual_silence"", ""unit_files"": 3.0, ""unit_flagged_frac"": 0.0, ""unit_hip_flexion_min"": 149.4812759146193, ""unit_knee_between_min"": 0.5677306161349339}",render
r4_146,recheck_pass_146_V00_S1163_I00001061_P0878A_f0004668,V00_S1163_I00001061_P0878A,improvised/train/0025/0039/V00_S1163_I00001061_P0878A,improvised/train/0025/0017/V00_S1163_I00001061_P0012,recheck_pass,recheck,improvised,4668,V00,improvised,train,ipc_conversation,shown in Round 3 as flagged_fm4_mutual_silence; re-judged under the Round-4 detectors,"{""clip_anchored_on_fm2_violation"": false, ""flag_count"": 0, ""flags_fired"": """", ""fm1_hip_flexion_deg_p50"": 142.8816577714427, ""fm1_knee_between_torso_p50"": 0.5936770401413974, ""fm1_leg_over_torso_p50"": 1.0153844354763992, ""fm1_reasons"": """", ""fm1_shin_verticality_p50"": 1.0, ""fm1_sitting_file"": false, ""fm1_sitting_participant"": false, ""fm1_unit"": ""0878A@1163"", ""fm1_unit_basis"": ""none"", ""fm2_in_frame_and_valid_frac"": 1.0, ""fm2_pass_frac_round3_joints_only"": 1.0, ""fm2_smplh_valid_frac"": 1.0, ""fm2_surface_correction_px_p50"": 43.86082797145093, ""fm2_vertex_worst_inset_min_px"": 35.932077753390104, ""fm2_violation_run_max_frames"": 0.0, ""fm2_violation_runs"": 0.0, ""fm2_windowed_pass_frac"": 1.0, ""fm3_static_frac"": 0.6603082851637765, ""observed_duration_s"": 346.0, ""reproj_px_p50"": 29.634273492746015, ""reproj_shoulder_widths_p50"": 0.08369365212004962, ""round3_gallery_group"": ""flagged_fm4_mutual_silence"", ""unit_files"": 1.0, ""unit_flagged_frac"": 0.0, ""unit_hip_flexion_min"": 142.8816577714427, ""unit_knee_between_min"": 0.5936770401413974}",render
r4_147,recheck_pass_147_V00_S0147_I00000504_P0070_f0000064,V00_S0147_I00000504_P0070,naturalistic/train/0003/0034/V00_S0147_I00000504_P0070,naturalistic/train/0003/0027/V00_S0147_I00000504_P0209,recheck_pass,recheck,naturalistic,64,V00,naturalistic,train,ipc_conversation,shown in Round 3 as pass_naturalistic; re-judged under the Round-4 detectors,"{""clip_anchored_on_fm2_violation"": false, ""flag_count"": 0, ""flags_fired"": """", ""fm1_hip_flexion_deg_p50"": 144.58327569606615, ""fm1_knee_between_torso_p50"": 0.5532613526431176, ""fm1_leg_over_torso_p50"": 1.2078662351650093, ""fm1_reasons"": """", ""fm1_shin_verticality_p50"": 0.9982743724039469, ""fm1_sitting_file"": false, ""fm1_sitting_participant"": false, ""fm1_unit"": ""0070@0147"", ""fm1_unit_basis"": ""none"", ""fm2_in_frame_and_valid_frac"": 0.998062015503876, ""fm2_pass_frac_round3_joints_only"": 1.0, ""fm2_smplh_valid_frac"": 1.0, ""fm2_surface_correction_px_p50"": 44.58804865841023, ""fm2_vertex_worst_inset_min_px"": 7.072956586212285, ""fm2_violation_run_max_frames"": 5.0, ""fm2_violation_runs"": 1.0, ""fm2_windowed_pass_frac"": 1.0, ""fm3_static_frac"": 0.7232558139534884, ""observed_duration_s"": 86.0, ""reproj_px_p50"": 18.004152507992508, ""reproj_shoulder_widths_p50"": 0.05060820458608653, ""round3_gallery_group"": ""pass_naturalistic"", ""unit_files"": 3.0, ""unit_flagged_frac"": 0.0, ""unit_hip_flexion_min"": 139.00122018710948, ""unit_knee_between_min"": 0.5472410133203769}",render
r4_148,recheck_multi_148_V00_S0172_I00000543_P0012_f0010440,V00_S0172_I00000543_P0012,improvised/train/0004/0034/V00_S0172_I00000543_P0012,improvised/train/0004/0023/V00_S0172_I00000543_P0027A,recheck_multi,recheck,improvised,10440,V00,improvised,train,grounded_gesture,shown in Round 3 as flagged_multi; re-judged under the Round-4 detectors,"{""clip_anchored_on_fm2_violation"": true, ""flag_count"": 2, ""flags_fired"": ""fm2_smplh_invalid+fm3_static_hands"", ""fm1_hip_flexion_deg_p50"": 123.90787581982681, ""fm1_knee_between_torso_p50"": 0.43915988907728865, ""fm1_leg_over_torso_p50"": 1.428308016360213, ""fm1_reasons"": """", ""fm1_shin_verticality_p50"": 0.9986178247796202, ""fm1_sitting_file"": false, ""fm1_sitting_participant"": false, ""fm1_unit"": ""0012@0172"", ""fm1_unit_basis"": ""none"", ""fm2_in_frame_and_valid_frac"": 0.9872134038800705, ""fm2_pass_frac_round3_joints_only"": 0.9886243386243386, ""fm2_smplh_valid_frac"": 0.9951499118165785, ""fm2_surface_correction_px_p50"": 47.028610837179485, ""fm2_vertex_worst_inset_min_px"": -139.67936836836452, ""fm2_violation_run_max_frames"": 39.0, ""fm2_violation_runs"": 20.0, ""fm2_windowed_pass_frac"": 0.3333333333333333, ""fm3_static_frac"": 0.777336860670194, ""observed_duration_s"": 378.0, ""reproj_px_p50"": 18.783717556150602, ""reproj_shoulder_widths_p50"": 0.052573308825422424, ""round3_gallery_group"": ""flagged_multi"", ""unit_files"": 1.0, ""unit_flagged_frac"": 0.0, ""unit_hip_flexion_min"": 123.90787581982681, ""unit_knee_between_min"": 0.43915988907728865}",render
r4_149,recheck_pass_149_V00_S0244_I00000483_P0333_f0004169,V00_S0244_I00000483_P0333,naturalistic/train/0005/0036/V00_S0244_I00000483_P0333,naturalistic/train/0005/0035/V00_S0244_I00000483_P0332,recheck_pass,recheck,naturalistic,4169,V00,naturalistic,train,ipc_conversation,shown in Round 3 as pass_naturalistic; re-judged under the Round-4 detectors,"{""clip_anchored_on_fm2_violation"": false, ""flag_count"": 0, ""flags_fired"": """", ""fm1_hip_flexion_deg_p50"": 150.38194886291961, ""fm1_knee_between_torso_p50"": 0.5563011773390307, ""fm1_leg_over_torso_p50"": 1.131320336902664, ""fm1_reasons"": """", ""fm1_shin_verticality_p50"": 0.9980525748109575, ""fm1_sitting_file"": false, ""fm1_sitting_participant"": false, ""fm1_unit"": ""0333@0244"", ""fm1_unit_basis"": ""none"", ""fm2_in_frame_and_valid_frac"": 1.0, ""fm2_pass_frac_round3_joints_only"": 1.0, ""fm2_smplh_valid_frac"": 1.0, ""fm2_surface_correction_px_p50"": 42.80108179480817, ""fm2_vertex_worst_inset_min_px"": 54.253421782918394, ""fm2_violation_run_max_frames"": 0.0, ""fm2_violation_runs"": 0.0, ""fm2_windowed_pass_frac"": 1.0, ""fm3_static_frac"": 0.36666666666666664, ""observed_duration_s"": 216.0, ""reproj_px_p50"": 24.059345251442338, ""reproj_shoulder_widths_p50"": 0.07268712017887131, ""round3_gallery_group"": ""pass_naturalistic"", ""unit_files"": 2.0, ""unit_flagged_frac"": 0.0, ""unit_hip_flexion_min"": 149.57556293818902, ""unit_knee_between_min"": 0.5563011773390307}",render
r4_150,recheck_fm1_sitting_150_V00_S0700_I00000579_P0844A_f0000419,V00_S0700_I00000579_P0844A,improvised/dev/0000/0044/V00_S0700_I00000579_P0844A,improvised/dev/0000/0011/V00_S0700_I00000579_P0852,recheck_fm1_sitting,recheck,improvised,419,V00,improvised,dev,ipc_conversation,shown in Round 3 as flagged_fm1_sitting; re-judged under the Round-4 detectors,"{""clip_anchored_on_fm2_violation"": false, ""flag_count"": 1, ""flags_fired"": ""fm1_sitting"", ""fm1_hip_flexion_deg_p50"": 99.0379527778387, ""fm1_knee_between_torso_p50"": 0.30387815733599854, ""fm1_leg_over_torso_p50"": 1.6099685099515653, ""fm1_reasons"": ""knee_between"", ""fm1_shin_verticality_p50"": 0.948683258202311, ""fm1_sitting_file"": true, ""fm1_sitting_participant"": true, ""fm1_unit"": ""0844A@0700"", ""fm1_unit_basis"": ""majority"", ""fm2_in_frame_and_valid_frac"": 1.0, ""fm2_pass_frac_round3_joints_only"": 1.0, ""fm2_smplh_valid_frac"": 1.0, ""fm2_surface_correction_px_p50"": 48.19331495165528, ""fm2_vertex_worst_inset_min_px"": 9.968409427541246, ""fm2_violation_run_max_frames"": 0.0, ""fm2_violation_runs"": 0.0, ""fm2_windowed_pass_frac"": 1.0, ""fm3_static_frac"": 0.35532646048109967, ""observed_duration_s"": 194.0, ""reproj_px_p50"": 25.68591150889545, ""reproj_shoulder_widths_p50"": 0.07839225073796212, ""round3_gallery_group"": ""flagged_fm1_sitting"", ""unit_files"": 1.0, ""unit_flagged_frac"": 1.0, ""unit_hip_flexion_min"": 99.0379527778387, ""unit_knee_between_min"": 0.30387815733599854}",render
r4_151,recheck_fm3_static_hands_151_V00_S1121_I00000249_P0871_f0000245,V00_S1121_I00000249_P0871,naturalistic/train/0026/0040/V00_S1121_I00000249_P0871,naturalistic/train/0026/0037/V00_S1121_I00000249_P1090,recheck_fm3_static_hands,recheck,naturalistic,245,V00,naturalistic,train,ipc_conversation,shown in Round 3 as flagged_fm3_static_hands; re-judged under the Round-4 detectors,"{""clip_anchored_on_fm2_violation"": false, ""flag_count"": 1, ""flags_fired"": ""fm3_static_hands"", ""fm1_hip_flexion_deg_p50"": 154.3879662715637, ""fm1_knee_between_torso_p50"": 0.57876269895984, ""fm1_leg_over_torso_p50"": 1.1749759594837839, ""fm1_reasons"": """", ""fm1_shin_verticality_p50"": 0.9983713354349586, ""fm1_sitting_file"": false, ""fm1_sitting_participant"": false, ""fm1_unit"": ""0871@1121"", ""fm1_unit_basis"": ""none"", ""fm2_in_frame_and_valid_frac"": 1.0, ""fm2_pass_frac_round3_joints_only"": 1.0, ""fm2_smplh_valid_frac"": 1.0, ""fm2_surface_correction_px_p50"": 42.6032757092313, ""fm2_vertex_worst_inset_min_px"": 6.173012264425552, ""fm2_violation_run_max_frames"": 0.0, ""fm2_violation_runs"": 0.0, ""fm2_windowed_pass_frac"": 1.0, ""fm3_static_frac"": 0.7556737588652482, ""observed_duration_s"": 94.0, ""reproj_px_p50"": 17.42355001399057, ""reproj_shoulder_widths_p50"": 0.04700788956928642, ""round3_gallery_group"": ""flagged_fm3_static_hands"", ""unit_files"": 3.0, ""unit_flagged_frac"": 0.0, ""unit_hip_flexion_min"": 152.76697383884016, ""unit_knee_between_min"": 0.57876269895984}",render
r4_152,recheck_pass_152_V00_S1393_I00000104_P1134_f0003098,V00_S1393_I00000104_P1134,naturalistic/train/0027/0044/V00_S1393_I00000104_P1134,naturalistic/train/0027/0023/V00_S1393_I00000104_P0576,recheck_pass,recheck,naturalistic,3098,V00,naturalistic,train,ipc_conversation,shown in Round 3 as pass_naturalistic; re-judged under the Round-4 detectors,"{""clip_anchored_on_fm2_violation"": false, ""flag_count"": 0, ""flags_fired"": """", ""fm1_hip_flexion_deg_p50"": 141.70519216687063, ""fm1_knee_between_torso_p50"": 0.5754170618754427, ""fm1_leg_over_torso_p50"": 1.0325507414417847, ""fm1_reasons"": """", ""fm1_shin_verticality_p50"": 0.9994449140724275, ""fm1_sitting_file"": false, ""fm1_sitting_participant"": false, ""fm1_unit"": ""1134@1393"", ""fm1_unit_basis"": ""none"", ""fm2_in_frame_and_valid_frac"": 1.0, ""fm2_pass_frac_round3_joints_only"": 1.0, ""fm2_smplh_valid_frac"": 1.0, ""fm2_surface_correction_px_p50"": 40.69939315207239, ""fm2_vertex_worst_inset_min_px"": 59.77108310809581, ""fm2_violation_run_max_frames"": 0.0, ""fm2_violation_runs"": 0.0, ""fm2_windowed_pass_frac"": 1.0, ""fm3_static_frac"": 0.2057017543859649, ""observed_duration_s"": 228.0, ""reproj_px_p50"": 39.76802226681122, ""reproj_shoulder_widths_p50"": 0.12732311516916356, ""round3_gallery_group"": ""pass_naturalistic"", ""unit_files"": 4.0, ""unit_flagged_frac"": 0.0, ""unit_hip_flexion_min"": 138.8131821429675, ""unit_knee_between_min"": 0.5608690271324126}",render
r4_153,recheck_fm2_smplh_invalid_153_V00_S1564_I00001111_P1099A_f0010699,V00_S1564_I00001111_P1099A,improvised/train/0037/0032/V00_S1564_I00001111_P1099A,improvised/train/0037/0025/V00_S1564_I00001111_P0041A,recheck_fm2_smplh_invalid,recheck,improvised,10699,V00,improvised,train,ipc_conversation,shown in Round 3 as flagged_fm1_sitting; re-judged under the Round-4 detectors,"{""clip_anchored_on_fm2_violation"": true, ""flag_count"": 1, ""flags_fired"": ""fm2_smplh_invalid"", ""fm1_hip_flexion_deg_p50"": 123.49189788341627, ""fm1_knee_between_torso_p50"": 0.5387243535070905, ""fm1_leg_over_torso_p50"": 0.7986854899700341, ""fm1_reasons"": """", ""fm1_shin_verticality_p50"": 0.9916004348401402, ""fm1_sitting_file"": false, ""fm1_sitting_participant"": false, ""fm1_unit"": ""1099A@1564"", ""fm1_unit_basis"": ""none"", ""fm2_in_frame_and_valid_frac"": 0.9716076696165191, ""fm2_pass_frac_round3_joints_only"": 0.9763274336283185, ""fm2_smplh_valid_frac"": 0.9853982300884956, ""fm2_surface_correction_px_p50"": 35.343342892212064, ""fm2_vertex_worst_inset_min_px"": -208.14667818741532, ""fm2_violation_run_max_frames"": 174.0, ""fm2_violation_runs"": 13.0, ""fm2_windowed_pass_frac"": 0.6, ""fm3_static_frac"": 0.05103244837758112, ""observed_duration_s"": 452.0, ""reproj_px_p50"": 21.481168149606653, ""reproj_shoulder_widths_p50"": 0.05650698853584268, ""round3_gallery_group"": ""flagged_fm1_sitting"", ""unit_files"": 1.0, ""unit_flagged_frac"": 0.0, ""unit_hip_flexion_min"": 123.49189788341627, ""unit_knee_between_min"": 0.5387243535070905}",render
r4_154,recheck_fm3_static_hands_154_V00_S1875_I00001029_P0180A_f0003958,V00_S1875_I00001029_P0180A,improvised/train/0046/0006/V00_S1875_I00001029_P0180A,improvised/train/0046/0045/V00_S1875_I00001029_P0933A,recheck_fm3_static_hands,recheck,improvised,3958,V00,improvised,train,ipc_conversation,shown in Round 3 as flagged_fm3_static_hands; re-judged under the Round-4 detectors,"{""clip_anchored_on_fm2_violation"": false, ""flag_count"": 1, ""flags_fired"": ""fm3_static_hands"", ""fm1_hip_flexion_deg_p50"": 152.6762032950699, ""fm1_knee_between_torso_p50"": 0.5583596550910528, ""fm1_leg_over_torso_p50"": 1.274754612044072, ""fm1_reasons"": """", ""fm1_shin_verticality_p50"": 0.9961298512451394, ""fm1_sitting_file"": false, ""fm1_sitting_participant"": false, ""fm1_unit"": ""0180A@1875"", ""fm1_unit_basis"": ""none"", ""fm2_in_frame_and_valid_frac"": 1.0, ""fm2_pass_frac_round3_joints_only"": 1.0, ""fm2_smplh_valid_frac"": 1.0, ""fm2_surface_correction_px_p50"": 36.059470574206216, ""fm2_vertex_worst_inset_min_px"": 130.40040685481097, ""fm2_violation_run_max_frames"": 0.0, ""fm2_violation_runs"": 0.0, ""fm2_windowed_pass_frac"": 1.0, ""fm3_static_frac"": 0.8192786069651742, ""observed_duration_s"": 268.0, ""reproj_px_p50"": 15.810344840781497, ""reproj_shoulder_widths_p50"": 0.05320599213242234, ""round3_gallery_group"": ""flagged_fm3_static_hands"", ""unit_files"": 1.0, ""unit_flagged_frac"": 0.0, ""unit_hip_flexion_min"": 152.6762032950699, ""unit_knee_between_min"": 0.5583596550910528}",render
r4_155,recheck_pass_155_V00_S1992_I00000197_P1255_f0001755,V00_S1992_I00000197_P1255,naturalistic/train/0032/0001/V00_S1992_I00000197_P1255,naturalistic/train/0032/0047/V00_S1992_I00000197_P0462,recheck_pass,recheck,naturalistic,1755,V00,naturalistic,train,ipc_conversation,shown in Round 3 as flagged_fm4_mutual_silence; re-judged under the Round-4 detectors,"{""clip_anchored_on_fm2_violation"": false, ""flag_count"": 0, ""flags_fired"": """", ""fm1_hip_flexion_deg_p50"": 152.37907483053533, ""fm1_knee_between_torso_p50"": 0.5366471577531302, ""fm1_leg_over_torso_p50"": 1.322580467106093, ""fm1_reasons"": """", ""fm1_shin_verticality_p50"": 0.9996714362209644, ""fm1_sitting_file"": false, ""fm1_sitting_participant"": false, ""fm1_unit"": ""1255@1992"", ""fm1_unit_basis"": ""none"", ""fm2_in_frame_and_valid_frac"": 1.0, ""fm2_pass_frac_round3_joints_only"": 1.0, ""fm2_smplh_valid_frac"": 1.0, ""fm2_surface_correction_px_p50"": 47.16431564803372, ""fm2_vertex_worst_inset_min_px"": 122.68584673750894, ""fm2_violation_run_max_frames"": 0.0, ""fm2_violation_runs"": 0.0, ""fm2_windowed_pass_frac"": 1.0, ""fm3_static_frac"": 0.7031963470319634, ""observed_duration_s"": 146.0, ""reproj_px_p50"": 19.626030554949843, ""reproj_shoulder_widths_p50"": 0.06734545525107613, ""round3_gallery_group"": ""flagged_fm4_mutual_silence"", ""unit_files"": 3.0, ""unit_flagged_frac"": 0.0, ""unit_hip_flexion_min"": 149.63879121889397, ""unit_knee_between_min"": 0.5366471577531302}",render
r4_156,recheck_pass_156_V00_S0728_I00000498_P0876_f0004571,V00_S0728_I00000498_P0876,naturalistic/train/0020/0030/V00_S0728_I00000498_P0876,naturalistic/train/0020/0015/V00_S0728_I00000498_P0877,recheck_pass,recheck,naturalistic,4571,V00,naturalistic,train,ipc_conversation,shown in Round 3 as flagged_fm1_sitting; re-judged under the Round-4 detectors,"{""clip_anchored_on_fm2_violation"": false, ""flag_count"": 0, ""flags_fired"": """", ""fm1_hip_flexion_deg_p50"": 137.98729117677294, ""fm1_knee_between_torso_p50"": 0.5941090308659293, ""fm1_leg_over_torso_p50"": 0.8479197573623465, ""fm1_reasons"": """", ""fm1_shin_verticality_p50"": 0.999261169372929, ""fm1_sitting_file"": false, ""fm1_sitting_participant"": false, ""fm1_unit"": ""0876@0728"", ""fm1_unit_basis"": ""none"", ""fm2_in_frame_and_valid_frac"": 1.0, ""fm2_pass_frac_round3_joints_only"": 1.0, ""fm2_smplh_valid_frac"": 1.0, ""fm2_surface_correction_px_p50"": 48.04925794426663, ""fm2_vertex_worst_inset_min_px"": 4.218626818503708, ""fm2_violation_run_max_frames"": 0.0, ""fm2_violation_runs"": 0.0, ""fm2_windowed_pass_frac"": 1.0, ""fm3_static_frac"": 0.46683673469387754, ""observed_duration_s"": 196.0, ""reproj_px_p50"": 39.43549687298398, ""reproj_shoulder_widths_p50"": 0.10582408787618691, ""round3_gallery_group"": ""flagged_fm1_sitting"", ""unit_files"": 6.0, ""unit_flagged_frac"": 0.0, ""unit_hip_flexion_min"": 136.338827287528, ""unit_knee_between_min"": 0.5762377137979516}",render
r4_157,recheck_pass_157_V00_S1686_I00000606_P1161_f0002026,V00_S1686_I00000606_P1161,naturalistic/train/0028/0020/V00_S1686_I00000606_P1161,naturalistic/train/0028/0015/V00_S1686_I00000606_P0205,recheck_pass,recheck,naturalistic,2026,V00,naturalistic,train,grounded_gesture,shown in Round 3 as flagged_fm4_mutual_silence; re-judged under the Round-4 detectors,"{""clip_anchored_on_fm2_violation"": false, ""flag_count"": 0, ""flags_fired"": """", ""fm1_hip_flexion_deg_p50"": 157.24146094386953, ""fm1_knee_between_torso_p50"": 0.5785532814426729, ""fm1_leg_over_torso_p50"": 1.2413950446963447, ""fm1_reasons"": """", ""fm1_shin_verticality_p50"": 0.9995677477018703, ""fm1_sitting_file"": false, ""fm1_sitting_participant"": false, ""fm1_unit"": ""1161@1686"", ""fm1_unit_basis"": ""none"", ""fm2_in_frame_and_valid_frac"": 1.0, ""fm2_pass_frac_round3_joints_only"": 1.0, ""fm2_smplh_valid_frac"": 1.0, ""fm2_surface_correction_px_p50"": 30.618100147104883, ""fm2_vertex_worst_inset_min_px"": 168.94078800693472, ""fm2_violation_run_max_frames"": 0.0, ""fm2_violation_runs"": 0.0, ""fm2_windowed_pass_frac"": 1.0, ""fm3_static_frac"": 0.4884408602150538, ""observed_duration_s"": 124.0, ""reproj_px_p50"": 34.66558586032936, ""reproj_shoulder_widths_p50"": 0.12246491225157297, ""round3_gallery_group"": ""flagged_fm4_mutual_silence"", ""unit_files"": 4.0, ""unit_flagged_frac"": 0.0, ""unit_hip_flexion_min"": 157.24146094386953, ""unit_knee_between_min"": 0.57578339787307}",render
r4_158,recheck_fm3_static_hands_158_V00_S0288_I00000125_P0390_f0000522,V00_S0288_I00000125_P0390,naturalistic/train/0007/0006/V00_S0288_I00000125_P0390,naturalistic/train/0007/0011/V00_S0288_I00000125_P0391,recheck_fm3_static_hands,recheck,naturalistic,522,V00,naturalistic,train,ipc_conversation,shown in Round 3 as flagged_multi; re-judged under the Round-4 detectors,"{""clip_anchored_on_fm2_violation"": false, ""flag_count"": 1, ""flags_fired"": ""fm3_static_hands"", ""fm1_hip_flexion_deg_p50"": 120.98508038041723, ""fm1_knee_between_torso_p50"": 0.4969212562114147, ""fm1_leg_over_torso_p50"": 0.9300416908596426, ""fm1_reasons"": """", ""fm1_shin_verticality_p50"": 0.9946917797054784, ""fm1_sitting_file"": false, ""fm1_sitting_participant"": false, ""fm1_unit"": ""0390@0288"", ""fm1_unit_basis"": ""none"", ""fm2_in_frame_and_valid_frac"": 1.0, ""fm2_pass_frac_round3_joints_only"": 1.0, ""fm2_smplh_valid_frac"": 1.0, ""fm2_surface_correction_px_p50"": 54.50125851964117, ""fm2_vertex_worst_inset_min_px"": 37.01359672122453, ""fm2_violation_run_max_frames"": 0.0, ""fm2_violation_runs"": 0.0, ""fm2_windowed_pass_frac"": 1.0, ""fm3_static_frac"": 0.9936507936507937, ""observed_duration_s"": 84.0, ""reproj_px_p50"": 17.412461529341, ""reproj_shoulder_widths_p50"": 0.041012144729416534, ""round3_gallery_group"": ""flagged_multi"", ""unit_files"": 1.0, ""unit_flagged_frac"": 0.0, ""unit_hip_flexion_min"": 120.98508038041723, ""unit_knee_between_min"": 0.4969212562114147}",render
r4_159,recheck_pass_159_V00_S0785_I00000384_P0464A_f0000458,V00_S0785_I00000384_P0464A,improvised/train/0015/0001/V00_S0785_I00000384_P0464A,improvised/train/0015/0010/V00_S0785_I00000384_P0924,recheck_pass,recheck,improvised,458,V00,improvised,train,ipc_conversation,shown in Round 3 as pass_improvised; re-judged under the Round-4 detectors,"{""clip_anchored_on_fm2_violation"": false, ""flag_count"": 0, ""flags_fired"": """", ""fm1_hip_flexion_deg_p50"": 157.50113475837588, ""fm1_knee_between_torso_p50"": 0.5582920352314478, ""fm1_leg_over_torso_p50"": 1.277595028947695, ""fm1_reasons"": """", ""fm1_shin_verticality_p50"": 0.9996144247580518, ""fm1_sitting_file"": false, ""fm1_sitting_participant"": false, ""fm1_unit"": ""0464A@0785"", ""fm1_unit_basis"": ""none"", ""fm2_in_frame_and_valid_frac"": 1.0, ""fm2_pass_frac_round3_joints_only"": 1.0, ""fm2_smplh_valid_frac"": 1.0, ""fm2_surface_correction_px_p50"": 31.67060798800344, ""fm2_vertex_worst_inset_min_px"": 34.429219416558965, ""fm2_violation_run_max_frames"": 0.0, ""fm2_violation_runs"": 0.0, ""fm2_windowed_pass_frac"": 1.0, ""fm3_static_frac"": 0.2964646464646465, ""observed_duration_s"": 132.0, ""reproj_px_p50"": 41.1121726526291, ""reproj_shoulder_widths_p50"": 0.12501853013339487, ""round3_gallery_group"": ""pass_improvised"", ""unit_files"": 4.0, ""unit_flagged_frac"": 0.0, ""unit_hip_flexion_min"": 157.50113475837588, ""unit_knee_between_min"": 0.5568625873336317}",render
r4_160,recheck_pass_160_V00_S1959_I00000250_P1228_f0002992,V00_S1959_I00000250_P1228,naturalistic/train/0032/0017/V00_S1959_I00000250_P1228,naturalistic/train/0032/0029/V00_S1959_I00000250_P0984,recheck_pass,recheck,naturalistic,2992,V00,naturalistic,train,ipc_conversation,shown in Round 3 as flagged_fm2_framing; re-judged under the Round-4 detectors,"{""clip_anchored_on_fm2_violation"": false, ""flag_count"": 0, ""flags_fired"": """", ""fm1_hip_flexion_deg_p50"": 132.20360939907354, ""fm1_knee_between_torso_p50"": 0.519477946277745, ""fm1_leg_over_torso_p50"": 1.0984187773750822, ""fm1_reasons"": """", ""fm1_shin_verticality_p50"": 0.992277908923154, ""fm1_sitting_file"": false, ""fm1_sitting_participant"": false, ""fm1_unit"": ""1228@1959"", ""fm1_unit_basis"": ""none"", ""fm2_in_frame_and_valid_frac"": 0.9992753623188406, ""fm2_pass_frac_round3_joints_only"": 0.9995169082125603, ""fm2_smplh_valid_frac"": 1.0, ""fm2_surface_correction_px_p50"": 40.98015393980711, ""fm2_vertex_worst_inset_min_px"": -6.352885533596577, ""fm2_violation_run_max_frames"": 3.0, ""fm2_violation_runs"": 1.0, ""fm2_windowed_pass_frac"": 0.75, ""fm3_static_frac"": 0.18985507246376812, ""observed_duration_s"": 138.0, ""reproj_px_p50"": 42.903346261243655, ""reproj_shoulder_widths_p50"": 0.12378185139899055, ""round3_gallery_group"": ""flagged_fm2_framing"", ""unit_files"": 4.0, ""unit_flagged_frac"": 0.0, ""unit_hip_flexion_min"": 125.22852947864604, ""unit_knee_between_min"": 0.49944864867230215}",render
r4_161,recheck_pass_161_V00_S2034_I00000719_P1289A_f0001579,V00_S2034_I00000719_P1289A,improvised/train/0049/0019/V00_S2034_I00000719_P1289A,improvised/train/0049/0021/V00_S2034_I00000719_P1291A,recheck_pass,recheck,improvised,1579,V00,improvised,train,ipc_conversation,shown in Round 3 as flagged_fm4_mutual_silence; re-judged under the Round-4 detectors,"{""clip_anchored_on_fm2_violation"": false, ""flag_count"": 0, ""flags_fired"": """", ""fm1_hip_flexion_deg_p50"": 152.65509833277687, ""fm1_knee_between_torso_p50"": 0.5705636873587236, ""fm1_leg_over_torso_p50"": 1.233612444254554, ""fm1_reasons"": """", ""fm1_shin_verticality_p50"": 0.9982743697892431, ""fm1_sitting_file"": false, ""fm1_sitting_participant"": false, ""fm1_unit"": ""1289A@2034"", ""fm1_unit_basis"": ""none"", ""fm2_in_frame_and_valid_frac"": 1.0, ""fm2_pass_frac_round3_joints_only"": 1.0, ""fm2_smplh_valid_frac"": 1.0, ""fm2_surface_correction_px_p50"": 41.43086797683293, ""fm2_vertex_worst_inset_min_px"": 166.51456820745665, ""fm2_violation_run_max_frames"": 0.0, ""fm2_violation_runs"": 0.0, ""fm2_windowed_pass_frac"": 1.0, ""fm3_static_frac"": 0.16825396825396827, ""observed_duration_s"": 252.0, ""reproj_px_p50"": 28.1671963396154, ""reproj_shoulder_widths_p50"": 0.09260622169527721, ""round3_gallery_group"": ""flagged_fm4_mutual_silence"", ""unit_files"": 1.0, ""unit_flagged_frac"": 0.0, ""unit_hip_flexion_min"": 152.65509833277687, ""unit_knee_between_min"": 0.5705636873587236}",render
r4_162,recheck_pass_162_V00_S0385_I00000371_P0510_f0002529,V00_S0385_I00000371_P0510,naturalistic/train/0010/0028/V00_S0385_I00000371_P0510,naturalistic/train/0010/0043/V00_S0385_I00000371_P0119,recheck_pass,recheck,naturalistic,2529,V00,naturalistic,train,ipc_conversation,shown in Round 3 as pass_naturalistic; re-judged under the Round-4 detectors,"{""clip_anchored_on_fm2_violation"": false, ""flag_count"": 0, ""flags_fired"": """", ""fm1_hip_flexion_deg_p50"": 120.89849463636952, ""fm1_knee_between_torso_p50"": 0.4833749466511462, ""fm1_leg_over_torso_p50"": 1.0164921507850502, ""fm1_reasons"": """", ""fm1_shin_verticality_p50"": 0.9994449000839116, ""fm1_sitting_file"": false, ""fm1_sitting_participant"": false, ""fm1_unit"": ""0510@0385"", ""fm1_unit_basis"": ""none"", ""fm2_in_frame_and_valid_frac"": 0.9998575498575498, ""fm2_pass_frac_round3_joints_only"": 1.0, ""fm2_smplh_valid_frac"": 1.0, ""fm2_surface_correction_px_p50"": 49.93707430482846, ""fm2_vertex_worst_inset_min_px"": 30.278714970195722, ""fm2_violation_run_max_frames"": 1.0, ""fm2_violation_runs"": 1.0, ""fm2_windowed_pass_frac"": 1.0, ""fm3_static_frac"": 0.6914529914529914, ""observed_duration_s"": 234.0, ""reproj_px_p50"": 27.601368761401957, ""reproj_shoulder_widths_p50"": 0.07270738597334328, ""round3_gallery_group"": ""pass_naturalistic"", ""unit_files"": 1.0, ""unit_flagged_frac"": 0.0, ""unit_hip_flexion_min"": 120.89849463636952, ""unit_knee_between_min"": 0.4833749466511462}",render
r4_163,recheck_fm3_static_hands_163_V00_S0071_I00000307_P0106_f0001253,V00_S0071_I00000307_P0106,improvised/train/0001/0010/V00_S0071_I00000307_P0106,,recheck_fm3_static_hands,recheck,improvised,1253,V00,improvised,train,ipc_conversation,shown in Round 3 as flagged_fm3_static_hands; re-judged under the Round-4 detectors,"{""clip_anchored_on_fm2_violation"": false, ""flag_count"": 1, ""flags_fired"": ""fm3_static_hands"", ""fm1_hip_flexion_deg_p50"": 154.76933377155592, ""fm1_knee_between_torso_p50"": 0.5448263448337722, ""fm1_leg_over_torso_p50"": 1.3574306536647949, ""fm1_reasons"": """", ""fm1_shin_verticality_p50"": 0.9996144220552925, ""fm1_sitting_file"": false, ""fm1_sitting_participant"": false, ""fm1_unit"": ""0106@0071"", ""fm1_unit_basis"": ""none"", ""fm2_in_frame_and_valid_frac"": 1.0, ""fm2_pass_frac_round3_joints_only"": 1.0, ""fm2_smplh_valid_frac"": 1.0, ""fm2_surface_correction_px_p50"": 36.82956482944428, ""fm2_vertex_worst_inset_min_px"": 130.37954268758403, ""fm2_violation_run_max_frames"": 0.0, ""fm2_violation_runs"": 0.0, ""fm2_windowed_pass_frac"": 1.0, ""fm3_static_frac"": 0.8182051282051283, ""observed_duration_s"": 130.0, ""reproj_px_p50"": 30.20091494061957, ""reproj_shoulder_widths_p50"": 0.10569579909501683, ""round3_gallery_group"": ""flagged_fm3_static_hands"", ""unit_files"": 3.0, ""unit_flagged_frac"": 0.0, ""unit_hip_flexion_min"": 154.76933377155592, ""unit_knee_between_min"": 0.5448263448337722}",render
r4_164,recheck_pass_164_V00_S0516_I00000379_P0027A_f0001293,V00_S0516_I00000379_P0027A,naturalistic/train/0014/0041/V00_S0516_I00000379_P0027A,naturalistic/train/0014/0038/V00_S0516_I00000379_P0658A,recheck_pass,recheck,naturalistic,1293,V00,naturalistic,train,ipc_conversation,shown in Round 3 as pass_naturalistic; re-judged under the Round-4 detectors,"{""clip_anchored_on_fm2_violation"": false, ""flag_count"": 0, ""flags_fired"": """", ""fm1_hip_flexion_deg_p50"": 149.66518914847956, ""fm1_knee_between_torso_p50"": 0.5143433640841314, ""fm1_leg_over_torso_p50"": 1.4490561741449601, ""fm1_reasons"": """", ""fm1_shin_verticality_p50"": 0.9988123522299989, ""fm1_sitting_file"": false, ""fm1_sitting_participant"": false, ""fm1_unit"": ""0027A@0516"", ""fm1_unit_basis"": ""none"", ""fm2_in_frame_and_valid_frac"": 1.0, ""fm2_pass_frac_round3_joints_only"": 1.0, ""fm2_smplh_valid_frac"": 1.0, ""fm2_surface_correction_px_p50"": 32.88692741927798, ""fm2_vertex_worst_inset_min_px"": 107.71441082196861, ""fm2_violation_run_max_frames"": 0.0, ""fm2_violation_runs"": 0.0, ""fm2_windowed_pass_frac"": 1.0, ""fm3_static_frac"": 0.4335748792270531, ""observed_duration_s"": 138.0, ""reproj_px_p50"": 16.404106140488928, ""reproj_shoulder_widths_p50"": 0.05444975107991426, ""round3_gallery_group"": ""pass_naturalistic"", ""unit_files"": 1.0, ""unit_flagged_frac"": 0.0, ""unit_hip_flexion_min"": 149.66518914847956, ""unit_knee_between_min"": 0.5143433640841314}",render
r4_165,recheck_pass_165_V00_S0786_I00000535_P0806_f0003166,V00_S0786_I00000535_P0806,improvised/train/0015/0009/V00_S0786_I00000535_P0806,improvised/train/0015/0028/V00_S0786_I00000535_P0920A,recheck_pass,recheck,improvised,3166,V00,improvised,train,ipc_conversation,shown in Round 3 as pass_improvised; re-judged under the Round-4 detectors,"{""clip_anchored_on_fm2_violation"": false, ""flag_count"": 0, ""flags_fired"": """", ""fm1_hip_flexion_deg_p50"": 146.6012351244388, ""fm1_knee_between_torso_p50"": 0.5170352397337243, ""fm1_leg_over_torso_p50"": 1.5457306815358764, ""fm1_reasons"": """", ""fm1_shin_verticality_p50"": 0.9996714331726191, ""fm1_sitting_file"": false, ""fm1_sitting_participant"": false, ""fm1_unit"": ""0806@0786"", ""fm1_unit_basis"": ""none"", ""fm2_in_frame_and_valid_frac"": 0.9998062015503876, ""fm2_pass_frac_round3_joints_only"": 1.0, ""fm2_smplh_valid_frac"": 1.0, ""fm2_surface_correction_px_p50"": 38.69181845606465, ""fm2_vertex_worst_inset_min_px"": 16.685734552444956, ""fm2_violation_run_max_frames"": 1.0, ""fm2_violation_runs"": 1.0, ""fm2_windowed_pass_frac"": 1.0, ""fm3_static_frac"": 0.5327519379844962, ""observed_duration_s"": 172.0, ""reproj_px_p50"": 14.554569646243852, ""reproj_shoulder_widths_p50"": 0.04518341822427053, ""round3_gallery_group"": ""pass_improvised"", ""unit_files"": 1.0, ""unit_flagged_frac"": 0.0, ""unit_hip_flexion_min"": 146.6012351244388, ""unit_knee_between_min"": 0.5170352397337243}",render
r4_166,recheck_fm3_static_hands_166_V00_S1771_I00000108_P0509_f0004319,V00_S1771_I00000108_P0509,naturalistic/train/0028/0023/V00_S1771_I00000108_P0509,naturalistic/train/0028/0017/V00_S1771_I00000108_P0332,recheck_fm3_static_hands,recheck,naturalistic,4319,V00,naturalistic,train,ipc_conversation,shown in Round 3 as flagged_multi; re-judged under the Round-4 detectors,"{""clip_anchored_on_fm2_violation"": false, ""flag_count"": 1, ""flags_fired"": ""fm3_static_hands"", ""fm1_hip_flexion_deg_p50"": 157.62093851086132, ""fm1_knee_between_torso_p50"": 0.5526854733757245, ""fm1_leg_over_torso_p50"": 1.3980461845508434, ""fm1_reasons"": """", ""fm1_shin_verticality_p50"": 0.997199296911438, ""fm1_sitting_file"": false, ""fm1_sitting_participant"": false, ""fm1_unit"": ""0509@1771"", ""fm1_unit_basis"": ""none"", ""fm2_in_frame_and_valid_frac"": 1.0, ""fm2_pass_frac_round3_joints_only"": 1.0, ""fm2_smplh_valid_frac"": 1.0, ""fm2_surface_correction_px_p50"": 32.73306670816078, ""fm2_vertex_worst_inset_min_px"": 71.69675925925924, ""fm2_violation_run_max_frames"": 0.0, ""fm2_violation_runs"": 0.0, ""fm2_windowed_pass_frac"": 1.0, ""fm3_static_frac"": 0.9384469696969697, ""observed_duration_s"": 176.0, ""reproj_px_p50"": 40.295499175876245, ""reproj_shoulder_widths_p50"": 0.1275375282496462, ""round3_gallery_group"": ""flagged_multi"", ""unit_files"": 3.0, ""unit_flagged_frac"": 0.0, ""unit_hip_flexion_min"": 155.98967691257053, ""unit_knee_between_min"": 0.5516428550456625}",render
r4_167,recheck_pass_167_V00_S0491_I00000785_P0042A_f0003978,V00_S0491_I00000785_P0042A,improvised/train/0010/0050/V00_S0491_I00000785_P0042A,improvised/train/0010/0024/V00_S0491_I00000785_P0626,recheck_pass,recheck,improvised,3978,V00,improvised,train,grounded_gesture,shown in Round 3 as flagged_fm4_mutual_silence; re-judged under the Round-4 detectors,"{""clip_anchored_on_fm2_violation"": false, ""flag_count"": 0, ""flags_fired"": """", ""fm1_hip_flexion_deg_p50"": 149.45099381535744, ""fm1_knee_between_torso_p50"": 0.5226289712460561, ""fm1_leg_over_torso_p50"": 1.6389366934757463, ""fm1_reasons"": """", ""fm1_shin_verticality_p50"": 0.9945054626750784, ""fm1_sitting_file"": false, ""fm1_sitting_participant"": false, ""fm1_unit"": ""0042A@0491"", ""fm1_unit_basis"": ""none"", ""fm2_in_frame_and_valid_frac"": 1.0, ""fm2_pass_frac_round3_joints_only"": 1.0, ""fm2_smplh_valid_frac"": 1.0, ""fm2_surface_correction_px_p50"": 39.011738364536654, ""fm2_vertex_worst_inset_min_px"": 67.51145471217978, ""fm2_violation_run_max_frames"": 0.0, ""fm2_violation_runs"": 0.0, ""fm2_windowed_pass_frac"": 1.0, ""fm3_static_frac"": 0.15919540229885057, ""observed_duration_s"": 290.0, ""reproj_px_p50"": 21.734020681987975, ""reproj_shoulder_widths_p50"": 0.07400573626973622, ""round3_gallery_group"": ""flagged_fm4_mutual_silence"", ""unit_files"": 3.0, ""unit_flagged_frac"": 0.0, ""unit_hip_flexion_min"": 143.94464680021198, ""unit_knee_between_min"": 0.5044763837482}",render
r4_168,recheck_fm2_smplh_invalid_168_V00_S1531_I00001211_P1149A_f0005580,V00_S1531_I00001211_P1149A,improvised/train/0036/0058/V00_S1531_I00001211_P1149A,improvised/train/0036/0039/V00_S1531_I00001211_P0059A,recheck_fm2_smplh_invalid,recheck,improvised,5580,V00,improvised,train,ipc_conversation,shown in Round 3 as flagged_multi; re-judged under the Round-4 detectors,"{""clip_anchored_on_fm2_violation"": true, ""flag_count"": 1, ""flags_fired"": ""fm2_smplh_invalid"", ""fm1_hip_flexion_deg_p50"": 136.94472975246012, ""fm1_knee_between_torso_p50"": 0.5753347217629924, ""fm1_leg_over_torso_p50"": 0.976437803744209, ""fm1_reasons"": """", ""fm1_shin_verticality_p50"": 0.9943091771007051, ""fm1_sitting_file"": false, ""fm1_sitting_participant"": false, ""fm1_unit"": ""1149A@1531"", ""fm1_unit_basis"": ""none"", ""fm2_in_frame_and_valid_frac"": 0.9529320987654321, ""fm2_pass_frac_round3_joints_only"": 0.9631172839506172, ""fm2_smplh_valid_frac"": 0.9729938271604939, ""fm2_surface_correction_px_p50"": 39.864970219249585, ""fm2_vertex_worst_inset_min_px"": -211.68057956309588, ""fm2_violation_run_max_frames"": 82.0, ""fm2_violation_runs"": 19.0, ""fm2_windowed_pass_frac"": 0.42857142857142855, ""fm3_static_frac"": 0.01712962962962963, ""observed_duration_s"": 216.0, ""reproj_px_p50"": 46.08497332978283, ""reproj_shoulder_widths_p50"": 0.13544659797108238, ""round3_gallery_group"": ""flagged_multi"", ""unit_files"": 1.0, ""unit_flagged_frac"": 0.0, ""unit_hip_flexion_min"": 136.94472975246012, ""unit_knee_between_min"": 0.5753347217629924}",render
r4_169,recheck_fm3_static_hands_169_V00_S0316_I00000313_P0427_f0000289,V00_S0316_I00000313_P0427,naturalistic/train/0007/0015/V00_S0316_I00000313_P0427,naturalistic/train/0007/0029/V00_S0316_I00000313_P0426,recheck_fm3_static_hands,recheck,naturalistic,289,V00,naturalistic,train,ipc_conversation,shown in Round 3 as flagged_fm3_static_hands; re-judged under the Round-4 detectors,"{""clip_anchored_on_fm2_violation"": false, ""flag_count"": 1, ""flags_fired"": ""fm3_static_hands"", ""fm1_hip_flexion_deg_p50"": 147.90716090029264, ""fm1_knee_between_torso_p50"": 0.5313077809950177, ""fm1_leg_over_torso_p50"": 1.303083446524441, ""fm1_reasons"": """", ""fm1_shin_verticality_p50"": 0.9995677539011868, ""fm1_sitting_file"": false, ""fm1_sitting_participant"": false, ""fm1_unit"": ""0427@0316"", ""fm1_unit_basis"": ""none"", ""fm2_in_frame_and_valid_frac"": 1.0, ""fm2_pass_frac_round3_joints_only"": 1.0, ""fm2_smplh_valid_frac"": 1.0, ""fm2_surface_correction_px_p50"": 38.19259326493784, ""fm2_vertex_worst_inset_min_px"": 42.37849681133412, ""fm2_violation_run_max_frames"": 0.0, ""fm2_violation_runs"": 0.0, ""fm2_windowed_pass_frac"": 1.0, ""fm3_static_frac"": 0.8020833333333334, ""observed_duration_s"": 64.0, ""reproj_px_p50"": 27.868368961108935, ""reproj_shoulder_widths_p50"": 0.08501912669183749, ""round3_gallery_group"": ""flagged_fm3_static_hands"", ""unit_files"": 2.0, ""unit_flagged_frac"": 0.0, ""unit_hip_flexion_min"": 144.30398268657012, ""unit_knee_between_min"": 0.5213710351565243}",render
r4_170,recheck_pass_170_V00_S0342_I00000477_P0456_f0000967,V00_S0342_I00000477_P0456,naturalistic/train/0008/0024/V00_S0342_I00000477_P0456,naturalistic/train/0008/0015/V00_S0342_I00000477_P0455,recheck_pass,recheck,naturalistic,967,V00,naturalistic,train,ipc_conversation,shown in Round 3 as flagged_fm1_sitting; re-judged under the Round-4 detectors,"{""clip_anchored_on_fm2_violation"": false, ""flag_count"": 0, ""flags_fired"": """", ""fm1_hip_flexion_deg_p50"": 128.10441632562055, ""fm1_knee_between_torso_p50"": 0.6044828804709134, ""fm1_leg_over_torso_p50"": 0.8147038875080479, ""fm1_reasons"": """", ""fm1_shin_verticality_p50"": 0.9962406077895375, ""fm1_sitting_file"": false, ""fm1_sitting_participant"": false, ""fm1_unit"": ""0456@0342"", ""fm1_unit_basis"": ""none"", ""fm2_in_frame_and_valid_frac"": 1.0, ""fm2_pass_frac_round3_joints_only"": 1.0, ""fm2_smplh_valid_frac"": 1.0, ""fm2_surface_correction_px_p50"": 44.925027505983394, ""fm2_vertex_worst_inset_min_px"": 76.12274087741929, ""fm2_violation_run_max_frames"": 0.0, ""fm2_violation_runs"": 0.0, ""fm2_windowed_pass_frac"": 1.0, ""fm3_static_frac"": 0.21764705882352942, ""observed_duration_s"": 68.0, ""reproj_px_p50"": 39.37694591955969, ""reproj_shoulder_widths_p50"": 0.10431466580092642, ""round3_gallery_group"": ""flagged_fm1_sitting"", ""unit_files"": 5.0, ""unit_flagged_frac"": 0.0, ""unit_hip_flexion_min"": 125.83138193989714, ""unit_knee_between_min"": 0.5731492062359914}",render
r4_171,recheck_fm2_smplh_invalid_171_V00_S1532_I00001037_P1099A_f0007800,V00_S1532_I00001037_P1099A,improvised/train/0036/0000/V00_S1532_I00001037_P1099A,improvised/train/0036/0056/V00_S1532_I00001037_P0041A,recheck_fm2_smplh_invalid,recheck,improvised,7800,V00,improvised,train,ipc_conversation,shown in Round 3 as flagged_fm1_sitting; re-judged under the Round-4 detectors,"{""clip_anchored_on_fm2_violation"": true, ""flag_count"": 1, ""flags_fired"": ""fm2_smplh_invalid"", ""fm1_hip_flexion_deg_p50"": 120.30843303304837, ""fm1_knee_between_torso_p50"": 0.5088508046578132, ""fm1_leg_over_torso_p50"": 0.8409092263935611, ""fm1_reasons"": """", ""fm1_shin_verticality_p50"": 0.9965457681295471, ""fm1_sitting_file"": false, ""fm1_sitting_participant"": false, ""fm1_unit"": ""1099A@1532"", ""fm1_unit_basis"": ""none"", ""fm2_in_frame_and_valid_frac"": 0.9042528735632184, ""fm2_pass_frac_round3_joints_only"": 0.9158620689655173, ""fm2_smplh_valid_frac"": 0.9464367816091954, ""fm2_surface_correction_px_p50"": 34.56025807145272, ""fm2_vertex_worst_inset_min_px"": -347.45906493732207, ""fm2_violation_run_max_frames"": 231.0, ""fm2_violation_runs"": 36.0, ""fm2_windowed_pass_frac"": 0.2222222222222222, ""fm3_static_frac"": 0.020804597701149424, ""observed_duration_s"": 290.0, ""reproj_px_p50"": 44.86134645781097, ""reproj_shoulder_widths_p50"": 0.11336659674012828, ""round3_gallery_group"": ""flagged_fm1_sitting"", ""unit_files"": 1.0, ""unit_flagged_frac"": 0.0, ""unit_hip_flexion_min"": 120.30843303304837, ""unit_knee_between_min"": 0.5088508046578132}",render
r4_172,recheck_pass_172_V00_S1569_I00001029_P0193A_f0000630,V00_S1569_I00001029_P0193A,improvised/train/0037/0033/V00_S1569_I00001029_P0193A,improvised/train/0037/0051/V00_S1569_I00001029_P1104A,recheck_pass,recheck,improvised,630,V00,improvised,train,ipc_conversation,shown in Round 3 as pass_improvised; re-judged under the Round-4 detectors,"{""clip_anchored_on_fm2_violation"": false, ""flag_count"": 0, ""flags_fired"": """", ""fm1_hip_flexion_deg_p50"": 147.39653568857727, ""fm1_knee_between_torso_p50"": 0.5602782561905659, ""fm1_leg_over_torso_p50"": 1.2094931751023092, ""fm1_reasons"": """", ""fm1_shin_verticality_p50"": 0.9965457656284804, ""fm1_sitting_file"": false, ""fm1_sitting_participant"": false, ""fm1_unit"": ""0193A@1569"", ""fm1_unit_basis"": ""none"", ""fm2_in_frame_and_valid_frac"": 1.0, ""fm2_pass_frac_round3_joints_only"": 1.0, ""fm2_smplh_valid_frac"": 1.0, ""fm2_surface_correction_px_p50"": 25.4684912696668, ""fm2_vertex_worst_inset_min_px"": 46.81433174014853, ""fm2_violation_run_max_frames"": 0.0, ""fm2_violation_runs"": 0.0, ""fm2_windowed_pass_frac"": 1.0, ""fm3_static_frac"": 0.16763085399449035, ""observed_duration_s"": 242.0, ""reproj_px_p50"": 37.38479749852105, ""reproj_shoulder_widths_p50"": 0.13413325657397324, ""round3_gallery_group"": ""pass_improvised"", ""unit_files"": 2.0, ""unit_flagged_frac"": 0.0, ""unit_hip_flexion_min"": 147.36333338962368, ""unit_knee_between_min"": 0.5550050821520426}",render
r4_173,recheck_fm2_smplh_invalid_173_V00_S1880_I00001019_P1147A_f0007916,V00_S1880_I00001019_P1147A,improvised/train/0046/0058/V00_S1880_I00001019_P1147A,improvised/train/0046/0057/V00_S1880_I00001019_P1106A,recheck_fm2_smplh_invalid,recheck,improvised,7916,V00,improvised,train,ipc_conversation,shown in Round 3 as flagged_fm1_sitting; re-judged under the Round-4 detectors,"{""clip_anchored_on_fm2_violation"": true, ""flag_count"": 1, ""flags_fired"": ""fm2_smplh_invalid"", ""fm1_hip_flexion_deg_p50"": 130.74547638492632, ""fm1_knee_between_torso_p50"": 0.5795757629418945, ""fm1_leg_over_torso_p50"": 0.8290640703738181, ""fm1_reasons"": """", ""fm1_shin_verticality_p50"": 0.9991330767482812, ""fm1_sitting_file"": false, ""fm1_sitting_participant"": false, ""fm1_unit"": ""1147A@1880"", ""fm1_unit_basis"": ""none"", ""fm2_in_frame_and_valid_frac"": 0.8718120805369127, ""fm2_pass_frac_round3_joints_only"": 0.8914988814317674, ""fm2_smplh_valid_frac"": 0.9246085011185682, ""fm2_surface_correction_px_p50"": 9.557716655913737, ""fm2_vertex_worst_inset_min_px"": -235.67269027332281, ""fm2_violation_run_max_frames"": 265.0, ""fm2_violation_runs"": 55.0, ""fm2_windowed_pass_frac"": 0.0, ""fm3_static_frac"": 0.00492665994849401, ""observed_duration_s"": 298.0, ""reproj_px_p50"": 20.584522457488436, ""reproj_shoulder_widths_p50"": 0.0569296660175673, ""round3_gallery_group"": ""flagged_fm1_sitting"", ""unit_files"": 1.0, ""unit_flagged_frac"": 0.0, ""unit_hip_flexion_min"": 130.74547638492632, ""unit_knee_between_min"": 0.5795757629418945}",render
r4_174,recheck_pass_174_V00_S0050_I00000128_P0077_f0000801,V00_S0050_I00000128_P0077,naturalistic/train/0000/0025/V00_S0050_I00000128_P0077,naturalistic/train/0000/0020/V00_S0050_I00000128_P0078,recheck_pass,recheck,naturalistic,801,V00,naturalistic,train,ipc_conversation,shown in Round 3 as pass_naturalistic; re-judged under the Round-4 detectors,"{""clip_anchored_on_fm2_violation"": false, ""flag_count"": 0, ""flags_fired"": """", ""fm1_hip_flexion_deg_p50"": 145.74545561631015, ""fm1_knee_between_torso_p50"": 0.5161482874103978, ""fm1_leg_over_torso_p50"": 1.3272551334049003, ""fm1_reasons"": """", ""fm1_shin_verticality_p50"": 0.9918816714097367, ""fm1_sitting_file"": false, ""fm1_sitting_participant"": false, ""fm1_unit"": ""0077@0050"", ""fm1_unit_basis"": ""none"", ""fm2_in_frame_and_valid_frac"": 1.0, ""fm2_pass_frac_round3_joints_only"": 1.0, ""fm2_smplh_valid_frac"": 1.0, ""fm2_surface_correction_px_p50"": 39.70487601486673, ""fm2_vertex_worst_inset_min_px"": 68.21537251051382, ""fm2_violation_run_max_frames"": 0.0, ""fm2_violation_runs"": 0.0, ""fm2_windowed_pass_frac"": 1.0, ""fm3_static_frac"": 0.7166666666666667, ""observed_duration_s"": 68.0, ""reproj_px_p50"": 33.64221153030072, ""reproj_shoulder_widths_p50"": 0.1054552521013079, ""round3_gallery_group"": ""pass_naturalistic"", ""unit_files"": 2.0, ""unit_flagged_frac"": 0.0, ""unit_hip_flexion_min"": 145.74545561631015, ""unit_knee_between_min"": 0.5161482874103978}",render
r4_175,recheck_pass_175_V00_S0317_I00000478_P0428_f0000974,V00_S0317_I00000478_P0428,naturalistic/train/0007/0010/V00_S0317_I00000478_P0428,naturalistic/train/0007/0035/V00_S0317_I00000478_P0360,recheck_pass,recheck,naturalistic,974,V00,naturalistic,train,ipc_conversation,shown in Round 3 as pass_naturalistic; re-judged under the Round-4 detectors,"{""clip_anchored_on_fm2_violation"": false, ""flag_count"": 0, ""flags_fired"": """", ""fm1_hip_flexion_deg_p50"": 149.33162872658886, ""fm1_knee_between_torso_p50"": 0.5461398393714418, ""fm1_leg_over_torso_p50"": 1.2474527724577407, ""fm1_reasons"": """", ""fm1_shin_verticality_p50"": 0.9999999999999676, ""fm1_sitting_file"": false, ""fm1_sitting_participant"": false, ""fm1_unit"": ""0428@0317"", ""fm1_unit_basis"": ""none"", ""fm2_in_frame_and_valid_frac"": 1.0, ""fm2_pass_frac_round3_joints_only"": 1.0, ""fm2_smplh_valid_frac"": 1.0, ""fm2_surface_correction_px_p50"": 37.925096210371294, ""fm2_vertex_worst_inset_min_px"": 28.182392981669636, ""fm2_violation_run_max_frames"": 0.0, ""fm2_violation_runs"": 0.0, ""fm2_windowed_pass_frac"": 1.0, ""fm3_static_frac"": 0.000273224043715847, ""observed_duration_s"": 122.0, ""reproj_px_p50"": 18.251972475644767, ""reproj_shoulder_widths_p50"": 0.05367220991992051, ""round3_gallery_group"": ""pass_naturalistic"", ""unit_files"": 2.0, ""unit_flagged_frac"": 0.0, ""unit_hip_flexion_min"": 149.33162872658886, ""unit_knee_between_min"": 0.5461398393714418}",render
r4_176,recheck_pass_176_V00_S1258_I00000689_P0328A_f0007233,V00_S1258_I00000689_P0328A,improvised/train/0028/0026/V00_S1258_I00000689_P0328A,improvised/train/0028/0026/V00_S1258_I00000689_P0602A,recheck_pass,recheck,improvised,7233,V00,improvised,train,ipc_conversation,shown in Round 3 as pass_improvised; re-judged under the Round-4 detectors,"{""clip_anchored_on_fm2_violation"": false, ""flag_count"": 0, ""flags_fired"": """", ""fm1_hip_flexion_deg_p50"": 143.71194088371996, ""fm1_knee_between_torso_p50"": 0.5634313953543109, ""fm1_leg_over_torso_p50"": 1.1064760145281238, ""fm1_reasons"": """", ""fm1_shin_verticality_p50"": 0.9995920858702625, ""fm1_sitting_file"": false, ""fm1_sitting_participant"": false, ""fm1_unit"": ""0328A@1258"", ""fm1_unit_basis"": ""none"", ""fm2_in_frame_and_valid_frac"": 1.0, ""fm2_pass_frac_round3_joints_only"": 1.0, ""fm2_smplh_valid_frac"": 1.0, ""fm2_surface_correction_px_p50"": 33.9636647477447, ""fm2_vertex_worst_inset_min_px"": 40.96877062782096, ""fm2_violation_run_max_frames"": 0.0, ""fm2_violation_runs"": 0.0, ""fm2_windowed_pass_frac"": 1.0, ""fm3_static_frac"": 0.11104166666666666, ""observed_duration_s"": 320.0, ""reproj_px_p50"": 40.95750622488232, ""reproj_shoulder_widths_p50"": 0.12397279072179584, ""round3_gallery_group"": ""pass_improvised"", ""unit_files"": 1.0, ""unit_flagged_frac"": 0.0, ""unit_hip_flexion_min"": 143.71194088371996, ""unit_knee_between_min"": 0.5634313953543109}",render
r4_177,recheck_fm2_smplh_invalid_177_V00_S1303_I00001204_P0682A_f0011640,V00_S1303_I00001204_P0682A,improvised/train/0029/0009/V00_S1303_I00001204_P0682A,improvised/train/0029/0006/V00_S1303_I00001204_P0241A,recheck_fm2_smplh_invalid,recheck,improvised,11640,V00,improvised,train,ipc_conversation,shown in Round 3 as flagged_multi; re-judged under the Round-4 detectors,"{""clip_anchored_on_fm2_violation"": true, ""flag_count"": 1, ""flags_fired"": ""fm2_smplh_invalid"", ""fm1_hip_flexion_deg_p50"": 153.75660853480258, ""fm1_knee_between_torso_p50"": 0.5352454759805662, ""fm1_leg_over_torso_p50"": 1.482873745431089, ""fm1_reasons"": """", ""fm1_shin_verticality_p50"": 0.998752345195163, ""fm1_sitting_file"": false, ""fm1_sitting_participant"": false, ""fm1_unit"": ""0682A@1303"", ""fm1_unit_basis"": ""none"", ""fm2_in_frame_and_valid_frac"": 0.966267942583732, ""fm2_pass_frac_round3_joints_only"": 0.9666666666666667, ""fm2_smplh_valid_frac"": 0.9674641148325359, ""fm2_surface_correction_px_p50"": 34.73798204491834, ""fm2_vertex_worst_inset_min_px"": -301.87611459207017, ""fm2_violation_run_max_frames"": 315.0, ""fm2_violation_runs"": 9.0, ""fm2_windowed_pass_frac"": 0.9230769230769231, ""fm3_static_frac"": 0.2160992734100743, ""observed_duration_s"": 418.0, ""reproj_px_p50"": 17.72074852495154, ""reproj_shoulder_widths_p50"": 0.06088896789437364, ""round3_gallery_group"": ""flagged_multi"", ""unit_files"": 1.0, ""unit_flagged_frac"": 0.0, ""unit_hip_flexion_min"": 153.75660853480258, ""unit_knee_between_min"": 0.5352454759805662}",render
r4_178,recheck_pass_178_V00_S1351_I00000635_P0180A_f0000085,V00_S1351_I00000635_P0180A,improvised/train/0031/0024/V00_S1351_I00000635_P0180A,improvised/train/0031/0017/V00_S1351_I00000635_P0323A,recheck_pass,recheck,improvised,85,V00,improvised,train,ipc_conversation,shown in Round 3 as pass_improvised; re-judged under the Round-4 detectors,"{""clip_anchored_on_fm2_violation"": false, ""flag_count"": 0, ""flags_fired"": """", ""fm1_hip_flexion_deg_p50"": 140.3204069937055, ""fm1_knee_between_torso_p50"": 0.5418612217609411, ""fm1_leg_over_torso_p50"": 1.0884225944630948, ""fm1_reasons"": """", ""fm1_shin_verticality_p50"": 0.9854601504093765, ""fm1_sitting_file"": false, ""fm1_sitting_participant"": false, ""fm1_unit"": ""0180A@1351"", ""fm1_unit_basis"": ""none"", ""fm2_in_frame_and_valid_frac"": 0.9980815347721822, ""fm2_pass_frac_round3_joints_only"": 1.0, ""fm2_smplh_valid_frac"": 1.0, ""fm2_surface_correction_px_p50"": 38.91548815385613, ""fm2_vertex_worst_inset_min_px"": -0.840139341783015, ""fm2_violation_run_max_frames"": 16.0, ""fm2_violation_runs"": 1.0, ""fm2_windowed_pass_frac"": 1.0, ""fm3_static_frac"": 0.06366906474820144, ""observed_duration_s"": 278.0, ""reproj_px_p50"": 45.38022692814921, ""reproj_shoulder_widths_p50"": 0.14428434495189807, ""round3_gallery_group"": ""pass_improvised"", ""unit_files"": 1.0, ""unit_flagged_frac"": 0.0, ""unit_hip_flexion_min"": 140.3204069937055, ""unit_knee_between_min"": 0.5418612217609411}",render
r4_179,recheck_fm3_static_hands_179_V00_S1962_I00000055_P0139_f0001335,V00_S1962_I00000055_P0139,naturalistic/train/0032/0032/V00_S1962_I00000055_P0139,naturalistic/train/0032/0042/V00_S1962_I00000055_P0055,recheck_fm3_static_hands,recheck,naturalistic,1335,V00,naturalistic,train,ipc_conversation,shown in Round 3 as flagged_fm3_static_hands; re-judged under the Round-4 detectors,"{""clip_anchored_on_fm2_violation"": false, ""flag_count"": 1, ""flags_fired"": ""fm3_static_hands"", ""fm1_hip_flexion_deg_p50"": 157.54390774756567, ""fm1_knee_between_torso_p50"": 0.5530003575635988, ""fm1_leg_over_torso_p50"": 1.3790556819029913, ""fm1_reasons"": """", ""fm1_shin_verticality_p50"": 0.9996349722501632, ""fm1_sitting_file"": false, ""fm1_sitting_participant"": false, ""fm1_unit"": ""0139@1962"", ""fm1_unit_basis"": ""none"", ""fm2_in_frame_and_valid_frac"": 1.0, ""fm2_pass_frac_round3_joints_only"": 1.0, ""fm2_smplh_valid_frac"": 1.0, ""fm2_surface_correction_px_p50"": 45.40520484290289, ""fm2_vertex_worst_inset_min_px"": 112.24810583902052, ""fm2_violation_run_max_frames"": 0.0, ""fm2_violation_runs"": 0.0, ""fm2_windowed_pass_frac"": 1.0, ""fm3_static_frac"": 0.7601449275362319, ""observed_duration_s"": 138.0, ""reproj_px_p50"": 36.316055366097075, ""reproj_shoulder_widths_p50"": 0.13553632402053858, ""round3_gallery_group"": ""flagged_fm3_static_hands"", ""unit_files"": 1.0, ""unit_flagged_frac"": 0.0, ""unit_hip_flexion_min"": 157.54390774756567, ""unit_knee_between_min"": 0.5530003575635988}",render
r4_180,recheck_pass_180_V00_S0151_I00000495_P0215_f0000360,V00_S0151_I00000495_P0215,naturalistic/train/0003/0001/V00_S0151_I00000495_P0215,naturalistic/train/0003/0010/V00_S0151_I00000495_P0214,recheck_pass,recheck,naturalistic,360,V00,naturalistic,train,ipc_conversation,shown in Round 3 as pass_naturalistic; re-judged under the Round-4 detectors,"{""clip_anchored_on_fm2_violation"": false, ""flag_count"": 0, ""flags_fired"": """", ""fm1_hip_flexion_deg_p50"": 131.32671915434278, ""fm1_knee_between_torso_p50"": 0.49823199108603455, ""fm1_leg_over_torso_p50"": 1.1600878382509578, ""fm1_reasons"": """", ""fm1_shin_verticality_p50"": 0.9995411800523725, ""fm1_sitting_file"": false, ""fm1_sitting_participant"": false, ""fm1_unit"": ""0215@0151"", ""fm1_unit_basis"": ""none"", ""fm2_in_frame_and_valid_frac"": 1.0, ""fm2_pass_frac_round3_joints_only"": 1.0, ""fm2_smplh_valid_frac"": 1.0, ""fm2_surface_correction_px_p50"": 40.929483327521666, ""fm2_vertex_worst_inset_min_px"": 86.02926602667026, ""fm2_violation_run_max_frames"": 0.0, ""fm2_violation_runs"": 0.0, ""fm2_windowed_pass_frac"": 1.0, ""fm3_static_frac"": 0.23397435897435898, ""observed_duration_s"": 52.0, ""reproj_px_p50"": 26.769642409638635, ""reproj_shoulder_widths_p50"": 0.07868103132696246, ""round3_gallery_group"": ""pass_naturalistic"", ""unit_files"": 2.0, ""unit_flagged_frac"": 0.0, ""unit_hip_flexion_min"": 131.32671915434278, ""unit_knee_between_min"": 0.49823199108603455}",render
r4_181,recheck_pass_181_V00_S0151_I00000515_P0214_f0000705,V00_S0151_I00000515_P0214,naturalistic/train/0003/0033/V00_S0151_I00000515_P0214,naturalistic/train/0003/0040/V00_S0151_I00000515_P0215,recheck_pass,recheck,naturalistic,705,V00,naturalistic,train,ipc_conversation,shown in Round 3 as flagged_fm4_mutual_silence; re-judged under the Round-4 detectors,"{""clip_anchored_on_fm2_violation"": false, ""flag_count"": 0, ""flags_fired"": """", ""fm1_hip_flexion_deg_p50"": 160.73216634837326, ""fm1_knee_between_torso_p50"": 0.6118413484509103, ""fm1_leg_over_torso_p50"": 1.0964699270205316, ""fm1_reasons"": """", ""fm1_shin_verticality_p50"": 0.9977851681734471, ""fm1_sitting_file"": false, ""fm1_sitting_participant"": false, ""fm1_unit"": ""0214@0151"", ""fm1_unit_basis"": ""none"", ""fm2_in_frame_and_valid_frac"": 1.0, ""fm2_pass_frac_round3_joints_only"": 1.0, ""fm2_smplh_valid_frac"": 1.0, ""fm2_surface_correction_px_p50"": 43.91433197495769, ""fm2_vertex_worst_inset_min_px"": 108.09580535175837, ""fm2_violation_run_max_frames"": 0.0, ""fm2_violation_runs"": 0.0, ""fm2_windowed_pass_frac"": 1.0, ""fm3_static_frac"": 0.6333333333333333, ""observed_duration_s"": 56.0, ""reproj_px_p50"": 13.792503078375445, ""reproj_shoulder_widths_p50"": 0.04127300613815034, ""round3_gallery_group"": ""flagged_fm4_mutual_silence"", ""unit_files"": 2.0, ""unit_flagged_frac"": 0.0, ""unit_hip_flexion_min"": 159.7612514070804, ""unit_knee_between_min"": 0.6118413484509103}",render
r4_182,recheck_fm2_smplh_invalid_182_V00_S0176_I00000126_P0119_f0002740,V00_S0176_I00000126_P0119,naturalistic/train/0003/0008/V00_S0176_I00000126_P0119,naturalistic/train/0003/0023/V00_S0176_I00000126_P0242,recheck_fm2_smplh_invalid,recheck,naturalistic,2740,V00,naturalistic,train,ipc_conversation,shown in Round 3 as flagged_multi; re-judged under the Round-4 detectors,"{""clip_anchored_on_fm2_violation"": true, ""flag_count"": 1, ""flags_fired"": ""fm2_smplh_invalid"", ""fm1_hip_flexion_deg_p50"": 138.01495803702818, ""fm1_knee_between_torso_p50"": 0.5814198753246443, ""fm1_leg_over_torso_p50"": 1.0040195196847135, ""fm1_reasons"": """", ""fm1_shin_verticality_p50"": 0.9950371757674241, ""fm1_sitting_file"": false, ""fm1_sitting_participant"": false, ""fm1_unit"": ""0119@0176"", ""fm1_unit_basis"": ""none"", ""fm2_in_frame_and_valid_frac"": 0.9560416666666667, ""fm2_pass_frac_round3_joints_only"": 0.9658333333333333, ""fm2_smplh_valid_frac"": 0.975, ""fm2_surface_correction_px_p50"": 46.331301928096536, ""fm2_vertex_worst_inset_min_px"": -141.15643358838997, ""fm2_violation_run_max_frames"": 180.0, ""fm2_violation_runs"": 4.0, ""fm2_windowed_pass_frac"": 0.8, ""fm3_static_frac"": 0.440625, ""observed_duration_s"": 160.0, ""reproj_px_p50"": 22.11905286456898, ""reproj_shoulder_widths_p50"": 0.05594259066794435, ""round3_gallery_group"": ""flagged_multi"", ""unit_files"": 3.0, ""unit_flagged_frac"": 0.0, ""unit_hip_flexion_min"": 124.8123426275672, ""unit_knee_between_min"": 0.5315226232380633}",render
r4_183,recheck_pass_183_V00_S0318_I00000488_P0089_f0003773,V00_S0318_I00000488_P0089,naturalistic/train/0008/0013/V00_S0318_I00000488_P0089,naturalistic/train/0008/0007/V00_S0318_I00000488_P0430,recheck_pass,recheck,naturalistic,3773,V00,naturalistic,train,ipc_conversation,shown in Round 3 as flagged_multi; re-judged under the Round-4 detectors,"{""clip_anchored_on_fm2_violation"": false, ""flag_count"": 0, ""flags_fired"": """", ""fm1_hip_flexion_deg_p50"": 147.6063453745292, ""fm1_knee_between_torso_p50"": 0.5475648153908683, ""fm1_leg_over_torso_p50"": 1.2263535002741124, ""fm1_reasons"": """", ""fm1_shin_verticality_p50"": 0.992277890399392, ""fm1_sitting_file"": false, ""fm1_sitting_participant"": false, ""fm1_unit"": ""0089@0318"", ""fm1_unit_basis"": ""none"", ""fm2_in_frame_and_valid_frac"": 0.9904255319148936, ""fm2_pass_frac_round3_joints_only"": 0.999113475177305, ""fm2_smplh_valid_frac"": 1.0, ""fm2_surface_correction_px_p50"": 43.59990534296958, ""fm2_vertex_worst_inset_min_px"": -26.651231872172048, ""fm2_violation_run_max_frames"": 12.0, ""fm2_violation_runs"": 11.0, ""fm2_windowed_pass_frac"": 0.8333333333333334, ""fm3_static_frac"": 0.021631205673758865, ""observed_duration_s"": 188.0, ""reproj_px_p50"": 18.270302064311043, ""reproj_shoulder_widths_p50"": 0.04555448481145179, ""round3_gallery_group"": ""flagged_multi"", ""unit_files"": 2.0, ""unit_flagged_frac"": 0.0, ""unit_hip_flexion_min"": 147.6063453745292, ""unit_knee_between_min"": 0.5379529827334599}",render
r4_184,recheck_fm2_smplh_invalid_184_V00_S0822_I00000923_P0196A_f0009162,V00_S0822_I00000923_P0196A,improvised/train/0016/0044/V00_S0822_I00000923_P0196A,improvised/train/0016/0029/V00_S0822_I00000923_P0359A,recheck_fm2_smplh_invalid,recheck,improvised,9162,V00,improvised,train,ipc_conversation,shown in Round 3 as flagged_fm2_framing; re-judged under the Round-4 detectors,"{""clip_anchored_on_fm2_violation"": true, ""flag_count"": 1, ""flags_fired"": ""fm2_smplh_invalid"", ""fm1_hip_flexion_deg_p50"": 146.9942151033719, ""fm1_knee_between_torso_p50"": 0.5562128876568613, ""fm1_leg_over_torso_p50"": 1.1538118298082225, ""fm1_reasons"": """", ""fm1_shin_verticality_p50"": 0.9995677458899112, ""fm1_sitting_file"": false, ""fm1_sitting_participant"": false, ""fm1_unit"": ""0196A@0822"", ""fm1_unit_basis"": ""none"", ""fm2_in_frame_and_valid_frac"": 0.823121387283237, ""fm2_pass_frac_round3_joints_only"": 0.9081888246628131, ""fm2_smplh_valid_frac"": 0.9567437379576108, ""fm2_surface_correction_px_p50"": 41.61063860994716, ""fm2_vertex_worst_inset_min_px"": -390.8324235765813, ""fm2_violation_run_max_frames"": 363.0, ""fm2_violation_runs"": 251.0, ""fm2_windowed_pass_frac"": 0.09090909090909091, ""fm3_static_frac"": 0.005684555352153386, ""observed_duration_s"": 346.0, ""reproj_px_p50"": 50.63369414499009, ""reproj_shoulder_widths_p50"": 0.13592341151249743, ""round3_gallery_group"": ""flagged_fm2_framing"", ""unit_files"": 1.0, ""unit_flagged_frac"": 0.0, ""unit_hip_flexion_min"": 146.9942151033719, ""unit_knee_between_min"": 0.5562128876568613}",render
r4_185,recheck_fm1_sitting_185_V00_S0200_I00000307_P0003A_f0003622,V00_S0200_I00000307_P0003A,improvised/train/0004/0022/V00_S0200_I00000307_P0003A,improvised/train/0004/0039/V00_S0200_I00000307_P0271,recheck_fm1_sitting,recheck,improvised,3622,V00,improvised,train,ipc_conversation,shown in Round 3 as pass_improvised; re-judged under the Round-4 detectors,"{""clip_anchored_on_fm2_violation"": false, ""flag_count"": 1, ""flags_fired"": ""fm1_sitting"", ""fm1_hip_flexion_deg_p50"": 88.23453169293626, ""fm1_knee_between_torso_p50"": 0.12056750768879207, ""fm1_leg_over_torso_p50"": 1.4604238861100214, ""fm1_reasons"": ""knee_between"", ""fm1_shin_verticality_p50"": 0.964403992179888, ""fm1_sitting_file"": true, ""fm1_sitting_participant"": true, ""fm1_unit"": ""0003A@0200"", ""fm1_unit_basis"": ""majority"", ""fm2_in_frame_and_valid_frac"": 1.0, ""fm2_pass_frac_round3_joints_only"": 1.0, ""fm2_smplh_valid_frac"": 1.0, ""fm2_surface_correction_px_p50"": 28.14908105249981, ""fm2_vertex_worst_inset_min_px"": 73.06428070464608, ""fm2_violation_run_max_frames"": 0.0, ""fm2_violation_runs"": 0.0, ""fm2_windowed_pass_frac"": 1.0, ""fm3_static_frac"": 0.4613053613053613, ""observed_duration_s"": 286.0, ""reproj_px_p50"": 28.57174353730682, ""reproj_shoulder_widths_p50"": 0.08239873553197216, ""round3_gallery_group"": ""pass_improvised"", ""unit_files"": 1.0, ""unit_flagged_frac"": 1.0, ""unit_hip_flexion_min"": 88.23453169293626, ""unit_knee_between_min"": 0.12056750768879207}",render
r4_186,recheck_fm2_smplh_invalid_186_V00_S0293_I00000537_P0028A_f0005607,V00_S0293_I00000537_P0028A,improvised/train/0007/0044/V00_S0293_I00000537_P0028A,improvised/train/0007/0042/V00_S0293_I00000537_P0310,recheck_fm2_smplh_invalid,recheck,improvised,5607,V00,improvised,train,ipc_conversation,shown in Round 3 as flagged_fm2_framing; re-judged under the Round-4 detectors,"{""clip_anchored_on_fm2_violation"": true, ""flag_count"": 1, ""flags_fired"": ""fm2_smplh_invalid"", ""fm1_hip_flexion_deg_p50"": 137.18129634900706, ""fm1_knee_between_torso_p50"": 0.5545159428706921, ""fm1_leg_over_torso_p50"": 1.007094589896207, ""fm1_reasons"": """", ""fm1_shin_verticality_p50"": 0.9805805662815955, ""fm1_sitting_file"": false, ""fm1_sitting_participant"": false, ""fm1_unit"": ""0028A@0293"", ""fm1_unit_basis"": ""none"", ""fm2_in_frame_and_valid_frac"": 0.9783088235294117, ""fm2_pass_frac_round3_joints_only"": 0.9803921568627451, ""fm2_smplh_valid_frac"": 0.9917892156862745, ""fm2_surface_correction_px_p50"": 47.28488712859087, ""fm2_vertex_worst_inset_min_px"": -161.94985303534338, ""fm2_violation_run_max_frames"": 44.0, ""fm2_violation_runs"": 14.0, ""fm2_windowed_pass_frac"": 0.7777777777777778, ""fm3_static_frac"": 0.05808823529411765, ""observed_duration_s"": 272.0, ""reproj_px_p50"": 49.407267500603794, ""reproj_shoulder_widths_p50"": 0.1394849821254129, ""round3_gallery_group"": ""flagged_fm2_framing"", ""unit_files"": 1.0, ""unit_flagged_frac"": 0.0, ""unit_hip_flexion_min"": 137.18129634900706, ""unit_knee_between_min"": 0.5545159428706921}",render
r4_187,recheck_fm1_sitting_187_V00_S0360_I00000371_P0485_f0006603,V00_S0360_I00000371_P0485,naturalistic/dev/0000/0041/V00_S0360_I00000371_P0485,naturalistic/dev/0000/0037/V00_S0360_I00000371_P0484,recheck_fm1_sitting,recheck,naturalistic,6603,V00,naturalistic,dev,ipc_conversation,shown in Round 3 as flagged_fm1_sitting; re-judged under the Round-4 detectors,"{""clip_anchored_on_fm2_violation"": false, ""flag_count"": 1, ""flags_fired"": ""fm1_sitting"", ""fm1_hip_flexion_deg_p50"": 100.76276770728396, ""fm1_knee_between_torso_p50"": 0.3571965687046373, ""fm1_leg_over_torso_p50"": 0.8637711854240093, ""fm1_reasons"": ""knee_between"", ""fm1_shin_verticality_p50"": 0.948683389377344, ""fm1_sitting_file"": true, ""fm1_sitting_participant"": true, ""fm1_unit"": ""0485@0360"", ""fm1_unit_basis"": ""majority"", ""fm2_in_frame_and_valid_frac"": 1.0, ""fm2_pass_frac_round3_joints_only"": 1.0, ""fm2_smplh_valid_frac"": 1.0, ""fm2_surface_correction_px_p50"": 32.77930090653484, ""fm2_vertex_worst_inset_min_px"": 116.7789284138878, ""fm2_violation_run_max_frames"": 0.0, ""fm2_violation_runs"": 0.0, ""fm2_windowed_pass_frac"": 1.0, ""fm3_static_frac"": 0.35945273631840796, ""observed_duration_s"": 268.0, ""reproj_px_p50"": 38.50219028618662, ""reproj_shoulder_widths_p50"": 0.0961904629612183, ""round3_gallery_group"": ""flagged_fm1_sitting"", ""unit_files"": 2.0, ""unit_flagged_frac"": 1.0, ""unit_hip_flexion_min"": 91.60720344364228, ""unit_knee_between_min"": 0.23406900166710454}",render
r4_188,recheck_fm3_static_hands_188_V00_S0792_I00000377_P0800_f0000890,V00_S0792_I00000377_P0800,naturalistic/train/0022/0033/V00_S0792_I00000377_P0800,naturalistic/train/0022/0039/V00_S0792_I00000377_P0929,recheck_fm3_static_hands,recheck,naturalistic,890,V00,naturalistic,train,ipc_conversation,shown in Round 3 as flagged_fm3_static_hands; re-judged under the Round-4 detectors,"{""clip_anchored_on_fm2_violation"": false, ""flag_count"": 1, ""flags_fired"": ""fm3_static_hands"", ""fm1_hip_flexion_deg_p50"": 124.99223315503664, ""fm1_knee_between_torso_p50"": 0.45560095256750976, ""fm1_leg_over_torso_p50"": 1.2873960831391722, ""fm1_reasons"": """", ""fm1_shin_verticality_p50"": 0.9995920968174148, ""fm1_sitting_file"": false, ""fm1_sitting_participant"": false, ""fm1_unit"": ""0800@0792"", ""fm1_unit_basis"": ""none"", ""fm2_in_frame_and_valid_frac"": 1.0, ""fm2_pass_frac_round3_joints_only"": 1.0, ""fm2_smplh_valid_frac"": 1.0, ""fm2_surface_correction_px_p50"": 43.69384512112845, ""fm2_vertex_worst_inset_min_px"": 129.26505693575336, ""fm2_violation_run_max_frames"": 0.0, ""fm2_violation_runs"": 0.0, ""fm2_windowed_pass_frac"": 1.0, ""fm3_static_frac"": 0.9401041666666666, ""observed_duration_s"": 192.0, ""reproj_px_p50"": 17.651087652507876, ""reproj_shoulder_widths_p50"": 0.04882008396024745, ""round3_gallery_group"": ""flagged_fm3_static_hands"", ""unit_files"": 1.0, ""unit_flagged_frac"": 0.0, ""unit_hip_flexion_min"": 124.99223315503664, ""unit_knee_between_min"": 0.45560095256750976}",render
r4_189,recheck_fm2_smplh_invalid_189_V00_S1044_I00000652_P0185A_f0002451,V00_S1044_I00000652_P0185A,improvised/train/0022/0012/V00_S1044_I00000652_P0185A,improvised/train/0022/0029/V00_S1044_I00000652_P0210A,recheck_fm2_smplh_invalid,recheck,improvised,2451,V00,improvised,train,ipc_conversation,shown in Round 3 as flagged_fm2_framing; re-judged under the Round-4 detectors,"{""clip_anchored_on_fm2_violation"": true, ""flag_count"": 1, ""flags_fired"": ""fm2_smplh_invalid"", ""fm1_hip_flexion_deg_p50"": 130.30503364233488, ""fm1_knee_between_torso_p50"": 0.5440988746428923, ""fm1_leg_over_torso_p50"": 0.9423756520556009, ""fm1_reasons"": """", ""fm1_shin_verticality_p50"": 0.9993628568053249, ""fm1_sitting_file"": false, ""fm1_sitting_participant"": false, ""fm1_unit"": ""0185A@1044"", ""fm1_unit_basis"": ""none"", ""fm2_in_frame_and_valid_frac"": 0.9404347826086956, ""fm2_pass_frac_round3_joints_only"": 0.9547826086956521, ""fm2_smplh_valid_frac"": 0.982463768115942, ""fm2_surface_correction_px_p50"": 39.19647596190566, ""fm2_vertex_worst_inset_min_px"": -158.58494287283418, ""fm2_violation_run_max_frames"": 93.0, ""fm2_violation_runs"": 22.0, ""fm2_windowed_pass_frac"": 0.2857142857142857, ""fm3_static_frac"": 0.014347826086956521, ""observed_duration_s"": 230.0, ""reproj_px_p50"": 41.356774186055695, ""reproj_shoulder_widths_p50"": 0.12091970592960997, ""round3_gallery_group"": ""flagged_fm2_framing"", ""unit_files"": 1.0, ""unit_flagged_frac"": 0.0, ""unit_hip_flexion_min"": 130.30503364233488, ""unit_knee_between_min"": 0.5440988746428923}",render
r4_190,recheck_fm2_smplh_invalid_190_V00_S1962_I00000065_P0055_f0010500,V00_S1962_I00000065_P0055,naturalistic/train/0032/0002/V00_S1962_I00000065_P0055,naturalistic/train/0032/0022/V00_S1962_I00000065_P0139,recheck_fm2_smplh_invalid,recheck,naturalistic,10500,V00,naturalistic,train,ipc_conversation,shown in Round 3 as flagged_fm2_framing; re-judged under the Round-4 detectors,"{""clip_anchored_on_fm2_violation"": true, ""flag_count"": 1, ""flags_fired"": ""fm2_smplh_invalid"", ""fm1_hip_flexion_deg_p50"": 144.51746903443214, ""fm1_knee_between_torso_p50"": 0.5025356401134234, ""fm1_leg_over_torso_p50"": 1.573131772200541, ""fm1_reasons"": """", ""fm1_shin_verticality_p50"": 0.9970544848656615, ""fm1_sitting_file"": false, ""fm1_sitting_participant"": false, ""fm1_unit"": ""0055@1962"", ""fm1_unit_basis"": ""none"", ""fm2_in_frame_and_valid_frac"": 0.9696491228070175, ""fm2_pass_frac_round3_joints_only"": 0.9707894736842105, ""fm2_smplh_valid_frac"": 0.9914035087719298, ""fm2_surface_correction_px_p50"": 26.78478646116787, ""fm2_vertex_worst_inset_min_px"": -175.35134731740175, ""fm2_violation_run_max_frames"": 97.0, ""fm2_violation_runs"": 29.0, ""fm2_windowed_pass_frac"": 0.4166666666666667, ""fm3_static_frac"": 0.015438596491228071, ""observed_duration_s"": 380.0, ""reproj_px_p50"": 20.240254891959772, ""reproj_shoulder_widths_p50"": 0.0731634097578556, ""round3_gallery_group"": ""flagged_fm2_framing"", ""unit_files"": 4.0, ""unit_flagged_frac"": 0.0, ""unit_hip_flexion_min"": 143.4234464372437, ""unit_knee_between_min"": 0.4986589639384595}",render
r4_191,recheck_pass_191_V00_S0101_I00000495_P0149_f0002743,V00_S0101_I00000495_P0149,naturalistic/train/0001/0001/V00_S0101_I00000495_P0149,naturalistic/train/0001/0009/V00_S0101_I00000495_P0148,recheck_pass,recheck,naturalistic,2743,V00,naturalistic,train,ipc_conversation,shown in Round 3 as pass_naturalistic; re-judged under the Round-4 detectors,"{""clip_anchored_on_fm2_violation"": false, ""flag_count"": 0, ""flags_fired"": """", ""fm1_hip_flexion_deg_p50"": 157.64342830492933, ""fm1_knee_between_torso_p50"": 0.574753779490675, ""fm1_leg_over_torso_p50"": 1.3390897852442256, ""fm1_reasons"": """", ""fm1_shin_verticality_p50"": 0.9996349670342075, ""fm1_sitting_file"": false, ""fm1_sitting_participant"": false, ""fm1_unit"": ""0149@0101"", ""fm1_unit_basis"": ""none"", ""fm2_in_frame_and_valid_frac"": 1.0, ""fm2_pass_frac_round3_joints_only"": 1.0, ""fm2_smplh_valid_frac"": 1.0, ""fm2_surface_correction_px_p50"": 40.22824770594639, ""fm2_vertex_worst_inset_min_px"": 62.988288549548315, ""fm2_violation_run_max_frames"": 0.0, ""fm2_violation_runs"": 0.0, ""fm2_windowed_pass_frac"": 1.0, ""fm3_static_frac"": 0.007004830917874396, ""observed_duration_s"": 138.0, ""reproj_px_p50"": 24.453107663456883, ""reproj_shoulder_widths_p50"": 0.07997809715475974, ""round3_gallery_group"": ""pass_naturalistic"", ""unit_files"": 2.0, ""unit_flagged_frac"": 0.0, ""unit_hip_flexion_min"": 157.64342830492933, ""unit_knee_between_min"": 0.574753779490675}",render
r4_192,recheck_multi_192_V00_S0200_I00000309_P0271_f0005529,V00_S0200_I00000309_P0271,improvised/train/0004/0013/V00_S0200_I00000309_P0271,improvised/train/0004/0020/V00_S0200_I00000309_P0003A,recheck_multi,recheck,improvised,5529,V00,improvised,train,ipc_conversation,shown in Round 3 as flagged_fm3_static_hands; re-judged under the Round-4 detectors,"{""clip_anchored_on_fm2_violation"": false, ""flag_count"": 2, ""flags_fired"": ""fm1_sitting+fm3_static_hands"", ""fm1_hip_flexion_deg_p50"": 109.31154903987111, ""fm1_knee_between_torso_p50"": 0.3801604674813373, ""fm1_leg_over_torso_p50"": 1.2731644349523603, ""fm1_reasons"": ""knee_between"", ""fm1_shin_verticality_p50"": 0.9205818264675649, ""fm1_sitting_file"": true, ""fm1_sitting_participant"": true, ""fm1_unit"": ""0271@0200"", ""fm1_unit_basis"": ""majority"", ""fm2_in_frame_and_valid_frac"": 1.0, ""fm2_pass_frac_round3_joints_only"": 1.0, ""fm2_smplh_valid_frac"": 1.0, ""fm2_surface_correction_px_p50"": 36.84424218205561, ""fm2_vertex_worst_inset_min_px"": 60.79773359056708, ""fm2_violation_run_max_frames"": 0.0, ""fm2_violation_runs"": 0.0, ""fm2_windowed_pass_frac"": 1.0, ""fm3_static_frac"": 0.808879781420765, ""observed_duration_s"": 244.0, ""reproj_px_p50"": 23.494073313188466, ""reproj_shoulder_widths_p50"": 0.07059096275092294, ""round3_gallery_group"": ""flagged_fm3_static_hands"", ""unit_files"": 2.0, ""unit_flagged_frac"": 1.0, ""unit_hip_flexion_min"": 109.31154903987111, ""unit_knee_between_min"": 0.3698159710160548}",render
r4_193,recheck_fm1_sitting_193_V00_S0360_I00000373_P0485_f0001528,V00_S0360_I00000373_P0485,naturalistic/dev/0000/0023/V00_S0360_I00000373_P0485,naturalistic/dev/0000/0034/V00_S0360_I00000373_P0484,recheck_fm1_sitting,recheck,naturalistic,1528,V00,naturalistic,dev,ipc_conversation,shown in Round 3 as flagged_fm1_sitting; re-judged under the Round-4 detectors,"{""clip_anchored_on_fm2_violation"": false, ""flag_count"": 1, ""flags_fired"": ""fm1_sitting"", ""fm1_hip_flexion_deg_p50"": 91.60720344364228, ""fm1_knee_between_torso_p50"": 0.23406900166710454, ""fm1_leg_over_torso_p50"": 0.8790794855303974, ""fm1_reasons"": ""knee_between"", ""fm1_shin_verticality_p50"": 0.9785498519189941, ""fm1_sitting_file"": true, ""fm1_sitting_participant"": true, ""fm1_unit"": ""0485@0360"", ""fm1_unit_basis"": ""majority"", ""fm2_in_frame_and_valid_frac"": 1.0, ""fm2_pass_frac_round3_joints_only"": 1.0, ""fm2_smplh_valid_frac"": 1.0, ""fm2_surface_correction_px_p50"": 47.36865994230112, ""fm2_vertex_worst_inset_min_px"": 110.6842387229351, ""fm2_violation_run_max_frames"": 0.0, ""fm2_violation_runs"": 0.0, ""fm2_windowed_pass_frac"": 1.0, ""fm3_static_frac"": 0.20927230046948356, ""observed_duration_s"": 284.0, ""reproj_px_p50"": 31.699424231271323, ""reproj_shoulder_widths_p50"": 0.07762526010111095, ""round3_gallery_group"": ""flagged_fm1_sitting"", ""unit_files"": 2.0, ""unit_flagged_frac"": 1.0, ""unit_hip_flexion_min"": 91.60720344364228, ""unit_knee_between_min"": 0.23406900166710454}",render
r4_194,recheck_fm3_static_hands_194_V00_S0415_I00000374_P0545_f0003543,V00_S0415_I00000374_P0545,naturalistic/train/0011/0019/V00_S0415_I00000374_P0545,naturalistic/train/0011/0040/V00_S0415_I00000374_P0544,recheck_fm3_static_hands,recheck,naturalistic,3543,V00,naturalistic,train,ipc_conversation,shown in Round 3 as flagged_fm3_static_hands; re-judged under the Round-4 detectors,"{""clip_anchored_on_fm2_violation"": false, ""flag_count"": 1, ""flags_fired"": ""fm3_static_hands"", ""fm1_hip_flexion_deg_p50"": 154.21894768210137, ""fm1_knee_between_torso_p50"": 0.5714429716607612, ""fm1_leg_over_torso_p50"": 1.246704418075653, ""fm1_reasons"": """", ""fm1_shin_verticality_p50"": 0.9996144213191072, ""fm1_sitting_file"": false, ""fm1_sitting_participant"": false, ""fm1_unit"": ""0545@0415"", ""fm1_unit_basis"": ""none"", ""fm2_in_frame_and_valid_frac"": 1.0, ""fm2_pass_frac_round3_joints_only"": 1.0, ""fm2_smplh_valid_frac"": 1.0, ""fm2_surface_correction_px_p50"": 40.12932144666729, ""fm2_vertex_worst_inset_min_px"": 135.13934559629888, ""fm2_violation_run_max_frames"": 0.0, ""fm2_violation_runs"": 0.0, ""fm2_windowed_pass_frac"": 1.0, ""fm3_static_frac"": 0.9625396825396826, ""observed_duration_s"": 210.0, ""reproj_px_p50"": 18.815604026366053, ""reproj_shoulder_widths_p50"": 0.05715784306026535, ""round3_gallery_group"": ""flagged_fm3_static_hands"", ""unit_files"": 3.0, ""unit_flagged_frac"": 0.0, ""unit_hip_flexion_min"": 154.21894768210137, ""unit_knee_between_min"": 0.5714429716607612}",render
r4_195,recheck_fm2_smplh_invalid_195_V00_S0639_I00000385_P0728_f0002250,V00_S0639_I00000385_P0728,naturalistic/train/0018/0013/V00_S0639_I00000385_P0728,naturalistic/train/0018/0034/V00_S0639_I00000385_P0123,recheck_fm2_smplh_invalid,recheck,naturalistic,2250,V00,naturalistic,train,ipc_conversation,shown in Round 3 as flagged_fm2_framing; re-judged under the Round-4 detectors,"{""clip_anchored_on_fm2_violation"": true, ""flag_count"": 1, ""flags_fired"": ""fm2_smplh_invalid"", ""fm1_hip_flexion_deg_p50"": 146.3488082956291, ""fm1_knee_between_torso_p50"": 0.5429416089792272, ""fm1_leg_over_torso_p50"": 1.217111396602561, ""fm1_reasons"": """", ""fm1_shin_verticality_p50"": 0.9748585677660577, ""fm1_sitting_file"": false, ""fm1_sitting_participant"": false, ""fm1_unit"": ""0728@0639"", ""fm1_unit_basis"": ""none"", ""fm2_in_frame_and_valid_frac"": 0.9123737373737374, ""fm2_pass_frac_round3_joints_only"": 0.932070707070707, ""fm2_smplh_valid_frac"": 0.9742424242424242, ""fm2_surface_correction_px_p50"": 35.63800422857423, ""fm2_vertex_worst_inset_min_px"": -166.15703719524208, ""fm2_violation_run_max_frames"": 74.0, ""fm2_violation_runs"": 37.0, ""fm2_windowed_pass_frac"": 0.25, ""fm3_static_frac"": 0.15353535353535352, ""observed_duration_s"": 132.0, ""reproj_px_p50"": 15.676124567542615, ""reproj_shoulder_widths_p50"": 0.04261385505889377, ""round3_gallery_group"": ""flagged_fm2_framing"", ""unit_files"": 3.0, ""unit_flagged_frac"": 0.0, ""unit_hip_flexion_min"": 140.61340819148944, ""unit_knee_between_min"": 0.5171337585405968}",render
r4_196,recheck_fm2_smplh_invalid_196_V00_S1440_I00000663_P0241A_f0009900,V00_S1440_I00000663_P0241A,improvised/train/0033/0031/V00_S1440_I00000663_P0241A,improvised/train/0033/0009/V00_S1440_I00000663_P0388A,recheck_fm2_smplh_invalid,recheck,improvised,9900,V00,improvised,train,ipc_conversation,shown in Round 3 as flagged_fm2_framing; re-judged under the Round-4 detectors,"{""clip_anchored_on_fm2_violation"": true, ""flag_count"": 1, ""flags_fired"": ""fm2_smplh_invalid"", ""fm1_hip_flexion_deg_p50"": 149.90274236370345, ""fm1_knee_between_torso_p50"": 0.5159622503402638, ""fm1_leg_over_torso_p50"": 1.5670605030891567, ""fm1_reasons"": """", ""fm1_shin_verticality_p50"": 0.9996539187466289, ""fm1_sitting_file"": false, ""fm1_sitting_participant"": false, ""fm1_unit"": ""0241A@1440"", ""fm1_unit_basis"": ""none"", ""fm2_in_frame_and_valid_frac"": 0.9938888888888889, ""fm2_pass_frac_round3_joints_only"": 0.9938888888888889, ""fm2_smplh_valid_frac"": 0.9938888888888889, ""fm2_surface_correction_px_p50"": 31.455632016585923, ""fm2_vertex_worst_inset_min_px"": 73.58150591914551, ""fm2_violation_run_max_frames"": 15.0, ""fm2_violation_runs"": 20.0, ""fm2_windowed_pass_frac"": 0.5833333333333334, ""fm3_static_frac"": 0.0687962962962963, ""observed_duration_s"": 360.0, ""reproj_px_p50"": 11.89163716305151, ""reproj_shoulder_widths_p50"": 0.040854406972990476, ""round3_gallery_group"": ""flagged_fm2_framing"", ""unit_files"": 2.0, ""unit_flagged_frac"": 0.0, ""unit_hip_flexion_min"": 149.90274236370345, ""unit_knee_between_min"": 0.5159622503402638}",render
r4_197,recheck_pass_197_V00_S1882_I00000034_P0439_f0004771,V00_S1882_I00000034_P0439,naturalistic/train/0030/0016/V00_S1882_I00000034_P0439,naturalistic/train/0030/0028/V00_S1882_I00000034_P1195,recheck_pass,recheck,naturalistic,4771,V00,naturalistic,train,ipc_conversation,shown in Round 3 as pass_naturalistic; re-judged under the Round-4 detectors,"{""clip_anchored_on_fm2_violation"": false, ""flag_count"": 0, ""flags_fired"": """", ""fm1_hip_flexion_deg_p50"": 159.1441961658338, ""fm1_knee_between_torso_p50"": 0.5862109869699571, ""fm1_leg_over_torso_p50"": 1.20962820828648, ""fm1_reasons"": """", ""fm1_shin_verticality_p50"": 0.9995920816369868, ""fm1_sitting_file"": false, ""fm1_sitting_participant"": false, ""fm1_unit"": ""0439@1882"", ""fm1_unit_basis"": ""none"", ""fm2_in_frame_and_valid_frac"": 1.0, ""fm2_pass_frac_round3_joints_only"": 1.0, ""fm2_smplh_valid_frac"": 1.0, ""fm2_surface_correction_px_p50"": 37.83533761246247, ""fm2_vertex_worst_inset_min_px"": 54.82216578479847, ""fm2_violation_run_max_frames"": 0.0, ""fm2_violation_runs"": 0.0, ""fm2_windowed_pass_frac"": 1.0, ""fm3_static_frac"": 0.17484276729559747, ""observed_duration_s"": 318.0, ""reproj_px_p50"": 41.074898444102914, ""reproj_shoulder_widths_p50"": 0.13464717048907274, ""round3_gallery_group"": ""pass_naturalistic"", ""unit_files"": 2.0, ""unit_flagged_frac"": 0.0, ""unit_hip_flexion_min"": 159.1441961658338, ""unit_knee_between_min"": 0.5850556604195268}",render
r4_198,recheck_fm2_smplh_invalid_198_V00_S0270_I00000578_P0369_f0002042,V00_S0270_I00000578_P0369,improvised/train/0006/0010/V00_S0270_I00000578_P0369,improvised/train/0006/0041/V00_S0270_I00000578_P0006A,recheck_fm2_smplh_invalid,recheck,improvised,2042,V00,improvised,train,ipc_conversation,shown in Round 3 as flagged_fm2_framing; re-judged under the Round-4 detectors,"{""clip_anchored_on_fm2_violation"": true, ""flag_count"": 1, ""flags_fired"": ""fm2_smplh_invalid"", ""fm1_hip_flexion_deg_p50"": 160.871925058591, ""fm1_knee_between_torso_p50"": 0.5695342053918457, ""fm1_leg_over_torso_p50"": 1.2580646311507806, ""fm1_reasons"": """", ""fm1_shin_verticality_p50"": 0.9996349710593527, ""fm1_sitting_file"": false, ""fm1_sitting_participant"": false, ""fm1_unit"": ""0369@0270"", ""fm1_unit_basis"": ""none"", ""fm2_in_frame_and_valid_frac"": 0.9715789473684211, ""fm2_pass_frac_round3_joints_only"": 0.9794736842105263, ""fm2_smplh_valid_frac"": 0.9996491228070176, ""fm2_surface_correction_px_p50"": 34.79011139457657, ""fm2_vertex_worst_inset_min_px"": -88.0323261581816, ""fm2_violation_run_max_frames"": 23.0, ""fm2_violation_runs"": 14.0, ""fm2_windowed_pass_frac"": 0.16666666666666666, ""fm3_static_frac"": 0.03263157894736842, ""observed_duration_s"": 190.0, ""reproj_px_p50"": 26.647941517251617, ""reproj_shoulder_widths_p50"": 0.08060608441683262, ""round3_gallery_group"": ""flagged_fm2_framing"", ""unit_files"": 1.0, ""unit_flagged_frac"": 0.0, ""unit_hip_flexion_min"": 160.871925058591, ""unit_knee_between_min"": 0.5695342053918457}",render
r4_199,recheck_pass_199_V00_S0441_I00000375_P0579_f0003159,V00_S0441_I00000375_P0579,naturalistic/train/0011/0022/V00_S0441_I00000375_P0579,naturalistic/train/0011/0010/V00_S0441_I00000375_P0578,recheck_pass,recheck,naturalistic,3159,V00,naturalistic,train,ipc_conversation,shown in Round 3 as pass_naturalistic; re-judged under the Round-4 detectors,"{""clip_anchored_on_fm2_violation"": false, ""flag_count"": 0, ""flags_fired"": """", ""fm1_hip_flexion_deg_p50"": 153.1772187013624, ""fm1_knee_between_torso_p50"": 0.5778768770595362, ""fm1_leg_over_torso_p50"": 1.2017667492662962, ""fm1_reasons"": """", ""fm1_shin_verticality_p50"": 0.9994449112977397, ""fm1_sitting_file"": false, ""fm1_sitting_participant"": false, ""fm1_unit"": ""0579@0441"", ""fm1_unit_basis"": ""none"", ""fm2_in_frame_and_valid_frac"": 1.0, ""fm2_pass_frac_round3_joints_only"": 1.0, ""fm2_smplh_valid_frac"": 1.0, ""fm2_surface_correction_px_p50"": 37.576139100310684, ""fm2_vertex_worst_inset_min_px"": 76.32211467846344, ""fm2_violation_run_max_frames"": 0.0, ""fm2_violation_runs"": 0.0, ""fm2_windowed_pass_frac"": 1.0, ""fm3_static_frac"": 0.009501557632398754, ""observed_duration_s"": 214.0, ""reproj_px_p50"": 41.381466160621734, ""reproj_shoulder_widths_p50"": 0.1268240632070124, ""round3_gallery_group"": ""pass_naturalistic"", ""unit_files"": 2.0, ""unit_flagged_frac"": 0.0, ""unit_hip_flexion_min"": 152.93997351743994, ""unit_knee_between_min"": 0.5680020470597715}",render
r4_200,recheck_pass_200_V00_S1129_I00001000_P0185A_f0004940,V00_S1129_I00001000_P0185A,improvised/train/0024/0062/V00_S1129_I00001000_P0185A,improvised/train/0024/0030/V00_S1129_I00001000_P0230A,recheck_pass,recheck,improvised,4940,V00,improvised,train,ipc_conversation,shown in Round 3 as pass_improvised; re-judged under the Round-4 detectors,"{""clip_anchored_on_fm2_violation"": false, ""flag_count"": 0, ""flags_fired"": """", ""fm1_hip_flexion_deg_p50"": 143.50044970202947, ""fm1_knee_between_torso_p50"": 0.5545330388639108, ""fm1_leg_over_torso_p50"": 1.1056004606156407, ""fm1_reasons"": """", ""fm1_shin_verticality_p50"": 0.9981685017330244, ""fm1_sitting_file"": false, ""fm1_sitting_participant"": false, ""fm1_unit"": ""0185A@1129"", ""fm1_unit_basis"": ""none"", ""fm2_in_frame_and_valid_frac"": 1.0, ""fm2_pass_frac_round3_joints_only"": 1.0, ""fm2_smplh_valid_frac"": 1.0, ""fm2_surface_correction_px_p50"": 33.75590446811228, ""fm2_vertex_worst_inset_min_px"": 100.05348097100119, ""fm2_violation_run_max_frames"": 0.0, ""fm2_violation_runs"": 0.0, ""fm2_windowed_pass_frac"": 1.0, ""fm3_static_frac"": 0.08246376811594203, ""observed_duration_s"": 230.0, ""reproj_px_p50"": 24.62494160894743, ""reproj_shoulder_widths_p50"": 0.0788175476342809, ""round3_gallery_group"": ""pass_improvised"", ""unit_files"": 2.0, ""unit_flagged_frac"": 0.0, ""unit_hip_flexion_min"": 141.01855924215585, ""unit_knee_between_min"": 0.5456720360845317}",render
r4_201,recheck_pass_201_V00_S0126_I00000126_P0003A_f0000464,V00_S0126_I00000126_P0003A,improvised/train/0002/0031/V00_S0126_I00000126_P0003A,improvised/train/0002/0010/V00_S0126_I00000126_P0187,recheck_pass,recheck,improvised,464,V00,improvised,train,ipc_conversation,shown in Round 3 as pass_improvised; re-judged under the Round-4 detectors,"{""clip_anchored_on_fm2_violation"": false, ""flag_count"": 0, ""flags_fired"": """", ""fm1_hip_flexion_deg_p50"": 130.55223463472348, ""fm1_knee_between_torso_p50"": 0.5076342056206389, ""fm1_leg_over_torso_p50"": 1.2125734008648323, ""fm1_reasons"": """", ""fm1_shin_verticality_p50"": 0.998274379749079, ""fm1_sitting_file"": false, ""fm1_sitting_participant"": false, ""fm1_unit"": ""0003A@0126"", ""fm1_unit_basis"": ""none"", ""fm2_in_frame_and_valid_frac"": 1.0, ""fm2_pass_frac_round3_joints_only"": 1.0, ""fm2_smplh_valid_frac"": 1.0, ""fm2_surface_correction_px_p50"": 101.61910755619067, ""fm2_vertex_worst_inset_min_px"": 97.64048741472743, ""fm2_violation_run_max_frames"": 0.0, ""fm2_violation_runs"": 0.0, ""fm2_windowed_pass_frac"": 1.0, ""fm3_static_frac"": 0.5803763440860215, ""observed_duration_s"": 124.0, ""reproj_px_p50"": 18.199377616645485, ""reproj_shoulder_widths_p50"": 0.05234731714893979, ""round3_gallery_group"": ""pass_improvised"", ""unit_files"": 2.0, ""unit_flagged_frac"": 0.0, ""unit_hip_flexion_min"": 130.55223463472348, ""unit_knee_between_min"": 0.5076342056206389}",render
r4_202,fresh_flagged_fm1_sitting_202_V00_S1045_I00000003_P1067_f0002495,V00_S1045_I00000003_P1067,naturalistic/dev/0001/0024/V00_S1045_I00000003_P1067,naturalistic/dev/0001/0008/V00_S1045_I00000003_P1066,fresh_flagged_fm1_sitting,fresh,naturalistic,2495,V00,naturalistic,dev,ipc_conversation,fm1_sitting: only this mode fired; participant not in the recheck cohort,"{""clip_anchored_on_fm2_violation"": false, ""flag_count"": 1, ""flags_fired"": ""fm1_sitting"", ""fm1_hip_flexion_deg_p50"": 80.69741261314286, ""fm1_knee_between_torso_p50"": 0.049294634546808755, ""fm1_leg_over_torso_p50"": 1.4628298581203665, ""fm1_reasons"": ""knee_between"", ""fm1_shin_verticality_p50"": 0.9998039427642691, ""fm1_sitting_file"": true, ""fm1_sitting_participant"": true, ""fm1_unit"": ""1067@1045"", ""fm1_unit_basis"": ""majority"", ""fm2_in_frame_and_valid_frac"": 1.0, ""fm2_pass_frac_round3_joints_only"": 1.0, ""fm2_smplh_valid_frac"": 1.0, ""fm2_surface_correction_px_p50"": 17.08449574089275, ""fm2_vertex_worst_inset_min_px"": 148.0210613812153, ""fm2_violation_run_max_frames"": 0.0, ""fm2_violation_runs"": 0.0, ""fm2_windowed_pass_frac"": 1.0, ""fm3_static_frac"": 0.43822222222222224, ""observed_duration_s"": 150.0, ""reproj_px_p50"": 22.14052252378676, ""reproj_shoulder_widths_p50"": 0.07130174392102398, ""unit_files"": 5.0, ""unit_flagged_frac"": 1.0, ""unit_hip_flexion_min"": 76.03713077878876, ""unit_knee_between_min"": -0.04069986506662773}",render
r4_203,fresh_flagged_fm1_sitting_203_V00_S0446_I00000309_P0585_f0002280,V00_S0446_I00000309_P0585,naturalistic/train/0012/0003/V00_S0446_I00000309_P0585,naturalistic/train/0012/0006/V00_S0446_I00000309_P0489,fresh_flagged_fm1_sitting,fresh,naturalistic,2280,V00,naturalistic,train,ipc_conversation,fm1_sitting: only this mode fired; participant not in the recheck cohort,"{""clip_anchored_on_fm2_violation"": false, ""flag_count"": 1, ""flags_fired"": ""fm1_sitting"", ""fm1_hip_flexion_deg_p50"": 112.79310602211318, ""fm1_knee_between_torso_p50"": 0.37218273542499797, ""fm1_leg_over_torso_p50"": 1.4813434238922287, ""fm1_reasons"": ""knee_between"", ""fm1_shin_verticality_p50"": 0.9952746589409767, ""fm1_sitting_file"": true, ""fm1_sitting_participant"": true, ""fm1_unit"": ""0585@0446"", ""fm1_unit_basis"": ""majority"", ""fm2_in_frame_and_valid_frac"": 0.9940104166666667, ""fm2_pass_frac_round3_joints_only"": 0.996875, ""fm2_smplh_valid_frac"": 1.0, ""fm2_surface_correction_px_p50"": 38.786648418808454, ""fm2_vertex_worst_inset_min_px"": -32.939867303408846, ""fm2_violation_run_max_frames"": 14.0, ""fm2_violation_runs"": 3.0, ""fm2_windowed_pass_frac"": 0.75, ""fm3_static_frac"": 0.29375, ""observed_duration_s"": 128.0, ""reproj_px_p50"": 29.509235152865916, ""reproj_shoulder_widths_p50"": 0.08532759134653271, ""unit_files"": 3.0, ""unit_flagged_frac"": 1.0, ""unit_hip_flexion_min"": 112.68495290998429, ""unit_knee_between_min"": 0.3692891419670379}",render
r4_204,fresh_flagged_fm1_sitting_204_V00_S0337_I00000480_P0457_f0000447,V00_S0337_I00000480_P0457,naturalistic/train/0008/0022/V00_S0337_I00000480_P0457,naturalistic/train/0008/0032/V00_S0337_I00000480_P0453,fresh_flagged_fm1_sitting,fresh,naturalistic,447,V00,naturalistic,train,ipc_conversation,fm1_sitting: only this mode fired; participant not in the recheck cohort,"{""clip_anchored_on_fm2_violation"": false, ""flag_count"": 1, ""flags_fired"": ""fm1_sitting"", ""fm1_hip_flexion_deg_p50"": 132.08727859883717, ""fm1_knee_between_torso_p50"": 0.4880002844123007, ""fm1_leg_over_torso_p50"": 1.2370417143842647, ""fm1_reasons"": """", ""fm1_shin_verticality_p50"": 0.9995411819744375, ""fm1_sitting_file"": false, ""fm1_sitting_participant"": true, ""fm1_unit"": ""0457@0337"", ""fm1_unit_basis"": ""majority"", ""fm2_in_frame_and_valid_frac"": 1.0, ""fm2_pass_frac_round3_joints_only"": 1.0, ""fm2_smplh_valid_frac"": 1.0, ""fm2_surface_correction_px_p50"": 48.42878245678395, ""fm2_vertex_worst_inset_min_px"": 67.1920661834402, ""fm2_violation_run_max_frames"": 0.0, ""fm2_violation_runs"": 0.0, ""fm2_windowed_pass_frac"": 1.0, ""fm3_static_frac"": 0.5933691756272401, ""observed_duration_s"": 186.0, ""reproj_px_p50"": 13.915624666746945, ""reproj_shoulder_widths_p50"": 0.03848153607353673, ""unit_files"": 2.0, ""unit_flagged_frac"": 0.5, ""unit_hip_flexion_min"": 110.88101134857232, ""unit_knee_between_min"": 0.3757119509624718}",render
r4_205,fresh_flagged_fm1_sitting_205_V00_S0691_I00000479_P0840_f0004798,V00_S0691_I00000479_P0840,naturalistic/dev/0000/0033/V00_S0691_I00000479_P0840,naturalistic/dev/0000/0027/V00_S0691_I00000479_P0500,fresh_flagged_fm1_sitting,fresh,naturalistic,4798,V00,naturalistic,dev,ipc_conversation,fm1_sitting: only this mode fired; participant not in the recheck cohort,"{""clip_anchored_on_fm2_violation"": false, ""flag_count"": 1, ""flags_fired"": ""fm1_sitting"", ""fm1_hip_flexion_deg_p50"": 115.36694837217041, ""fm1_knee_between_torso_p50"": 0.40234917022086325, ""fm1_leg_over_torso_p50"": 1.2579081993305363, ""fm1_reasons"": ""knee_between"", ""fm1_shin_verticality_p50"": 0.9977851437602314, ""fm1_sitting_file"": true, ""fm1_sitting_participant"": true, ""fm1_unit"": ""0840@0691"", ""fm1_unit_basis"": ""majority"", ""fm2_in_frame_and_valid_frac"": 0.9816161616161616, ""fm2_pass_frac_round3_joints_only"": 0.9871717171717171, ""fm2_smplh_valid_frac"": 1.0, ""fm2_surface_correction_px_p50"": 43.95881969522975, ""fm2_vertex_worst_inset_min_px"": -52.083108431547885, ""fm2_violation_run_max_frames"": 37.0, ""fm2_violation_runs"": 31.0, ""fm2_windowed_pass_frac"": 0.5454545454545454, ""fm3_static_frac"": 0.6464646464646465, ""observed_duration_s"": 330.0, ""reproj_px_p50"": 17.145548611575165, ""reproj_shoulder_widths_p50"": 0.04906738256387971, ""unit_files"": 3.0, ""unit_flagged_frac"": 1.0, ""unit_hip_flexion_min"": 111.47419657926713, ""unit_knee_between_min"": 0.37874031683152487}",render
r4_206,fresh_flagged_fm1_sitting_206_V00_S0446_I00000126_P0585_f0002238,V00_S0446_I00000126_P0585,naturalistic/train/0012/0024/V00_S0446_I00000126_P0585,naturalistic/train/0012/0022/V00_S0446_I00000126_P0489,fresh_flagged_fm1_sitting,fresh,naturalistic,2238,V00,naturalistic,train,ipc_conversation,fm1_sitting: only this mode fired; participant not in the recheck cohort,"{""clip_anchored_on_fm2_violation"": false, ""flag_count"": 1, ""flags_fired"": ""fm1_sitting"", ""fm1_hip_flexion_deg_p50"": 117.90857165210669, ""fm1_knee_between_torso_p50"": 0.407664073023642, ""fm1_leg_over_torso_p50"": 1.453698326798625, ""fm1_reasons"": ""knee_between"", ""fm1_shin_verticality_p50"": 0.9970544747501033, ""fm1_sitting_file"": true, ""fm1_sitting_participant"": true, ""fm1_unit"": ""0585@0446"", ""fm1_unit_basis"": ""majority"", ""fm2_in_frame_and_valid_frac"": 0.9992354740061162, ""fm2_pass_frac_round3_joints_only"": 1.0, ""fm2_smplh_valid_frac"": 1.0, ""fm2_surface_correction_px_p50"": 38.98221376784818, ""fm2_vertex_worst_inset_min_px"": 14.59108041176762, ""fm2_violation_run_max_frames"": 3.0, ""fm2_violation_runs"": 2.0, ""fm2_windowed_pass_frac"": 1.0, ""fm3_static_frac"": 0.11697247706422019, ""observed_duration_s"": 218.0, ""reproj_px_p50"": 30.97609015230028, ""reproj_shoulder_widths_p50"": 0.09038269121281611, ""unit_files"": 3.0, ""unit_flagged_frac"": 1.0, ""unit_hip_flexion_min"": 112.68495290998429, ""unit_knee_between_min"": 0.3692891419670379}",render
r4_207,fresh_flagged_fm1_sitting_207_V00_S1060_I00000334_P1072_f0006730,V00_S1060_I00000334_P1072,naturalistic/train/0025/0028/V00_S1060_I00000334_P1072,naturalistic/train/0025/0035/V00_S1060_I00000334_P1071,fresh_flagged_fm1_sitting,fresh,naturalistic,6730,V00,naturalistic,train,ipc_conversation,fm1_sitting: only this mode fired; participant not in the recheck cohort,"{""clip_anchored_on_fm2_violation"": false, ""flag_count"": 1, ""flags_fired"": ""fm1_sitting"", ""fm1_hip_flexion_deg_p50"": 122.8511611986668, ""fm1_knee_between_torso_p50"": 0.4600201065959614, ""fm1_leg_over_torso_p50"": 1.129922039817667, ""fm1_reasons"": """", ""fm1_shin_verticality_p50"": 0.9994449088182185, ""fm1_sitting_file"": false, ""fm1_sitting_participant"": true, ""fm1_unit"": ""1072@1060"", ""fm1_unit_basis"": ""majority"", ""fm2_in_frame_and_valid_frac"": 0.9815920398009951, ""fm2_pass_frac_round3_joints_only"": 0.9953980099502487, ""fm2_smplh_valid_frac"": 1.0, ""fm2_surface_correction_px_p50"": 32.61560105009255, ""fm2_vertex_worst_inset_min_px"": -30.041192036161192, ""fm2_violation_run_max_frames"": 55.0, ""fm2_violation_runs"": 25.0, ""fm2_windowed_pass_frac"": 0.875, ""fm3_static_frac"": 0.15708955223880597, ""observed_duration_s"": 268.0, ""reproj_px_p50"": 31.639821657659947, ""reproj_shoulder_widths_p50"": 0.08600894621848895, ""unit_files"": 2.0, ""unit_flagged_frac"": 0.5, ""unit_hip_flexion_min"": 114.24258650122921, ""unit_knee_between_min"": 0.4284712922306218}",render
r4_208,fresh_flagged_fm1_sitting_208_V00_S1933_I00000001_P0805_f0000640,V00_S1933_I00000001_P0805,naturalistic/train/0031/0012/V00_S1933_I00000001_P0805,naturalistic/train/0031/0002/V00_S1933_I00000001_P1220,fresh_flagged_fm1_sitting,fresh,naturalistic,640,V00,naturalistic,train,ipc_conversation,fm1_sitting: only this mode fired; participant not in the recheck cohort,"{""clip_anchored_on_fm2_violation"": false, ""flag_count"": 1, ""flags_fired"": ""fm1_sitting"", ""fm1_hip_flexion_deg_p50"": 87.13515597925758, ""fm1_knee_between_torso_p50"": 0.1450738338235779, ""fm1_leg_over_torso_p50"": 1.6306931462279028, ""fm1_reasons"": ""knee_between"", ""fm1_shin_verticality_p50"": 0.9998000599800071, ""fm1_sitting_file"": true, ""fm1_sitting_participant"": true, ""fm1_unit"": ""0805@1933"", ""fm1_unit_basis"": ""majority"", ""fm2_in_frame_and_valid_frac"": 1.0, ""fm2_pass_frac_round3_joints_only"": 1.0, ""fm2_smplh_valid_frac"": 1.0, ""fm2_surface_correction_px_p50"": 27.563806839791425, ""fm2_vertex_worst_inset_min_px"": 232.03708934436685, ""fm2_violation_run_max_frames"": 0.0, ""fm2_violation_runs"": 0.0, ""fm2_windowed_pass_frac"": 1.0, ""fm3_static_frac"": 0.7443798449612403, ""observed_duration_s"": 172.0, ""reproj_px_p50"": 15.826865171069638, ""reproj_shoulder_widths_p50"": 0.052645927702890685, ""unit_files"": 2.0, ""unit_flagged_frac"": 1.0, ""unit_hip_flexion_min"": 87.13515597925758, ""unit_knee_between_min"": 0.1450738338235779}",render
r4_209,fresh_flagged_fm1_sitting_209_V00_S1925_I00000298_P1213_f0005379,V00_S1925_I00000298_P1213,naturalistic/train/0031/0018/V00_S1925_I00000298_P1213,naturalistic/train/0031/0019/V00_S1925_I00000298_P0070,fresh_flagged_fm1_sitting,fresh,naturalistic,5379,V00,naturalistic,train,ipc_conversation,fm1_sitting: only this mode fired; participant not in the recheck cohort,"{""clip_anchored_on_fm2_violation"": false, ""flag_count"": 1, ""flags_fired"": ""fm1_sitting"", ""fm1_hip_flexion_deg_p50"": 93.966961043624, ""fm1_knee_between_torso_p50"": 0.21178367912473428, ""fm1_leg_over_torso_p50"": 1.2327611955106563, ""fm1_reasons"": ""knee_between"", ""fm1_shin_verticality_p50"": 0.9997737349902374, ""fm1_sitting_file"": true, ""fm1_sitting_participant"": true, ""fm1_unit"": ""1213@1925"", ""fm1_unit_basis"": ""majority"", ""fm2_in_frame_and_valid_frac"": 0.9969618055555556, ""fm2_pass_frac_round3_joints_only"": 0.9979166666666667, ""fm2_smplh_valid_frac"": 1.0, ""fm2_surface_correction_px_p50"": 28.938863797077488, ""fm2_vertex_worst_inset_min_px"": -48.46962730540645, ""fm2_violation_run_max_frames"": 20.0, ""fm2_violation_runs"": 5.0, ""fm2_windowed_pass_frac"": 0.8333333333333334, ""fm3_static_frac"": 0.48420138888888886, ""observed_duration_s"": 384.0, ""reproj_px_p50"": 12.689804727568639, ""reproj_shoulder_widths_p50"": 0.03852602727025589, ""unit_files"": 4.0, ""unit_flagged_frac"": 1.0, ""unit_hip_flexion_min"": 93.334421815114, ""unit_knee_between_min"": 0.20551671627019924}",render
r4_210,fresh_flagged_fm1_sitting_210_V00_S0369_I00000488_P0491_f0000552,V00_S0369_I00000488_P0491,naturalistic/train/0009/0007/V00_S0369_I00000488_P0491,naturalistic/train/0009/0021/V00_S0369_I00000488_P0024,fresh_flagged_fm1_sitting,fresh,naturalistic,552,V00,naturalistic,train,ipc_conversation,fm1_sitting: only this mode fired; participant not in the recheck cohort,"{""clip_anchored_on_fm2_violation"": false, ""flag_count"": 1, ""flags_fired"": ""fm1_sitting"", ""fm1_hip_flexion_deg_p50"": 115.57607967032295, ""fm1_knee_between_torso_p50"": 0.4248824471442654, ""fm1_leg_over_torso_p50"": 1.1431543327704423, ""fm1_reasons"": ""knee_between"", ""fm1_shin_verticality_p50"": 0.9995411800307221, ""fm1_sitting_file"": true, ""fm1_sitting_participant"": true, ""fm1_unit"": ""0491@0369"", ""fm1_unit_basis"": ""majority"", ""fm2_in_frame_and_valid_frac"": 0.9994186046511628, ""fm2_pass_frac_round3_joints_only"": 0.9998062015503876, ""fm2_smplh_valid_frac"": 1.0, ""fm2_surface_correction_px_p50"": 42.894397268016405, ""fm2_vertex_worst_inset_min_px"": -14.154687638592804, ""fm2_violation_run_max_frames"": 3.0, ""fm2_violation_runs"": 1.0, ""fm2_windowed_pass_frac"": 0.8, ""fm3_static_frac"": 0.4325581395348837, ""observed_duration_s"": 172.0, ""reproj_px_p50"": 34.065767865546064, ""reproj_shoulder_widths_p50"": 0.09563544576576258, ""unit_files"": 4.0, ""unit_flagged_frac"": 0.5, ""unit_hip_flexion_min"": 113.17360446737011, ""unit_knee_between_min"": 0.40139645022661435}",render
r4_211,fresh_flagged_fm1_sitting_211_V00_S1933_I00000012_P0805_f0000693,V00_S1933_I00000012_P0805,naturalistic/train/0031/0030/V00_S1933_I00000012_P0805,naturalistic/train/0031/0029/V00_S1933_I00000012_P1220,fresh_flagged_fm1_sitting,fresh,naturalistic,693,V00,naturalistic,train,ipc_conversation,fm1_sitting: only this mode fired; participant not in the recheck cohort,"{""clip_anchored_on_fm2_violation"": false, ""flag_count"": 1, ""flags_fired"": ""fm1_sitting"", ""fm1_hip_flexion_deg_p50"": 93.25166269081686, ""fm1_knee_between_torso_p50"": 0.2154814911739101, ""fm1_leg_over_torso_p50"": 1.5778733530418312, ""fm1_reasons"": ""knee_between"", ""fm1_shin_verticality_p50"": 0.9998078182443362, ""fm1_sitting_file"": true, ""fm1_sitting_participant"": true, ""fm1_unit"": ""0805@1933"", ""fm1_unit_basis"": ""majority"", ""fm2_in_frame_and_valid_frac"": 0.9932584269662922, ""fm2_pass_frac_round3_joints_only"": 1.0, ""fm2_smplh_valid_frac"": 1.0, ""fm2_surface_correction_px_p50"": 20.822295192803722, ""fm2_vertex_worst_inset_min_px"": 40.62825998666949, ""fm2_violation_run_max_frames"": 7.0, ""fm2_violation_runs"": 12.0, ""fm2_windowed_pass_frac"": 1.0, ""fm3_static_frac"": 0.5074906367041199, ""observed_duration_s"": 178.0, ""reproj_px_p50"": 18.065925325874076, ""reproj_shoulder_widths_p50"": 0.05741917208763071, ""unit_files"": 2.0, ""unit_flagged_frac"": 1.0, ""unit_hip_flexion_min"": 87.13515597925758, ""unit_knee_between_min"": 0.1450738338235779}",render
r4_212,fresh_flagged_fm1_sitting_212_V00_S1045_I00000012_P1067_f0003598,V00_S1045_I00000012_P1067,naturalistic/dev/0001/0027/V00_S1045_I00000012_P1067,naturalistic/dev/0001/0038/V00_S1045_I00000012_P1066,fresh_flagged_fm1_sitting,fresh,naturalistic,3598,V00,naturalistic,dev,ipc_conversation,fm1_sitting: only this mode fired; participant not in the recheck cohort,"{""clip_anchored_on_fm2_violation"": false, ""flag_count"": 1, ""flags_fired"": ""fm1_sitting"", ""fm1_hip_flexion_deg_p50"": 76.03713077878876, ""fm1_knee_between_torso_p50"": -0.04069986506662773, ""fm1_leg_over_torso_p50"": 1.370870557729753, ""fm1_reasons"": ""knee_between"", ""fm1_shin_verticality_p50"": 0.9994060080712641, ""fm1_sitting_file"": true, ""fm1_sitting_participant"": true, ""fm1_unit"": ""1067@1045"", ""fm1_unit_basis"": ""majority"", ""fm2_in_frame_and_valid_frac"": 1.0, ""fm2_pass_frac_round3_joints_only"": 1.0, ""fm2_smplh_valid_frac"": 1.0, ""fm2_surface_correction_px_p50"": 20.769225465705176, ""fm2_vertex_worst_inset_min_px"": 156.64043736565418, ""fm2_violation_run_max_frames"": 0.0, ""fm2_violation_runs"": 0.0, ""fm2_windowed_pass_frac"": 1.0, ""fm3_static_frac"": 0.5671428571428572, ""observed_duration_s"": 210.0, ""reproj_px_p50"": 24.839579386295714, ""reproj_shoulder_widths_p50"": 0.07828163950580733, ""unit_files"": 5.0, ""unit_flagged_frac"": 1.0, ""unit_hip_flexion_min"": 76.03713077878876, ""unit_knee_between_min"": -0.04069986506662773}",render
r4_213,fresh_flagged_fm1_sitting_213_V00_S1045_I00000606_P1067_f0002427,V00_S1045_I00000606_P1067,naturalistic/dev/0001/0011/V00_S1045_I00000606_P1067,naturalistic/dev/0001/0004/V00_S1045_I00000606_P1066,fresh_flagged_fm1_sitting,fresh,naturalistic,2427,V00,naturalistic,dev,grounded_gesture,fm1_sitting: only this mode fired; participant not in the recheck cohort,"{""clip_anchored_on_fm2_violation"": false, ""flag_count"": 1, ""flags_fired"": ""fm1_sitting"", ""fm1_hip_flexion_deg_p50"": 80.3818352212558, ""fm1_knee_between_torso_p50"": 0.04014620789532036, ""fm1_leg_over_torso_p50"": 1.2689890175933738, ""fm1_reasons"": ""knee_between"", ""fm1_shin_verticality_p50"": 0.9997830531250207, ""fm1_sitting_file"": true, ""fm1_sitting_participant"": true, ""fm1_unit"": ""1067@1045"", ""fm1_unit_basis"": ""majority"", ""fm2_in_frame_and_valid_frac"": 1.0, ""fm2_pass_frac_round3_joints_only"": 1.0, ""fm2_smplh_valid_frac"": 1.0, ""fm2_surface_correction_px_p50"": 25.288155468730906, ""fm2_vertex_worst_inset_min_px"": 169.9791475164459, ""fm2_violation_run_max_frames"": 0.0, ""fm2_violation_runs"": 0.0, ""fm2_windowed_pass_frac"": 1.0, ""fm3_static_frac"": 0.3142543859649123, ""observed_duration_s"": 152.0, ""reproj_px_p50"": 29.18218708665532, ""reproj_shoulder_widths_p50"": 0.09317416931287573, ""unit_files"": 5.0, ""unit_flagged_frac"": 1.0, ""unit_hip_flexion_min"": 76.03713077878876, ""unit_knee_between_min"": -0.04069986506662773}",render
r4_214,fresh_flagged_fm1_sitting_214_V00_S1933_I00000294_P1220_f0006564,V00_S1933_I00000294_P1220,naturalistic/train/0031/0020/V00_S1933_I00000294_P1220,naturalistic/train/0031/0044/V00_S1933_I00000294_P0805,fresh_flagged_fm1_sitting,fresh,naturalistic,6564,V00,naturalistic,train,ipc_conversation,fm1_sitting: only this mode fired; participant not in the recheck cohort,"{""clip_anchored_on_fm2_violation"": false, ""flag_count"": 1, ""flags_fired"": ""fm1_sitting"", ""fm1_hip_flexion_deg_p50"": 72.96890964363271, ""fm1_knee_between_torso_p50"": -0.11677668736885209, ""fm1_leg_over_torso_p50"": 1.5665074372477314, ""fm1_reasons"": ""knee_between"", ""fm1_shin_verticality_p50"": 0.9868276615009524, ""fm1_sitting_file"": true, ""fm1_sitting_participant"": true, ""fm1_unit"": ""1220@1933"", ""fm1_unit_basis"": ""majority"", ""fm2_in_frame_and_valid_frac"": 1.0, ""fm2_pass_frac_round3_joints_only"": 1.0, ""fm2_smplh_valid_frac"": 1.0, ""fm2_surface_correction_px_p50"": 38.25192610647929, ""fm2_vertex_worst_inset_min_px"": 174.14412398221936, ""fm2_violation_run_max_frames"": 0.0, ""fm2_violation_runs"": 0.0, ""fm2_windowed_pass_frac"": 1.0, ""fm3_static_frac"": 0.2676616915422886, ""observed_duration_s"": 268.0, ""reproj_px_p50"": 16.751475787237823, ""reproj_shoulder_widths_p50"": 0.05539132548403718, ""unit_files"": 2.0, ""unit_flagged_frac"": 1.0, ""unit_hip_flexion_min"": 72.96890964363271, ""unit_knee_between_min"": -0.11677668736885209}",render
r4_215,fresh_flagged_fm1_sitting_215_V00_S0284_I00000486_P0385_f0000414,V00_S0284_I00000486_P0385,naturalistic/train/0006/0033/V00_S0284_I00000486_P0385,naturalistic/train/0006/0006/V00_S0284_I00000486_P0384,fresh_flagged_fm1_sitting,fresh,naturalistic,414,V00,naturalistic,train,ipc_conversation,fm1_sitting: only this mode fired; participant not in the recheck cohort,"{""clip_anchored_on_fm2_violation"": false, ""flag_count"": 1, ""flags_fired"": ""fm1_sitting"", ""fm1_hip_flexion_deg_p50"": 89.73101582876502, ""fm1_knee_between_torso_p50"": 0.21379177933542062, ""fm1_leg_over_torso_p50"": 0.8823880379733449, ""fm1_reasons"": ""knee_between"", ""fm1_shin_verticality_p50"": 0.9945054674034555, ""fm1_sitting_file"": true, ""fm1_sitting_participant"": true, ""fm1_unit"": ""0385@0284"", ""fm1_unit_basis"": ""majority"", ""fm2_in_frame_and_valid_frac"": 0.9815972222222222, ""fm2_pass_frac_round3_joints_only"": 0.9934027777777777, ""fm2_smplh_valid_frac"": 1.0, ""fm2_surface_correction_px_p50"": 44.70254815422277, ""fm2_vertex_worst_inset_min_px"": -67.41001812645959, ""fm2_violation_run_max_frames"": 32.0, ""fm2_violation_runs"": 3.0, ""fm2_windowed_pass_frac"": 0.6666666666666666, ""fm3_static_frac"": 0.14583333333333334, ""observed_duration_s"": 96.0, ""reproj_px_p50"": 33.4956504877173, ""reproj_shoulder_widths_p50"": 0.0842689607578542, ""unit_files"": 4.0, ""unit_flagged_frac"": 1.0, ""unit_hip_flexion_min"": 86.9387368391761, ""unit_knee_between_min"": 0.1661414646567012}",render
r4_216,fresh_flagged_fm1_sitting_216_V00_S0360_I00000374_P0484_f0008169,V00_S0360_I00000374_P0484,naturalistic/dev/0000/0009/V00_S0360_I00000374_P0484,naturalistic/dev/0000/0014/V00_S0360_I00000374_P0485,fresh_flagged_fm1_sitting,fresh,naturalistic,8169,V00,naturalistic,dev,ipc_conversation,fm1_sitting: only this mode fired; participant not in the recheck cohort,"{""clip_anchored_on_fm2_violation"": false, ""flag_count"": 1, ""flags_fired"": ""fm1_sitting"", ""fm1_hip_flexion_deg_p50"": 103.65984475050632, ""fm1_knee_between_torso_p50"": 0.30961535599622114, ""fm1_leg_over_torso_p50"": 1.3728124476925894, ""fm1_reasons"": ""knee_between"", ""fm1_shin_verticality_p50"": 0.9676172757147606, ""fm1_sitting_file"": true, ""fm1_sitting_participant"": true, ""fm1_unit"": ""0484@0360"", ""fm1_unit_basis"": ""majority"", ""fm2_in_frame_and_valid_frac"": 0.0, ""fm2_pass_frac_round3_joints_only"": 0.17490942028985507, ""fm2_smplh_valid_frac"": 1.0, ""fm2_surface_correction_px_p50"": 55.91844090087602, ""fm2_vertex_worst_inset_min_px"": -124.12863742955392, ""fm2_violation_run_max_frames"": 11040.0, ""fm2_violation_runs"": 1.0, ""fm2_windowed_pass_frac"": 0.0, ""fm3_static_frac"": 0.00018115942028985507, ""observed_duration_s"": 368.0, ""reproj_px_p50"": 15.485142628191094, ""reproj_shoulder_widths_p50"": 0.0336737093090351, ""unit_files"": 1.0, ""unit_flagged_frac"": 1.0, ""unit_hip_flexion_min"": 103.65984475050632, ""unit_knee_between_min"": 0.30961535599622114}",render
r4_217,fresh_flagged_fm1_sitting_217_V00_S1391_I00001093_P1094A_f0003298,V00_S1391_I00001093_P1094A,improvised/train/0032/0051/V00_S1391_I00001093_P1094A,improvised/train/0032/0035/V00_S1391_I00001093_P1124A,fresh_flagged_fm1_sitting,fresh,improvised,3298,V00,improvised,train,ipc_conversation,fm1_sitting: with other modes; participant not in the recheck cohort,"{""clip_anchored_on_fm2_violation"": true, ""flag_count"": 2, ""flags_fired"": ""fm1_sitting+fm2_smplh_invalid"", ""fm1_hip_flexion_deg_p50"": 117.22472475721447, ""fm1_knee_between_torso_p50"": 0.4264013354929559, ""fm1_leg_over_torso_p50"": 1.0777119123868117, ""fm1_reasons"": ""knee_between"", ""fm1_shin_verticality_p50"": 0.9976303335897911, ""fm1_sitting_file"": true, ""fm1_sitting_participant"": true, ""fm1_unit"": ""1094A@1391"", ""fm1_unit_basis"": ""majority"", ""fm2_in_frame_and_valid_frac"": 0.9001333333333333, ""fm2_pass_frac_round3_joints_only"": 0.928, ""fm2_smplh_valid_frac"": 0.9516, ""fm2_surface_correction_px_p50"": 24.656172508694908, ""fm2_vertex_worst_inset_min_px"": -194.60114361641467, ""fm2_violation_run_max_frames"": 107.0, ""fm2_violation_runs"": 40.0, ""fm2_windowed_pass_frac"": 0.25, ""fm3_static_frac"": 0.0448, ""observed_duration_s"": 250.0, ""reproj_px_p50"": 42.498509266857326, ""reproj_shoulder_widths_p50"": 0.12136951968403571, ""unit_files"": 1.0, ""unit_flagged_frac"": 1.0, ""unit_hip_flexion_min"": 117.22472475721447, ""unit_knee_between_min"": 0.4264013354929559}",render
r4_218,fresh_flagged_fm1_sitting_218_V00_S1904_I00001147_P1155A_f0009334,V00_S1904_I00001147_P1155A,improvised/train/0046/0003/V00_S1904_I00001147_P1155A,improvised/train/0046/0047/V00_S1904_I00001147_P0946A,fresh_flagged_fm1_sitting,fresh,improvised,9334,V00,improvised,train,ipc_conversation,fm1_sitting: with other modes; participant not in the recheck cohort,"{""clip_anchored_on_fm2_violation"": true, ""flag_count"": 2, ""flags_fired"": ""fm1_sitting+fm2_smplh_invalid"", ""fm1_hip_flexion_deg_p50"": 118.33614658423289, ""fm1_knee_between_torso_p50"": 0.4217800619695924, ""fm1_leg_over_torso_p50"": 1.1166357956219062, ""fm1_reasons"": ""knee_between"", ""fm1_shin_verticality_p50"": 0.9995411733335239, ""fm1_sitting_file"": true, ""fm1_sitting_participant"": true, ""fm1_unit"": ""1155A@1904"", ""fm1_unit_basis"": ""majority"", ""fm2_in_frame_and_valid_frac"": 0.9919934640522876, ""fm2_pass_frac_round3_joints_only"": 0.9990196078431373, ""fm2_smplh_valid_frac"": 0.9996732026143791, ""fm2_surface_correction_px_p50"": 34.472886860230005, ""fm2_vertex_worst_inset_min_px"": -258.56178673093336, ""fm2_violation_run_max_frames"": 38.0, ""fm2_violation_runs"": 9.0, ""fm2_windowed_pass_frac"": 1.0, ""fm3_static_frac"": 0.022630718954248365, ""observed_duration_s"": 408.0, ""reproj_px_p50"": 18.187957268172536, ""reproj_shoulder_widths_p50"": 0.05271059092708473, ""unit_files"": 1.0, ""unit_flagged_frac"": 1.0, ""unit_hip_flexion_min"": 118.33614658423289, ""unit_knee_between_min"": 0.4217800619695924}",render
r4_219,fresh_flagged_fm1_sitting_219_V00_S0835_I00000896_P0935A_f0005820,V00_S0835_I00000896_P0935A,improvised/train/0017/0053/V00_S0835_I00000896_P0935A,improvised/train/0017/0001/V00_S0835_I00000896_P0004A,fresh_flagged_fm1_sitting,fresh,improvised,5820,V00,improvised,train,ipc_conversation,fm1_sitting: with other modes; participant not in the recheck cohort,"{""clip_anchored_on_fm2_violation"": true, ""flag_count"": 2, ""flags_fired"": ""fm1_sitting+fm2_smplh_invalid"", ""fm1_hip_flexion_deg_p50"": 112.45324895871242, ""fm1_knee_between_torso_p50"": 0.40135901134192264, ""fm1_leg_over_torso_p50"": 1.183731354165072, ""fm1_reasons"": ""knee_between"", ""fm1_shin_verticality_p50"": 0.9994801147640915, ""fm1_sitting_file"": true, ""fm1_sitting_participant"": true, ""fm1_unit"": ""0935A@0835"", ""fm1_unit_basis"": ""majority"", ""fm2_in_frame_and_valid_frac"": 0.9741071428571428, ""fm2_pass_frac_round3_joints_only"": 0.9741071428571428, ""fm2_smplh_valid_frac"": 0.9747023809523809, ""fm2_surface_correction_px_p50"": 45.24206647084134, ""fm2_vertex_worst_inset_min_px"": -12.269861482223405, ""fm2_violation_run_max_frames"": 163.0, ""fm2_violation_runs"": 5.0, ""fm2_windowed_pass_frac"": 0.8571428571428571, ""fm3_static_frac"": 0.23675595238095237, ""observed_duration_s"": 224.0, ""reproj_px_p50"": 26.572283718197234, ""reproj_shoulder_widths_p50"": 0.08296007661350695, ""unit_files"": 1.0, ""unit_flagged_frac"": 1.0, ""unit_hip_flexion_min"": 112.45324895871242, ""unit_knee_between_min"": 0.40135901134192264}",render
r4_220,fresh_flagged_fm1_sitting_220_V00_S0815_I00000543_P0678_f0001333,V00_S0815_I00000543_P0678,improvised/train/0016/0039/V00_S0815_I00000543_P0678,improvised/train/0016/0038/V00_S0815_I00000543_P0004A,fresh_flagged_fm1_sitting,fresh,improvised,1333,V00,improvised,train,grounded_gesture,fm1_sitting: with other modes; participant not in the recheck cohort,"{""clip_anchored_on_fm2_violation"": true, ""flag_count"": 2, ""flags_fired"": ""fm1_sitting+fm2_smplh_invalid"", ""fm1_hip_flexion_deg_p50"": 111.77163370301483, ""fm1_knee_between_torso_p50"": 0.40285849422794423, ""fm1_leg_over_torso_p50"": 1.126274717110436, ""fm1_reasons"": ""knee_between"", ""fm1_shin_verticality_p50"": 0.9761870087523435, ""fm1_sitting_file"": true, ""fm1_sitting_participant"": true, ""fm1_unit"": ""0678@0815"", ""fm1_unit_basis"": ""majority"", ""fm2_in_frame_and_valid_frac"": 0.9567129629629629, ""fm2_pass_frac_round3_joints_only"": 0.9668981481481481, ""fm2_smplh_valid_frac"": 0.986574074074074, ""fm2_surface_correction_px_p50"": 39.46772763314357, ""fm2_vertex_worst_inset_min_px"": -161.65446941489927, ""fm2_violation_run_max_frames"": 37.0, ""fm2_violation_runs"": 24.0, ""fm2_windowed_pass_frac"": 0.0, ""fm3_static_frac"": 0.27800925925925923, ""observed_duration_s"": 144.0, ""reproj_px_p50"": 31.90489990183927, ""reproj_shoulder_widths_p50"": 0.0856590750646109, ""unit_files"": 1.0, ""unit_flagged_frac"": 1.0, ""unit_hip_flexion_min"": 111.77163370301483, ""unit_knee_between_min"": 0.40285849422794423}",render
r4_221,fresh_flagged_fm1_sitting_221_V00_S0649_I00000542_P0802_f0000000,V00_S0649_I00000542_P0802,improvised/train/0012/0008/V00_S0649_I00000542_P0802,improvised/train/0012/0014/V00_S0649_I00000542_P0262A,fresh_flagged_fm1_sitting,fresh,improvised,0,V00,improvised,train,ipc_conversation,fm1_sitting: with other modes; participant not in the recheck cohort,"{""clip_anchored_on_fm2_violation"": true, ""flag_count"": 2, ""flags_fired"": ""fm1_sitting+fm2_smplh_invalid"", ""fm1_hip_flexion_deg_p50"": 150.39372210018, ""fm1_knee_between_torso_p50"": 0.5382551986639391, ""fm1_leg_over_torso_p50"": 1.2405888364290072, ""fm1_reasons"": """", ""fm1_shin_verticality_p50"": 0.9987523398639022, ""fm1_sitting_file"": false, ""fm1_sitting_participant"": true, ""fm1_unit"": ""0802@0649"", ""fm1_unit_basis"": ""majority"", ""fm2_in_frame_and_valid_frac"": 0.9744444444444444, ""fm2_pass_frac_round3_joints_only"": 0.9744444444444444, ""fm2_smplh_valid_frac"": 0.9744444444444444, ""fm2_surface_correction_px_p50"": 28.679859049751485, ""fm2_vertex_worst_inset_min_px"": 1.3586138145074074, ""fm2_violation_run_max_frames"": 92.0, ""fm2_violation_runs"": 1.0, ""fm2_windowed_pass_frac"": 0.75, ""fm3_static_frac"": 0.008333333333333333, ""observed_duration_s"": 120.0, ""reproj_px_p50"": 44.15673215903346, ""reproj_shoulder_widths_p50"": 0.1358354409993967, ""unit_files"": 2.0, ""unit_flagged_frac"": 0.5, ""unit_hip_flexion_min"": 93.8862385535415, ""unit_knee_between_min"": 0.24150319028420733}",render
r4_222,fresh_flagged_fm1_sitting_222_V00_S1697_I00001048_P0974A_f0007842,V00_S1697_I00001048_P0974A,improvised/train/0041/0027/V00_S1697_I00001048_P0974A,improvised/train/0041/0065/V00_S1697_I00001048_P0933A,fresh_flagged_fm1_sitting,fresh,improvised,7842,V00,improvised,train,ipc_conversation,fm1_sitting: with other modes; participant not in the recheck cohort,"{""clip_anchored_on_fm2_violation"": true, ""flag_count"": 2, ""flags_fired"": ""fm1_sitting+fm2_smplh_invalid"", ""fm1_hip_flexion_deg_p50"": 136.92068053075408, ""fm1_knee_between_torso_p50"": 0.48645754517115336, ""fm1_leg_over_torso_p50"": 1.2697615907931254, ""fm1_reasons"": """", ""fm1_shin_verticality_p50"": 0.9996144106415404, ""fm1_sitting_file"": false, ""fm1_sitting_participant"": true, ""fm1_unit"": ""0974A@1697"", ""fm1_unit_basis"": ""majority"", ""fm2_in_frame_and_valid_frac"": 0.8532719836400818, ""fm2_pass_frac_round3_joints_only"": 0.854601226993865, ""fm2_smplh_valid_frac"": 0.9174846625766871, ""fm2_surface_correction_px_p50"": 24.810942016858007, ""fm2_vertex_worst_inset_min_px"": -235.55776859776097, ""fm2_violation_run_max_frames"": 535.0, ""fm2_violation_runs"": 109.0, ""fm2_windowed_pass_frac"": 0.4, ""fm3_static_frac"": 0.002871205906480722, ""observed_duration_s"": 326.0, ""reproj_px_p50"": 38.37909988677107, ""reproj_shoulder_widths_p50"": 0.12736229040381283, ""unit_files"": 2.0, ""unit_flagged_frac"": 0.5, ""unit_hip_flexion_min"": 113.76241995685852, ""unit_knee_between_min"": 0.4197661336321443}",render
r4_223,fresh_flagged_fm1_sitting_223_V00_S1697_I00001045_P0974A_f0008160,V00_S1697_I00001045_P0974A,improvised/train/0041/0060/V00_S1697_I00001045_P0974A,improvised/train/0041/0042/V00_S1697_I00001045_P0933A,fresh_flagged_fm1_sitting,fresh,improvised,8160,V00,improvised,train,ipc_conversation,fm1_sitting: with other modes; participant not in the recheck cohort,"{""clip_anchored_on_fm2_violation"": true, ""flag_count"": 2, ""flags_fired"": ""fm1_sitting+fm2_smplh_invalid"", ""fm1_hip_flexion_deg_p50"": 113.76241995685852, ""fm1_knee_between_torso_p50"": 0.4197661336321443, ""fm1_leg_over_torso_p50"": 0.9573723270139247, ""fm1_reasons"": ""knee_between"", ""fm1_shin_verticality_p50"": 0.9994059908590183, ""fm1_sitting_file"": true, ""fm1_sitting_participant"": true, ""fm1_unit"": ""0974A@1697"", ""fm1_unit_basis"": ""majority"", ""fm2_in_frame_and_valid_frac"": 0.9515452538631347, ""fm2_pass_frac_round3_joints_only"": 0.9551876379690949, ""fm2_smplh_valid_frac"": 0.9650110375275939, ""fm2_surface_correction_px_p50"": 30.08702676245241, ""fm2_vertex_worst_inset_min_px"": -184.51326012268464, ""fm2_violation_run_max_frames"": 94.0, ""fm2_violation_runs"": 22.0, ""fm2_windowed_pass_frac"": 0.2, ""fm3_static_frac"": 0.011920529801324504, ""observed_duration_s"": 302.0, ""reproj_px_p50"": 39.97589831582643, ""reproj_shoulder_widths_p50"": 0.11637735261762858, ""unit_files"": 2.0, ""unit_flagged_frac"": 0.5, ""unit_hip_flexion_min"": 113.76241995685852, ""unit_knee_between_min"": 0.4197661336321443}",render
r4_224,fresh_flagged_fm1_sitting_224_V00_S1701_I00001006_P0974A_f0000000,V00_S1701_I00001006_P0974A,improvised/train/0041/0037/V00_S1701_I00001006_P0974A,improvised/train/0041/0004/V00_S1701_I00001006_P0933A,fresh_flagged_fm1_sitting,fresh,improvised,0,V00,improvised,train,ipc_conversation,fm1_sitting: with other modes; participant not in the recheck cohort,"{""clip_anchored_on_fm2_violation"": true, ""flag_count"": 2, ""flags_fired"": ""fm1_sitting+fm2_smplh_invalid"", ""fm1_hip_flexion_deg_p50"": 111.80014535387762, ""fm1_knee_between_torso_p50"": 0.4007335429731076, ""fm1_leg_over_torso_p50"": 0.9906254947863575, ""fm1_reasons"": ""knee_between"", ""fm1_shin_verticality_p50"": 0.9995120816934899, ""fm1_sitting_file"": true, ""fm1_sitting_participant"": true, ""fm1_unit"": ""0974A@1701"", ""fm1_unit_basis"": ""majority"", ""fm2_in_frame_and_valid_frac"": 0.9805280528052805, ""fm2_pass_frac_round3_joints_only"": 0.981023102310231, ""fm2_smplh_valid_frac"": 0.9836633663366336, ""fm2_surface_correction_px_p50"": 37.6126913390807, ""fm2_vertex_worst_inset_min_px"": -43.429645546086704, ""fm2_violation_run_max_frames"": 36.0, ""fm2_violation_runs"": 24.0, ""fm2_windowed_pass_frac"": 0.3333333333333333, ""fm3_static_frac"": 0.01996699669966997, ""observed_duration_s"": 202.0, ""reproj_px_p50"": 38.637367261050144, ""reproj_shoulder_widths_p50"": 0.11516607643745422, ""unit_files"": 1.0, ""unit_flagged_frac"": 1.0, ""unit_hip_flexion_min"": 111.80014535387762, ""unit_knee_between_min"": 0.4007335429731076}",render
r4_225,fresh_flagged_fm1_sitting_225_V00_S0649_I00000544_P0802_f0000869,V00_S0649_I00000544_P0802,improvised/train/0012/0003/V00_S0649_I00000544_P0802,improvised/train/0012/0008/V00_S0649_I00000544_P0262A,fresh_flagged_fm1_sitting,fresh,improvised,869,V00,improvised,train,ipc_conversation,fm1_sitting: with other modes; participant not in the recheck cohort,"{""clip_anchored_on_fm2_violation"": true, ""flag_count"": 2, ""flags_fired"": ""fm1_sitting+fm2_smplh_invalid"", ""fm1_hip_flexion_deg_p50"": 93.8862385535415, ""fm1_knee_between_torso_p50"": 0.24150319028420733, ""fm1_leg_over_torso_p50"": 1.6108550723131456, ""fm1_reasons"": ""knee_between"", ""fm1_shin_verticality_p50"": 0.9919979268071791, ""fm1_sitting_file"": true, ""fm1_sitting_participant"": true, ""fm1_unit"": ""0802@0649"", ""fm1_unit_basis"": ""majority"", ""fm2_in_frame_and_valid_frac"": 0.8977477477477478, ""fm2_pass_frac_round3_joints_only"": 0.8977477477477478, ""fm2_smplh_valid_frac"": 0.8977477477477478, ""fm2_surface_correction_px_p50"": 26.06048071025407, ""fm2_vertex_worst_inset_min_px"": 18.27516715104298, ""fm2_violation_run_max_frames"": 419.0, ""fm2_violation_runs"": 29.0, ""fm2_windowed_pass_frac"": 0.6666666666666666, ""fm3_static_frac"": 0.03141891891891892, ""observed_duration_s"": 296.0, ""reproj_px_p50"": 30.87070747922008, ""reproj_shoulder_widths_p50"": 0.09437153243244821, ""unit_files"": 2.0, ""unit_flagged_frac"": 0.5, ""unit_hip_flexion_min"": 93.8862385535415, ""unit_knee_between_min"": 0.24150319028420733}",render
r4_226,fresh_flagged_fm1_sitting_226_V00_S2059_I00001183_P1316A_f0002800,V00_S2059_I00001183_P1316A,improvised/train/0049/0024/V00_S2059_I00001183_P1316A,improvised/train/0049/0004/V00_S2059_I00001183_P1317A,fresh_flagged_fm1_sitting,fresh,improvised,2800,V00,improvised,train,ipc_conversation,fm1_sitting: with other modes,"{""clip_anchored_on_fm2_violation"": true, ""flag_count"": 2, ""flags_fired"": ""fm1_sitting+fm2_smplh_invalid"", ""fm1_hip_flexion_deg_p50"": 115.82917096446455, ""fm1_knee_between_torso_p50"": 0.3947720164792067, ""fm1_leg_over_torso_p50"": 1.5340493555324113, ""fm1_reasons"": ""knee_between"", ""fm1_shin_verticality_p50"": 0.9814905703116974, ""fm1_sitting_file"": true, ""fm1_sitting_participant"": true, ""fm1_unit"": ""1316A@2059"", ""fm1_unit_basis"": ""majority"", ""fm2_in_frame_and_valid_frac"": 0.9527522935779816, ""fm2_pass_frac_round3_joints_only"": 0.9571865443425076, ""fm2_smplh_valid_frac"": 0.959480122324159, ""fm2_surface_correction_px_p50"": 47.03754054358632, ""fm2_vertex_worst_inset_min_px"": -147.47967044547067, ""fm2_violation_run_max_frames"": 135.0, ""fm2_violation_runs"": 14.0, ""fm2_windowed_pass_frac"": 0.5714285714285714, ""fm3_static_frac"": 0.29510703363914376, ""observed_duration_s"": 218.0, ""reproj_px_p50"": 15.356266818134712, ""reproj_shoulder_widths_p50"": 0.04375039339779817, ""unit_files"": 2.0, ""unit_flagged_frac"": 1.0, ""unit_hip_flexion_min"": 112.37664406405375, ""unit_knee_between_min"": 0.3723289695935128}",render
r4_227,fresh_flagged_fm1_sitting_227_V00_S0200_I00000131_P0271_f0001359,V00_S0200_I00000131_P0271,improvised/train/0004/0002/V00_S0200_I00000131_P0271,improvised/train/0004/0031/V00_S0200_I00000131_P0003A,fresh_flagged_fm1_sitting,fresh,improvised,1359,V00,improvised,train,ipc_conversation,fm1_sitting: with other modes,"{""clip_anchored_on_fm2_violation"": false, ""flag_count"": 2, ""flags_fired"": ""fm1_sitting+fm3_static_hands"", ""fm1_hip_flexion_deg_p50"": 112.7550888142409, ""fm1_knee_between_torso_p50"": 0.3698159710160548, ""fm1_leg_over_torso_p50"": 1.4363329209766964, ""fm1_reasons"": ""knee_between"", ""fm1_shin_verticality_p50"": 0.9821551417039202, ""fm1_sitting_file"": true, ""fm1_sitting_participant"": true, ""fm1_unit"": ""0271@0200"", ""fm1_unit_basis"": ""majority"", ""fm2_in_frame_and_valid_frac"": 1.0, ""fm2_pass_frac_round3_joints_only"": 1.0, ""fm2_smplh_valid_frac"": 1.0, ""fm2_surface_correction_px_p50"": 22.230615506239133, ""fm2_vertex_worst_inset_min_px"": 52.389253579005526, ""fm2_violation_run_max_frames"": 0.0, ""fm2_violation_runs"": 0.0, ""fm2_windowed_pass_frac"": 1.0, ""fm3_static_frac"": 0.9370967741935484, ""observed_duration_s"": 124.0, ""reproj_px_p50"": 23.516928396051686, ""reproj_shoulder_widths_p50"": 0.07081171038758402, ""unit_files"": 2.0, ""unit_flagged_frac"": 1.0, ""unit_hip_flexion_min"": 109.31154903987111, ""unit_knee_between_min"": 0.3698159710160548}",render
r4_228,fresh_flagged_fm2_smplh_invalid_228_V00_S0525_I00000383_P0670_f0007500,V00_S0525_I00000383_P0670,naturalistic/train/0014/0023/V00_S0525_I00000383_P0670,naturalistic/train/0014/0007/V00_S0525_I00000383_P0252,fresh_flagged_fm2_smplh_invalid,fresh,naturalistic,7500,V00,naturalistic,train,ipc_conversation,fm2_smplh_invalid: only this mode fired; participant not in the recheck cohort,"{""clip_anchored_on_fm2_violation"": true, ""flag_count"": 1, ""flags_fired"": ""fm2_smplh_invalid"", ""fm1_hip_flexion_deg_p50"": 124.61656429034377, ""fm1_knee_between_torso_p50"": 0.4788258828875858, ""fm1_leg_over_torso_p50"": 1.131923676220918, ""fm1_reasons"": """", ""fm1_shin_verticality_p50"": 0.9982743769892897, ""fm1_sitting_file"": false, ""fm1_sitting_participant"": false, ""fm1_unit"": ""0670@0525"", ""fm1_unit_basis"": ""none"", ""fm2_in_frame_and_valid_frac"": 0.7296428571428571, ""fm2_pass_frac_round3_joints_only"": 0.7304761904761905, ""fm2_smplh_valid_frac"": 0.7335714285714285, ""fm2_surface_correction_px_p50"": 39.699044613088745, ""fm2_vertex_worst_inset_min_px"": -134.81264184330223, ""fm2_violation_run_max_frames"": 592.0, ""fm2_violation_runs"": 43.0, ""fm2_windowed_pass_frac"": 0.3333333333333333, ""fm3_static_frac"": 0.05345238095238095, ""observed_duration_s"": 280.0, ""reproj_px_p50"": 20.44963059982365, ""reproj_shoulder_widths_p50"": 0.05430768533925347, ""unit_files"": 2.0, ""unit_flagged_frac"": 0.0, ""unit_hip_flexion_min"": 116.78322196210478, ""unit_knee_between_min"": 0.47499060449422587}",render
r4_229,fresh_flagged_fm2_smplh_invalid_229_V00_S0065_I00000309_P0098_f0000000,V00_S0065_I00000309_P0098,naturalistic/train/0001/0009/V00_S0065_I00000309_P0098,naturalistic/train/0001/0021/V00_S0065_I00000309_P0097,fresh_flagged_fm2_smplh_invalid,fresh,naturalistic,0,V00,naturalistic,train,ipc_conversation,fm2_smplh_invalid: only this mode fired; participant not in the recheck cohort,"{""clip_anchored_on_fm2_violation"": true, ""flag_count"": 1, ""flags_fired"": ""fm2_smplh_invalid"", ""fm1_hip_flexion_deg_p50"": 144.4534610984, ""fm1_knee_between_torso_p50"": 0.539151529163602, ""fm1_leg_over_torso_p50"": 1.3671837953977313, ""fm1_reasons"": """", ""fm1_shin_verticality_p50"": 0.9539937529108113, ""fm1_sitting_file"": false, ""fm1_sitting_participant"": false, ""fm1_unit"": ""0098@0065"", ""fm1_unit_basis"": ""none"", ""fm2_in_frame_and_valid_frac"": 0.9794520547945206, ""fm2_pass_frac_round3_joints_only"": 0.9833333333333333, ""fm2_smplh_valid_frac"": 0.9872146118721461, ""fm2_surface_correction_px_p50"": 35.53846876684861, ""fm2_vertex_worst_inset_min_px"": -102.98727335844308, ""fm2_violation_run_max_frames"": 59.0, ""fm2_violation_runs"": 9.0, ""fm2_windowed_pass_frac"": 0.5, ""fm3_static_frac"": 0.04954337899543379, ""observed_duration_s"": 146.0, ""reproj_px_p50"": 17.001435572184818, ""reproj_shoulder_widths_p50"": 0.05075318932807299, ""unit_files"": 3.0, ""unit_flagged_frac"": 0.0, ""unit_hip_flexion_min"": 139.55292597159695, ""unit_knee_between_min"": 0.4960853654075555}",render
r4_230,fresh_flagged_fm2_smplh_invalid_230_V00_S1631_I00000248_P1155_f0003000,V00_S1631_I00000248_P1155,naturalistic/train/0028/0023/V00_S1631_I00000248_P1155,naturalistic/train/0028/0001/V00_S1631_I00000248_P1046,fresh_flagged_fm2_smplh_invalid,fresh,naturalistic,3000,V00,naturalistic,train,grounded_gesture,fm2_smplh_invalid: only this mode fired; participant not in the recheck cohort,"{""clip_anchored_on_fm2_violation"": true, ""flag_count"": 1, ""flags_fired"": ""fm2_smplh_invalid"", ""fm1_hip_flexion_deg_p50"": 117.65698454182933, ""fm1_knee_between_torso_p50"": 0.5037092858442408, ""fm1_leg_over_torso_p50"": 0.854982953159966, ""fm1_reasons"": """", ""fm1_shin_verticality_p50"": 0.9999999999999329, ""fm1_sitting_file"": false, ""fm1_sitting_participant"": false, ""fm1_unit"": ""1155@1631"", ""fm1_unit_basis"": ""none"", ""fm2_in_frame_and_valid_frac"": 0.9597435897435898, ""fm2_pass_frac_round3_joints_only"": 0.9715384615384616, ""fm2_smplh_valid_frac"": 0.9889743589743589, ""fm2_surface_correction_px_p50"": 81.83708488057243, ""fm2_vertex_worst_inset_min_px"": -127.22722670833798, ""fm2_violation_run_max_frames"": 64.0, ""fm2_violation_runs"": 15.0, ""fm2_windowed_pass_frac"": 0.5, ""fm3_static_frac"": 0.7020512820512821, ""observed_duration_s"": 130.0, ""reproj_px_p50"": 16.35260661255245, ""reproj_shoulder_widths_p50"": 0.05098837270079097, ""unit_files"": 1.0, ""unit_flagged_frac"": 0.0, ""unit_hip_flexion_min"": 117.65698454182933, ""unit_knee_between_min"": 0.5037092858442408}",render
r4_231,fresh_flagged_fm2_smplh_invalid_231_V00_S0569_I00000126_P0715_f0002116,V00_S0569_I00000126_P0715,naturalistic/train/0015/0023/V00_S0569_I00000126_P0715,naturalistic/train/0015/0008/V00_S0569_I00000126_P0714,fresh_flagged_fm2_smplh_invalid,fresh,naturalistic,2116,V00,naturalistic,train,ipc_conversation,fm2_smplh_invalid: only this mode fired; participant not in the recheck cohort,"{""clip_anchored_on_fm2_violation"": true, ""flag_count"": 1, ""flags_fired"": ""fm2_smplh_invalid"", ""fm1_hip_flexion_deg_p50"": 136.20170860961932, ""fm1_knee_between_torso_p50"": 0.5004711164905917, ""fm1_leg_over_torso_p50"": 1.333564708989416, ""fm1_reasons"": """", ""fm1_shin_verticality_p50"": 0.9996144233587683, ""fm1_sitting_file"": false, ""fm1_sitting_participant"": false, ""fm1_unit"": ""0715@0569"", ""fm1_unit_basis"": ""none"", ""fm2_in_frame_and_valid_frac"": 0.9693548387096774, ""fm2_pass_frac_round3_joints_only"": 0.9747311827956989, ""fm2_smplh_valid_frac"": 0.9884408602150537, ""fm2_surface_correction_px_p50"": 38.256082283996534, ""fm2_vertex_worst_inset_min_px"": -125.7631556110257, ""fm2_violation_run_max_frames"": 15.0, ""fm2_violation_runs"": 19.0, ""fm2_windowed_pass_frac"": 0.0, ""fm3_static_frac"": 0.002688172043010753, ""observed_duration_s"": 124.0, ""reproj_px_p50"": 23.63751530541372, ""reproj_shoulder_widths_p50"": 0.06688123294142453, ""unit_files"": 1.0, ""unit_flagged_frac"": 0.0, ""unit_hip_flexion_min"": 136.20170860961932, ""unit_knee_between_min"": 0.5004711164905917}",render
r4_232,fresh_flagged_fm2_smplh_invalid_232_V00_S0945_I00000134_P0911_f0000850,V00_S0945_I00000134_P0911,naturalistic/train/0024/0026/V00_S0945_I00000134_P0911,naturalistic/train/0024/0042/V00_S0945_I00000134_P1037,fresh_flagged_fm2_smplh_invalid,fresh,naturalistic,850,V00,naturalistic,train,ipc_conversation,fm2_smplh_invalid: only this mode fired; participant not in the recheck cohort,"{""clip_anchored_on_fm2_violation"": true, ""flag_count"": 1, ""flags_fired"": ""fm2_smplh_invalid"", ""fm1_hip_flexion_deg_p50"": 142.64913773916714, ""fm1_knee_between_torso_p50"": 0.5982762010297356, ""fm1_leg_over_torso_p50"": 0.9999996089359272, ""fm1_reasons"": """", ""fm1_shin_verticality_p50"": 0.9976303499964327, ""fm1_sitting_file"": false, ""fm1_sitting_participant"": false, ""fm1_unit"": ""0911@0945"", ""fm1_unit_basis"": ""none"", ""fm2_in_frame_and_valid_frac"": 0.8907986111111111, ""fm2_pass_frac_round3_joints_only"": 0.9196180555555555, ""fm2_smplh_valid_frac"": 0.9576388888888889, ""fm2_surface_correction_px_p50"": 49.04660938021459, ""fm2_vertex_worst_inset_min_px"": -204.70248939864723, ""fm2_violation_run_max_frames"": 97.0, ""fm2_violation_runs"": 49.0, ""fm2_windowed_pass_frac"": 0.5, ""fm3_static_frac"": 0.5772569444444444, ""observed_duration_s"": 192.0, ""reproj_px_p50"": 28.086313012576532, ""reproj_shoulder_widths_p50"": 0.07591957618544531, ""unit_files"": 2.0, ""unit_flagged_frac"": 0.0, ""unit_hip_flexion_min"": 139.88301573527315, ""unit_knee_between_min"": 0.5811461066547432}",render
r4_233,fresh_flagged_fm2_smplh_invalid_233_V00_S0255_I00000497_P0350_f0000106,V00_S0255_I00000497_P0350,naturalistic/dev/0000/0042/V00_S0255_I00000497_P0350,naturalistic/dev/0000/0033/V00_S0255_I00000497_P0351,fresh_flagged_fm2_smplh_invalid,fresh,naturalistic,106,V00,naturalistic,dev,grounded_gesture,fm2_smplh_invalid: only this mode fired; participant not in the recheck cohort,"{""clip_anchored_on_fm2_violation"": true, ""flag_count"": 1, ""flags_fired"": ""fm2_smplh_invalid"", ""fm1_hip_flexion_deg_p50"": 136.738298904882, ""fm1_knee_between_torso_p50"": 0.553396229071433, ""fm1_leg_over_torso_p50"": 1.0488536571102922, ""fm1_reasons"": """", ""fm1_shin_verticality_p50"": 0.9976303388123213, ""fm1_sitting_file"": false, ""fm1_sitting_participant"": false, ""fm1_unit"": ""0350@0255"", ""fm1_unit_basis"": ""none"", ""fm2_in_frame_and_valid_frac"": 0.9467836257309942, ""fm2_pass_frac_round3_joints_only"": 0.9576023391812866, ""fm2_smplh_valid_frac"": 0.9736842105263158, ""fm2_surface_correction_px_p50"": 44.58629940939363, ""fm2_vertex_worst_inset_min_px"": -198.69442237311478, ""fm2_violation_run_max_frames"": 69.0, ""fm2_violation_runs"": 23.0, ""fm2_windowed_pass_frac"": 0.42857142857142855, ""fm3_static_frac"": 0.4394736842105263, ""observed_duration_s"": 228.0, ""reproj_px_p50"": 42.30332636473548, ""reproj_shoulder_widths_p50"": 0.11867954566343622, ""unit_files"": 2.0, ""unit_flagged_frac"": 0.0, ""unit_hip_flexion_min"": 136.738298904882, ""unit_knee_between_min"": 0.5527644160009643}",render
r4_234,fresh_flagged_fm2_smplh_invalid_234_V00_S1852_I00000169_P1046_f0005660,V00_S1852_I00000169_P1046,naturalistic/train/0029/0050/V00_S1852_I00000169_P1046,naturalistic/train/0029/0053/V00_S1852_I00000169_P1180,fresh_flagged_fm2_smplh_invalid,fresh,naturalistic,5660,V00,naturalistic,train,ipc_conversation,fm2_smplh_invalid: only this mode fired; participant not in the recheck cohort,"{""clip_anchored_on_fm2_violation"": true, ""flag_count"": 1, ""flags_fired"": ""fm2_smplh_invalid"", ""fm1_hip_flexion_deg_p50"": 129.23884067607165, ""fm1_knee_between_torso_p50"": 0.575107839014289, ""fm1_leg_over_torso_p50"": 0.8841619444877734, ""fm1_reasons"": """", ""fm1_shin_verticality_p50"": 0.9992611726227922, ""fm1_sitting_file"": false, ""fm1_sitting_participant"": false, ""fm1_unit"": ""1046@1852"", ""fm1_unit_basis"": ""none"", ""fm2_in_frame_and_valid_frac"": 0.984367816091954, ""fm2_pass_frac_round3_joints_only"": 0.9882758620689656, ""fm2_smplh_valid_frac"": 0.9979310344827587, ""fm2_surface_correction_px_p50"": 33.764509232584516, ""fm2_vertex_worst_inset_min_px"": -118.10035796387024, ""fm2_violation_run_max_frames"": 35.0, ""fm2_violation_runs"": 12.0, ""fm2_windowed_pass_frac"": 0.5555555555555556, ""fm3_static_frac"": 0.5020689655172413, ""observed_duration_s"": 290.0, ""reproj_px_p50"": 15.760445567878598, ""reproj_shoulder_widths_p50"": 0.044015455867137995, ""unit_files"": 3.0, ""unit_flagged_frac"": 0.0, ""unit_hip_flexion_min"": 125.69597003016668, ""unit_knee_between_min"": 0.5657511993916069}",render
r4_235,fresh_flagged_fm2_smplh_invalid_235_V00_S1865_I00000007_P1190_f0000276,V00_S1865_I00000007_P1190,naturalistic/train/0029/0001/V00_S1865_I00000007_P1190,naturalistic/train/0029/0024/V00_S1865_I00000007_P0744,fresh_flagged_fm2_smplh_invalid,fresh,naturalistic,276,V00,naturalistic,train,ipc_conversation,fm2_smplh_invalid: only this mode fired; participant not in the recheck cohort,"{""clip_anchored_on_fm2_violation"": true, ""flag_count"": 1, ""flags_fired"": ""fm2_smplh_invalid"", ""fm1_hip_flexion_deg_p50"": 147.9446218678732, ""fm1_knee_between_torso_p50"": 0.5902552488307304, ""fm1_leg_over_torso_p50"": 1.0804857251414923, ""fm1_reasons"": """", ""fm1_shin_verticality_p50"": 0.9761870370571857, ""fm1_sitting_file"": false, ""fm1_sitting_participant"": false, ""fm1_unit"": ""1190@1865"", ""fm1_unit_basis"": ""none"", ""fm2_in_frame_and_valid_frac"": 0.9556410256410256, ""fm2_pass_frac_round3_joints_only"": 0.9662820512820512, ""fm2_smplh_valid_frac"": 0.9811538461538462, ""fm2_surface_correction_px_p50"": 6.168700454540726, ""fm2_vertex_worst_inset_min_px"": -152.39236665621274, ""fm2_violation_run_max_frames"": 44.0, ""fm2_violation_runs"": 32.0, ""fm2_windowed_pass_frac"": 0.5, ""fm3_static_frac"": 0.08141025641025641, ""observed_duration_s"": 260.0, ""reproj_px_p50"": 20.132929521117887, ""reproj_shoulder_widths_p50"": 0.06384621177913612, ""unit_files"": 1.0, ""unit_flagged_frac"": 0.0, ""unit_hip_flexion_min"": 147.9446218678732, ""unit_knee_between_min"": 0.5902552488307304}",render
r4_236,fresh_flagged_fm2_smplh_invalid_236_V00_S0667_I00000130_P0824_f0000638,V00_S0667_I00000130_P0824,naturalistic/train/0019/0039/V00_S0667_I00000130_P0824,naturalistic/train/0019/0014/V00_S0667_I00000130_P0615,fresh_flagged_fm2_smplh_invalid,fresh,naturalistic,638,V00,naturalistic,train,ipc_conversation,fm2_smplh_invalid: only this mode fired; participant not in the recheck cohort,"{""clip_anchored_on_fm2_violation"": true, ""flag_count"": 1, ""flags_fired"": ""fm2_smplh_invalid"", ""fm1_hip_flexion_deg_p50"": 126.72838045198714, ""fm1_knee_between_torso_p50"": 0.5330148879712433, ""fm1_leg_over_torso_p50"": 0.9692564935536911, ""fm1_reasons"": """", ""fm1_shin_verticality_p50"": 0.9832819897987066, ""fm1_sitting_file"": false, ""fm1_sitting_participant"": false, ""fm1_unit"": ""0824@0667"", ""fm1_unit_basis"": ""none"", ""fm2_in_frame_and_valid_frac"": 0.9104166666666667, ""fm2_pass_frac_round3_joints_only"": 0.9229166666666667, ""fm2_smplh_valid_frac"": 0.9399509803921569, ""fm2_surface_correction_px_p50"": 48.55781437150142, ""fm2_vertex_worst_inset_min_px"": -209.9366575007232, ""fm2_violation_run_max_frames"": 37.0, ""fm2_violation_runs"": 206.0, ""fm2_windowed_pass_frac"": 0.0, ""fm3_static_frac"": 0.41384803921568625, ""observed_duration_s"": 272.0, ""reproj_px_p50"": 42.35823299356058, ""reproj_shoulder_widths_p50"": 0.11243439087601577, ""unit_files"": 2.0, ""unit_flagged_frac"": 0.0, ""unit_hip_flexion_min"": 120.60062663881747, ""unit_knee_between_min"": 0.5089794828755615}",render
r4_237,fresh_flagged_fm2_smplh_invalid_237_V00_S0631_I00000500_P0787_f0003729,V00_S0631_I00000500_P0787,naturalistic/train/0018/0041/V00_S0631_I00000500_P0787,naturalistic/train/0018/0025/V00_S0631_I00000500_P0678,fresh_flagged_fm2_smplh_invalid,fresh,naturalistic,3729,V00,naturalistic,train,ipc_conversation,fm2_smplh_invalid: only this mode fired; participant not in the recheck cohort,"{""clip_anchored_on_fm2_violation"": true, ""flag_count"": 1, ""flags_fired"": ""fm2_smplh_invalid"", ""fm1_hip_flexion_deg_p50"": 129.13062684662577, ""fm1_knee_between_torso_p50"": 0.513787193871393, ""fm1_leg_over_torso_p50"": 1.0721797262112385, ""fm1_reasons"": """", ""fm1_shin_verticality_p50"": 0.9938837564956097, ""fm1_sitting_file"": false, ""fm1_sitting_participant"": false, ""fm1_unit"": ""0787@0631"", ""fm1_unit_basis"": ""none"", ""fm2_in_frame_and_valid_frac"": 0.902, ""fm2_pass_frac_round3_joints_only"": 0.9138333333333334, ""fm2_smplh_valid_frac"": 0.9703333333333334, ""fm2_surface_correction_px_p50"": 42.96948909407274, ""fm2_vertex_worst_inset_min_px"": -244.39230211689937, ""fm2_violation_run_max_frames"": 156.0, ""fm2_violation_runs"": 38.0, ""fm2_windowed_pass_frac"": 0.0, ""fm3_static_frac"": 0.16483333333333333, ""observed_duration_s"": 200.0, ""reproj_px_p50"": 22.32966404829984, ""reproj_shoulder_widths_p50"": 0.06433773609242388, ""unit_files"": 1.0, ""unit_flagged_frac"": 0.0, ""unit_hip_flexion_min"": 129.13062684662577, ""unit_knee_between_min"": 0.513787193871393}",render
r4_238,fresh_flagged_fm2_smplh_invalid_238_V00_S0593_I00000503_P0750_f0001494,V00_S0593_I00000503_P0750,naturalistic/train/0017/0003/V00_S0593_I00000503_P0750,naturalistic/train/0017/0001/V00_S0593_I00000503_P0119,fresh_flagged_fm2_smplh_invalid,fresh,naturalistic,1494,V00,naturalistic,train,grounded_gesture,fm2_smplh_invalid: only this mode fired; participant not in the recheck cohort,"{""clip_anchored_on_fm2_violation"": true, ""flag_count"": 1, ""flags_fired"": ""fm2_smplh_invalid"", ""fm1_hip_flexion_deg_p50"": 146.96826649364516, ""fm1_knee_between_torso_p50"": 0.6034327642524138, ""fm1_leg_over_torso_p50"": 1.0307091523265808, ""fm1_reasons"": """", ""fm1_shin_verticality_p50"": 0.9993628446370566, ""fm1_sitting_file"": false, ""fm1_sitting_participant"": false, ""fm1_unit"": ""0750@0593"", ""fm1_unit_basis"": ""none"", ""fm2_in_frame_and_valid_frac"": 0.9430139720558882, ""fm2_pass_frac_round3_joints_only"": 0.9789421157684631, ""fm2_smplh_valid_frac"": 0.9851297405189621, ""fm2_surface_correction_px_p50"": 48.75868058257413, ""fm2_vertex_worst_inset_min_px"": -200.05205010351847, ""fm2_violation_run_max_frames"": 122.0, ""fm2_violation_runs"": 44.0, ""fm2_windowed_pass_frac"": 0.7272727272727273, ""fm3_static_frac"": 0.012275449101796407, ""observed_duration_s"": 334.0, ""reproj_px_p50"": 23.306806469167896, ""reproj_shoulder_widths_p50"": 0.0632886464823251, ""unit_files"": 5.0, ""unit_flagged_frac"": 0.0, ""unit_hip_flexion_min"": 146.7676756602707, ""unit_knee_between_min"": 0.6016475333653402}",render
r4_239,fresh_flagged_fm2_smplh_invalid_239_V00_S1954_I00000147_P0160_f0003801,V00_S1954_I00000147_P0160,naturalistic/train/0031/0002/V00_S1954_I00000147_P0160,naturalistic/train/0031/0006/V00_S1954_I00000147_P0811,fresh_flagged_fm2_smplh_invalid,fresh,naturalistic,3801,V00,naturalistic,train,ipc_conversation,fm2_smplh_invalid: only this mode fired; participant not in the recheck cohort,"{""clip_anchored_on_fm2_violation"": true, ""flag_count"": 1, ""flags_fired"": ""fm2_smplh_invalid"", ""fm1_hip_flexion_deg_p50"": 148.44035390437853, ""fm1_knee_between_torso_p50"": 0.5348471765684508, ""fm1_leg_over_torso_p50"": 1.3213834138116507, ""fm1_reasons"": """", ""fm1_shin_verticality_p50"": 0.9986178204449322, ""fm1_sitting_file"": false, ""fm1_sitting_participant"": false, ""fm1_unit"": ""0160@1954"", ""fm1_unit_basis"": ""none"", ""fm2_in_frame_and_valid_frac"": 0.9941860465116279, ""fm2_pass_frac_round3_joints_only"": 0.9963178294573644, ""fm2_smplh_valid_frac"": 0.998062015503876, ""fm2_surface_correction_px_p50"": 32.76420162107081, ""fm2_vertex_worst_inset_min_px"": -105.26151250129419, ""fm2_violation_run_max_frames"": 17.0, ""fm2_violation_runs"": 2.0, ""fm2_windowed_pass_frac"": 0.8, ""fm3_static_frac"": 0.5656976744186046, ""observed_duration_s"": 172.0, ""reproj_px_p50"": 41.76250993100095, ""reproj_shoulder_widths_p50"": 0.14293533105414336, ""unit_files"": 3.0, ""unit_flagged_frac"": 0.0, ""unit_hip_flexion_min"": 147.94180801491277, ""unit_knee_between_min"": 0.5343377433696912}",render
r4_240,fresh_flagged_fm2_smplh_invalid_240_V00_S1320_I00000211_P0252_f0007158,V00_S1320_I00000211_P0252,naturalistic/train/0027/0014/V00_S1320_I00000211_P0252,naturalistic/train/0027/0050/V00_S1320_I00000211_P1125,fresh_flagged_fm2_smplh_invalid,fresh,naturalistic,7158,V00,naturalistic,train,ipc_conversation,fm2_smplh_invalid: only this mode fired; participant not in the recheck cohort,"{""clip_anchored_on_fm2_violation"": true, ""flag_count"": 1, ""flags_fired"": ""fm2_smplh_invalid"", ""fm1_hip_flexion_deg_p50"": 146.9285113528961, ""fm1_knee_between_torso_p50"": 0.581734056129861, ""fm1_leg_over_torso_p50"": 1.0596889031446415, ""fm1_reasons"": """", ""fm1_shin_verticality_p50"": 0.9995411763240889, ""fm1_sitting_file"": false, ""fm1_sitting_participant"": false, ""fm1_unit"": ""0252@1320"", ""fm1_unit_basis"": ""none"", ""fm2_in_frame_and_valid_frac"": 0.9852124183006536, ""fm2_pass_frac_round3_joints_only"": 0.9882352941176471, ""fm2_smplh_valid_frac"": 0.9973039215686275, ""fm2_surface_correction_px_p50"": 39.877010356133496, ""fm2_vertex_worst_inset_min_px"": -118.48275883555561, ""fm2_violation_run_max_frames"": 48.0, ""fm2_violation_runs"": 19.0, ""fm2_windowed_pass_frac"": 0.8461538461538461, ""fm3_static_frac"": 0.012336601307189542, ""observed_duration_s"": 408.0, ""reproj_px_p50"": 19.50070870724164, ""reproj_shoulder_widths_p50"": 0.05856545287728974, ""unit_files"": 3.0, ""unit_flagged_frac"": 0.0, ""unit_hip_flexion_min"": 138.91969246009427, ""unit_knee_between_min"": 0.555496641465248}",render
r4_241,fresh_flagged_fm2_smplh_invalid_241_V00_S0139_I00000377_P0201_f0005040,V00_S0139_I00000377_P0201,naturalistic/train/0002/0000/V00_S0139_I00000377_P0201,naturalistic/train/0002/0006/V00_S0139_I00000377_P0200,fresh_flagged_fm2_smplh_invalid,fresh,naturalistic,5040,V00,naturalistic,train,ipc_conversation,fm2_smplh_invalid: only this mode fired; participant not in the recheck cohort,"{""clip_anchored_on_fm2_violation"": true, ""flag_count"": 1, ""flags_fired"": ""fm2_smplh_invalid"", ""fm1_hip_flexion_deg_p50"": 164.05027121656104, ""fm1_knee_between_torso_p50"": 0.5629187091881589, ""fm1_leg_over_torso_p50"": 1.4196619362789353, ""fm1_reasons"": """", ""fm1_shin_verticality_p50"": 0.987105471115977, ""fm1_sitting_file"": false, ""fm1_sitting_participant"": false, ""fm1_unit"": ""0201@0139"", ""fm1_unit_basis"": ""none"", ""fm2_in_frame_and_valid_frac"": 0.9904040404040404, ""fm2_pass_frac_round3_joints_only"": 0.990909090909091, ""fm2_smplh_valid_frac"": 0.998989898989899, ""fm2_surface_correction_px_p50"": 40.14429876984798, ""fm2_vertex_worst_inset_min_px"": -127.29617329781411, ""fm2_violation_run_max_frames"": 24.0, ""fm2_violation_runs"": 5.0, ""fm2_windowed_pass_frac"": 0.8333333333333334, ""fm3_static_frac"": 0.24713804713804713, ""observed_duration_s"": 198.0, ""reproj_px_p50"": 21.046377324070313, ""reproj_shoulder_widths_p50"": 0.07054116505127606, ""unit_files"": 3.0, ""unit_flagged_frac"": 0.0, ""unit_hip_flexion_min"": 161.45662557971997, ""unit_knee_between_min"": 0.5629187091881589}",render
r4_242,fresh_flagged_fm2_smplh_invalid_242_V00_S0281_I00000130_P0378_f0006311,V00_S0281_I00000130_P0378,naturalistic/train/0006/0028/V00_S0281_I00000130_P0378,naturalistic/train/0006/0017/V00_S0281_I00000130_P0379,fresh_flagged_fm2_smplh_invalid,fresh,naturalistic,6311,V00,naturalistic,train,ipc_conversation,fm2_smplh_invalid: only this mode fired; participant not in the recheck cohort,"{""clip_anchored_on_fm2_violation"": true, ""flag_count"": 1, ""flags_fired"": ""fm2_smplh_invalid"", ""fm1_hip_flexion_deg_p50"": 146.85593033255248, ""fm1_knee_between_torso_p50"": 0.5245592352327346, ""fm1_leg_over_torso_p50"": 1.4481911939636722, ""fm1_reasons"": """", ""fm1_shin_verticality_p50"": 0.9984603612223686, ""fm1_sitting_file"": false, ""fm1_sitting_participant"": false, ""fm1_unit"": ""0378@0281"", ""fm1_unit_basis"": ""none"", ""fm2_in_frame_and_valid_frac"": 0.7421568627450981, ""fm2_pass_frac_round3_joints_only"": 0.7421568627450981, ""fm2_smplh_valid_frac"": 0.7421568627450981, ""fm2_surface_correction_px_p50"": 33.79894281705026, ""fm2_vertex_worst_inset_min_px"": 22.778349958481613, ""fm2_violation_run_max_frames"": 1476.0, ""fm2_violation_runs"": 10.0, ""fm2_windowed_pass_frac"": 0.7142857142857143, ""fm3_static_frac"": 0.2754901960784314, ""observed_duration_s"": 442.0, ""reproj_px_p50"": 24.730773190161912, ""reproj_shoulder_widths_p50"": 0.0786125470316565, ""unit_files"": 1.0, ""unit_flagged_frac"": 0.0, ""unit_hip_flexion_min"": 146.85593033255248, ""unit_knee_between_min"": 0.5245592352327346}",render
r4_243,fresh_flagged_fm2_smplh_invalid_243_V00_S0198_I00000770_P0005A_f0004694,V00_S0198_I00000770_P0005A,improvised/train/0004/0015/V00_S0198_I00000770_P0005A,improvised/train/0004/0010/V00_S0198_I00000770_P0269,fresh_flagged_fm2_smplh_invalid,fresh,improvised,4694,V00,improvised,train,ipc_conversation,fm2_smplh_invalid: only this mode fired; participant not in the recheck cohort,"{""clip_anchored_on_fm2_violation"": true, ""flag_count"": 1, ""flags_fired"": ""fm2_smplh_invalid"", ""fm1_hip_flexion_deg_p50"": 155.5650397657707, ""fm1_knee_between_torso_p50"": 0.6408138737534055, ""fm1_leg_over_torso_p50"": 1.0146857340009414, ""fm1_reasons"": """", ""fm1_shin_verticality_p50"": 0.999405996489257, ""fm1_sitting_file"": false, ""fm1_sitting_participant"": false, ""fm1_unit"": ""0005A@0198"", ""fm1_unit_basis"": ""none"", ""fm2_in_frame_and_valid_frac"": 0.9783783783783784, ""fm2_pass_frac_round3_joints_only"": 0.9851351351351352, ""fm2_smplh_valid_frac"": 0.9963963963963964, ""fm2_surface_correction_px_p50"": 50.3341495541938, ""fm2_vertex_worst_inset_min_px"": -206.16437021727404, ""fm2_violation_run_max_frames"": 28.0, ""fm2_violation_runs"": 17.0, ""fm2_windowed_pass_frac"": 0.14285714285714285, ""fm3_static_frac"": 0.01921921921921922, ""observed_duration_s"": 222.0, ""reproj_px_p50"": 22.00264980058057, ""reproj_shoulder_widths_p50"": 0.062149711834491125, ""unit_files"": 3.0, ""unit_flagged_frac"": 0.0, ""unit_hip_flexion_min"": 155.5650397657707, ""unit_knee_between_min"": 0.5901656969464123}",render
r4_244,fresh_flagged_fm2_smplh_invalid_244_V00_S1745_I00001119_P1047A_f0000723,V00_S1745_I00001119_P1047A,improvised/train/0043/0032/V00_S1745_I00001119_P1047A,improvised/train/0043/0007/V00_S1745_I00001119_P1151A,fresh_flagged_fm2_smplh_invalid,fresh,improvised,723,V00,improvised,train,ipc_conversation,fm2_smplh_invalid: only this mode fired; participant not in the recheck cohort,"{""clip_anchored_on_fm2_violation"": true, ""flag_count"": 1, ""flags_fired"": ""fm2_smplh_invalid"", ""fm1_hip_flexion_deg_p50"": 141.85040650136563, ""fm1_knee_between_torso_p50"": 0.527510564144186, ""fm1_leg_over_torso_p50"": 1.2359199060946664, ""fm1_reasons"": """", ""fm1_shin_verticality_p50"": 0.9854601757011201, ""fm1_sitting_file"": false, ""fm1_sitting_participant"": false, ""fm1_unit"": ""1047A@1745"", ""fm1_unit_basis"": ""none"", ""fm2_in_frame_and_valid_frac"": 0.9549019607843138, ""fm2_pass_frac_round3_joints_only"": 0.9554466230936819, ""fm2_smplh_valid_frac"": 0.9639433551198258, ""fm2_surface_correction_px_p50"": 28.57243641813963, ""fm2_vertex_worst_inset_min_px"": -76.75952128648441, ""fm2_violation_run_max_frames"": 208.0, ""fm2_violation_runs"": 8.0, ""fm2_windowed_pass_frac"": 0.5, ""fm3_static_frac"": 0.04793028322440087, ""observed_duration_s"": 306.0, ""reproj_px_p50"": 31.95287762099486, ""reproj_shoulder_widths_p50"": 0.1127109459190728, ""unit_files"": 3.0, ""unit_flagged_frac"": 0.0, ""unit_hip_flexion_min"": 139.03334710423474, ""unit_knee_between_min"": 0.5132506775413728}",render
r4_245,fresh_flagged_fm2_smplh_invalid_245_V00_S1403_I00001043_P0557A_f0004289,V00_S1403_I00001043_P0557A,improvised/train/0032/0041/V00_S1403_I00001043_P0557A,improvised/train/0032/0012/V00_S1403_I00001043_P0388A,fresh_flagged_fm2_smplh_invalid,fresh,improvised,4289,V00,improvised,train,ipc_conversation,fm2_smplh_invalid: only this mode fired; participant not in the recheck cohort,"{""clip_anchored_on_fm2_violation"": true, ""flag_count"": 1, ""flags_fired"": ""fm2_smplh_invalid"", ""fm1_hip_flexion_deg_p50"": 154.5025539031853, ""fm1_knee_between_torso_p50"": 0.5516075784798444, ""fm1_leg_over_torso_p50"": 1.2421484095155702, ""fm1_reasons"": """", ""fm1_shin_verticality_p50"": 0.9982743697001285, ""fm1_sitting_file"": false, ""fm1_sitting_participant"": false, ""fm1_unit"": ""0557A@1403"", ""fm1_unit_basis"": ""none"", ""fm2_in_frame_and_valid_frac"": 0.9781786941580756, ""fm2_pass_frac_round3_joints_only"": 0.9881443298969073, ""fm2_smplh_valid_frac"": 0.9993127147766323, ""fm2_surface_correction_px_p50"": 26.826357486548204, ""fm2_vertex_worst_inset_min_px"": -68.86570448149382, ""fm2_violation_run_max_frames"": 23.0, ""fm2_violation_runs"": 21.0, ""fm2_windowed_pass_frac"": 0.5, ""fm3_static_frac"": 0.06237113402061856, ""observed_duration_s"": 194.0, ""reproj_px_p50"": 45.58521765223131, ""reproj_shoulder_widths_p50"": 0.15836921943570892, ""unit_files"": 2.0, ""unit_flagged_frac"": 0.0, ""unit_hip_flexion_min"": 154.5025539031853, ""unit_knee_between_min"": 0.5516075784798444}",render
r4_246,fresh_flagged_fm2_smplh_invalid_246_V00_S1557_I00001146_P0707A_f0009420,V00_S1557_I00001146_P0707A,improvised/train/0037/0003/V00_S1557_I00001146_P0707A,improvised/train/0037/0025/V00_S1557_I00001146_P0180A,fresh_flagged_fm2_smplh_invalid,fresh,improvised,9420,V00,improvised,train,ipc_conversation,fm2_smplh_invalid: only this mode fired; participant not in the recheck cohort,"{""clip_anchored_on_fm2_violation"": true, ""flag_count"": 1, ""flags_fired"": ""fm2_smplh_invalid"", ""fm1_hip_flexion_deg_p50"": 133.66053944741768, ""fm1_knee_between_torso_p50"": 0.5461825593251899, ""fm1_leg_over_torso_p50"": 1.048227231617082, ""fm1_reasons"": """", ""fm1_shin_verticality_p50"": 0.9977851591453617, ""fm1_sitting_file"": false, ""fm1_sitting_participant"": false, ""fm1_unit"": ""0707A@1557"", ""fm1_unit_basis"": ""none"", ""fm2_in_frame_and_valid_frac"": 0.9722868217054264, ""fm2_pass_frac_round3_joints_only"": 0.9722868217054264, ""fm2_smplh_valid_frac"": 0.9722868217054264, ""fm2_surface_correction_px_p50"": 36.7631423505502, ""fm2_vertex_worst_inset_min_px"": 143.6031605594087, ""fm2_violation_run_max_frames"": 186.0, ""fm2_violation_runs"": 4.0, ""fm2_windowed_pass_frac"": 1.0, ""fm3_static_frac"": 0.3267441860465116, ""observed_duration_s"": 344.0, ""reproj_px_p50"": 44.08874705310015, ""reproj_shoulder_widths_p50"": 0.1281277363887443, ""unit_files"": 2.0, ""unit_flagged_frac"": 0.0, ""unit_hip_flexion_min"": 133.66053944741768, ""unit_knee_between_min"": 0.5461825593251899}",render
r4_247,fresh_flagged_fm2_smplh_invalid_247_V00_S1723_I00001225_P0935A_f0008340,V00_S1723_I00001225_P0935A,improvised/train/0042/0002/V00_S1723_I00001225_P0935A,improvised/train/0042/0044/V00_S1723_I00001225_P0106A,fresh_flagged_fm2_smplh_invalid,fresh,improvised,8340,V00,improvised,train,ipc_conversation,fm2_smplh_invalid: only this mode fired; participant not in the recheck cohort,"{""clip_anchored_on_fm2_violation"": true, ""flag_count"": 1, ""flags_fired"": ""fm2_smplh_invalid"", ""fm1_hip_flexion_deg_p50"": 161.58300012987098, ""fm1_knee_between_torso_p50"": 0.5744342502550379, ""fm1_leg_over_torso_p50"": 1.3108738374215303, ""fm1_reasons"": """", ""fm1_shin_verticality_p50"": 0.9996349673688816, ""fm1_sitting_file"": false, ""fm1_sitting_participant"": false, ""fm1_unit"": ""0935A@1723"", ""fm1_unit_basis"": ""none"", ""fm2_in_frame_and_valid_frac"": 0.999025974025974, ""fm2_pass_frac_round3_joints_only"": 0.999025974025974, ""fm2_smplh_valid_frac"": 0.999025974025974, ""fm2_surface_correction_px_p50"": 38.72549677011716, ""fm2_vertex_worst_inset_min_px"": 57.45936614779612, ""fm2_violation_run_max_frames"": 9.0, ""fm2_violation_runs"": 1.0, ""fm2_windowed_pass_frac"": 1.0, ""fm3_static_frac"": 0.5856060606060606, ""observed_duration_s"": 308.0, ""reproj_px_p50"": 43.53994503642362, ""reproj_shoulder_widths_p50"": 0.14729580981604912, ""unit_files"": 1.0, ""unit_flagged_frac"": 0.0, ""unit_hip_flexion_min"": 161.58300012987098, ""unit_knee_between_min"": 0.5744342502550379}",render
r4_248,fresh_flagged_fm2_smplh_invalid_248_V00_S0374_I00000384_P0059A_f0002667,V00_S0374_I00000384_P0059A,improvised/train/0008/0040/V00_S0374_I00000384_P0059A,improvised/train/0008/0040/V00_S0374_I00000384_P0497,fresh_flagged_fm2_smplh_invalid,fresh,improvised,2667,V00,improvised,train,ipc_conversation,fm2_smplh_invalid: only this mode fired; participant not in the recheck cohort,"{""clip_anchored_on_fm2_violation"": true, ""flag_count"": 1, ""flags_fired"": ""fm2_smplh_invalid"", ""fm1_hip_flexion_deg_p50"": 155.32842543573395, ""fm1_knee_between_torso_p50"": 0.5287446100044674, ""fm1_leg_over_torso_p50"": 1.5076028895677984, ""fm1_reasons"": """", ""fm1_shin_verticality_p50"": 0.9997166735387994, ""fm1_sitting_file"": false, ""fm1_sitting_participant"": false, ""fm1_unit"": ""0059A@0374"", ""fm1_unit_basis"": ""none"", ""fm2_in_frame_and_valid_frac"": 0.9905405405405405, ""fm2_pass_frac_round3_joints_only"": 0.993018018018018, ""fm2_smplh_valid_frac"": 0.9984234234234234, ""fm2_surface_correction_px_p50"": 31.21553700582251, ""fm2_vertex_worst_inset_min_px"": -81.40427455831696, ""fm2_violation_run_max_frames"": 19.0, ""fm2_violation_runs"": 4.0, ""fm2_windowed_pass_frac"": 0.75, ""fm3_static_frac"": 0.0, ""observed_duration_s"": 148.0, ""reproj_px_p50"": 19.04606566758347, ""reproj_shoulder_widths_p50"": 0.0623859078779538, ""unit_files"": 2.0, ""unit_flagged_frac"": 0.0, ""unit_hip_flexion_min"": 146.31341202939535, ""unit_knee_between_min"": 0.5127550083981164}",render
r4_249,fresh_flagged_fm2_smplh_invalid_249_V00_S0453_I00000910_P0262A_f0007500,V00_S0453_I00000910_P0262A,improvised/train/0010/0049/V00_S0453_I00000910_P0262A,improvised/train/0010/0038/V00_S0453_I00000910_P0323A,fresh_flagged_fm2_smplh_invalid,fresh,improvised,7500,V00,improvised,train,ipc_conversation,fm2_smplh_invalid: only this mode fired; participant not in the recheck cohort,"{""clip_anchored_on_fm2_violation"": true, ""flag_count"": 1, ""flags_fired"": ""fm2_smplh_invalid"", ""fm1_hip_flexion_deg_p50"": 131.38561254224123, ""fm1_knee_between_torso_p50"": 0.5036121861665228, ""fm1_leg_over_torso_p50"": 1.0798714802140181, ""fm1_reasons"": """", ""fm1_shin_verticality_p50"": 0.9994801140714196, ""fm1_sitting_file"": false, ""fm1_sitting_participant"": false, ""fm1_unit"": ""0262A@0453"", ""fm1_unit_basis"": ""none"", ""fm2_in_frame_and_valid_frac"": 0.9863095238095239, ""fm2_pass_frac_round3_joints_only"": 0.9886904761904762, ""fm2_smplh_valid_frac"": 0.9907142857142858, ""fm2_surface_correction_px_p50"": 39.2621895275704, ""fm2_vertex_worst_inset_min_px"": -78.70450883877197, ""fm2_violation_run_max_frames"": 48.0, ""fm2_violation_runs"": 12.0, ""fm2_windowed_pass_frac"": 0.7777777777777778, ""fm3_static_frac"": 0.006547619047619048, ""observed_duration_s"": 280.0, ""reproj_px_p50"": 20.227165385026694, ""reproj_shoulder_widths_p50"": 0.057791000544207174, ""unit_files"": 2.0, ""unit_flagged_frac"": 0.0, ""unit_hip_flexion_min"": 131.38561254224123, ""unit_knee_between_min"": 0.5036121861665228}",render
r4_250,fresh_flagged_fm2_smplh_invalid_250_V00_S0202_I00000487_P0005A_f0006060,V00_S0202_I00000487_P0005A,improvised/train/0004/0000/V00_S0202_I00000487_P0005A,improvised/train/0004/0003/V00_S0202_I00000487_P0257,fresh_flagged_fm2_smplh_invalid,fresh,improvised,6060,V00,improvised,train,ipc_conversation,fm2_smplh_invalid: only this mode fired; participant not in the recheck cohort,"{""clip_anchored_on_fm2_violation"": true, ""flag_count"": 1, ""flags_fired"": ""fm2_smplh_invalid"", ""fm1_hip_flexion_deg_p50"": 156.07329104742826, ""fm1_knee_between_torso_p50"": 0.6047943623025578, ""fm1_leg_over_torso_p50"": 1.0781069312858742, ""fm1_reasons"": """", ""fm1_shin_verticality_p50"": 0.9994449117545325, ""fm1_sitting_file"": false, ""fm1_sitting_participant"": false, ""fm1_unit"": ""0005A@0202"", ""fm1_unit_basis"": ""none"", ""fm2_in_frame_and_valid_frac"": 0.989367816091954, ""fm2_pass_frac_round3_joints_only"": 0.9916666666666667, ""fm2_smplh_valid_frac"": 0.9929597701149425, ""fm2_surface_correction_px_p50"": 45.56760312434858, ""fm2_vertex_worst_inset_min_px"": -445.6728836445203, ""fm2_violation_run_max_frames"": 66.0, ""fm2_violation_runs"": 4.0, ""fm2_windowed_pass_frac"": 0.8571428571428571, ""fm3_static_frac"": 0.0012951503813498344, ""observed_duration_s"": 232.0, ""reproj_px_p50"": 26.78506192107982, ""reproj_shoulder_widths_p50"": 0.07954436175685636, ""unit_files"": 2.0, ""unit_flagged_frac"": 0.0, ""unit_hip_flexion_min"": 146.13597484806604, ""unit_knee_between_min"": 0.6047943623025578}",render
r4_251,fresh_flagged_fm2_smplh_invalid_251_V00_S1449_I00000679_P0557A_f0009300,V00_S1449_I00000679_P0557A,improvised/train/0033/0027/V00_S1449_I00000679_P0557A,improvised/train/0033/0070/V00_S1449_I00000679_P0682A,fresh_flagged_fm2_smplh_invalid,fresh,improvised,9300,V00,improvised,train,ipc_conversation,fm2_smplh_invalid: only this mode fired; participant not in the recheck cohort,"{""clip_anchored_on_fm2_violation"": true, ""flag_count"": 1, ""flags_fired"": ""fm2_smplh_invalid"", ""fm1_hip_flexion_deg_p50"": 148.23647872037924, ""fm1_knee_between_torso_p50"": 0.548905632030193, ""fm1_leg_over_torso_p50"": 1.2198690241255261, ""fm1_reasons"": """", ""fm1_shin_verticality_p50"": 0.998460353921456, ""fm1_sitting_file"": false, ""fm1_sitting_participant"": false, ""fm1_unit"": ""0557A@1449"", ""fm1_unit_basis"": ""none"", ""fm2_in_frame_and_valid_frac"": 0.946764705882353, ""fm2_pass_frac_round3_joints_only"": 0.9838235294117647, ""fm2_smplh_valid_frac"": 0.9934313725490196, ""fm2_surface_correction_px_p50"": 32.528048991322976, ""fm2_vertex_worst_inset_min_px"": -85.94906554540876, ""fm2_violation_run_max_frames"": 65.0, ""fm2_violation_runs"": 58.0, ""fm2_windowed_pass_frac"": 0.36363636363636365, ""fm3_static_frac"": 0.000392156862745098, ""observed_duration_s"": 340.0, ""reproj_px_p50"": 39.351786059725306, ""reproj_shoulder_widths_p50"": 0.12665797635098844, ""unit_files"": 2.0, ""unit_flagged_frac"": 0.0, ""unit_hip_flexion_min"": 148.23647872037924, ""unit_knee_between_min"": 0.548905632030193}",render
r4_252,fresh_flagged_fm2_smplh_invalid_252_V00_S0484_I00000520_P0262A_f0003132,V00_S0484_I00000520_P0262A,improvised/train/0010/0012/V00_S0484_I00000520_P0262A,improvised/train/0010/0000/V00_S0484_I00000520_P0508,fresh_flagged_fm2_smplh_invalid,fresh,improvised,3132,V00,improvised,train,grounded_gesture,fm2_smplh_invalid: only this mode fired; participant not in the recheck cohort,"{""clip_anchored_on_fm2_violation"": true, ""flag_count"": 1, ""flags_fired"": ""fm2_smplh_invalid"", ""fm1_hip_flexion_deg_p50"": 144.50420539460526, ""fm1_knee_between_torso_p50"": 0.5427178018342982, ""fm1_leg_over_torso_p50"": 1.1171731660085076, ""fm1_reasons"": """", ""fm1_shin_verticality_p50"": 0.9977851622209877, ""fm1_sitting_file"": false, ""fm1_sitting_participant"": false, ""fm1_unit"": ""0262A@0484"", ""fm1_unit_basis"": ""none"", ""fm2_in_frame_and_valid_frac"": 0.9543360433604337, ""fm2_pass_frac_round3_joints_only"": 0.9602981029810298, ""fm2_smplh_valid_frac"": 0.9719512195121951, ""fm2_surface_correction_px_p50"": 45.09327172731196, ""fm2_vertex_worst_inset_min_px"": -202.7179858948133, ""fm2_violation_run_max_frames"": 51.0, ""fm2_violation_runs"": 35.0, ""fm2_windowed_pass_frac"": 0.5, ""fm3_static_frac"": 0.0497289972899729, ""observed_duration_s"": 246.0, ""reproj_px_p50"": 21.69241456138345, ""reproj_shoulder_widths_p50"": 0.061453649375874664, ""unit_files"": 1.0, ""unit_flagged_frac"": 0.0, ""unit_hip_flexion_min"": 144.50420539460526, ""unit_knee_between_min"": 0.5427178018342982}",render
r4_253,fresh_flagged_fm2_smplh_invalid_253_V00_S0766_I00000126_P0903_f0005125,V00_S0766_I00000126_P0903,improvised/train/0015/0032/V00_S0766_I00000126_P0903,improvised/train/0015/0039/V00_S0766_I00000126_P0359A,fresh_flagged_fm2_smplh_invalid,fresh,improvised,5125,V00,improvised,train,ipc_conversation,fm2_smplh_invalid: only this mode fired; participant not in the recheck cohort,"{""clip_anchored_on_fm2_violation"": true, ""flag_count"": 1, ""flags_fired"": ""fm2_smplh_invalid"", ""fm1_hip_flexion_deg_p50"": 140.96739075277569, ""fm1_knee_between_torso_p50"": 0.5122670389207618, ""fm1_leg_over_torso_p50"": 1.4125353078040994, ""fm1_reasons"": """", ""fm1_shin_verticality_p50"": 0.9904922465041783, ""fm1_sitting_file"": false, ""fm1_sitting_participant"": false, ""fm1_unit"": ""0903@0766"", ""fm1_unit_basis"": ""none"", ""fm2_in_frame_and_valid_frac"": 0.9462075848303393, ""fm2_pass_frac_round3_joints_only"": 0.9532934131736527, ""fm2_smplh_valid_frac"": 0.9806387225548903, ""fm2_surface_correction_px_p50"": 35.46842350498707, ""fm2_vertex_worst_inset_min_px"": -139.69669697112613, ""fm2_violation_run_max_frames"": 69.0, ""fm2_violation_runs"": 57.0, ""fm2_windowed_pass_frac"": 0.09090909090909091, ""fm3_static_frac"": 0.041916167664670656, ""observed_duration_s"": 334.0, ""reproj_px_p50"": 30.431471454531618, ""reproj_shoulder_widths_p50"": 0.08237337896676737, ""unit_files"": 3.0, ""unit_flagged_frac"": 0.0, ""unit_hip_flexion_min"": 135.70308797293973, ""unit_knee_between_min"": 0.5066134592374738}",render
r4_254,fresh_flagged_fm2_smplh_invalid_254_V00_S1445_I00000715_P0557A_f0000856,V00_S1445_I00000715_P0557A,improvised/train/0033/0042/V00_S1445_I00000715_P0557A,improvised/train/0033/0017/V00_S1445_I00000715_P0682A,fresh_flagged_fm2_smplh_invalid,fresh,improvised,856,V00,improvised,train,ipc_conversation,fm2_smplh_invalid: only this mode fired; participant not in the recheck cohort,"{""clip_anchored_on_fm2_violation"": true, ""flag_count"": 1, ""flags_fired"": ""fm2_smplh_invalid"", ""fm1_hip_flexion_deg_p50"": 151.19369657678567, ""fm1_knee_between_torso_p50"": 0.5644989843620415, ""fm1_leg_over_torso_p50"": 1.2429633269235922, ""fm1_reasons"": """", ""fm1_shin_verticality_p50"": 0.9995677506853256, ""fm1_sitting_file"": false, ""fm1_sitting_participant"": false, ""fm1_unit"": ""0557A@1445"", ""fm1_unit_basis"": ""none"", ""fm2_in_frame_and_valid_frac"": 0.9036796536796536, ""fm2_pass_frac_round3_joints_only"": 0.9036796536796536, ""fm2_smplh_valid_frac"": 0.9036796536796536, ""fm2_surface_correction_px_p50"": 34.02369784779887, ""fm2_vertex_worst_inset_min_px"": 50.4131782874656, ""fm2_violation_run_max_frames"": 71.0, ""fm2_violation_runs"": 187.0, ""fm2_windowed_pass_frac"": 0.4, ""fm3_static_frac"": 0.0042207792207792205, ""observed_duration_s"": 308.0, ""reproj_px_p50"": 40.1998518807765, ""reproj_shoulder_widths_p50"": 0.13151373179744028, ""unit_files"": 1.0, ""unit_flagged_frac"": 0.0, ""unit_hip_flexion_min"": 151.19369657678567, ""unit_knee_between_min"": 0.5644989843620415}",render
r4_255,fresh_flagged_fm2_smplh_invalid_255_V00_S1980_I00001048_P1139A_f0009302,V00_S1980_I00001048_P1139A,improvised/train/0048/0011/V00_S1980_I00001048_P1139A,improvised/train/0048/0001/V00_S1980_I00001048_P0106A,fresh_flagged_fm2_smplh_invalid,fresh,improvised,9302,V00,improvised,train,ipc_conversation,fm2_smplh_invalid: only this mode fired; participant not in the recheck cohort,"{""clip_anchored_on_fm2_violation"": true, ""flag_count"": 1, ""flags_fired"": ""fm2_smplh_invalid"", ""fm1_hip_flexion_deg_p50"": 141.01987633170722, ""fm1_knee_between_torso_p50"": 0.5532625243158704, ""fm1_leg_over_torso_p50"": 1.1640475758479822, ""fm1_reasons"": """", ""fm1_shin_verticality_p50"": 0.9718501682283434, ""fm1_sitting_file"": false, ""fm1_sitting_participant"": false, ""fm1_unit"": ""1139A@1980"", ""fm1_unit_basis"": ""none"", ""fm2_in_frame_and_valid_frac"": 0.9421052631578948, ""fm2_pass_frac_round3_joints_only"": 0.9579744816586921, ""fm2_smplh_valid_frac"": 0.9925837320574162, ""fm2_surface_correction_px_p50"": 33.94793225794433, ""fm2_vertex_worst_inset_min_px"": -95.64418888298837, ""fm2_violation_run_max_frames"": 87.0, ""fm2_violation_runs"": 63.0, ""fm2_windowed_pass_frac"": 0.15384615384615385, ""fm3_static_frac"": 0.017942583732057416, ""observed_duration_s"": 418.0, ""reproj_px_p50"": 16.71292981495955, ""reproj_shoulder_widths_p50"": 0.0517394970193175, ""unit_files"": 2.0, ""unit_flagged_frac"": 0.0, ""unit_hip_flexion_min"": 141.01987633170722, ""unit_knee_between_min"": 0.5502828203832395}",render
r4_256,fresh_flagged_fm2_smplh_invalid_256_V00_S1500_I00000673_P0041A_f0000456,V00_S1500_I00000673_P0041A,improvised/train/0035/0066/V00_S1500_I00000673_P0041A,improvised/train/0035/0064/V00_S1500_I00000673_P0707A,fresh_flagged_fm2_smplh_invalid,fresh,improvised,456,V00,improvised,train,ipc_conversation,fm2_smplh_invalid: only this mode fired; participant not in the recheck cohort,"{""clip_anchored_on_fm2_violation"": true, ""flag_count"": 1, ""flags_fired"": ""fm2_smplh_invalid"", ""fm1_hip_flexion_deg_p50"": 156.04330607788046, ""fm1_knee_between_torso_p50"": 0.5264619805980187, ""fm1_leg_over_torso_p50"": 1.4908927474126512, ""fm1_reasons"": """", ""fm1_shin_verticality_p50"": 0.9989685361453494, ""fm1_sitting_file"": false, ""fm1_sitting_participant"": false, ""fm1_unit"": ""0041A@1500"", ""fm1_unit_basis"": ""none"", ""fm2_in_frame_and_valid_frac"": 0.9555555555555556, ""fm2_pass_frac_round3_joints_only"": 0.9555555555555556, ""fm2_smplh_valid_frac"": 0.9559139784946237, ""fm2_surface_correction_px_p50"": 38.76623925072866, ""fm2_vertex_worst_inset_min_px"": -7.259422941062212, ""fm2_violation_run_max_frames"": 66.0, ""fm2_violation_runs"": 112.0, ""fm2_windowed_pass_frac"": 0.4166666666666667, ""fm3_static_frac"": 0.14301075268817204, ""observed_duration_s"": 372.0, ""reproj_px_p50"": 15.253864356946, ""reproj_shoulder_widths_p50"": 0.052927897432592214, ""unit_files"": 2.0, ""unit_flagged_frac"": 0.0, ""unit_hip_flexion_min"": 155.27190421102657, ""unit_knee_between_min"": 0.5264619805980187}",render
r4_257,fresh_flagged_fm2_smplh_invalid_257_V00_S1076_I00001044_P0976A_f0008217,V00_S1076_I00001044_P0976A,improvised/train/0023/0052/V00_S1076_I00001044_P0976A,improvised/train/0023/0027/V00_S1076_I00001044_P0744,fresh_flagged_fm2_smplh_invalid,fresh,improvised,8217,V00,improvised,train,ipc_conversation,fm2_smplh_invalid: only this mode fired; participant not in the recheck cohort,"{""clip_anchored_on_fm2_violation"": true, ""flag_count"": 1, ""flags_fired"": ""fm2_smplh_invalid"", ""fm1_hip_flexion_deg_p50"": 153.89725028164798, ""fm1_knee_between_torso_p50"": 0.5508036690320786, ""fm1_leg_over_torso_p50"": 1.4140032567876477, ""fm1_reasons"": """", ""fm1_shin_verticality_p50"": 0.998542277475458, ""fm1_sitting_file"": false, ""fm1_sitting_participant"": false, ""fm1_unit"": ""0976A@1076"", ""fm1_unit_basis"": ""none"", ""fm2_in_frame_and_valid_frac"": 0.8671850037277665, ""fm2_pass_frac_round3_joints_only"": 0.867291511343061, ""fm2_smplh_valid_frac"": 0.8680370646501225, ""fm2_surface_correction_px_p50"": 39.10561376190822, ""fm2_vertex_worst_inset_min_px"": -2045.7521122788253, ""fm2_violation_run_max_frames"": 168.0, ""fm2_violation_runs"": 225.0, ""fm2_windowed_pass_frac"": 0.2, ""fm3_static_frac"": 0.00031952284588348065, ""observed_duration_s"": 312.981, ""reproj_px_p50"": 20.810840496571544, ""reproj_shoulder_widths_p50"": 0.0722724836608812, ""unit_files"": 2.0, ""unit_flagged_frac"": 0.0, ""unit_hip_flexion_min"": 153.89725028164798, ""unit_knee_between_min"": 0.5407821514277947}",render
r4_258,fresh_flagged_fm3_static_hands_258_V00_S0597_I00000495_P0755_f0003650,V00_S0597_I00000495_P0755,naturalistic/train/0017/0007/V00_S0597_I00000495_P0755,naturalistic/train/0017/0035/V00_S0597_I00000495_P0756,fresh_flagged_fm3_static_hands,fresh,naturalistic,3650,V00,naturalistic,train,ipc_conversation,fm3_static_hands: only this mode fired; participant not in the recheck cohort,"{""clip_anchored_on_fm2_violation"": false, ""flag_count"": 1, ""flags_fired"": ""fm3_static_hands"", ""fm1_hip_flexion_deg_p50"": 144.36807055755094, ""fm1_knee_between_torso_p50"": 0.5005660953774889, ""fm1_leg_over_torso_p50"": 1.6393189487345345, ""fm1_reasons"": """", ""fm1_shin_verticality_p50"": 0.9997166773898625, ""fm1_sitting_file"": false, ""fm1_sitting_participant"": false, ""fm1_unit"": ""0755@0597"", ""fm1_unit_basis"": ""none"", ""fm2_in_frame_and_valid_frac"": 1.0, ""fm2_pass_frac_round3_joints_only"": 1.0, ""fm2_smplh_valid_frac"": 1.0, ""fm2_surface_correction_px_p50"": 102.48716648012072, ""fm2_vertex_worst_inset_min_px"": 33.19536147849368, ""fm2_violation_run_max_frames"": 0.0, ""fm2_violation_runs"": 0.0, ""fm2_windowed_pass_frac"": 1.0, ""fm3_static_frac"": 0.7811653116531165, ""observed_duration_s"": 246.0, ""reproj_px_p50"": 21.826637277656992, ""reproj_shoulder_widths_p50"": 0.07461224348733798, ""unit_files"": 2.0, ""unit_flagged_frac"": 0.0, ""unit_hip_flexion_min"": 141.75556555611124, ""unit_knee_between_min"": 0.49308617325750104}",render
r4_259,fresh_flagged_fm3_static_hands_259_V00_S0252_I00000130_P0347_f0008379,V00_S0252_I00000130_P0347,naturalistic/train/0006/0032/V00_S0252_I00000130_P0347,naturalistic/train/0006/0001/V00_S0252_I00000130_P0346,fresh_flagged_fm3_static_hands,fresh,naturalistic,8379,V00,naturalistic,train,ipc_conversation,fm3_static_hands: only this mode fired; participant not in the recheck cohort,"{""clip_anchored_on_fm2_violation"": false, ""flag_count"": 1, ""flags_fired"": ""fm3_static_hands"", ""fm1_hip_flexion_deg_p50"": 136.55078199263886, ""fm1_knee_between_torso_p50"": 0.5690192313458571, ""fm1_leg_over_torso_p50"": 0.9991619244266265, ""fm1_reasons"": """", ""fm1_shin_verticality_p50"": 0.9943091375953234, ""fm1_sitting_file"": false, ""fm1_sitting_participant"": false, ""fm1_unit"": ""0347@0252"", ""fm1_unit_basis"": ""none"", ""fm2_in_frame_and_valid_frac"": 0.9979575163398693, ""fm2_pass_frac_round3_joints_only"": 0.9986928104575163, ""fm2_smplh_valid_frac"": 1.0, ""fm2_surface_correction_px_p50"": 47.1851577373817, ""fm2_vertex_worst_inset_min_px"": -50.70457322050777, ""fm2_violation_run_max_frames"": 8.0, ""fm2_violation_runs"": 6.0, ""fm2_windowed_pass_frac"": 0.8461538461538461, ""fm3_static_frac"": 0.8052287581699347, ""observed_duration_s"": 408.0, ""reproj_px_p50"": 24.407650136908348, ""reproj_shoulder_widths_p50"": 0.06296325966567283, ""unit_files"": 1.0, ""unit_flagged_frac"": 0.0, ""unit_hip_flexion_min"": 136.55078199263886, ""unit_knee_between_min"": 0.5690192313458571}",render
r4_260,fresh_flagged_fm3_static_hands_260_V00_S0381_I00000378_P0503_f0005259,V00_S0381_I00000378_P0503,naturalistic/train/0010/0009/V00_S0381_I00000378_P0503,naturalistic/train/0010/0009/V00_S0381_I00000378_P0012,fresh_flagged_fm3_static_hands,fresh,naturalistic,5259,V00,naturalistic,train,ipc_conversation,fm3_static_hands: only this mode fired; participant not in the recheck cohort,"{""clip_anchored_on_fm2_violation"": false, ""flag_count"": 1, ""flags_fired"": ""fm3_static_hands"", ""fm1_hip_flexion_deg_p50"": 123.09035935974163, ""fm1_knee_between_torso_p50"": 0.519376912695481, ""fm1_leg_over_torso_p50"": 0.9396912094493852, ""fm1_reasons"": """", ""fm1_shin_verticality_p50"": 0.9993148364035088, ""fm1_sitting_file"": false, ""fm1_sitting_participant"": false, ""fm1_unit"": ""0503@0381"", ""fm1_unit_basis"": ""none"", ""fm2_in_frame_and_valid_frac"": 1.0, ""fm2_pass_frac_round3_joints_only"": 1.0, ""fm2_smplh_valid_frac"": 1.0, ""fm2_surface_correction_px_p50"": 48.64335172990786, ""fm2_vertex_worst_inset_min_px"": 8.34845792271392, ""fm2_violation_run_max_frames"": 0.0, ""fm2_violation_runs"": 0.0, ""fm2_windowed_pass_frac"": 1.0, ""fm3_static_frac"": 0.7769230769230769, ""observed_duration_s"": 208.0, ""reproj_px_p50"": 35.46028712324046, ""reproj_shoulder_widths_p50"": 0.09860093359277187, ""unit_files"": 3.0, ""unit_flagged_frac"": 0.0, ""unit_hip_flexion_min"": 123.09035935974163, ""unit_knee_between_min"": 0.519376912695481}",render
r4_261,fresh_flagged_fm3_static_hands_261_V00_S0119_I00000135_P0048_f0001670,V00_S0119_I00000135_P0048,naturalistic/train/0002/0028/V00_S0119_I00000135_P0048,naturalistic/train/0002/0013/V00_S0119_I00000135_P0175,fresh_flagged_fm3_static_hands,fresh,naturalistic,1670,V00,naturalistic,train,collaborative_storytelling,fm3_static_hands: only this mode fired; participant not in the recheck cohort,"{""clip_anchored_on_fm2_violation"": false, ""flag_count"": 1, ""flags_fired"": ""fm3_static_hands"", ""fm1_hip_flexion_deg_p50"": 143.0343073398004, ""fm1_knee_between_torso_p50"": 0.5018978536769565, ""fm1_leg_over_torso_p50"": 1.3983791192252357, ""fm1_reasons"": """", ""fm1_shin_verticality_p50"": 0.9996714357932593, ""fm1_sitting_file"": false, ""fm1_sitting_participant"": false, ""fm1_unit"": ""0048@0119"", ""fm1_unit_basis"": ""none"", ""fm2_in_frame_and_valid_frac"": 1.0, ""fm2_pass_frac_round3_joints_only"": 1.0, ""fm2_smplh_valid_frac"": 1.0, ""fm2_surface_correction_px_p50"": 33.66250923952532, ""fm2_vertex_worst_inset_min_px"": 46.21797890228822, ""fm2_violation_run_max_frames"": 0.0, ""fm2_violation_runs"": 0.0, ""fm2_windowed_pass_frac"": 1.0, ""fm3_static_frac"": 0.9488636363636364, ""observed_duration_s"": 88.0, ""reproj_px_p50"": 23.912741752929108, ""reproj_shoulder_widths_p50"": 0.07437638939311456, ""unit_files"": 2.0, ""unit_flagged_frac"": 0.0, ""unit_hip_flexion_min"": 143.0343073398004, ""unit_knee_between_min"": 0.49903994026474624}",render
r4_262,fresh_flagged_fm3_static_hands_262_V00_S0760_I00000309_P0900_f0001757,V00_S0760_I00000309_P0900,naturalistic/train/0021/0033/V00_S0760_I00000309_P0900,naturalistic/train/0021/0002/V00_S0760_I00000309_P0899,fresh_flagged_fm3_static_hands,fresh,naturalistic,1757,V00,naturalistic,train,ipc_conversation,fm3_static_hands: only this mode fired; participant not in the recheck cohort,"{""clip_anchored_on_fm2_violation"": false, ""flag_count"": 1, ""flags_fired"": ""fm3_static_hands"", ""fm1_hip_flexion_deg_p50"": 128.92690332168252, ""fm1_knee_between_torso_p50"": 0.5330794766196185, ""fm1_leg_over_torso_p50"": 1.0461109037304372, ""fm1_reasons"": """", ""fm1_shin_verticality_p50"": 0.9994449151510216, ""fm1_sitting_file"": false, ""fm1_sitting_participant"": false, ""fm1_unit"": ""0900@0760"", ""fm1_unit_basis"": ""none"", ""fm2_in_frame_and_valid_frac"": 1.0, ""fm2_pass_frac_round3_joints_only"": 1.0, ""fm2_smplh_valid_frac"": 1.0, ""fm2_surface_correction_px_p50"": 45.2625070307472, ""fm2_vertex_worst_inset_min_px"": 110.386435430657, ""fm2_violation_run_max_frames"": 0.0, ""fm2_violation_runs"": 0.0, ""fm2_windowed_pass_frac"": 1.0, ""fm3_static_frac"": 0.9052469135802469, ""observed_duration_s"": 108.0, ""reproj_px_p50"": 26.74975324050238, ""reproj_shoulder_widths_p50"": 0.0721077838910324, ""unit_files"": 2.0, ""unit_flagged_frac"": 0.0, ""unit_hip_flexion_min"": 128.92690332168252, ""unit_knee_between_min"": 0.5330794766196185}",render
r4_263,fresh_flagged_fm3_static_hands_263_V00_S0030_I00000130_P0045_f0000786,V00_S0030_I00000130_P0045,naturalistic/train/0000/0006/V00_S0030_I00000130_P0045,naturalistic/train/0000/0021/V00_S0030_I00000130_P0046,fresh_flagged_fm3_static_hands,fresh,naturalistic,786,V00,naturalistic,train,ipc_conversation,fm3_static_hands: only this mode fired; participant not in the recheck cohort,"{""clip_anchored_on_fm2_violation"": false, ""flag_count"": 1, ""flags_fired"": ""fm3_static_hands"", ""fm1_hip_flexion_deg_p50"": 124.88884897829976, ""fm1_knee_between_torso_p50"": 0.4897041782238801, ""fm1_leg_over_torso_p50"": 1.0284135488256947, ""fm1_reasons"": """", ""fm1_shin_verticality_p50"": 0.9995411830968157, ""fm1_sitting_file"": false, ""fm1_sitting_participant"": false, ""fm1_unit"": ""0045@0030"", ""fm1_unit_basis"": ""none"", ""fm2_in_frame_and_valid_frac"": 1.0, ""fm2_pass_frac_round3_joints_only"": 1.0, ""fm2_smplh_valid_frac"": 1.0, ""fm2_surface_correction_px_p50"": 36.87269683280806, ""fm2_vertex_worst_inset_min_px"": 136.0316222132169, ""fm2_violation_run_max_frames"": 0.0, ""fm2_violation_runs"": 0.0, ""fm2_windowed_pass_frac"": 1.0, ""fm3_static_frac"": 0.9540740740740741, ""observed_duration_s"": 90.0, ""reproj_px_p50"": 23.950854810540037, ""reproj_shoulder_widths_p50"": 0.06954235624445018, ""unit_files"": 2.0, ""unit_flagged_frac"": 0.0, ""unit_hip_flexion_min"": 124.88884897829976, ""unit_knee_between_min"": 0.4897041782238801}",render
r4_264,fresh_flagged_fm3_static_hands_264_V00_S0510_I00000461_P0648_f0002950,V00_S0510_I00000461_P0648,naturalistic/train/0014/0020/V00_S0510_I00000461_P0648,naturalistic/train/0014/0039/V00_S0510_I00000461_P0646,fresh_flagged_fm3_static_hands,fresh,naturalistic,2950,V00,naturalistic,train,ipc_conversation,fm3_static_hands: only this mode fired; participant not in the recheck cohort,"{""clip_anchored_on_fm2_violation"": false, ""flag_count"": 1, ""flags_fired"": ""fm3_static_hands"", ""fm1_hip_flexion_deg_p50"": 142.18314964627973, ""fm1_knee_between_torso_p50"": 0.5686423878801128, ""fm1_leg_over_torso_p50"": 1.162930546813374, ""fm1_reasons"": """", ""fm1_shin_verticality_p50"": 0.955064061428305, ""fm1_sitting_file"": false, ""fm1_sitting_participant"": false, ""fm1_unit"": ""0648@0510"", ""fm1_unit_basis"": ""none"", ""fm2_in_frame_and_valid_frac"": 1.0, ""fm2_pass_frac_round3_joints_only"": 1.0, ""fm2_smplh_valid_frac"": 1.0, ""fm2_surface_correction_px_p50"": 45.94055814299861, ""fm2_vertex_worst_inset_min_px"": 19.384164509002858, ""fm2_violation_run_max_frames"": 0.0, ""fm2_violation_runs"": 0.0, ""fm2_windowed_pass_frac"": 1.0, ""fm3_static_frac"": 0.9921119592875318, ""observed_duration_s"": 262.0, ""reproj_px_p50"": 23.77338498932677, ""reproj_shoulder_widths_p50"": 0.07281059968314471, ""unit_files"": 3.0, ""unit_flagged_frac"": 0.0, ""unit_hip_flexion_min"": 142.18314964627973, ""unit_knee_between_min"": 0.5685406511159252}",render
r4_265,fresh_flagged_fm3_static_hands_265_V00_S0155_I00000135_P0223_f0001306,V00_S0155_I00000135_P0223,naturalistic/test/0000/0019/V00_S0155_I00000135_P0223,naturalistic/test/0000/0021/V00_S0155_I00000135_P0222,fresh_flagged_fm3_static_hands,fresh,naturalistic,1306,V00,naturalistic,test,collaborative_storytelling,fm3_static_hands: only this mode fired; participant not in the recheck cohort,"{""clip_anchored_on_fm2_violation"": false, ""flag_count"": 1, ""flags_fired"": ""fm3_static_hands"", ""fm1_hip_flexion_deg_p50"": 154.38519087429074, ""fm1_knee_between_torso_p50"": 0.5607858351127908, ""fm1_leg_over_torso_p50"": 1.3050078854812073, ""fm1_reasons"": """", ""fm1_shin_verticality_p50"": 0.9961298511623261, ""fm1_sitting_file"": false, ""fm1_sitting_participant"": false, ""fm1_unit"": ""0223@0155"", ""fm1_unit_basis"": ""none"", ""fm2_in_frame_and_valid_frac"": 1.0, ""fm2_pass_frac_round3_joints_only"": 1.0, ""fm2_smplh_valid_frac"": 1.0, ""fm2_surface_correction_px_p50"": 38.06741256734813, ""fm2_vertex_worst_inset_min_px"": 111.96226367964209, ""fm2_violation_run_max_frames"": 0.0, ""fm2_violation_runs"": 0.0, ""fm2_windowed_pass_frac"": 1.0, ""fm3_static_frac"": 0.9862068965517241, ""observed_duration_s"": 174.0, ""reproj_px_p50"": 24.385939752659798, ""reproj_shoulder_widths_p50"": 0.07174589129591027, ""unit_files"": 4.0, ""unit_flagged_frac"": 0.0, ""unit_hip_flexion_min"": 150.7310148673847, ""unit_knee_between_min"": 0.5332235234635063}",render
r4_266,fresh_flagged_fm3_static_hands_266_V00_S0222_I00000382_P0305_f0001019,V00_S0222_I00000382_P0305,naturalistic/train/0005/0035/V00_S0222_I00000382_P0305,naturalistic/train/0005/0038/V00_S0222_I00000382_P0304,fresh_flagged_fm3_static_hands,fresh,naturalistic,1019,V00,naturalistic,train,ipc_conversation,fm3_static_hands: only this mode fired; participant not in the recheck cohort,"{""clip_anchored_on_fm2_violation"": false, ""flag_count"": 1, ""flags_fired"": ""fm3_static_hands"", ""fm1_hip_flexion_deg_p50"": 125.9256470511592, ""fm1_knee_between_torso_p50"": 0.50667906553028, ""fm1_leg_over_torso_p50"": 1.0153814333777622, ""fm1_reasons"": """", ""fm1_shin_verticality_p50"": 0.9993628573219796, ""fm1_sitting_file"": false, ""fm1_sitting_participant"": false, ""fm1_unit"": ""0305@0222"", ""fm1_unit_basis"": ""none"", ""fm2_in_frame_and_valid_frac"": 1.0, ""fm2_pass_frac_round3_joints_only"": 1.0, ""fm2_smplh_valid_frac"": 1.0, ""fm2_surface_correction_px_p50"": 49.40875724882676, ""fm2_vertex_worst_inset_min_px"": 116.57430945658257, ""fm2_violation_run_max_frames"": 0.0, ""fm2_violation_runs"": 0.0, ""fm2_windowed_pass_frac"": 1.0, ""fm3_static_frac"": 0.8947916666666667, ""observed_duration_s"": 64.0, ""reproj_px_p50"": 16.780407458416754, ""reproj_shoulder_widths_p50"": 0.04505554825129447, ""unit_files"": 2.0, ""unit_flagged_frac"": 0.0, ""unit_hip_flexion_min"": 122.63365056271678, ""unit_knee_between_min"": 0.4993439257860605}",render
r4_267,fresh_flagged_fm3_static_hands_267_V00_S1920_I00000399_P1210_f0000276,V00_S1920_I00000399_P1210,naturalistic/train/0030/0027/V00_S1920_I00000399_P1210,naturalistic/train/0030/0009/V00_S1920_I00000399_P0179,fresh_flagged_fm3_static_hands,fresh,naturalistic,276,V00,naturalistic,train,ipc_conversation,fm3_static_hands: only this mode fired; participant not in the recheck cohort,"{""clip_anchored_on_fm2_violation"": false, ""flag_count"": 1, ""flags_fired"": ""fm3_static_hands"", ""fm1_hip_flexion_deg_p50"": 145.07315828419098, ""fm1_knee_between_torso_p50"": 0.5140029397618474, ""fm1_leg_over_torso_p50"": 1.335178775500689, ""fm1_reasons"": """", ""fm1_shin_verticality_p50"": 0.9996714270826119, ""fm1_sitting_file"": false, ""fm1_sitting_participant"": false, ""fm1_unit"": ""1210@1920"", ""fm1_unit_basis"": ""none"", ""fm2_in_frame_and_valid_frac"": 0.9976702508960573, ""fm2_pass_frac_round3_joints_only"": 0.9980286738351255, ""fm2_smplh_valid_frac"": 1.0, ""fm2_surface_correction_px_p50"": 29.62360588635795, ""fm2_vertex_worst_inset_min_px"": -69.28259615932257, ""fm2_violation_run_max_frames"": 8.0, ""fm2_violation_runs"": 2.0, ""fm2_windowed_pass_frac"": 0.8333333333333334, ""fm3_static_frac"": 0.8016129032258065, ""observed_duration_s"": 186.0, ""reproj_px_p50"": 28.493831575115905, ""reproj_shoulder_widths_p50"": 0.10183780629788688, ""unit_files"": 2.0, ""unit_flagged_frac"": 0.0, ""unit_hip_flexion_min"": 145.07315828419098, ""unit_knee_between_min"": 0.5140029397618474}",render
r4_268,fresh_flagged_fm3_static_hands_268_V00_S1934_I00000411_P1225_f0006522,V00_S1934_I00000411_P1225,naturalistic/train/0031/0031/V00_S1934_I00000411_P1225,naturalistic/train/0031/0027/V00_S1934_I00000411_P0625,fresh_flagged_fm3_static_hands,fresh,naturalistic,6522,V00,naturalistic,train,ipc_conversation,fm3_static_hands: only this mode fired; participant not in the recheck cohort,"{""clip_anchored_on_fm2_violation"": false, ""flag_count"": 1, ""flags_fired"": ""fm3_static_hands"", ""fm1_hip_flexion_deg_p50"": 164.91901666476323, ""fm1_knee_between_torso_p50"": 0.5894026207494384, ""fm1_leg_over_torso_p50"": 1.2960157192507973, ""fm1_reasons"": """", ""fm1_shin_verticality_p50"": 0.9996144173997773, ""fm1_sitting_file"": false, ""fm1_sitting_participant"": false, ""fm1_unit"": ""1225@1934"", ""fm1_unit_basis"": ""none"", ""fm2_in_frame_and_valid_frac"": 1.0, ""fm2_pass_frac_round3_joints_only"": 1.0, ""fm2_smplh_valid_frac"": 1.0, ""fm2_surface_correction_px_p50"": 41.87474672377641, ""fm2_vertex_worst_inset_min_px"": 70.54286829563398, ""fm2_violation_run_max_frames"": 0.0, ""fm2_violation_runs"": 0.0, ""fm2_windowed_pass_frac"": 1.0, ""fm3_static_frac"": 0.9532299741602067, ""observed_duration_s"": 258.0, ""reproj_px_p50"": 27.579849920280978, ""reproj_shoulder_widths_p50"": 0.09056104959342957, ""unit_files"": 2.0, ""unit_flagged_frac"": 0.0, ""unit_hip_flexion_min"": 164.91901666476323, ""unit_knee_between_min"": 0.5641799183368209}",render
r4_269,fresh_flagged_fm3_static_hands_269_V00_S0954_I00000126_P1044_f0002956,V00_S0954_I00000126_P1044,naturalistic/train/0025/0032/V00_S0954_I00000126_P1044,naturalistic/train/0025/0044/V00_S0954_I00000126_P1043,fresh_flagged_fm3_static_hands,fresh,naturalistic,2956,V00,naturalistic,train,ipc_conversation,fm3_static_hands: only this mode fired; participant not in the recheck cohort,"{""clip_anchored_on_fm2_violation"": false, ""flag_count"": 1, ""flags_fired"": ""fm3_static_hands"", ""fm1_hip_flexion_deg_p50"": 159.26273166830273, ""fm1_knee_between_torso_p50"": 0.5527613712535508, ""fm1_leg_over_torso_p50"": 1.43611466082231, ""fm1_reasons"": """", ""fm1_shin_verticality_p50"": 0.9947814439700196, ""fm1_sitting_file"": false, ""fm1_sitting_participant"": false, ""fm1_unit"": ""1044@0954"", ""fm1_unit_basis"": ""none"", ""fm2_in_frame_and_valid_frac"": 1.0, ""fm2_pass_frac_round3_joints_only"": 1.0, ""fm2_smplh_valid_frac"": 1.0, ""fm2_surface_correction_px_p50"": 30.61532992041691, ""fm2_vertex_worst_inset_min_px"": 114.07318972020425, ""fm2_violation_run_max_frames"": 0.0, ""fm2_violation_runs"": 0.0, ""fm2_windowed_pass_frac"": 1.0, ""fm3_static_frac"": 0.8463235294117647, ""observed_duration_s"": 136.0, ""reproj_px_p50"": 33.51038385078925, ""reproj_shoulder_widths_p50"": 0.11746138488661856, ""unit_files"": 1.0, ""unit_flagged_frac"": 0.0, ""unit_hip_flexion_min"": 159.26273166830273, ""unit_knee_between_min"": 0.5527613712535508}",render
r4_270,fresh_flagged_fm3_static_hands_270_V00_S0311_I00000372_P0419_f0004703,V00_S0311_I00000372_P0419,naturalistic/train/0007/0016/V00_S0311_I00000372_P0419,naturalistic/train/0007/0024/V00_S0311_I00000372_P0418,fresh_flagged_fm3_static_hands,fresh,naturalistic,4703,V00,naturalistic,train,ipc_conversation,fm3_static_hands: only this mode fired; participant not in the recheck cohort,"{""clip_anchored_on_fm2_violation"": false, ""flag_count"": 1, ""flags_fired"": ""fm3_static_hands"", ""fm1_hip_flexion_deg_p50"": 145.59192605612543, ""fm1_knee_between_torso_p50"": 0.5186406557890298, ""fm1_leg_over_torso_p50"": 1.3117088196832474, ""fm1_reasons"": """", ""fm1_shin_verticality_p50"": 0.9996714381934475, ""fm1_sitting_file"": false, ""fm1_sitting_participant"": false, ""fm1_unit"": ""0419@0311"", ""fm1_unit_basis"": ""none"", ""fm2_in_frame_and_valid_frac"": 1.0, ""fm2_pass_frac_round3_joints_only"": 1.0, ""fm2_smplh_valid_frac"": 1.0, ""fm2_surface_correction_px_p50"": 112.77911652130246, ""fm2_vertex_worst_inset_min_px"": 117.19672575277764, ""fm2_violation_run_max_frames"": 0.0, ""fm2_violation_runs"": 0.0, ""fm2_windowed_pass_frac"": 1.0, ""fm3_static_frac"": 0.7653333333333333, ""observed_duration_s"": 200.0, ""reproj_px_p50"": 16.05465853164786, ""reproj_shoulder_widths_p50"": 0.053589339791302135, ""unit_files"": 3.0, ""unit_flagged_frac"": 0.0, ""unit_hip_flexion_min"": 139.40941371845307, ""unit_knee_between_min"": 0.5122248511100556}",render
r4_271,fresh_flagged_fm3_static_hands_271_V00_S0531_I00000307_P0239_f0002898,V00_S0531_I00000307_P0239,naturalistic/train/0014/0015/V00_S0531_I00000307_P0239,naturalistic/train/0014/0031/V00_S0531_I00000307_P0678,fresh_flagged_fm3_static_hands,fresh,naturalistic,2898,V00,naturalistic,train,ipc_conversation,fm3_static_hands: only this mode fired; participant not in the recheck cohort,"{""clip_anchored_on_fm2_violation"": false, ""flag_count"": 1, ""flags_fired"": ""fm3_static_hands"", ""fm1_hip_flexion_deg_p50"": 137.00729399628648, ""fm1_knee_between_torso_p50"": 0.5258484852998696, ""fm1_leg_over_torso_p50"": 1.2220187748230356, ""fm1_reasons"": """", ""fm1_shin_verticality_p50"": 0.9995920831647505, ""fm1_sitting_file"": false, ""fm1_sitting_participant"": false, ""fm1_unit"": ""0239@0531"", ""fm1_unit_basis"": ""none"", ""fm2_in_frame_and_valid_frac"": 0.9998442367601246, ""fm2_pass_frac_round3_joints_only"": 1.0, ""fm2_smplh_valid_frac"": 1.0, ""fm2_surface_correction_px_p50"": 44.863154465295935, ""fm2_vertex_worst_inset_min_px"": 23.77082776926045, ""fm2_violation_run_max_frames"": 1.0, ""fm2_violation_runs"": 1.0, ""fm2_windowed_pass_frac"": 1.0, ""fm3_static_frac"": 0.7774143302180685, ""observed_duration_s"": 214.0, ""reproj_px_p50"": 13.424478774644847, ""reproj_shoulder_widths_p50"": 0.03927477964519152, ""unit_files"": 2.0, ""unit_flagged_frac"": 0.0, ""unit_hip_flexion_min"": 137.00729399628648, ""unit_knee_between_min"": 0.5258484852998696}",render
r4_272,fresh_flagged_fm3_static_hands_272_V00_S1098_I00000005_P1082_f0000798,V00_S1098_I00000005_P1082,naturalistic/train/0026/0026/V00_S1098_I00000005_P1082,naturalistic/train/0026/0024/V00_S1098_I00000005_P1081,fresh_flagged_fm3_static_hands,fresh,naturalistic,798,V00,naturalistic,train,ipc_conversation,fm3_static_hands: only this mode fired; participant not in the recheck cohort,"{""clip_anchored_on_fm2_violation"": false, ""flag_count"": 1, ""flags_fired"": ""fm3_static_hands"", ""fm1_hip_flexion_deg_p50"": 133.53356895174147, ""fm1_knee_between_torso_p50"": 0.5092977830814186, ""fm1_leg_over_torso_p50"": 1.1780824825153908, ""fm1_reasons"": """", ""fm1_shin_verticality_p50"": 1.0, ""fm1_sitting_file"": false, ""fm1_sitting_participant"": false, ""fm1_unit"": ""1082@1098"", ""fm1_unit_basis"": ""none"", ""fm2_in_frame_and_valid_frac"": 1.0, ""fm2_pass_frac_round3_joints_only"": 1.0, ""fm2_smplh_valid_frac"": 1.0, ""fm2_surface_correction_px_p50"": 40.43002335526114, ""fm2_vertex_worst_inset_min_px"": 95.94516838676554, ""fm2_violation_run_max_frames"": 0.0, ""fm2_violation_runs"": 0.0, ""fm2_windowed_pass_frac"": 1.0, ""fm3_static_frac"": 0.8789115646258503, ""observed_duration_s"": 98.0, ""reproj_px_p50"": 37.88174643485657, ""reproj_shoulder_widths_p50"": 0.11414904234583383, ""unit_files"": 3.0, ""unit_flagged_frac"": 0.0, ""unit_hip_flexion_min"": 129.1568995488086, ""unit_knee_between_min"": 0.47926616557522467}",render
r4_273,fresh_flagged_fm3_static_hands_273_V00_S0134_I00000480_P0195_f0002538,V00_S0134_I00000480_P0195,improvised/train/0002/0019/V00_S0134_I00000480_P0195,improvised/train/0002/0000/V00_S0134_I00000480_P0003A,fresh_flagged_fm3_static_hands,fresh,improvised,2538,V00,improvised,train,ipc_conversation,fm3_static_hands: only this mode fired; participant not in the recheck cohort,"{""clip_anchored_on_fm2_violation"": false, ""flag_count"": 1, ""flags_fired"": ""fm3_static_hands"", ""fm1_hip_flexion_deg_p50"": 124.93465581048325, ""fm1_knee_between_torso_p50"": 0.4794870498462849, ""fm1_leg_over_torso_p50"": 1.0760605125207725, ""fm1_reasons"": """", ""fm1_shin_verticality_p50"": 0.9995677576596605, ""fm1_sitting_file"": false, ""fm1_sitting_participant"": false, ""fm1_unit"": ""0195@0134"", ""fm1_unit_basis"": ""none"", ""fm2_in_frame_and_valid_frac"": 0.9848258706467662, ""fm2_pass_frac_round3_joints_only"": 0.9880597014925373, ""fm2_smplh_valid_frac"": 1.0, ""fm2_surface_correction_px_p50"": 42.40161901894578, ""fm2_vertex_worst_inset_min_px"": -75.91180326194592, ""fm2_violation_run_max_frames"": 19.0, ""fm2_violation_runs"": 6.0, ""fm2_windowed_pass_frac"": 0.75, ""fm3_static_frac"": 0.8186567164179105, ""observed_duration_s"": 134.0, ""reproj_px_p50"": 21.69193480251944, ""reproj_shoulder_widths_p50"": 0.0633238812345131, ""unit_files"": 1.0, ""unit_flagged_frac"": 0.0, ""unit_hip_flexion_min"": 124.93465581048325, ""unit_knee_between_min"": 0.4794870498462849}",render
r4_274,fresh_flagged_fm3_static_hands_274_V00_S0486_I00000382_P0622_f0001359,V00_S0486_I00000382_P0622,improvised/train/0010/0004/V00_S0486_I00000382_P0622,improvised/train/0010/0022/V00_S0486_I00000382_P0229A,fresh_flagged_fm3_static_hands,fresh,improvised,1359,V00,improvised,train,ipc_conversation,fm3_static_hands: only this mode fired; participant not in the recheck cohort,"{""clip_anchored_on_fm2_violation"": false, ""flag_count"": 1, ""flags_fired"": ""fm3_static_hands"", ""fm1_hip_flexion_deg_p50"": 135.26153883602285, ""fm1_knee_between_torso_p50"": 0.5489827040423292, ""fm1_leg_over_torso_p50"": 1.0155546931372255, ""fm1_reasons"": """", ""fm1_shin_verticality_p50"": 0.9995120691238852, ""fm1_sitting_file"": false, ""fm1_sitting_participant"": false, ""fm1_unit"": ""0622@0486"", ""fm1_unit_basis"": ""none"", ""fm2_in_frame_and_valid_frac"": 1.0, ""fm2_pass_frac_round3_joints_only"": 1.0, ""fm2_smplh_valid_frac"": 1.0, ""fm2_surface_correction_px_p50"": 47.396283852007855, ""fm2_vertex_worst_inset_min_px"": 103.17822330117906, ""fm2_violation_run_max_frames"": 0.0, ""fm2_violation_runs"": 0.0, ""fm2_windowed_pass_frac"": 1.0, ""fm3_static_frac"": 0.8369198312236287, ""observed_duration_s"": 158.0, ""reproj_px_p50"": 21.06223067449507, ""reproj_shoulder_widths_p50"": 0.05666888939548104, ""unit_files"": 1.0, ""unit_flagged_frac"": 0.0, ""unit_hip_flexion_min"": 135.26153883602285, ""unit_knee_between_min"": 0.5489827040423292}",render
r4_275,fresh_flagged_fm3_static_hands_275_V00_S0162_I00000375_P0232_f0002955,V00_S0162_I00000375_P0232,improvised/train/0003/0010/V00_S0162_I00000375_P0232,improvised/train/0003/0036/V00_S0162_I00000375_P0004A,fresh_flagged_fm3_static_hands,fresh,improvised,2955,V00,improvised,train,ipc_conversation,fm3_static_hands: only this mode fired; participant not in the recheck cohort,"{""clip_anchored_on_fm2_violation"": false, ""flag_count"": 1, ""flags_fired"": ""fm3_static_hands"", ""fm1_hip_flexion_deg_p50"": 145.1668901133242, ""fm1_knee_between_torso_p50"": 0.5600124552218619, ""fm1_leg_over_torso_p50"": 1.1423359156268935, ""fm1_reasons"": """", ""fm1_shin_verticality_p50"": 0.9995677559793916, ""fm1_sitting_file"": false, ""fm1_sitting_participant"": false, ""fm1_unit"": ""0232@0162"", ""fm1_unit_basis"": ""none"", ""fm2_in_frame_and_valid_frac"": 0.9995884773662551, ""fm2_pass_frac_round3_joints_only"": 1.0, ""fm2_smplh_valid_frac"": 1.0, ""fm2_surface_correction_px_p50"": 44.33086755322961, ""fm2_vertex_worst_inset_min_px"": 13.769316654910426, ""fm2_violation_run_max_frames"": 2.0, ""fm2_violation_runs"": 1.0, ""fm2_windowed_pass_frac"": 1.0, ""fm3_static_frac"": 0.9407407407407408, ""observed_duration_s"": 162.0, ""reproj_px_p50"": 44.637847468550206, ""reproj_shoulder_widths_p50"": 0.11975012946449021, ""unit_files"": 1.0, ""unit_flagged_frac"": 0.0, ""unit_hip_flexion_min"": 145.1668901133242, ""unit_knee_between_min"": 0.5600124552218619}",render
r4_276,fresh_flagged_fm3_static_hands_276_V00_S1033_I00000402_P1062_f0001178,V00_S1033_I00000402_P1062,improvised/train/0022/0054/V00_S1033_I00000402_P1062,improvised/train/0022/0033/V00_S1033_I00000402_P0250A,fresh_flagged_fm3_static_hands,fresh,improvised,1178,V00,improvised,train,ipc_conversation,fm3_static_hands: only this mode fired; participant not in the recheck cohort,"{""clip_anchored_on_fm2_violation"": false, ""flag_count"": 1, ""flags_fired"": ""fm3_static_hands"", ""fm1_hip_flexion_deg_p50"": 136.0268881777873, ""fm1_knee_between_torso_p50"": 0.4943884574495454, ""fm1_leg_over_torso_p50"": 1.3544297387211204, ""fm1_reasons"": """", ""fm1_shin_verticality_p50"": 0.9961298432581414, ""fm1_sitting_file"": false, ""fm1_sitting_participant"": false, ""fm1_unit"": ""1062@1033"", ""fm1_unit_basis"": ""none"", ""fm2_in_frame_and_valid_frac"": 0.9888257575757575, ""fm2_pass_frac_round3_joints_only"": 0.9899621212121212, ""fm2_smplh_valid_frac"": 1.0, ""fm2_surface_correction_px_p50"": 33.35429501560583, ""fm2_vertex_worst_inset_min_px"": -159.83417793047238, ""fm2_violation_run_max_frames"": 26.0, ""fm2_violation_runs"": 6.0, ""fm2_windowed_pass_frac"": 0.2, ""fm3_static_frac"": 0.7981060606060606, ""observed_duration_s"": 176.0, ""reproj_px_p50"": 20.409595102101818, ""reproj_shoulder_widths_p50"": 0.05699401756791783, ""unit_files"": 1.0, ""unit_flagged_frac"": 0.0, ""unit_hip_flexion_min"": 136.0268881777873, ""unit_knee_between_min"": 0.4943884574495454}",render
r4_277,fresh_flagged_fm3_static_hands_277_V00_S0488_I00000541_P0623_f0004216,V00_S0488_I00000541_P0623,improvised/train/0010/0037/V00_S0488_I00000541_P0623,improvised/train/0010/0053/V00_S0488_I00000541_P0262A,fresh_flagged_fm3_static_hands,fresh,improvised,4216,V00,improvised,train,ipc_conversation,fm3_static_hands: only this mode fired; participant not in the recheck cohort,"{""clip_anchored_on_fm2_violation"": false, ""flag_count"": 1, ""flags_fired"": ""fm3_static_hands"", ""fm1_hip_flexion_deg_p50"": 151.52470171954945, ""fm1_knee_between_torso_p50"": 0.5492463824718872, ""fm1_leg_over_torso_p50"": 1.3326974500037534, ""fm1_reasons"": """", ""fm1_shin_verticality_p50"": 0.9996714395244157, ""fm1_sitting_file"": false, ""fm1_sitting_participant"": false, ""fm1_unit"": ""0623@0488"", ""fm1_unit_basis"": ""none"", ""fm2_in_frame_and_valid_frac"": 1.0, ""fm2_pass_frac_round3_joints_only"": 1.0, ""fm2_smplh_valid_frac"": 1.0, ""fm2_surface_correction_px_p50"": 36.33503702710766, ""fm2_vertex_worst_inset_min_px"": 103.24830982311556, ""fm2_violation_run_max_frames"": 0.0, ""fm2_violation_runs"": 0.0, ""fm2_windowed_pass_frac"": 1.0, ""fm3_static_frac"": 0.7794117647058824, ""observed_duration_s"": 204.0, ""reproj_px_p50"": 20.59897712763506, ""reproj_shoulder_widths_p50"": 0.06251081253040461, ""unit_files"": 1.0, ""unit_flagged_frac"": 0.0, ""unit_hip_flexion_min"": 151.52470171954945, ""unit_knee_between_min"": 0.5492463824718872}",render
r4_278,fresh_flagged_fm3_static_hands_278_V00_S1245_I00001206_P0955A_f0002217,V00_S1245_I00001206_P0955A,improvised/train/0028/0060/V00_S1245_I00001206_P0955A,improvised/train/0028/0067/V00_S1245_I00001206_P1100A,fresh_flagged_fm3_static_hands,fresh,improvised,2217,V00,improvised,train,grounded_gesture,fm3_static_hands: only this mode fired; participant not in the recheck cohort,"{""clip_anchored_on_fm2_violation"": false, ""flag_count"": 1, ""flags_fired"": ""fm3_static_hands"", ""fm1_hip_flexion_deg_p50"": 144.3545720497429, ""fm1_knee_between_torso_p50"": 0.5511358220290893, ""fm1_leg_over_torso_p50"": 1.27578930303266, ""fm1_reasons"": """", ""fm1_shin_verticality_p50"": 0.9995920864606948, ""fm1_sitting_file"": false, ""fm1_sitting_participant"": false, ""fm1_unit"": ""0955A@1245"", ""fm1_unit_basis"": ""none"", ""fm2_in_frame_and_valid_frac"": 0.9987179487179487, ""fm2_pass_frac_round3_joints_only"": 0.9990384615384615, ""fm2_smplh_valid_frac"": 1.0, ""fm2_surface_correction_px_p50"": 39.00300606807673, ""fm2_vertex_worst_inset_min_px"": -21.499558209931365, ""fm2_violation_run_max_frames"": 4.0, ""fm2_violation_runs"": 1.0, ""fm2_windowed_pass_frac"": 0.6666666666666666, ""fm3_static_frac"": 0.7842948717948718, ""observed_duration_s"": 104.0, ""reproj_px_p50"": 14.924098647132057, ""reproj_shoulder_widths_p50"": 0.04583492859312197, ""unit_files"": 1.0, ""unit_flagged_frac"": 0.0, ""unit_hip_flexion_min"": 144.3545720497429, ""unit_knee_between_min"": 0.5511358220290893}",render
r4_279,fresh_flagged_fm3_static_hands_279_V00_S1032_I00001005_P0229A_f0004024,V00_S1032_I00001005_P0229A,improvised/train/0022/0002/V00_S1032_I00001005_P0229A,improvised/train/0022/0039/V00_S1032_I00001005_P0150A,fresh_flagged_fm3_static_hands,fresh,improvised,4024,V00,improvised,train,ipc_conversation,fm3_static_hands: only this mode fired; participant not in the recheck cohort,"{""clip_anchored_on_fm2_violation"": false, ""flag_count"": 1, ""flags_fired"": ""fm3_static_hands"", ""fm1_hip_flexion_deg_p50"": 136.1961089570829, ""fm1_knee_between_torso_p50"": 0.502245905011312, ""fm1_leg_over_torso_p50"": 1.2667765127688566, ""fm1_reasons"": """", ""fm1_shin_verticality_p50"": 0.999592088080425, ""fm1_sitting_file"": false, ""fm1_sitting_participant"": false, ""fm1_unit"": ""0229A@1032"", ""fm1_unit_basis"": ""none"", ""fm2_in_frame_and_valid_frac"": 0.999810606060606, ""fm2_pass_frac_round3_joints_only"": 1.0, ""fm2_smplh_valid_frac"": 1.0, ""fm2_surface_correction_px_p50"": 42.322940447615, ""fm2_vertex_worst_inset_min_px"": 2.9577392575774866, ""fm2_violation_run_max_frames"": 2.0, ""fm2_violation_runs"": 1.0, ""fm2_windowed_pass_frac"": 1.0, ""fm3_static_frac"": 0.796875, ""observed_duration_s"": 352.0, ""reproj_px_p50"": 26.415407145741572, ""reproj_shoulder_widths_p50"": 0.07841783119391474, ""unit_files"": 2.0, ""unit_flagged_frac"": 0.0, ""unit_hip_flexion_min"": 136.1961089570829, ""unit_knee_between_min"": 0.502245905011312}",render
r4_280,fresh_flagged_fm3_static_hands_280_V00_S0673_I00000377_P0012A_f0001028,V00_S0673_I00000377_P0012A,improvised/train/0013/0008/V00_S0673_I00000377_P0012A,improvised/train/0013/0021/V00_S0673_I00000377_P0830,fresh_flagged_fm3_static_hands,fresh,improvised,1028,V00,improvised,train,ipc_conversation,fm3_static_hands: only this mode fired; participant not in the recheck cohort,"{""clip_anchored_on_fm2_violation"": false, ""flag_count"": 1, ""flags_fired"": ""fm3_static_hands"", ""fm1_hip_flexion_deg_p50"": 127.52622335194002, ""fm1_knee_between_torso_p50"": 0.4583155183880514, ""fm1_leg_over_torso_p50"": 1.3867510414128048, ""fm1_reasons"": """", ""fm1_shin_verticality_p50"": 0.999999999999975, ""fm1_sitting_file"": false, ""fm1_sitting_participant"": false, ""fm1_unit"": ""0012A@0673"", ""fm1_unit_basis"": ""none"", ""fm2_in_frame_and_valid_frac"": 0.9938202247191011, ""fm2_pass_frac_round3_joints_only"": 0.9940074906367041, ""fm2_smplh_valid_frac"": 1.0, ""fm2_surface_correction_px_p50"": 44.82172148408506, ""fm2_vertex_worst_inset_min_px"": -45.533888829838816, ""fm2_violation_run_max_frames"": 33.0, ""fm2_violation_runs"": 1.0, ""fm2_windowed_pass_frac"": 0.8, ""fm3_static_frac"": 0.8342696629213483, ""observed_duration_s"": 178.0, ""reproj_px_p50"": 19.687617315656826, ""reproj_shoulder_widths_p50"": 0.05891898213826885, ""unit_files"": 2.0, ""unit_flagged_frac"": 0.0, ""unit_hip_flexion_min"": 127.52622335194002, ""unit_knee_between_min"": 0.45811191964222536}",render
r4_281,fresh_flagged_fm3_static_hands_281_V00_S0303_I00000495_P0408_f0003037,V00_S0303_I00000495_P0408,improvised/train/0007/0006/V00_S0303_I00000495_P0408,improvised/train/0007/0045/V00_S0303_I00000495_P0028A,fresh_flagged_fm3_static_hands,fresh,improvised,3037,V00,improvised,train,ipc_conversation,fm3_static_hands: only this mode fired; participant not in the recheck cohort,"{""clip_anchored_on_fm2_violation"": false, ""flag_count"": 1, ""flags_fired"": ""fm3_static_hands"", ""fm1_hip_flexion_deg_p50"": 141.86057258639875, ""fm1_knee_between_torso_p50"": 0.5610172865074848, ""fm1_leg_over_torso_p50"": 1.1827937115709548, ""fm1_reasons"": """", ""fm1_shin_verticality_p50"": 0.9995411826574077, ""fm1_sitting_file"": false, ""fm1_sitting_participant"": false, ""fm1_unit"": ""0408@0303"", ""fm1_unit_basis"": ""none"", ""fm2_in_frame_and_valid_frac"": 1.0, ""fm2_pass_frac_round3_joints_only"": 1.0, ""fm2_smplh_valid_frac"": 1.0, ""fm2_surface_correction_px_p50"": 44.155301895194725, ""fm2_vertex_worst_inset_min_px"": 5.066381338038809, ""fm2_violation_run_max_frames"": 0.0, ""fm2_violation_runs"": 0.0, ""fm2_windowed_pass_frac"": 1.0, ""fm3_static_frac"": 0.7601190476190476, ""observed_duration_s"": 168.0, ""reproj_px_p50"": 47.06017405871778, ""reproj_shoulder_widths_p50"": 0.13091146450700686, ""unit_files"": 3.0, ""unit_flagged_frac"": 0.0, ""unit_hip_flexion_min"": 139.32192547453923, ""unit_knee_between_min"": 0.5530644345906974}",render
r4_282,fresh_flagged_fm3_static_hands_282_V00_S0404_I00000125_P0005A_f0000522,V00_S0404_I00000125_P0005A,improvised/train/0008/0038/V00_S0404_I00000125_P0005A,improvised/train/0008/0032/V00_S0404_I00000125_P0532,fresh_flagged_fm3_static_hands,fresh,improvised,522,V00,improvised,train,ipc_conversation,fm3_static_hands: only this mode fired; participant not in the recheck cohort,"{""clip_anchored_on_fm2_violation"": false, ""flag_count"": 1, ""flags_fired"": ""fm3_static_hands"", ""fm1_hip_flexion_deg_p50"": 113.38883174979684, ""fm1_knee_between_torso_p50"": 0.4510709849791292, ""fm1_leg_over_torso_p50"": 1.241316615483297, ""fm1_reasons"": """", ""fm1_shin_verticality_p50"": 0.8436615153030458, ""fm1_sitting_file"": false, ""fm1_sitting_participant"": false, ""fm1_unit"": ""0005A@0404"", ""fm1_unit_basis"": ""none"", ""fm2_in_frame_and_valid_frac"": 1.0, ""fm2_pass_frac_round3_joints_only"": 1.0, ""fm2_smplh_valid_frac"": 1.0, ""fm2_surface_correction_px_p50"": 50.11194369470775, ""fm2_vertex_worst_inset_min_px"": 25.7833600332865, ""fm2_violation_run_max_frames"": 0.0, ""fm2_violation_runs"": 0.0, ""fm2_windowed_pass_frac"": 1.0, ""fm3_static_frac"": 0.786986301369863, ""observed_duration_s"": 146.0, ""reproj_px_p50"": 16.123058523299854, ""reproj_shoulder_widths_p50"": 0.044007536053735724, ""unit_files"": 1.0, ""unit_flagged_frac"": 0.0, ""unit_hip_flexion_min"": 113.38883174979684, ""unit_knee_between_min"": 0.4510709849791292}",render
r4_283,fresh_flagged_fm3_static_hands_283_V00_S0712_I00000307_P0868_f0002496,V00_S0712_I00000307_P0868,improvised/train/0014/0027/V00_S0712_I00000307_P0868,improvised/train/0014/0000/V00_S0712_I00000307_P0397A,fresh_flagged_fm3_static_hands,fresh,improvised,2496,V00,improvised,train,ipc_conversation,fm3_static_hands: only this mode fired; participant not in the recheck cohort,"{""clip_anchored_on_fm2_violation"": false, ""flag_count"": 1, ""flags_fired"": ""fm3_static_hands"", ""fm1_hip_flexion_deg_p50"": 150.5488823634111, ""fm1_knee_between_torso_p50"": 0.532454501628653, ""fm1_leg_over_torso_p50"": 1.316484497850433, ""fm1_reasons"": """", ""fm1_shin_verticality_p50"": 0.9999999999999764, ""fm1_sitting_file"": false, ""fm1_sitting_participant"": false, ""fm1_unit"": ""0868@0712"", ""fm1_unit_basis"": ""none"", ""fm2_in_frame_and_valid_frac"": 0.9987654320987654, ""fm2_pass_frac_round3_joints_only"": 0.9993827160493827, ""fm2_smplh_valid_frac"": 1.0, ""fm2_surface_correction_px_p50"": 35.84417068068467, ""fm2_vertex_worst_inset_min_px"": -12.321598643597554, ""fm2_violation_run_max_frames"": 6.0, ""fm2_violation_runs"": 1.0, ""fm2_windowed_pass_frac"": 0.8, ""fm3_static_frac"": 0.841358024691358, ""observed_duration_s"": 162.0, ""reproj_px_p50"": 35.682194877790444, ""reproj_shoulder_widths_p50"": 0.11034325428346879, ""unit_files"": 1.0, ""unit_flagged_frac"": 0.0, ""unit_hip_flexion_min"": 150.5488823634111, ""unit_knee_between_min"": 0.532454501628653}",render
r4_284,fresh_flagged_fm3_static_hands_284_V00_S0131_I00000140_P0029A_f0000163,V00_S0131_I00000140_P0029A,improvised/train/0002/0003/V00_S0131_I00000140_P0029A,improvised/train/0002/0020/V00_S0131_I00000140_P0192,fresh_flagged_fm3_static_hands,fresh,improvised,163,V00,improvised,train,ipc_conversation,fm3_static_hands: only this mode fired; participant not in the recheck cohort,"{""clip_anchored_on_fm2_violation"": false, ""flag_count"": 1, ""flags_fired"": ""fm3_static_hands"", ""fm1_hip_flexion_deg_p50"": 132.85794947828884, ""fm1_knee_between_torso_p50"": 0.4729812557885077, ""fm1_leg_over_torso_p50"": 1.4642854860773227, ""fm1_reasons"": """", ""fm1_shin_verticality_p50"": 0.9996539166558192, ""fm1_sitting_file"": false, ""fm1_sitting_participant"": false, ""fm1_unit"": ""0029A@0131"", ""fm1_unit_basis"": ""none"", ""fm2_in_frame_and_valid_frac"": 1.0, ""fm2_pass_frac_round3_joints_only"": 1.0, ""fm2_smplh_valid_frac"": 1.0, ""fm2_surface_correction_px_p50"": 35.725588215737844, ""fm2_vertex_worst_inset_min_px"": 30.12936197776196, ""fm2_violation_run_max_frames"": 0.0, ""fm2_violation_runs"": 0.0, ""fm2_windowed_pass_frac"": 1.0, ""fm3_static_frac"": 0.8162962962962963, ""observed_duration_s"": 90.0, ""reproj_px_p50"": 26.05929881155935, ""reproj_shoulder_widths_p50"": 0.06964793331262575, ""unit_files"": 1.0, ""unit_flagged_frac"": 0.0, ""unit_hip_flexion_min"": 132.85794947828884, ""unit_knee_between_min"": 0.4729812557885077}",render
r4_285,fresh_flagged_fm3_static_hands_285_V00_S0202_I00000520_P0257_f0003123,V00_S0202_I00000520_P0257,improvised/train/0004/0030/V00_S0202_I00000520_P0257,improvised/train/0004/0019/V00_S0202_I00000520_P0005A,fresh_flagged_fm3_static_hands,fresh,improvised,3123,V00,improvised,train,grounded_gesture,fm3_static_hands: only this mode fired; participant not in the recheck cohort,"{""clip_anchored_on_fm2_violation"": false, ""flag_count"": 1, ""flags_fired"": ""fm3_static_hands"", ""fm1_hip_flexion_deg_p50"": 134.4619223951961, ""fm1_knee_between_torso_p50"": 0.5780250389920956, ""fm1_leg_over_torso_p50"": 0.9701559251224792, ""fm1_reasons"": """", ""fm1_shin_verticality_p50"": 0.9995120833174691, ""fm1_sitting_file"": false, ""fm1_sitting_participant"": false, ""fm1_unit"": ""0257@0202"", ""fm1_unit_basis"": ""none"", ""fm2_in_frame_and_valid_frac"": 1.0, ""fm2_pass_frac_round3_joints_only"": 1.0, ""fm2_smplh_valid_frac"": 1.0, ""fm2_surface_correction_px_p50"": 46.34937676263314, ""fm2_vertex_worst_inset_min_px"": 23.883479258815896, ""fm2_violation_run_max_frames"": 0.0, ""fm2_violation_runs"": 0.0, ""fm2_windowed_pass_frac"": 1.0, ""fm3_static_frac"": 0.824607329842932, ""observed_duration_s"": 382.0, ""reproj_px_p50"": 47.536476031499724, ""reproj_shoulder_widths_p50"": 0.11560329605324979, ""unit_files"": 2.0, ""unit_flagged_frac"": 0.0, ""unit_hip_flexion_min"": 132.47177128213048, ""unit_knee_between_min"": 0.57254597013528}",render
r4_286,fresh_flagged_fm3_static_hands_286_V00_S0138_I00000543_P0199_f0004676,V00_S0138_I00000543_P0199,improvised/train/0003/0018/V00_S0138_I00000543_P0199,improvised/train/0003/0039/V00_S0138_I00000543_P0003A,fresh_flagged_fm3_static_hands,fresh,improvised,4676,V00,improvised,train,grounded_gesture,fm3_static_hands: only this mode fired; participant not in the recheck cohort,"{""clip_anchored_on_fm2_violation"": false, ""flag_count"": 1, ""flags_fired"": ""fm3_static_hands"", ""fm1_hip_flexion_deg_p50"": 118.49219612997685, ""fm1_knee_between_torso_p50"": 0.4850170772151695, ""fm1_leg_over_torso_p50"": 0.9535206770394368, ""fm1_reasons"": """", ""fm1_shin_verticality_p50"": 0.999314841822757, ""fm1_sitting_file"": false, ""fm1_sitting_participant"": false, ""fm1_unit"": ""0199@0138"", ""fm1_unit_basis"": ""none"", ""fm2_in_frame_and_valid_frac"": 0.9952229299363057, ""fm2_pass_frac_round3_joints_only"": 0.9958598726114649, ""fm2_smplh_valid_frac"": 1.0, ""fm2_surface_correction_px_p50"": 52.353589411685334, ""fm2_vertex_worst_inset_min_px"": -42.52733210022052, ""fm2_violation_run_max_frames"": 41.0, ""fm2_violation_runs"": 2.0, ""fm2_windowed_pass_frac"": 0.9, ""fm3_static_frac"": 0.8263269639065818, ""observed_duration_s"": 314.0, ""reproj_px_p50"": 26.213688934920313, ""reproj_shoulder_widths_p50"": 0.06416851663826187, ""unit_files"": 1.0, ""unit_flagged_frac"": 0.0, ""unit_hip_flexion_min"": 118.49219612997685, ""unit_knee_between_min"": 0.4850170772151695}",render
r4_287,fresh_flagged_fm3_static_hands_287_V00_S0303_I00000479_P0408_f0005685,V00_S0303_I00000479_P0408,improvised/train/0007/0025/V00_S0303_I00000479_P0408,improvised/train/0007/0023/V00_S0303_I00000479_P0028A,fresh_flagged_fm3_static_hands,fresh,improvised,5685,V00,improvised,train,ipc_conversation,fm3_static_hands: only this mode fired; participant not in the recheck cohort,"{""clip_anchored_on_fm2_violation"": false, ""flag_count"": 1, ""flags_fired"": ""fm3_static_hands"", ""fm1_hip_flexion_deg_p50"": 140.44417112216559, ""fm1_knee_between_torso_p50"": 0.55481656024741, ""fm1_leg_over_torso_p50"": 1.196078420491942, ""fm1_reasons"": """", ""fm1_shin_verticality_p50"": 0.9995411848302242, ""fm1_sitting_file"": false, ""fm1_sitting_participant"": false, ""fm1_unit"": ""0408@0303"", ""fm1_unit_basis"": ""none"", ""fm2_in_frame_and_valid_frac"": 0.9958333333333333, ""fm2_pass_frac_round3_joints_only"": 0.9974137931034482, ""fm2_smplh_valid_frac"": 1.0, ""fm2_surface_correction_px_p50"": 43.14999817894977, ""fm2_vertex_worst_inset_min_px"": -37.10205974317614, ""fm2_violation_run_max_frames"": 7.0, ""fm2_violation_runs"": 7.0, ""fm2_windowed_pass_frac"": 0.5714285714285714, ""fm3_static_frac"": 0.7833333333333333, ""observed_duration_s"": 232.0, ""reproj_px_p50"": 46.73164718805381, ""reproj_shoulder_widths_p50"": 0.13024324033808618, ""unit_files"": 3.0, ""unit_flagged_frac"": 0.0, ""unit_hip_flexion_min"": 139.32192547453923, ""unit_knee_between_min"": 0.5530644345906974}",render
r4_288,fresh_flagged_multi_288_V00_S0309_I00000488_P0416_f0001980,V00_S0309_I00000488_P0416,naturalistic/train/0007/0016/V00_S0309_I00000488_P0416,naturalistic/train/0007/0021/V00_S0309_I00000488_P0334,fresh_flagged_multi,fresh,naturalistic,1980,V00,naturalistic,train,ipc_conversation,two or more detectors fired; participant not in the recheck cohort,"{""clip_anchored_on_fm2_violation"": true, ""flag_count"": 2, ""flags_fired"": ""fm2_smplh_invalid+fm3_static_hands"", ""fm1_hip_flexion_deg_p50"": 134.44189373925144, ""fm1_knee_between_torso_p50"": 0.7217882577144801, ""fm1_leg_over_torso_p50"": 0.7180629416823336, ""fm1_reasons"": """", ""fm1_shin_verticality_p50"": 0.9962405778704839, ""fm1_sitting_file"": false, ""fm1_sitting_participant"": false, ""fm1_unit"": ""0416@0309"", ""fm1_unit_basis"": ""none"", ""fm2_in_frame_and_valid_frac"": 0.41215277777777776, ""fm2_pass_frac_round3_joints_only"": 0.4809027777777778, ""fm2_smplh_valid_frac"": 0.5215277777777778, ""fm2_surface_correction_px_p50"": 55.51179003190134, ""fm2_vertex_worst_inset_min_px"": -189.38129807307882, ""fm2_violation_run_max_frames"": 193.0, ""fm2_violation_runs"": 278.0, ""fm2_windowed_pass_frac"": 0.0, ""fm3_static_frac"": 0.7725694444444444, ""observed_duration_s"": 96.0, ""reproj_px_p50"": 52.05848361846468, ""reproj_shoulder_widths_p50"": 0.1257510249823779, ""unit_files"": 3.0, ""unit_flagged_frac"": 0.0, ""unit_hip_flexion_min"": 133.68066840348948, ""unit_knee_between_min"": 0.5791442739746535}",render
r4_289,fresh_flagged_multi_289_V00_S0337_I00000520_P0457_f0001957,V00_S0337_I00000520_P0457,naturalistic/train/0008/0024/V00_S0337_I00000520_P0457,naturalistic/train/0008/0028/V00_S0337_I00000520_P0453,fresh_flagged_multi,fresh,naturalistic,1957,V00,naturalistic,train,grounded_gesture,two or more detectors fired; participant not in the recheck cohort,"{""clip_anchored_on_fm2_violation"": true, ""flag_count"": 2, ""flags_fired"": ""fm1_sitting+fm2_smplh_invalid"", ""fm1_hip_flexion_deg_p50"": 110.88101134857232, ""fm1_knee_between_torso_p50"": 0.3757119509624718, ""fm1_leg_over_torso_p50"": 1.2579903235913983, ""fm1_reasons"": ""knee_between"", ""fm1_shin_verticality_p50"": 0.9995120779623745, ""fm1_sitting_file"": true, ""fm1_sitting_participant"": true, ""fm1_unit"": ""0457@0337"", ""fm1_unit_basis"": ""majority"", ""fm2_in_frame_and_valid_frac"": 0.952280701754386, ""fm2_pass_frac_round3_joints_only"": 0.9596491228070175, ""fm2_smplh_valid_frac"": 0.9792982456140351, ""fm2_surface_correction_px_p50"": 39.12963464705314, ""fm2_vertex_worst_inset_min_px"": -141.47944533740224, ""fm2_violation_run_max_frames"": 91.0, ""fm2_violation_runs"": 18.0, ""fm2_windowed_pass_frac"": 0.0, ""fm3_static_frac"": 0.5147368421052632, ""observed_duration_s"": 190.0, ""reproj_px_p50"": 16.609175393429354, ""reproj_shoulder_widths_p50"": 0.04394162326227333, ""unit_files"": 2.0, ""unit_flagged_frac"": 0.5, ""unit_hip_flexion_min"": 110.88101134857232, ""unit_knee_between_min"": 0.3757119509624718}",render
r4_290,fresh_flagged_multi_290_V00_S1289_I00000144_P1120_f0005580,V00_S1289_I00000144_P1120,naturalistic/train/0026/0028/V00_S1289_I00000144_P1120,naturalistic/train/0026/0047/V00_S1289_I00000144_P0709,fresh_flagged_multi,fresh,naturalistic,5580,V00,naturalistic,train,ipc_conversation,two or more detectors fired; participant not in the recheck cohort,"{""clip_anchored_on_fm2_violation"": true, ""flag_count"": 2, ""flags_fired"": ""fm2_smplh_invalid+fm3_static_hands"", ""fm1_hip_flexion_deg_p50"": 145.9461826194434, ""fm1_knee_between_torso_p50"": 0.6121201309162944, ""fm1_leg_over_torso_p50"": 1.031922664459679, ""fm1_reasons"": """", ""fm1_shin_verticality_p50"": 0.9976303446723276, ""fm1_sitting_file"": false, ""fm1_sitting_participant"": false, ""fm1_unit"": ""1120@1289"", ""fm1_unit_basis"": ""none"", ""fm2_in_frame_and_valid_frac"": 0.9895061728395061, ""fm2_pass_frac_round3_joints_only"": 0.990895061728395, ""fm2_smplh_valid_frac"": 0.9987654320987654, ""fm2_surface_correction_px_p50"": 45.201258252099706, ""fm2_vertex_worst_inset_min_px"": -152.16150900228968, ""fm2_violation_run_max_frames"": 28.0, ""fm2_violation_runs"": 4.0, ""fm2_windowed_pass_frac"": 0.7142857142857143, ""fm3_static_frac"": 0.75, ""observed_duration_s"": 216.0, ""reproj_px_p50"": 46.03256660758039, ""reproj_shoulder_widths_p50"": 0.1606179340869318, ""unit_files"": 5.0, ""unit_flagged_frac"": 0.0, ""unit_hip_flexion_min"": 141.64007750446723, ""unit_knee_between_min"": 0.592642824441152}",render
r4_291,fresh_flagged_multi_291_V00_S1821_I00000611_P1173_f0000902,V00_S1821_I00000611_P1173,naturalistic/train/0029/0049/V00_S1821_I00000611_P1173,naturalistic/train/0029/0022/V00_S1821_I00000611_P0867,fresh_flagged_multi,fresh,naturalistic,902,V00,naturalistic,train,grounded_gesture,two or more detectors fired; participant not in the recheck cohort,"{""clip_anchored_on_fm2_violation"": true, ""flag_count"": 2, ""flags_fired"": ""fm1_sitting+fm2_smplh_invalid"", ""fm1_hip_flexion_deg_p50"": 117.04911610323792, ""fm1_knee_between_torso_p50"": 0.47302665918261344, ""fm1_leg_over_torso_p50"": 0.9113522755171553, ""fm1_reasons"": """", ""fm1_shin_verticality_p50"": 0.9946918166609253, ""fm1_sitting_file"": false, ""fm1_sitting_participant"": true, ""fm1_unit"": ""1173@1821"", ""fm1_unit_basis"": ""majority"", ""fm2_in_frame_and_valid_frac"": 0.9962820512820513, ""fm2_pass_frac_round3_joints_only"": 0.9973076923076923, ""fm2_smplh_valid_frac"": 0.9989743589743589, ""fm2_surface_correction_px_p50"": 37.29788924184689, ""fm2_vertex_worst_inset_min_px"": -29.40484857071226, ""fm2_violation_run_max_frames"": 6.0, ""fm2_violation_runs"": 10.0, ""fm2_windowed_pass_frac"": 0.625, ""fm3_static_frac"": 0.008974358974358974, ""observed_duration_s"": 260.0, ""reproj_px_p50"": 22.60526280977738, ""reproj_shoulder_widths_p50"": 0.07148790638535704, ""unit_files"": 2.0, ""unit_flagged_frac"": 0.5, ""unit_hip_flexion_min"": 112.11048693246758, ""unit_knee_between_min"": 0.4133300444279602}",render
r4_292,fresh_flagged_multi_292_V00_S0562_I00000128_P0706_f0005454,V00_S0562_I00000128_P0706,naturalistic/train/0015/0010/V00_S0562_I00000128_P0706,naturalistic/train/0015/0026/V00_S0562_I00000128_P0705,fresh_flagged_multi,fresh,naturalistic,5454,V00,naturalistic,train,ipc_conversation,two or more detectors fired; participant not in the recheck cohort,"{""clip_anchored_on_fm2_violation"": true, ""flag_count"": 2, ""flags_fired"": ""fm1_sitting+fm2_smplh_invalid"", ""fm1_hip_flexion_deg_p50"": 104.4063395572929, ""fm1_knee_between_torso_p50"": 0.35577671616554973, ""fm1_leg_over_torso_p50"": 1.127100065043121, ""fm1_reasons"": ""knee_between"", ""fm1_shin_verticality_p50"": 0.9976303111845553, ""fm1_sitting_file"": true, ""fm1_sitting_participant"": true, ""fm1_unit"": ""0706@0562"", ""fm1_unit_basis"": ""majority"", ""fm2_in_frame_and_valid_frac"": 0.967929292929293, ""fm2_pass_frac_round3_joints_only"": 0.9708333333333333, ""fm2_smplh_valid_frac"": 0.9709595959595959, ""fm2_surface_correction_px_p50"": 53.51966491466453, ""fm2_vertex_worst_inset_min_px"": -19.529435602707053, ""fm2_violation_run_max_frames"": 109.0, ""fm2_violation_runs"": 33.0, ""fm2_windowed_pass_frac"": 0.75, ""fm3_static_frac"": 0.10227272727272728, ""observed_duration_s"": 264.0, ""reproj_px_p50"": 21.517425231215356, ""reproj_shoulder_widths_p50"": 0.054634088187927435, ""unit_files"": 2.0, ""unit_flagged_frac"": 1.0, ""unit_hip_flexion_min"": 102.4392719826522, ""unit_knee_between_min"": 0.3338817678533809}",render
r4_293,fresh_flagged_multi_293_V00_S0251_I00000128_P0344_f0000791,V00_S0251_I00000128_P0344,naturalistic/train/0006/0027/V00_S0251_I00000128_P0344,naturalistic/train/0006/0026/V00_S0251_I00000128_P0345,fresh_flagged_multi,fresh,naturalistic,791,V00,naturalistic,train,ipc_conversation,two or more detectors fired; participant not in the recheck cohort,"{""clip_anchored_on_fm2_violation"": true, ""flag_count"": 2, ""flags_fired"": ""fm2_smplh_invalid+fm3_static_hands"", ""fm1_hip_flexion_deg_p50"": 136.4331771133328, ""fm1_knee_between_torso_p50"": 0.5178519284742482, ""fm1_leg_over_torso_p50"": 1.1398015079155916, ""fm1_reasons"": """", ""fm1_shin_verticality_p50"": 0.9984603608848467, ""fm1_sitting_file"": false, ""fm1_sitting_participant"": false, ""fm1_unit"": ""0344@0251"", ""fm1_unit_basis"": ""none"", ""fm2_in_frame_and_valid_frac"": 0.02865497076023392, ""fm2_pass_frac_round3_joints_only"": 0.40672514619883043, ""fm2_smplh_valid_frac"": 0.9853801169590644, ""fm2_surface_correction_px_p50"": 33.73231463493619, ""fm2_vertex_worst_inset_min_px"": -167.67215919850514, ""fm2_violation_run_max_frames"": 2210.0, ""fm2_violation_runs"": 60.0, ""fm2_windowed_pass_frac"": 0.3333333333333333, ""fm3_static_frac"": 0.9157894736842105, ""observed_duration_s"": 114.0, ""reproj_px_p50"": 49.309563945125475, ""reproj_shoulder_widths_p50"": 0.1296607549019418, ""unit_files"": 2.0, ""unit_flagged_frac"": 0.0, ""unit_hip_flexion_min"": 134.31720881421114, ""unit_knee_between_min"": 0.5096450032693052}",render
r4_294,fresh_flagged_multi_294_V00_S0251_I00000139_P0344_f0000099,V00_S0251_I00000139_P0344,naturalistic/train/0006/0020/V00_S0251_I00000139_P0344,naturalistic/train/0006/0034/V00_S0251_I00000139_P0345,fresh_flagged_multi,fresh,naturalistic,99,V00,naturalistic,train,ipc_conversation,two or more detectors fired; participant not in the recheck cohort,"{""clip_anchored_on_fm2_violation"": true, ""flag_count"": 2, ""flags_fired"": ""fm2_smplh_invalid+fm3_static_hands"", ""fm1_hip_flexion_deg_p50"": 134.31720881421114, ""fm1_knee_between_torso_p50"": 0.5096450032693052, ""fm1_leg_over_torso_p50"": 1.1557301666630813, ""fm1_reasons"": """", ""fm1_shin_verticality_p50"": 0.9985422751874848, ""fm1_sitting_file"": false, ""fm1_sitting_participant"": false, ""fm1_unit"": ""0344@0251"", ""fm1_unit_basis"": ""none"", ""fm2_in_frame_and_valid_frac"": 0.041666666666666664, ""fm2_pass_frac_round3_joints_only"": 0.7815656565656566, ""fm2_smplh_valid_frac"": 0.9886363636363636, ""fm2_surface_correction_px_p50"": 36.19841566272976, ""fm2_vertex_worst_inset_min_px"": -143.04915528494985, ""fm2_violation_run_max_frames"": 1147.0, ""fm2_violation_runs"": 56.0, ""fm2_windowed_pass_frac"": 0.0, ""fm3_static_frac"": 0.7823232323232323, ""observed_duration_s"": 132.0, ""reproj_px_p50"": 50.24144779626799, ""reproj_shoulder_widths_p50"": 0.13092297137289477, ""unit_files"": 2.0, ""unit_flagged_frac"": 0.0, ""unit_hip_flexion_min"": 134.31720881421114, ""unit_knee_between_min"": 0.5096450032693052}",render
r4_295,fresh_flagged_multi_295_V00_S0562_I00000138_P0706_f0001135,V00_S0562_I00000138_P0706,naturalistic/train/0015/0003/V00_S0562_I00000138_P0706,naturalistic/train/0015/0034/V00_S0562_I00000138_P0705,fresh_flagged_multi,fresh,naturalistic,1135,V00,naturalistic,train,ipc_conversation,two or more detectors fired; participant not in the recheck cohort,"{""clip_anchored_on_fm2_violation"": true, ""flag_count"": 2, ""flags_fired"": ""fm1_sitting+fm2_smplh_invalid"", ""fm1_hip_flexion_deg_p50"": 102.4392719826522, ""fm1_knee_between_torso_p50"": 0.3338817678533809, ""fm1_leg_over_torso_p50"": 1.137418143784072, ""fm1_reasons"": ""knee_between"", ""fm1_shin_verticality_p50"": 0.9990561617263276, ""fm1_sitting_file"": true, ""fm1_sitting_participant"": true, ""fm1_unit"": ""0706@0562"", ""fm1_unit_basis"": ""majority"", ""fm2_in_frame_and_valid_frac"": 0.9963768115942029, ""fm2_pass_frac_round3_joints_only"": 0.9985507246376811, ""fm2_smplh_valid_frac"": 0.9985507246376811, ""fm2_surface_correction_px_p50"": 54.25543980914847, ""fm2_vertex_worst_inset_min_px"": -13.51527614085262, ""fm2_violation_run_max_frames"": 2.0, ""fm2_violation_runs"": 9.0, ""fm2_windowed_pass_frac"": 0.3333333333333333, ""fm3_static_frac"": 0.36340579710144927, ""observed_duration_s"": 92.0, ""reproj_px_p50"": 22.746191253309327, ""reproj_shoulder_widths_p50"": 0.05689363127382133, ""unit_files"": 2.0, ""unit_flagged_frac"": 1.0, ""unit_hip_flexion_min"": 102.4392719826522, ""unit_knee_between_min"": 0.3338817678533809}",render
r4_296,fresh_flagged_multi_296_V00_S1851_I00000388_P1181_f0001317,V00_S1851_I00000388_P1181,naturalistic/train/0029/0023/V00_S1851_I00000388_P1181,naturalistic/train/0029/0017/V00_S1851_I00000388_P0205,fresh_flagged_multi,fresh,naturalistic,1317,V00,naturalistic,train,ipc_conversation,two or more detectors fired; participant not in the recheck cohort,"{""clip_anchored_on_fm2_violation"": true, ""flag_count"": 2, ""flags_fired"": ""fm2_smplh_invalid+fm3_static_hands"", ""fm1_hip_flexion_deg_p50"": 155.16394800775407, ""fm1_knee_between_torso_p50"": 0.5981663221661934, ""fm1_leg_over_torso_p50"": 1.2297692213390485, ""fm1_reasons"": """", ""fm1_shin_verticality_p50"": 0.9734171962259264, ""fm1_sitting_file"": false, ""fm1_sitting_participant"": false, ""fm1_unit"": ""1181@1851"", ""fm1_unit_basis"": ""none"", ""fm2_in_frame_and_valid_frac"": 0.9718666666666667, ""fm2_pass_frac_round3_joints_only"": 0.9738666666666667, ""fm2_smplh_valid_frac"": 0.9913333333333333, ""fm2_surface_correction_px_p50"": 37.95260530127746, ""fm2_vertex_worst_inset_min_px"": -111.48186802073849, ""fm2_violation_run_max_frames"": 65.0, ""fm2_violation_runs"": 8.0, ""fm2_windowed_pass_frac"": 0.75, ""fm3_static_frac"": 0.8537333333333333, ""observed_duration_s"": 250.0, ""reproj_px_p50"": 29.34980855217558, ""reproj_shoulder_widths_p50"": 0.09505517675212267, ""unit_files"": 2.0, ""unit_flagged_frac"": 0.0, ""unit_hip_flexion_min"": 155.16394800775407, ""unit_knee_between_min"": 0.5929736234190253}",render
r4_297,fresh_flagged_multi_297_V00_S0350_I00000520_P0469_f0002131,V00_S0350_I00000520_P0469,naturalistic/test/0000/0028/V00_S0350_I00000520_P0469,naturalistic/test/0000/0005/V00_S0350_I00000520_P0470,fresh_flagged_multi,fresh,naturalistic,2131,V00,naturalistic,test,grounded_gesture,two or more detectors fired; participant not in the recheck cohort,"{""clip_anchored_on_fm2_violation"": true, ""flag_count"": 2, ""flags_fired"": ""fm2_smplh_invalid+fm3_static_hands"", ""fm1_hip_flexion_deg_p50"": 146.2865362873086, ""fm1_knee_between_torso_p50"": 0.5818008825019034, ""fm1_leg_over_torso_p50"": 1.0903504519385234, ""fm1_reasons"": """", ""fm1_shin_verticality_p50"": 0.9994801122633932, ""fm1_sitting_file"": false, ""fm1_sitting_participant"": false, ""fm1_unit"": ""0469@0350"", ""fm1_unit_basis"": ""none"", ""fm2_in_frame_and_valid_frac"": 0.9941613588110403, ""fm2_pass_frac_round3_joints_only"": 0.9943736730360934, ""fm2_smplh_valid_frac"": 0.9973460721868365, ""fm2_surface_correction_px_p50"": 46.940955247561305, ""fm2_vertex_worst_inset_min_px"": -100.41985201811076, ""fm2_violation_run_max_frames"": 28.0, ""fm2_violation_runs"": 4.0, ""fm2_windowed_pass_frac"": 0.7, ""fm3_static_frac"": 0.9254777070063694, ""observed_duration_s"": 314.0, ""reproj_px_p50"": 43.99695685593355, ""reproj_shoulder_widths_p50"": 0.12079154554647735, ""unit_files"": 3.0, ""unit_flagged_frac"": 0.0, ""unit_hip_flexion_min"": 146.2865362873086, ""unit_knee_between_min"": 0.5818008825019034}",render
r4_298,fresh_flagged_multi_298_V00_S1045_I00000605_P1067_f0002984,V00_S1045_I00000605_P1067,naturalistic/dev/0001/0028/V00_S1045_I00000605_P1067,naturalistic/dev/0001/0033/V00_S1045_I00000605_P1066,fresh_flagged_multi,fresh,naturalistic,2984,V00,naturalistic,dev,grounded_gesture,two or more detectors fired; participant not in the recheck cohort,"{""clip_anchored_on_fm2_violation"": true, ""flag_count"": 2, ""flags_fired"": ""fm1_sitting+fm2_smplh_invalid"", ""fm1_hip_flexion_deg_p50"": 82.40687859632774, ""fm1_knee_between_torso_p50"": 0.07362790281495787, ""fm1_leg_over_torso_p50"": 1.3463380659068747, ""fm1_reasons"": ""knee_between"", ""fm1_shin_verticality_p50"": 0.9998000631183621, ""fm1_sitting_file"": true, ""fm1_sitting_participant"": true, ""fm1_unit"": ""1067@1045"", ""fm1_unit_basis"": ""majority"", ""fm2_in_frame_and_valid_frac"": 0.9994666666666666, ""fm2_pass_frac_round3_joints_only"": 0.9994666666666666, ""fm2_smplh_valid_frac"": 0.9994666666666666, ""fm2_surface_correction_px_p50"": 22.339941720373304, ""fm2_vertex_worst_inset_min_px"": 33.65300459866012, ""fm2_violation_run_max_frames"": 2.0, ""fm2_violation_runs"": 3.0, ""fm2_windowed_pass_frac"": 0.875, ""fm3_static_frac"": 0.2736, ""observed_duration_s"": 250.0, ""reproj_px_p50"": 23.97102065702036, ""reproj_shoulder_widths_p50"": 0.0763388878505093, ""unit_files"": 5.0, ""unit_flagged_frac"": 1.0, ""unit_hip_flexion_min"": 76.03713077878876, ""unit_knee_between_min"": -0.04069986506662773}",render
r4_299,fresh_flagged_multi_299_V00_S0369_I00000479_P0491_f0008520,V00_S0369_I00000479_P0491,naturalistic/train/0009/0012/V00_S0369_I00000479_P0491,naturalistic/train/0009/0019/V00_S0369_I00000479_P0024,fresh_flagged_multi,fresh,naturalistic,8520,V00,naturalistic,train,ipc_conversation,two or more detectors fired; participant not in the recheck cohort,"{""clip_anchored_on_fm2_violation"": true, ""flag_count"": 2, ""flags_fired"": ""fm1_sitting+fm2_smplh_invalid"", ""fm1_hip_flexion_deg_p50"": 119.16181968612136, ""fm1_knee_between_torso_p50"": 0.447995154619901, ""fm1_leg_over_torso_p50"": 1.1152393360961101, ""fm1_reasons"": """", ""fm1_shin_verticality_p50"": 0.9995120737178945, ""fm1_sitting_file"": false, ""fm1_sitting_participant"": true, ""fm1_unit"": ""0491@0369"", ""fm1_unit_basis"": ""majority"", ""fm2_in_frame_and_valid_frac"": 0.9790870488322717, ""fm2_pass_frac_round3_joints_only"": 0.982696390658174, ""fm2_smplh_valid_frac"": 0.9900212314225053, ""fm2_surface_correction_px_p50"": 42.702201645424, ""fm2_vertex_worst_inset_min_px"": -96.70279376838675, ""fm2_violation_run_max_frames"": 90.0, ""fm2_violation_runs"": 14.0, ""fm2_windowed_pass_frac"": 0.6, ""fm3_static_frac"": 0.011040339702760084, ""observed_duration_s"": 314.0, ""reproj_px_p50"": 43.38776923809178, ""reproj_shoulder_widths_p50"": 0.118913241639222, ""unit_files"": 4.0, ""unit_flagged_frac"": 0.5, ""unit_hip_flexion_min"": 113.17360446737011, ""unit_knee_between_min"": 0.40139645022661435}",render
r4_300,fresh_flagged_multi_300_V00_S0199_I00000770_P0270_f0000232,V00_S0199_I00000770_P0270,improvised/train/0004/0035/V00_S0199_I00000770_P0270,improvised/train/0004/0040/V00_S0199_I00000770_P0150A,fresh_flagged_multi,fresh,improvised,232,V00,improvised,train,ipc_conversation,two or more detectors fired; participant not in the recheck cohort,"{""clip_anchored_on_fm2_violation"": true, ""flag_count"": 2, ""flags_fired"": ""fm2_smplh_invalid+fm3_static_hands"", ""fm1_hip_flexion_deg_p50"": 139.4139026814969, ""fm1_knee_between_torso_p50"": 0.5444888859562925, ""fm1_leg_over_torso_p50"": 1.058202335128008, ""fm1_reasons"": """", ""fm1_shin_verticality_p50"": 0.9995920784987509, ""fm1_sitting_file"": false, ""fm1_sitting_participant"": false, ""fm1_unit"": ""0270@0199"", ""fm1_unit_basis"": ""none"", ""fm2_in_frame_and_valid_frac"": 0.9790322580645161, ""fm2_pass_frac_round3_joints_only"": 0.9815412186379928, ""fm2_smplh_valid_frac"": 0.992831541218638, ""fm2_surface_correction_px_p50"": 43.74304232864142, ""fm2_vertex_worst_inset_min_px"": -129.19795655826942, ""fm2_violation_run_max_frames"": 40.0, ""fm2_violation_runs"": 8.0, ""fm2_windowed_pass_frac"": 0.8333333333333334, ""fm3_static_frac"": 0.7935483870967742, ""observed_duration_s"": 186.0, ""reproj_px_p50"": 21.01156201055802, ""reproj_shoulder_widths_p50"": 0.059337741244127856, ""unit_files"": 1.0, ""unit_flagged_frac"": 0.0, ""unit_hip_flexion_min"": 139.4139026814969, ""unit_knee_between_min"": 0.5444888859562925}",render
r4_301,fresh_flagged_multi_301_V00_S0260_I00000131_P0357_f0001365,V00_S0260_I00000131_P0357,improvised/train/0006/0017/V00_S0260_I00000131_P0357,improvised/train/0006/0032/V00_S0260_I00000131_P0004A,fresh_flagged_multi,fresh,improvised,1365,V00,improvised,train,ipc_conversation,two or more detectors fired; participant not in the recheck cohort,"{""clip_anchored_on_fm2_violation"": true, ""flag_count"": 2, ""flags_fired"": ""fm2_smplh_invalid+fm3_static_hands"", ""fm1_hip_flexion_deg_p50"": 129.01775495757835, ""fm1_knee_between_torso_p50"": 0.5557974703261308, ""fm1_leg_over_torso_p50"": 0.8884836283043465, ""fm1_reasons"": """", ""fm1_shin_verticality_p50"": 0.9993628557586818, ""fm1_sitting_file"": false, ""fm1_sitting_participant"": false, ""fm1_unit"": ""0357@0260"", ""fm1_unit_basis"": ""none"", ""fm2_in_frame_and_valid_frac"": 0.9779012345679012, ""fm2_pass_frac_round3_joints_only"": 0.9825925925925926, ""fm2_smplh_valid_frac"": 0.9997530864197531, ""fm2_surface_correction_px_p50"": 48.44794497878047, ""fm2_vertex_worst_inset_min_px"": -135.43179818634906, ""fm2_violation_run_max_frames"": 40.0, ""fm2_violation_runs"": 18.0, ""fm2_windowed_pass_frac"": 0.4444444444444444, ""fm3_static_frac"": 0.7522222222222222, ""observed_duration_s"": 270.0, ""reproj_px_p50"": 48.5446031927372, ""reproj_shoulder_widths_p50"": 0.1253207351597303, ""unit_files"": 2.0, ""unit_flagged_frac"": 0.0, ""unit_hip_flexion_min"": 129.01775495757835, ""unit_knee_between_min"": 0.5557974703261308}",render
r4_302,fresh_flagged_multi_302_V00_S0640_I00000480_P0229A_f0007058,V00_S0640_I00000480_P0229A,improvised/train/0012/0007/V00_S0640_I00000480_P0229A,improvised/train/0012/0055/V00_S0640_I00000480_P0798,fresh_flagged_multi,fresh,improvised,7058,V00,improvised,train,ipc_conversation,two or more detectors fired; participant not in the recheck cohort,"{""clip_anchored_on_fm2_violation"": true, ""flag_count"": 2, ""flags_fired"": ""fm2_smplh_invalid+fm3_static_hands"", ""fm1_hip_flexion_deg_p50"": 147.48061260564725, ""fm1_knee_between_torso_p50"": 0.5375958137830497, ""fm1_leg_over_torso_p50"": 1.3009520481824426, ""fm1_reasons"": """", ""fm1_shin_verticality_p50"": 0.9942070602092418, ""fm1_sitting_file"": false, ""fm1_sitting_participant"": false, ""fm1_unit"": ""0229A@0640"", ""fm1_unit_basis"": ""none"", ""fm2_in_frame_and_valid_frac"": 0.9820048309178744, ""fm2_pass_frac_round3_joints_only"": 0.9838164251207729, ""fm2_smplh_valid_frac"": 0.9858695652173913, ""fm2_surface_correction_px_p50"": 42.72187082354333, ""fm2_vertex_worst_inset_min_px"": -190.44817074526532, ""fm2_violation_run_max_frames"": 83.0, ""fm2_violation_runs"": 7.0, ""fm2_windowed_pass_frac"": 0.5555555555555556, ""fm3_static_frac"": 0.782608695652174, ""observed_duration_s"": 276.0, ""reproj_px_p50"": 19.31028617440694, ""reproj_shoulder_widths_p50"": 0.05748692863184796, ""unit_files"": 3.0, ""unit_flagged_frac"": 0.0, ""unit_hip_flexion_min"": 147.48061260564725, ""unit_knee_between_min"": 0.5375958137830497}",render
r4_303,fresh_flagged_multi_303_V00_S0551_I00000479_P0389_f0001120,V00_S0551_I00000479_P0389,improvised/train/0011/0045/V00_S0551_I00000479_P0389,improvised/train/0011/0018/V00_S0551_I00000479_P0658A,fresh_flagged_multi,fresh,improvised,1120,V00,improvised,train,ipc_conversation,two or more detectors fired; participant not in the recheck cohort,"{""clip_anchored_on_fm2_violation"": true, ""flag_count"": 2, ""flags_fired"": ""fm2_smplh_invalid+fm3_static_hands"", ""fm1_hip_flexion_deg_p50"": 135.08022305453648, ""fm1_knee_between_torso_p50"": 0.6094422254669276, ""fm1_leg_over_torso_p50"": 0.9702095903936281, ""fm1_reasons"": """", ""fm1_shin_verticality_p50"": 0.9999999999999564, ""fm1_sitting_file"": false, ""fm1_sitting_participant"": false, ""fm1_unit"": ""0389@0551"", ""fm1_unit_basis"": ""none"", ""fm2_in_frame_and_valid_frac"": 0.9798850574712644, ""fm2_pass_frac_round3_joints_only"": 0.980028735632184, ""fm2_smplh_valid_frac"": 0.9932471264367816, ""fm2_surface_correction_px_p50"": 52.74072468319423, ""fm2_vertex_worst_inset_min_px"": -118.57528816791239, ""fm2_violation_run_max_frames"": 88.0, ""fm2_violation_runs"": 7.0, ""fm2_windowed_pass_frac"": 0.8571428571428571, ""fm3_static_frac"": 0.7623563218390804, ""observed_duration_s"": 232.0, ""reproj_px_p50"": 13.327639561102828, ""reproj_shoulder_widths_p50"": 0.034891150314868655, ""unit_files"": 3.0, ""unit_flagged_frac"": 0.0, ""unit_hip_flexion_min"": 135.08022305453648, ""unit_knee_between_min"": 0.6094422254669276}",render
r4_304,fresh_flagged_multi_304_V00_S2035_I00000994_P1292A_f0007080,V00_S2035_I00000994_P1292A,improvised/test/0000/0039/V00_S2035_I00000994_P1292A,improvised/test/0000/0008/V00_S2035_I00000994_P1293A,fresh_flagged_multi,fresh,improvised,7080,V00,improvised,test,ipc_conversation,two or more detectors fired; participant not in the recheck cohort,"{""clip_anchored_on_fm2_violation"": true, ""flag_count"": 2, ""flags_fired"": ""fm2_smplh_invalid+fm3_static_hands"", ""fm1_hip_flexion_deg_p50"": 154.01197287862675, ""fm1_knee_between_torso_p50"": 0.5569573046549041, ""fm1_leg_over_torso_p50"": 1.275159271217008, ""fm1_reasons"": """", ""fm1_shin_verticality_p50"": 0.9967290354444527, ""fm1_sitting_file"": false, ""fm1_sitting_participant"": false, ""fm1_unit"": ""1292A@2035"", ""fm1_unit_basis"": ""none"", ""fm2_in_frame_and_valid_frac"": 0.9962406015037594, ""fm2_pass_frac_round3_joints_only"": 0.9962406015037594, ""fm2_smplh_valid_frac"": 0.9962406015037594, ""fm2_surface_correction_px_p50"": 33.65456896858177, ""fm2_vertex_worst_inset_min_px"": 120.14679277453115, ""fm2_violation_run_max_frames"": 25.0, ""fm2_violation_runs"": 3.0, ""fm2_windowed_pass_frac"": 1.0, ""fm3_static_frac"": 0.7867167919799499, ""observed_duration_s"": 266.0, ""reproj_px_p50"": 46.69991489558166, ""reproj_shoulder_widths_p50"": 0.15411897775836048, ""unit_files"": 2.0, ""unit_flagged_frac"": 0.0, ""unit_hip_flexion_min"": 149.14355114788518, ""unit_knee_between_min"": 0.5419720509642487}",render
r4_305,fresh_flagged_multi_305_V00_S0705_I00000480_P0124A_f0000000,V00_S0705_I00000480_P0124A,improvised/train/0013/0043/V00_S0705_I00000480_P0124A,improvised/train/0013/0006/V00_S0705_I00000480_P0860,fresh_flagged_multi,fresh,improvised,0,V00,improvised,train,ipc_conversation,two or more detectors fired; participant not in the recheck cohort,"{""clip_anchored_on_fm2_violation"": true, ""flag_count"": 2, ""flags_fired"": ""fm2_smplh_invalid+fm3_static_hands"", ""fm1_hip_flexion_deg_p50"": 152.17052736195456, ""fm1_knee_between_torso_p50"": 0.5436990317482677, ""fm1_leg_over_torso_p50"": 1.3664767334236365, ""fm1_reasons"": """", ""fm1_shin_verticality_p50"": 0.9999999999999761, ""fm1_sitting_file"": false, ""fm1_sitting_participant"": false, ""fm1_unit"": ""0124A@0705"", ""fm1_unit_basis"": ""none"", ""fm2_in_frame_and_valid_frac"": 0.9956284153005465, ""fm2_pass_frac_round3_joints_only"": 0.9956284153005465, ""fm2_smplh_valid_frac"": 0.9956284153005465, ""fm2_surface_correction_px_p50"": 39.22894457120185, ""fm2_vertex_worst_inset_min_px"": 100.50380950519582, ""fm2_violation_run_max_frames"": 9.0, ""fm2_violation_runs"": 9.0, ""fm2_windowed_pass_frac"": 0.875, ""fm3_static_frac"": 0.7653005464480874, ""observed_duration_s"": 244.0, ""reproj_px_p50"": 30.85045987259135, ""reproj_shoulder_widths_p50"": 0.10000572479646569, ""unit_files"": 1.0, ""unit_flagged_frac"": 0.0, ""unit_hip_flexion_min"": 152.17052736195456, ""unit_knee_between_min"": 0.5436990317482677}",render
r4_306,fresh_flagged_multi_306_V00_S0299_I00000785_P0403_f0000000,V00_S0299_I00000785_P0403,improvised/train/0007/0004/V00_S0299_I00000785_P0403,improvised/train/0007/0032/V00_S0299_I00000785_P0028A,fresh_flagged_multi,fresh,improvised,0,V00,improvised,train,grounded_gesture,two or more detectors fired; participant not in the recheck cohort,"{""clip_anchored_on_fm2_violation"": true, ""flag_count"": 2, ""flags_fired"": ""fm2_smplh_invalid+fm3_static_hands"", ""fm1_hip_flexion_deg_p50"": 143.47903275084172, ""fm1_knee_between_torso_p50"": 0.5721022545450247, ""fm1_leg_over_torso_p50"": 1.073231850253799, ""fm1_reasons"": """", ""fm1_shin_verticality_p50"": 0.9994059992037311, ""fm1_sitting_file"": false, ""fm1_sitting_participant"": false, ""fm1_unit"": ""0403@0299"", ""fm1_unit_basis"": ""none"", ""fm2_in_frame_and_valid_frac"": 0.0, ""fm2_pass_frac_round3_joints_only"": 0.0013605442176870747, ""fm2_smplh_valid_frac"": 0.9870748299319728, ""fm2_surface_correction_px_p50"": 50.81463132448778, ""fm2_vertex_worst_inset_min_px"": -207.93868661881947, ""fm2_violation_run_max_frames"": 5880.0, ""fm2_violation_runs"": 1.0, ""fm2_windowed_pass_frac"": 0.0, ""fm3_static_frac"": 0.7651360544217687, ""observed_duration_s"": 196.0, ""reproj_px_p50"": 45.73463777975566, ""reproj_shoulder_widths_p50"": 0.1187566380166988, ""unit_files"": 2.0, ""unit_flagged_frac"": 0.0, ""unit_hip_flexion_min"": 143.47903275084172, ""unit_knee_between_min"": 0.5721022545450247}",render
r4_307,fresh_flagged_multi_307_V00_S0267_I00000520_P0364_f0004046,V00_S0267_I00000520_P0364,improvised/train/0006/0025/V00_S0267_I00000520_P0364,improvised/train/0006/0029/V00_S0267_I00000520_P0085A,fresh_flagged_multi,fresh,improvised,4046,V00,improvised,train,grounded_gesture,two or more detectors fired; participant not in the recheck cohort,"{""clip_anchored_on_fm2_violation"": true, ""flag_count"": 2, ""flags_fired"": ""fm2_smplh_invalid+fm3_static_hands"", ""fm1_hip_flexion_deg_p50"": 150.35115604840763, ""fm1_knee_between_torso_p50"": 0.5609062002755032, ""fm1_leg_over_torso_p50"": 1.2713206202279839, ""fm1_reasons"": """", ""fm1_shin_verticality_p50"": 0.9995920775608316, ""fm1_sitting_file"": false, ""fm1_sitting_participant"": false, ""fm1_unit"": ""0364@0267"", ""fm1_unit_basis"": ""none"", ""fm2_in_frame_and_valid_frac"": 0.9889344262295082, ""fm2_pass_frac_round3_joints_only"": 0.9890710382513661, ""fm2_smplh_valid_frac"": 0.992896174863388, ""fm2_surface_correction_px_p50"": 43.45611076356272, ""fm2_vertex_worst_inset_min_px"": -74.48683969240574, ""fm2_violation_run_max_frames"": 22.0, ""fm2_violation_runs"": 16.0, ""fm2_windowed_pass_frac"": 0.75, ""fm3_static_frac"": 0.8080601092896175, ""observed_duration_s"": 244.0, ""reproj_px_p50"": 42.8090630678975, ""reproj_shoulder_widths_p50"": 0.13558599643122177, ""unit_files"": 3.0, ""unit_flagged_frac"": 0.0, ""unit_hip_flexion_min"": 150.35115604840763, ""unit_knee_between_min"": 0.5609062002755032}",render
r4_308,fresh_flagged_multi_308_V00_S0374_I00000377_P0497_f0002255,V00_S0374_I00000377_P0497,improvised/train/0008/0051/V00_S0374_I00000377_P0497,improvised/train/0008/0024/V00_S0374_I00000377_P0059A,fresh_flagged_multi,fresh,improvised,2255,V00,improvised,train,ipc_conversation,two or more detectors fired; participant not in the recheck cohort,"{""clip_anchored_on_fm2_violation"": true, ""flag_count"": 2, ""flags_fired"": ""fm2_smplh_invalid+fm3_static_hands"", ""fm1_hip_flexion_deg_p50"": 126.82090873720665, ""fm1_knee_between_torso_p50"": 0.5150831174663325, ""fm1_leg_over_torso_p50"": 1.0296733819030681, ""fm1_reasons"": """", ""fm1_shin_verticality_p50"": 0.9999999999998306, ""fm1_sitting_file"": false, ""fm1_sitting_participant"": false, ""fm1_unit"": ""0497@0374"", ""fm1_unit_basis"": ""none"", ""fm2_in_frame_and_valid_frac"": 0.987948717948718, ""fm2_pass_frac_round3_joints_only"": 0.9888461538461538, ""fm2_smplh_valid_frac"": 0.9971794871794872, ""fm2_surface_correction_px_p50"": 30.631067349928514, ""fm2_vertex_worst_inset_min_px"": -102.86708980383264, ""fm2_violation_run_max_frames"": 34.0, ""fm2_violation_runs"": 6.0, ""fm2_windowed_pass_frac"": 0.75, ""fm3_static_frac"": 0.7678205128205128, ""observed_duration_s"": 260.0, ""reproj_px_p50"": 15.936557617393824, ""reproj_shoulder_widths_p50"": 0.04528675813861245, ""unit_files"": 2.0, ""unit_flagged_frac"": 0.0, ""unit_hip_flexion_min"": 126.39628336883987, ""unit_knee_between_min"": 0.5114219124819787}",render
r4_309,fresh_flagged_multi_309_V00_S0258_I00000497_P0355_f0006840,V00_S0258_I00000497_P0355,improvised/train/0006/0013/V00_S0258_I00000497_P0355,improvised/train/0006/0035/V00_S0258_I00000497_P0006A,fresh_flagged_multi,fresh,improvised,6840,V00,improvised,train,grounded_gesture,two or more detectors fired; participant not in the recheck cohort,"{""clip_anchored_on_fm2_violation"": true, ""flag_count"": 2, ""flags_fired"": ""fm2_smplh_invalid+fm3_static_hands"", ""fm1_hip_flexion_deg_p50"": 133.93737414272357, ""fm1_knee_between_torso_p50"": 0.5727103112945933, ""fm1_leg_over_torso_p50"": 1.0815875256776417, ""fm1_reasons"": """", ""fm1_shin_verticality_p50"": 0.9994449099792596, ""fm1_sitting_file"": false, ""fm1_sitting_participant"": false, ""fm1_unit"": ""0355@0258"", ""fm1_unit_basis"": ""none"", ""fm2_in_frame_and_valid_frac"": 0.9990956072351421, ""fm2_pass_frac_round3_joints_only"": 0.9993540051679587, ""fm2_smplh_valid_frac"": 0.9998708010335917, ""fm2_surface_correction_px_p50"": 44.513285516872486, ""fm2_vertex_worst_inset_min_px"": -51.020481995510636, ""fm2_violation_run_max_frames"": 6.0, ""fm2_violation_runs"": 2.0, ""fm2_windowed_pass_frac"": 0.875, ""fm3_static_frac"": 0.8267441860465117, ""observed_duration_s"": 258.0, ""reproj_px_p50"": 29.77383556114421, ""reproj_shoulder_widths_p50"": 0.08473022387771606, ""unit_files"": 1.0, ""unit_flagged_frac"": 0.0, ""unit_hip_flexion_min"": 133.93737414272357, ""unit_knee_between_min"": 0.5727103112945933}",render
r4_310,fresh_flagged_multi_310_V00_S1727_I00001063_P0845A_f0007693,V00_S1727_I00001063_P0845A,improvised/train/0042/0047/V00_S1727_I00001063_P0845A,improvised/train/0042/0006/V00_S1727_I00001063_P0935A,fresh_flagged_multi,fresh,improvised,7693,V00,improvised,train,ipc_conversation,two or more detectors fired,"{""clip_anchored_on_fm2_violation"": true, ""flag_count"": 2, ""flags_fired"": ""fm2_smplh_invalid+fm3_static_hands"", ""fm1_hip_flexion_deg_p50"": 160.93129120509, ""fm1_knee_between_torso_p50"": 0.5895197886564207, ""fm1_leg_over_torso_p50"": 1.1733836285964323, ""fm1_reasons"": """", ""fm1_shin_verticality_p50"": 0.9847835152061426, ""fm1_sitting_file"": false, ""fm1_sitting_participant"": false, ""fm1_unit"": ""0845A@1727"", ""fm1_unit_basis"": ""none"", ""fm2_in_frame_and_valid_frac"": 0.9964444444444445, ""fm2_pass_frac_round3_joints_only"": 0.9964444444444445, ""fm2_smplh_valid_frac"": 0.9972222222222222, ""fm2_surface_correction_px_p50"": 45.66129774689432, ""fm2_vertex_worst_inset_min_px"": -86.74261060417894, ""fm2_violation_run_max_frames"": 32.0, ""fm2_violation_runs"": 1.0, ""fm2_windowed_pass_frac"": 0.9, ""fm3_static_frac"": 0.8093333333333333, ""observed_duration_s"": 300.0, ""reproj_px_p50"": 17.599129958260477, ""reproj_shoulder_widths_p50"": 0.05328202443918184, ""unit_files"": 1.0, ""unit_flagged_frac"": 0.0, ""unit_hip_flexion_min"": 160.93129120509, ""unit_knee_between_min"": 0.5895197886564207}",render
r4_311,fresh_flagged_multi_311_V00_S0996_I00001000_P0180A_f0010140,V00_S0996_I00001000_P0180A,improvised/train/0021/0010/V00_S0996_I00001000_P0180A,improvised/train/0021/0059/V00_S0996_I00001000_P0707A,fresh_flagged_multi,fresh,improvised,10140,V00,improvised,train,ipc_conversation,two or more detectors fired,"{""clip_anchored_on_fm2_violation"": true, ""flag_count"": 2, ""flags_fired"": ""fm2_smplh_invalid+fm3_static_hands"", ""fm1_hip_flexion_deg_p50"": 131.87601130072386, ""fm1_knee_between_torso_p50"": 0.5041687074040095, ""fm1_leg_over_torso_p50"": 1.161671881790796, ""fm1_reasons"": """", ""fm1_shin_verticality_p50"": 0.9979253216056025, ""fm1_sitting_file"": false, ""fm1_sitting_participant"": false, ""fm1_unit"": ""0180A@0996"", ""fm1_unit_basis"": ""none"", ""fm2_in_frame_and_valid_frac"": 0.998731884057971, ""fm2_pass_frac_round3_joints_only"": 0.998731884057971, ""fm2_smplh_valid_frac"": 0.998731884057971, ""fm2_surface_correction_px_p50"": 43.22517905599091, ""fm2_vertex_worst_inset_min_px"": 97.4235489515977, ""fm2_violation_run_max_frames"": 14.0, ""fm2_violation_runs"": 1.0, ""fm2_windowed_pass_frac"": 1.0, ""fm3_static_frac"": 0.8096920289855073, ""observed_duration_s"": 368.0, ""reproj_px_p50"": 16.678162948328495, ""reproj_shoulder_widths_p50"": 0.04967124529259453, ""unit_files"": 1.0, ""unit_flagged_frac"": 0.0, ""unit_hip_flexion_min"": 131.87601130072386, ""unit_knee_between_min"": 0.5041687074040095}",render
r4_312,fresh_pass_naturalistic_312_V00_S0062_I00000126_P0093_f0000755,V00_S0062_I00000126_P0093,naturalistic/test/0000/0037/V00_S0062_I00000126_P0093,naturalistic/test/0000/0007/V00_S0062_I00000126_P0092,fresh_pass_naturalistic,fresh,naturalistic,755,V00,naturalistic,test,ipc_conversation,random draw from files passing all three detectors; participant not in the recheck cohort,"{""clip_anchored_on_fm2_violation"": false, ""flag_count"": 0, ""flags_fired"": """", ""fm1_hip_flexion_deg_p50"": 145.22436501940325, ""fm1_knee_between_torso_p50"": 0.5502598224538207, ""fm1_leg_over_torso_p50"": 1.2159912824805097, ""fm1_reasons"": """", ""fm1_shin_verticality_p50"": 0.9999999999998447, ""fm1_sitting_file"": false, ""fm1_sitting_participant"": false, ""fm1_unit"": ""0093@0062"", ""fm1_unit_basis"": ""none"", ""fm2_in_frame_and_valid_frac"": 1.0, ""fm2_pass_frac_round3_joints_only"": 1.0, ""fm2_smplh_valid_frac"": 1.0, ""fm2_surface_correction_px_p50"": 42.065005311725486, ""fm2_vertex_worst_inset_min_px"": 157.1261242515866, ""fm2_violation_run_max_frames"": 0.0, ""fm2_violation_runs"": 0.0, ""fm2_windowed_pass_frac"": 1.0, ""fm3_static_frac"": 0.5014767932489451, ""observed_duration_s"": 158.0, ""reproj_px_p50"": 37.030945822823035, ""reproj_shoulder_widths_p50"": 0.11556687667818541, ""unit_files"": 4.0, ""unit_flagged_frac"": 0.0, ""unit_hip_flexion_min"": 145.22436501940325, ""unit_knee_between_min"": 0.531420325007292}",render
r4_313,fresh_pass_naturalistic_313_V00_S0460_I00000377_P0589_f0005100,V00_S0460_I00000377_P0589,naturalistic/train/0012/0039/V00_S0460_I00000377_P0589,naturalistic/train/0012/0037/V00_S0460_I00000377_P0433,fresh_pass_naturalistic,fresh,naturalistic,5100,V00,naturalistic,train,ipc_conversation,random draw from files passing all three detectors; participant not in the recheck cohort,"{""clip_anchored_on_fm2_violation"": false, ""flag_count"": 0, ""flags_fired"": """", ""fm1_hip_flexion_deg_p50"": 162.55708718473164, ""fm1_knee_between_torso_p50"": 0.6166433592659284, ""fm1_leg_over_torso_p50"": 1.235818831736278, ""fm1_reasons"": """", ""fm1_shin_verticality_p50"": 0.9388763158866086, ""fm1_sitting_file"": false, ""fm1_sitting_participant"": false, ""fm1_unit"": ""0589@0460"", ""fm1_unit_basis"": ""none"", ""fm2_in_frame_and_valid_frac"": 1.0, ""fm2_pass_frac_round3_joints_only"": 1.0, ""fm2_smplh_valid_frac"": 1.0, ""fm2_surface_correction_px_p50"": 43.223433288466026, ""fm2_vertex_worst_inset_min_px"": 39.288941717503576, ""fm2_violation_run_max_frames"": 0.0, ""fm2_violation_runs"": 0.0, ""fm2_windowed_pass_frac"": 1.0, ""fm3_static_frac"": 0.07847222222222222, ""observed_duration_s"": 288.0, ""reproj_px_p50"": 14.790825892178637, ""reproj_shoulder_widths_p50"": 0.044082566152750934, ""unit_files"": 1.0, ""unit_flagged_frac"": 0.0, ""unit_hip_flexion_min"": 162.55708718473164, ""unit_knee_between_min"": 0.6166433592659284}",render
r4_314,fresh_pass_naturalistic_314_V00_S0829_I00000373_P0430_f0000984,V00_S0829_I00000373_P0430,naturalistic/train/0023/0009/V00_S0829_I00000373_P0430,naturalistic/train/0023/0026/V00_S0829_I00000373_P0962,fresh_pass_naturalistic,fresh,naturalistic,984,V00,naturalistic,train,ipc_conversation,random draw from files passing all three detectors; participant not in the recheck cohort,"{""clip_anchored_on_fm2_violation"": false, ""flag_count"": 0, ""flags_fired"": """", ""fm1_hip_flexion_deg_p50"": 155.17018292686816, ""fm1_knee_between_torso_p50"": 0.5731905283940182, ""fm1_leg_over_torso_p50"": 1.2582687243519666, ""fm1_reasons"": """", ""fm1_shin_verticality_p50"": 0.9980525746042508, ""fm1_sitting_file"": false, ""fm1_sitting_participant"": false, ""fm1_unit"": ""0430@0829"", ""fm1_unit_basis"": ""none"", ""fm2_in_frame_and_valid_frac"": 0.9952586206896552, ""fm2_pass_frac_round3_joints_only"": 1.0, ""fm2_smplh_valid_frac"": 1.0, ""fm2_surface_correction_px_p50"": 33.0240850273409, ""fm2_vertex_worst_inset_min_px"": -1.056716232368899, ""fm2_violation_run_max_frames"": 6.0, ""fm2_violation_runs"": 15.0, ""fm2_windowed_pass_frac"": 1.0, ""fm3_static_frac"": 0.002011494252873563, ""observed_duration_s"": 232.0, ""reproj_px_p50"": 42.96213793052085, ""reproj_shoulder_widths_p50"": 0.13168785258777513, ""unit_files"": 2.0, ""unit_flagged_frac"": 0.0, ""unit_hip_flexion_min"": 149.25525718006162, ""unit_knee_between_min"": 0.5502698126215568}",render
r4_315,fresh_pass_naturalistic_315_V00_S0539_I00000135_P0684_f0001382,V00_S0539_I00000135_P0684,naturalistic/train/0015/0016/V00_S0539_I00000135_P0684,naturalistic/train/0015/0007/V00_S0539_I00000135_P0685,fresh_pass_naturalistic,fresh,naturalistic,1382,V00,naturalistic,train,collaborative_storytelling,random draw from files passing all three detectors; participant not in the recheck cohort,"{""clip_anchored_on_fm2_violation"": false, ""flag_count"": 0, ""flags_fired"": """", ""fm1_hip_flexion_deg_p50"": 128.18039317889654, ""fm1_knee_between_torso_p50"": 0.5614286786992224, ""fm1_leg_over_torso_p50"": 0.9281928858975766, ""fm1_reasons"": """", ""fm1_shin_verticality_p50"": 0.9994801169315151, ""fm1_sitting_file"": false, ""fm1_sitting_participant"": false, ""fm1_unit"": ""0684@0539"", ""fm1_unit_basis"": ""none"", ""fm2_in_frame_and_valid_frac"": 0.5891666666666666, ""fm2_pass_frac_round3_joints_only"": 1.0, ""fm2_smplh_valid_frac"": 1.0, ""fm2_surface_correction_px_p50"": 48.308894812337144, ""fm2_vertex_worst_inset_min_px"": -16.022819355634056, ""fm2_violation_run_max_frames"": 84.0, ""fm2_violation_runs"": 184.0, ""fm2_windowed_pass_frac"": 1.0, ""fm3_static_frac"": 0.7220833333333333, ""observed_duration_s"": 80.0, ""reproj_px_p50"": 45.95160404808664, ""reproj_shoulder_widths_p50"": 0.10911367114830196, ""unit_files"": 2.0, ""unit_flagged_frac"": 0.0, ""unit_hip_flexion_min"": 127.6386005077133, ""unit_knee_between_min"": 0.5614286786992224}",render
r4_316,fresh_pass_naturalistic_316_V00_S0139_I00000371_P0201_f0000705,V00_S0139_I00000371_P0201,naturalistic/train/0002/0005/V00_S0139_I00000371_P0201,naturalistic/train/0002/0000/V00_S0139_I00000371_P0200,fresh_pass_naturalistic,fresh,naturalistic,705,V00,naturalistic,train,ipc_conversation,random draw from files passing all three detectors; participant not in the recheck cohort,"{""clip_anchored_on_fm2_violation"": false, ""flag_count"": 0, ""flags_fired"": """", ""fm1_hip_flexion_deg_p50"": 161.63560319299575, ""fm1_knee_between_torso_p50"": 0.5925195568161731, ""fm1_leg_over_torso_p50"": 1.2319475797585733, ""fm1_reasons"": """", ""fm1_shin_verticality_p50"": 0.9922778767136676, ""fm1_sitting_file"": false, ""fm1_sitting_participant"": false, ""fm1_unit"": ""0201@0139"", ""fm1_unit_basis"": ""none"", ""fm2_in_frame_and_valid_frac"": 0.996244131455399, ""fm2_pass_frac_round3_joints_only"": 0.9964788732394366, ""fm2_smplh_valid_frac"": 1.0, ""fm2_surface_correction_px_p50"": 44.95537338074632, ""fm2_vertex_worst_inset_min_px"": -56.80501078911698, ""fm2_violation_run_max_frames"": 10.0, ""fm2_violation_runs"": 2.0, ""fm2_windowed_pass_frac"": 0.75, ""fm3_static_frac"": 0.6007042253521127, ""observed_duration_s"": 142.0, ""reproj_px_p50"": 21.878420757400306, ""reproj_shoulder_widths_p50"": 0.07348047630128035, ""unit_files"": 3.0, ""unit_flagged_frac"": 0.0, ""unit_hip_flexion_min"": 161.45662557971997, ""unit_knee_between_min"": 0.5629187091881589}",render
r4_317,fresh_pass_naturalistic_317_V00_S1886_I00000055_P0851_f0002813,V00_S1886_I00000055_P0851,naturalistic/train/0030/0004/V00_S1886_I00000055_P0851,naturalistic/train/0030/0009/V00_S1886_I00000055_P0377,fresh_pass_naturalistic,fresh,naturalistic,2813,V00,naturalistic,train,ipc_conversation,random draw from files passing all three detectors; participant not in the recheck cohort,"{""clip_anchored_on_fm2_violation"": false, ""flag_count"": 0, ""flags_fired"": """", ""fm1_hip_flexion_deg_p50"": 160.76636499849684, ""fm1_knee_between_torso_p50"": 0.5488662537210536, ""fm1_leg_over_torso_p50"": 1.3073632540415292, ""fm1_reasons"": """", ""fm1_shin_verticality_p50"": 0.9970545007810447, ""fm1_sitting_file"": false, ""fm1_sitting_participant"": false, ""fm1_unit"": ""0851@1886"", ""fm1_unit_basis"": ""none"", ""fm2_in_frame_and_valid_frac"": 1.0, ""fm2_pass_frac_round3_joints_only"": 1.0, ""fm2_smplh_valid_frac"": 1.0, ""fm2_surface_correction_px_p50"": 88.79456469259361, ""fm2_vertex_worst_inset_min_px"": 50.4018138797486, ""fm2_violation_run_max_frames"": 0.0, ""fm2_violation_runs"": 0.0, ""fm2_windowed_pass_frac"": 1.0, ""fm3_static_frac"": 0.0007042253521126761, ""observed_duration_s"": 142.0, ""reproj_px_p50"": 14.180265818541068, ""reproj_shoulder_widths_p50"": 0.051894263758402476, ""unit_files"": 2.0, ""unit_flagged_frac"": 0.0, ""unit_hip_flexion_min"": 159.5431279971944, ""unit_knee_between_min"": 0.5488662537210536}",render
r4_318,fresh_pass_naturalistic_318_V00_S0586_I00000134_P0740_f0000025,V00_S0586_I00000134_P0740,naturalistic/test/0000/0027/V00_S0586_I00000134_P0740,naturalistic/test/0000/0035/V00_S0586_I00000134_P0739,fresh_pass_naturalistic,fresh,naturalistic,25,V00,naturalistic,test,ipc_conversation,random draw from files passing all three detectors; participant not in the recheck cohort,"{""clip_anchored_on_fm2_violation"": false, ""flag_count"": 0, ""flags_fired"": """", ""fm1_hip_flexion_deg_p50"": 143.5905071308825, ""fm1_knee_between_torso_p50"": 0.5036694832656499, ""fm1_leg_over_torso_p50"": 1.4543050791619958, ""fm1_reasons"": """", ""fm1_shin_verticality_p50"": 0.9999999999999784, ""fm1_sitting_file"": false, ""fm1_sitting_participant"": false, ""fm1_unit"": ""0740@0586"", ""fm1_unit_basis"": ""none"", ""fm2_in_frame_and_valid_frac"": 0.9997076023391813, ""fm2_pass_frac_round3_joints_only"": 0.9997076023391813, ""fm2_smplh_valid_frac"": 1.0, ""fm2_surface_correction_px_p50"": 34.47946616663353, ""fm2_vertex_worst_inset_min_px"": -3.853598215935108, ""fm2_violation_run_max_frames"": 2.0, ""fm2_violation_runs"": 1.0, ""fm2_windowed_pass_frac"": 0.8571428571428571, ""fm3_static_frac"": 0.1685672514619883, ""observed_duration_s"": 228.0, ""reproj_px_p50"": 31.530275946607375, ""reproj_shoulder_widths_p50"": 0.08652631541106919, ""unit_files"": 3.0, ""unit_flagged_frac"": 0.0, ""unit_hip_flexion_min"": 140.5141959793537, ""unit_knee_between_min"": 0.5036694832656499}",render
r4_319,fresh_pass_naturalistic_319_V00_S1735_I00000026_P1166_f0005503,V00_S1735_I00000026_P1166,naturalistic/train/0028/0043/V00_S1735_I00000026_P1166,naturalistic/train/0028/0029/V00_S1735_I00000026_P0460,fresh_pass_naturalistic,fresh,naturalistic,5503,V00,naturalistic,train,ipc_conversation,random draw from files passing all three detectors; participant not in the recheck cohort,"{""clip_anchored_on_fm2_violation"": false, ""flag_count"": 0, ""flags_fired"": """", ""fm1_hip_flexion_deg_p50"": 146.62265985682168, ""fm1_knee_between_torso_p50"": 0.5216441767156191, ""fm1_leg_over_torso_p50"": 1.387208407372762, ""fm1_reasons"": """", ""fm1_shin_verticality_p50"": 0.998868149877157, ""fm1_sitting_file"": false, ""fm1_sitting_participant"": false, ""fm1_unit"": ""1166@1735"", ""fm1_unit_basis"": ""none"", ""fm2_in_frame_and_valid_frac"": 0.9986318407960199, ""fm2_pass_frac_round3_joints_only"": 0.9987562189054726, ""fm2_smplh_valid_frac"": 1.0, ""fm2_surface_correction_px_p50"": 31.77384550403295, ""fm2_vertex_worst_inset_min_px"": -25.85051622647609, ""fm2_violation_run_max_frames"": 7.0, ""fm2_violation_runs"": 2.0, ""fm2_windowed_pass_frac"": 0.875, ""fm3_static_frac"": 0.129726368159204, ""observed_duration_s"": 268.0, ""reproj_px_p50"": 15.452442791763227, ""reproj_shoulder_widths_p50"": 0.04928068610677552, ""unit_files"": 1.0, ""unit_flagged_frac"": 0.0, ""unit_hip_flexion_min"": 146.62265985682168, ""unit_knee_between_min"": 0.5216441767156191}",render
r4_320,fresh_pass_naturalistic_320_V00_S0510_I00000130_P0646_f0004254,V00_S0510_I00000130_P0646,naturalistic/train/0014/0025/V00_S0510_I00000130_P0646,naturalistic/train/0014/0024/V00_S0510_I00000130_P0648,fresh_pass_naturalistic,fresh,naturalistic,4254,V00,naturalistic,train,ipc_conversation,random draw from files passing all three detectors; participant not in the recheck cohort,"{""clip_anchored_on_fm2_violation"": false, ""flag_count"": 0, ""flags_fired"": """", ""fm1_hip_flexion_deg_p50"": 127.18406231945376, ""fm1_knee_between_torso_p50"": 0.45563554816891055, ""fm1_leg_over_torso_p50"": 1.425249473418535, ""fm1_reasons"": """", ""fm1_shin_verticality_p50"": 0.9996714277813967, ""fm1_sitting_file"": false, ""fm1_sitting_participant"": false, ""fm1_unit"": ""0646@0510"", ""fm1_unit_basis"": ""none"", ""fm2_in_frame_and_valid_frac"": 0.997196261682243, ""fm2_pass_frac_round3_joints_only"": 0.9984423676012462, ""fm2_smplh_valid_frac"": 1.0, ""fm2_surface_correction_px_p50"": 37.673206595051056, ""fm2_vertex_worst_inset_min_px"": -35.880545207736304, ""fm2_violation_run_max_frames"": 15.0, ""fm2_violation_runs"": 2.0, ""fm2_windowed_pass_frac"": 0.8571428571428571, ""fm3_static_frac"": 0.3786604361370717, ""observed_duration_s"": 214.0, ""reproj_px_p50"": 21.94717411934154, ""reproj_shoulder_widths_p50"": 0.07084391628035949, ""unit_files"": 1.0, ""unit_flagged_frac"": 0.0, ""unit_hip_flexion_min"": 127.18406231945376, ""unit_knee_between_min"": 0.45563554816891055}",render
r4_321,fresh_pass_naturalistic_321_V00_S1737_I00000064_P1168_f0000232,V00_S1737_I00000064_P1168,naturalistic/train/0028/0033/V00_S1737_I00000064_P1168,naturalistic/train/0028/0046/V00_S1737_I00000064_P1167,fresh_pass_naturalistic,fresh,naturalistic,232,V00,naturalistic,train,ipc_conversation,random draw from files passing all three detectors; participant not in the recheck cohort,"{""clip_anchored_on_fm2_violation"": false, ""flag_count"": 0, ""flags_fired"": """", ""fm1_hip_flexion_deg_p50"": 120.79058101111949, ""fm1_knee_between_torso_p50"": 0.49608169037673056, ""fm1_leg_over_torso_p50"": 1.0146854017219127, ""fm1_reasons"": """", ""fm1_shin_verticality_p50"": 0.9994449069791543, ""fm1_sitting_file"": false, ""fm1_sitting_participant"": false, ""fm1_unit"": ""1168@1737"", ""fm1_unit_basis"": ""none"", ""fm2_in_frame_and_valid_frac"": 0.996875, ""fm2_pass_frac_round3_joints_only"": 0.9981770833333333, ""fm2_smplh_valid_frac"": 1.0, ""fm2_surface_correction_px_p50"": 13.678268493354324, ""fm2_vertex_worst_inset_min_px"": -45.61549061214839, ""fm2_violation_run_max_frames"": 17.0, ""fm2_violation_runs"": 3.0, ""fm2_windowed_pass_frac"": 0.875, ""fm3_static_frac"": 0.32578125, ""observed_duration_s"": 256.0, ""reproj_px_p50"": 44.972210995240175, ""reproj_shoulder_widths_p50"": 0.1352729132884266, ""unit_files"": 2.0, ""unit_flagged_frac"": 0.0, ""unit_hip_flexion_min"": 120.79058101111949, ""unit_knee_between_min"": 0.49608169037673056}",render
r4_322,fresh_pass_naturalistic_322_V00_S0573_I00000138_P0722_f0000425,V00_S0573_I00000138_P0722,naturalistic/train/0016/0001/V00_S0573_I00000138_P0722,naturalistic/train/0016/0029/V00_S0573_I00000138_P0723,fresh_pass_naturalistic,fresh,naturalistic,425,V00,naturalistic,train,ipc_conversation,random draw from files passing all three detectors; participant not in the recheck cohort,"{""clip_anchored_on_fm2_violation"": false, ""flag_count"": 0, ""flags_fired"": """", ""fm1_hip_flexion_deg_p50"": 131.12078344462418, ""fm1_knee_between_torso_p50"": 0.5255879541052878, ""fm1_leg_over_torso_p50"": 0.983436560463822, ""fm1_reasons"": """", ""fm1_shin_verticality_p50"": 0.9995120681923529, ""fm1_sitting_file"": false, ""fm1_sitting_participant"": false, ""fm1_unit"": ""0722@0573"", ""fm1_unit_basis"": ""none"", ""fm2_in_frame_and_valid_frac"": 0.9980769230769231, ""fm2_pass_frac_round3_joints_only"": 0.9982905982905983, ""fm2_smplh_valid_frac"": 1.0, ""fm2_surface_correction_px_p50"": 30.26664717290231, ""fm2_vertex_worst_inset_min_px"": -42.65699920205134, ""fm2_violation_run_max_frames"": 9.0, ""fm2_violation_runs"": 1.0, ""fm2_windowed_pass_frac"": 0.8, ""fm3_static_frac"": 0.3641025641025641, ""observed_duration_s"": 156.0, ""reproj_px_p50"": 39.617868763860386, ""reproj_shoulder_widths_p50"": 0.09754914493523967, ""unit_files"": 2.0, ""unit_flagged_frac"": 0.0, ""unit_hip_flexion_min"": 130.20497949812912, ""unit_knee_between_min"": 0.5199987472670049}",render
r4_323,fresh_pass_naturalistic_323_V00_S0388_I00000514_P0515_f0003193,V00_S0388_I00000514_P0515,naturalistic/train/0010/0040/V00_S0388_I00000514_P0515,naturalistic/train/0010/0024/V00_S0388_I00000514_P0514,fresh_pass_naturalistic,fresh,naturalistic,3193,V00,naturalistic,train,ipc_conversation,random draw from files passing all three detectors; participant not in the recheck cohort,"{""clip_anchored_on_fm2_violation"": false, ""flag_count"": 0, ""flags_fired"": """", ""fm1_hip_flexion_deg_p50"": 145.12068955746292, ""fm1_knee_between_torso_p50"": 0.5560266562041587, ""fm1_leg_over_torso_p50"": 1.2220839746533998, ""fm1_reasons"": """", ""fm1_shin_verticality_p50"": 0.9961298773158698, ""fm1_sitting_file"": false, ""fm1_sitting_participant"": false, ""fm1_unit"": ""0515@0388"", ""fm1_unit_basis"": ""none"", ""fm2_in_frame_and_valid_frac"": 1.0, ""fm2_pass_frac_round3_joints_only"": 1.0, ""fm2_smplh_valid_frac"": 1.0, ""fm2_surface_correction_px_p50"": 81.1190680320149, ""fm2_vertex_worst_inset_min_px"": 11.957906220412951, ""fm2_violation_run_max_frames"": 0.0, ""fm2_violation_runs"": 0.0, ""fm2_windowed_pass_frac"": 1.0, ""fm3_static_frac"": 0.5560386473429951, ""observed_duration_s"": 138.0, ""reproj_px_p50"": 17.288435810458314, ""reproj_shoulder_widths_p50"": 0.0527045532605164, ""unit_files"": 1.0, ""unit_flagged_frac"": 0.0, ""unit_hip_flexion_min"": 145.12068955746292, ""unit_knee_between_min"": 0.5560266562041587}",render
r4_324,fresh_pass_naturalistic_324_V00_S0919_I00000137_P0844_f0001671,V00_S0919_I00000137_P0844,naturalistic/train/0024/0016/V00_S0919_I00000137_P0844,naturalistic/train/0024/0022/V00_S0919_I00000137_P1019,fresh_pass_naturalistic,fresh,naturalistic,1671,V00,naturalistic,train,ipc_conversation,random draw from files passing all three detectors; participant not in the recheck cohort,"{""clip_anchored_on_fm2_violation"": false, ""flag_count"": 0, ""flags_fired"": """", ""fm1_hip_flexion_deg_p50"": 129.9690095000513, ""fm1_knee_between_torso_p50"": 0.5657325637832206, ""fm1_leg_over_torso_p50"": 0.9698098249366931, ""fm1_reasons"": """", ""fm1_shin_verticality_p50"": 0.9993628543475496, ""fm1_sitting_file"": false, ""fm1_sitting_participant"": false, ""fm1_unit"": ""0844@0919"", ""fm1_unit_basis"": ""none"", ""fm2_in_frame_and_valid_frac"": 0.9948979591836735, ""fm2_pass_frac_round3_joints_only"": 0.9957482993197279, ""fm2_smplh_valid_frac"": 1.0, ""fm2_surface_correction_px_p50"": 50.46162130424909, ""fm2_vertex_worst_inset_min_px"": -11.745829422305633, ""fm2_violation_run_max_frames"": 18.0, ""fm2_violation_runs"": 5.0, ""fm2_windowed_pass_frac"": 0.8333333333333334, ""fm3_static_frac"": 0.4227891156462585, ""observed_duration_s"": 196.0, ""reproj_px_p50"": 36.0242837796001, ""reproj_shoulder_widths_p50"": 0.10507757815928839, ""unit_files"": 1.0, ""unit_flagged_frac"": 0.0, ""unit_hip_flexion_min"": 129.9690095000513, ""unit_knee_between_min"": 0.5657325637832206}",render
r4_325,fresh_pass_naturalistic_325_V00_S0080_I00000374_P0115_f0001038,V00_S0080_I00000374_P0115,naturalistic/dev/0000/0039/V00_S0080_I00000374_P0115,naturalistic/dev/0000/0038/V00_S0080_I00000374_P0116,fresh_pass_naturalistic,fresh,naturalistic,1038,V00,naturalistic,dev,ipc_conversation,random draw from files passing all three detectors; participant not in the recheck cohort,"{""clip_anchored_on_fm2_violation"": false, ""flag_count"": 0, ""flags_fired"": """", ""fm1_hip_flexion_deg_p50"": 153.46551656689854, ""fm1_knee_between_torso_p50"": 0.5493502095450444, ""fm1_leg_over_torso_p50"": 1.2621251541563212, ""fm1_reasons"": """", ""fm1_shin_verticality_p50"": 1.0, ""fm1_sitting_file"": false, ""fm1_sitting_participant"": false, ""fm1_unit"": ""0115@0080"", ""fm1_unit_basis"": ""none"", ""fm2_in_frame_and_valid_frac"": 0.9843434343434343, ""fm2_pass_frac_round3_joints_only"": 0.9924242424242424, ""fm2_smplh_valid_frac"": 1.0, ""fm2_surface_correction_px_p50"": 43.038112855550025, ""fm2_vertex_worst_inset_min_px"": -15.668207468350374, ""fm2_violation_run_max_frames"": 31.0, ""fm2_violation_runs"": 1.0, ""fm2_windowed_pass_frac"": 0.5, ""fm3_static_frac"": 0.5424242424242425, ""observed_duration_s"": 66.0, ""reproj_px_p50"": 19.90364163342867, ""reproj_shoulder_widths_p50"": 0.057932860093107455, ""unit_files"": 4.0, ""unit_flagged_frac"": 0.0, ""unit_hip_flexion_min"": 130.95807322211976, ""unit_knee_between_min"": 0.5493502095450444}",render
r4_326,fresh_pass_naturalistic_326_V00_S1042_I00000179_P0997_f0004122,V00_S1042_I00000179_P0997,naturalistic/train/0025/0023/V00_S1042_I00000179_P0997,naturalistic/train/0025/0021/V00_S1042_I00000179_P1065,fresh_pass_naturalistic,fresh,naturalistic,4122,V00,naturalistic,train,ipc_conversation,random draw from files passing all three detectors; participant not in the recheck cohort,"{""clip_anchored_on_fm2_violation"": false, ""flag_count"": 0, ""flags_fired"": """", ""fm1_hip_flexion_deg_p50"": 154.2366352662623, ""fm1_knee_between_torso_p50"": 0.5334894418321853, ""fm1_leg_over_torso_p50"": 1.4323558246663417, ""fm1_reasons"": """", ""fm1_shin_verticality_p50"": 0.9951559177110487, ""fm1_sitting_file"": false, ""fm1_sitting_participant"": false, ""fm1_unit"": ""0997@1042"", ""fm1_unit_basis"": ""none"", ""fm2_in_frame_and_valid_frac"": 0.9977876106194691, ""fm2_pass_frac_round3_joints_only"": 0.9986725663716814, ""fm2_smplh_valid_frac"": 1.0, ""fm2_surface_correction_px_p50"": 26.436993866100465, ""fm2_vertex_worst_inset_min_px"": -11.048190290620369, ""fm2_violation_run_max_frames"": 7.0, ""fm2_violation_runs"": 4.0, ""fm2_windowed_pass_frac"": 0.7142857142857143, ""fm3_static_frac"": 0.5426253687315634, ""observed_duration_s"": 226.0, ""reproj_px_p50"": 14.31027994031069, ""reproj_shoulder_widths_p50"": 0.05145576285533737, ""unit_files"": 2.0, ""unit_flagged_frac"": 0.0, ""unit_hip_flexion_min"": 154.2366352662623, ""unit_knee_between_min"": 0.5334894418321853}",render
r4_327,fresh_pass_naturalistic_327_V00_S0511_I00000138_P0654_f0000373,V00_S0511_I00000138_P0654,naturalistic/train/0014/0012/V00_S0511_I00000138_P0654,naturalistic/train/0014/0009/V00_S0511_I00000138_P0300,fresh_pass_naturalistic,fresh,naturalistic,373,V00,naturalistic,train,ipc_conversation,random draw from files passing all three detectors; participant not in the recheck cohort,"{""clip_anchored_on_fm2_violation"": false, ""flag_count"": 0, ""flags_fired"": """", ""fm1_hip_flexion_deg_p50"": 152.01297386544513, ""fm1_knee_between_torso_p50"": 0.619746413542026, ""fm1_leg_over_torso_p50"": 0.9152378712693798, ""fm1_reasons"": """", ""fm1_shin_verticality_p50"": 0.9993628543475496, ""fm1_sitting_file"": false, ""fm1_sitting_participant"": false, ""fm1_unit"": ""0654@0511"", ""fm1_unit_basis"": ""none"", ""fm2_in_frame_and_valid_frac"": 0.9983974358974359, ""fm2_pass_frac_round3_joints_only"": 0.9990384615384615, ""fm2_smplh_valid_frac"": 1.0, ""fm2_surface_correction_px_p50"": 54.00418510185909, ""fm2_vertex_worst_inset_min_px"": -21.398863875754273, ""fm2_violation_run_max_frames"": 4.0, ""fm2_violation_runs"": 2.0, ""fm2_windowed_pass_frac"": 0.6666666666666666, ""fm3_static_frac"": 0.3301282051282051, ""observed_duration_s"": 104.0, ""reproj_px_p50"": 30.656988999355587, ""reproj_shoulder_widths_p50"": 0.08865731614806431, ""unit_files"": 1.0, ""unit_flagged_frac"": 0.0, ""unit_hip_flexion_min"": 152.01297386544513, ""unit_knee_between_min"": 0.619746413542026}",render
r4_328,fresh_pass_naturalistic_328_V00_S0050_I00000138_P0078_f0000904,V00_S0050_I00000138_P0078,naturalistic/train/0000/0003/V00_S0050_I00000138_P0078,naturalistic/train/0000/0017/V00_S0050_I00000138_P0077,fresh_pass_naturalistic,fresh,naturalistic,904,V00,naturalistic,train,ipc_conversation,random draw from files passing all three detectors; participant not in the recheck cohort,"{""clip_anchored_on_fm2_violation"": false, ""flag_count"": 0, ""flags_fired"": """", ""fm1_hip_flexion_deg_p50"": 141.70052218990335, ""fm1_knee_between_torso_p50"": 0.5305579430860583, ""fm1_leg_over_torso_p50"": 1.2584472943124845, ""fm1_reasons"": """", ""fm1_shin_verticality_p50"": 0.9994449094509941, ""fm1_sitting_file"": false, ""fm1_sitting_participant"": false, ""fm1_unit"": ""0078@0050"", ""fm1_unit_basis"": ""none"", ""fm2_in_frame_and_valid_frac"": 1.0, ""fm2_pass_frac_round3_joints_only"": 1.0, ""fm2_smplh_valid_frac"": 1.0, ""fm2_surface_correction_px_p50"": 32.692944921093044, ""fm2_vertex_worst_inset_min_px"": 43.94072585258806, ""fm2_violation_run_max_frames"": 0.0, ""fm2_violation_runs"": 0.0, ""fm2_windowed_pass_frac"": 1.0, ""fm3_static_frac"": 0.574822695035461, ""observed_duration_s"": 94.0, ""reproj_px_p50"": 52.72501520056698, ""reproj_shoulder_widths_p50"": 0.159413779914364, ""unit_files"": 2.0, ""unit_flagged_frac"": 0.0, ""unit_hip_flexion_min"": 139.05947790217795, ""unit_knee_between_min"": 0.5247902592615564}",render
r4_329,fresh_pass_naturalistic_329_V00_S0351_I00000377_P0395_f0002536,V00_S0351_I00000377_P0395,naturalistic/train/0009/0010/V00_S0351_I00000377_P0395,naturalistic/train/0009/0031/V00_S0351_I00000377_P0300,fresh_pass_naturalistic,fresh,naturalistic,2536,V00,naturalistic,train,ipc_conversation,random draw from files passing all three detectors; participant not in the recheck cohort,"{""clip_anchored_on_fm2_violation"": false, ""flag_count"": 0, ""flags_fired"": """", ""fm1_hip_flexion_deg_p50"": 125.62303991942963, ""fm1_knee_between_torso_p50"": 0.5500838294201645, ""fm1_leg_over_torso_p50"": 0.9254418139569844, ""fm1_reasons"": """", ""fm1_shin_verticality_p50"": 0.9993628578384919, ""fm1_sitting_file"": false, ""fm1_sitting_participant"": false, ""fm1_unit"": ""0395@0351"", ""fm1_unit_basis"": ""none"", ""fm2_in_frame_and_valid_frac"": 1.0, ""fm2_pass_frac_round3_joints_only"": 1.0, ""fm2_smplh_valid_frac"": 1.0, ""fm2_surface_correction_px_p50"": 51.20453849350622, ""fm2_vertex_worst_inset_min_px"": 24.642545650513057, ""fm2_violation_run_max_frames"": 0.0, ""fm2_violation_runs"": 0.0, ""fm2_windowed_pass_frac"": 1.0, ""fm3_static_frac"": 0.5311827956989247, ""observed_duration_s"": 124.0, ""reproj_px_p50"": 41.15105557378547, ""reproj_shoulder_widths_p50"": 0.1110290209255464, ""unit_files"": 3.0, ""unit_flagged_frac"": 0.0, ""unit_hip_flexion_min"": 125.62303991942963, ""unit_knee_between_min"": 0.5500838294201645}",render
r4_330,fresh_pass_naturalistic_330_V00_S0738_I00000514_P0882_f0006402,V00_S0738_I00000514_P0882,naturalistic/train/0021/0001/V00_S0738_I00000514_P0882,naturalistic/train/0021/0038/V00_S0738_I00000514_P0881,fresh_pass_naturalistic,fresh,naturalistic,6402,V00,naturalistic,train,ipc_conversation,random draw from files passing all three detectors; participant not in the recheck cohort,"{""clip_anchored_on_fm2_violation"": false, ""flag_count"": 0, ""flags_fired"": """", ""fm1_hip_flexion_deg_p50"": 126.8236550706691, ""fm1_knee_between_torso_p50"": 0.5335869473761505, ""fm1_leg_over_torso_p50"": 0.8751027801178071, ""fm1_reasons"": """", ""fm1_shin_verticality_p50"": 0.9992009720828801, ""fm1_sitting_file"": false, ""fm1_sitting_participant"": false, ""fm1_unit"": ""0882@0738"", ""fm1_unit_basis"": ""none"", ""fm2_in_frame_and_valid_frac"": 0.9824146981627296, ""fm2_pass_frac_round3_joints_only"": 0.9888451443569554, ""fm2_smplh_valid_frac"": 1.0, ""fm2_surface_correction_px_p50"": 44.461124389170664, ""fm2_vertex_worst_inset_min_px"": -98.18188419450507, ""fm2_violation_run_max_frames"": 50.0, ""fm2_violation_runs"": 22.0, ""fm2_windowed_pass_frac"": 0.75, ""fm3_static_frac"": 0.01062992125984252, ""observed_duration_s"": 254.0, ""reproj_px_p50"": 33.02732063097415, ""reproj_shoulder_widths_p50"": 0.08705311400247275, ""unit_files"": 2.0, ""unit_flagged_frac"": 0.0, ""unit_hip_flexion_min"": 126.39488111193992, ""unit_knee_between_min"": 0.529170973709645}",render
r4_331,fresh_pass_naturalistic_331_V00_S0624_I00000139_P0777_f0000690,V00_S0624_I00000139_P0777,naturalistic/train/0018/0044/V00_S0624_I00000139_P0777,naturalistic/train/0018/0004/V00_S0624_I00000139_P0560,fresh_pass_naturalistic,fresh,naturalistic,690,V00,naturalistic,train,ipc_conversation,random draw from files passing all three detectors; participant not in the recheck cohort,"{""clip_anchored_on_fm2_violation"": false, ""flag_count"": 0, ""flags_fired"": """", ""fm1_hip_flexion_deg_p50"": 146.29770809798777, ""fm1_knee_between_torso_p50"": 0.6294353962005536, ""fm1_leg_over_torso_p50"": 1.0471717718280495, ""fm1_reasons"": """", ""fm1_shin_verticality_p50"": 0.9976303290668709, ""fm1_sitting_file"": false, ""fm1_sitting_participant"": false, ""fm1_unit"": ""0777@0624"", ""fm1_unit_basis"": ""none"", ""fm2_in_frame_and_valid_frac"": 1.0, ""fm2_pass_frac_round3_joints_only"": 1.0, ""fm2_smplh_valid_frac"": 1.0, ""fm2_surface_correction_px_p50"": 47.55886207201024, ""fm2_vertex_worst_inset_min_px"": 27.896440005019485, ""fm2_violation_run_max_frames"": 0.0, ""fm2_violation_runs"": 0.0, ""fm2_windowed_pass_frac"": 1.0, ""fm3_static_frac"": 0.6877358490566038, ""observed_duration_s"": 106.0, ""reproj_px_p50"": 46.685578432723375, ""reproj_shoulder_widths_p50"": 0.13503077434440935, ""unit_files"": 1.0, ""unit_flagged_frac"": 0.0, ""unit_hip_flexion_min"": 146.29770809798777, ""unit_knee_between_min"": 0.6294353962005536}",render
r4_332,fresh_pass_naturalistic_332_V00_S0584_I00000520_P0736_f0009379,V00_S0584_I00000520_P0736,naturalistic/train/0016/0016/V00_S0584_I00000520_P0736,naturalistic/train/0016/0041/V00_S0584_I00000520_P0737,fresh_pass_naturalistic,fresh,naturalistic,9379,V00,naturalistic,train,grounded_gesture,random draw from files passing all three detectors; participant not in the recheck cohort,"{""clip_anchored_on_fm2_violation"": false, ""flag_count"": 0, ""flags_fired"": """", ""fm1_hip_flexion_deg_p50"": 166.18076647381704, ""fm1_knee_between_torso_p50"": 0.6063552179044196, ""fm1_leg_over_torso_p50"": 1.2537383509345856, ""fm1_reasons"": """", ""fm1_shin_verticality_p50"": 0.9996144123266848, ""fm1_sitting_file"": false, ""fm1_sitting_participant"": false, ""fm1_unit"": ""0736@0584"", ""fm1_unit_basis"": ""none"", ""fm2_in_frame_and_valid_frac"": 0.9988151658767772, ""fm2_pass_frac_round3_joints_only"": 0.99913112164297, ""fm2_smplh_valid_frac"": 1.0, ""fm2_surface_correction_px_p50"": 45.07569065940754, ""fm2_vertex_worst_inset_min_px"": -86.89512242262686, ""fm2_violation_run_max_frames"": 6.0, ""fm2_violation_runs"": 5.0, ""fm2_windowed_pass_frac"": 0.8571428571428571, ""fm3_static_frac"": 0.6759083728278041, ""observed_duration_s"": 422.0, ""reproj_px_p50"": 20.906959409440038, ""reproj_shoulder_widths_p50"": 0.0640825200016947, ""unit_files"": 3.0, ""unit_flagged_frac"": 0.0, ""unit_hip_flexion_min"": 159.98346085319668, ""unit_knee_between_min"": 0.5988520522570191}",render
r4_333,fresh_pass_naturalistic_333_V00_S0701_I00000488_P0856_f0001185,V00_S0701_I00000488_P0856,naturalistic/train/0020/0010/V00_S0701_I00000488_P0856,naturalistic/train/0020/0026/V00_S0701_I00000488_P0857,fresh_pass_naturalistic,fresh,naturalistic,1185,V00,naturalistic,train,ipc_conversation,random draw from files passing all three detectors; participant not in the recheck cohort,"{""clip_anchored_on_fm2_violation"": false, ""flag_count"": 0, ""flags_fired"": """", ""fm1_hip_flexion_deg_p50"": 148.85171317644256, ""fm1_knee_between_torso_p50"": 0.5152334653903803, ""fm1_leg_over_torso_p50"": 1.431118359533678, ""fm1_reasons"": """", ""fm1_shin_verticality_p50"": 0.9997166750378979, ""fm1_sitting_file"": false, ""fm1_sitting_participant"": false, ""fm1_unit"": ""0856@0701"", ""fm1_unit_basis"": ""none"", ""fm2_in_frame_and_valid_frac"": 1.0, ""fm2_pass_frac_round3_joints_only"": 1.0, ""fm2_smplh_valid_frac"": 1.0, ""fm2_surface_correction_px_p50"": 27.227299292010457, ""fm2_vertex_worst_inset_min_px"": 91.38798667266371, ""fm2_violation_run_max_frames"": 0.0, ""fm2_violation_runs"": 0.0, ""fm2_windowed_pass_frac"": 1.0, ""fm3_static_frac"": 0.4914414414414414, ""observed_duration_s"": 148.0, ""reproj_px_p50"": 39.988499823935115, ""reproj_shoulder_widths_p50"": 0.11880092452594107, ""unit_files"": 1.0, ""unit_flagged_frac"": 0.0, ""unit_hip_flexion_min"": 148.85171317644256, ""unit_knee_between_min"": 0.5152334653903803}",render
r4_334,fresh_pass_naturalistic_334_V00_S0344_I00000488_P0461_f0001552,V00_S0344_I00000488_P0461,naturalistic/train/0008/0004/V00_S0344_I00000488_P0461,naturalistic/train/0008/0018/V00_S0344_I00000488_P0460,fresh_pass_naturalistic,fresh,naturalistic,1552,V00,naturalistic,train,ipc_conversation,random draw from files passing all three detectors; participant not in the recheck cohort,"{""clip_anchored_on_fm2_violation"": false, ""flag_count"": 0, ""flags_fired"": """", ""fm1_hip_flexion_deg_p50"": 135.73384370582647, ""fm1_knee_between_torso_p50"": 0.4801290747299185, ""fm1_leg_over_torso_p50"": 1.471237700064001, ""fm1_reasons"": """", ""fm1_shin_verticality_p50"": 0.9970544725799924, ""fm1_sitting_file"": false, ""fm1_sitting_participant"": false, ""fm1_unit"": ""0461@0344"", ""fm1_unit_basis"": ""none"", ""fm2_in_frame_and_valid_frac"": 0.9910984848484848, ""fm2_pass_frac_round3_joints_only"": 0.9946969696969697, ""fm2_smplh_valid_frac"": 1.0, ""fm2_surface_correction_px_p50"": 36.57583563087587, ""fm2_vertex_worst_inset_min_px"": -32.16346288888337, ""fm2_violation_run_max_frames"": 14.0, ""fm2_violation_runs"": 11.0, ""fm2_windowed_pass_frac"": 0.6, ""fm3_static_frac"": 0.7066287878787879, ""observed_duration_s"": 176.0, ""reproj_px_p50"": 18.126443789855067, ""reproj_shoulder_widths_p50"": 0.04991765311225204, ""unit_files"": 3.0, ""unit_flagged_frac"": 0.0, ""unit_hip_flexion_min"": 134.9427472448608, ""unit_knee_between_min"": 0.47949521494799086}",render
r4_335,fresh_pass_naturalistic_335_V00_S0352_I00000483_P0472_f0000714,V00_S0352_I00000483_P0472,naturalistic/train/0009/0015/V00_S0352_I00000483_P0472,naturalistic/train/0009/0008/V00_S0352_I00000483_P0471,fresh_pass_naturalistic,fresh,naturalistic,714,V00,naturalistic,train,ipc_conversation,random draw from files passing all three detectors; participant not in the recheck cohort,"{""clip_anchored_on_fm2_violation"": false, ""flag_count"": 0, ""flags_fired"": """", ""fm1_hip_flexion_deg_p50"": 144.03525133426697, ""fm1_knee_between_torso_p50"": 0.5409037909724927, ""fm1_leg_over_torso_p50"": 1.13714178115579, ""fm1_reasons"": """", ""fm1_shin_verticality_p50"": 0.9995120846156075, ""fm1_sitting_file"": false, ""fm1_sitting_participant"": false, ""fm1_unit"": ""0472@0352"", ""fm1_unit_basis"": ""none"", ""fm2_in_frame_and_valid_frac"": 0.9984633569739952, ""fm2_pass_frac_round3_joints_only"": 0.9990543735224586, ""fm2_smplh_valid_frac"": 1.0, ""fm2_surface_correction_px_p50"": 36.92573590822474, ""fm2_vertex_worst_inset_min_px"": -23.126587880023294, ""fm2_violation_run_max_frames"": 9.0, ""fm2_violation_runs"": 3.0, ""fm2_windowed_pass_frac"": 0.8888888888888888, ""fm3_static_frac"": 0.09976359338061466, ""observed_duration_s"": 282.0, ""reproj_px_p50"": 50.7113079253413, ""reproj_shoulder_widths_p50"": 0.13287475585516945, ""unit_files"": 4.0, ""unit_flagged_frac"": 0.0, ""unit_hip_flexion_min"": 139.9738446135303, ""unit_knee_between_min"": 0.5222748530281115}",render
r4_336,fresh_pass_naturalistic_336_V00_S0380_I00000477_P0307_f0002016,V00_S0380_I00000477_P0307,naturalistic/train/0010/0024/V00_S0380_I00000477_P0307,naturalistic/train/0010/0032/V00_S0380_I00000477_P0504,fresh_pass_naturalistic,fresh,naturalistic,2016,V00,naturalistic,train,ipc_conversation,random draw from files passing all three detectors; participant not in the recheck cohort,"{""clip_anchored_on_fm2_violation"": false, ""flag_count"": 0, ""flags_fired"": """", ""fm1_hip_flexion_deg_p50"": 164.53497632986756, ""fm1_knee_between_torso_p50"": 0.5740560837946652, ""fm1_leg_over_torso_p50"": 1.309994822692806, ""fm1_reasons"": """", ""fm1_shin_verticality_p50"": 0.9996349673872452, ""fm1_sitting_file"": false, ""fm1_sitting_participant"": false, ""fm1_unit"": ""0307@0380"", ""fm1_unit_basis"": ""none"", ""fm2_in_frame_and_valid_frac"": 1.0, ""fm2_pass_frac_round3_joints_only"": 1.0, ""fm2_smplh_valid_frac"": 1.0, ""fm2_surface_correction_px_p50"": 38.25747116124626, ""fm2_vertex_worst_inset_min_px"": 68.0087940567015, ""fm2_violation_run_max_frames"": 0.0, ""fm2_violation_runs"": 0.0, ""fm2_windowed_pass_frac"": 1.0, ""fm3_static_frac"": 0.09041095890410959, ""observed_duration_s"": 146.0, ""reproj_px_p50"": 40.66877862349085, ""reproj_shoulder_widths_p50"": 0.12951684844794176, ""unit_files"": 3.0, ""unit_flagged_frac"": 0.0, ""unit_hip_flexion_min"": 161.2529909561119, ""unit_knee_between_min"": 0.5600763525542951}",render
r4_337,fresh_pass_naturalistic_337_V00_S1986_I00000265_P1241_f0007180,V00_S1986_I00000265_P1241,naturalistic/train/0032/0039/V00_S1986_I00000265_P1241,naturalistic/train/0032/0040/V00_S1986_I00000265_P0544,fresh_pass_naturalistic,fresh,naturalistic,7180,V00,naturalistic,train,ipc_conversation,random draw from files passing all three detectors; participant not in the recheck cohort,"{""clip_anchored_on_fm2_violation"": false, ""flag_count"": 0, ""flags_fired"": """", ""fm1_hip_flexion_deg_p50"": 143.91849237118356, ""fm1_knee_between_torso_p50"": 0.5955702686558966, ""fm1_leg_over_torso_p50"": 1.0829386909306897, ""fm1_reasons"": """", ""fm1_shin_verticality_p50"": 0.9994449091994003, ""fm1_sitting_file"": false, ""fm1_sitting_participant"": false, ""fm1_unit"": ""1241@1986"", ""fm1_unit_basis"": ""none"", ""fm2_in_frame_and_valid_frac"": 1.0, ""fm2_pass_frac_round3_joints_only"": 1.0, ""fm2_smplh_valid_frac"": 1.0, ""fm2_surface_correction_px_p50"": 46.67378292852641, ""fm2_vertex_worst_inset_min_px"": 54.91162972772872, ""fm2_violation_run_max_frames"": 0.0, ""fm2_violation_runs"": 0.0, ""fm2_windowed_pass_frac"": 1.0, ""fm3_static_frac"": 0.27984934086629004, ""observed_duration_s"": 354.0, ""reproj_px_p50"": 45.84186299685641, ""reproj_shoulder_widths_p50"": 0.13007389865928226, ""unit_files"": 2.0, ""unit_flagged_frac"": 0.0, ""unit_hip_flexion_min"": 143.91849237118356, ""unit_knee_between_min"": 0.5913516536705584}",render
r4_338,fresh_pass_naturalistic_338_V00_S0113_I00000479_P0008_f0000076,V00_S0113_I00000479_P0008,naturalistic/train/0002/0013/V00_S0113_I00000479_P0008,naturalistic/train/0002/0015/V00_S0113_I00000479_P0164,fresh_pass_naturalistic,fresh,naturalistic,76,V00,naturalistic,train,ipc_conversation,random draw from files passing all three detectors; participant not in the recheck cohort,"{""clip_anchored_on_fm2_violation"": false, ""flag_count"": 0, ""flags_fired"": """", ""fm1_hip_flexion_deg_p50"": 108.98652549243278, ""fm1_knee_between_torso_p50"": 0.43133795965552035, ""fm1_leg_over_torso_p50"": 0.8131275723047574, ""fm1_reasons"": """", ""fm1_shin_verticality_p50"": 0.9989685238977799, ""fm1_sitting_file"": false, ""fm1_sitting_participant"": false, ""fm1_unit"": ""0008@0113"", ""fm1_unit_basis"": ""none"", ""fm2_in_frame_and_valid_frac"": 0.9982142857142857, ""fm2_pass_frac_round3_joints_only"": 0.9983630952380952, ""fm2_smplh_valid_frac"": 1.0, ""fm2_surface_correction_px_p50"": 51.76059177893319, ""fm2_vertex_worst_inset_min_px"": -28.327721039350763, ""fm2_violation_run_max_frames"": 5.0, ""fm2_violation_runs"": 3.0, ""fm2_windowed_pass_frac"": 0.7142857142857143, ""fm3_static_frac"": 0.734375, ""observed_duration_s"": 224.0, ""reproj_px_p50"": 22.419874415578022, ""reproj_shoulder_widths_p50"": 0.057595435738846686, ""unit_files"": 3.0, ""unit_flagged_frac"": 0.3333333333333333, ""unit_hip_flexion_min"": 105.84884001586397, ""unit_knee_between_min"": 0.3938051832489503}",render
r4_339,fresh_pass_naturalistic_339_V00_S1289_I00000152_P0709_f0003382,V00_S1289_I00000152_P0709,naturalistic/train/0026/0031/V00_S1289_I00000152_P0709,naturalistic/train/0026/0050/V00_S1289_I00000152_P1120,fresh_pass_naturalistic,fresh,naturalistic,3382,V00,naturalistic,train,ipc_conversation,random draw from files passing all three detectors; participant not in the recheck cohort,"{""clip_anchored_on_fm2_violation"": false, ""flag_count"": 0, ""flags_fired"": """", ""fm1_hip_flexion_deg_p50"": 162.63038320460407, ""fm1_knee_between_torso_p50"": 0.5858738321229844, ""fm1_leg_over_torso_p50"": 1.2461202117283046, ""fm1_reasons"": """", ""fm1_shin_verticality_p50"": 0.9984603436998318, ""fm1_sitting_file"": false, ""fm1_sitting_participant"": false, ""fm1_unit"": ""0709@1289"", ""fm1_unit_basis"": ""none"", ""fm2_in_frame_and_valid_frac"": 1.0, ""fm2_pass_frac_round3_joints_only"": 1.0, ""fm2_smplh_valid_frac"": 1.0, ""fm2_surface_correction_px_p50"": 35.91538235113967, ""fm2_vertex_worst_inset_min_px"": 56.94530398610118, ""fm2_violation_run_max_frames"": 0.0, ""fm2_violation_runs"": 0.0, ""fm2_windowed_pass_frac"": 1.0, ""fm3_static_frac"": 0.29541666666666666, ""observed_duration_s"": 160.0, ""reproj_px_p50"": 36.140969267906286, ""reproj_shoulder_widths_p50"": 0.11792253215623813, ""unit_files"": 2.0, ""unit_flagged_frac"": 0.0, ""unit_hip_flexion_min"": 160.20705805332705, ""unit_knee_between_min"": 0.5858738321229844}",render
r4_340,fresh_pass_naturalistic_340_V00_S0419_I00000483_P0552_f0001516,V00_S0419_I00000483_P0552,naturalistic/train/0011/0015/V00_S0419_I00000483_P0552,naturalistic/train/0011/0038/V00_S0419_I00000483_P0377,fresh_pass_naturalistic,fresh,naturalistic,1516,V00,naturalistic,train,ipc_conversation,random draw from files passing all three detectors; participant not in the recheck cohort,"{""clip_anchored_on_fm2_violation"": false, ""flag_count"": 0, ""flags_fired"": """", ""fm1_hip_flexion_deg_p50"": 134.8605847945943, ""fm1_knee_between_torso_p50"": 0.5656312367042924, ""fm1_leg_over_torso_p50"": 0.957422775571231, ""fm1_reasons"": """", ""fm1_shin_verticality_p50"": 1.0, ""fm1_sitting_file"": false, ""fm1_sitting_participant"": false, ""fm1_unit"": ""0552@0419"", ""fm1_unit_basis"": ""none"", ""fm2_in_frame_and_valid_frac"": 1.0, ""fm2_pass_frac_round3_joints_only"": 1.0, ""fm2_smplh_valid_frac"": 1.0, ""fm2_surface_correction_px_p50"": 49.62576819992296, ""fm2_vertex_worst_inset_min_px"": 38.50110096073769, ""fm2_violation_run_max_frames"": 0.0, ""fm2_violation_runs"": 0.0, ""fm2_windowed_pass_frac"": 1.0, ""fm3_static_frac"": 0.6298780487804878, ""observed_duration_s"": 164.0, ""reproj_px_p50"": 25.03414473253129, ""reproj_shoulder_widths_p50"": 0.06205217668522555, ""unit_files"": 4.0, ""unit_flagged_frac"": 0.0, ""unit_hip_flexion_min"": 134.8605847945943, ""unit_knee_between_min"": 0.5656312367042924}",render
r4_341,fresh_pass_naturalistic_341_V00_S1823_I00000274_P0115_f0000036,V00_S1823_I00000274_P0115,naturalistic/dev/0001/0007/V00_S1823_I00000274_P0115,naturalistic/dev/0001/0040/V00_S1823_I00000274_P1174,fresh_pass_naturalistic,fresh,naturalistic,36,V00,naturalistic,dev,ipc_conversation,random draw from files passing all three detectors; participant not in the recheck cohort,"{""clip_anchored_on_fm2_violation"": false, ""flag_count"": 0, ""flags_fired"": """", ""fm1_hip_flexion_deg_p50"": 167.01952706576515, ""fm1_knee_between_torso_p50"": 0.5790272554087235, ""fm1_leg_over_torso_p50"": 1.2566974693239783, ""fm1_reasons"": """", ""fm1_shin_verticality_p50"": 0.9996144171776677, ""fm1_sitting_file"": false, ""fm1_sitting_participant"": false, ""fm1_unit"": ""0115@1823"", ""fm1_unit_basis"": ""none"", ""fm2_in_frame_and_valid_frac"": 0.9873983739837399, ""fm2_pass_frac_round3_joints_only"": 0.9947154471544716, ""fm2_smplh_valid_frac"": 1.0, ""fm2_surface_correction_px_p50"": 28.740215985170835, ""fm2_vertex_worst_inset_min_px"": -14.412155294848617, ""fm2_violation_run_max_frames"": 29.0, ""fm2_violation_runs"": 5.0, ""fm2_windowed_pass_frac"": 0.6, ""fm3_static_frac"": 0.023983739837398373, ""observed_duration_s"": 164.0, ""reproj_px_p50"": 24.824415228954567, ""reproj_shoulder_widths_p50"": 0.08729348085143322, ""unit_files"": 2.0, ""unit_flagged_frac"": 0.0, ""unit_hip_flexion_min"": 167.01952706576515, ""unit_knee_between_min"": 0.575052056593825}",render
r4_342,fresh_pass_naturalistic_342_V00_S0699_I00000135_P0850_f0001079,V00_S0699_I00000135_P0850,naturalistic/train/0020/0040/V00_S0699_I00000135_P0850,naturalistic/train/0020/0033/V00_S0699_I00000135_P0849,fresh_pass_naturalistic,fresh,naturalistic,1079,V00,naturalistic,train,collaborative_storytelling,random draw from files passing all three detectors; participant not in the recheck cohort,"{""clip_anchored_on_fm2_violation"": false, ""flag_count"": 0, ""flags_fired"": """", ""fm1_hip_flexion_deg_p50"": 122.8791726790823, ""fm1_knee_between_torso_p50"": 0.4929862119440791, ""fm1_leg_over_torso_p50"": 0.9087611598605796, ""fm1_reasons"": """", ""fm1_shin_verticality_p50"": 0.9994448990234845, ""fm1_sitting_file"": false, ""fm1_sitting_participant"": false, ""fm1_unit"": ""0850@0699"", ""fm1_unit_basis"": ""none"", ""fm2_in_frame_and_valid_frac"": 0.9867724867724867, ""fm2_pass_frac_round3_joints_only"": 0.9873015873015873, ""fm2_smplh_valid_frac"": 1.0, ""fm2_surface_correction_px_p50"": 41.96281349638866, ""fm2_vertex_worst_inset_min_px"": -39.251817074925384, ""fm2_violation_run_max_frames"": 45.0, ""fm2_violation_runs"": 2.0, ""fm2_windowed_pass_frac"": 0.75, ""fm3_static_frac"": 0.5595238095238095, ""observed_duration_s"": 126.0, ""reproj_px_p50"": 47.076716908084514, ""reproj_shoulder_widths_p50"": 0.12320983449123626, ""unit_files"": 2.0, ""unit_flagged_frac"": 0.0, ""unit_hip_flexion_min"": 116.88669471332457, ""unit_knee_between_min"": 0.46147851774856097}",render
r4_343,fresh_pass_naturalistic_343_V00_S0507_I00000378_P0649_f0000122,V00_S0507_I00000378_P0649,naturalistic/train/0014/0016/V00_S0507_I00000378_P0649,naturalistic/train/0014/0040/V00_S0507_I00000378_P0119,fresh_pass_naturalistic,fresh,naturalistic,122,V00,naturalistic,train,ipc_conversation,random draw from files passing all three detectors; participant not in the recheck cohort,"{""clip_anchored_on_fm2_violation"": false, ""flag_count"": 0, ""flags_fired"": """", ""fm1_hip_flexion_deg_p50"": 151.9175422438372, ""fm1_knee_between_torso_p50"": 0.51554147460301, ""fm1_leg_over_torso_p50"": 1.6486815660098708, ""fm1_reasons"": """", ""fm1_shin_verticality_p50"": 0.9976836937147698, ""fm1_sitting_file"": false, ""fm1_sitting_participant"": false, ""fm1_unit"": ""0649@0507"", ""fm1_unit_basis"": ""none"", ""fm2_in_frame_and_valid_frac"": 1.0, ""fm2_pass_frac_round3_joints_only"": 1.0, ""fm2_smplh_valid_frac"": 1.0, ""fm2_surface_correction_px_p50"": 30.62626611876192, ""fm2_vertex_worst_inset_min_px"": 53.03253734222176, ""fm2_violation_run_max_frames"": 0.0, ""fm2_violation_runs"": 0.0, ""fm2_windowed_pass_frac"": 1.0, ""fm3_static_frac"": 0.02962962962962963, ""observed_duration_s"": 36.0, ""reproj_px_p50"": 21.750169408487594, ""reproj_shoulder_widths_p50"": 0.0726122665855397, ""unit_files"": 4.0, ""unit_flagged_frac"": 0.0, ""unit_hip_flexion_min"": 147.938994048359, ""unit_knee_between_min"": 0.5070849808655895}",render
r4_344,fresh_pass_naturalistic_344_V00_S0467_I00000139_P0600_f0000674,V00_S0467_I00000139_P0600,naturalistic/train/0012/0032/V00_S0467_I00000139_P0600,naturalistic/train/0012/0042/V00_S0467_I00000139_P0606,fresh_pass_naturalistic,fresh,naturalistic,674,V00,naturalistic,train,ipc_conversation,random draw from files passing all three detectors; participant not in the recheck cohort,"{""clip_anchored_on_fm2_violation"": false, ""flag_count"": 0, ""flags_fired"": """", ""fm1_hip_flexion_deg_p50"": 150.875411406096, ""fm1_knee_between_torso_p50"": 0.5334182952341153, ""fm1_leg_over_torso_p50"": 1.4514497324819713, ""fm1_reasons"": """", ""fm1_shin_verticality_p50"": 0.9974586979968711, ""fm1_sitting_file"": false, ""fm1_sitting_participant"": false, ""fm1_unit"": ""0600@0467"", ""fm1_unit_basis"": ""none"", ""fm2_in_frame_and_valid_frac"": 1.0, ""fm2_pass_frac_round3_joints_only"": 1.0, ""fm2_smplh_valid_frac"": 1.0, ""fm2_surface_correction_px_p50"": 31.244400736510443, ""fm2_vertex_worst_inset_min_px"": 66.69793628278421, ""fm2_violation_run_max_frames"": 0.0, ""fm2_violation_runs"": 0.0, ""fm2_windowed_pass_frac"": 1.0, ""fm3_static_frac"": 0.5098958333333333, ""observed_duration_s"": 128.0, ""reproj_px_p50"": 37.02904379194099, ""reproj_shoulder_widths_p50"": 0.11209610696143862, ""unit_files"": 2.0, ""unit_flagged_frac"": 0.0, ""unit_hip_flexion_min"": 150.875411406096, ""unit_knee_between_min"": 0.5334182952341153}",render
r4_345,fresh_pass_naturalistic_345_V00_S0923_I00000520_P0844_f0004836,V00_S0923_I00000520_P0844,naturalistic/train/0024/0017/V00_S0923_I00000520_P0844,naturalistic/train/0024/0017/V00_S0923_I00000520_P0791,fresh_pass_naturalistic,fresh,naturalistic,4836,V00,naturalistic,train,grounded_gesture,random draw from files passing all three detectors; participant not in the recheck cohort,"{""clip_anchored_on_fm2_violation"": false, ""flag_count"": 0, ""flags_fired"": """", ""fm1_hip_flexion_deg_p50"": 140.05651347018343, ""fm1_knee_between_torso_p50"": 0.5066904064841394, ""fm1_leg_over_torso_p50"": 1.5360956064665934, ""fm1_reasons"": """", ""fm1_shin_verticality_p50"": 1.0, ""fm1_sitting_file"": false, ""fm1_sitting_participant"": false, ""fm1_unit"": ""0844@0923"", ""fm1_unit_basis"": ""none"", ""fm2_in_frame_and_valid_frac"": 1.0, ""fm2_pass_frac_round3_joints_only"": 1.0, ""fm2_smplh_valid_frac"": 1.0, ""fm2_surface_correction_px_p50"": 45.74235771391284, ""fm2_vertex_worst_inset_min_px"": 18.555870366586532, ""fm2_violation_run_max_frames"": 0.0, ""fm2_violation_runs"": 0.0, ""fm2_windowed_pass_frac"": 1.0, ""fm3_static_frac"": 0.6556047197640118, ""observed_duration_s"": 226.0, ""reproj_px_p50"": 18.670685499580348, ""reproj_shoulder_widths_p50"": 0.06244649212675869, ""unit_files"": 3.0, ""unit_flagged_frac"": 0.0, ""unit_hip_flexion_min"": 138.8999808290933, ""unit_knee_between_min"": 0.5066708532954325}",render
r4_346,fresh_pass_naturalistic_346_V00_S0992_I00000097_P1053_f0001241,V00_S0992_I00000097_P1053,naturalistic/train/0025/0008/V00_S0992_I00000097_P1053,naturalistic/train/0025/0045/V00_S0992_I00000097_P1052,fresh_pass_naturalistic,fresh,naturalistic,1241,V00,naturalistic,train,ipc_conversation,random draw from files passing all three detectors; participant not in the recheck cohort,"{""clip_anchored_on_fm2_violation"": false, ""flag_count"": 0, ""flags_fired"": """", ""fm1_hip_flexion_deg_p50"": 159.34820248065122, ""fm1_knee_between_torso_p50"": 0.5482362782803515, ""fm1_leg_over_torso_p50"": 1.4659229282321826, ""fm1_reasons"": """", ""fm1_shin_verticality_p50"": 0.9987523449323016, ""fm1_sitting_file"": false, ""fm1_sitting_participant"": false, ""fm1_unit"": ""1053@0992"", ""fm1_unit_basis"": ""none"", ""fm2_in_frame_and_valid_frac"": 1.0, ""fm2_pass_frac_round3_joints_only"": 1.0, ""fm2_smplh_valid_frac"": 1.0, ""fm2_surface_correction_px_p50"": 22.156606740878374, ""fm2_vertex_worst_inset_min_px"": 117.16124076022493, ""fm2_violation_run_max_frames"": 0.0, ""fm2_violation_runs"": 0.0, ""fm2_windowed_pass_frac"": 1.0, ""fm3_static_frac"": 0.6128109452736319, ""observed_duration_s"": 268.0, ""reproj_px_p50"": 30.092753545638057, ""reproj_shoulder_widths_p50"": 0.09383008304307212, ""unit_files"": 2.0, ""unit_flagged_frac"": 0.0, ""unit_hip_flexion_min"": 149.27110267171736, ""unit_knee_between_min"": 0.5235014489459572}",render
r4_347,fresh_pass_naturalistic_347_V00_S0346_I00000462_P0464_f0000067,V00_S0346_I00000462_P0464,naturalistic/train/0009/0000/V00_S0346_I00000462_P0464,naturalistic/train/0009/0037/V00_S0346_I00000462_P0089,fresh_pass_naturalistic,fresh,naturalistic,67,V00,naturalistic,train,ipc_conversation,random draw from files passing all three detectors; participant not in the recheck cohort,"{""clip_anchored_on_fm2_violation"": false, ""flag_count"": 0, ""flags_fired"": """", ""fm1_hip_flexion_deg_p50"": 159.69483476589522, ""fm1_knee_between_torso_p50"": 0.570354886186266, ""fm1_leg_over_torso_p50"": 1.2225842789017807, ""fm1_reasons"": """", ""fm1_shin_verticality_p50"": 0.9996349627615202, ""fm1_sitting_file"": false, ""fm1_sitting_participant"": false, ""fm1_unit"": ""0464@0346"", ""fm1_unit_basis"": ""none"", ""fm2_in_frame_and_valid_frac"": 1.0, ""fm2_pass_frac_round3_joints_only"": 1.0, ""fm2_smplh_valid_frac"": 1.0, ""fm2_surface_correction_px_p50"": 32.97963477049984, ""fm2_vertex_worst_inset_min_px"": 98.75405535869209, ""fm2_violation_run_max_frames"": 0.0, ""fm2_violation_runs"": 0.0, ""fm2_windowed_pass_frac"": 1.0, ""fm3_static_frac"": 0.019623655913978494, ""observed_duration_s"": 124.0, ""reproj_px_p50"": 18.606333765549643, ""reproj_shoulder_widths_p50"": 0.05365693868234982, ""unit_files"": 1.0, ""unit_flagged_frac"": 0.0, ""unit_hip_flexion_min"": 159.69483476589522, ""unit_knee_between_min"": 0.570354886186266}",render
r4_348,fresh_pass_naturalistic_348_V00_S0559_I00000486_P0072_f0001878,V00_S0559_I00000486_P0072,naturalistic/train/0015/0025/V00_S0559_I00000486_P0072,naturalistic/train/0015/0040/V00_S0559_I00000486_P0368,fresh_pass_naturalistic,fresh,naturalistic,1878,V00,naturalistic,train,ipc_conversation,random draw from files passing all three detectors; participant not in the recheck cohort,"{""clip_anchored_on_fm2_violation"": false, ""flag_count"": 0, ""flags_fired"": """", ""fm1_hip_flexion_deg_p50"": 132.64889129240274, ""fm1_knee_between_torso_p50"": 0.5193098154413117, ""fm1_leg_over_torso_p50"": 1.1134690541044228, ""fm1_reasons"": """", ""fm1_shin_verticality_p50"": 0.9956342369422859, ""fm1_sitting_file"": false, ""fm1_sitting_participant"": false, ""fm1_unit"": ""0072@0559"", ""fm1_unit_basis"": ""none"", ""fm2_in_frame_and_valid_frac"": 1.0, ""fm2_pass_frac_round3_joints_only"": 1.0, ""fm2_smplh_valid_frac"": 1.0, ""fm2_surface_correction_px_p50"": 42.965103942320866, ""fm2_vertex_worst_inset_min_px"": 17.706537305680627, ""fm2_violation_run_max_frames"": 0.0, ""fm2_violation_runs"": 0.0, ""fm2_windowed_pass_frac"": 1.0, ""fm3_static_frac"": 0.6210416666666667, ""observed_duration_s"": 160.0, ""reproj_px_p50"": 43.83791946586247, ""reproj_shoulder_widths_p50"": 0.11878898455963315, ""unit_files"": 1.0, ""unit_flagged_frac"": 0.0, ""unit_hip_flexion_min"": 132.64889129240274, ""unit_knee_between_min"": 0.5193098154413117}",render
r4_349,fresh_pass_naturalistic_349_V00_S0595_I00000374_P0751_f0003858,V00_S0595_I00000374_P0751,naturalistic/train/0017/0009/V00_S0595_I00000374_P0751,naturalistic/train/0017/0043/V00_S0595_I00000374_P0298,fresh_pass_naturalistic,fresh,naturalistic,3858,V00,naturalistic,train,ipc_conversation,random draw from files passing all three detectors; participant not in the recheck cohort,"{""clip_anchored_on_fm2_violation"": false, ""flag_count"": 0, ""flags_fired"": """", ""fm1_hip_flexion_deg_p50"": 125.68766214092733, ""fm1_knee_between_torso_p50"": 0.5453489257298598, ""fm1_leg_over_torso_p50"": 0.9555841061418466, ""fm1_reasons"": """", ""fm1_shin_verticality_p50"": 0.9994449016152234, ""fm1_sitting_file"": false, ""fm1_sitting_participant"": false, ""fm1_unit"": ""0751@0595"", ""fm1_unit_basis"": ""none"", ""fm2_in_frame_and_valid_frac"": 1.0, ""fm2_pass_frac_round3_joints_only"": 1.0, ""fm2_smplh_valid_frac"": 1.0, ""fm2_surface_correction_px_p50"": 42.36005062360755, ""fm2_vertex_worst_inset_min_px"": 17.281908537445815, ""fm2_violation_run_max_frames"": 0.0, ""fm2_violation_runs"": 0.0, ""fm2_windowed_pass_frac"": 1.0, ""fm3_static_frac"": 0.017167919799498745, ""observed_duration_s"": 266.0, ""reproj_px_p50"": 30.705493792369573, ""reproj_shoulder_widths_p50"": 0.08153308531153386, ""unit_files"": 4.0, ""unit_flagged_frac"": 0.0, ""unit_hip_flexion_min"": 125.26199382850457, ""unit_knee_between_min"": 0.5380472564189501}",render
r4_350,fresh_pass_naturalistic_350_V00_S0493_I00000130_P0628_f0001638,V00_S0493_I00000130_P0628,naturalistic/train/0013/0035/V00_S0493_I00000130_P0628,naturalistic/train/0013/0023/V00_S0493_I00000130_P0239,fresh_pass_naturalistic,fresh,naturalistic,1638,V00,naturalistic,train,ipc_conversation,random draw from files passing all three detectors; participant not in the recheck cohort,"{""clip_anchored_on_fm2_violation"": false, ""flag_count"": 0, ""flags_fired"": """", ""fm1_hip_flexion_deg_p50"": 152.3478493104004, ""fm1_knee_between_torso_p50"": 0.5179760366080624, ""fm1_leg_over_torso_p50"": 1.491408168288745, ""fm1_reasons"": """", ""fm1_shin_verticality_p50"": 0.9997166732214766, ""fm1_sitting_file"": false, ""fm1_sitting_participant"": false, ""fm1_unit"": ""0628@0493"", ""fm1_unit_basis"": ""none"", ""fm2_in_frame_and_valid_frac"": 1.0, ""fm2_pass_frac_round3_joints_only"": 1.0, ""fm2_smplh_valid_frac"": 1.0, ""fm2_surface_correction_px_p50"": 39.125328601805734, ""fm2_vertex_worst_inset_min_px"": 92.8072366697387, ""fm2_violation_run_max_frames"": 0.0, ""fm2_violation_runs"": 0.0, ""fm2_windowed_pass_frac"": 1.0, ""fm3_static_frac"": 0.5388127853881278, ""observed_duration_s"": 146.0, ""reproj_px_p50"": 17.576853033854285, ""reproj_shoulder_widths_p50"": 0.055689987225315804, ""unit_files"": 3.0, ""unit_flagged_frac"": 0.0, ""unit_hip_flexion_min"": 152.3478493104004, ""unit_knee_between_min"": 0.5179760366080624}",render
r4_351,fresh_pass_naturalistic_351_V00_S0652_I00000132_P0809_f0001050,V00_S0652_I00000132_P0809,naturalistic/train/0019/0002/V00_S0652_I00000132_P0809,naturalistic/train/0019/0004/V00_S0652_I00000132_P0810,fresh_pass_naturalistic,fresh,naturalistic,1050,V00,naturalistic,train,ipc_conversation,random draw from files passing all three detectors; participant not in the recheck cohort,"{""clip_anchored_on_fm2_violation"": false, ""flag_count"": 0, ""flags_fired"": """", ""fm1_hip_flexion_deg_p50"": 143.06996719644795, ""fm1_knee_between_torso_p50"": 0.6073500077817453, ""fm1_leg_over_torso_p50"": 0.9495136011959111, ""fm1_reasons"": """", ""fm1_shin_verticality_p50"": 0.9992611746313143, ""fm1_sitting_file"": false, ""fm1_sitting_participant"": false, ""fm1_unit"": ""0809@0652"", ""fm1_unit_basis"": ""none"", ""fm2_in_frame_and_valid_frac"": 0.9902621722846442, ""fm2_pass_frac_round3_joints_only"": 0.9973782771535581, ""fm2_smplh_valid_frac"": 1.0, ""fm2_surface_correction_px_p50"": 46.19157078793103, ""fm2_vertex_worst_inset_min_px"": -18.416401161243016, ""fm2_violation_run_max_frames"": 14.0, ""fm2_violation_runs"": 12.0, ""fm2_windowed_pass_frac"": 0.8, ""fm3_static_frac"": 0.008614232209737827, ""observed_duration_s"": 178.0, ""reproj_px_p50"": 40.53377290942563, ""reproj_shoulder_widths_p50"": 0.10684724521211636, ""unit_files"": 3.0, ""unit_flagged_frac"": 0.0, ""unit_hip_flexion_min"": 138.92385774281297, ""unit_knee_between_min"": 0.5866885763770633}",render
r4_352,fresh_pass_improvised_352_V00_S1344_I00001005_P0085A_f0005326,V00_S1344_I00001005_P0085A,improvised/train/0030/0039/V00_S1344_I00001005_P0085A,improvised/train/0030/0012/V00_S1344_I00001005_P0955A,fresh_pass_improvised,fresh,improvised,5326,V00,improvised,train,ipc_conversation,random draw from files passing all three detectors; participant not in the recheck cohort,"{""clip_anchored_on_fm2_violation"": false, ""flag_count"": 0, ""flags_fired"": """", ""fm1_hip_flexion_deg_p50"": 152.228373421645, ""fm1_knee_between_torso_p50"": 0.5509363699869291, ""fm1_leg_over_torso_p50"": 1.166797846819062, ""fm1_reasons"": """", ""fm1_shin_verticality_p50"": 0.999634966991118, ""fm1_sitting_file"": false, ""fm1_sitting_participant"": false, ""fm1_unit"": ""0085A@1344"", ""fm1_unit_basis"": ""none"", ""fm2_in_frame_and_valid_frac"": 1.0, ""fm2_pass_frac_round3_joints_only"": 1.0, ""fm2_smplh_valid_frac"": 1.0, ""fm2_surface_correction_px_p50"": 36.93066333365016, ""fm2_vertex_worst_inset_min_px"": 87.80362743784121, ""fm2_violation_run_max_frames"": 0.0, ""fm2_violation_runs"": 0.0, ""fm2_windowed_pass_frac"": 1.0, ""fm3_static_frac"": 0.031081081081081083, ""observed_duration_s"": 222.0, ""reproj_px_p50"": 43.787370099157386, ""reproj_shoulder_widths_p50"": 0.13408375144714352, ""unit_files"": 3.0, ""unit_flagged_frac"": 0.0, ""unit_hip_flexion_min"": 152.02637907359605, ""unit_knee_between_min"": 0.5509363699869291}",render
r4_353,fresh_pass_improvised_353_V00_S0430_I00000581_P0565_f0001752,V00_S0430_I00000581_P0565,improvised/train/0009/0020/V00_S0430_I00000581_P0565,improvised/train/0009/0007/V00_S0430_I00000581_P0059A,fresh_pass_improvised,fresh,improvised,1752,V00,improvised,train,ipc_conversation,random draw from files passing all three detectors; participant not in the recheck cohort,"{""clip_anchored_on_fm2_violation"": false, ""flag_count"": 0, ""flags_fired"": """", ""fm1_hip_flexion_deg_p50"": 159.50385877961918, ""fm1_knee_between_torso_p50"": 0.5719649939607642, ""fm1_leg_over_torso_p50"": 1.2923061602282704, ""fm1_reasons"": """", ""fm1_shin_verticality_p50"": 0.9996349645855251, ""fm1_sitting_file"": false, ""fm1_sitting_participant"": false, ""fm1_unit"": ""0565@0430"", ""fm1_unit_basis"": ""none"", ""fm2_in_frame_and_valid_frac"": 0.9575892857142857, ""fm2_pass_frac_round3_joints_only"": 0.9601190476190476, ""fm2_smplh_valid_frac"": 1.0, ""fm2_surface_correction_px_p50"": 36.21708817873423, ""fm2_vertex_worst_inset_min_px"": -80.60704600416318, ""fm2_violation_run_max_frames"": 68.0, ""fm2_violation_runs"": 18.0, ""fm2_windowed_pass_frac"": 0.42857142857142855, ""fm3_static_frac"": 0.000744047619047619, ""observed_duration_s"": 224.0, ""reproj_px_p50"": 17.903070568164242, ""reproj_shoulder_widths_p50"": 0.05455139886781188, ""unit_files"": 1.0, ""unit_flagged_frac"": 0.0, ""unit_hip_flexion_min"": 159.50385877961918, ""unit_knee_between_min"": 0.5719649939607642}",render
r4_354,fresh_pass_improvised_354_V00_S0905_I00000131_P1004_f0001510,V00_S0905_I00000131_P1004,improvised/train/0019/0005/V00_S0905_I00000131_P1004,improvised/train/0019/0018/V00_S0905_I00000131_P0210A,fresh_pass_improvised,fresh,improvised,1510,V00,improvised,train,ipc_conversation,random draw from files passing all three detectors; participant not in the recheck cohort,"{""clip_anchored_on_fm2_violation"": false, ""flag_count"": 0, ""flags_fired"": """", ""fm1_hip_flexion_deg_p50"": 153.7673617682486, ""fm1_knee_between_torso_p50"": 0.6226973126918407, ""fm1_leg_over_torso_p50"": 1.0306308540543725, ""fm1_reasons"": """", ""fm1_shin_verticality_p50"": 0.9994801078333875, ""fm1_sitting_file"": false, ""fm1_sitting_participant"": false, ""fm1_unit"": ""1004@0905"", ""fm1_unit_basis"": ""none"", ""fm2_in_frame_and_valid_frac"": 1.0, ""fm2_pass_frac_round3_joints_only"": 1.0, ""fm2_smplh_valid_frac"": 1.0, ""fm2_surface_correction_px_p50"": 39.510107166706575, ""fm2_vertex_worst_inset_min_px"": 55.07191015258587, ""fm2_violation_run_max_frames"": 0.0, ""fm2_violation_runs"": 0.0, ""fm2_windowed_pass_frac"": 1.0, ""fm3_static_frac"": 0.30698412698412697, ""observed_duration_s"": 210.0, ""reproj_px_p50"": 47.42994451065388, ""reproj_shoulder_widths_p50"": 0.14812342284668073, ""unit_files"": 3.0, ""unit_flagged_frac"": 0.0, ""unit_hip_flexion_min"": 144.92817221440174, ""unit_knee_between_min"": 0.58791709155116}",render
r4_355,fresh_pass_improvised_355_V00_S0852_I00000488_P0658A_f0000155,V00_S0852_I00000488_P0658A,improvised/train/0017/0045/V00_S0852_I00000488_P0658A,improvised/train/0017/0056/V00_S0852_I00000488_P0974,fresh_pass_improvised,fresh,improvised,155,V00,improvised,train,ipc_conversation,random draw from files passing all three detectors; participant not in the recheck cohort,"{""clip_anchored_on_fm2_violation"": false, ""flag_count"": 0, ""flags_fired"": """", ""fm1_hip_flexion_deg_p50"": 146.11618610908363, ""fm1_knee_between_torso_p50"": 0.5497333361496924, ""fm1_leg_over_torso_p50"": 1.2169434146032758, ""fm1_reasons"": """", ""fm1_shin_verticality_p50"": 0.9982743828575155, ""fm1_sitting_file"": false, ""fm1_sitting_participant"": false, ""fm1_unit"": ""0658A@0852"", ""fm1_unit_basis"": ""none"", ""fm2_in_frame_and_valid_frac"": 0.9991421568627451, ""fm2_pass_frac_round3_joints_only"": 0.9992647058823529, ""fm2_smplh_valid_frac"": 1.0, ""fm2_surface_correction_px_p50"": 32.17927430533564, ""fm2_vertex_worst_inset_min_px"": -90.36728428564822, ""fm2_violation_run_max_frames"": 7.0, ""fm2_violation_runs"": 1.0, ""fm2_windowed_pass_frac"": 0.8888888888888888, ""fm3_static_frac"": 0.10232843137254902, ""observed_duration_s"": 272.0, ""reproj_px_p50"": 37.409644132437634, ""reproj_shoulder_widths_p50"": 0.12503678658402606, ""unit_files"": 1.0, ""unit_flagged_frac"": 0.0, ""unit_hip_flexion_min"": 146.11618610908363, ""unit_knee_between_min"": 0.5497333361496924}",render
r4_356,fresh_pass_improvised_356_V00_S1403_I00001039_P0557A_f0003470,V00_S1403_I00001039_P0557A,improvised/train/0032/0003/V00_S1403_I00001039_P0557A,improvised/train/0032/0002/V00_S1403_I00001039_P0388A,fresh_pass_improvised,fresh,improvised,3470,V00,improvised,train,ipc_conversation,random draw from files passing all three detectors; participant not in the recheck cohort,"{""clip_anchored_on_fm2_violation"": false, ""flag_count"": 0, ""flags_fired"": """", ""fm1_hip_flexion_deg_p50"": 156.5275692913853, ""fm1_knee_between_torso_p50"": 0.5521675623245657, ""fm1_leg_over_torso_p50"": 1.3254451613631955, ""fm1_reasons"": """", ""fm1_shin_verticality_p50"": 0.9985422808764457, ""fm1_sitting_file"": false, ""fm1_sitting_participant"": false, ""fm1_unit"": ""0557A@1403"", ""fm1_unit_basis"": ""none"", ""fm2_in_frame_and_valid_frac"": 1.0, ""fm2_pass_frac_round3_joints_only"": 1.0, ""fm2_smplh_valid_frac"": 1.0, ""fm2_surface_correction_px_p50"": 30.426090558022565, ""fm2_vertex_worst_inset_min_px"": 94.23404116248605, ""fm2_violation_run_max_frames"": 0.0, ""fm2_violation_runs"": 0.0, ""fm2_windowed_pass_frac"": 1.0, ""fm3_static_frac"": 0.5424358974358975, ""observed_duration_s"": 260.0, ""reproj_px_p50"": 41.1746562289985, ""reproj_shoulder_widths_p50"": 0.14169874835636145, ""unit_files"": 2.0, ""unit_flagged_frac"": 0.0, ""unit_hip_flexion_min"": 154.5025539031853, ""unit_knee_between_min"": 0.5516075784798444}",render
r4_357,fresh_pass_improvised_357_V00_S1915_I00001097_P0920A_f0001389,V00_S1915_I00001097_P0920A,improvised/train/0047/0010/V00_S1915_I00001097_P0920A,improvised/train/0047/0014/V00_S1915_I00001097_P1147A,fresh_pass_improvised,fresh,improvised,1389,V00,improvised,train,ipc_conversation,random draw from files passing all three detectors; participant not in the recheck cohort,"{""clip_anchored_on_fm2_violation"": false, ""flag_count"": 0, ""flags_fired"": """", ""fm1_hip_flexion_deg_p50"": 163.70597390864987, ""fm1_knee_between_torso_p50"": 0.5842691319621045, ""fm1_leg_over_torso_p50"": 1.1908191014972997, ""fm1_reasons"": """", ""fm1_shin_verticality_p50"": 0.9983713164781609, ""fm1_sitting_file"": false, ""fm1_sitting_participant"": false, ""fm1_unit"": ""0920A@1915"", ""fm1_unit_basis"": ""none"", ""fm2_in_frame_and_valid_frac"": 0.9994553376906318, ""fm2_pass_frac_round3_joints_only"": 1.0, ""fm2_smplh_valid_frac"": 1.0, ""fm2_surface_correction_px_p50"": 94.38180123867522, ""fm2_vertex_worst_inset_min_px"": -3.023026159004985, ""fm2_violation_run_max_frames"": 3.0, ""fm2_violation_runs"": 2.0, ""fm2_windowed_pass_frac"": 1.0, ""fm3_static_frac"": 0.11688453159041394, ""observed_duration_s"": 306.0, ""reproj_px_p50"": 27.49342708254569, ""reproj_shoulder_widths_p50"": 0.10470570814254934, ""unit_files"": 1.0, ""unit_flagged_frac"": 0.0, ""unit_hip_flexion_min"": 163.70597390864987, ""unit_knee_between_min"": 0.5842691319621045}",render
r4_358,fresh_pass_improvised_358_V00_S0056_I00000377_P0086_f0001462,V00_S0056_I00000377_P0086,improvised/train/0000/0017/V00_S0056_I00000377_P0086,improvised/train/0000/0023/V00_S0056_I00000377_P0027A,fresh_pass_improvised,fresh,improvised,1462,V00,improvised,train,ipc_conversation,random draw from files passing all three detectors; participant not in the recheck cohort,"{""clip_anchored_on_fm2_violation"": false, ""flag_count"": 0, ""flags_fired"": """", ""fm1_hip_flexion_deg_p50"": 144.53122710272635, ""fm1_knee_between_torso_p50"": 0.5122371881309253, ""fm1_leg_over_torso_p50"": 1.5553989444582679, ""fm1_reasons"": """", ""fm1_shin_verticality_p50"": 0.9967290694211908, ""fm1_sitting_file"": false, ""fm1_sitting_participant"": false, ""fm1_unit"": ""0086@0056"", ""fm1_unit_basis"": ""none"", ""fm2_in_frame_and_valid_frac"": 0.9966666666666667, ""fm2_pass_frac_round3_joints_only"": 0.997037037037037, ""fm2_smplh_valid_frac"": 1.0, ""fm2_surface_correction_px_p50"": 37.90105117231258, ""fm2_vertex_worst_inset_min_px"": -27.837338572252293, ""fm2_violation_run_max_frames"": 9.0, ""fm2_violation_runs"": 1.0, ""fm2_windowed_pass_frac"": 0.6666666666666666, ""fm3_static_frac"": 0.18296296296296297, ""observed_duration_s"": 90.0, ""reproj_px_p50"": 20.145543071296295, ""reproj_shoulder_widths_p50"": 0.06797272178454447, ""unit_files"": 2.0, ""unit_flagged_frac"": 0.0, ""unit_hip_flexion_min"": 144.53122710272635, ""unit_knee_between_min"": 0.5119507682211357}",render
r4_359,fresh_pass_improvised_359_V00_S1467_I00000711_P0955A_f0000677,V00_S1467_I00000711_P0955A,improvised/train/0034/0042/V00_S1467_I00000711_P0955A,improvised/train/0034/0058/V00_S1467_I00000711_P1115A,fresh_pass_improvised,fresh,improvised,677,V00,improvised,train,ipc_conversation,random draw from files passing all three detectors; participant not in the recheck cohort,"{""clip_anchored_on_fm2_violation"": false, ""flag_count"": 0, ""flags_fired"": """", ""fm1_hip_flexion_deg_p50"": 162.85427515647234, ""fm1_knee_between_torso_p50"": 0.5895540746592958, ""fm1_leg_over_torso_p50"": 1.2795481528706427, ""fm1_reasons"": """", ""fm1_shin_verticality_p50"": 0.999614419321722, ""fm1_sitting_file"": false, ""fm1_sitting_participant"": false, ""fm1_unit"": ""0955A@1467"", ""fm1_unit_basis"": ""none"", ""fm2_in_frame_and_valid_frac"": 0.9984042553191489, ""fm2_pass_frac_round3_joints_only"": 0.9984042553191489, ""fm2_smplh_valid_frac"": 1.0, ""fm2_surface_correction_px_p50"": 37.608308703115654, ""fm2_vertex_worst_inset_min_px"": -85.93016160191883, ""fm2_violation_run_max_frames"": 13.0, ""fm2_violation_runs"": 2.0, ""fm2_windowed_pass_frac"": 0.8333333333333334, ""fm3_static_frac"": 0.10230496453900709, ""observed_duration_s"": 376.0, ""reproj_px_p50"": 25.029032804010974, ""reproj_shoulder_widths_p50"": 0.08172464912850974, ""unit_files"": 3.0, ""unit_flagged_frac"": 0.0, ""unit_hip_flexion_min"": 162.85427515647234, ""unit_knee_between_min"": 0.587273954820411}",render
r4_360,fresh_pass_improvised_360_V00_S1029_I00000144_P1061_f0003664,V00_S1029_I00000144_P1061,improvised/train/0022/0034/V00_S1029_I00000144_P1061,improvised/train/0022/0069/V00_S1029_I00000144_P0250A,fresh_pass_improvised,fresh,improvised,3664,V00,improvised,train,ipc_conversation,random draw from files passing all three detectors; participant not in the recheck cohort,"{""clip_anchored_on_fm2_violation"": false, ""flag_count"": 0, ""flags_fired"": """", ""fm1_hip_flexion_deg_p50"": 167.714709714844, ""fm1_knee_between_torso_p50"": 0.5834674390572342, ""fm1_leg_over_torso_p50"": 1.2763979587821117, ""fm1_reasons"": """", ""fm1_shin_verticality_p50"": 0.9997026856576272, ""fm1_sitting_file"": false, ""fm1_sitting_participant"": false, ""fm1_unit"": ""1061@1029"", ""fm1_unit_basis"": ""none"", ""fm2_in_frame_and_valid_frac"": 1.0, ""fm2_pass_frac_round3_joints_only"": 1.0, ""fm2_smplh_valid_frac"": 1.0, ""fm2_surface_correction_px_p50"": 38.604989779769994, ""fm2_vertex_worst_inset_min_px"": 73.86333223230531, ""fm2_violation_run_max_frames"": 0.0, ""fm2_violation_runs"": 0.0, ""fm2_windowed_pass_frac"": 1.0, ""fm3_static_frac"": 0.5457044673539518, ""observed_duration_s"": 194.0, ""reproj_px_p50"": 23.010019324203242, ""reproj_shoulder_widths_p50"": 0.07170641187820775, ""unit_files"": 1.0, ""unit_flagged_frac"": 0.0, ""unit_hip_flexion_min"": 167.714709714844, ""unit_knee_between_min"": 0.5834674390572342}",render
r4_361,fresh_pass_improvised_361_V00_S0836_I00000135_P0966_f0001129,V00_S0836_I00000135_P0966,improvised/train/0017/0037/V00_S0836_I00000135_P0966,improvised/train/0017/0011/V00_S0836_I00000135_P0026A,fresh_pass_improvised,fresh,improvised,1129,V00,improvised,train,collaborative_storytelling,random draw from files passing all three detectors; participant not in the recheck cohort,"{""clip_anchored_on_fm2_violation"": false, ""flag_count"": 0, ""flags_fired"": """", ""fm1_hip_flexion_deg_p50"": 162.26531537977644, ""fm1_knee_between_torso_p50"": 0.6151311938627759, ""fm1_leg_over_torso_p50"": 1.1093497361971896, ""fm1_reasons"": """", ""fm1_shin_verticality_p50"": 0.999512073472497, ""fm1_sitting_file"": false, ""fm1_sitting_participant"": false, ""fm1_unit"": ""0966@0836"", ""fm1_unit_basis"": ""none"", ""fm2_in_frame_and_valid_frac"": 0.9996666666666667, ""fm2_pass_frac_round3_joints_only"": 1.0, ""fm2_smplh_valid_frac"": 1.0, ""fm2_surface_correction_px_p50"": 41.036337356272384, ""fm2_vertex_worst_inset_min_px"": 4.7002031528938915, ""fm2_violation_run_max_frames"": 1.0, ""fm2_violation_runs"": 1.0, ""fm2_windowed_pass_frac"": 1.0, ""fm3_static_frac"": 0.284, ""observed_duration_s"": 100.0, ""reproj_px_p50"": 33.70928090204792, ""reproj_shoulder_widths_p50"": 0.11338498604351614, ""unit_files"": 1.0, ""unit_flagged_frac"": 0.0, ""unit_hip_flexion_min"": 162.26531537977644, ""unit_knee_between_min"": 0.6151311938627759}",render
r4_362,fresh_pass_improvised_362_V00_S1794_I00000666_P0106A_f0001377,V00_S1794_I00000666_P0106A,improvised/train/0044/0057/V00_S1794_I00000666_P0106A,improvised/train/0044/0023/V00_S1794_I00000666_P0974A,fresh_pass_improvised,fresh,improvised,1377,V00,improvised,train,ipc_conversation,random draw from files passing all three detectors; participant not in the recheck cohort,"{""clip_anchored_on_fm2_violation"": false, ""flag_count"": 0, ""flags_fired"": """", ""fm1_hip_flexion_deg_p50"": 161.32528262404696, ""fm1_knee_between_torso_p50"": 0.5505432854494731, ""fm1_leg_over_torso_p50"": 1.3429637527841338, ""fm1_reasons"": """", ""fm1_shin_verticality_p50"": 0.996729032909305, ""fm1_sitting_file"": false, ""fm1_sitting_participant"": false, ""fm1_unit"": ""0106A@1794"", ""fm1_unit_basis"": ""none"", ""fm2_in_frame_and_valid_frac"": 1.0, ""fm2_pass_frac_round3_joints_only"": 1.0, ""fm2_smplh_valid_frac"": 1.0, ""fm2_surface_correction_px_p50"": 25.870451919837137, ""fm2_vertex_worst_inset_min_px"": 105.93904618861893, ""fm2_violation_run_max_frames"": 0.0, ""fm2_violation_runs"": 0.0, ""fm2_windowed_pass_frac"": 1.0, ""fm3_static_frac"": 0.545631067961165, ""observed_duration_s"": 206.0, ""reproj_px_p50"": 39.100606697736076, ""reproj_shoulder_widths_p50"": 0.14305372598497162, ""unit_files"": 1.0, ""unit_flagged_frac"": 0.0, ""unit_hip_flexion_min"": 161.32528262404696, ""unit_knee_between_min"": 0.5505432854494731}",render
r4_363,fresh_pass_improvised_363_V00_S2029_I00001071_P1287A_f0001621,V00_S2029_I00001071_P1287A,improvised/train/0048/0021/V00_S2029_I00001071_P1287A,improvised/train/0048/0020/V00_S2029_I00001071_P1286A,fresh_pass_improvised,fresh,improvised,1621,V00,improvised,train,ipc_conversation,random draw from files passing all three detectors; participant not in the recheck cohort,"{""clip_anchored_on_fm2_violation"": false, ""flag_count"": 0, ""flags_fired"": """", ""fm1_hip_flexion_deg_p50"": 154.5104037317459, ""fm1_knee_between_torso_p50"": 0.5814492450642317, ""fm1_leg_over_torso_p50"": 1.1999485271855928, ""fm1_reasons"": """", ""fm1_shin_verticality_p50"": 0.9995120800522541, ""fm1_sitting_file"": false, ""fm1_sitting_participant"": false, ""fm1_unit"": ""1287A@2029"", ""fm1_unit_basis"": ""none"", ""fm2_in_frame_and_valid_frac"": 1.0, ""fm2_pass_frac_round3_joints_only"": 1.0, ""fm2_smplh_valid_frac"": 1.0, ""fm2_surface_correction_px_p50"": 45.36590482610211, ""fm2_vertex_worst_inset_min_px"": 9.927992318745964, ""fm2_violation_run_max_frames"": 0.0, ""fm2_violation_runs"": 0.0, ""fm2_windowed_pass_frac"": 1.0, ""fm3_static_frac"": 0.4398692810457516, ""observed_duration_s"": 204.0, ""reproj_px_p50"": 35.64828852266683, ""reproj_shoulder_widths_p50"": 0.10698746073440496, ""unit_files"": 2.0, ""unit_flagged_frac"": 0.0, ""unit_hip_flexion_min"": 154.5104037317459, ""unit_knee_between_min"": 0.5646259840742553}",render
r4_364,fresh_pass_improvised_364_V00_S0266_I00000477_P0363_f0001518,V00_S0266_I00000477_P0363,improvised/train/0006/0039/V00_S0266_I00000477_P0363,improvised/train/0006/0028/V00_S0266_I00000477_P0006A,fresh_pass_improvised,fresh,improvised,1518,V00,improvised,train,ipc_conversation,random draw from files passing all three detectors; participant not in the recheck cohort,"{""clip_anchored_on_fm2_violation"": false, ""flag_count"": 0, ""flags_fired"": """", ""fm1_hip_flexion_deg_p50"": 135.1089723203671, ""fm1_knee_between_torso_p50"": 0.5314649576134554, ""fm1_leg_over_torso_p50"": 1.044418752203058, ""fm1_reasons"": """", ""fm1_shin_verticality_p50"": 0.9995411782686081, ""fm1_sitting_file"": false, ""fm1_sitting_participant"": false, ""fm1_unit"": ""0363@0266"", ""fm1_unit_basis"": ""none"", ""fm2_in_frame_and_valid_frac"": 0.9974358974358974, ""fm2_pass_frac_round3_joints_only"": 1.0, ""fm2_smplh_valid_frac"": 1.0, ""fm2_surface_correction_px_p50"": 45.877714234735436, ""fm2_vertex_worst_inset_min_px"": 7.595988392317395, ""fm2_violation_run_max_frames"": 5.0, ""fm2_violation_runs"": 5.0, ""fm2_windowed_pass_frac"": 1.0, ""fm3_static_frac"": 0.5846153846153846, ""observed_duration_s"": 156.0, ""reproj_px_p50"": 51.72848906057957, ""reproj_shoulder_widths_p50"": 0.1398918996068033, ""unit_files"": 4.0, ""unit_flagged_frac"": 0.0, ""unit_hip_flexion_min"": 129.52727014777176, ""unit_knee_between_min"": 0.5313536816067344}",render
r4_365,fresh_pass_improvised_365_V00_S0710_I00000377_P0015_f0001716,V00_S0710_I00000377_P0015,improvised/train/0014/0030/V00_S0710_I00000377_P0015,improvised/train/0014/0021/V00_S0710_I00000377_P0012A,fresh_pass_improvised,fresh,improvised,1716,V00,improvised,train,ipc_conversation,random draw from files passing all three detectors; participant not in the recheck cohort,"{""clip_anchored_on_fm2_violation"": false, ""flag_count"": 0, ""flags_fired"": """", ""fm1_hip_flexion_deg_p50"": 154.26927603215645, ""fm1_knee_between_torso_p50"": 0.5266217176037424, ""fm1_leg_over_torso_p50"": 1.5016997118204187, ""fm1_reasons"": """", ""fm1_shin_verticality_p50"": 0.9987523508620462, ""fm1_sitting_file"": false, ""fm1_sitting_participant"": false, ""fm1_unit"": ""0015@0710"", ""fm1_unit_basis"": ""none"", ""fm2_in_frame_and_valid_frac"": 1.0, ""fm2_pass_frac_round3_joints_only"": 1.0, ""fm2_smplh_valid_frac"": 1.0, ""fm2_surface_correction_px_p50"": 28.02559955436368, ""fm2_vertex_worst_inset_min_px"": 0.08415361065681282, ""fm2_violation_run_max_frames"": 0.0, ""fm2_violation_runs"": 0.0, ""fm2_windowed_pass_frac"": 1.0, ""fm3_static_frac"": 0.021691176470588235, ""observed_duration_s"": 272.0, ""reproj_px_p50"": 15.384127264822745, ""reproj_shoulder_widths_p50"": 0.05386354456397338, ""unit_files"": 2.0, ""unit_flagged_frac"": 0.0, ""unit_hip_flexion_min"": 151.7581407719332, ""unit_knee_between_min"": 0.5180246013590639}",render
r4_366,fresh_pass_improvised_366_V00_S0486_I00000135_P0229A_f0002916,V00_S0486_I00000135_P0229A,improvised/train/0010/0034/V00_S0486_I00000135_P0229A,improvised/train/0010/0004/V00_S0486_I00000135_P0622,fresh_pass_improvised,fresh,improvised,2916,V00,improvised,train,collaborative_storytelling,random draw from files passing all three detectors; participant not in the recheck cohort,"{""clip_anchored_on_fm2_violation"": false, ""flag_count"": 0, ""flags_fired"": """", ""fm1_hip_flexion_deg_p50"": 144.9607204053616, ""fm1_knee_between_torso_p50"": 0.5231905935020947, ""fm1_leg_over_torso_p50"": 1.3411509561591441, ""fm1_reasons"": """", ""fm1_shin_verticality_p50"": 0.9945054655431098, ""fm1_sitting_file"": false, ""fm1_sitting_participant"": false, ""fm1_unit"": ""0229A@0486"", ""fm1_unit_basis"": ""none"", ""fm2_in_frame_and_valid_frac"": 0.9955673758865248, ""fm2_pass_frac_round3_joints_only"": 0.9976950354609929, ""fm2_smplh_valid_frac"": 1.0, ""fm2_surface_correction_px_p50"": 41.105133639205064, ""fm2_vertex_worst_inset_min_px"": -26.540010727706886, ""fm2_violation_run_max_frames"": 25.0, ""fm2_violation_runs"": 1.0, ""fm2_windowed_pass_frac"": 0.8333333333333334, ""fm3_static_frac"": 0.7398936170212767, ""observed_duration_s"": 188.0, ""reproj_px_p50"": 20.895579635797265, ""reproj_shoulder_widths_p50"": 0.059561794050493874, ""unit_files"": 1.0, ""unit_flagged_frac"": 0.0, ""unit_hip_flexion_min"": 144.9607204053616, ""unit_knee_between_min"": 0.5231905935020947}",render
r4_367,fresh_pass_improvised_367_V00_S0640_I00000484_P0229A_f0004559,V00_S0640_I00000484_P0229A,improvised/train/0012/0044/V00_S0640_I00000484_P0229A,improvised/train/0012/0040/V00_S0640_I00000484_P0798,fresh_pass_improvised,fresh,improvised,4559,V00,improvised,train,ipc_conversation,random draw from files passing all three detectors; participant not in the recheck cohort,"{""clip_anchored_on_fm2_violation"": false, ""flag_count"": 0, ""flags_fired"": """", ""fm1_hip_flexion_deg_p50"": 150.16027228933504, ""fm1_knee_between_torso_p50"": 0.5430967808059919, ""fm1_leg_over_torso_p50"": 1.3683258807750245, ""fm1_reasons"": """", ""fm1_shin_verticality_p50"": 0.993883697750717, ""fm1_sitting_file"": false, ""fm1_sitting_participant"": false, ""fm1_unit"": ""0229A@0640"", ""fm1_unit_basis"": ""none"", ""fm2_in_frame_and_valid_frac"": 0.9996913580246913, ""fm2_pass_frac_round3_joints_only"": 1.0, ""fm2_smplh_valid_frac"": 1.0, ""fm2_surface_correction_px_p50"": 41.24369451993425, ""fm2_vertex_worst_inset_min_px"": 6.39174213251647, ""fm2_violation_run_max_frames"": 3.0, ""fm2_violation_runs"": 1.0, ""fm2_windowed_pass_frac"": 1.0, ""fm3_static_frac"": 0.294238683127572, ""observed_duration_s"": 324.0, ""reproj_px_p50"": 18.21646415031128, ""reproj_shoulder_widths_p50"": 0.05386521000824644, ""unit_files"": 3.0, ""unit_flagged_frac"": 0.0, ""unit_hip_flexion_min"": 147.48061260564725, ""unit_knee_between_min"": 0.5375958137830497}",render
r4_368,fresh_pass_improvised_368_V00_S0338_I00000537_P0454_f0003298,V00_S0338_I00000537_P0454,improvised/train/0008/0015/V00_S0338_I00000537_P0454,improvised/train/0008/0034/V00_S0338_I00000537_P0028A,fresh_pass_improvised,fresh,improvised,3298,V00,improvised,train,ipc_conversation,random draw from files passing all three detectors; participant not in the recheck cohort,"{""clip_anchored_on_fm2_violation"": false, ""flag_count"": 0, ""flags_fired"": """", ""fm1_hip_flexion_deg_p50"": 142.07215127002615, ""fm1_knee_between_torso_p50"": 0.6061082078662604, ""fm1_leg_over_torso_p50"": 1.0311825065905564, ""fm1_reasons"": """", ""fm1_shin_verticality_p50"": 0.9994059932815951, ""fm1_sitting_file"": false, ""fm1_sitting_participant"": false, ""fm1_unit"": ""0454@0338"", ""fm1_unit_basis"": ""none"", ""fm2_in_frame_and_valid_frac"": 1.0, ""fm2_pass_frac_round3_joints_only"": 1.0, ""fm2_smplh_valid_frac"": 1.0, ""fm2_surface_correction_px_p50"": 48.87208666806316, ""fm2_vertex_worst_inset_min_px"": 28.518112320100386, ""fm2_violation_run_max_frames"": 0.0, ""fm2_violation_runs"": 0.0, ""fm2_windowed_pass_frac"": 1.0, ""fm3_static_frac"": 0.09626168224299066, ""observed_duration_s"": 214.0, ""reproj_px_p50"": 17.164322832070532, ""reproj_shoulder_widths_p50"": 0.04596238251349252, ""unit_files"": 2.0, ""unit_flagged_frac"": 0.0, ""unit_hip_flexion_min"": 140.25055844595602, ""unit_knee_between_min"": 0.6031981700451277}",render
r4_369,fresh_pass_improvised_369_V00_S0194_I00000536_P0266_f0000357,V00_S0194_I00000536_P0266,improvised/train/0004/0012/V00_S0194_I00000536_P0266,improvised/train/0004/0010/V00_S0194_I00000536_P0005A,fresh_pass_improvised,fresh,improvised,357,V00,improvised,train,ipc_conversation,random draw from files passing all three detectors; participant not in the recheck cohort,"{""clip_anchored_on_fm2_violation"": false, ""flag_count"": 0, ""flags_fired"": """", ""fm1_hip_flexion_deg_p50"": 139.39803073693759, ""fm1_knee_between_torso_p50"": 0.5201385628029721, ""fm1_leg_over_torso_p50"": 1.2304916592126647, ""fm1_reasons"": """", ""fm1_shin_verticality_p50"": 0.9996144244965333, ""fm1_sitting_file"": false, ""fm1_sitting_participant"": false, ""fm1_unit"": ""0266@0194"", ""fm1_unit_basis"": ""none"", ""fm2_in_frame_and_valid_frac"": 1.0, ""fm2_pass_frac_round3_joints_only"": 1.0, ""fm2_smplh_valid_frac"": 1.0, ""fm2_surface_correction_px_p50"": 40.83683033308546, ""fm2_vertex_worst_inset_min_px"": 75.88935027847924, ""fm2_violation_run_max_frames"": 0.0, ""fm2_violation_runs"": 0.0, ""fm2_windowed_pass_frac"": 1.0, ""fm3_static_frac"": 0.03676975945017182, ""observed_duration_s"": 194.0, ""reproj_px_p50"": 45.72761888826392, ""reproj_shoulder_widths_p50"": 0.12103501471652242, ""unit_files"": 1.0, ""unit_flagged_frac"": 0.0, ""unit_hip_flexion_min"": 139.39803073693759, ""unit_knee_between_min"": 0.5201385628029721}",render
r4_370,fresh_pass_improvised_370_V00_S0940_I00000307_P1036_f0001708,V00_S0940_I00000307_P1036,improvised/train/0019/0026/V00_S0940_I00000307_P1036,improvised/train/0019/0003/V00_S0940_I00000307_P0210A,fresh_pass_improvised,fresh,improvised,1708,V00,improvised,train,ipc_conversation,random draw from files passing all three detectors; participant not in the recheck cohort,"{""clip_anchored_on_fm2_violation"": false, ""flag_count"": 0, ""flags_fired"": """", ""fm1_hip_flexion_deg_p50"": 153.31413378552452, ""fm1_knee_between_torso_p50"": 0.6025286070742781, ""fm1_leg_over_torso_p50"": 1.043837275471104, ""fm1_reasons"": """", ""fm1_shin_verticality_p50"": 0.999480109228844, ""fm1_sitting_file"": false, ""fm1_sitting_participant"": false, ""fm1_unit"": ""1036@0940"", ""fm1_unit_basis"": ""none"", ""fm2_in_frame_and_valid_frac"": 1.0, ""fm2_pass_frac_round3_joints_only"": 1.0, ""fm2_smplh_valid_frac"": 1.0, ""fm2_surface_correction_px_p50"": 42.85626433301138, ""fm2_vertex_worst_inset_min_px"": 118.2994167295792, ""fm2_violation_run_max_frames"": 0.0, ""fm2_violation_runs"": 0.0, ""fm2_windowed_pass_frac"": 1.0, ""fm3_static_frac"": 0.5574404761904762, ""observed_duration_s"": 224.0, ""reproj_px_p50"": 42.982937548202614, ""reproj_shoulder_widths_p50"": 0.12349014169404265, ""unit_files"": 1.0, ""unit_flagged_frac"": 0.0, ""unit_hip_flexion_min"": 153.31413378552452, ""unit_knee_between_min"": 0.6025286070742781}",render
r4_371,fresh_pass_improvised_371_V00_S1285_I00001070_P0085A_f0012059,V00_S1285_I00001070_P0085A,improvised/train/0029/0055/V00_S1285_I00001070_P0085A,improvised/train/0029/0029/V00_S1285_I00001070_P0229A,fresh_pass_improvised,fresh,improvised,12059,V00,improvised,train,ipc_conversation,random draw from files passing all three detectors; participant not in the recheck cohort,"{""clip_anchored_on_fm2_violation"": false, ""flag_count"": 0, ""flags_fired"": """", ""fm1_hip_flexion_deg_p50"": 159.09581899545105, ""fm1_knee_between_torso_p50"": 0.5529137086197783, ""fm1_leg_over_torso_p50"": 1.3067033510077746, ""fm1_reasons"": """", ""fm1_shin_verticality_p50"": 0.9968981495727458, ""fm1_sitting_file"": false, ""fm1_sitting_participant"": false, ""fm1_unit"": ""0085A@1285"", ""fm1_unit_basis"": ""none"", ""fm2_in_frame_and_valid_frac"": 0.9950070323488045, ""fm2_pass_frac_round3_joints_only"": 0.9962728551336146, ""fm2_smplh_valid_frac"": 1.0, ""fm2_surface_correction_px_p50"": 30.181503335193725, ""fm2_vertex_worst_inset_min_px"": -46.05374324561285, ""fm2_violation_run_max_frames"": 30.0, ""fm2_violation_runs"": 8.0, ""fm2_windowed_pass_frac"": 0.8666666666666667, ""fm3_static_frac"": 0.05843881856540084, ""observed_duration_s"": 474.0, ""reproj_px_p50"": 41.48654148186606, ""reproj_shoulder_widths_p50"": 0.13531125416293574, ""unit_files"": 1.0, ""unit_flagged_frac"": 0.0, ""unit_hip_flexion_min"": 159.09581899545105, ""unit_knee_between_min"": 0.5529137086197783}",render
r4_372,fresh_pass_improvised_372_V00_S1491_I00001082_P0976A_f0007636,V00_S1491_I00001082_P0976A,improvised/train/0035/0037/V00_S1491_I00001082_P0976A,improvised/train/0035/0022/V00_S1491_I00001082_P0744A,fresh_pass_improvised,fresh,improvised,7636,V00,improvised,train,ipc_conversation,random draw from files passing all three detectors; participant not in the recheck cohort,"{""clip_anchored_on_fm2_violation"": false, ""flag_count"": 0, ""flags_fired"": """", ""fm1_hip_flexion_deg_p50"": 163.21596940924258, ""fm1_knee_between_torso_p50"": 0.5475386257947905, ""fm1_leg_over_torso_p50"": 1.4850421516031318, ""fm1_reasons"": """", ""fm1_shin_verticality_p50"": 0.9997026914452412, ""fm1_sitting_file"": false, ""fm1_sitting_participant"": false, ""fm1_unit"": ""0976A@1491"", ""fm1_unit_basis"": ""none"", ""fm2_in_frame_and_valid_frac"": 0.9986542443064182, ""fm2_pass_frac_round3_joints_only"": 0.9990683229813665, ""fm2_smplh_valid_frac"": 1.0, ""fm2_surface_correction_px_p50"": 28.496665960732685, ""fm2_vertex_worst_inset_min_px"": -14.361609349953142, ""fm2_violation_run_max_frames"": 11.0, ""fm2_violation_runs"": 2.0, ""fm2_windowed_pass_frac"": 0.8, ""fm3_static_frac"": 0.00010351966873706004, ""observed_duration_s"": 322.0, ""reproj_px_p50"": 21.198136245273954, ""reproj_shoulder_widths_p50"": 0.07327131107732615, ""unit_files"": 1.0, ""unit_flagged_frac"": 0.0, ""unit_hip_flexion_min"": 163.21596940924258, ""unit_knee_between_min"": 0.5475386257947905}",render
r4_373,fresh_pass_improvised_373_V00_S0740_I00000952_P0012A_f0003934,V00_S0740_I00000952_P0012A,improvised/train/0014/0020/V00_S0740_I00000952_P0012A,improvised/train/0014/0048/V00_S0740_I00000952_P0230A,fresh_pass_improvised,fresh,improvised,3934,V00,improvised,train,ipc_conversation,random draw from files passing all three detectors; participant not in the recheck cohort,"{""clip_anchored_on_fm2_violation"": false, ""flag_count"": 0, ""flags_fired"": """", ""fm1_hip_flexion_deg_p50"": 148.14827585037304, ""fm1_knee_between_torso_p50"": 0.5627348257201037, ""fm1_leg_over_torso_p50"": 1.3047753356950256, ""fm1_reasons"": """", ""fm1_shin_verticality_p50"": 0.9995920966184669, ""fm1_sitting_file"": false, ""fm1_sitting_participant"": false, ""fm1_unit"": ""0012A@0740"", ""fm1_unit_basis"": ""none"", ""fm2_in_frame_and_valid_frac"": 0.9617788461538461, ""fm2_pass_frac_round3_joints_only"": 0.9741987179487179, ""fm2_smplh_valid_frac"": 1.0, ""fm2_surface_correction_px_p50"": 40.372082204597405, ""fm2_vertex_worst_inset_min_px"": -70.80438803753304, ""fm2_violation_run_max_frames"": 36.0, ""fm2_violation_runs"": 62.0, ""fm2_windowed_pass_frac"": 0.23076923076923078, ""fm3_static_frac"": 0.5883814102564102, ""observed_duration_s"": 416.0, ""reproj_px_p50"": 28.96277193197602, ""reproj_shoulder_widths_p50"": 0.08539288945110156, ""unit_files"": 2.0, ""unit_flagged_frac"": 0.0, ""unit_hip_flexion_min"": 148.09454397454277, ""unit_knee_between_min"": 0.5627348257201037}",render
r4_374,fresh_pass_improvised_374_V00_S0259_I00000128_P0050_f0003292,V00_S0259_I00000128_P0050,improvised/train/0006/0025/V00_S0259_I00000128_P0050,improvised/train/0006/0014/V00_S0259_I00000128_P0085A,fresh_pass_improvised,fresh,improvised,3292,V00,improvised,train,ipc_conversation,random draw from files passing all three detectors; participant not in the recheck cohort,"{""clip_anchored_on_fm2_violation"": false, ""flag_count"": 0, ""flags_fired"": """", ""fm1_hip_flexion_deg_p50"": 140.24872976212336, ""fm1_knee_between_torso_p50"": 0.4985405095703566, ""fm1_leg_over_torso_p50"": 1.5916086770905593, ""fm1_reasons"": """", ""fm1_shin_verticality_p50"": 0.9996876403437902, ""fm1_sitting_file"": false, ""fm1_sitting_participant"": false, ""fm1_unit"": ""0050@0259"", ""fm1_unit_basis"": ""none"", ""fm2_in_frame_and_valid_frac"": 0.9919607843137255, ""fm2_pass_frac_round3_joints_only"": 0.994313725490196, ""fm2_smplh_valid_frac"": 1.0, ""fm2_surface_correction_px_p50"": 40.12545111589702, ""fm2_vertex_worst_inset_min_px"": -26.28902312944274, ""fm2_violation_run_max_frames"": 25.0, ""fm2_violation_runs"": 3.0, ""fm2_windowed_pass_frac"": 0.6, ""fm3_static_frac"": 0.43666666666666665, ""observed_duration_s"": 170.0, ""reproj_px_p50"": 17.6199026766592, ""reproj_shoulder_widths_p50"": 0.05865638834968875, ""unit_files"": 3.0, ""unit_flagged_frac"": 0.0, ""unit_hip_flexion_min"": 140.24872976212336, ""unit_knee_between_min"": 0.4985405095703566}",render
r4_375,fresh_pass_improvised_375_V00_S0973_I00000054_P0204_f0005303,V00_S0973_I00000054_P0204,improvised/train/0020/0048/V00_S0973_I00000054_P0204,improvised/train/0020/0067/V00_S0973_I00000054_P0845A,fresh_pass_improvised,fresh,improvised,5303,V00,improvised,train,ipc_conversation,random draw from files passing all three detectors; participant not in the recheck cohort,"{""clip_anchored_on_fm2_violation"": false, ""flag_count"": 0, ""flags_fired"": """", ""fm1_hip_flexion_deg_p50"": 158.7361408016882, ""fm1_knee_between_torso_p50"": 0.5664846491377579, ""fm1_leg_over_torso_p50"": 1.2708634773961147, ""fm1_reasons"": """", ""fm1_shin_verticality_p50"": 0.9967290189015413, ""fm1_sitting_file"": false, ""fm1_sitting_participant"": false, ""fm1_unit"": ""0204@0973"", ""fm1_unit_basis"": ""none"", ""fm2_in_frame_and_valid_frac"": 1.0, ""fm2_pass_frac_round3_joints_only"": 1.0, ""fm2_smplh_valid_frac"": 1.0, ""fm2_surface_correction_px_p50"": 33.67337116547276, ""fm2_vertex_worst_inset_min_px"": 55.741667257696406, ""fm2_violation_run_max_frames"": 0.0, ""fm2_violation_runs"": 0.0, ""fm2_windowed_pass_frac"": 1.0, ""fm3_static_frac"": 0.01192528735632184, ""observed_duration_s"": 232.0, ""reproj_px_p50"": 48.52708717697806, ""reproj_shoulder_widths_p50"": 0.15296013232759714, ""unit_files"": 1.0, ""unit_flagged_frac"": 0.0, ""unit_hip_flexion_min"": 158.7361408016882, ""unit_knee_between_min"": 0.5664846491377579}",render
r4_376,fresh_pass_improvised_376_V00_S0090_I00000483_P0029A_f0006941,V00_S0090_I00000483_P0029A,improvised/train/0001/0009/V00_S0090_I00000483_P0029A,improvised/train/0001/0014/V00_S0090_I00000483_P0131,fresh_pass_improvised,fresh,improvised,6941,V00,improvised,train,ipc_conversation,random draw from files passing all three detectors; participant not in the recheck cohort,"{""clip_anchored_on_fm2_violation"": false, ""flag_count"": 0, ""flags_fired"": """", ""fm1_hip_flexion_deg_p50"": 139.19679276783677, ""fm1_knee_between_torso_p50"": 0.5196143436764291, ""fm1_leg_over_torso_p50"": 1.253518131269184, ""fm1_reasons"": """", ""fm1_shin_verticality_p50"": 0.999999999999975, ""fm1_sitting_file"": false, ""fm1_sitting_participant"": false, ""fm1_unit"": ""0029A@0090"", ""fm1_unit_basis"": ""none"", ""fm2_in_frame_and_valid_frac"": 0.9951923076923077, ""fm2_pass_frac_round3_joints_only"": 0.9955128205128205, ""fm2_smplh_valid_frac"": 1.0, ""fm2_surface_correction_px_p50"": 43.41313877654352, ""fm2_vertex_worst_inset_min_px"": -47.783850578172064, ""fm2_violation_run_max_frames"": 20.0, ""fm2_violation_runs"": 5.0, ""fm2_windowed_pass_frac"": 0.6, ""fm3_static_frac"": 0.5132478632478632, ""observed_duration_s"": 312.0, ""reproj_px_p50"": 16.23895324212309, ""reproj_shoulder_widths_p50"": 0.04331362999469113, ""unit_files"": 2.0, ""unit_flagged_frac"": 0.0, ""unit_hip_flexion_min"": 137.97488868590025, ""unit_knee_between_min"": 0.5161672238937145}",render
r4_377,fresh_pass_improvised_377_V00_S1380_I00000639_P0124A_f0000782,V00_S1380_I00000639_P0124A,improvised/train/0031/0007/V00_S1380_I00000639_P0124A,improvised/train/0031/0057/V00_S1380_I00000639_P0359A,fresh_pass_improvised,fresh,improvised,782,V00,improvised,train,ipc_conversation,random draw from files passing all three detectors; participant not in the recheck cohort,"{""clip_anchored_on_fm2_violation"": false, ""flag_count"": 0, ""flags_fired"": """", ""fm1_hip_flexion_deg_p50"": 157.0511528970573, ""fm1_knee_between_torso_p50"": 0.5524941208093488, ""fm1_leg_over_torso_p50"": 1.278621875842576, ""fm1_reasons"": """", ""fm1_shin_verticality_p50"": 0.9996539186760591, ""fm1_sitting_file"": false, ""fm1_sitting_participant"": false, ""fm1_unit"": ""0124A@1380"", ""fm1_unit_basis"": ""none"", ""fm2_in_frame_and_valid_frac"": 1.0, ""fm2_pass_frac_round3_joints_only"": 1.0, ""fm2_smplh_valid_frac"": 1.0, ""fm2_surface_correction_px_p50"": 60.52335967355532, ""fm2_vertex_worst_inset_min_px"": 71.83401101645177, ""fm2_violation_run_max_frames"": 0.0, ""fm2_violation_runs"": 0.0, ""fm2_windowed_pass_frac"": 1.0, ""fm3_static_frac"": 0.3059659090909091, ""observed_duration_s"": 352.0, ""reproj_px_p50"": 27.48868333882064, ""reproj_shoulder_widths_p50"": 0.1011560952372337, ""unit_files"": 1.0, ""unit_flagged_frac"": 0.0, ""unit_hip_flexion_min"": 157.0511528970573, ""unit_knee_between_min"": 0.5524941208093488}",render
r4_378,fresh_pass_improvised_378_V00_S0197_I00000535_P0268_f0000129,V00_S0197_I00000535_P0268,improvised/train/0004/0039/V00_S0197_I00000535_P0268,improvised/train/0004/0020/V00_S0197_I00000535_P0027A,fresh_pass_improvised,fresh,improvised,129,V00,improvised,train,ipc_conversation,random draw from files passing all three detectors; participant not in the recheck cohort,"{""clip_anchored_on_fm2_violation"": false, ""flag_count"": 0, ""flags_fired"": """", ""fm1_hip_flexion_deg_p50"": 152.74888921310497, ""fm1_knee_between_torso_p50"": 0.5179251779700176, ""fm1_leg_over_torso_p50"": 1.7296009341389227, ""fm1_reasons"": """", ""fm1_shin_verticality_p50"": 0.9988681423677562, ""fm1_sitting_file"": false, ""fm1_sitting_participant"": false, ""fm1_unit"": ""0268@0197"", ""fm1_unit_basis"": ""none"", ""fm2_in_frame_and_valid_frac"": 0.9991803278688525, ""fm2_pass_frac_round3_joints_only"": 0.9991803278688525, ""fm2_smplh_valid_frac"": 1.0, ""fm2_surface_correction_px_p50"": 28.40443896533793, ""fm2_vertex_worst_inset_min_px"": -22.064842721797277, ""fm2_violation_run_max_frames"": 3.0, ""fm2_violation_runs"": 1.0, ""fm2_windowed_pass_frac"": 0.75, ""fm3_static_frac"": 0.1808743169398907, ""observed_duration_s"": 122.0, ""reproj_px_p50"": 20.064541661951402, ""reproj_shoulder_widths_p50"": 0.07060791071301854, ""unit_files"": 1.0, ""unit_flagged_frac"": 0.0, ""unit_hip_flexion_min"": 152.74888921310497, ""unit_knee_between_min"": 0.5179251779700176}",render
r4_379,fresh_pass_improvised_379_V00_S1827_I00001223_P0920A_f0006983,V00_S1827_I00001223_P0920A,improvised/train/0045/0008/V00_S1827_I00001223_P0920A,improvised/train/0045/0058/V00_S1827_I00001223_P0359A,fresh_pass_improvised,fresh,improvised,6983,V00,improvised,train,ipc_conversation,random draw from files passing all three detectors; participant not in the recheck cohort,"{""clip_anchored_on_fm2_violation"": false, ""flag_count"": 0, ""flags_fired"": """", ""fm1_hip_flexion_deg_p50"": 147.7866965106959, ""fm1_knee_between_torso_p50"": 0.5095924101614677, ""fm1_leg_over_torso_p50"": 1.5356721709395236, ""fm1_reasons"": """", ""fm1_shin_verticality_p50"": 0.9997296908555495, ""fm1_sitting_file"": false, ""fm1_sitting_participant"": false, ""fm1_unit"": ""0920A@1827"", ""fm1_unit_basis"": ""none"", ""fm2_in_frame_and_valid_frac"": 1.0, ""fm2_pass_frac_round3_joints_only"": 1.0, ""fm2_smplh_valid_frac"": 1.0, ""fm2_surface_correction_px_p50"": 23.16843732591019, ""fm2_vertex_worst_inset_min_px"": 106.72735556599127, ""fm2_violation_run_max_frames"": 0.0, ""fm2_violation_runs"": 0.0, ""fm2_windowed_pass_frac"": 1.0, ""fm3_static_frac"": 0.5644607843137255, ""observed_duration_s"": 272.0, ""reproj_px_p50"": 27.978718125934336, ""reproj_shoulder_widths_p50"": 0.0885042601735517, ""unit_files"": 2.0, ""unit_flagged_frac"": 0.0, ""unit_hip_flexion_min"": 146.70286784867335, ""unit_knee_between_min"": 0.505743465210664}",render
r4_380,fresh_pass_improvised_380_V00_S2086_I00001124_P1343A_f0003551,V00_S2086_I00001124_P1343A,improvised/train/0049/0033/V00_S2086_I00001124_P1343A,improvised/train/0049/0036/V00_S2086_I00001124_P1344A,fresh_pass_improvised,fresh,improvised,3551,V00,improvised,train,ipc_conversation,random draw from files passing all three detectors; participant not in the recheck cohort,"{""clip_anchored_on_fm2_violation"": false, ""flag_count"": 0, ""flags_fired"": """", ""fm1_hip_flexion_deg_p50"": 150.34290980569645, ""fm1_knee_between_torso_p50"": 0.5900472121294891, ""fm1_leg_over_torso_p50"": 1.117177455206905, ""fm1_reasons"": """", ""fm1_shin_verticality_p50"": 0.9863939526154666, ""fm1_sitting_file"": false, ""fm1_sitting_participant"": false, ""fm1_unit"": ""1343A@2086"", ""fm1_unit_basis"": ""none"", ""fm2_in_frame_and_valid_frac"": 1.0, ""fm2_pass_frac_round3_joints_only"": 1.0, ""fm2_smplh_valid_frac"": 1.0, ""fm2_surface_correction_px_p50"": 46.15573397538924, ""fm2_vertex_worst_inset_min_px"": 3.4573364642645856, ""fm2_violation_run_max_frames"": 0.0, ""fm2_violation_runs"": 0.0, ""fm2_windowed_pass_frac"": 1.0, ""fm3_static_frac"": 0.0028846153846153848, ""observed_duration_s"": 208.0, ""reproj_px_p50"": 28.402717958145583, ""reproj_shoulder_widths_p50"": 0.08322044235576542, ""unit_files"": 1.0, ""unit_flagged_frac"": 0.0, ""unit_hip_flexion_min"": 150.34290980569645, ""unit_knee_between_min"": 0.5900472121294891}",render
r4_381,fresh_pass_improvised_381_V00_S0040_I00000382_P0062_f0001835,V00_S0040_I00000382_P0062,improvised/train/0000/0026/V00_S0040_I00000382_P0062,improvised/train/0000/0037/V00_S0040_I00000382_P0059A,fresh_pass_improvised,fresh,improvised,1835,V00,improvised,train,ipc_conversation,random draw from files passing all three detectors; participant not in the recheck cohort,"{""clip_anchored_on_fm2_violation"": false, ""flag_count"": 0, ""flags_fired"": """", ""fm1_hip_flexion_deg_p50"": 147.04609247602022, ""fm1_knee_between_torso_p50"": 0.5446203413447543, ""fm1_leg_over_torso_p50"": 1.3101501925110828, ""fm1_reasons"": """", ""fm1_shin_verticality_p50"": 0.9999999999999764, ""fm1_sitting_file"": false, ""fm1_sitting_participant"": false, ""fm1_unit"": ""0062@0040"", ""fm1_unit_basis"": ""none"", ""fm2_in_frame_and_valid_frac"": 1.0, ""fm2_pass_frac_round3_joints_only"": 1.0, ""fm2_smplh_valid_frac"": 1.0, ""fm2_surface_correction_px_p50"": 43.450080681907366, ""fm2_vertex_worst_inset_min_px"": 56.43449944340341, ""fm2_violation_run_max_frames"": 0.0, ""fm2_violation_runs"": 0.0, ""fm2_windowed_pass_frac"": 1.0, ""fm3_static_frac"": 0.16358695652173913, ""observed_duration_s"": 184.0, ""reproj_px_p50"": 15.476562662037654, ""reproj_shoulder_widths_p50"": 0.04596169447763361, ""unit_files"": 1.0, ""unit_flagged_frac"": 0.0, ""unit_hip_flexion_min"": 147.04609247602022, ""unit_knee_between_min"": 0.5446203413447543}",render
r4_382,fresh_pass_improvised_382_V00_S1205_I00001201_P0210A_f0006578,V00_S1205_I00001201_P0210A,improvised/train/0027/0001/V00_S1205_I00001201_P0210A,improvised/train/0027/0053/V00_S1205_I00001201_P0397A,fresh_pass_improvised,fresh,improvised,6578,V00,improvised,train,ipc_conversation,random draw from files passing all three detectors; participant not in the recheck cohort,"{""clip_anchored_on_fm2_violation"": false, ""flag_count"": 0, ""flags_fired"": """", ""fm1_hip_flexion_deg_p50"": 154.86367131808467, ""fm1_knee_between_torso_p50"": 0.5496264546108395, ""fm1_leg_over_torso_p50"": 1.278622495663575, ""fm1_reasons"": """", ""fm1_shin_verticality_p50"": 0.9996539220394285, ""fm1_sitting_file"": false, ""fm1_sitting_participant"": false, ""fm1_unit"": ""0210A@1205"", ""fm1_unit_basis"": ""none"", ""fm2_in_frame_and_valid_frac"": 0.9996840442338073, ""fm2_pass_frac_round3_joints_only"": 1.0, ""fm2_smplh_valid_frac"": 1.0, ""fm2_surface_correction_px_p50"": 37.70260672691484, ""fm2_vertex_worst_inset_min_px"": 1.59552562360318, ""fm2_violation_run_max_frames"": 2.0, ""fm2_violation_runs"": 2.0, ""fm2_windowed_pass_frac"": 1.0, ""fm3_static_frac"": 0.035781990521327016, ""observed_duration_s"": 422.0, ""reproj_px_p50"": 47.69172268706194, ""reproj_shoulder_widths_p50"": 0.1341975025546952, ""unit_files"": 1.0, ""unit_flagged_frac"": 0.0, ""unit_hip_flexion_min"": 154.86367131808467, ""unit_knee_between_min"": 0.5496264546108395}",render
r4_383,fresh_pass_improvised_383_V00_S1479_I00001163_P0799A_f0006131,V00_S1479_I00001163_P0799A,improvised/train/0034/0022/V00_S1479_I00001163_P0799A,improvised/train/0034/0031/V00_S1479_I00001163_P0241A,fresh_pass_improvised,fresh,improvised,6131,V00,improvised,train,ipc_conversation,random draw from files passing all three detectors; participant not in the recheck cohort,"{""clip_anchored_on_fm2_violation"": false, ""flag_count"": 0, ""flags_fired"": """", ""fm1_hip_flexion_deg_p50"": 157.90070630134892, ""fm1_knee_between_torso_p50"": 0.589028445713651, ""fm1_leg_over_torso_p50"": 1.1547688644618055, ""fm1_reasons"": """", ""fm1_shin_verticality_p50"": 0.9995920858915632, ""fm1_sitting_file"": false, ""fm1_sitting_participant"": false, ""fm1_unit"": ""0799A@1479"", ""fm1_unit_basis"": ""none"", ""fm2_in_frame_and_valid_frac"": 0.9982035928143712, ""fm2_pass_frac_round3_joints_only"": 0.9985029940119761, ""fm2_smplh_valid_frac"": 1.0, ""fm2_surface_correction_px_p50"": 37.46583784097709, ""fm2_vertex_worst_inset_min_px"": -25.690688529291492, ""fm2_violation_run_max_frames"": 10.0, ""fm2_violation_runs"": 2.0, ""fm2_windowed_pass_frac"": 0.9090909090909091, ""fm3_static_frac"": 0.0, ""observed_duration_s"": 334.0, ""reproj_px_p50"": 29.127084175036888, ""reproj_shoulder_widths_p50"": 0.09312480174146334, ""unit_files"": 1.0, ""unit_flagged_frac"": 0.0, ""unit_hip_flexion_min"": 157.90070630134892, ""unit_knee_between_min"": 0.589028445713651}",render
r4_384,fresh_pass_improvised_384_V00_S1534_I00000694_P0707A_f0002994,V00_S1534_I00000694_P0707A,improvised/train/0036/0019/V00_S1534_I00000694_P0707A,improvised/train/0036/0040/V00_S1534_I00000694_P1148A,fresh_pass_improvised,fresh,improvised,2994,V00,improvised,train,ipc_conversation,random draw from files passing all three detectors; participant not in the recheck cohort,"{""clip_anchored_on_fm2_violation"": false, ""flag_count"": 0, ""flags_fired"": """", ""fm1_hip_flexion_deg_p50"": 140.89528600114818, ""fm1_knee_between_torso_p50"": 0.5225428411654474, ""fm1_leg_over_torso_p50"": 1.327501293084831, ""fm1_reasons"": """", ""fm1_shin_verticality_p50"": 0.9996539253215835, ""fm1_sitting_file"": false, ""fm1_sitting_participant"": false, ""fm1_unit"": ""0707A@1534"", ""fm1_unit_basis"": ""none"", ""fm2_in_frame_and_valid_frac"": 0.99929718875502, ""fm2_pass_frac_round3_joints_only"": 0.9993975903614458, ""fm2_smplh_valid_frac"": 1.0, ""fm2_surface_correction_px_p50"": 35.25146263734541, ""fm2_vertex_worst_inset_min_px"": -7.406290136307916, ""fm2_violation_run_max_frames"": 6.0, ""fm2_violation_runs"": 2.0, ""fm2_windowed_pass_frac"": 0.9090909090909091, ""fm3_static_frac"": 0.5542168674698795, ""observed_duration_s"": 332.0, ""reproj_px_p50"": 33.065893174606785, ""reproj_shoulder_widths_p50"": 0.1056300705178369, ""unit_files"": 2.0, ""unit_flagged_frac"": 0.0, ""unit_hip_flexion_min"": 135.5162983319782, ""unit_knee_between_min"": 0.5225428411654474}",render
r4_385,fresh_pass_improvised_385_V00_S0549_I00000537_P0377_f0001388,V00_S0549_I00000537_P0377,improvised/train/0011/0029/V00_S0549_I00000537_P0377,improvised/train/0011/0017/V00_S0549_I00000537_P0682A,fresh_pass_improvised,fresh,improvised,1388,V00,improvised,train,ipc_conversation,random draw from files passing all three detectors; participant not in the recheck cohort,"{""clip_anchored_on_fm2_violation"": false, ""flag_count"": 0, ""flags_fired"": """", ""fm1_hip_flexion_deg_p50"": 156.60645025025343, ""fm1_knee_between_torso_p50"": 0.5915437273478329, ""fm1_leg_over_torso_p50"": 1.1517815713977377, ""fm1_reasons"": """", ""fm1_shin_verticality_p50"": 0.9981685137636722, ""fm1_sitting_file"": false, ""fm1_sitting_participant"": false, ""fm1_unit"": ""0377@0549"", ""fm1_unit_basis"": ""none"", ""fm2_in_frame_and_valid_frac"": 0.9806666666666667, ""fm2_pass_frac_round3_joints_only"": 0.9926666666666667, ""fm2_smplh_valid_frac"": 1.0, ""fm2_surface_correction_px_p50"": 41.35130735170446, ""fm2_vertex_worst_inset_min_px"": -32.441552191254914, ""fm2_violation_run_max_frames"": 29.0, ""fm2_violation_runs"": 11.0, ""fm2_windowed_pass_frac"": 0.6, ""fm3_static_frac"": 0.5735555555555556, ""observed_duration_s"": 150.0, ""reproj_px_p50"": 17.942916993466856, ""reproj_shoulder_widths_p50"": 0.05519105718289133, ""unit_files"": 3.0, ""unit_flagged_frac"": 0.0, ""unit_hip_flexion_min"": 156.60645025025343, ""unit_knee_between_min"": 0.5915437273478329}",render
r4_386,fresh_pass_improvised_386_V00_S0135_I00000479_P0029A_f0001198,V00_S0135_I00000479_P0029A,improvised/train/0002/0005/V00_S0135_I00000479_P0029A,improvised/train/0002/0019/V00_S0135_I00000479_P0196,fresh_pass_improvised,fresh,improvised,1198,V00,improvised,train,ipc_conversation,random draw from files passing all three detectors; participant not in the recheck cohort,"{""clip_anchored_on_fm2_violation"": false, ""flag_count"": 0, ""flags_fired"": """", ""fm1_hip_flexion_deg_p50"": 137.59318245816416, ""fm1_knee_between_torso_p50"": 0.494544465185239, ""fm1_leg_over_torso_p50"": 1.3966686028357906, ""fm1_reasons"": """", ""fm1_shin_verticality_p50"": 0.9996349703328331, ""fm1_sitting_file"": false, ""fm1_sitting_participant"": false, ""fm1_unit"": ""0029A@0135"", ""fm1_unit_basis"": ""none"", ""fm2_in_frame_and_valid_frac"": 0.9985994397759104, ""fm2_pass_frac_round3_joints_only"": 0.999859943977591, ""fm2_smplh_valid_frac"": 1.0, ""fm2_surface_correction_px_p50"": 80.97917350446079, ""fm2_vertex_worst_inset_min_px"": -14.637496946288366, ""fm2_violation_run_max_frames"": 3.0, ""fm2_violation_runs"": 5.0, ""fm2_windowed_pass_frac"": 0.8571428571428571, ""fm3_static_frac"": 0.44677871148459386, ""observed_duration_s"": 238.0, ""reproj_px_p50"": 31.423370774324276, ""reproj_shoulder_widths_p50"": 0.08695908936829666, ""unit_files"": 2.0, ""unit_flagged_frac"": 0.0, ""unit_hip_flexion_min"": 137.59318245816416, ""unit_knee_between_min"": 0.494544465185239}",render
r4_387,fresh_pass_improvised_387_V00_S0605_I00000479_P0229A_f0005815,V00_S0605_I00000479_P0229A,improvised/train/0011/0047/V00_S0605_I00000479_P0229A,improvised/train/0011/0000/V00_S0605_I00000479_P0069,fresh_pass_improvised,fresh,improvised,5815,V00,improvised,train,ipc_conversation,random draw from files passing all three detectors; participant not in the recheck cohort,"{""clip_anchored_on_fm2_violation"": false, ""flag_count"": 0, ""flags_fired"": """", ""fm1_hip_flexion_deg_p50"": 155.0288375873767, ""fm1_knee_between_torso_p50"": 0.5517881679957807, ""fm1_leg_over_torso_p50"": 1.2721590041905553, ""fm1_reasons"": """", ""fm1_shin_verticality_p50"": 0.9967290568667125, ""fm1_sitting_file"": false, ""fm1_sitting_participant"": false, ""fm1_unit"": ""0229A@0605"", ""fm1_unit_basis"": ""none"", ""fm2_in_frame_and_valid_frac"": 0.9977099236641221, ""fm2_pass_frac_round3_joints_only"": 0.9987277353689568, ""fm2_smplh_valid_frac"": 1.0, ""fm2_surface_correction_px_p50"": 38.37819791434322, ""fm2_vertex_worst_inset_min_px"": -27.566363298877263, ""fm2_violation_run_max_frames"": 11.0, ""fm2_violation_runs"": 4.0, ""fm2_windowed_pass_frac"": 0.875, ""fm3_static_frac"": 0.6372773536895674, ""observed_duration_s"": 262.0, ""reproj_px_p50"": 18.80477878930587, ""reproj_shoulder_widths_p50"": 0.054968133672412545, ""unit_files"": 3.0, ""unit_flagged_frac"": 0.0, ""unit_hip_flexion_min"": 149.24441823258752, ""unit_knee_between_min"": 0.5458678844567256}",render
r4_388,fresh_pass_improvised_388_V00_S1803_I00000684_P1106A_f0001684,V00_S1803_I00000684_P1106A,improvised/train/0045/0033/V00_S1803_I00000684_P1106A,improvised/train/0045/0001/V00_S1803_I00000684_P0893A,fresh_pass_improvised,fresh,improvised,1684,V00,improvised,train,ipc_conversation,random draw from files passing all three detectors; participant not in the recheck cohort,"{""clip_anchored_on_fm2_violation"": false, ""flag_count"": 0, ""flags_fired"": """", ""fm1_hip_flexion_deg_p50"": 160.523018618988, ""fm1_knee_between_torso_p50"": 0.5733773539978557, ""fm1_leg_over_torso_p50"": 1.2406362753016658, ""fm1_reasons"": """", ""fm1_shin_verticality_p50"": 0.9983713451116116, ""fm1_sitting_file"": false, ""fm1_sitting_participant"": false, ""fm1_unit"": ""1106A@1803"", ""fm1_unit_basis"": ""none"", ""fm2_in_frame_and_valid_frac"": 0.9944903581267218, ""fm2_pass_frac_round3_joints_only"": 0.9949035812672177, ""fm2_smplh_valid_frac"": 1.0, ""fm2_surface_correction_px_p50"": 33.41663243275474, ""fm2_vertex_worst_inset_min_px"": -40.68234280351692, ""fm2_violation_run_max_frames"": 15.0, ""fm2_violation_runs"": 5.0, ""fm2_windowed_pass_frac"": 0.5, ""fm3_static_frac"": 0.22548209366391184, ""observed_duration_s"": 242.0, ""reproj_px_p50"": 17.036055888758337, ""reproj_shoulder_widths_p50"": 0.053633401128184696, ""unit_files"": 3.0, ""unit_flagged_frac"": 0.0, ""unit_hip_flexion_min"": 154.0550152060505, ""unit_knee_between_min"": 0.5612028507879965}",render
r4_389,fresh_pass_improvised_389_V00_S1583_I00000082_P0546_f0006071,V00_S1583_I00000082_P0546,improvised/train/0038/0004/V00_S1583_I00000082_P0546,improvised/train/0038/0065/V00_S1583_I00000082_P1114A,fresh_pass_improvised,fresh,improvised,6071,V00,improvised,train,ipc_conversation,random draw from files passing all three detectors; participant not in the recheck cohort,"{""clip_anchored_on_fm2_violation"": false, ""flag_count"": 0, ""flags_fired"": """", ""fm1_hip_flexion_deg_p50"": 165.20202112314308, ""fm1_knee_between_torso_p50"": 0.5618347290063305, ""fm1_leg_over_torso_p50"": 1.4387036603675627, ""fm1_reasons"": """", ""fm1_shin_verticality_p50"": 0.9996539147655004, ""fm1_sitting_file"": false, ""fm1_sitting_participant"": false, ""fm1_unit"": ""0546@1583"", ""fm1_unit_basis"": ""none"", ""fm2_in_frame_and_valid_frac"": 0.9974561403508772, ""fm2_pass_frac_round3_joints_only"": 0.997719298245614, ""fm2_smplh_valid_frac"": 1.0, ""fm2_surface_correction_px_p50"": 35.335824682233124, ""fm2_vertex_worst_inset_min_px"": -68.01037503857219, ""fm2_violation_run_max_frames"": 11.0, ""fm2_violation_runs"": 4.0, ""fm2_windowed_pass_frac"": 0.8333333333333334, ""fm3_static_frac"": 0.036491228070175435, ""observed_duration_s"": 380.0, ""reproj_px_p50"": 22.14516118215907, ""reproj_shoulder_widths_p50"": 0.07894399371654254, ""unit_files"": 2.0, ""unit_flagged_frac"": 0.0, ""unit_hip_flexion_min"": 165.20202112314308, ""unit_knee_between_min"": 0.5618347290063305}",render
r4_390,fresh_pass_improvised_390_V00_S0613_I00000502_P0229A_f0003232,V00_S0613_I00000502_P0229A,improvised/train/0012/0001/V00_S0613_I00000502_P0229A,improvised/train/0012/0023/V00_S0613_I00000502_P0765,fresh_pass_improvised,fresh,improvised,3232,V00,improvised,train,ipc_conversation,random draw from files passing all three detectors; participant not in the recheck cohort,"{""clip_anchored_on_fm2_violation"": false, ""flag_count"": 0, ""flags_fired"": """", ""fm1_hip_flexion_deg_p50"": 150.03315940054065, ""fm1_knee_between_torso_p50"": 0.5576569431616312, ""fm1_leg_over_torso_p50"": 1.2972030806300392, ""fm1_reasons"": """", ""fm1_shin_verticality_p50"": 0.9718501288298454, ""fm1_sitting_file"": false, ""fm1_sitting_participant"": false, ""fm1_unit"": ""0229A@0613"", ""fm1_unit_basis"": ""none"", ""fm2_in_frame_and_valid_frac"": 0.9966386554621849, ""fm2_pass_frac_round3_joints_only"": 0.9970588235294118, ""fm2_smplh_valid_frac"": 1.0, ""fm2_surface_correction_px_p50"": 37.31126665523925, ""fm2_vertex_worst_inset_min_px"": -50.80077822589567, ""fm2_violation_run_max_frames"": 20.0, ""fm2_violation_runs"": 2.0, ""fm2_windowed_pass_frac"": 0.7142857142857143, ""fm3_static_frac"": 0.7413165266106443, ""observed_duration_s"": 238.0, ""reproj_px_p50"": 19.791425502953558, ""reproj_shoulder_widths_p50"": 0.05922364780926212, ""unit_files"": 1.0, ""unit_flagged_frac"": 0.0, ""unit_hip_flexion_min"": 150.03315940054065, ""unit_knee_between_min"": 0.5576569431616312}",render
r4_391,fresh_pass_improvised_391_V00_S2047_I00001046_P1305A_f0002490,V00_S2047_I00001046_P1305A,improvised/test/0000/0040/V00_S2047_I00001046_P1305A,improvised/test/0000/0058/V00_S2047_I00001046_P1304A,fresh_pass_improvised,fresh,improvised,2490,V00,improvised,test,ipc_conversation,random draw from files passing all three detectors; participant not in the recheck cohort,"{""clip_anchored_on_fm2_violation"": false, ""flag_count"": 0, ""flags_fired"": """", ""fm1_hip_flexion_deg_p50"": 144.1884106172888, ""fm1_knee_between_torso_p50"": 0.5407328064570087, ""fm1_leg_over_torso_p50"": 1.1826378590357076, ""fm1_reasons"": """", ""fm1_shin_verticality_p50"": 0.9854601023498583, ""fm1_sitting_file"": false, ""fm1_sitting_participant"": false, ""fm1_unit"": ""1305A@2047"", ""fm1_unit_basis"": ""none"", ""fm2_in_frame_and_valid_frac"": 0.9961333333333333, ""fm2_pass_frac_round3_joints_only"": 0.9977333333333334, ""fm2_smplh_valid_frac"": 1.0, ""fm2_surface_correction_px_p50"": 44.72127137563257, ""fm2_vertex_worst_inset_min_px"": -29.15498580719259, ""fm2_violation_run_max_frames"": 12.0, ""fm2_violation_runs"": 5.0, ""fm2_windowed_pass_frac"": 0.75, ""fm3_static_frac"": 0.07786666666666667, ""observed_duration_s"": 250.0, ""reproj_px_p50"": 15.518794965831216, ""reproj_shoulder_widths_p50"": 0.04944798359549857, ""unit_files"": 2.0, ""unit_flagged_frac"": 0.0, ""unit_hip_flexion_min"": 140.4673045401948, ""unit_knee_between_min"": 0.5305756527067191}",render
r4_392,fm1_adjudicate_392_V00_S0113_I00000487_P0008_f0002379,V00_S0113_I00000487_P0008,naturalistic/train/0002/0004/V00_S0113_I00000487_P0008,naturalistic/train/0002/0024/V00_S0113_I00000487_P0164,fm1_adjudicate,adjudicate,naturalistic,2379,V00,naturalistic,train,ipc_conversation,"0008@0113 (participant @ session): flagged as SEATED and short-legged, which is exactly what broke Round 3. (1 of 3 scanned files in this session read as seated; hip flexion 105.8 deg against a cut of 118, knee-between 0.394 against a cut of 0.45) — is this person sitting or standing?","{""clip_anchored_on_fm2_violation"": true, ""flag_count"": 1, ""flags_fired"": ""fm2_smplh_invalid"", ""fm1_hip_flexion_deg_p50"": 105.84884001586397, ""fm1_knee_between_torso_p50"": 0.3938051832489503, ""fm1_leg_over_torso_p50"": 0.8361440555956484, ""fm1_reasons"": ""knee_between"", ""fm1_shin_verticality_p50"": 0.9988681256508376, ""fm1_sitting_file"": true, ""fm1_sitting_participant"": false, ""fm1_unit"": ""0008@0113"", ""fm1_unit_basis"": ""none"", ""fm2_in_frame_and_valid_frac"": 0.9935416666666667, ""fm2_pass_frac_round3_joints_only"": 0.99375, ""fm2_smplh_valid_frac"": 0.9947916666666666, ""fm2_surface_correction_px_p50"": 53.51227994142141, ""fm2_vertex_worst_inset_min_px"": -132.61423726990643, ""fm2_violation_run_max_frames"": 31.0, ""fm2_violation_runs"": 1.0, ""fm2_windowed_pass_frac"": 0.8, ""fm3_static_frac"": 0.53375, ""observed_duration_s"": 160.0, ""reproj_px_p50"": 29.45584771885536, ""reproj_shoulder_widths_p50"": 0.07577635973393879, ""unit_files"": 3.0, ""unit_flagged_frac"": 0.3333333333333333, ""unit_hip_flexion_min"": 105.84884001586397, ""unit_knee_between_min"": 0.3938051832489503}",render
r4_393,fm1_adjudicate_393_V00_S0216_I00000515_P0293_f0002220,V00_S0216_I00000515_P0293,naturalistic/train/0005/0026/V00_S0216_I00000515_P0293,naturalistic/train/0005/0028/V00_S0216_I00000515_P0294,fm1_adjudicate,adjudicate,naturalistic,2220,V00,naturalistic,train,ipc_conversation,"0293@0216 (participant @ session): flagged as SEATED and short-legged, which is exactly what broke Round 3. (1 of 1 scanned files in this session read as seated; hip flexion 127.5 deg against a cut of 118, knee-between 0.728 against a cut of 0.45) — is this person sitting or standing?","{""clip_anchored_on_fm2_violation"": true, ""flag_count"": 2, ""flags_fired"": ""fm1_sitting+fm2_smplh_invalid"", ""fm1_hip_flexion_deg_p50"": 127.52455131642651, ""fm1_knee_between_torso_p50"": 0.7282036643584864, ""fm1_leg_over_torso_p50"": 0.7096222655345868, ""fm1_reasons"": ""shin_inverted"", ""fm1_shin_verticality_p50"": -0.5999979996155236, ""fm1_sitting_file"": true, ""fm1_sitting_participant"": true, ""fm1_unit"": ""0293@0216"", ""fm1_unit_basis"": ""majority"", ""fm2_in_frame_and_valid_frac"": 0.8903846153846153, ""fm2_pass_frac_round3_joints_only"": 0.8996794871794872, ""fm2_smplh_valid_frac"": 0.908974358974359, ""fm2_surface_correction_px_p50"": 34.88866365861546, ""fm2_vertex_worst_inset_min_px"": -358.00974150208947, ""fm2_violation_run_max_frames"": 342.0, ""fm2_violation_runs"": 1.0, ""fm2_windowed_pass_frac"": 1.0, ""fm3_static_frac"": 0.3306536176162181, ""observed_duration_s"": 104.0, ""reproj_px_p50"": 40.504330756468434, ""reproj_shoulder_widths_p50"": 0.11230098625941329, ""unit_files"": 1.0, ""unit_flagged_frac"": 1.0, ""unit_hip_flexion_min"": 127.52455131642651, ""unit_knee_between_min"": 0.7282036643584864}",render
r4_394,fm1_adjudicate_394_V00_S0284_I00000495_P0385_f0000664,V00_S0284_I00000495_P0385,naturalistic/train/0006/0030/V00_S0284_I00000495_P0385,naturalistic/train/0006/0000/V00_S0284_I00000495_P0384,fm1_adjudicate,adjudicate,naturalistic,664,V00,naturalistic,train,ipc_conversation,"0385@0284 (participant @ session): flagged as SEATED and short-legged, which is exactly what broke Round 3. (4 of 4 scanned files in this session read as seated; hip flexion 86.9 deg against a cut of 118, knee-between 0.166 against a cut of 0.45) — is this person sitting or standing?","{""clip_anchored_on_fm2_violation"": true, ""flag_count"": 2, ""flags_fired"": ""fm1_sitting+fm2_smplh_invalid"", ""fm1_hip_flexion_deg_p50"": 86.9387368391761, ""fm1_knee_between_torso_p50"": 0.1661414646567012, ""fm1_leg_over_torso_p50"": 0.8328315986192316, ""fm1_reasons"": ""knee_between"", ""fm1_shin_verticality_p50"": 0.9771763701957781, ""fm1_sitting_file"": true, ""fm1_sitting_participant"": true, ""fm1_unit"": ""0385@0284"", ""fm1_unit_basis"": ""majority"", ""fm2_in_frame_and_valid_frac"": 0.9863425925925926, ""fm2_pass_frac_round3_joints_only"": 0.9885416666666667, ""fm2_smplh_valid_frac"": 0.9890046296296297, ""fm2_surface_correction_px_p50"": 47.1422680406267, ""fm2_vertex_worst_inset_min_px"": -159.91276636429916, ""fm2_violation_run_max_frames"": 50.0, ""fm2_violation_runs"": 12.0, ""fm2_windowed_pass_frac"": 0.6666666666666666, ""fm3_static_frac"": 0.44756944444444446, ""observed_duration_s"": 288.0, ""reproj_px_p50"": 34.63860382304769, ""reproj_shoulder_widths_p50"": 0.08692851344732666, ""unit_files"": 4.0, ""unit_flagged_frac"": 1.0, ""unit_hip_flexion_min"": 86.9387368391761, ""unit_knee_between_min"": 0.1661414646567012}",render
r4_395,fm1_adjudicate_395_V00_S0521_I00000461_P0566_f0001142,V00_S0521_I00000461_P0566,naturalistic/dev/0000/0004/V00_S0521_I00000461_P0566,naturalistic/dev/0000/0041/V00_S0521_I00000461_P0663,fm1_adjudicate,adjudicate,naturalistic,1142,V00,naturalistic,dev,ipc_conversation,"0566@0521 (participant @ session): flagged as SEATED and short-legged, which is exactly what broke Round 3. (1 of 1 scanned files in this session read as seated; hip flexion 97.0 deg against a cut of 118, knee-between 0.351 against a cut of 0.45) — is this person sitting or standing?","{""clip_anchored_on_fm2_violation"": true, ""flag_count"": 2, ""flags_fired"": ""fm1_sitting+fm2_smplh_invalid"", ""fm1_hip_flexion_deg_p50"": 97.04217681709522, ""fm1_knee_between_torso_p50"": 0.35055866326014823, ""fm1_leg_over_torso_p50"": 0.7635270529294829, ""fm1_reasons"": ""knee_between"", ""fm1_shin_verticality_p50"": 0.9847835385273492, ""fm1_sitting_file"": true, ""fm1_sitting_participant"": true, ""fm1_unit"": ""0566@0521"", ""fm1_unit_basis"": ""majority"", ""fm2_in_frame_and_valid_frac"": 0.9837359098228663, ""fm2_pass_frac_round3_joints_only"": 0.9883252818035426, ""fm2_smplh_valid_frac"": 0.994122383252818, ""fm2_surface_correction_px_p50"": 42.254201208768876, ""fm2_vertex_worst_inset_min_px"": -158.53267589003826, ""fm2_violation_run_max_frames"": 63.0, ""fm2_violation_runs"": 22.0, ""fm2_windowed_pass_frac"": 0.6153846153846154, ""fm3_static_frac"": 0.0039452495974235105, ""observed_duration_s"": 414.0, ""reproj_px_p50"": 39.48103060139648, ""reproj_shoulder_widths_p50"": 0.09864901133849044, ""unit_files"": 1.0, ""unit_flagged_frac"": 1.0, ""unit_hip_flexion_min"": 97.04217681709522, ""unit_knee_between_min"": 0.35055866326014823}",render
r4_396,fm1_adjudicate_396_V00_S0521_I00000135_P0663_f0004003,V00_S0521_I00000135_P0663,naturalistic/dev/0000/0012/V00_S0521_I00000135_P0663,naturalistic/dev/0000/0038/V00_S0521_I00000135_P0566,fm1_adjudicate,adjudicate,naturalistic,4003,V00,naturalistic,dev,collaborative_storytelling,"0663@0521 (participant @ session): flagged as SEATED and short-legged, which is exactly what broke Round 3. (2 of 2 scanned files in this session read as seated; hip flexion 99.8 deg against a cut of 118, knee-between 0.409 against a cut of 0.45) — is this person sitting or standing?","{""clip_anchored_on_fm2_violation"": false, ""flag_count"": 2, ""flags_fired"": ""fm1_sitting+fm3_static_hands"", ""fm1_hip_flexion_deg_p50"": 99.7533236381071, ""fm1_knee_between_torso_p50"": 0.40912842907663904, ""fm1_leg_over_torso_p50"": 0.7288593187400865, ""fm1_reasons"": ""knee_between"", ""fm1_shin_verticality_p50"": 0.9557791412783729, ""fm1_sitting_file"": true, ""fm1_sitting_participant"": true, ""fm1_unit"": ""0663@0521"", ""fm1_unit_basis"": ""majority"", ""fm2_in_frame_and_valid_frac"": 1.0, ""fm2_pass_frac_round3_joints_only"": 1.0, ""fm2_smplh_valid_frac"": 1.0, ""fm2_surface_correction_px_p50"": 25.750358936525544, ""fm2_vertex_worst_inset_min_px"": 31.402297277062644, ""fm2_violation_run_max_frames"": 0.0, ""fm2_violation_runs"": 0.0, ""fm2_windowed_pass_frac"": 1.0, ""fm3_static_frac"": 0.8915686274509804, ""observed_duration_s"": 170.0, ""reproj_px_p50"": 43.06085206985479, ""reproj_shoulder_widths_p50"": 0.10021885671163444, ""unit_files"": 2.0, ""unit_flagged_frac"": 1.0, ""unit_hip_flexion_min"": 99.7533236381071, ""unit_knee_between_min"": 0.40912842907663904}",render
r4_397,fm1_adjudicate_397_V00_S0113_I00000483_P0008_f0001516,V00_S0113_I00000483_P0008,naturalistic/train/0002/0022/V00_S0113_I00000483_P0008,naturalistic/train/0002/0009/V00_S0113_I00000483_P0164,fm1_adjudicate,adjudicate,naturalistic,1516,V00,naturalistic,train,ipc_conversation,"0008@0113 (participant @ session): just above the cut — a small threshold move would call this SEATED. (1 of 3 scanned files in this session read as seated; hip flexion 109.7 deg against a cut of 118, knee-between 0.432 against a cut of 0.45) — is this person sitting or standing?","{""clip_anchored_on_fm2_violation"": true, ""flag_count"": 1, ""flags_fired"": ""fm2_smplh_invalid"", ""fm1_hip_flexion_deg_p50"": 109.65590436487093, ""fm1_knee_between_torso_p50"": 0.43234026421516436, ""fm1_leg_over_torso_p50"": 0.8273187980392482, ""fm1_reasons"": """", ""fm1_shin_verticality_p50"": 0.99886812961252, ""fm1_sitting_file"": false, ""fm1_sitting_participant"": false, ""fm1_unit"": ""0008@0113"", ""fm1_unit_basis"": ""none"", ""fm2_in_frame_and_valid_frac"": 0.9627572016460906, ""fm2_pass_frac_round3_joints_only"": 0.975925925925926, ""fm2_smplh_valid_frac"": 0.995679012345679, ""fm2_surface_correction_px_p50"": 50.33978967265671, ""fm2_vertex_worst_inset_min_px"": -133.56910748157702, ""fm2_violation_run_max_frames"": 30.0, ""fm2_violation_runs"": 22.0, ""fm2_windowed_pass_frac"": 0.2, ""fm3_static_frac"": 0.5059670781893004, ""observed_duration_s"": 162.0, ""reproj_px_p50"": 27.469967484046762, ""reproj_shoulder_widths_p50"": 0.07048204290269063, ""unit_files"": 3.0, ""unit_flagged_frac"": 0.3333333333333333, ""unit_hip_flexion_min"": 105.84884001586397, ""unit_knee_between_min"": 0.3938051832489503}",render
r4_398,fm1_adjudicate_398_V00_S0287_I00000128_P0011_f0000193,V00_S0287_I00000128_P0011,naturalistic/train/0007/0034/V00_S0287_I00000128_P0011,naturalistic/train/0007/0027/V00_S0287_I00000128_P0389,fm1_adjudicate,adjudicate,naturalistic,193,V00,naturalistic,train,ipc_conversation,"0011@0287 (participant @ session): just above the cut — a small threshold move would call this SEATED. (0 of 5 scanned files in this session read as seated; hip flexion 131.8 deg against a cut of 118, knee-between 0.466 against a cut of 0.45) — is this person sitting or standing?","{""clip_anchored_on_fm2_violation"": false, ""flag_count"": 0, ""flags_fired"": """", ""fm1_hip_flexion_deg_p50"": 131.791136726834, ""fm1_knee_between_torso_p50"": 0.4661610254715217, ""fm1_leg_over_torso_p50"": 1.421485427988229, ""fm1_reasons"": """", ""fm1_shin_verticality_p50"": 0.9996714258367518, ""fm1_sitting_file"": false, ""fm1_sitting_participant"": false, ""fm1_unit"": ""0011@0287"", ""fm1_unit_basis"": ""none"", ""fm2_in_frame_and_valid_frac"": 0.9817460317460317, ""fm2_pass_frac_round3_joints_only"": 0.9883597883597883, ""fm2_smplh_valid_frac"": 1.0, ""fm2_surface_correction_px_p50"": 42.4528612553637, ""fm2_vertex_worst_inset_min_px"": -90.92209095457622, ""fm2_violation_run_max_frames"": 16.0, ""fm2_violation_runs"": 12.0, ""fm2_windowed_pass_frac"": 0.5, ""fm3_static_frac"": 0.22037037037037038, ""observed_duration_s"": 126.0, ""reproj_px_p50"": 19.055786761903995, ""reproj_shoulder_widths_p50"": 0.05182169271911824, ""unit_files"": 5.0, ""unit_flagged_frac"": 0.0, ""unit_hip_flexion_min"": 131.791136726834, ""unit_knee_between_min"": 0.4661610254715217}",render
r4_399,fm1_adjudicate_399_V00_S0381_I00000384_P0012_f0001820,V00_S0381_I00000384_P0012,naturalistic/train/0010/0045/V00_S0381_I00000384_P0012,naturalistic/train/0010/0000/V00_S0381_I00000384_P0503,fm1_adjudicate,adjudicate,naturalistic,1820,V00,naturalistic,train,ipc_conversation,"0012@0381 (participant @ session): just above the cut — a small threshold move would call this SEATED. (0 of 1 scanned files in this session read as seated; hip flexion 122.8 deg against a cut of 118, knee-between 0.438 against a cut of 0.45) — is this person sitting or standing?","{""clip_anchored_on_fm2_violation"": true, ""flag_count"": 1, ""flags_fired"": ""fm2_smplh_invalid"", ""fm1_hip_flexion_deg_p50"": 122.7540891611694, ""fm1_knee_between_torso_p50"": 0.4378903721388745, ""fm1_leg_over_torso_p50"": 1.3700813060441026, ""fm1_reasons"": """", ""fm1_shin_verticality_p50"": 0.9995920879667206, ""fm1_sitting_file"": false, ""fm1_sitting_participant"": false, ""fm1_unit"": ""0012@0381"", ""fm1_unit_basis"": ""none"", ""fm2_in_frame_and_valid_frac"": 0.8380952380952381, ""fm2_pass_frac_round3_joints_only"": 0.8681818181818182, ""fm2_smplh_valid_frac"": 0.996969696969697, ""fm2_surface_correction_px_p50"": 42.78439307781787, ""fm2_vertex_worst_inset_min_px"": -401.72889096511426, ""fm2_violation_run_max_frames"": 78.0, ""fm2_violation_runs"": 65.0, ""fm2_windowed_pass_frac"": 0.4, ""fm3_static_frac"": 0.48982683982683983, ""observed_duration_s"": 154.0, ""reproj_px_p50"": 29.947257935786425, ""reproj_shoulder_widths_p50"": 0.08223516478732312, ""unit_files"": 1.0, ""unit_flagged_frac"": 0.0, ""unit_hip_flexion_min"": 122.7540891611694, ""unit_knee_between_min"": 0.4378903721388745}",render
r4_400,fm1_adjudicate_400_V00_S1163_I00001062_P0012_f0005813,V00_S1163_I00001062_P0012,improvised/train/0025/0045/V00_S1163_I00001062_P0012,improvised/train/0025/0064/V00_S1163_I00001062_P0878A,fm1_adjudicate,adjudicate,improvised,5813,V00,improvised,train,ipc_conversation,"0012@1163 (participant @ session): just above the cut — a small threshold move would call this SEATED. (0 of 1 scanned files in this session read as seated; hip flexion 125.1 deg against a cut of 118, knee-between 0.466 against a cut of 0.45) — is this person sitting or standing?","{""clip_anchored_on_fm2_violation"": true, ""flag_count"": 1, ""flags_fired"": ""fm2_smplh_invalid"", ""fm1_hip_flexion_deg_p50"": 125.12171746130755, ""fm1_knee_between_torso_p50"": 0.46574692773128434, ""fm1_leg_over_torso_p50"": 1.2153862649226195, ""fm1_reasons"": """", ""fm1_shin_verticality_p50"": 0.9927337911914773, ""fm1_sitting_file"": false, ""fm1_sitting_participant"": false, ""fm1_unit"": ""0012@1163"", ""fm1_unit_basis"": ""none"", ""fm2_in_frame_and_valid_frac"": 0.9695075757575757, ""fm2_pass_frac_round3_joints_only"": 0.9861742424242425, ""fm2_smplh_valid_frac"": 0.9995265151515151, ""fm2_surface_correction_px_p50"": 44.7427244838874, ""fm2_vertex_worst_inset_min_px"": -64.39463157322689, ""fm2_violation_run_max_frames"": 57.0, ""fm2_violation_runs"": 44.0, ""fm2_windowed_pass_frac"": 0.7272727272727273, ""fm3_static_frac"": 0.19251893939393938, ""observed_duration_s"": 352.0, ""reproj_px_p50"": 22.014959524418238, ""reproj_shoulder_widths_p50"": 0.0637478065106805, ""unit_files"": 1.0, ""unit_flagged_frac"": 0.0, ""unit_hip_flexion_min"": 125.12171746130755, ""unit_knee_between_min"": 0.46574692773128434}",render
r4_401,fm1_adjudicate_401_V00_S0673_I00000504_P0012A_f0001835,V00_S0673_I00000504_P0012A,improvised/train/0013/0028/V00_S0673_I00000504_P0012A,improvised/train/0013/0010/V00_S0673_I00000504_P0830,fm1_adjudicate,adjudicate,improvised,1835,V00,improvised,train,ipc_conversation,"0012A@0673 (participant @ session): just above the cut — a small threshold move would call this SEATED. (0 of 2 scanned files in this session read as seated; hip flexion 127.6 deg against a cut of 118, knee-between 0.458 against a cut of 0.45) — is this person sitting or standing?","{""clip_anchored_on_fm2_violation"": false, ""flag_count"": 1, ""flags_fired"": ""fm3_static_hands"", ""fm1_hip_flexion_deg_p50"": 127.60793284766773, ""fm1_knee_between_torso_p50"": 0.45811191964222536, ""fm1_leg_over_torso_p50"": 1.3933149546460393, ""fm1_reasons"": """", ""fm1_shin_verticality_p50"": 0.9999999999999758, ""fm1_sitting_file"": false, ""fm1_sitting_participant"": false, ""fm1_unit"": ""0012A@0673"", ""fm1_unit_basis"": ""none"", ""fm2_in_frame_and_valid_frac"": 0.9995833333333334, ""fm2_pass_frac_round3_joints_only"": 0.9995833333333334, ""fm2_smplh_valid_frac"": 1.0, ""fm2_surface_correction_px_p50"": 44.26572125930102, ""fm2_vertex_worst_inset_min_px"": -4.5714529773292725, ""fm2_violation_run_max_frames"": 2.0, ""fm2_violation_runs"": 1.0, ""fm2_windowed_pass_frac"": 0.8, ""fm3_static_frac"": 0.8810416666666666, ""observed_duration_s"": 160.0, ""reproj_px_p50"": 19.95071903985385, ""reproj_shoulder_widths_p50"": 0.06000896560093323, ""unit_files"": 2.0, ""unit_flagged_frac"": 0.0, ""unit_hip_flexion_min"": 127.52622335194002, ""unit_knee_between_min"": 0.45811191964222536}",render
r4_402,fm1_adjudicate_402_V00_S0710_I00000371_P0012A_f0000819,V00_S0710_I00000371_P0012A,improvised/train/0014/0043/V00_S0710_I00000371_P0012A,improvised/train/0014/0025/V00_S0710_I00000371_P0015,fm1_adjudicate,adjudicate,improvised,819,V00,improvised,train,ipc_conversation,"0012A@0710 (participant @ session): just above the cut — a small threshold move would call this SEATED. (0 of 2 scanned files in this session read as seated; hip flexion 119.7 deg against a cut of 118, knee-between 0.443 against a cut of 0.45) — is this person sitting or standing?","{""clip_anchored_on_fm2_violation"": true, ""flag_count"": 1, ""flags_fired"": ""fm2_smplh_invalid"", ""fm1_hip_flexion_deg_p50"": 119.68037050094156, ""fm1_knee_between_torso_p50"": 0.443054583175856, ""fm1_leg_over_torso_p50"": 1.175032355560529, ""fm1_reasons"": """", ""fm1_shin_verticality_p50"": 0.9996144206527183, ""fm1_sitting_file"": false, ""fm1_sitting_participant"": false, ""fm1_unit"": ""0012A@0710"", ""fm1_unit_basis"": ""none"", ""fm2_in_frame_and_valid_frac"": 0.9743589743589743, ""fm2_pass_frac_round3_joints_only"": 0.9770655270655271, ""fm2_smplh_valid_frac"": 0.9981481481481481, ""fm2_surface_correction_px_p50"": 37.845325191569714, ""fm2_vertex_worst_inset_min_px"": -113.0271616877385, ""fm2_violation_run_max_frames"": 33.0, ""fm2_violation_runs"": 29.0, ""fm2_windowed_pass_frac"": 0.2857142857142857, ""fm3_static_frac"": 0.6621082621082621, ""observed_duration_s"": 234.0, ""reproj_px_p50"": 15.708686259686155, ""reproj_shoulder_widths_p50"": 0.04356483178742791, ""unit_files"": 2.0, ""unit_flagged_frac"": 0.0, ""unit_hip_flexion_min"": 119.68037050094156, ""unit_knee_between_min"": 0.443054583175856}",render
r4_403,fm1_adjudicate_403_V00_S0917_I00000132_P0012A_f0002997,V00_S0917_I00000132_P0012A,improvised/train/0019/0054/V00_S0917_I00000132_P0012A,improvised/train/0019/0051/V00_S0917_I00000132_P1017,fm1_adjudicate,adjudicate,improvised,2997,V00,improvised,train,ipc_conversation,"0012A@0917 (participant @ session): just above the cut — a small threshold move would call this SEATED. (0 of 2 scanned files in this session read as seated; hip flexion 130.3 deg against a cut of 118, knee-between 0.462 against a cut of 0.45) — is this person sitting or standing?","{""clip_anchored_on_fm2_violation"": false, ""flag_count"": 0, ""flags_fired"": """", ""fm1_hip_flexion_deg_p50"": 130.3232398486589, ""fm1_knee_between_torso_p50"": 0.46225710079865, ""fm1_leg_over_torso_p50"": 1.5259780282890838, ""fm1_reasons"": """", ""fm1_shin_verticality_p50"": 0.9996539187666843, ""fm1_sitting_file"": false, ""fm1_sitting_participant"": false, ""fm1_unit"": ""0012A@0917"", ""fm1_unit_basis"": ""none"", ""fm2_in_frame_and_valid_frac"": 0.987015503875969, ""fm2_pass_frac_round3_joints_only"": 0.9889534883720931, ""fm2_smplh_valid_frac"": 1.0, ""fm2_surface_correction_px_p50"": 41.25213584849155, ""fm2_vertex_worst_inset_min_px"": -74.74269950734549, ""fm2_violation_run_max_frames"": 18.0, ""fm2_violation_runs"": 9.0, ""fm2_windowed_pass_frac"": 0.4, ""fm3_static_frac"": 0.49806201550387597, ""observed_duration_s"": 172.0, ""reproj_px_p50"": 17.19303376294862, ""reproj_shoulder_widths_p50"": 0.05140125455645955, ""unit_files"": 2.0, ""unit_flagged_frac"": 0.0, ""unit_hip_flexion_min"": 130.3232398486589, ""unit_knee_between_min"": 0.46225710079865}",render
r4_404,fm1_adjudicate_404_V00_S0058_I00000537_P0027A_f0009083,V00_S0058_I00000537_P0027A,improvised/train/0000/0001/V00_S0058_I00000537_P0027A,improvised/train/0000/0006/V00_S0058_I00000537_P0088,fm1_adjudicate,adjudicate,improvised,9083,V00,improvised,train,ipc_conversation,"0027A@0058 (participant @ session): just above the cut — a small threshold move would call this SEATED. (0 of 2 scanned files in this session read as seated; hip flexion 153.2 deg against a cut of 118, knee-between 0.571 against a cut of 0.45) — is this person sitting or standing?","{""clip_anchored_on_fm2_violation"": true, ""flag_count"": 1, ""flags_fired"": ""fm2_smplh_invalid"", ""fm1_hip_flexion_deg_p50"": 153.16006387059883, ""fm1_knee_between_torso_p50"": 0.5708863504359364, ""fm1_leg_over_torso_p50"": 1.2676343904546865, ""fm1_reasons"": """", ""fm1_shin_verticality_p50"": 0.9639926394802334, ""fm1_sitting_file"": false, ""fm1_sitting_participant"": false, ""fm1_unit"": ""0027A@0058"", ""fm1_unit_basis"": ""none"", ""fm2_in_frame_and_valid_frac"": 0.9887179487179487, ""fm2_pass_frac_round3_joints_only"": 0.9922222222222222, ""fm2_smplh_valid_frac"": 0.9975213675213676, ""fm2_surface_correction_px_p50"": 39.448956075013484, ""fm2_vertex_worst_inset_min_px"": -148.2298590885822, ""fm2_violation_run_max_frames"": 34.0, ""fm2_violation_runs"": 13.0, ""fm2_windowed_pass_frac"": 0.6923076923076923, ""fm3_static_frac"": 0.008803418803418804, ""observed_duration_s"": 390.0, ""reproj_px_p50"": 17.68964478073265, ""reproj_shoulder_widths_p50"": 0.05680656009132988, ""unit_files"": 2.0, ""unit_flagged_frac"": 0.0, ""unit_hip_flexion_min"": 136.83587891313033, ""unit_knee_between_min"": 0.4853403179382408}",render
r4_405,fm1_adjudicate_405_V00_S0172_I00000375_P0027A_f0000831,V00_S0172_I00000375_P0027A,improvised/train/0004/0036/V00_S0172_I00000375_P0027A,improvised/train/0004/0027/V00_S0172_I00000375_P0012,fm1_adjudicate,adjudicate,improvised,831,V00,improvised,train,ipc_conversation,"0027A@0172 (participant @ session): just above the cut — a small threshold move would call this SEATED. (0 of 3 scanned files in this session read as seated; hip flexion 135.2 deg against a cut of 118, knee-between 0.485 against a cut of 0.45) — is this person sitting or standing?","{""clip_anchored_on_fm2_violation"": false, ""flag_count"": 0, ""flags_fired"": """", ""fm1_hip_flexion_deg_p50"": 135.2006568550587, ""fm1_knee_between_torso_p50"": 0.48478467959871663, ""fm1_leg_over_torso_p50"": 1.3338544510604506, ""fm1_reasons"": """", ""fm1_shin_verticality_p50"": 0.9961298558910112, ""fm1_sitting_file"": false, ""fm1_sitting_participant"": false, ""fm1_unit"": ""0027A@0172"", ""fm1_unit_basis"": ""none"", ""fm2_in_frame_and_valid_frac"": 1.0, ""fm2_pass_frac_round3_joints_only"": 1.0, ""fm2_smplh_valid_frac"": 1.0, ""fm2_surface_correction_px_p50"": 83.6189914497142, ""fm2_vertex_worst_inset_min_px"": 89.04069922895115, ""fm2_violation_run_max_frames"": 0.0, ""fm2_violation_runs"": 0.0, ""fm2_windowed_pass_frac"": 1.0, ""fm3_static_frac"": 0.0012280701754385965, ""observed_duration_s"": 190.0, ""reproj_px_p50"": 15.715432320749677, ""reproj_shoulder_widths_p50"": 0.049621436702419475, ""unit_files"": 3.0, ""unit_flagged_frac"": 0.0, ""unit_hip_flexion_min"": 135.2006568550587, ""unit_knee_between_min"": 0.48478467959871663}",render
r4_406,fm1_adjudicate_406_V00_S0127_I00000140_P0029A_f0000753,V00_S0127_I00000140_P0029A,improvised/train/0002/0006/V00_S0127_I00000140_P0029A,improvised/train/0002/0038/V00_S0127_I00000140_P0188,fm1_adjudicate,adjudicate,improvised,753,V00,improvised,train,ipc_conversation,"0029A@0127 (participant @ session): just above the cut — a small threshold move would call this SEATED. (0 of 3 scanned files in this session read as seated; hip flexion 133.6 deg against a cut of 118, knee-between 0.471 against a cut of 0.45) — is this person sitting or standing?","{""clip_anchored_on_fm2_violation"": false, ""flag_count"": 0, ""flags_fired"": """", ""fm1_hip_flexion_deg_p50"": 133.61083169840816, ""fm1_knee_between_torso_p50"": 0.471269235183343, ""fm1_leg_over_torso_p50"": 1.4737370668050853, ""fm1_reasons"": """", ""fm1_shin_verticality_p50"": 0.9996876394587714, ""fm1_sitting_file"": false, ""fm1_sitting_participant"": false, ""fm1_unit"": ""0029A@0127"", ""fm1_unit_basis"": ""none"", ""fm2_in_frame_and_valid_frac"": 0.9947916666666666, ""fm2_pass_frac_round3_joints_only"": 0.9960416666666667, ""fm2_smplh_valid_frac"": 1.0, ""fm2_surface_correction_px_p50"": 37.950903037237254, ""fm2_vertex_worst_inset_min_px"": -36.47648677573329, ""fm2_violation_run_max_frames"": 11.0, ""fm2_violation_runs"": 7.0, ""fm2_windowed_pass_frac"": 0.4, ""fm3_static_frac"": 0.643125, ""observed_duration_s"": 160.0, ""reproj_px_p50"": 14.884401049932979, ""reproj_shoulder_widths_p50"": 0.039826031453771796, ""unit_files"": 3.0, ""unit_flagged_frac"": 0.0, ""unit_hip_flexion_min"": 133.61083169840816, ""unit_knee_between_min"": 0.471269235183343}",render
r4_407,fm1_adjudicate_407_V00_S0030_I00000497_P0045_f0000281,V00_S0030_I00000497_P0045,naturalistic/train/0000/0016/V00_S0030_I00000497_P0045,naturalistic/train/0000/0019/V00_S0030_I00000497_P0046,fm1_adjudicate,adjudicate,naturalistic,281,V00,naturalistic,train,grounded_gesture,"0045@0030 (participant @ session): just above the cut — a small threshold move would call this SEATED. (0 of 2 scanned files in this session read as seated; hip flexion 126.5 deg against a cut of 118, knee-between 0.504 against a cut of 0.45) — is this person sitting or standing?","{""clip_anchored_on_fm2_violation"": true, ""flag_count"": 1, ""flags_fired"": ""fm2_smplh_invalid"", ""fm1_hip_flexion_deg_p50"": 126.52746536639215, ""fm1_knee_between_torso_p50"": 0.5040201522472612, ""fm1_leg_over_torso_p50"": 1.1264174098708972, ""fm1_reasons"": """", ""fm1_shin_verticality_p50"": 0.9999999999999548, ""fm1_sitting_file"": false, ""fm1_sitting_participant"": false, ""fm1_unit"": ""0045@0030"", ""fm1_unit_basis"": ""none"", ""fm2_in_frame_and_valid_frac"": 0.6791962174940899, ""fm2_pass_frac_round3_joints_only"": 0.6804964539007092, ""fm2_smplh_valid_frac"": 0.6849881796690307, ""fm2_surface_correction_px_p50"": 37.91676215823702, ""fm2_vertex_worst_inset_min_px"": -105.76260866209464, ""fm2_violation_run_max_frames"": 483.0, ""fm2_violation_runs"": 92.0, ""fm2_windowed_pass_frac"": 0.1111111111111111, ""fm3_static_frac"": 0.2230496453900709, ""observed_duration_s"": 282.0, ""reproj_px_p50"": 23.28678743319407, ""reproj_shoulder_widths_p50"": 0.06654442877871196, ""unit_files"": 2.0, ""unit_flagged_frac"": 0.0, ""unit_hip_flexion_min"": 124.88884897829976, ""unit_knee_between_min"": 0.4897041782238801}",render
r4_408,fm1_adjudicate_408_V00_S1848_I00000316_P0047_f0000029,V00_S1848_I00000316_P0047,naturalistic/train/0029/0036/V00_S1848_I00000316_P0047,naturalistic/train/0029/0053/V00_S1848_I00000316_P1177,fm1_adjudicate,adjudicate,naturalistic,29,V00,naturalistic,train,ipc_conversation,"0047@1848 (participant @ session): just above the cut — a small threshold move would call this SEATED. (0 of 1 scanned files in this session read as seated; hip flexion 126.8 deg against a cut of 118, knee-between 0.485 against a cut of 0.45) — is this person sitting or standing?","{""clip_anchored_on_fm2_violation"": true, ""flag_count"": 1, ""flags_fired"": ""fm2_smplh_invalid"", ""fm1_hip_flexion_deg_p50"": 126.78551064241336, ""fm1_knee_between_torso_p50"": 0.48528882726740885, ""fm1_leg_over_torso_p50"": 1.0112025948929722, ""fm1_reasons"": """", ""fm1_shin_verticality_p50"": 0.9950371750011797, ""fm1_sitting_file"": false, ""fm1_sitting_participant"": false, ""fm1_unit"": ""0047@1848"", ""fm1_unit_basis"": ""none"", ""fm2_in_frame_and_valid_frac"": 0.9771929824561404, ""fm2_pass_frac_round3_joints_only"": 0.9771929824561404, ""fm2_smplh_valid_frac"": 0.9771929824561404, ""fm2_surface_correction_px_p50"": 29.426651432730438, ""fm2_vertex_worst_inset_min_px"": 6.236614228516032, ""fm2_violation_run_max_frames"": 165.0, ""fm2_violation_runs"": 2.0, ""fm2_windowed_pass_frac"": 0.9, ""fm3_static_frac"": 0.34769736842105264, ""observed_duration_s"": 304.0, ""reproj_px_p50"": 20.649633280696012, ""reproj_shoulder_widths_p50"": 0.06231101529660116, ""unit_files"": 1.0, ""unit_flagged_frac"": 0.0, ""unit_hip_flexion_min"": 126.78551064241336, ""unit_knee_between_min"": 0.48528882726740885}",render
r4_409,fm1_adjudicate_409_V00_S0185_I00000386_P0048_f0002451,V00_S0185_I00000386_P0048,naturalistic/train/0004/0024/V00_S0185_I00000386_P0048,naturalistic/train/0004/0005/V00_S0185_I00000386_P0255,fm1_adjudicate,adjudicate,naturalistic,2451,V00,naturalistic,train,ipc_conversation,"0048@0185 (participant @ session): just above the cut — a small threshold move would call this SEATED. (0 of 4 scanned files in this session read as seated; hip flexion 137.2 deg against a cut of 118, knee-between 0.485 against a cut of 0.45) — is this person sitting or standing?","{""clip_anchored_on_fm2_violation"": true, ""flag_count"": 2, ""flags_fired"": ""fm2_smplh_invalid+fm3_static_hands"", ""fm1_hip_flexion_deg_p50"": 137.23289984330324, ""fm1_knee_between_torso_p50"": 0.48519298095342, ""fm1_leg_over_torso_p50"": 1.4354940037132393, ""fm1_reasons"": """", ""fm1_shin_verticality_p50"": 0.9996539237473063, ""fm1_sitting_file"": false, ""fm1_sitting_participant"": false, ""fm1_unit"": ""0048@0185"", ""fm1_unit_basis"": ""none"", ""fm2_in_frame_and_valid_frac"": 0.9974137931034482, ""fm2_pass_frac_round3_joints_only"": 0.9977011494252873, ""fm2_smplh_valid_frac"": 0.9991379310344828, ""fm2_surface_correction_px_p50"": 169.51100219347262, ""fm2_vertex_worst_inset_min_px"": -46.302168807319504, ""fm2_violation_run_max_frames"": 6.0, ""fm2_violation_runs"": 2.0, ""fm2_windowed_pass_frac"": 0.6666666666666666, ""fm3_static_frac"": 0.8229885057471265, ""observed_duration_s"": 116.0, ""reproj_px_p50"": 14.203389273752261, ""reproj_shoulder_widths_p50"": 0.047066835585937175, ""unit_files"": 4.0, ""unit_flagged_frac"": 0.0, ""unit_hip_flexion_min"": 137.23289984330324, ""unit_knee_between_min"": 0.48519298095342}",render
r4_410,fm1_adjudicate_410_V00_S0036_I00000130_P0058_f0002547,V00_S0036_I00000130_P0058,naturalistic/train/0000/0029/V00_S0036_I00000130_P0058,naturalistic/train/0000/0025/V00_S0036_I00000130_P0057,fm1_adjudicate,adjudicate,naturalistic,2547,V00,naturalistic,train,ipc_conversation,"0058@0036 (participant @ session): just above the cut — a small threshold move would call this SEATED. (0 of 2 scanned files in this session read as seated; hip flexion 122.4 deg against a cut of 118, knee-between 0.478 against a cut of 0.45) — is this person sitting or standing?","{""clip_anchored_on_fm2_violation"": true, ""flag_count"": 2, ""flags_fired"": ""fm2_smplh_invalid+fm3_static_hands"", ""fm1_hip_flexion_deg_p50"": 122.35709501960187, ""fm1_knee_between_torso_p50"": 0.47761189039994045, ""fm1_leg_over_torso_p50"": 1.0941964897274412, ""fm1_reasons"": """", ""fm1_shin_verticality_p50"": 0.9994801098123175, ""fm1_sitting_file"": false, ""fm1_sitting_participant"": false, ""fm1_unit"": ""0058@0036"", ""fm1_unit_basis"": ""none"", ""fm2_in_frame_and_valid_frac"": 0.9995762711864407, ""fm2_pass_frac_round3_joints_only"": 0.9995762711864407, ""fm2_smplh_valid_frac"": 0.9995762711864407, ""fm2_surface_correction_px_p50"": 49.939972467982784, ""fm2_vertex_worst_inset_min_px"": 147.88466891564883, ""fm2_violation_run_max_frames"": 3.0, ""fm2_violation_runs"": 1.0, ""fm2_windowed_pass_frac"": 0.8571428571428571, ""fm3_static_frac"": 0.9584745762711865, ""observed_duration_s"": 236.0, ""reproj_px_p50"": 16.564936290650454, ""reproj_shoulder_widths_p50"": 0.04584059446363073, ""unit_files"": 2.0, ""unit_flagged_frac"": 0.0, ""unit_hip_flexion_min"": 122.35709501960187, ""unit_knee_between_min"": 0.47761189039994045}",render
r4_411,fm1_adjudicate_411_V00_S0042_I00000484_P0059A_f0002292,V00_S0042_I00000484_P0059A,improvised/train/0000/0037/V00_S0042_I00000484_P0059A,improvised/train/0000/0005/V00_S0042_I00000484_P0064,fm1_adjudicate,adjudicate,improvised,2292,V00,improvised,train,ipc_conversation,"0059A@0042 (participant @ session): just above the cut — a small threshold move would call this SEATED. (0 of 2 scanned files in this session read as seated; hip flexion 120.1 deg against a cut of 118, knee-between 0.448 against a cut of 0.45) — is this person sitting or standing?","{""clip_anchored_on_fm2_violation"": true, ""flag_count"": 1, ""flags_fired"": ""fm2_smplh_invalid"", ""fm1_hip_flexion_deg_p50"": 120.11387645858031, ""fm1_knee_between_torso_p50"": 0.4484249250527142, ""fm1_leg_over_torso_p50"": 1.1611336654601834, ""fm1_reasons"": """", ""fm1_shin_verticality_p50"": 0.9995677514555903, ""fm1_sitting_file"": false, ""fm1_sitting_participant"": false, ""fm1_unit"": ""0059A@0042"", ""fm1_unit_basis"": ""none"", ""fm2_in_frame_and_valid_frac"": 0.9239071038251366, ""fm2_pass_frac_round3_joints_only"": 0.9419398907103825, ""fm2_smplh_valid_frac"": 0.9747267759562842, ""fm2_surface_correction_px_p50"": 44.56698200653989, ""fm2_vertex_worst_inset_min_px"": -156.4905433397472, ""fm2_violation_run_max_frames"": 106.0, ""fm2_violation_runs"": 39.0, ""fm2_windowed_pass_frac"": 0.375, ""fm3_static_frac"": 0.2476775956284153, ""observed_duration_s"": 244.0, ""reproj_px_p50"": 18.076366508033082, ""reproj_shoulder_widths_p50"": 0.05462392203730108, ""unit_files"": 2.0, ""unit_flagged_frac"": 0.0, ""unit_hip_flexion_min"": 120.11387645858031, ""unit_knee_between_min"": 0.4484249250527142}",render
r4_412,fm1_adjudicate_412_V00_S0044_I00000580_P0059A_f0000950,V00_S0044_I00000580_P0059A,improvised/train/0000/0022/V00_S0044_I00000580_P0059A,improvised/train/0000/0000/V00_S0044_I00000580_P0066,fm1_adjudicate,adjudicate,improvised,950,V00,improvised,train,ipc_conversation,"0059A@0044 (participant @ session): just above the cut — a small threshold move would call this SEATED. (0 of 3 scanned files in this session read as seated; hip flexion 132.9 deg against a cut of 118, knee-between 0.476 against a cut of 0.45) — is this person sitting or standing?","{""clip_anchored_on_fm2_violation"": false, ""flag_count"": 1, ""flags_fired"": ""fm3_static_hands"", ""fm1_hip_flexion_deg_p50"": 132.8789246702849, ""fm1_knee_between_torso_p50"": 0.47626757222967586, ""fm1_leg_over_torso_p50"": 1.3301983127717179, ""fm1_reasons"": """", ""fm1_shin_verticality_p50"": 0.9996876526137519, ""fm1_sitting_file"": false, ""fm1_sitting_participant"": false, ""fm1_unit"": ""0059A@0044"", ""fm1_unit_basis"": ""none"", ""fm2_in_frame_and_valid_frac"": 1.0, ""fm2_pass_frac_round3_joints_only"": 1.0, ""fm2_smplh_valid_frac"": 1.0, ""fm2_surface_correction_px_p50"": 39.20752896357544, ""fm2_vertex_worst_inset_min_px"": 155.91417815878822, ""fm2_violation_run_max_frames"": 0.0, ""fm2_violation_runs"": 0.0, ""fm2_windowed_pass_frac"": 1.0, ""fm3_static_frac"": 0.8646666666666667, ""observed_duration_s"": 100.0, ""reproj_px_p50"": 20.601644401777122, ""reproj_shoulder_widths_p50"": 0.06621849880902606, ""unit_files"": 3.0, ""unit_flagged_frac"": 0.0, ""unit_hip_flexion_min"": 132.8789246702849, ""unit_knee_between_min"": 0.47626757222967586}",render
r4_413,fm1_adjudicate_413_V00_S0273_I00000578_P0059A_f0002300,V00_S0273_I00000578_P0059A,improvised/train/0006/0035/V00_S0273_I00000578_P0059A,improvised/train/0006/0022/V00_S0273_I00000578_P0368,fm1_adjudicate,adjudicate,improvised,2300,V00,improvised,train,ipc_conversation,"0059A@0273 (participant @ session): just above the cut — a small threshold move would call this SEATED. (0 of 2 scanned files in this session read as seated; hip flexion 129.0 deg against a cut of 118, knee-between 0.482 against a cut of 0.45) — is this person sitting or standing?","{""clip_anchored_on_fm2_violation"": true, ""flag_count"": 1, ""flags_fired"": ""fm2_smplh_invalid"", ""fm1_hip_flexion_deg_p50"": 128.96592821811197, ""fm1_knee_between_torso_p50"": 0.4816186956638202, ""fm1_leg_over_torso_p50"": 1.3181684269326066, ""fm1_reasons"": """", ""fm1_shin_verticality_p50"": 0.9961298512628336, ""fm1_sitting_file"": false, ""fm1_sitting_participant"": false, ""fm1_unit"": ""0059A@0273"", ""fm1_unit_basis"": ""none"", ""fm2_in_frame_and_valid_frac"": 0.9478787878787879, ""fm2_pass_frac_round3_joints_only"": 0.956060606060606, ""fm2_smplh_valid_frac"": 0.9798484848484849, ""fm2_surface_correction_px_p50"": 64.79286808090404, ""fm2_vertex_worst_inset_min_px"": -72.78210584377848, ""fm2_violation_run_max_frames"": 48.0, ""fm2_violation_runs"": 39.0, ""fm2_windowed_pass_frac"": 0.42857142857142855, ""fm3_static_frac"": 0.04393939393939394, ""observed_duration_s"": 220.0, ""reproj_px_p50"": 16.50056888119791, ""reproj_shoulder_widths_p50"": 0.048959103517895966, ""unit_files"": 2.0, ""unit_flagged_frac"": 0.0, ""unit_hip_flexion_min"": 128.96592821811197, ""unit_knee_between_min"": 0.4816186956638202}",render
r4_414,fm1_adjudicate_414_V00_S0043_I00000540_P0065_f0002940,V00_S0043_I00000540_P0065,improvised/train/0000/0033/V00_S0043_I00000540_P0065,improvised/train/0000/0026/V00_S0043_I00000540_P0040A,fm1_adjudicate,adjudicate,improvised,2940,V00,improvised,train,ipc_conversation,"0065@0043 (participant @ session): just above the cut — a small threshold move would call this SEATED. (0 of 1 scanned files in this session read as seated; hip flexion 132.5 deg against a cut of 118, knee-between 0.485 against a cut of 0.45) — is this person sitting or standing?","{""clip_anchored_on_fm2_violation"": true, ""flag_count"": 1, ""flags_fired"": ""fm2_smplh_invalid"", ""fm1_hip_flexion_deg_p50"": 132.5026122071793, ""fm1_knee_between_torso_p50"": 0.485150996759375, ""fm1_leg_over_torso_p50"": 1.6961919195766817, ""fm1_reasons"": """", ""fm1_shin_verticality_p50"": 0.9978800998034363, ""fm1_sitting_file"": false, ""fm1_sitting_participant"": false, ""fm1_unit"": ""0065@0043"", ""fm1_unit_basis"": ""none"", ""fm2_in_frame_and_valid_frac"": 0.99453125, ""fm2_pass_frac_round3_joints_only"": 0.99453125, ""fm2_smplh_valid_frac"": 0.99453125, ""fm2_surface_correction_px_p50"": 128.89567935310095, ""fm2_vertex_worst_inset_min_px"": 16.76612557591079, ""fm2_violation_run_max_frames"": 6.0, ""fm2_violation_runs"": 6.0, ""fm2_windowed_pass_frac"": 1.0, ""fm3_static_frac"": 0.0, ""observed_duration_s"": 128.0, ""reproj_px_p50"": 16.685588182582276, ""reproj_shoulder_widths_p50"": 0.057740059426064534, ""unit_files"": 1.0, ""unit_flagged_frac"": 0.0, ""unit_hip_flexion_min"": 132.5026122071793, ""unit_knee_between_min"": 0.485150996759375}",render
r4_415,fm1_adjudicate_415_V00_S1904_I00001142_P0946A_f0000000,V00_S1904_I00001142_P0946A,improvised/train/0046/0001/V00_S1904_I00001142_P0946A,improvised/train/0046/0049/V00_S1904_I00001142_P1155A,fm1_adjudicate,adjudicate,improvised,0,V00,improvised,train,ipc_conversation,CONTROL: the rule says standing and nothing about this file is unusual. Included unlabelled so the answers to the other adjudication clips can be scored — is this person sitting or standing?,"{""clip_anchored_on_fm2_violation"": true, ""flag_count"": 1, ""flags_fired"": ""fm2_smplh_invalid"", ""fm1_hip_flexion_deg_p50"": 142.39752401853332, ""fm1_knee_between_torso_p50"": 0.517117137878963, ""fm1_leg_over_torso_p50"": 1.391143315466024, ""fm1_reasons"": """", ""fm1_shin_verticality_p50"": 0.9984603517132146, ""fm1_sitting_file"": false, ""fm1_sitting_participant"": false, ""fm1_unit"": ""0946A@1904"", ""fm1_unit_basis"": ""none"", ""fm2_in_frame_and_valid_frac"": 0.9951515151515151, ""fm2_pass_frac_round3_joints_only"": 0.9951515151515151, ""fm2_smplh_valid_frac"": 0.9951515151515151, ""fm2_surface_correction_px_p50"": 32.16790937425617, ""fm2_vertex_worst_inset_min_px"": 22.52507474888182, ""fm2_violation_run_max_frames"": 11.0, ""fm2_violation_runs"": 11.0, ""fm2_windowed_pass_frac"": 0.7272727272727273, ""fm3_static_frac"": 0.06070707070707071, ""observed_duration_s"": 330.0, ""reproj_px_p50"": 17.065958811179165, ""reproj_shoulder_widths_p50"": 0.05564067781632572, ""unit_files"": 1.0, ""unit_flagged_frac"": 0.0, ""unit_hip_flexion_min"": 142.39752401853332, ""unit_knee_between_min"": 0.517117137878963}",render
r4_416,fm1_adjudicate_416_V00_S1729_I00001019_P0933A_f0001544,V00_S1729_I00001019_P0933A,improvised/train/0042/0066/V00_S1729_I00001019_P0933A,improvised/train/0042/0001/V00_S1729_I00001019_P0974A,fm1_adjudicate,adjudicate,improvised,1544,V00,improvised,train,ipc_conversation,CONTROL: the rule says standing and nothing about this file is unusual. Included unlabelled so the answers to the other adjudication clips can be scored — is this person sitting or standing?,"{""clip_anchored_on_fm2_violation"": true, ""flag_count"": 1, ""flags_fired"": ""fm2_smplh_invalid"", ""fm1_hip_flexion_deg_p50"": 141.39646878853, ""fm1_knee_between_torso_p50"": 0.5680682664630062, ""fm1_leg_over_torso_p50"": 1.0807650916951523, ""fm1_reasons"": """", ""fm1_shin_verticality_p50"": 0.9994449095695035, ""fm1_sitting_file"": false, ""fm1_sitting_participant"": false, ""fm1_unit"": ""0933A@1729"", ""fm1_unit_basis"": ""none"", ""fm2_in_frame_and_valid_frac"": 0.9968824940047961, ""fm2_pass_frac_round3_joints_only"": 0.9968824940047961, ""fm2_smplh_valid_frac"": 0.9968824940047961, ""fm2_surface_correction_px_p50"": 40.225019055414236, ""fm2_vertex_worst_inset_min_px"": 178.75210670677916, ""fm2_violation_run_max_frames"": 8.0, ""fm2_violation_runs"": 8.0, ""fm2_windowed_pass_frac"": 0.8888888888888888, ""fm3_static_frac"": 0.00035971223021582735, ""observed_duration_s"": 278.0, ""reproj_px_p50"": 41.977883456804136, ""reproj_shoulder_widths_p50"": 0.1304670291073585, ""unit_files"": 1.0, ""unit_flagged_frac"": 0.0, ""unit_hip_flexion_min"": 141.39646878853, ""unit_knee_between_min"": 0.5680682664630062}",render
r4_417,fm1_adjudicate_417_V00_S0190_I00000125_P0262_f0003480,V00_S0190_I00000125_P0262,improvised/train/0004/0019/V00_S0190_I00000125_P0262,improvised/train/0004/0017/V00_S0190_I00000125_P0150A,fm1_adjudicate,adjudicate,improvised,3480,V00,improvised,train,ipc_conversation,CONTROL: the rule says standing and nothing about this file is unusual. Included unlabelled so the answers to the other adjudication clips can be scored — is this person sitting or standing?,"{""clip_anchored_on_fm2_violation"": true, ""flag_count"": 1, ""flags_fired"": ""fm2_smplh_invalid"", ""fm1_hip_flexion_deg_p50"": 148.45060790075553, ""fm1_knee_between_torso_p50"": 0.5253867485090344, ""fm1_leg_over_torso_p50"": 1.3222784314562008, ""fm1_reasons"": """", ""fm1_shin_verticality_p50"": 0.9967290516923404, ""fm1_sitting_file"": false, ""fm1_sitting_participant"": false, ""fm1_unit"": ""0262@0190"", ""fm1_unit_basis"": ""none"", ""fm2_in_frame_and_valid_frac"": 0.9285388127853881, ""fm2_pass_frac_round3_joints_only"": 0.9285388127853881, ""fm2_smplh_valid_frac"": 0.9285388127853881, ""fm2_surface_correction_px_p50"": 104.63428682482231, ""fm2_vertex_worst_inset_min_px"": 26.283293351321845, ""fm2_violation_run_max_frames"": 31.0, ""fm2_violation_runs"": 71.0, ""fm2_windowed_pass_frac"": 0.5, ""fm3_static_frac"": 0.0006849315068493151, ""observed_duration_s"": 146.0, ""reproj_px_p50"": 17.71333056314502, ""reproj_shoulder_widths_p50"": 0.054387562263623415, ""unit_files"": 2.0, ""unit_flagged_frac"": 0.0, ""unit_hip_flexion_min"": 135.31386014116387, ""unit_knee_between_min"": 0.5137987740913524}",render
r4_418,fm1_adjudicate_418_V00_S1132_I00000335_P1093_f0003932,V00_S1132_I00000335_P1093,naturalistic/train/0026/0020/V00_S1132_I00000335_P1093,naturalistic/train/0026/0010/V00_S1132_I00000335_P0737,fm1_adjudicate,adjudicate,naturalistic,3932,V00,naturalistic,train,ipc_conversation,CONTROL: the rule says standing and nothing about this file is unusual. Included unlabelled so the answers to the other adjudication clips can be scored — is this person sitting or standing?,"{""clip_anchored_on_fm2_violation"": true, ""flag_count"": 1, ""flags_fired"": ""fm2_smplh_invalid"", ""fm1_hip_flexion_deg_p50"": 150.9983666628077, ""fm1_knee_between_torso_p50"": 0.5264422733415468, ""fm1_leg_over_torso_p50"": 1.5950081206416995, ""fm1_reasons"": """", ""fm1_shin_verticality_p50"": 0.9975750965821713, ""fm1_sitting_file"": false, ""fm1_sitting_participant"": false, ""fm1_unit"": ""1093@1132"", ""fm1_unit_basis"": ""none"", ""fm2_in_frame_and_valid_frac"": 0.9971264367816092, ""fm2_pass_frac_round3_joints_only"": 0.9971264367816092, ""fm2_smplh_valid_frac"": 0.9971264367816092, ""fm2_surface_correction_px_p50"": 33.61394539904376, ""fm2_vertex_worst_inset_min_px"": 31.376521767314443, ""fm2_violation_run_max_frames"": 18.0, ""fm2_violation_runs"": 2.0, ""fm2_windowed_pass_frac"": 0.7777777777777778, ""fm3_static_frac"": 0.06103448275862069, ""observed_duration_s"": 290.0, ""reproj_px_p50"": 15.466745442942017, ""reproj_shoulder_widths_p50"": 0.054716193784279575, ""unit_files"": 3.0, ""unit_flagged_frac"": 0.0, ""unit_hip_flexion_min"": 128.51885824729723, ""unit_knee_between_min"": 0.47522691965340835}",render
r4_419,fm1_adjudicate_419_V00_S0110_I00000489_P0159_f0000463,V00_S0110_I00000489_P0159,naturalistic/train/0002/0018/V00_S0110_I00000489_P0159,naturalistic/train/0002/0011/V00_S0110_I00000489_P0158,fm1_adjudicate,adjudicate,naturalistic,463,V00,naturalistic,train,ipc_conversation,CONTROL: the rule says standing and nothing about this file is unusual. Included unlabelled so the answers to the other adjudication clips can be scored — is this person sitting or standing?,"{""clip_anchored_on_fm2_violation"": false, ""flag_count"": 0, ""flags_fired"": """", ""fm1_hip_flexion_deg_p50"": 157.86087045177356, ""fm1_knee_between_torso_p50"": 0.5438345240797001, ""fm1_leg_over_torso_p50"": 1.3436406479109113, ""fm1_reasons"": """", ""fm1_shin_verticality_p50"": 0.9985422551845814, ""fm1_sitting_file"": false, ""fm1_sitting_participant"": false, ""fm1_unit"": ""0159@0110"", ""fm1_unit_basis"": ""none"", ""fm2_in_frame_and_valid_frac"": 1.0, ""fm2_pass_frac_round3_joints_only"": 1.0, ""fm2_smplh_valid_frac"": 1.0, ""fm2_surface_correction_px_p50"": 37.77976341217425, ""fm2_vertex_worst_inset_min_px"": 78.85235998156838, ""fm2_violation_run_max_frames"": 0.0, ""fm2_violation_runs"": 0.0, ""fm2_windowed_pass_frac"": 1.0, ""fm3_static_frac"": 0.021052631578947368, ""observed_duration_s"": 76.0, ""reproj_px_p50"": 16.459090734562075, ""reproj_shoulder_widths_p50"": 0.04924158434080514, ""unit_files"": 1.0, ""unit_flagged_frac"": 0.0, ""unit_hip_flexion_min"": 157.86087045177356, ""unit_knee_between_min"": 0.5438345240797001}",render
r4_420,fm1_adjudicate_420_V00_S1478_I00000114_P1146_f0006720,V00_S1478_I00000114_P1146,naturalistic/train/0027/0012/V00_S1478_I00000114_P1146,naturalistic/train/0027/0034/V00_S1478_I00000114_P0709,fm1_adjudicate,adjudicate,naturalistic,6720,V00,naturalistic,train,ipc_conversation,CONTROL: the rule says standing and nothing about this file is unusual. Included unlabelled so the answers to the other adjudication clips can be scored — is this person sitting or standing?,"{""clip_anchored_on_fm2_violation"": true, ""flag_count"": 1, ""flags_fired"": ""fm2_smplh_invalid"", ""fm1_hip_flexion_deg_p50"": 132.8547879284647, ""fm1_knee_between_torso_p50"": 0.5507093721499503, ""fm1_leg_over_torso_p50"": 0.9564316537437831, ""fm1_reasons"": """", ""fm1_shin_verticality_p50"": 0.9950371953758943, ""fm1_sitting_file"": false, ""fm1_sitting_participant"": false, ""fm1_unit"": ""1146@1478"", ""fm1_unit_basis"": ""none"", ""fm2_in_frame_and_valid_frac"": 0.9513123359580052, ""fm2_pass_frac_round3_joints_only"": 0.9637795275590552, ""fm2_smplh_valid_frac"": 0.9783464566929134, ""fm2_surface_correction_px_p50"": 46.33506701849228, ""fm2_vertex_worst_inset_min_px"": -174.91533174141887, ""fm2_violation_run_max_frames"": 114.0, ""fm2_violation_runs"": 21.0, ""fm2_windowed_pass_frac"": 0.375, ""fm3_static_frac"": 0.29868766404199476, ""observed_duration_s"": 254.0, ""reproj_px_p50"": 20.05104983590778, ""reproj_shoulder_widths_p50"": 0.051646730743858074, ""unit_files"": 1.0, ""unit_flagged_frac"": 0.0, ""unit_hip_flexion_min"": 132.8547879284647, ""unit_knee_between_min"": 0.5507093721499503}",render
r4_421,fm1_adjudicate_421_V00_S0991_I00001059_P0323A_f0000185,V00_S0991_I00001059_P0323A,improvised/train/0021/0017/V00_S0991_I00001059_P0323A,improvised/train/0021/0057/V00_S0991_I00001059_P0012A,fm1_adjudicate,adjudicate,improvised,185,V00,improvised,train,ipc_conversation,CONTROL: the rule says standing and nothing about this file is unusual. Included unlabelled so the answers to the other adjudication clips can be scored — is this person sitting or standing?,"{""clip_anchored_on_fm2_violation"": true, ""flag_count"": 1, ""flags_fired"": ""fm2_smplh_invalid"", ""fm1_hip_flexion_deg_p50"": 125.36905655620369, ""fm1_knee_between_torso_p50"": 0.4922045172417774, ""fm1_leg_over_torso_p50"": 1.048173083142206, ""fm1_reasons"": """", ""fm1_shin_verticality_p50"": 0.9980525692398046, ""fm1_sitting_file"": false, ""fm1_sitting_participant"": false, ""fm1_unit"": ""0323A@0991"", ""fm1_unit_basis"": ""none"", ""fm2_in_frame_and_valid_frac"": 0.9198290598290598, ""fm2_pass_frac_round3_joints_only"": 0.9246153846153846, ""fm2_smplh_valid_frac"": 0.9758974358974359, ""fm2_surface_correction_px_p50"": 37.07602788541169, ""fm2_vertex_worst_inset_min_px"": -155.33702582739056, ""fm2_violation_run_max_frames"": 259.0, ""fm2_violation_runs"": 66.0, ""fm2_windowed_pass_frac"": 0.3076923076923077, ""fm3_static_frac"": 0.01094017094017094, ""observed_duration_s"": 390.0, ""reproj_px_p50"": 24.791518469353946, ""reproj_shoulder_widths_p50"": 0.06861296901786375, ""unit_files"": 1.0, ""unit_flagged_frac"": 0.0, ""unit_hip_flexion_min"": 125.36905655620369, ""unit_knee_between_min"": 0.4922045172417774}",render
r4_422,fm1_adjudicate_422_V00_S0313_I00000135_P0176_f0003652,V00_S0313_I00000135_P0176,naturalistic/train/0007/0005/V00_S0313_I00000135_P0176,naturalistic/train/0007/0001/V00_S0313_I00000135_P0145,fm1_adjudicate,adjudicate,naturalistic,3652,V00,naturalistic,train,collaborative_storytelling,CONTROL: the rule says standing and nothing about this file is unusual. Included unlabelled so the answers to the other adjudication clips can be scored — is this person sitting or standing?,"{""clip_anchored_on_fm2_violation"": false, ""flag_count"": 0, ""flags_fired"": """", ""fm1_hip_flexion_deg_p50"": 141.29937582215354, ""fm1_knee_between_torso_p50"": 0.5206099387741967, ""fm1_leg_over_torso_p50"": 1.2246420415298078, ""fm1_reasons"": """", ""fm1_shin_verticality_p50"": 0.9935326779381355, ""fm1_sitting_file"": false, ""fm1_sitting_participant"": false, ""fm1_unit"": ""0176@0313"", ""fm1_unit_basis"": ""none"", ""fm2_in_frame_and_valid_frac"": 0.9963414634146341, ""fm2_pass_frac_round3_joints_only"": 0.9995934959349594, ""fm2_smplh_valid_frac"": 1.0, ""fm2_surface_correction_px_p50"": 38.084035214287155, ""fm2_vertex_worst_inset_min_px"": -6.673349776085161, ""fm2_violation_run_max_frames"": 8.0, ""fm2_violation_runs"": 3.0, ""fm2_windowed_pass_frac"": 0.8, ""fm3_static_frac"": 0.07032520325203252, ""observed_duration_s"": 164.0, ""reproj_px_p50"": 29.91272889180759, ""reproj_shoulder_widths_p50"": 0.08369159628921333, ""unit_files"": 2.0, ""unit_flagged_frac"": 0.0, ""unit_hip_flexion_min"": 141.29937582215354, ""unit_knee_between_min"": 0.5206099387741967}",render
r4_423,fm1_adjudicate_423_V00_S0697_I00000543_P0851_f0003521,V00_S0697_I00000543_P0851,improvised/train/0013/0030/V00_S0697_I00000543_P0851,improvised/train/0013/0013/V00_S0697_I00000543_P0383A,fm1_adjudicate,adjudicate,improvised,3521,V00,improvised,train,grounded_gesture,CONTROL: the rule says standing and nothing about this file is unusual. Included unlabelled so the answers to the other adjudication clips can be scored — is this person sitting or standing?,"{""clip_anchored_on_fm2_violation"": true, ""flag_count"": 1, ""flags_fired"": ""fm2_smplh_invalid"", ""fm1_hip_flexion_deg_p50"": 154.03045851223425, ""fm1_knee_between_torso_p50"": 0.5204770944423025, ""fm1_leg_over_torso_p50"": 1.5702473055922317, ""fm1_reasons"": """", ""fm1_shin_verticality_p50"": 0.9996876502531614, ""fm1_sitting_file"": false, ""fm1_sitting_participant"": false, ""fm1_unit"": ""0851@0697"", ""fm1_unit_basis"": ""none"", ""fm2_in_frame_and_valid_frac"": 0.9729032258064516, ""fm2_pass_frac_round3_joints_only"": 0.9749462365591398, ""fm2_smplh_valid_frac"": 0.9767741935483871, ""fm2_surface_correction_px_p50"": 32.30641131872676, ""fm2_vertex_worst_inset_min_px"": -175.5223401752554, ""fm2_violation_run_max_frames"": 184.0, ""fm2_violation_runs"": 15.0, ""fm2_windowed_pass_frac"": 0.5, ""fm3_static_frac"": 0.12053763440860216, ""observed_duration_s"": 310.0, ""reproj_px_p50"": 18.62565511298599, ""reproj_shoulder_widths_p50"": 0.06344575679035923, ""unit_files"": 3.0, ""unit_flagged_frac"": 0.0, ""unit_hip_flexion_min"": 149.77565457501711, ""unit_knee_between_min"": 0.511264448813298}",render
r4_424,fm1_adjudicate_424_V00_S0778_I00000478_P0178_f0001257,V00_S0778_I00000478_P0178,naturalistic/train/0022/0030/V00_S0778_I00000478_P0178,naturalistic/train/0022/0030/V00_S0778_I00000478_P0916,fm1_adjudicate,adjudicate,naturalistic,1257,V00,naturalistic,train,ipc_conversation,CONTROL: the rule says standing and nothing about this file is unusual. Included unlabelled so the answers to the other adjudication clips can be scored — is this person sitting or standing?,"{""clip_anchored_on_fm2_violation"": false, ""flag_count"": 0, ""flags_fired"": """", ""fm1_hip_flexion_deg_p50"": 137.0246373555986, ""fm1_knee_between_torso_p50"": 0.5159823350712929, ""fm1_leg_over_torso_p50"": 1.1604311585002876, ""fm1_reasons"": """", ""fm1_shin_verticality_p50"": 0.9995120732304252, ""fm1_sitting_file"": false, ""fm1_sitting_participant"": false, ""fm1_unit"": ""0178@0778"", ""fm1_unit_basis"": ""none"", ""fm2_in_frame_and_valid_frac"": 1.0, ""fm2_pass_frac_round3_joints_only"": 1.0, ""fm2_smplh_valid_frac"": 1.0, ""fm2_surface_correction_px_p50"": 43.935766972563215, ""fm2_vertex_worst_inset_min_px"": 7.9083759093477966, ""fm2_violation_run_max_frames"": 0.0, ""fm2_violation_runs"": 0.0, ""fm2_windowed_pass_frac"": 1.0, ""fm3_static_frac"": 0.12103174603174603, ""observed_duration_s"": 168.0, ""reproj_px_p50"": 42.45767433035675, ""reproj_shoulder_widths_p50"": 0.1153327717395428, ""unit_files"": 1.0, ""unit_flagged_frac"": 0.0, ""unit_hip_flexion_min"": 137.0246373555986, ""unit_knee_between_min"": 0.5159823350712929}",render
