review_item_id,clip_id,file_id,source_relbase,partner_source_relbase,sample_group,label_stratum,start_frame,vendor,label,split,activity_type,selection_reason,signals_json,render_policy
fm_000,flagged_fm1_sitting_000_V00_S1685_I00000415_P1160_f0000581,V00_S1685_I00000415_P1160,naturalistic/train/0028/0007/V00_S1685_I00000415_P1160,naturalistic/train/0028/0035/V00_S1685_I00000415_P0205,flagged_fm1_sitting,naturalistic,581,V00,naturalistic,train,ipc_conversation,fm1_sitting:only_this_mode,"{""clip_anchored_on_violation"": false, ""flag_count"": 1, ""flags_fired"": ""fm1_sitting"", ""fm1_knee_spread_over_torso_p50"": 0.9802034319517634, ""fm1_leg_over_torso_p50"": 1.4790602349607014, ""fm1_shin_verticality_p50"": 0.9417418755019711, ""fm2_in_frame_and_valid_frac"": 1.0, ""fm2_violation_run_max_frames"": 0.0, ""fm2_windowed_pass_frac"": 1.0, ""fm3_static_frac"": 0.00016181229773462783, ""fm4_either_speaking_frac"": 0.791126213592234, ""fm4_longest_mutual_silence_s"": 5.473999999999933, ""observed_duration_s"": 206.0}",render
fm_001,flagged_fm1_sitting_001_V00_S0342_I00000477_P0456_f0000024,V00_S0342_I00000477_P0456,naturalistic/train/0008/0024/V00_S0342_I00000477_P0456,naturalistic/train/0008/0015/V00_S0342_I00000477_P0455,flagged_fm1_sitting,naturalistic,24,V00,naturalistic,train,ipc_conversation,fm1_sitting:only_this_mode,"{""clip_anchored_on_violation"": false, ""flag_count"": 1, ""flags_fired"": ""fm1_sitting"", ""fm1_knee_spread_over_torso_p50"": 0.37645600167990606, ""fm1_leg_over_torso_p50"": 0.8147038875080479, ""fm1_shin_verticality_p50"": 0.9962406077895375, ""fm2_in_frame_and_valid_frac"": 1.0, ""fm2_violation_run_max_frames"": 0.0, ""fm2_windowed_pass_frac"": 1.0, ""fm3_static_frac"": 0.21764705882352942, ""fm4_either_speaking_frac"": 0.7368529411764703, ""fm4_longest_mutual_silence_s"": 4.707999999999998, ""observed_duration_s"": 68.0}",render
fm_002,flagged_fm1_sitting_002_V00_S0555_I00000134_P0698_f0004443,V00_S0555_I00000134_P0698,naturalistic/train/0015/0023/V00_S0555_I00000134_P0698,naturalistic/train/0015/0030/V00_S0555_I00000134_P0699,flagged_fm1_sitting,naturalistic,4443,V00,naturalistic,train,ipc_conversation,fm1_sitting:only_this_mode,"{""clip_anchored_on_violation"": false, ""flag_count"": 1, ""flags_fired"": ""fm1_sitting"", ""fm1_knee_spread_over_torso_p50"": 0.9809573783489421, ""fm1_leg_over_torso_p50"": 1.471647574892495, ""fm1_shin_verticality_p50"": 0.999013810108271, ""fm2_in_frame_and_valid_frac"": 1.0, ""fm2_violation_run_max_frames"": 0.0, ""fm2_windowed_pass_frac"": 1.0, ""fm3_static_frac"": 0.24053030303030304, ""fm4_either_speaking_frac"": 0.7893712121212079, ""fm4_longest_mutual_silence_s"": 6.788000000000011, ""observed_duration_s"": 264.0}",render
fm_003,flagged_fm1_sitting_003_V00_S0360_I00000371_P0485_f0007112,V00_S0360_I00000371_P0485,naturalistic/dev/0000/0041/V00_S0360_I00000371_P0485,naturalistic/dev/0000/0037/V00_S0360_I00000371_P0484,flagged_fm1_sitting,naturalistic,7112,V00,naturalistic,dev,ipc_conversation,fm1_sitting:only_this_mode,"{""clip_anchored_on_violation"": false, ""flag_count"": 1, ""flags_fired"": ""fm1_sitting"", ""fm1_knee_spread_over_torso_p50"": 0.9089866277099725, ""fm1_leg_over_torso_p50"": 0.8637711854240093, ""fm1_shin_verticality_p50"": 0.948683389377344, ""fm2_in_frame_and_valid_frac"": 1.0, ""fm2_violation_run_max_frames"": 0.0, ""fm2_windowed_pass_frac"": 1.0, ""fm3_static_frac"": 0.35945273631840796, ""fm4_either_speaking_frac"": 0.6726119402985065, ""fm4_longest_mutual_silence_s"": 6.404000000000025, ""observed_duration_s"": 268.0}",render
fm_004,flagged_fm1_sitting_004_V00_S0728_I00000498_P0876_f0001395,V00_S0728_I00000498_P0876,naturalistic/train/0020/0030/V00_S0728_I00000498_P0876,naturalistic/train/0020/0015/V00_S0728_I00000498_P0877,flagged_fm1_sitting,naturalistic,1395,V00,naturalistic,train,ipc_conversation,fm1_sitting:only_this_mode,"{""clip_anchored_on_violation"": false, ""flag_count"": 1, ""flags_fired"": ""fm1_sitting"", ""fm1_knee_spread_over_torso_p50"": 0.3332049623288075, ""fm1_leg_over_torso_p50"": 0.8479197573623465, ""fm1_shin_verticality_p50"": 0.999261169372929, ""fm2_in_frame_and_valid_frac"": 1.0, ""fm2_violation_run_max_frames"": 0.0, ""fm2_windowed_pass_frac"": 1.0, ""fm3_static_frac"": 0.46683673469387754, ""fm4_either_speaking_frac"": 0.7284285714285734, ""fm4_longest_mutual_silence_s"": 8.13000000000011, ""observed_duration_s"": 196.0}",render
fm_005,flagged_fm1_sitting_005_V00_S0360_I00000373_P0485_f0007253,V00_S0360_I00000373_P0485,naturalistic/dev/0000/0023/V00_S0360_I00000373_P0485,naturalistic/dev/0000/0034/V00_S0360_I00000373_P0484,flagged_fm1_sitting,naturalistic,7253,V00,naturalistic,dev,ipc_conversation,fm1_sitting:only_this_mode,"{""clip_anchored_on_violation"": false, ""flag_count"": 1, ""flags_fired"": ""fm1_sitting"", ""fm1_knee_spread_over_torso_p50"": 0.9999999999999976, ""fm1_leg_over_torso_p50"": 0.8790794855303974, ""fm1_shin_verticality_p50"": 0.9785498519189941, ""fm2_in_frame_and_valid_frac"": 1.0, ""fm2_violation_run_max_frames"": 0.0, ""fm2_windowed_pass_frac"": 1.0, ""fm3_static_frac"": 0.20927230046948356, ""fm4_either_speaking_frac"": 0.8464154929577463, ""fm4_longest_mutual_silence_s"": 4.337999999999965, ""observed_duration_s"": 284.0}",render
fm_006,flagged_fm1_sitting_006_V00_S0581_I00000135_P0732_f0001591,V00_S0581_I00000135_P0732,naturalistic/train/0016/0037/V00_S0581_I00000135_P0732,naturalistic/train/0016/0001/V00_S0581_I00000135_P0731,flagged_fm1_sitting,naturalistic,1591,V00,naturalistic,train,collaborative_storytelling,fm1_sitting:only_this_mode,"{""clip_anchored_on_violation"": false, ""flag_count"": 1, ""flags_fired"": ""fm1_sitting"", ""fm1_knee_spread_over_torso_p50"": 0.40525737581277854, ""fm1_leg_over_torso_p50"": 0.8397588338581821, ""fm1_shin_verticality_p50"": 0.9992009552934455, ""fm2_in_frame_and_valid_frac"": 1.0, ""fm2_violation_run_max_frames"": 0.0, ""fm2_windowed_pass_frac"": 1.0, ""fm3_static_frac"": 0.635593220338983, ""fm4_either_speaking_frac"": 0.7738644067796555, ""fm4_longest_mutual_silence_s"": 1.956000000000131, ""observed_duration_s"": 118.0}",render
fm_007,flagged_fm1_sitting_007_V00_S0936_I00000477_P1030_f0003526,V00_S0936_I00000477_P1030,naturalistic/train/0024/0001/V00_S0936_I00000477_P1030,naturalistic/train/0024/0034/V00_S0936_I00000477_P1029,flagged_fm1_sitting,naturalistic,3526,V00,naturalistic,train,ipc_conversation,fm1_sitting:only_this_mode,"{""clip_anchored_on_violation"": false, ""flag_count"": 1, ""flags_fired"": ""fm1_sitting"", ""fm1_knee_spread_over_torso_p50"": 1.3485391009254455, ""fm1_leg_over_torso_p50"": 1.127902898045164, ""fm1_shin_verticality_p50"": 0.9988123555191648, ""fm2_in_frame_and_valid_frac"": 1.0, ""fm2_violation_run_max_frames"": 0.0, ""fm2_windowed_pass_frac"": 1.0, ""fm3_static_frac"": 0.7302816901408451, ""fm4_either_speaking_frac"": 0.5331126760563379, ""fm4_longest_mutual_silence_s"": 5.924000000000007, ""observed_duration_s"": 142.0}",render
fm_008,flagged_fm1_sitting_008_V00_S0353_I00000482_P0474_f0001333,V00_S0353_I00000482_P0474,naturalistic/train/0009/0034/V00_S0353_I00000482_P0474,naturalistic/train/0009/0036/V00_S0353_I00000482_P0473,flagged_fm1_sitting,naturalistic,1333,V00,naturalistic,train,ipc_conversation,fm1_sitting:only_this_mode,"{""clip_anchored_on_violation"": false, ""flag_count"": 1, ""flags_fired"": ""fm1_sitting"", ""fm1_knee_spread_over_torso_p50"": 0.5134480263527099, ""fm1_leg_over_torso_p50"": 0.8387268903949271, ""fm1_shin_verticality_p50"": 0.9992611728375246, ""fm2_in_frame_and_valid_frac"": 1.0, ""fm2_violation_run_max_frames"": 0.0, ""fm2_windowed_pass_frac"": 1.0, ""fm3_static_frac"": 0.5554852320675105, ""fm4_either_speaking_frac"": 0.6275569620253135, ""fm4_longest_mutual_silence_s"": 7.874000000000024, ""observed_duration_s"": 158.0}",render
fm_009,flagged_fm1_sitting_009_V00_S0446_I00000125_P0489_f0003370,V00_S0446_I00000125_P0489,naturalistic/train/0011/0004/V00_S0446_I00000125_P0489,naturalistic/train/0011/0017/V00_S0446_I00000125_P0585,flagged_fm1_sitting,naturalistic,3370,V00,naturalistic,train,ipc_conversation,fm1_sitting:only_this_mode,"{""clip_anchored_on_violation"": false, ""flag_count"": 1, ""flags_fired"": ""fm1_sitting"", ""fm1_knee_spread_over_torso_p50"": 0.9244467285763428, ""fm1_leg_over_torso_p50"": 0.8813421104254717, ""fm1_shin_verticality_p50"": 0.976187130563609, ""fm2_in_frame_and_valid_frac"": 1.0, ""fm2_violation_run_max_frames"": 0.0, ""fm2_windowed_pass_frac"": 1.0, ""fm3_static_frac"": 0.028055555555555556, ""fm4_either_speaking_frac"": 0.8789833333333351, ""fm4_longest_mutual_silence_s"": 2.4180000000000064, ""observed_duration_s"": 240.0}",render
fm_010,flagged_fm1_sitting_010_V00_S0675_I00000377_P0831_f0000697,V00_S0675_I00000377_P0831,naturalistic/test/0000/0037/V00_S0675_I00000377_P0831,naturalistic/test/0000/0015/V00_S0675_I00000377_P0832,flagged_fm1_sitting,naturalistic,697,V00,naturalistic,test,ipc_conversation,fm1_sitting:only_this_mode,"{""clip_anchored_on_violation"": false, ""flag_count"": 1, ""flags_fired"": ""fm1_sitting"", ""fm1_knee_spread_over_torso_p50"": 0.4444016082763572, ""fm1_leg_over_torso_p50"": 0.759813567678325, ""fm1_shin_verticality_p50"": 0.9989685402102997, ""fm2_in_frame_and_valid_frac"": 1.0, ""fm2_violation_run_max_frames"": 0.0, ""fm2_windowed_pass_frac"": 1.0, ""fm3_static_frac"": 0.6624521072796935, ""fm4_either_speaking_frac"": 0.7112183908046, ""fm4_longest_mutual_silence_s"": 7.953999999999951, ""observed_duration_s"": 174.0}",render
fm_011,flagged_fm1_sitting_011_V00_S0555_I00000126_P0698_f0005934,V00_S0555_I00000126_P0698,naturalistic/train/0015/0004/V00_S0555_I00000126_P0698,naturalistic/train/0015/0001/V00_S0555_I00000126_P0699,flagged_fm1_sitting,naturalistic,5934,V00,naturalistic,train,ipc_conversation,fm1_sitting:only_this_mode,"{""clip_anchored_on_violation"": false, ""flag_count"": 1, ""flags_fired"": ""fm1_sitting"", ""fm1_knee_spread_over_torso_p50"": 0.999782690979082, ""fm1_leg_over_torso_p50"": 1.6086088020455755, ""fm1_shin_verticality_p50"": 0.999753174221111, ""fm2_in_frame_and_valid_frac"": 1.0, ""fm2_violation_run_max_frames"": 0.0, ""fm2_windowed_pass_frac"": 1.0, ""fm3_static_frac"": 0.17772435897435898, ""fm4_either_speaking_frac"": 0.7517019230769246, ""fm4_longest_mutual_silence_s"": 3.395999999999958, ""observed_duration_s"": 208.0}",render
fm_012,flagged_fm1_sitting_012_V00_S1781_I00000712_P1099A_f0002265,V00_S1781_I00000712_P1099A,improvised/train/0044/0040/V00_S1781_I00000712_P1099A,improvised/train/0044/0038/V00_S1781_I00000712_P0893A,flagged_fm1_sitting,improvised,2265,V00,improvised,train,ipc_conversation,fm1_sitting:only_this_mode,"{""clip_anchored_on_violation"": false, ""flag_count"": 1, ""flags_fired"": ""fm1_sitting"", ""fm1_knee_spread_over_torso_p50"": 0.4570958907991954, ""fm1_leg_over_torso_p50"": 0.8170627369791528, ""fm1_shin_verticality_p50"": 0.9989685378184354, ""fm2_in_frame_and_valid_frac"": 1.0, ""fm2_violation_run_max_frames"": 0.0, ""fm2_windowed_pass_frac"": 1.0, ""fm3_static_frac"": 0.032697201017811706, ""fm4_either_speaking_frac"": 0.8378473282442777, ""fm4_longest_mutual_silence_s"": 3.492000000000189, ""observed_duration_s"": 262.0}",render
fm_013,flagged_fm1_sitting_013_V00_S0700_I00000579_P0844A_f0000540,V00_S0700_I00000579_P0844A,improvised/dev/0000/0044/V00_S0700_I00000579_P0844A,improvised/dev/0000/0011/V00_S0700_I00000579_P0852,flagged_fm1_sitting,improvised,540,V00,improvised,dev,ipc_conversation,fm1_sitting:only_this_mode,"{""clip_anchored_on_violation"": false, ""flag_count"": 1, ""flags_fired"": ""fm1_sitting"", ""fm1_knee_spread_over_torso_p50"": 1.2605714738005234, ""fm1_leg_over_torso_p50"": 1.6099685099515653, ""fm1_shin_verticality_p50"": 0.948683258202311, ""fm2_in_frame_and_valid_frac"": 1.0, ""fm2_violation_run_max_frames"": 0.0, ""fm2_windowed_pass_frac"": 1.0, ""fm3_static_frac"": 0.35532646048109967, ""fm4_either_speaking_frac"": 0.8086185567010313, ""fm4_longest_mutual_silence_s"": 2.8199999999999363, ""observed_duration_s"": 194.0}",render
fm_014,flagged_fm1_sitting_014_V00_S1621_I00001114_P1099A_f0006452,V00_S1621_I00001114_P1099A,improvised/train/0039/0024/V00_S1621_I00001114_P1099A,improvised/train/0039/0025/V00_S1621_I00001114_P1155A,flagged_fm1_sitting,improvised,6452,V00,improvised,train,ipc_conversation,fm1_sitting:only_this_mode,"{""clip_anchored_on_violation"": false, ""flag_count"": 1, ""flags_fired"": ""fm1_sitting"", ""fm1_knee_spread_over_torso_p50"": 0.4383148140310386, ""fm1_leg_over_torso_p50"": 0.7776019138542203, ""fm1_shin_verticality_p50"": 0.9988681418337317, ""fm2_in_frame_and_valid_frac"": 1.0, ""fm2_violation_run_max_frames"": 0.0, ""fm2_windowed_pass_frac"": 1.0, ""fm3_static_frac"": 0.16243589743589743, ""fm4_either_speaking_frac"": 0.7687846153846157, ""fm4_longest_mutual_silence_s"": 4.004000000000019, ""observed_duration_s"": 260.0}",render
fm_015,flagged_fm1_sitting_015_V00_S1564_I00001111_P1099A_f0005250,V00_S1564_I00001111_P1099A,improvised/train/0037/0032/V00_S1564_I00001111_P1099A,improvised/train/0037/0025/V00_S1564_I00001111_P0041A,flagged_fm1_sitting,improvised,5250,V00,improvised,train,ipc_conversation,fm1_sitting:with_other_modes,"{""clip_anchored_on_violation"": false, ""flag_count"": 2, ""flags_fired"": ""fm1_sitting+fm2_framing"", ""fm1_knee_spread_over_torso_p50"": 0.45065943280278953, ""fm1_leg_over_torso_p50"": 0.7986854899700341, ""fm1_shin_verticality_p50"": 0.9916004348401402, ""fm2_in_frame_and_valid_frac"": 0.9764749262536874, ""fm2_violation_run_max_frames"": 172.0, ""fm2_windowed_pass_frac"": 0.8222222222222222, ""fm3_static_frac"": 0.05103244837758112, ""fm4_either_speaking_frac"": 0.832495575221233, ""fm4_longest_mutual_silence_s"": 4.356000000000222, ""observed_duration_s"": 452.0}",render
fm_016,flagged_fm1_sitting_016_V00_S2059_I00001184_P1316A_f0005152,V00_S2059_I00001184_P1316A,improvised/train/0049/0043/V00_S2059_I00001184_P1316A,improvised/train/0049/0038/V00_S2059_I00001184_P1317A,flagged_fm1_sitting,improvised,5152,V00,improvised,train,ipc_conversation,fm1_sitting:with_other_modes,"{""clip_anchored_on_violation"": false, ""flag_count"": 2, ""flags_fired"": ""fm1_sitting+fm2_framing"", ""fm1_knee_spread_over_torso_p50"": 1.3439188830163393, ""fm1_leg_over_torso_p50"": 1.5448117465650868, ""fm1_shin_verticality_p50"": 0.9877629344866665, ""fm2_in_frame_and_valid_frac"": 0.9637614678899082, ""fm2_violation_run_max_frames"": 125.0, ""fm2_windowed_pass_frac"": 0.7619047619047619, ""fm3_static_frac"": 0.20229357798165137, ""fm4_either_speaking_frac"": 0.8713853211009195, ""fm4_longest_mutual_silence_s"": 6.0340000000001055, ""observed_duration_s"": 218.0}",render
fm_017,flagged_fm1_sitting_017_V00_S1628_I00001175_P1147A_f0004319,V00_S1628_I00001175_P1147A,improvised/train/0039/0026/V00_S1628_I00001175_P1147A,improvised/train/0039/0055/V00_S1628_I00001175_P0320A,flagged_fm1_sitting,improvised,4319,V00,improvised,train,ipc_conversation,fm1_sitting:with_other_modes,"{""clip_anchored_on_violation"": false, ""flag_count"": 2, ""flags_fired"": ""fm1_sitting+fm2_framing"", ""fm1_knee_spread_over_torso_p50"": 0.41779643177190773, ""fm1_leg_over_torso_p50"": 0.8039876445424234, ""fm1_shin_verticality_p50"": 0.9990561477176454, ""fm2_in_frame_and_valid_frac"": 0.9545787545787546, ""fm2_violation_run_max_frames"": 183.0, ""fm2_windowed_pass_frac"": 0.7777777777777778, ""fm3_static_frac"": 0.02600732600732601, ""fm4_either_speaking_frac"": 0.9169560439560512, ""fm4_longest_mutual_silence_s"": 1.538000000000011, ""observed_duration_s"": 182.0}",render
fm_018,flagged_fm1_sitting_018_V00_S1880_I00001019_P1147A_f0000747,V00_S1880_I00001019_P1147A,improvised/train/0046/0058/V00_S1880_I00001019_P1147A,improvised/train/0046/0057/V00_S1880_I00001019_P1106A,flagged_fm1_sitting,improvised,747,V00,improvised,train,ipc_conversation,fm1_sitting:with_other_modes,"{""clip_anchored_on_violation"": false, ""flag_count"": 2, ""flags_fired"": ""fm1_sitting+fm2_framing"", ""fm1_knee_spread_over_torso_p50"": 0.41630574716581575, ""fm1_leg_over_torso_p50"": 0.8290640703738181, ""fm1_shin_verticality_p50"": 0.9991330767482812, ""fm2_in_frame_and_valid_frac"": 0.8919463087248322, ""fm2_violation_run_max_frames"": 265.0, ""fm2_windowed_pass_frac"": 0.4482758620689655, ""fm3_static_frac"": 0.00492665994849401, ""fm4_either_speaking_frac"": 0.8003691275167785, ""fm4_longest_mutual_silence_s"": 6.148000000000025, ""observed_duration_s"": 298.0}",render
fm_019,flagged_fm1_sitting_019_V00_S1724_I00001133_P1147A_f0007359,V00_S1724_I00001133_P1147A,improvised/train/0042/0053/V00_S1724_I00001133_P1147A,improvised/train/0042/0039/V00_S1724_I00001133_P1155A,flagged_fm1_sitting,improvised,7359,V00,improvised,train,ipc_conversation,fm1_sitting:with_other_modes,"{""clip_anchored_on_violation"": false, ""flag_count"": 2, ""flags_fired"": ""fm1_sitting+fm2_framing"", ""fm1_knee_spread_over_torso_p50"": 0.4166263767899847, ""fm1_leg_over_torso_p50"": 0.822635922826911, ""fm1_shin_verticality_p50"": 0.9965457631717528, ""fm2_in_frame_and_valid_frac"": 0.9483430799220273, ""fm2_violation_run_max_frames"": 88.0, ""fm2_windowed_pass_frac"": 0.4411764705882353, ""fm3_static_frac"": 0.008674463937621833, ""fm4_either_speaking_frac"": 0.8232748538011693, ""fm4_longest_mutual_silence_s"": 2.5779999999999745, ""observed_duration_s"": 342.0}",render
fm_020,flagged_fm1_sitting_020_V00_S1626_I00000995_P1147A_f0004656,V00_S1626_I00000995_P1147A,improvised/train/0039/0045/V00_S1626_I00000995_P1147A,improvised/train/0039/0035/V00_S1626_I00000995_P0320A,flagged_fm1_sitting,improvised,4656,V00,improvised,train,ipc_conversation,fm1_sitting:with_other_modes,"{""clip_anchored_on_violation"": false, ""flag_count"": 2, ""flags_fired"": ""fm1_sitting+fm2_framing"", ""fm1_knee_spread_over_torso_p50"": 0.37677192317944197, ""fm1_leg_over_torso_p50"": 0.8168787164603943, ""fm1_shin_verticality_p50"": 0.9934090050240433, ""fm2_in_frame_and_valid_frac"": 0.97, ""fm2_violation_run_max_frames"": 62.0, ""fm2_windowed_pass_frac"": 0.6538461538461539, ""fm3_static_frac"": 0.11794871794871795, ""fm4_either_speaking_frac"": 0.8951230769230768, ""fm4_longest_mutual_silence_s"": 2.41800000000012, ""observed_duration_s"": 260.0}",render
fm_021,flagged_fm1_sitting_021_V00_S1765_I00001191_P1147A_f0008324,V00_S1765_I00001191_P1147A,improvised/train/0043/0043/V00_S1765_I00001191_P1147A,improvised/train/0043/0048/V00_S1765_I00001191_P1155A,flagged_fm1_sitting,improvised,8324,V00,improvised,train,ipc_conversation,fm1_sitting:with_other_modes,"{""clip_anchored_on_violation"": false, ""flag_count"": 2, ""flags_fired"": ""fm1_sitting+fm2_framing"", ""fm1_knee_spread_over_torso_p50"": 0.3679119340946942, ""fm1_leg_over_torso_p50"": 0.7762427656341064, ""fm1_shin_verticality_p50"": 0.9838699133160775, ""fm2_in_frame_and_valid_frac"": 0.9561507936507937, ""fm2_violation_run_max_frames"": 117.0, ""fm2_windowed_pass_frac"": 0.48484848484848486, ""fm3_static_frac"": 0.0248015873015873, ""fm4_either_speaking_frac"": 0.9175952380952355, ""fm4_longest_mutual_silence_s"": 2.3080000000001064, ""observed_duration_s"": 336.0}",render
fm_022,flagged_fm1_sitting_022_V00_S1532_I00001037_P1099A_f0000690,V00_S1532_I00001037_P1099A,improvised/train/0036/0000/V00_S1532_I00001037_P1099A,improvised/train/0036/0056/V00_S1532_I00001037_P0041A,flagged_fm1_sitting,improvised,690,V00,improvised,train,ipc_conversation,fm1_sitting:with_other_modes,"{""clip_anchored_on_violation"": false, ""flag_count"": 2, ""flags_fired"": ""fm1_sitting+fm2_framing"", ""fm1_knee_spread_over_torso_p50"": 0.37142862382983005, ""fm1_leg_over_torso_p50"": 0.8409092263935611, ""fm1_shin_verticality_p50"": 0.9965457681295471, ""fm2_in_frame_and_valid_frac"": 0.9159770114942529, ""fm2_violation_run_max_frames"": 224.0, ""fm2_windowed_pass_frac"": 0.5517241379310345, ""fm3_static_frac"": 0.020804597701149424, ""fm4_either_speaking_frac"": 0.7320137931034514, ""fm4_longest_mutual_silence_s"": 3.491999999999962, ""observed_duration_s"": 290.0}",render
fm_023,flagged_fm1_sitting_023_V00_S1761_I00000724_P1147A_f0004433,V00_S1761_I00000724_P1147A,improvised/train/0043/0021/V00_S1761_I00000724_P1147A,improvised/train/0043/0024/V00_S1761_I00000724_P1155A,flagged_fm1_sitting,improvised,4433,V00,improvised,train,ipc_conversation,fm1_sitting:with_other_modes,"{""clip_anchored_on_violation"": false, ""flag_count"": 2, ""flags_fired"": ""fm1_sitting+fm2_framing"", ""fm1_knee_spread_over_torso_p50"": 0.3835257885958656, ""fm1_leg_over_torso_p50"": 0.7634945510826314, ""fm1_shin_verticality_p50"": 0.9986178254721378, ""fm2_in_frame_and_valid_frac"": 0.77, ""fm2_violation_run_max_frames"": 274.0, ""fm2_windowed_pass_frac"": 0.2692307692307692, ""fm3_static_frac"": 0.015512820512820514, ""fm4_either_speaking_frac"": 0.8042153846153793, ""fm4_longest_mutual_silence_s"": 6.756000000000313, ""observed_duration_s"": 260.0}",render
fm_024,flagged_fm2_framing_024_V00_S0665_I00000132_P0300_f0005101,V00_S0665_I00000132_P0300,naturalistic/train/0019/0025/V00_S0665_I00000132_P0300,naturalistic/train/0019/0023/V00_S0665_I00000132_P0424,flagged_fm2_framing,naturalistic,5101,V00,naturalistic,train,ipc_conversation,fm2_framing:only_this_mode,"{""clip_anchored_on_violation"": true, ""flag_count"": 1, ""flags_fired"": ""fm2_framing"", ""fm1_knee_spread_over_torso_p50"": 0.4065459521114727, ""fm1_leg_over_torso_p50"": 1.2361448920690374, ""fm1_shin_verticality_p50"": 0.9982743664336952, ""fm2_in_frame_and_valid_frac"": 0.9953869047619047, ""fm2_violation_run_max_frames"": 19.0, ""fm2_windowed_pass_frac"": 0.8181818181818182, ""fm3_static_frac"": 0.21964285714285714, ""fm4_either_speaking_frac"": 0.8394375000000055, ""fm4_longest_mutual_silence_s"": 2.1800000000000637, ""observed_duration_s"": 224.0}",render
fm_025,flagged_fm2_framing_025_V00_S1962_I00000065_P0055_f0010924,V00_S1962_I00000065_P0055,naturalistic/train/0032/0002/V00_S1962_I00000065_P0055,naturalistic/train/0032/0022/V00_S1962_I00000065_P0139,flagged_fm2_framing,naturalistic,10924,V00,naturalistic,train,ipc_conversation,fm2_framing:only_this_mode,"{""clip_anchored_on_violation"": true, ""flag_count"": 1, ""flags_fired"": ""fm2_framing"", ""fm1_knee_spread_over_torso_p50"": 0.4642117611012118, ""fm1_leg_over_torso_p50"": 1.573131772200541, ""fm1_shin_verticality_p50"": 0.9970544848656615, ""fm2_in_frame_and_valid_frac"": 0.9710526315789474, ""fm2_violation_run_max_frames"": 97.0, ""fm2_windowed_pass_frac"": 0.7368421052631579, ""fm3_static_frac"": 0.015438596491228071, ""fm4_either_speaking_frac"": 0.862831578947369, ""fm4_longest_mutual_silence_s"": 6.8520000000003165, ""observed_duration_s"": 380.0}",render
fm_026,flagged_fm2_framing_026_V00_S0477_I00000462_P0611_f0001749,V00_S0477_I00000462_P0611,naturalistic/train/0013/0016/V00_S0477_I00000462_P0611,naturalistic/train/0013/0035/V00_S0477_I00000462_P0071,flagged_fm2_framing,naturalistic,1749,V00,naturalistic,train,ipc_conversation,fm2_framing:only_this_mode,"{""clip_anchored_on_violation"": true, ""flag_count"": 1, ""flags_fired"": ""fm2_framing"", ""fm1_knee_spread_over_torso_p50"": 0.3212240597385521, ""fm1_leg_over_torso_p50"": 1.5343965021134722, ""fm1_shin_verticality_p50"": 0.9957012248348676, ""fm2_in_frame_and_valid_frac"": 0.9918803418803419, ""fm2_violation_run_max_frames"": 32.0, ""fm2_windowed_pass_frac"": 0.8666666666666667, ""fm3_static_frac"": 0.2726495726495726, ""fm4_either_speaking_frac"": 0.7253076923076918, ""fm4_longest_mutual_silence_s"": 6.371999999999844, ""observed_duration_s"": 156.0}",render
fm_027,flagged_fm2_framing_027_V00_S1293_I00000401_P0752_f0002110,V00_S1293_I00000401_P0752,naturalistic/train/0026/0021/V00_S1293_I00000401_P0752,naturalistic/train/0026/0011/V00_S1293_I00000401_P1083,flagged_fm2_framing,naturalistic,2110,V00,naturalistic,train,ipc_conversation,fm2_framing:only_this_mode,"{""clip_anchored_on_violation"": true, ""flag_count"": 1, ""flags_fired"": ""fm2_framing"", ""fm1_knee_spread_over_torso_p50"": 0.4071282729597301, ""fm1_leg_over_torso_p50"": 1.573803442803799, ""fm1_shin_verticality_p50"": 0.9999999999999838, ""fm2_in_frame_and_valid_frac"": 0.9995910020449897, ""fm2_violation_run_max_frames"": 2.0, ""fm2_windowed_pass_frac"": 0.90625, ""fm3_static_frac"": 0.004294478527607362, ""fm4_either_speaking_frac"": 0.882257668711656, ""fm4_longest_mutual_silence_s"": 2.0500000000000114, ""observed_duration_s"": 326.0}",render
fm_028,flagged_fm2_framing_028_V00_S1959_I00000250_P1228_f0002606,V00_S1959_I00000250_P1228,naturalistic/train/0032/0017/V00_S1959_I00000250_P1228,naturalistic/train/0032/0029/V00_S1959_I00000250_P0984,flagged_fm2_framing,naturalistic,2606,V00,naturalistic,train,ipc_conversation,fm2_framing:only_this_mode,"{""clip_anchored_on_violation"": true, ""flag_count"": 1, ""flags_fired"": ""fm2_framing"", ""fm1_knee_spread_over_torso_p50"": 0.46313078784099154, ""fm1_leg_over_torso_p50"": 1.0984187773750822, ""fm1_shin_verticality_p50"": 0.992277908923154, ""fm2_in_frame_and_valid_frac"": 0.9995169082125603, ""fm2_violation_run_max_frames"": 2.0, ""fm2_windowed_pass_frac"": 0.9230769230769231, ""fm3_static_frac"": 0.18985507246376812, ""fm4_either_speaking_frac"": 0.5833043478260942, ""fm4_longest_mutual_silence_s"": 7.889999999999873, ""observed_duration_s"": 138.0}",render
fm_029,flagged_fm2_framing_029_V00_S0880_I00000487_P0967_f0007344,V00_S0880_I00000487_P0967,naturalistic/train/0023/0020/V00_S0880_I00000487_P0967,naturalistic/train/0023/0019/V00_S0880_I00000487_P0658A,flagged_fm2_framing,naturalistic,7344,V00,naturalistic,train,ipc_conversation,fm2_framing:only_this_mode,"{""clip_anchored_on_violation"": true, ""flag_count"": 1, ""flags_fired"": ""fm2_framing"", ""fm1_knee_spread_over_torso_p50"": 0.3173005108201261, ""fm1_leg_over_torso_p50"": 1.2599908698285907, ""fm1_shin_verticality_p50"": 0.99875233363487, ""fm2_in_frame_and_valid_frac"": 0.9984299516908213, ""fm2_violation_run_max_frames"": 7.0, ""fm2_windowed_pass_frac"": 0.9629629629629629, ""fm3_static_frac"": 0.3033816425120773, ""fm4_either_speaking_frac"": 0.8783768115942088, ""fm4_longest_mutual_silence_s"": 3.6979999999998654, ""observed_duration_s"": 276.0}",render
fm_030,flagged_fm2_framing_030_V00_S0347_I00000130_P0467_f0000107,V00_S0347_I00000130_P0467,naturalistic/dev/0000/0014/V00_S0347_I00000130_P0467,naturalistic/dev/0000/0004/V00_S0347_I00000130_P0466,flagged_fm2_framing,naturalistic,107,V00,naturalistic,dev,ipc_conversation,fm2_framing:only_this_mode,"{""clip_anchored_on_violation"": true, ""flag_count"": 1, ""flags_fired"": ""fm2_framing"", ""fm1_knee_spread_over_torso_p50"": 0.4078151387395654, ""fm1_leg_over_torso_p50"": 1.022509672588375, ""fm1_shin_verticality_p50"": 0.9912278764874163, ""fm2_in_frame_and_valid_frac"": 0.9989247311827957, ""fm2_violation_run_max_frames"": 3.0, ""fm2_windowed_pass_frac"": 0.9166666666666666, ""fm3_static_frac"": 0.4962365591397849, ""fm4_either_speaking_frac"": 0.6212580645161313, ""fm4_longest_mutual_silence_s"": 9.060000000000173, ""observed_duration_s"": 124.0}",render
fm_031,flagged_fm2_framing_031_V00_S0639_I00000385_P0728_f0002341,V00_S0639_I00000385_P0728,naturalistic/train/0018/0013/V00_S0639_I00000385_P0728,naturalistic/train/0018/0034/V00_S0639_I00000385_P0123,flagged_fm2_framing,naturalistic,2341,V00,naturalistic,train,ipc_conversation,fm2_framing:only_this_mode,"{""clip_anchored_on_violation"": true, ""flag_count"": 1, ""flags_fired"": ""fm2_framing"", ""fm1_knee_spread_over_torso_p50"": 0.5888991847577794, ""fm1_leg_over_torso_p50"": 1.217111396602561, ""fm1_shin_verticality_p50"": 0.9748585677660577, ""fm2_in_frame_and_valid_frac"": 0.9323232323232323, ""fm2_violation_run_max_frames"": 71.0, ""fm2_windowed_pass_frac"": 0.38461538461538464, ""fm3_static_frac"": 0.15353535353535352, ""fm4_either_speaking_frac"": 0.7914999999999868, ""fm4_longest_mutual_silence_s"": 2.5960000000000036, ""observed_duration_s"": 132.0}",render
fm_032,flagged_fm2_framing_032_V00_S0530_I00000375_P0210_f0009710,V00_S0530_I00000375_P0210,naturalistic/train/0014/0015/V00_S0530_I00000375_P0210,naturalistic/train/0014/0022/V00_S0530_I00000375_P0677,flagged_fm2_framing,naturalistic,9710,V00,naturalistic,train,ipc_conversation,fm2_framing:only_this_mode,"{""clip_anchored_on_violation"": true, ""flag_count"": 1, ""flags_fired"": ""fm2_framing"", ""fm1_knee_spread_over_torso_p50"": 0.3932312045469185, ""fm1_leg_over_torso_p50"": 1.3363199830523573, ""fm1_shin_verticality_p50"": 0.9997418362803396, ""fm2_in_frame_and_valid_frac"": 0.9992537313432835, ""fm2_violation_run_max_frames"": 6.0, ""fm2_windowed_pass_frac"": 0.95, ""fm3_static_frac"": 0.5992537313432836, ""fm4_either_speaking_frac"": 0.7120895522388122, ""fm4_longest_mutual_silence_s"": 9.170000000000073, ""observed_duration_s"": 402.0}",render
fm_033,flagged_fm2_framing_033_V00_S0532_I00000307_P0557_f0003275,V00_S0532_I00000307_P0557,naturalistic/train/0014/0029/V00_S0532_I00000307_P0557,naturalistic/train/0014/0004/V00_S0532_I00000307_P0679,flagged_fm2_framing,naturalistic,3275,V00,naturalistic,train,ipc_conversation,fm2_framing:only_this_mode,"{""clip_anchored_on_violation"": true, ""flag_count"": 1, ""flags_fired"": ""fm2_framing"", ""fm1_knee_spread_over_torso_p50"": 0.40562688498171084, ""fm1_leg_over_torso_p50"": 1.0288194531499646, ""fm1_shin_verticality_p50"": 0.9994801060406289, ""fm2_in_frame_and_valid_frac"": 0.9468333333333333, ""fm2_violation_run_max_frames"": 66.0, ""fm2_windowed_pass_frac"": 0.5, ""fm3_static_frac"": 0.0003333333333333333, ""fm4_either_speaking_frac"": 0.8490599999999998, ""fm4_longest_mutual_silence_s"": 3.843999999999994, ""observed_duration_s"": 200.0}",render
fm_034,flagged_fm2_framing_034_V00_S0147_I00000135_P0209_f0000385,V00_S0147_I00000135_P0209,naturalistic/train/0003/0011/V00_S0147_I00000135_P0209,naturalistic/train/0003/0008/V00_S0147_I00000135_P0070,flagged_fm2_framing,naturalistic,385,V00,naturalistic,train,collaborative_storytelling,fm2_framing:only_this_mode,"{""clip_anchored_on_violation"": true, ""flag_count"": 1, ""flags_fired"": ""fm2_framing"", ""fm1_knee_spread_over_torso_p50"": 0.3027175647891972, ""fm1_leg_over_torso_p50"": 1.1189990455886538, ""fm1_shin_verticality_p50"": 0.926092300627259, ""fm2_in_frame_and_valid_frac"": 0.988, ""fm2_violation_run_max_frames"": 11.0, ""fm2_windowed_pass_frac"": 0.7, ""fm3_static_frac"": 0.6393333333333333, ""fm4_either_speaking_frac"": 0.7884000000000151, ""fm4_longest_mutual_silence_s"": 2.8200000000001637, ""observed_duration_s"": 100.0}",render
fm_035,flagged_fm2_framing_035_V00_S0595_I00000383_P0298_f0001027,V00_S0595_I00000383_P0298,naturalistic/train/0017/0035/V00_S0595_I00000383_P0298,naturalistic/train/0017/0032/V00_S0595_I00000383_P0751,flagged_fm2_framing,naturalistic,1027,V00,naturalistic,train,ipc_conversation,fm2_framing:only_this_mode,"{""clip_anchored_on_violation"": true, ""flag_count"": 1, ""flags_fired"": ""fm2_framing"", ""fm1_knee_spread_over_torso_p50"": 0.3838441197873529, ""fm1_leg_over_torso_p50"": 1.260320775929856, ""fm1_shin_verticality_p50"": 0.9684930075351916, ""fm2_in_frame_and_valid_frac"": 0.9880597014925373, ""fm2_violation_run_max_frames"": 12.0, ""fm2_windowed_pass_frac"": 0.7692307692307693, ""fm3_static_frac"": 0.010199004975124378, ""fm4_either_speaking_frac"": 0.9125522388059663, ""fm4_longest_mutual_silence_s"": 2.0840000000002874, ""observed_duration_s"": 268.0}",render
fm_036,flagged_fm2_framing_036_V00_S1783_I00000723_P0744_f0001838,V00_S1783_I00000723_P0744,improvised/train/0044/0044/V00_S1783_I00000723_P0744,improvised/train/0044/0013/V00_S1783_I00000723_P1115A,flagged_fm2_framing,improvised,1838,V00,improvised,train,ipc_conversation,fm2_framing:only_this_mode,"{""clip_anchored_on_violation"": true, ""flag_count"": 1, ""flags_fired"": ""fm2_framing"", ""fm1_knee_spread_over_torso_p50"": 0.2849884017066086, ""fm1_leg_over_torso_p50"": 1.5103898498925288, ""fm1_shin_verticality_p50"": 0.9988123420650481, ""fm2_in_frame_and_valid_frac"": 0.9765151515151516, ""fm2_violation_run_max_frames"": 13.0, ""fm2_windowed_pass_frac"": 0.6333333333333333, ""fm3_static_frac"": 0.0005411255411255411, ""fm4_either_speaking_frac"": 0.8029350649350623, ""fm4_longest_mutual_silence_s"": 3.1219999999998436, ""observed_duration_s"": 308.0}",render
fm_037,flagged_fm2_framing_037_V00_S1486_I00000723_P0040A_f0008037,V00_S1486_I00000723_P0040A,improvised/train/0034/0016/V00_S1486_I00000723_P0040A,improvised/train/0034/0066/V00_S1486_I00000723_P0397A,flagged_fm2_framing,improvised,8037,V00,improvised,train,ipc_conversation,fm2_framing:only_this_mode,"{""clip_anchored_on_violation"": true, ""flag_count"": 1, ""flags_fired"": ""fm2_framing"", ""fm1_knee_spread_over_torso_p50"": 0.36605219606623735, ""fm1_leg_over_torso_p50"": 1.1056571316161987, ""fm1_shin_verticality_p50"": 0.9995411713469987, ""fm2_in_frame_and_valid_frac"": 0.9994407158836689, ""fm2_violation_run_max_frames"": 5.0, ""fm2_windowed_pass_frac"": 0.9310344827586207, ""fm3_static_frac"": 0.0065995525727069355, ""fm4_either_speaking_frac"": 0.7528859060402674, ""fm4_longest_mutual_silence_s"": 9.329999999999927, ""observed_duration_s"": 298.0}",render
fm_038,flagged_fm2_framing_038_V00_S1517_I00000691_P0933A_f0007120,V00_S1517_I00000691_P0933A,improvised/train/0036/0039/V00_S1517_I00000691_P0933A,improvised/train/0036/0039/V00_S1517_I00000691_P0004A,flagged_fm2_framing,improvised,7120,V00,improvised,train,ipc_conversation,fm2_framing:only_this_mode,"{""clip_anchored_on_violation"": true, ""flag_count"": 1, ""flags_fired"": ""fm2_framing"", ""fm1_knee_spread_over_torso_p50"": 0.4917373342402352, ""fm1_leg_over_torso_p50"": 1.1119866235212261, ""fm1_shin_verticality_p50"": 0.9994449044288434, ""fm2_in_frame_and_valid_frac"": 0.9946271929824562, ""fm2_violation_run_max_frames"": 18.0, ""fm2_windowed_pass_frac"": 0.8666666666666667, ""fm3_static_frac"": 0.04078947368421053, ""fm4_either_speaking_frac"": 0.7100592105263137, ""fm4_longest_mutual_silence_s"": 6.738000000000056, ""observed_duration_s"": 304.0}",render
fm_039,flagged_fm2_framing_039_V00_S0270_I00000578_P0369_f0002195,V00_S0270_I00000578_P0369,improvised/train/0006/0010/V00_S0270_I00000578_P0369,improvised/train/0006/0041/V00_S0270_I00000578_P0006A,flagged_fm2_framing,improvised,2195,V00,improvised,train,ipc_conversation,fm2_framing:only_this_mode,"{""clip_anchored_on_violation"": true, ""flag_count"": 1, ""flags_fired"": ""fm2_framing"", ""fm1_knee_spread_over_torso_p50"": 0.22222240943704308, ""fm1_leg_over_torso_p50"": 1.2580646311507806, ""fm1_shin_verticality_p50"": 0.9996349710593527, ""fm2_in_frame_and_valid_frac"": 0.9801754385964913, ""fm2_violation_run_max_frames"": 22.0, ""fm2_windowed_pass_frac"": 0.5789473684210527, ""fm3_static_frac"": 0.03263157894736842, ""fm4_either_speaking_frac"": 0.9090315789473703, ""fm4_longest_mutual_silence_s"": 1.5080000000000382, ""observed_duration_s"": 190.0}",render
fm_040,flagged_fm2_framing_040_V00_S1678_I00001055_P0989A_f0010085,V00_S1678_I00001055_P0989A,improvised/train/0041/0023/V00_S1678_I00001055_P0989A,improvised/train/0041/0024/V00_S1678_I00001055_P0789A,flagged_fm2_framing,improvised,10085,V00,improvised,train,ipc_conversation,fm2_framing:only_this_mode,"{""clip_anchored_on_violation"": true, ""flag_count"": 1, ""flags_fired"": ""fm2_framing"", ""fm1_knee_spread_over_torso_p50"": 0.399500769322817, ""fm1_leg_over_torso_p50"": 1.391457876560492, ""fm1_shin_verticality_p50"": 0.998812347633572, ""fm2_in_frame_and_valid_frac"": 0.9881205673758865, ""fm2_violation_run_max_frames"": 43.0, ""fm2_windowed_pass_frac"": 0.8378378378378378, ""fm3_static_frac"": 0.18776595744680852, ""fm4_either_speaking_frac"": 0.7977872340425549, ""fm4_longest_mutual_silence_s"": 6.210000000000036, ""observed_duration_s"": 376.0}",render
fm_041,flagged_fm2_framing_041_V00_S1440_I00000663_P0241A_f0010500,V00_S1440_I00000663_P0241A,improvised/train/0033/0031/V00_S1440_I00000663_P0241A,improvised/train/0033/0009/V00_S1440_I00000663_P0388A,flagged_fm2_framing,improvised,10500,V00,improvised,train,ipc_conversation,fm2_framing:only_this_mode,"{""clip_anchored_on_violation"": true, ""flag_count"": 1, ""flags_fired"": ""fm2_framing"", ""fm1_knee_spread_over_torso_p50"": 0.33956233027325466, ""fm1_leg_over_torso_p50"": 1.5670605030891567, ""fm1_shin_verticality_p50"": 0.9996539187466289, ""fm2_in_frame_and_valid_frac"": 0.9938888888888889, ""fm2_violation_run_max_frames"": 15.0, ""fm2_windowed_pass_frac"": 0.8333333333333334, ""fm3_static_frac"": 0.0687962962962963, ""fm4_either_speaking_frac"": 0.9265444444444458, ""fm4_longest_mutual_silence_s"": 2.19399999999996, ""observed_duration_s"": 360.0}",render
fm_042,flagged_fm2_framing_042_V00_S0293_I00000537_P0028A_f0005697,V00_S0293_I00000537_P0028A,improvised/train/0007/0044/V00_S0293_I00000537_P0028A,improvised/train/0007/0042/V00_S0293_I00000537_P0310,flagged_fm2_framing,improvised,5697,V00,improvised,train,ipc_conversation,fm2_framing:only_this_mode,"{""clip_anchored_on_violation"": true, ""flag_count"": 1, ""flags_fired"": ""fm2_framing"", ""fm1_knee_spread_over_torso_p50"": 0.4264443014212982, ""fm1_leg_over_torso_p50"": 1.007094589896207, ""fm1_shin_verticality_p50"": 0.9805805662815955, ""fm2_in_frame_and_valid_frac"": 0.9803921568627451, ""fm2_violation_run_max_frames"": 44.0, ""fm2_windowed_pass_frac"": 0.7777777777777778, ""fm3_static_frac"": 0.05808823529411765, ""fm4_either_speaking_frac"": 0.9206544117647039, ""fm4_longest_mutual_silence_s"": 1.6679999999998927, ""observed_duration_s"": 272.0}",render
fm_043,flagged_fm2_framing_043_V00_S1044_I00000652_P0185A_f0002543,V00_S1044_I00000652_P0185A,improvised/train/0022/0012/V00_S1044_I00000652_P0185A,improvised/train/0022/0029/V00_S1044_I00000652_P0210A,flagged_fm2_framing,improvised,2543,V00,improvised,train,ipc_conversation,fm2_framing:only_this_mode,"{""clip_anchored_on_violation"": true, ""flag_count"": 1, ""flags_fired"": ""fm2_framing"", ""fm1_knee_spread_over_torso_p50"": 0.4281781470400854, ""fm1_leg_over_torso_p50"": 0.9423756520556009, ""fm1_shin_verticality_p50"": 0.9993628568053249, ""fm2_in_frame_and_valid_frac"": 0.9547826086956521, ""fm2_violation_run_max_frames"": 90.0, ""fm2_windowed_pass_frac"": 0.6521739130434783, ""fm3_static_frac"": 0.014347826086956521, ""fm4_either_speaking_frac"": 0.6893913043478219, ""fm4_longest_mutual_silence_s"": 3.076000000000022, ""observed_duration_s"": 230.0}",render
fm_044,flagged_fm2_framing_044_V00_S1338_I00000704_P0388A_f0011649,V00_S1338_I00000704_P0388A,improvised/train/0030/0000/V00_S1338_I00000704_P0388A,improvised/train/0030/0022/V00_S1338_I00000704_P0241A,flagged_fm2_framing,improvised,11649,V00,improvised,train,ipc_conversation,fm2_framing:only_this_mode,"{""clip_anchored_on_violation"": true, ""flag_count"": 1, ""flags_fired"": ""fm2_framing"", ""fm1_knee_spread_over_torso_p50"": 0.4406145882292636, ""fm1_leg_over_torso_p50"": 1.3871871008996157, ""fm1_shin_verticality_p50"": 0.9973337235915657, ""fm2_in_frame_and_valid_frac"": 0.9774166666666667, ""fm2_violation_run_max_frames"": 79.0, ""fm2_windowed_pass_frac"": 0.85, ""fm3_static_frac"": 0.013833333333333333, ""fm4_either_speaking_frac"": 0.8041949999999872, ""fm4_longest_mutual_silence_s"": 3.9080000000003565, ""observed_duration_s"": 400.0}",render
fm_045,flagged_fm2_framing_045_V00_S1283_I00001076_P0002A_f0001551,V00_S1283_I00001076_P0002A,improvised/train/0029/0007/V00_S1283_I00001076_P0002A,improvised/train/0029/0014/V00_S1283_I00001076_P1100A,flagged_fm2_framing,improvised,1551,V00,improvised,train,ipc_conversation,fm2_framing:only_this_mode,"{""clip_anchored_on_violation"": true, ""flag_count"": 1, ""flags_fired"": ""fm2_framing"", ""fm1_knee_spread_over_torso_p50"": 0.2333008421132876, ""fm1_leg_over_torso_p50"": 1.2986370534210532, ""fm1_shin_verticality_p50"": 0.9965457331747696, ""fm2_in_frame_and_valid_frac"": 0.9779166666666667, ""fm2_violation_run_max_frames"": 52.0, ""fm2_windowed_pass_frac"": 0.7916666666666666, ""fm3_static_frac"": 0.010694444444444444, ""fm4_either_speaking_frac"": 0.9332583333333313, ""fm4_longest_mutual_silence_s"": 2.6419999999998254, ""observed_duration_s"": 240.0}",render
fm_046,flagged_fm2_framing_046_V00_S0822_I00000923_P0196A_f0009252,V00_S0822_I00000923_P0196A,improvised/train/0016/0044/V00_S0822_I00000923_P0196A,improvised/train/0016/0029/V00_S0822_I00000923_P0359A,flagged_fm2_framing,improvised,9252,V00,improvised,train,ipc_conversation,fm2_framing:only_this_mode,"{""clip_anchored_on_violation"": true, ""flag_count"": 1, ""flags_fired"": ""fm2_framing"", ""fm1_knee_spread_over_torso_p50"": 0.5607911549510967, ""fm1_leg_over_torso_p50"": 1.1538118298082225, ""fm1_shin_verticality_p50"": 0.9995677458899112, ""fm2_in_frame_and_valid_frac"": 0.9082851637764933, ""fm2_violation_run_max_frames"": 363.0, ""fm2_windowed_pass_frac"": 0.5, ""fm3_static_frac"": 0.005684555352153386, ""fm4_either_speaking_frac"": 0.8664739884393029, ""fm4_longest_mutual_silence_s"": 2.6260000000002037, ""observed_duration_s"": 346.0}",render
fm_047,flagged_fm2_framing_047_V00_S0842_I00000861_P0092_f0000906,V00_S0842_I00000861_P0092,improvised/train/0017/0047/V00_S0842_I00000861_P0092,improvised/train/0017/0027/V00_S0842_I00000861_P0185,flagged_fm2_framing,improvised,906,V00,improvised,train,ipc_conversation,fm2_framing:only_this_mode,"{""clip_anchored_on_violation"": true, ""flag_count"": 1, ""flags_fired"": ""fm2_framing"", ""fm1_knee_spread_over_torso_p50"": 0.3437499054212421, ""fm1_leg_over_torso_p50"": 1.074219692343417, ""fm1_shin_verticality_p50"": 0.9996144206527183, ""fm2_in_frame_and_valid_frac"": 0.9634657836644591, ""fm2_violation_run_max_frames"": 148.0, ""fm2_windowed_pass_frac"": 0.8333333333333334, ""fm3_static_frac"": 0.001555728414268252, ""fm4_either_speaking_frac"": 0.8729072847682119, ""fm4_longest_mutual_silence_s"": 3.8759999999999764, ""observed_duration_s"": 302.0}",render
fm_048,flagged_fm3_static_hands_048_V00_S0801_I00000307_P0941_f0002731,V00_S0801_I00000307_P0941,naturalistic/train/0022/0010/V00_S0801_I00000307_P0941,naturalistic/train/0022/0012/V00_S0801_I00000307_P0942,flagged_fm3_static_hands,naturalistic,2731,V00,naturalistic,train,ipc_conversation,fm3_static_hands:only_this_mode,"{""clip_anchored_on_violation"": false, ""flag_count"": 1, ""flags_fired"": ""fm3_static_hands"", ""fm1_knee_spread_over_torso_p50"": 0.3049095468618702, ""fm1_leg_over_torso_p50"": 1.3891357335157224, ""fm1_shin_verticality_p50"": 0.9996714322388696, ""fm2_in_frame_and_valid_frac"": 1.0, ""fm2_violation_run_max_frames"": 0.0, ""fm2_windowed_pass_frac"": 1.0, ""fm3_static_frac"": 0.9861581920903955, ""fm4_either_speaking_frac"": 0.5113559322033903, ""fm4_longest_mutual_silence_s"": 8.579999999999984, ""observed_duration_s"": 118.0}",render
fm_049,flagged_fm3_static_hands_049_V00_S0392_I00000377_P0522_f0002651,V00_S0392_I00000377_P0522,naturalistic/train/0010/0036/V00_S0392_I00000377_P0522,naturalistic/train/0010/0023/V00_S0392_I00000377_P0521,flagged_fm3_static_hands,naturalistic,2651,V00,naturalistic,train,ipc_conversation,fm3_static_hands:only_this_mode,"{""clip_anchored_on_violation"": false, ""flag_count"": 1, ""flags_fired"": ""fm3_static_hands"", ""fm1_knee_spread_over_torso_p50"": 0.39957459684645, ""fm1_leg_over_torso_p50"": 1.186548665169095, ""fm1_shin_verticality_p50"": 0.9983713308647227, ""fm2_in_frame_and_valid_frac"": 1.0, ""fm2_violation_run_max_frames"": 0.0, ""fm2_windowed_pass_frac"": 1.0, ""fm3_static_frac"": 0.9628930817610063, ""fm4_either_speaking_frac"": 0.5775283018867996, ""fm4_longest_mutual_silence_s"": 7.779999999999973, ""observed_duration_s"": 106.0}",render
fm_050,flagged_fm3_static_hands_050_V00_S0112_I00000495_P0162_f0004833,V00_S0112_I00000495_P0162,naturalistic/train/0002/0036/V00_S0112_I00000495_P0162,naturalistic/train/0002/0026/V00_S0112_I00000495_P0163,flagged_fm3_static_hands,naturalistic,4833,V00,naturalistic,train,ipc_conversation,fm3_static_hands:only_this_mode,"{""clip_anchored_on_violation"": false, ""flag_count"": 1, ""flags_fired"": ""fm3_static_hands"", ""fm1_knee_spread_over_torso_p50"": 0.6404843355479786, ""fm1_leg_over_torso_p50"": 1.3824503028811952, ""fm1_shin_verticality_p50"": 0.9963466613538035, ""fm2_in_frame_and_valid_frac"": 1.0, ""fm2_violation_run_max_frames"": 0.0, ""fm2_windowed_pass_frac"": 1.0, ""fm3_static_frac"": 0.8700892857142857, ""fm4_either_speaking_frac"": 0.6148392857142877, ""fm4_longest_mutual_silence_s"": 9.538000000000011, ""observed_duration_s"": 224.0}",render
fm_051,flagged_fm3_static_hands_051_V00_S0311_I00000383_P0418_f0001136,V00_S0311_I00000383_P0418,naturalistic/train/0007/0019/V00_S0311_I00000383_P0418,naturalistic/train/0007/0010/V00_S0311_I00000383_P0419,flagged_fm3_static_hands,naturalistic,1136,V00,naturalistic,train,ipc_conversation,fm3_static_hands:only_this_mode,"{""clip_anchored_on_violation"": false, ""flag_count"": 1, ""flags_fired"": ""fm3_static_hands"", ""fm1_knee_spread_over_torso_p50"": 0.3698000920440002, ""fm1_leg_over_torso_p50"": 1.5457303060586853, ""fm1_shin_verticality_p50"": 0.9996876447534178, ""fm2_in_frame_and_valid_frac"": 1.0, ""fm2_violation_run_max_frames"": 0.0, ""fm2_windowed_pass_frac"": 1.0, ""fm3_static_frac"": 0.8124413145539906, ""fm4_either_speaking_frac"": 0.6673943661971605, ""fm4_longest_mutual_silence_s"": 9.315999999999804, ""observed_duration_s"": 142.0}",render
fm_052,flagged_fm3_static_hands_052_V00_S1121_I00000249_P0871_f0001712,V00_S1121_I00000249_P0871,naturalistic/train/0026/0040/V00_S1121_I00000249_P0871,naturalistic/train/0026/0037/V00_S1121_I00000249_P1090,flagged_fm3_static_hands,naturalistic,1712,V00,naturalistic,train,ipc_conversation,fm3_static_hands:only_this_mode,"{""clip_anchored_on_violation"": false, ""flag_count"": 1, ""flags_fired"": ""fm3_static_hands"", ""fm1_knee_spread_over_torso_p50"": 0.29028500425180415, ""fm1_leg_over_torso_p50"": 1.1749759594837839, ""fm1_shin_verticality_p50"": 0.9983713354349586, ""fm2_in_frame_and_valid_frac"": 1.0, ""fm2_violation_run_max_frames"": 0.0, ""fm2_windowed_pass_frac"": 1.0, ""fm3_static_frac"": 0.7556737588652482, ""fm4_either_speaking_frac"": 0.7594255319148836, ""fm4_longest_mutual_silence_s"": 3.7460000000000946, ""observed_duration_s"": 94.0}",render
fm_053,flagged_fm3_static_hands_053_V00_S0032_I00000477_P0049_f0002706,V00_S0032_I00000477_P0049,naturalistic/train/0000/0026/V00_S0032_I00000477_P0049,naturalistic/train/0000/0022/V00_S0032_I00000477_P0050,flagged_fm3_static_hands,naturalistic,2706,V00,naturalistic,train,ipc_conversation,fm3_static_hands:only_this_mode,"{""clip_anchored_on_violation"": false, ""flag_count"": 1, ""flags_fired"": ""fm3_static_hands"", ""fm1_knee_spread_over_torso_p50"": 0.5245195568688984, ""fm1_leg_over_torso_p50"": 1.196190741670533, ""fm1_shin_verticality_p50"": 0.9995677566534082, ""fm2_in_frame_and_valid_frac"": 1.0, ""fm2_violation_run_max_frames"": 0.0, ""fm2_windowed_pass_frac"": 1.0, ""fm3_static_frac"": 0.8462809917355372, ""fm4_either_speaking_frac"": 0.7361818181818182, ""fm4_longest_mutual_silence_s"": 4.7379999999999995, ""observed_duration_s"": 242.0}",render
fm_054,flagged_fm3_static_hands_054_V00_S0415_I00000374_P0545_f0003179,V00_S0415_I00000374_P0545,naturalistic/train/0011/0019/V00_S0415_I00000374_P0545,naturalistic/train/0011/0040/V00_S0415_I00000374_P0544,flagged_fm3_static_hands,naturalistic,3179,V00,naturalistic,train,ipc_conversation,fm3_static_hands:only_this_mode,"{""clip_anchored_on_violation"": false, ""flag_count"": 1, ""flags_fired"": ""fm3_static_hands"", ""fm1_knee_spread_over_torso_p50"": 0.2950423791350975, ""fm1_leg_over_torso_p50"": 1.246704418075653, ""fm1_shin_verticality_p50"": 0.9996144213191072, ""fm2_in_frame_and_valid_frac"": 1.0, ""fm2_violation_run_max_frames"": 0.0, ""fm2_windowed_pass_frac"": 1.0, ""fm3_static_frac"": 0.9625396825396826, ""fm4_either_speaking_frac"": 0.7576476190476207, ""fm4_longest_mutual_silence_s"": 1.8279999999999745, ""observed_duration_s"": 210.0}",render
fm_055,flagged_fm3_static_hands_055_V00_S0792_I00000377_P0800_f0003698,V00_S0792_I00000377_P0800,naturalistic/train/0022/0033/V00_S0792_I00000377_P0800,naturalistic/train/0022/0039/V00_S0792_I00000377_P0929,flagged_fm3_static_hands,naturalistic,3698,V00,naturalistic,train,ipc_conversation,fm3_static_hands:only_this_mode,"{""clip_anchored_on_violation"": false, ""flag_count"": 1, ""flags_fired"": ""fm3_static_hands"", ""fm1_knee_spread_over_torso_p50"": 0.27582114302553157, ""fm1_leg_over_torso_p50"": 1.2873960831391722, ""fm1_shin_verticality_p50"": 0.9995920968174148, ""fm2_in_frame_and_valid_frac"": 1.0, ""fm2_violation_run_max_frames"": 0.0, ""fm2_windowed_pass_frac"": 1.0, ""fm3_static_frac"": 0.9401041666666666, ""fm4_either_speaking_frac"": 0.8064791666666705, ""fm4_longest_mutual_silence_s"": 7.185999999999922, ""observed_duration_s"": 192.0}",render
fm_056,flagged_fm3_static_hands_056_V00_S0283_I00000135_P0382_f0002201,V00_S0283_I00000135_P0382,naturalistic/train/0006/0020/V00_S0283_I00000135_P0382,naturalistic/train/0006/0007/V00_S0283_I00000135_P0300,flagged_fm3_static_hands,naturalistic,2201,V00,naturalistic,train,collaborative_storytelling,fm3_static_hands:only_this_mode,"{""clip_anchored_on_violation"": false, ""flag_count"": 1, ""flags_fired"": ""fm3_static_hands"", ""fm1_knee_spread_over_torso_p50"": 0.41172008992948494, ""fm1_leg_over_torso_p50"": 0.9859821712850281, ""fm1_shin_verticality_p50"": 0.999405997796919, ""fm2_in_frame_and_valid_frac"": 1.0, ""fm2_violation_run_max_frames"": 0.0, ""fm2_windowed_pass_frac"": 1.0, ""fm3_static_frac"": 1.0, ""fm4_either_speaking_frac"": 0.7412978723404233, ""fm4_longest_mutual_silence_s"": 6.371999999999844, ""observed_duration_s"": 188.0}",render
fm_057,flagged_fm3_static_hands_057_V00_S0316_I00000313_P0427_f0000748,V00_S0316_I00000313_P0427,naturalistic/train/0007/0015/V00_S0316_I00000313_P0427,naturalistic/train/0007/0029/V00_S0316_I00000313_P0426,flagged_fm3_static_hands,naturalistic,748,V00,naturalistic,train,ipc_conversation,fm3_static_hands:only_this_mode,"{""clip_anchored_on_violation"": false, ""flag_count"": 1, ""flags_fired"": ""fm3_static_hands"", ""fm1_knee_spread_over_torso_p50"": 0.4406148132704082, ""fm1_leg_over_torso_p50"": 1.303083446524441, ""fm1_shin_verticality_p50"": 0.9995677539011868, ""fm2_in_frame_and_valid_frac"": 1.0, ""fm2_violation_run_max_frames"": 0.0, ""fm2_windowed_pass_frac"": 1.0, ""fm3_static_frac"": 0.8020833333333334, ""fm4_either_speaking_frac"": 0.5132187500000214, ""fm4_longest_mutual_silence_s"": 5.059999999999945, ""observed_duration_s"": 64.0}",render
fm_058,flagged_fm3_static_hands_058_V00_S0084_I00000486_P0124_f0002179,V00_S0084_I00000486_P0124,naturalistic/train/0001/0030/V00_S0084_I00000486_P0124,naturalistic/train/0001/0018/V00_S0084_I00000486_P0123,flagged_fm3_static_hands,naturalistic,2179,V00,naturalistic,train,ipc_conversation,fm3_static_hands:only_this_mode,"{""clip_anchored_on_violation"": false, ""flag_count"": 1, ""flags_fired"": ""fm3_static_hands"", ""fm1_knee_spread_over_torso_p50"": 0.3050412366064398, ""fm1_leg_over_torso_p50"": 1.2002897178736573, ""fm1_shin_verticality_p50"": 0.9995120673548717, ""fm2_in_frame_and_valid_frac"": 1.0, ""fm2_violation_run_max_frames"": 0.0, ""fm2_windowed_pass_frac"": 1.0, ""fm3_static_frac"": 0.9323809523809524, ""fm4_either_speaking_frac"": 0.854161904761906, ""fm4_longest_mutual_silence_s"": 4.3539999999998145, ""observed_duration_s"": 210.0}",render
fm_059,flagged_fm3_static_hands_059_V00_S1962_I00000055_P0139_f0001080,V00_S1962_I00000055_P0139,naturalistic/train/0032/0032/V00_S1962_I00000055_P0139,naturalistic/train/0032/0042/V00_S1962_I00000055_P0055,flagged_fm3_static_hands,naturalistic,1080,V00,naturalistic,train,ipc_conversation,fm3_static_hands:only_this_mode,"{""clip_anchored_on_violation"": false, ""flag_count"": 1, ""flags_fired"": ""fm3_static_hands"", ""fm1_knee_spread_over_torso_p50"": 0.2367449206802666, ""fm1_leg_over_torso_p50"": 1.3790556819029913, ""fm1_shin_verticality_p50"": 0.9996349722501632, ""fm2_in_frame_and_valid_frac"": 1.0, ""fm2_violation_run_max_frames"": 0.0, ""fm2_windowed_pass_frac"": 1.0, ""fm3_static_frac"": 0.7601449275362319, ""fm4_either_speaking_frac"": 0.8404637681159421, ""fm4_longest_mutual_silence_s"": 7.586000000000013, ""observed_duration_s"": 138.0}",render
fm_060,flagged_fm3_static_hands_060_V00_S0227_I00000542_P0313_f0003340,V00_S0227_I00000542_P0313,improvised/train/0005/0030/V00_S0227_I00000542_P0313,improvised/train/0005/0019/V00_S0227_I00000542_P0006A,flagged_fm3_static_hands,improvised,3340,V00,improvised,train,ipc_conversation,fm3_static_hands:only_this_mode,"{""clip_anchored_on_violation"": false, ""flag_count"": 1, ""flags_fired"": ""fm3_static_hands"", ""fm1_knee_spread_over_torso_p50"": 0.39911396033252405, ""fm1_leg_over_torso_p50"": 1.2973697878219408, ""fm1_shin_verticality_p50"": 0.9965457751844677, ""fm2_in_frame_and_valid_frac"": 1.0, ""fm2_violation_run_max_frames"": 0.0, ""fm2_windowed_pass_frac"": 1.0, ""fm3_static_frac"": 0.7935897435897435, ""fm4_either_speaking_frac"": 0.8259780219780256, ""fm4_longest_mutual_silence_s"": 4.498000000000047, ""observed_duration_s"": 182.0}",render
fm_061,flagged_fm3_static_hands_061_V00_S0161_I00000535_P0150A_f0001704,V00_S0161_I00000535_P0150A,improvised/train/0003/0020/V00_S0161_I00000535_P0150A,improvised/train/0003/0037/V00_S0161_I00000535_P0231,flagged_fm3_static_hands,improvised,1704,V00,improvised,train,ipc_conversation,fm3_static_hands:only_this_mode,"{""clip_anchored_on_violation"": false, ""flag_count"": 1, ""flags_fired"": ""fm3_static_hands"", ""fm1_knee_spread_over_torso_p50"": 0.40740754163681436, ""fm1_leg_over_torso_p50"": 1.5471040121981066, ""fm1_shin_verticality_p50"": 0.9986178362593443, ""fm2_in_frame_and_valid_frac"": 1.0, ""fm2_violation_run_max_frames"": 0.0, ""fm2_windowed_pass_frac"": 1.0, ""fm3_static_frac"": 0.9670634920634921, ""fm4_either_speaking_frac"": 0.5535714285714279, ""fm4_longest_mutual_silence_s"": 7.954000000000008, ""observed_duration_s"": 84.0}",render
fm_062,flagged_fm3_static_hands_062_V00_S0045_I00000125_P0067A_f0000080,V00_S0045_I00000125_P0067A,improvised/train/0000/0005/V00_S0045_I00000125_P0067A,improvised/train/0000/0027/V00_S0045_I00000125_P0068,flagged_fm3_static_hands,improvised,80,V00,improvised,train,ipc_conversation,fm3_static_hands:only_this_mode,"{""clip_anchored_on_violation"": false, ""flag_count"": 1, ""flags_fired"": ""fm3_static_hands"", ""fm1_knee_spread_over_torso_p50"": 0.2764002631252627, ""fm1_leg_over_torso_p50"": 1.0773948705773402, ""fm1_shin_verticality_p50"": 0.9999999999999615, ""fm2_in_frame_and_valid_frac"": 1.0, ""fm2_violation_run_max_frames"": 0.0, ""fm2_windowed_pass_frac"": 1.0, ""fm3_static_frac"": 0.7666666666666667, ""fm4_either_speaking_frac"": 0.7508059701492538, ""fm4_longest_mutual_silence_s"": 8.93199999999996, ""observed_duration_s"": 134.0}",render
fm_063,flagged_fm3_static_hands_063_V00_S0158_I00000484_P0228_f0001500,V00_S0158_I00000484_P0228,improvised/train/0003/0014/V00_S0158_I00000484_P0228,improvised/train/0003/0034/V00_S0158_I00000484_P0004A,flagged_fm3_static_hands,improvised,1500,V00,improvised,train,ipc_conversation,fm3_static_hands:only_this_mode,"{""clip_anchored_on_violation"": false, ""flag_count"": 1, ""flags_fired"": ""fm3_static_hands"", ""fm1_knee_spread_over_torso_p50"": 0.35465434764407755, ""fm1_leg_over_torso_p50"": 1.111004858487429, ""fm1_shin_verticality_p50"": 0.9981685005286217, ""fm2_in_frame_and_valid_frac"": 1.0, ""fm2_violation_run_max_frames"": 0.0, ""fm2_windowed_pass_frac"": 1.0, ""fm3_static_frac"": 0.7636574074074074, ""fm4_either_speaking_frac"": 0.8334722222222253, ""fm4_longest_mutual_silence_s"": 2.5960000000000036, ""observed_duration_s"": 144.0}",render
fm_064,flagged_fm3_static_hands_064_V00_S0200_I00000309_P0271_f0002973,V00_S0200_I00000309_P0271,improvised/train/0004/0013/V00_S0200_I00000309_P0271,improvised/train/0004/0020/V00_S0200_I00000309_P0003A,flagged_fm3_static_hands,improvised,2973,V00,improvised,train,ipc_conversation,fm3_static_hands:only_this_mode,"{""clip_anchored_on_violation"": false, ""flag_count"": 1, ""flags_fired"": ""fm3_static_hands"", ""fm1_knee_spread_over_torso_p50"": 0.4821141139297289, ""fm1_leg_over_torso_p50"": 1.2731644349523603, ""fm1_shin_verticality_p50"": 0.9205818264675649, ""fm2_in_frame_and_valid_frac"": 1.0, ""fm2_violation_run_max_frames"": 0.0, ""fm2_windowed_pass_frac"": 1.0, ""fm3_static_frac"": 0.808879781420765, ""fm4_either_speaking_frac"": 0.8250655737704928, ""fm4_longest_mutual_silence_s"": 5.170000000000073, ""observed_duration_s"": 244.0}",render
fm_065,flagged_fm3_static_hands_065_V00_S1759_I00001045_P1024A_f0009480,V00_S1759_I00001045_P1024A,improvised/train/0043/0041/V00_S1759_I00001045_P1024A,improvised/train/0043/0019/V00_S1759_I00001045_P1099A,flagged_fm3_static_hands,improvised,9480,V00,improvised,train,ipc_conversation,fm3_static_hands:only_this_mode,"{""clip_anchored_on_violation"": false, ""flag_count"": 1, ""flags_fired"": ""fm3_static_hands"", ""fm1_knee_spread_over_torso_p50"": 0.245463129453331, ""fm1_leg_over_torso_p50"": 1.4928868092497944, ""fm1_shin_verticality_p50"": 0.9987523309066497, ""fm2_in_frame_and_valid_frac"": 1.0, ""fm2_violation_run_max_frames"": 0.0, ""fm2_windowed_pass_frac"": 1.0, ""fm3_static_frac"": 0.8607677902621723, ""fm4_either_speaking_frac"": 0.8632191011235945, ""fm4_longest_mutual_silence_s"": 7.218000000000018, ""observed_duration_s"": 356.0}",render
fm_066,flagged_fm3_static_hands_066_V00_S1283_I00001073_P1100A_f0007149,V00_S1283_I00001073_P1100A,improvised/train/0029/0041/V00_S1283_I00001073_P1100A,improvised/train/0029/0037/V00_S1283_I00001073_P0002A,flagged_fm3_static_hands,improvised,7149,V00,improvised,train,ipc_conversation,fm3_static_hands:only_this_mode,"{""clip_anchored_on_violation"": false, ""flag_count"": 1, ""flags_fired"": ""fm3_static_hands"", ""fm1_knee_spread_over_torso_p50"": 0.26666664835101306, ""fm1_leg_over_torso_p50"": 1.3334370864502834, ""fm1_shin_verticality_p50"": 0.9999999999999741, ""fm2_in_frame_and_valid_frac"": 1.0, ""fm2_violation_run_max_frames"": 0.0, ""fm2_windowed_pass_frac"": 1.0, ""fm3_static_frac"": 0.823069105691057, ""fm4_either_speaking_frac"": 0.956969512195126, ""fm4_longest_mutual_silence_s"": 3.505999999999858, ""observed_duration_s"": 328.0}",render
fm_067,flagged_fm3_static_hands_067_V00_S0234_I00000488_P0150A_f0001900,V00_S0234_I00000488_P0150A,improvised/train/0005/0027/V00_S0234_I00000488_P0150A,improvised/train/0005/0006/V00_S0234_I00000488_P0320,flagged_fm3_static_hands,improvised,1900,V00,improvised,train,ipc_conversation,fm3_static_hands:only_this_mode,"{""clip_anchored_on_violation"": false, ""flag_count"": 1, ""flags_fired"": ""fm3_static_hands"", ""fm1_knee_spread_over_torso_p50"": 0.3155952014207032, ""fm1_leg_over_torso_p50"": 1.3685913323367895, ""fm1_shin_verticality_p50"": 0.9995677634264197, ""fm2_in_frame_and_valid_frac"": 1.0, ""fm2_violation_run_max_frames"": 0.0, ""fm2_windowed_pass_frac"": 1.0, ""fm3_static_frac"": 0.7517543859649123, ""fm4_either_speaking_frac"": 0.8673684210526326, ""fm4_longest_mutual_silence_s"": 7.266000000000076, ""observed_duration_s"": 190.0}",render
fm_068,flagged_fm3_static_hands_068_V00_S1875_I00001029_P0180A_f0007557,V00_S1875_I00001029_P0180A,improvised/train/0046/0006/V00_S1875_I00001029_P0180A,improvised/train/0046/0045/V00_S1875_I00001029_P0933A,flagged_fm3_static_hands,improvised,7557,V00,improvised,train,ipc_conversation,fm3_static_hands:only_this_mode,"{""clip_anchored_on_violation"": false, ""flag_count"": 1, ""flags_fired"": ""fm3_static_hands"", ""fm1_knee_spread_over_torso_p50"": 0.3606073755651998, ""fm1_leg_over_torso_p50"": 1.274754612044072, ""fm1_shin_verticality_p50"": 0.9961298512451394, ""fm2_in_frame_and_valid_frac"": 1.0, ""fm2_violation_run_max_frames"": 0.0, ""fm2_windowed_pass_frac"": 1.0, ""fm3_static_frac"": 0.8192786069651742, ""fm4_either_speaking_frac"": 0.8789029850746211, ""fm4_longest_mutual_silence_s"": 2.1159999999999854, ""observed_duration_s"": 268.0}",render
fm_069,flagged_fm3_static_hands_069_V00_S0071_I00000307_P0106_f0002605,V00_S0071_I00000307_P0106,improvised/train/0001/0010/V00_S0071_I00000307_P0106,,flagged_fm3_static_hands,improvised,2605,V00,improvised,train,ipc_conversation,fm3_static_hands:only_this_mode,"{""clip_anchored_on_violation"": false, ""flag_count"": 1, ""flags_fired"": ""fm3_static_hands"", ""fm1_knee_spread_over_torso_p50"": 0.37282764412376423, ""fm1_leg_over_torso_p50"": 1.3574306536647949, ""fm1_shin_verticality_p50"": 0.9996144220552925, ""fm2_in_frame_and_valid_frac"": 1.0, ""fm2_violation_run_max_frames"": 0.0, ""fm2_windowed_pass_frac"": 1.0, ""fm3_static_frac"": 0.8182051282051283, ""fm4_either_speaking_frac"": null, ""fm4_longest_mutual_silence_s"": null, ""observed_duration_s"": 130.0}",render
fm_070,flagged_fm3_static_hands_070_V00_S0487_I00000504_P0621_f0000468,V00_S0487_I00000504_P0621,improvised/train/0010/0006/V00_S0487_I00000504_P0621,improvised/train/0010/0015/V00_S0487_I00000504_P0042A,flagged_fm3_static_hands,improvised,468,V00,improvised,train,ipc_conversation,fm3_static_hands:only_this_mode,"{""clip_anchored_on_violation"": false, ""flag_count"": 1, ""flags_fired"": ""fm3_static_hands"", ""fm1_knee_spread_over_torso_p50"": 0.3995008866999432, ""fm1_leg_over_torso_p50"": 1.3154444887886105, ""fm1_shin_verticality_p50"": 0.9996144206527183, ""fm2_in_frame_and_valid_frac"": 1.0, ""fm2_violation_run_max_frames"": 0.0, ""fm2_windowed_pass_frac"": 1.0, ""fm3_static_frac"": 0.9950819672131147, ""fm4_either_speaking_frac"": 0.7396721311475466, ""fm4_longest_mutual_silence_s"": 5.8279999999999745, ""observed_duration_s"": 122.0}",render
fm_071,flagged_fm3_static_hands_071_V00_S1866_I00000680_P0861A_f0002725,V00_S1866_I00000680_P0861A,improvised/train/0046/0061/V00_S1866_I00000680_P0861A,improvised/train/0046/0066/V00_S1866_I00000680_P0027A,flagged_fm3_static_hands,improvised,2725,V00,improvised,train,ipc_conversation,fm3_static_hands:only_this_mode,"{""clip_anchored_on_violation"": false, ""flag_count"": 1, ""flags_fired"": ""fm3_static_hands"", ""fm1_knee_spread_over_torso_p50"": 0.3213771983939949, ""fm1_leg_over_torso_p50"": 1.64346877267007, ""fm1_shin_verticality_p50"": 0.9997830572822617, ""fm2_in_frame_and_valid_frac"": 1.0, ""fm2_violation_run_max_frames"": 0.0, ""fm2_windowed_pass_frac"": 1.0, ""fm3_static_frac"": 0.8431434599156118, ""fm4_either_speaking_frac"": 0.8490253164556941, ""fm4_longest_mutual_silence_s"": 4.594000000000051, ""observed_duration_s"": 316.0}",render
fm_072,flagged_fm4_mutual_silence_072_V00_S0783_I00000137_P0922_f0003716,V00_S0783_I00000137_P0922,naturalistic/train/0022/0019/V00_S0783_I00000137_P0922,naturalistic/train/0022/0034/V00_S0783_I00000137_P0437,flagged_fm4_mutual_silence,naturalistic,3716,V00,naturalistic,train,ipc_conversation,fm4_mutual_silence:only_this_mode,"{""clip_anchored_on_violation"": true, ""flag_count"": 1, ""flags_fired"": ""fm4_mutual_silence"", ""fm1_knee_spread_over_torso_p50"": 0.4598817310047071, ""fm1_leg_over_torso_p50"": 1.0367285652653306, ""fm1_shin_verticality_p50"": 0.997785154359495, ""fm2_in_frame_and_valid_frac"": 1.0, ""fm2_violation_run_max_frames"": 0.0, ""fm2_windowed_pass_frac"": 1.0, ""fm3_static_frac"": 0.6013513513513513, ""fm4_either_speaking_frac"": 0.7418378378378495, ""fm4_longest_mutual_silence_s"": 23.121999999999844, ""observed_duration_s"": 148.0}",render
fm_073,flagged_fm4_mutual_silence_073_V00_S1846_I00000608_P0888_f0002332,V00_S1846_I00000608_P0888,naturalistic/train/0029/0007/V00_S1846_I00000608_P0888,naturalistic/train/0029/0048/V00_S1846_I00000608_P0317,flagged_fm4_mutual_silence,naturalistic,2332,V00,naturalistic,train,grounded_gesture,fm4_mutual_silence:only_this_mode,"{""clip_anchored_on_violation"": true, ""flag_count"": 1, ""flags_fired"": ""fm4_mutual_silence"", ""fm1_knee_spread_over_torso_p50"": 0.3446226601242819, ""fm1_leg_over_torso_p50"": 1.405045706565174, ""fm1_shin_verticality_p50"": 0.9981685043191693, ""fm2_in_frame_and_valid_frac"": 1.0, ""fm2_violation_run_max_frames"": 0.0, ""fm2_windowed_pass_frac"": 1.0, ""fm3_static_frac"": 0.71318407960199, ""fm4_either_speaking_frac"": 0.2383582089552209, ""fm4_longest_mutual_silence_s"": 11.460000000000036, ""observed_duration_s"": 134.0}",render
fm_074,flagged_fm4_mutual_silence_074_V00_S1686_I00000606_P1161_f0002484,V00_S1686_I00000606_P1161,naturalistic/train/0028/0020/V00_S1686_I00000606_P1161,naturalistic/train/0028/0015/V00_S1686_I00000606_P0205,flagged_fm4_mutual_silence,naturalistic,2484,V00,naturalistic,train,grounded_gesture,fm4_mutual_silence:only_this_mode,"{""clip_anchored_on_violation"": true, ""flag_count"": 1, ""flags_fired"": ""fm4_mutual_silence"", ""fm1_knee_spread_over_torso_p50"": 0.32677315607239266, ""fm1_leg_over_torso_p50"": 1.2413950446963447, ""fm1_shin_verticality_p50"": 0.9995677477018703, ""fm2_in_frame_and_valid_frac"": 1.0, ""fm2_violation_run_max_frames"": 0.0, ""fm2_windowed_pass_frac"": 1.0, ""fm3_static_frac"": 0.4884408602150538, ""fm4_either_speaking_frac"": 0.20996774193549167, ""fm4_longest_mutual_silence_s"": 12.036000000000058, ""observed_duration_s"": 124.0}",render
fm_075,flagged_fm4_mutual_silence_075_V00_S1862_I00000614_P0710_f0001391,V00_S1862_I00000614_P0710,naturalistic/train/0029/0031/V00_S1862_I00000614_P0710,naturalistic/train/0029/0036/V00_S1862_I00000614_P1192,flagged_fm4_mutual_silence,naturalistic,1391,V00,naturalistic,train,grounded_gesture,fm4_mutual_silence:only_this_mode,"{""clip_anchored_on_violation"": true, ""flag_count"": 1, ""flags_fired"": ""fm4_mutual_silence"", ""fm1_knee_spread_over_torso_p50"": 0.3997777380745712, ""fm1_leg_over_torso_p50"": 1.3019452185046494, ""fm1_shin_verticality_p50"": 0.9996144242558787, ""fm2_in_frame_and_valid_frac"": 1.0, ""fm2_violation_run_max_frames"": 0.0, ""fm2_windowed_pass_frac"": 1.0, ""fm3_static_frac"": 0.675095785440613, ""fm4_either_speaking_frac"": 0.16735632183907723, ""fm4_longest_mutual_silence_s"": 31.779999999999973, ""observed_duration_s"": 174.0}",render
fm_076,flagged_fm4_mutual_silence_076_V00_S0310_I00000374_P0417_f0000000,V00_S0310_I00000374_P0417,naturalistic/train/0007/0034/V00_S0310_I00000374_P0417,naturalistic/train/0007/0023/V00_S0310_I00000374_P0042,flagged_fm4_mutual_silence,naturalistic,0,V00,naturalistic,train,ipc_conversation,fm4_mutual_silence:only_this_mode,"{""clip_anchored_on_violation"": true, ""flag_count"": 1, ""flags_fired"": ""fm4_mutual_silence"", ""fm1_knee_spread_over_torso_p50"": 0.3383015848256046, ""fm1_leg_over_torso_p50"": 1.002086361472875, ""fm1_shin_verticality_p50"": 0.9962405732028216, ""fm2_in_frame_and_valid_frac"": 1.0, ""fm2_violation_run_max_frames"": 0.0, ""fm2_windowed_pass_frac"": 1.0, ""fm3_static_frac"": 0.1735632183908046, ""fm4_either_speaking_frac"": 0.749034482758622, ""fm4_longest_mutual_silence_s"": 17.937999999999988, ""observed_duration_s"": 174.0}",render
fm_077,flagged_fm4_mutual_silence_077_V00_S1633_I00000391_P0929_f0008235,V00_S1633_I00000391_P0929,naturalistic/train/0028/0015/V00_S1633_I00000391_P0929,naturalistic/train/0028/0016/V00_S1633_I00000391_P0556,flagged_fm4_mutual_silence,naturalistic,8235,V00,naturalistic,train,ipc_conversation,fm4_mutual_silence:only_this_mode,"{""clip_anchored_on_violation"": true, ""flag_count"": 1, ""flags_fired"": ""fm4_mutual_silence"", ""fm1_knee_spread_over_torso_p50"": 0.31578952790867176, ""fm1_leg_over_torso_p50"": 1.2978935053273872, ""fm1_shin_verticality_p50"": 0.994781459681664, ""fm2_in_frame_and_valid_frac"": 1.0, ""fm2_violation_run_max_frames"": 0.0, ""fm2_windowed_pass_frac"": 1.0, ""fm3_static_frac"": 0.004662004662004662, ""fm4_either_speaking_frac"": 0.847825174825177, ""fm4_longest_mutual_silence_s"": 10.498000000000047, ""observed_duration_s"": 286.0}",render
fm_078,flagged_fm4_mutual_silence_078_V00_S0801_I00000130_P0942_f0000285,V00_S0801_I00000130_P0942,naturalistic/train/0022/0005/V00_S0801_I00000130_P0942,naturalistic/train/0022/0030/V00_S0801_I00000130_P0941,flagged_fm4_mutual_silence,naturalistic,285,V00,naturalistic,train,ipc_conversation,fm4_mutual_silence:only_this_mode,"{""clip_anchored_on_violation"": true, ""flag_count"": 1, ""flags_fired"": ""fm4_mutual_silence"", ""fm1_knee_spread_over_torso_p50"": 0.24557625514308762, ""fm1_leg_over_torso_p50"": 1.411505864529647, ""fm1_shin_verticality_p50"": 0.9958932311218243, ""fm2_in_frame_and_valid_frac"": 1.0, ""fm2_violation_run_max_frames"": 0.0, ""fm2_windowed_pass_frac"": 1.0, ""fm3_static_frac"": 0.7184615384615385, ""fm4_either_speaking_frac"": 0.508553846153845, ""fm4_longest_mutual_silence_s"": 10.468000000000075, ""observed_duration_s"": 130.0}",render
fm_079,flagged_fm4_mutual_silence_079_V00_S0331_I00000477_P0447_f0000107,V00_S0331_I00000477_P0447,naturalistic/train/0008/0005/V00_S0331_I00000477_P0447,naturalistic/train/0008/0026/V00_S0331_I00000477_P0193,flagged_fm4_mutual_silence,naturalistic,107,V00,naturalistic,train,ipc_conversation,fm4_mutual_silence:only_this_mode,"{""clip_anchored_on_violation"": true, ""flag_count"": 1, ""flags_fired"": ""fm4_mutual_silence"", ""fm1_knee_spread_over_torso_p50"": 0.4590162761329163, ""fm1_leg_over_torso_p50"": 1.2413941548729093, ""fm1_shin_verticality_p50"": 0.9996144246402601, ""fm2_in_frame_and_valid_frac"": 1.0, ""fm2_violation_run_max_frames"": 0.0, ""fm2_windowed_pass_frac"": 1.0, ""fm3_static_frac"": 0.6177595628415301, ""fm4_either_speaking_frac"": 0.6612786885245905, ""fm4_longest_mutual_silence_s"": 10.116, ""observed_duration_s"": 122.0}",render
fm_080,flagged_fm4_mutual_silence_080_V00_S0151_I00000515_P0214_f0000956,V00_S0151_I00000515_P0214,naturalistic/train/0003/0033/V00_S0151_I00000515_P0214,naturalistic/train/0003/0040/V00_S0151_I00000515_P0215,flagged_fm4_mutual_silence,naturalistic,956,V00,naturalistic,train,ipc_conversation,fm4_mutual_silence:only_this_mode,"{""clip_anchored_on_violation"": true, ""flag_count"": 1, ""flags_fired"": ""fm4_mutual_silence"", ""fm1_knee_spread_over_torso_p50"": 0.32054394041687667, ""fm1_leg_over_torso_p50"": 1.0964699270205316, ""fm1_shin_verticality_p50"": 0.9977851681734471, ""fm2_in_frame_and_valid_frac"": 1.0, ""fm2_violation_run_max_frames"": 0.0, ""fm2_windowed_pass_frac"": 1.0, ""fm3_static_frac"": 0.6333333333333333, ""fm4_either_speaking_frac"": 0.4308571428571436, ""fm4_longest_mutual_silence_s"": 10.148000000000025, ""observed_duration_s"": 56.0}",render
fm_081,flagged_fm4_mutual_silence_081_V00_S0310_I00000135_P0417_f0003892,V00_S0310_I00000135_P0417,naturalistic/train/0007/0025/V00_S0310_I00000135_P0417,naturalistic/train/0007/0002/V00_S0310_I00000135_P0042,flagged_fm4_mutual_silence,naturalistic,3892,V00,naturalistic,train,collaborative_storytelling,fm4_mutual_silence:only_this_mode,"{""clip_anchored_on_violation"": true, ""flag_count"": 1, ""flags_fired"": ""fm4_mutual_silence"", ""fm1_knee_spread_over_torso_p50"": 0.30769252637480704, ""fm1_leg_over_torso_p50"": 1.0361315306421945, ""fm1_shin_verticality_p50"": 0.9991330630859093, ""fm2_in_frame_and_valid_frac"": 1.0, ""fm2_violation_run_max_frames"": 0.0, ""fm2_windowed_pass_frac"": 1.0, ""fm3_static_frac"": 0.11513157894736842, ""fm4_either_speaking_frac"": 0.74717105263158, ""fm4_longest_mutual_silence_s"": 20.09999999999991, ""observed_duration_s"": 152.0}",render
fm_082,flagged_fm4_mutual_silence_082_V00_S0350_I00000477_P0470_f0001837,V00_S0350_I00000477_P0470,naturalistic/test/0000/0012/V00_S0350_I00000477_P0470,naturalistic/test/0000/0027/V00_S0350_I00000477_P0469,flagged_fm4_mutual_silence,naturalistic,1837,V00,naturalistic,test,ipc_conversation,fm4_mutual_silence:only_this_mode,"{""clip_anchored_on_violation"": true, ""flag_count"": 1, ""flags_fired"": ""fm4_mutual_silence"", ""fm1_knee_spread_over_torso_p50"": 0.33318039299465385, ""fm1_leg_over_torso_p50"": 1.0604844573305967, ""fm1_shin_verticality_p50"": 0.9994801102175281, ""fm2_in_frame_and_valid_frac"": 1.0, ""fm2_violation_run_max_frames"": 0.0, ""fm2_windowed_pass_frac"": 1.0, ""fm3_static_frac"": 0.546124031007752, ""fm4_either_speaking_frac"": 0.31995348837209303, ""fm4_longest_mutual_silence_s"": 23.762, ""observed_duration_s"": 86.0}",render
fm_083,flagged_fm4_mutual_silence_083_V00_S1992_I00000197_P1255_f0004046,V00_S1992_I00000197_P1255,naturalistic/train/0032/0001/V00_S1992_I00000197_P1255,naturalistic/train/0032/0047/V00_S1992_I00000197_P0462,flagged_fm4_mutual_silence,naturalistic,4046,V00,naturalistic,train,ipc_conversation,fm4_mutual_silence:only_this_mode,"{""clip_anchored_on_violation"": true, ""flag_count"": 1, ""flags_fired"": ""fm4_mutual_silence"", ""fm1_knee_spread_over_torso_p50"": 0.2622597956291012, ""fm1_leg_over_torso_p50"": 1.322580467106093, ""fm1_shin_verticality_p50"": 0.9996714362209644, ""fm2_in_frame_and_valid_frac"": 1.0, ""fm2_violation_run_max_frames"": 0.0, ""fm2_windowed_pass_frac"": 1.0, ""fm3_static_frac"": 0.7031963470319634, ""fm4_either_speaking_frac"": 0.5924931506849332, ""fm4_longest_mutual_silence_s"": 10.129999999999995, ""observed_duration_s"": 146.0}",render
fm_084,flagged_fm4_mutual_silence_084_V00_S0169_I00000537_P0150A_f0003653,V00_S0169_I00000537_P0150A,improvised/train/0003/0013/V00_S0169_I00000537_P0150A,improvised/train/0003/0020/V00_S0169_I00000537_P0238,flagged_fm4_mutual_silence,improvised,3653,V00,improvised,train,ipc_conversation,fm4_mutual_silence:only_this_mode,"{""clip_anchored_on_violation"": true, ""flag_count"": 1, ""flags_fired"": ""fm4_mutual_silence"", ""fm1_knee_spread_over_torso_p50"": 0.33956237773163067, ""fm1_leg_over_torso_p50"": 1.6233397280800563, ""fm1_shin_verticality_p50"": 0.9999999999999746, ""fm2_in_frame_and_valid_frac"": 1.0, ""fm2_violation_run_max_frames"": 0.0, ""fm2_windowed_pass_frac"": 1.0, ""fm3_static_frac"": 0.41431623931623934, ""fm4_either_speaking_frac"": 0.5556153846153827, ""fm4_longest_mutual_silence_s"": 33.218000000000075, ""observed_duration_s"": 156.0}",render
fm_085,flagged_fm4_mutual_silence_085_V00_S0045_I00000313_P0067A_f0004339,V00_S0045_I00000313_P0067A,improvised/train/0000/0007/V00_S0045_I00000313_P0067A,improvised/train/0000/0011/V00_S0045_I00000313_P0068,flagged_fm4_mutual_silence,improvised,4339,V00,improvised,train,ipc_conversation,fm4_mutual_silence:only_this_mode,"{""clip_anchored_on_violation"": true, ""flag_count"": 1, ""flags_fired"": ""fm4_mutual_silence"", ""fm1_knee_spread_over_torso_p50"": 0.2807023689216578, ""fm1_leg_over_torso_p50"": 1.091731608871644, ""fm1_shin_verticality_p50"": 0.9999999999999647, ""fm2_in_frame_and_valid_frac"": 1.0, ""fm2_violation_run_max_frames"": 0.0, ""fm2_windowed_pass_frac"": 1.0, ""fm3_static_frac"": 0.666025641025641, ""fm4_either_speaking_frac"": 0.7068846153846118, ""fm4_longest_mutual_silence_s"": 10.353999999999814, ""observed_duration_s"": 156.0}",render
fm_086,flagged_fm4_mutual_silence_086_V00_S0164_I00000377_P0027A_f0004368,V00_S0164_I00000377_P0027A,improvised/train/0003/0034/V00_S0164_I00000377_P0027A,improvised/train/0003/0020/V00_S0164_I00000377_P0234,flagged_fm4_mutual_silence,improvised,4368,V00,improvised,train,ipc_conversation,fm4_mutual_silence:only_this_mode,"{""clip_anchored_on_violation"": true, ""flag_count"": 1, ""flags_fired"": ""fm4_mutual_silence"", ""fm1_knee_spread_over_torso_p50"": 0.49092585614963413, ""fm1_leg_over_torso_p50"": 1.4336409784351924, ""fm1_shin_verticality_p50"": 0.9942070445503987, ""fm2_in_frame_and_valid_frac"": 1.0, ""fm2_violation_run_max_frames"": 0.0, ""fm2_windowed_pass_frac"": 1.0, ""fm3_static_frac"": 0.1350210970464135, ""fm4_either_speaking_frac"": 0.7199999999999971, ""fm4_longest_mutual_silence_s"": 11.410000000000082, ""observed_duration_s"": 158.0}",render
fm_087,flagged_fm4_mutual_silence_087_V00_S1563_I00000663_P0185A_f0010024,V00_S1563_I00000663_P0185A,improvised/train/0037/0014/V00_S1563_I00000663_P0185A,improvised/train/0037/0012/V00_S1563_I00000663_P1148A,flagged_fm4_mutual_silence,improvised,10024,V00,improvised,train,ipc_conversation,fm4_mutual_silence:only_this_mode,"{""clip_anchored_on_violation"": true, ""flag_count"": 1, ""flags_fired"": ""fm4_mutual_silence"", ""fm1_knee_spread_over_torso_p50"": 0.38689541782203496, ""fm1_leg_over_torso_p50"": 1.209478688599368, ""fm1_shin_verticality_p50"": 0.9996144198612866, ""fm2_in_frame_and_valid_frac"": 1.0, ""fm2_violation_run_max_frames"": 0.0, ""fm2_windowed_pass_frac"": 1.0, ""fm3_static_frac"": 0.010873015873015873, ""fm4_either_speaking_frac"": 0.7233380952380956, ""fm4_longest_mutual_silence_s"": 64.29199999999992, ""observed_duration_s"": 420.0}",render
fm_088,flagged_fm4_mutual_silence_088_V00_S0491_I00000785_P0042A_f0001348,V00_S0491_I00000785_P0042A,improvised/train/0010/0050/V00_S0491_I00000785_P0042A,improvised/train/0010/0024/V00_S0491_I00000785_P0626,flagged_fm4_mutual_silence,improvised,1348,V00,improvised,train,grounded_gesture,fm4_mutual_silence:only_this_mode,"{""clip_anchored_on_violation"": true, ""flag_count"": 1, ""flags_fired"": ""fm4_mutual_silence"", ""fm1_knee_spread_over_torso_p50"": 0.2399521469434966, ""fm1_leg_over_torso_p50"": 1.6389366934757463, ""fm1_shin_verticality_p50"": 0.9945054626750784, ""fm2_in_frame_and_valid_frac"": 1.0, ""fm2_violation_run_max_frames"": 0.0, ""fm2_windowed_pass_frac"": 1.0, ""fm3_static_frac"": 0.15919540229885057, ""fm4_either_speaking_frac"": 0.16971034482758898, ""fm4_longest_mutual_silence_s"": 17.699999999999818, ""observed_duration_s"": 290.0}",render
fm_089,flagged_fm4_mutual_silence_089_V00_S1408_I00000526_P1103A_f0002737,V00_S1408_I00000526_P1103A,improvised/train/0032/0015/V00_S1408_I00000526_P1103A,improvised/train/0032/0000/V00_S1408_I00000526_P0476,flagged_fm4_mutual_silence,improvised,2737,V00,improvised,train,grounded_gesture,fm4_mutual_silence:only_this_mode,"{""clip_anchored_on_violation"": true, ""flag_count"": 1, ""flags_fired"": ""fm4_mutual_silence"", ""fm1_knee_spread_over_torso_p50"": 0.4615384827918899, ""fm1_leg_over_torso_p50"": 0.9999995826992227, ""fm1_shin_verticality_p50"": 0.9993628559758063, ""fm2_in_frame_and_valid_frac"": 1.0, ""fm2_violation_run_max_frames"": 0.0, ""fm2_windowed_pass_frac"": 1.0, ""fm3_static_frac"": 0.6140845070422535, ""fm4_either_speaking_frac"": 0.2132957746478874, ""fm4_longest_mutual_silence_s"": 13.892000000000053, ""observed_duration_s"": 142.0}",render
fm_090,flagged_fm4_mutual_silence_090_V00_S0981_I00000527_P0845A_f0003504,V00_S0981_I00000527_P0845A,improvised/train/0020/0031/V00_S0981_I00000527_P0845A,improvised/train/0020/0034/V00_S0981_I00000527_P1049,flagged_fm4_mutual_silence,improvised,3504,V00,improvised,train,grounded_gesture,fm4_mutual_silence:only_this_mode,"{""clip_anchored_on_violation"": true, ""flag_count"": 1, ""flags_fired"": ""fm4_mutual_silence"", ""fm1_knee_spread_over_torso_p50"": 0.3278250079716686, ""fm1_leg_over_torso_p50"": 1.278622315970667, ""fm1_shin_verticality_p50"": 0.9996349691030348, ""fm2_in_frame_and_valid_frac"": 1.0, ""fm2_violation_run_max_frames"": 0.0, ""fm2_windowed_pass_frac"": 1.0, ""fm3_static_frac"": 0.5606060606060606, ""fm4_either_speaking_frac"": 0.1943522727272683, ""fm4_longest_mutual_silence_s"": 18.56399999999985, ""observed_duration_s"": 176.0}",render
fm_091,flagged_fm4_mutual_silence_091_V00_S2034_I00000719_P1289A_f0006605,V00_S2034_I00000719_P1289A,improvised/train/0049/0019/V00_S2034_I00000719_P1289A,improvised/train/0049/0021/V00_S2034_I00000719_P1291A,flagged_fm4_mutual_silence,improvised,6605,V00,improvised,train,ipc_conversation,fm4_mutual_silence:only_this_mode,"{""clip_anchored_on_violation"": true, ""flag_count"": 1, ""flags_fired"": ""fm4_mutual_silence"", ""fm1_knee_spread_over_torso_p50"": 0.30490957220259773, ""fm1_leg_over_torso_p50"": 1.233612444254554, ""fm1_shin_verticality_p50"": 0.9982743697892431, ""fm2_in_frame_and_valid_frac"": 1.0, ""fm2_violation_run_max_frames"": 0.0, ""fm2_windowed_pass_frac"": 1.0, ""fm3_static_frac"": 0.16825396825396827, ""fm4_either_speaking_frac"": 0.7835873015873009, ""fm4_longest_mutual_silence_s"": 14.148000000000025, ""observed_duration_s"": 252.0}",render
fm_092,flagged_fm4_mutual_silence_092_V00_S1163_I00001061_P0878A_f0001041,V00_S1163_I00001061_P0878A,improvised/train/0025/0039/V00_S1163_I00001061_P0878A,improvised/train/0025/0017/V00_S1163_I00001061_P0012,flagged_fm4_mutual_silence,improvised,1041,V00,improvised,train,ipc_conversation,fm4_mutual_silence:only_this_mode,"{""clip_anchored_on_violation"": true, ""flag_count"": 1, ""flags_fired"": ""fm4_mutual_silence"", ""fm1_knee_spread_over_torso_p50"": 0.47595071624779767, ""fm1_leg_over_torso_p50"": 1.0153844354763992, ""fm1_shin_verticality_p50"": 1.0, ""fm2_in_frame_and_valid_frac"": 1.0, ""fm2_violation_run_max_frames"": 0.0, ""fm2_windowed_pass_frac"": 1.0, ""fm3_static_frac"": 0.6603082851637765, ""fm4_either_speaking_frac"": 0.7654913294797693, ""fm4_longest_mutual_silence_s"": 22.051999999999992, ""observed_duration_s"": 346.0}",render
fm_093,flagged_fm4_mutual_silence_093_V00_S0884_I00000375_P0967_f0004050,V00_S0884_I00000375_P0967,improvised/train/0018/0038/V00_S0884_I00000375_P0967,improvised/train/0018/0044/V00_S0884_I00000375_P0028A,flagged_fm4_mutual_silence,improvised,4050,V00,improvised,train,ipc_conversation,fm4_mutual_silence:only_this_mode,"{""clip_anchored_on_violation"": true, ""flag_count"": 1, ""flags_fired"": ""fm4_mutual_silence"", ""fm1_knee_spread_over_torso_p50"": 0.3174205967596859, ""fm1_leg_over_torso_p50"": 1.2611249971146452, ""fm1_shin_verticality_p50"": 0.9984603364174391, ""fm2_in_frame_and_valid_frac"": 1.0, ""fm2_violation_run_max_frames"": 0.0, ""fm2_windowed_pass_frac"": 1.0, ""fm3_static_frac"": 0.0009009009009009009, ""fm4_either_speaking_frac"": 0.8194324324324329, ""fm4_longest_mutual_silence_s"": 12.001999999999953, ""observed_duration_s"": 148.0}",render
fm_094,flagged_fm4_mutual_silence_094_V00_S0234_I00000536_P0320_f0004996,V00_S0234_I00000536_P0320,improvised/train/0005/0014/V00_S0234_I00000536_P0320,improvised/train/0005/0003/V00_S0234_I00000536_P0150A,flagged_fm4_mutual_silence,improvised,4996,V00,improvised,train,ipc_conversation,fm4_mutual_silence:only_this_mode,"{""clip_anchored_on_violation"": true, ""flag_count"": 1, ""flags_fired"": ""fm4_mutual_silence"", ""fm1_knee_spread_over_torso_p50"": 0.13791070748775555, ""fm1_leg_over_torso_p50"": 1.2933700836867503, ""fm1_shin_verticality_p50"": 0.983869870196928, ""fm2_in_frame_and_valid_frac"": 1.0, ""fm2_violation_run_max_frames"": 0.0, ""fm2_windowed_pass_frac"": 1.0, ""fm3_static_frac"": 0.1429553264604811, ""fm4_either_speaking_frac"": 0.7419587628865965, ""fm4_longest_mutual_silence_s"": 26.466000000000008, ""observed_duration_s"": 194.0}",render
fm_095,flagged_fm4_mutual_silence_095_V00_S0877_I00000535_P0989_f0004255,V00_S0877_I00000535_P0989,improvised/train/0018/0002/V00_S0877_I00000535_P0989,improvised/train/0018/0011/V00_S0877_I00000535_P0028A,flagged_fm4_mutual_silence,improvised,4255,V00,improvised,train,ipc_conversation,fm4_mutual_silence:only_this_mode,"{""clip_anchored_on_violation"": true, ""flag_count"": 1, ""flags_fired"": ""fm4_mutual_silence"", ""fm1_knee_spread_over_torso_p50"": 0.36853347417768656, ""fm1_leg_over_torso_p50"": 1.0616500631721473, ""fm1_shin_verticality_p50"": 1.0, ""fm2_in_frame_and_valid_frac"": 1.0, ""fm2_violation_run_max_frames"": 0.0, ""fm2_windowed_pass_frac"": 1.0, ""fm3_static_frac"": 0.7356540084388186, ""fm4_either_speaking_frac"": 0.7223924050632912, ""fm4_longest_mutual_silence_s"": 15.153999999999996, ""observed_duration_s"": 158.0}",render
fm_096,flagged_multi_096_V00_S0285_I00000484_P0386_f0002092,V00_S0285_I00000484_P0386,naturalistic/train/0007/0013/V00_S0285_I00000484_P0386,naturalistic/train/0007/0015/V00_S0285_I00000484_P0387,flagged_multi,naturalistic,2092,V00,naturalistic,train,ipc_conversation,multiple_modes,"{""clip_anchored_on_violation"": false, ""flag_count"": 2, ""flags_fired"": ""fm2_framing+fm4_mutual_silence"", ""fm1_knee_spread_over_torso_p50"": 0.4370202265406747, ""fm1_leg_over_torso_p50"": 1.127493136578722, ""fm1_shin_verticality_p50"": 0.9982743716257492, ""fm2_in_frame_and_valid_frac"": 0.9993371212121213, ""fm2_violation_run_max_frames"": 7.0, ""fm2_windowed_pass_frac"": 0.9714285714285714, ""fm3_static_frac"": 0.4028409090909091, ""fm4_either_speaking_frac"": 0.6708181818181803, ""fm4_longest_mutual_silence_s"": 10.692000000000007, ""observed_duration_s"": 352.0}",render
fm_097,flagged_multi_097_V00_S0176_I00000126_P0119_f0000408,V00_S0176_I00000126_P0119,naturalistic/train/0003/0008/V00_S0176_I00000126_P0119,naturalistic/train/0003/0023/V00_S0176_I00000126_P0242,flagged_multi,naturalistic,408,V00,naturalistic,train,ipc_conversation,multiple_modes,"{""clip_anchored_on_violation"": false, ""flag_count"": 2, ""flags_fired"": ""fm2_framing+fm4_mutual_silence"", ""fm1_knee_spread_over_torso_p50"": 0.5079365895469392, ""fm1_leg_over_torso_p50"": 1.0040195196847135, ""fm1_shin_verticality_p50"": 0.9950371757674241, ""fm2_in_frame_and_valid_frac"": 0.9660416666666667, ""fm2_violation_run_max_frames"": 87.0, ""fm2_windowed_pass_frac"": 0.875, ""fm3_static_frac"": 0.440625, ""fm4_either_speaking_frac"": 0.5850250000000002, ""fm4_longest_mutual_silence_s"": 16.92999999999995, ""observed_duration_s"": 160.0}",render
fm_098,flagged_multi_098_V00_S1921_I00000264_P1209_f0007937,V00_S1921_I00000264_P1209,naturalistic/train/0030/0027/V00_S1921_I00000264_P1209,naturalistic/train/0030/0004/V00_S1921_I00000264_P1211,flagged_multi,naturalistic,7937,V00,naturalistic,train,ipc_conversation,multiple_modes,"{""clip_anchored_on_violation"": false, ""flag_count"": 2, ""flags_fired"": ""fm1_sitting+fm2_framing"", ""fm1_knee_spread_over_torso_p50"": 1.1611396501105395, ""fm1_leg_over_torso_p50"": 1.0452701113346674, ""fm1_shin_verticality_p50"": 0.9936052746989277, ""fm2_in_frame_and_valid_frac"": 0.9899782135076253, ""fm2_violation_run_max_frames"": 60.0, ""fm2_windowed_pass_frac"": 0.9333333333333333, ""fm3_static_frac"": 0.6270152505446623, ""fm4_either_speaking_frac"": 0.8728300653594777, ""fm4_longest_mutual_silence_s"": 3.2360000000000184, ""observed_duration_s"": 306.0}",render
fm_099,flagged_multi_099_V00_S0288_I00000125_P0390_f0001049,V00_S0288_I00000125_P0390,naturalistic/train/0007/0006/V00_S0288_I00000125_P0390,naturalistic/train/0007/0011/V00_S0288_I00000125_P0391,flagged_multi,naturalistic,1049,V00,naturalistic,train,ipc_conversation,multiple_modes,"{""clip_anchored_on_violation"": false, ""flag_count"": 2, ""flags_fired"": ""fm3_static_hands+fm4_mutual_silence"", ""fm1_knee_spread_over_torso_p50"": 0.557318785539126, ""fm1_leg_over_torso_p50"": 0.9300416908596426, ""fm1_shin_verticality_p50"": 0.9946917797054784, ""fm2_in_frame_and_valid_frac"": 1.0, ""fm2_violation_run_max_frames"": 0.0, ""fm2_windowed_pass_frac"": 1.0, ""fm3_static_frac"": 0.9936507936507937, ""fm4_either_speaking_frac"": 0.4797380952380963, ""fm4_longest_mutual_silence_s"": 14.193999999999988, ""observed_duration_s"": 84.0}",render
fm_100,flagged_multi_100_V00_S0504_I00000520_P0572_f0004164,V00_S0504_I00000520_P0572,naturalistic/train/0014/0009/V00_S0504_I00000520_P0572,naturalistic/train/0014/0037/V00_S0504_I00000520_P0047,flagged_multi,naturalistic,4164,V00,naturalistic,train,grounded_gesture,multiple_modes,"{""clip_anchored_on_violation"": false, ""flag_count"": 2, ""flags_fired"": ""fm2_framing+fm4_mutual_silence"", ""fm1_knee_spread_over_torso_p50"": 0.3999523989688548, ""fm1_leg_over_torso_p50"": 1.0153467357144654, ""fm1_shin_verticality_p50"": 0.9993628503615644, ""fm2_in_frame_and_valid_frac"": 0.9449227373068433, ""fm2_violation_run_max_frames"": 147.0, ""fm2_windowed_pass_frac"": 0.7, ""fm3_static_frac"": 0.15849889624724062, ""fm4_either_speaking_frac"": 0.4204701986754996, ""fm4_longest_mutual_silence_s"": 10.211999999999989, ""observed_duration_s"": 302.0}",render
fm_101,flagged_multi_101_V00_S1771_I00000108_P0509_f0001855,V00_S1771_I00000108_P0509,naturalistic/train/0028/0023/V00_S1771_I00000108_P0509,naturalistic/train/0028/0017/V00_S1771_I00000108_P0332,flagged_multi,naturalistic,1855,V00,naturalistic,train,ipc_conversation,multiple_modes,"{""clip_anchored_on_violation"": false, ""flag_count"": 2, ""flags_fired"": ""fm3_static_hands+fm4_mutual_silence"", ""fm1_knee_spread_over_torso_p50"": 0.508401485078785, ""fm1_leg_over_torso_p50"": 1.3980461845508434, ""fm1_shin_verticality_p50"": 0.997199296911438, ""fm2_in_frame_and_valid_frac"": 1.0, ""fm2_violation_run_max_frames"": 0.0, ""fm2_windowed_pass_frac"": 1.0, ""fm3_static_frac"": 0.9384469696969697, ""fm4_either_speaking_frac"": 0.669420454545448, ""fm4_longest_mutual_silence_s"": 14.467999999999961, ""observed_duration_s"": 176.0}",render
fm_102,flagged_multi_102_V00_S0422_I00000497_P0556_f0004736,V00_S0422_I00000497_P0556,naturalistic/train/0011/0026/V00_S0422_I00000497_P0556,naturalistic/train/0011/0036/V00_S0422_I00000497_P0557,flagged_multi,naturalistic,4736,V00,naturalistic,train,grounded_gesture,multiple_modes,"{""clip_anchored_on_violation"": false, ""flag_count"": 2, ""flags_fired"": ""fm2_framing+fm4_mutual_silence"", ""fm1_knee_spread_over_torso_p50"": 0.3384614884366218, ""fm1_leg_over_torso_p50"": 1.061524188762168, ""fm1_shin_verticality_p50"": 0.9994449116619353, ""fm2_in_frame_and_valid_frac"": 0.9785403050108933, ""fm2_violation_run_max_frames"": 59.0, ""fm2_windowed_pass_frac"": 0.6333333333333333, ""fm3_static_frac"": 0.33061002178649235, ""fm4_either_speaking_frac"": 0.2651111111111045, ""fm4_longest_mutual_silence_s"": 41.0920000000001, ""observed_duration_s"": 306.0}",render
fm_103,flagged_multi_103_V00_S0318_I00000488_P0089_f0001829,V00_S0318_I00000488_P0089,naturalistic/train/0008/0013/V00_S0318_I00000488_P0089,naturalistic/train/0008/0007/V00_S0318_I00000488_P0430,flagged_multi,naturalistic,1829,V00,naturalistic,train,ipc_conversation,multiple_modes,"{""clip_anchored_on_violation"": false, ""flag_count"": 2, ""flags_fired"": ""fm2_framing+fm4_mutual_silence"", ""fm1_knee_spread_over_torso_p50"": 0.46660184954580297, ""fm1_leg_over_torso_p50"": 1.2263535002741124, ""fm1_shin_verticality_p50"": 0.992277890399392, ""fm2_in_frame_and_valid_frac"": 0.999290780141844, ""fm2_violation_run_max_frames"": 4.0, ""fm2_windowed_pass_frac"": 0.9444444444444444, ""fm3_static_frac"": 0.021631205673758865, ""fm4_either_speaking_frac"": 0.7351489361702012, ""fm4_longest_mutual_silence_s"": 13.121999999999844, ""observed_duration_s"": 188.0}",render
fm_104,flagged_multi_104_V00_S1803_I00000688_P0893A_f0002633,V00_S1803_I00000688_P0893A,improvised/train/0045/0049/V00_S1803_I00000688_P0893A,improvised/train/0045/0006/V00_S1803_I00000688_P1106A,flagged_multi,improvised,2633,V00,improvised,train,grounded_gesture,multiple_modes,"{""clip_anchored_on_violation"": false, ""flag_count"": 2, ""flags_fired"": ""fm2_framing+fm4_mutual_silence"", ""fm1_knee_spread_over_torso_p50"": 0.4261721991342724, ""fm1_leg_over_torso_p50"": 1.2831546635223305, ""fm1_shin_verticality_p50"": 0.999653926005081, ""fm2_in_frame_and_valid_frac"": 0.9853046594982079, ""fm2_violation_run_max_frames"": 81.0, ""fm2_windowed_pass_frac"": 0.8888888888888888, ""fm3_static_frac"": 0.03530465949820789, ""fm4_either_speaking_frac"": 0.30121505376343755, ""fm4_longest_mutual_silence_s"": 14.115999999999985, ""observed_duration_s"": 186.0}",render
fm_105,flagged_multi_105_V00_S0721_I00000956_P0359A_f0009564,V00_S0721_I00000956_P0359A,improvised/train/0014/0047/V00_S0721_I00000956_P0359A,improvised/train/0014/0054/V00_S0721_I00000956_P0196A,flagged_multi,improvised,9564,V00,improvised,train,ipc_conversation,multiple_modes,"{""clip_anchored_on_violation"": false, ""flag_count"": 2, ""flags_fired"": ""fm2_framing+fm4_mutual_silence"", ""fm1_knee_spread_over_torso_p50"": 0.4411288924609556, ""fm1_leg_over_torso_p50"": 1.0571819609855375, ""fm1_shin_verticality_p50"": 0.9994449113209893, ""fm2_in_frame_and_valid_frac"": 0.9878661087866109, ""fm2_violation_run_max_frames"": 26.0, ""fm2_windowed_pass_frac"": 0.7872340425531915, ""fm3_static_frac"": 0.02705718270571827, ""fm4_either_speaking_frac"": 0.7223096234309597, ""fm4_longest_mutual_silence_s"": 50.78600000000006, ""observed_duration_s"": 478.0}",render
fm_106,flagged_multi_106_V00_S0238_I00000542_P0316_f0001103,V00_S0238_I00000542_P0316,improvised/train/0005/0028/V00_S0238_I00000542_P0316,improvised/train/0005/0039/V00_S0238_I00000542_P0150A,flagged_multi,improvised,1103,V00,improvised,train,ipc_conversation,multiple_modes,"{""clip_anchored_on_violation"": false, ""flag_count"": 2, ""flags_fired"": ""fm3_static_hands+fm4_mutual_silence"", ""fm1_knee_spread_over_torso_p50"": 0.3491624508002013, ""fm1_leg_over_torso_p50"": 1.1904318807223415, ""fm1_shin_verticality_p50"": 0.9999999999999759, ""fm2_in_frame_and_valid_frac"": 1.0, ""fm2_violation_run_max_frames"": 0.0, ""fm2_windowed_pass_frac"": 1.0, ""fm3_static_frac"": 0.7763440860215054, ""fm4_either_speaking_frac"": 0.6640322580645301, ""fm4_longest_mutual_silence_s"": 10.72199999999998, ""observed_duration_s"": 124.0}",render
fm_107,flagged_multi_107_V00_S0172_I00000543_P0012_f0004146,V00_S0172_I00000543_P0012,improvised/train/0004/0034/V00_S0172_I00000543_P0012,improvised/train/0004/0023/V00_S0172_I00000543_P0027A,flagged_multi,improvised,4146,V00,improvised,train,grounded_gesture,multiple_modes,"{""clip_anchored_on_violation"": false, ""flag_count"": 3, ""flags_fired"": ""fm2_framing+fm3_static_hands+fm4_mutual_silence"", ""fm1_knee_spread_over_torso_p50"": 0.25886011409236653, ""fm1_leg_over_torso_p50"": 1.428308016360213, ""fm1_shin_verticality_p50"": 0.9986178247796202, ""fm2_in_frame_and_valid_frac"": 0.9887125220458554, ""fm2_violation_run_max_frames"": 38.0, ""fm2_windowed_pass_frac"": 0.7027027027027027, ""fm3_static_frac"": 0.777336860670194, ""fm4_either_speaking_frac"": 0.40768783068782827, ""fm4_longest_mutual_silence_s"": 17.347999999999956, ""observed_duration_s"": 378.0}",render
fm_108,flagged_multi_108_V00_S1531_I00001211_P1149A_f0004328,V00_S1531_I00001211_P1149A,improvised/train/0036/0058/V00_S1531_I00001211_P1149A,improvised/train/0036/0039/V00_S1531_I00001211_P0059A,flagged_multi,improvised,4328,V00,improvised,train,ipc_conversation,multiple_modes,"{""clip_anchored_on_violation"": false, ""flag_count"": 2, ""flags_fired"": ""fm2_framing+fm4_mutual_silence"", ""fm1_knee_spread_over_torso_p50"": 0.38651297665616274, ""fm1_leg_over_torso_p50"": 0.976437803744209, ""fm1_shin_verticality_p50"": 0.9943091771007051, ""fm2_in_frame_and_valid_frac"": 0.9631172839506172, ""fm2_violation_run_max_frames"": 74.0, ""fm2_windowed_pass_frac"": 0.7142857142857143, ""fm3_static_frac"": 0.01712962962962963, ""fm4_either_speaking_frac"": 0.765777777777771, ""fm4_longest_mutual_silence_s"": 12.548000000000002, ""observed_duration_s"": 216.0}",render
fm_109,flagged_multi_109_V00_S0326_I00000520_P0442_f0000691,V00_S0326_I00000520_P0442,improvised/train/0007/0034/V00_S0326_I00000520_P0442,improvised/train/0007/0010/V00_S0326_I00000520_P0026A,flagged_multi,improvised,691,V00,improvised,train,grounded_gesture,multiple_modes,"{""clip_anchored_on_violation"": false, ""flag_count"": 2, ""flags_fired"": ""fm2_framing+fm4_mutual_silence"", ""fm1_knee_spread_over_torso_p50"": 0.2856687022464713, ""fm1_leg_over_torso_p50"": 1.441046357877276, ""fm1_shin_verticality_p50"": 0.9958932064677039, ""fm2_in_frame_and_valid_frac"": 0.9734335839598998, ""fm2_violation_run_max_frames"": 62.0, ""fm2_windowed_pass_frac"": 0.7692307692307693, ""fm3_static_frac"": 0.5993964541682384, ""fm4_either_speaking_frac"": 0.14834586466165683, ""fm4_longest_mutual_silence_s"": 45.37799999999993, ""observed_duration_s"": 266.0}",render
fm_110,flagged_multi_110_V00_S1303_I00001204_P0682A_f0011082,V00_S1303_I00001204_P0682A,improvised/train/0029/0009/V00_S1303_I00001204_P0682A,improvised/train/0029/0006/V00_S1303_I00001204_P0241A,flagged_multi,improvised,11082,V00,improvised,train,ipc_conversation,multiple_modes,"{""clip_anchored_on_violation"": false, ""flag_count"": 2, ""flags_fired"": ""fm2_framing+fm4_mutual_silence"", ""fm1_knee_spread_over_torso_p50"": 0.25000007470531793, ""fm1_leg_over_torso_p50"": 1.482873745431089, ""fm1_shin_verticality_p50"": 0.998752345195163, ""fm2_in_frame_and_valid_frac"": 0.9666666666666667, ""fm2_violation_run_max_frames"": 302.0, ""fm2_windowed_pass_frac"": 0.9512195121951219, ""fm3_static_frac"": 0.2160992734100743, ""fm4_either_speaking_frac"": 0.7677129186602871, ""fm4_longest_mutual_silence_s"": 13.730000000000018, ""observed_duration_s"": 418.0}",render
fm_111,flagged_multi_111_V00_S1104_I00001229_P0845A_f0005660,V00_S1104_I00001229_P0845A,improvised/train/0024/0008/V00_S1104_I00001229_P0845A,improvised/train/0024/0045/V00_S1104_I00001229_P0328A,flagged_multi,improvised,5660,V00,improvised,train,ipc_conversation,multiple_modes,"{""clip_anchored_on_violation"": false, ""flag_count"": 2, ""flags_fired"": ""fm3_static_hands+fm4_mutual_silence"", ""fm1_knee_spread_over_torso_p50"": 0.3323810251254763, ""fm1_leg_over_torso_p50"": 1.0587715716687425, ""fm1_shin_verticality_p50"": 0.9995120688414582, ""fm2_in_frame_and_valid_frac"": 1.0, ""fm2_violation_run_max_frames"": 0.0, ""fm2_windowed_pass_frac"": 1.0, ""fm3_static_frac"": 0.8890070921985815, ""fm4_either_speaking_frac"": 0.6230638297872314, ""fm4_longest_mutual_silence_s"": 16.802000000000135, ""observed_duration_s"": 282.0}",render
fm_112,pass_naturalistic_112_V00_S0101_I00000495_P0149_f0002305,V00_S0101_I00000495_P0149,naturalistic/train/0001/0001/V00_S0101_I00000495_P0149,naturalistic/train/0001/0009/V00_S0101_I00000495_P0148,pass_naturalistic,naturalistic,2305,V00,naturalistic,train,ipc_conversation,random draw from clips passing all four,"{""clip_anchored_on_violation"": false, ""flag_count"": 0, ""flags_fired"": """", ""fm1_knee_spread_over_torso_p50"": 0.28070182557166456, ""fm1_leg_over_torso_p50"": 1.3390897852442256, ""fm1_shin_verticality_p50"": 0.9996349670342075, ""fm2_in_frame_and_valid_frac"": 1.0, ""fm2_violation_run_max_frames"": 0.0, ""fm2_windowed_pass_frac"": 1.0, ""fm3_static_frac"": 0.007004830917874396, ""fm4_either_speaking_frac"": 0.7693478260869554, ""fm4_longest_mutual_silence_s"": 6.8840000000000146, ""observed_duration_s"": 138.0}",render
fm_113,pass_naturalistic_113_V00_S0242_I00000486_P0328_f0001819,V00_S0242_I00000486_P0328,naturalistic/train/0005/0033/V00_S0242_I00000486_P0328,naturalistic/train/0005/0021/V00_S0242_I00000486_P0329,pass_naturalistic,naturalistic,1819,V00,naturalistic,train,ipc_conversation,random draw from clips passing all four,"{""clip_anchored_on_violation"": false, ""flag_count"": 0, ""flags_fired"": """", ""fm1_knee_spread_over_torso_p50"": 0.39994456672878975, ""fm1_leg_over_torso_p50"": 1.2497501100863764, ""fm1_shin_verticality_p50"": 0.9995920864606946, ""fm2_in_frame_and_valid_frac"": 1.0, ""fm2_violation_run_max_frames"": 0.0, ""fm2_windowed_pass_frac"": 1.0, ""fm3_static_frac"": 0.041666666666666664, ""fm4_either_speaking_frac"": 0.7442222222222136, ""fm4_longest_mutual_silence_s"": 9.041999999999916, ""observed_duration_s"": 72.0}",render
fm_114,pass_naturalistic_114_V00_S0180_I00000482_P0047_f0008128,V00_S0180_I00000482_P0047,naturalistic/train/0004/0010/V00_S0180_I00000482_P0047,naturalistic/train/0004/0033/V00_S0180_I00000482_P0247,pass_naturalistic,naturalistic,8128,V00,naturalistic,train,ipc_conversation,random draw from clips passing all four,"{""clip_anchored_on_violation"": false, ""flag_count"": 0, ""flags_fired"": """", ""fm1_knee_spread_over_torso_p50"": 0.3859057363114615, ""fm1_leg_over_torso_p50"": 1.1288309296811403, ""fm1_shin_verticality_p50"": 0.9981684909858274, ""fm2_in_frame_and_valid_frac"": 1.0, ""fm2_violation_run_max_frames"": 0.0, ""fm2_windowed_pass_frac"": 1.0, ""fm3_static_frac"": 0.14278131634819533, ""fm4_either_speaking_frac"": 0.835006369426756, ""fm4_longest_mutual_silence_s"": 4.900000000000091, ""observed_duration_s"": 314.0}",render
fm_115,pass_naturalistic_115_V00_S0244_I00000483_P0333_f0002590,V00_S0244_I00000483_P0333,naturalistic/train/0005/0036/V00_S0244_I00000483_P0333,naturalistic/train/0005/0035/V00_S0244_I00000483_P0332,pass_naturalistic,naturalistic,2590,V00,naturalistic,train,ipc_conversation,random draw from clips passing all four,"{""clip_anchored_on_violation"": false, ""flag_count"": 0, ""flags_fired"": """", ""fm1_knee_spread_over_torso_p50"": 0.3276927869642051, ""fm1_leg_over_torso_p50"": 1.131320336902664, ""fm1_shin_verticality_p50"": 0.9980525748109575, ""fm2_in_frame_and_valid_frac"": 1.0, ""fm2_violation_run_max_frames"": 0.0, ""fm2_windowed_pass_frac"": 1.0, ""fm3_static_frac"": 0.36666666666666664, ""fm4_either_speaking_frac"": 0.7994629629629618, ""fm4_longest_mutual_silence_s"": 3.651999999999589, ""observed_duration_s"": 216.0}",render
fm_116,pass_naturalistic_116_V00_S0317_I00000478_P0428_f0003196,V00_S0317_I00000478_P0428,naturalistic/train/0007/0010/V00_S0317_I00000478_P0428,naturalistic/train/0007/0035/V00_S0317_I00000478_P0360,pass_naturalistic,naturalistic,3196,V00,naturalistic,train,ipc_conversation,random draw from clips passing all four,"{""clip_anchored_on_violation"": false, ""flag_count"": 0, ""flags_fired"": """", ""fm1_knee_spread_over_torso_p50"": 0.2944495475609856, ""fm1_leg_over_torso_p50"": 1.2474527724577407, ""fm1_shin_verticality_p50"": 0.9999999999999676, ""fm2_in_frame_and_valid_frac"": 1.0, ""fm2_violation_run_max_frames"": 0.0, ""fm2_windowed_pass_frac"": 1.0, ""fm3_static_frac"": 0.000273224043715847, ""fm4_either_speaking_frac"": 0.8023770491803296, ""fm4_longest_mutual_silence_s"": 2.532000000000039, ""observed_duration_s"": 122.0}",render
fm_117,pass_naturalistic_117_V00_S0933_I00000371_P1026_f0000585,V00_S0933_I00000371_P1026,naturalistic/train/0024/0035/V00_S0933_I00000371_P1026,naturalistic/train/0024/0024/V00_S0933_I00000371_P0144,pass_naturalistic,naturalistic,585,V00,naturalistic,train,ipc_conversation,random draw from clips passing all four,"{""clip_anchored_on_violation"": false, ""flag_count"": 0, ""flags_fired"": """", ""fm1_knee_spread_over_torso_p50"": 0.3386598990623638, ""fm1_leg_over_torso_p50"": 1.6280661088966997, ""fm1_shin_verticality_p50"": 1.0, ""fm2_in_frame_and_valid_frac"": 1.0, ""fm2_violation_run_max_frames"": 0.0, ""fm2_windowed_pass_frac"": 1.0, ""fm3_static_frac"": 0.6323899371069183, ""fm4_either_speaking_frac"": 0.7188490566037741, ""fm4_longest_mutual_silence_s"": 6.883999999999986, ""observed_duration_s"": 106.0}",render
fm_118,pass_naturalistic_118_V00_S1426_I00000401_P0460_f0004904,V00_S1426_I00000401_P0460,naturalistic/train/0027/0007/V00_S1426_I00000401_P0460,naturalistic/train/0027/0005/V00_S1426_I00000401_P1135,pass_naturalistic,naturalistic,4904,V00,naturalistic,train,ipc_conversation,random draw from clips passing all four,"{""clip_anchored_on_violation"": false, ""flag_count"": 0, ""flags_fired"": """", ""fm1_knee_spread_over_torso_p50"": 0.3332868238774168, ""fm1_leg_over_torso_p50"": 1.3275863997246768, ""fm1_shin_verticality_p50"": 0.9997026866083643, ""fm2_in_frame_and_valid_frac"": 1.0, ""fm2_violation_run_max_frames"": 0.0, ""fm2_windowed_pass_frac"": 1.0, ""fm3_static_frac"": 0.01634199134199134, ""fm4_either_speaking_frac"": 0.7593311688311689, ""fm4_longest_mutual_silence_s"": 9.027999999999963, ""observed_duration_s"": 308.0}",render
fm_119,pass_naturalistic_119_V00_S0050_I00000128_P0077_f0000502,V00_S0050_I00000128_P0077,naturalistic/train/0000/0025/V00_S0050_I00000128_P0077,naturalistic/train/0000/0020/V00_S0050_I00000128_P0078,pass_naturalistic,naturalistic,502,V00,naturalistic,train,ipc_conversation,random draw from clips passing all four,"{""clip_anchored_on_violation"": false, ""flag_count"": 0, ""flags_fired"": """", ""fm1_knee_spread_over_torso_p50"": 0.3099302745406013, ""fm1_leg_over_torso_p50"": 1.3272551334049003, ""fm1_shin_verticality_p50"": 0.9918816714097367, ""fm2_in_frame_and_valid_frac"": 1.0, ""fm2_violation_run_max_frames"": 0.0, ""fm2_windowed_pass_frac"": 1.0, ""fm3_static_frac"": 0.7166666666666667, ""fm4_either_speaking_frac"": 0.635529411764706, ""fm4_longest_mutual_silence_s"": 9.857999999999947, ""observed_duration_s"": 68.0}",render
fm_120,pass_naturalistic_120_V00_S0395_I00000140_P0527_f0003681,V00_S0395_I00000140_P0527,naturalistic/train/0010/0000/V00_S0395_I00000140_P0527,naturalistic/train/0010/0042/V00_S0395_I00000140_P0383,pass_naturalistic,naturalistic,3681,V00,naturalistic,train,ipc_conversation,random draw from clips passing all four,"{""clip_anchored_on_violation"": false, ""flag_count"": 0, ""flags_fired"": """", ""fm1_knee_spread_over_torso_p50"": 0.46640794021204435, ""fm1_leg_over_torso_p50"": 1.3840447419139656, ""fm1_shin_verticality_p50"": 0.9996714242427083, ""fm2_in_frame_and_valid_frac"": 1.0, ""fm2_violation_run_max_frames"": 0.0, ""fm2_windowed_pass_frac"": 1.0, ""fm3_static_frac"": 0.47719298245614034, ""fm4_either_speaking_frac"": 0.8107894736842067, ""fm4_longest_mutual_silence_s"": 3.300000000000182, ""observed_duration_s"": 190.0}",render
fm_121,pass_naturalistic_121_V00_S0708_I00000515_P0866_f0000228,V00_S0708_I00000515_P0866,naturalistic/train/0020/0017/V00_S0708_I00000515_P0866,naturalistic/train/0020/0005/V00_S0708_I00000515_P0864,pass_naturalistic,naturalistic,228,V00,naturalistic,train,ipc_conversation,random draw from clips passing all four,"{""clip_anchored_on_violation"": false, ""flag_count"": 0, ""flags_fired"": """", ""fm1_knee_spread_over_torso_p50"": 0.3389830529435358, ""fm1_leg_over_torso_p50"": 1.2206338077233054, ""fm1_shin_verticality_p50"": 0.9995920815893667, ""fm2_in_frame_and_valid_frac"": 1.0, ""fm2_violation_run_max_frames"": 0.0, ""fm2_windowed_pass_frac"": 1.0, ""fm3_static_frac"": 0.2076388888888889, ""fm4_either_speaking_frac"": 0.6641875000000006, ""fm4_longest_mutual_silence_s"": 5.347999999999956, ""observed_duration_s"": 96.0}",render
fm_122,pass_naturalistic_122_V00_S0503_I00000381_P0120_f0001224,V00_S0503_I00000381_P0120,naturalistic/train/0013/0027/V00_S0503_I00000381_P0120,naturalistic/train/0013/0012/V00_S0503_I00000381_P0645,pass_naturalistic,naturalistic,1224,V00,naturalistic,train,ipc_conversation,random draw from clips passing all four,"{""clip_anchored_on_violation"": false, ""flag_count"": 0, ""flags_fired"": """", ""fm1_knee_spread_over_torso_p50"": 0.3271660467949544, ""fm1_leg_over_torso_p50"": 1.2200824569395756, ""fm1_shin_verticality_p50"": 0.9748584655871041, ""fm2_in_frame_and_valid_frac"": 1.0, ""fm2_violation_run_max_frames"": 0.0, ""fm2_windowed_pass_frac"": 1.0, ""fm3_static_frac"": 0.5609289617486338, ""fm4_either_speaking_frac"": 0.7240327868852635, ""fm4_longest_mutual_silence_s"": 3.2660000000000764, ""observed_duration_s"": 122.0}",render
fm_123,pass_naturalistic_123_V00_S0274_I00000126_P0371_f0002884,V00_S0274_I00000126_P0371,naturalistic/dev/0000/0003/V00_S0274_I00000126_P0371,naturalistic/dev/0000/0039/V00_S0274_I00000126_P0370,pass_naturalistic,naturalistic,2884,V00,naturalistic,dev,ipc_conversation,random draw from clips passing all four,"{""clip_anchored_on_violation"": false, ""flag_count"": 0, ""flags_fired"": """", ""fm1_knee_spread_over_torso_p50"": 0.29383213933659846, ""fm1_leg_over_torso_p50"": 1.033018249980717, ""fm1_shin_verticality_p50"": 0.9974587115688581, ""fm2_in_frame_and_valid_frac"": 1.0, ""fm2_violation_run_max_frames"": 0.0, ""fm2_windowed_pass_frac"": 1.0, ""fm3_static_frac"": 0.015447154471544716, ""fm4_either_speaking_frac"": 0.7976341463414642, ""fm4_longest_mutual_silence_s"": 8.994000000000028, ""observed_duration_s"": 164.0}",render
fm_124,pass_naturalistic_124_V00_S0516_I00000379_P0027A_f0001323,V00_S0516_I00000379_P0027A,naturalistic/train/0014/0041/V00_S0516_I00000379_P0027A,naturalistic/train/0014/0038/V00_S0516_I00000379_P0658A,pass_naturalistic,naturalistic,1323,V00,naturalistic,train,ipc_conversation,random draw from clips passing all four,"{""clip_anchored_on_violation"": false, ""flag_count"": 0, ""flags_fired"": """", ""fm1_knee_spread_over_torso_p50"": 0.5165508090041167, ""fm1_leg_over_torso_p50"": 1.4490561741449601, ""fm1_shin_verticality_p50"": 0.9988123522299989, ""fm2_in_frame_and_valid_frac"": 1.0, ""fm2_violation_run_max_frames"": 0.0, ""fm2_windowed_pass_frac"": 1.0, ""fm3_static_frac"": 0.4335748792270531, ""fm4_either_speaking_frac"": 0.7588115942028978, ""fm4_longest_mutual_silence_s"": 4.643999999999778, ""observed_duration_s"": 138.0}",render
fm_125,pass_naturalistic_125_V00_S1855_I00000396_P0332_f0003593,V00_S1855_I00000396_P0332,naturalistic/train/0029/0042/V00_S1855_I00000396_P0332,naturalistic/train/0029/0047/V00_S1855_I00000396_P1183,pass_naturalistic,naturalistic,3593,V00,naturalistic,train,ipc_conversation,random draw from clips passing all four,"{""clip_anchored_on_violation"": false, ""flag_count"": 0, ""flags_fired"": """", ""fm1_knee_spread_over_torso_p50"": 0.39229433853237844, ""fm1_leg_over_torso_p50"": 1.5363949633146916, ""fm1_shin_verticality_p50"": 0.9989200860780658, ""fm2_in_frame_and_valid_frac"": 1.0, ""fm2_violation_run_max_frames"": 0.0, ""fm2_windowed_pass_frac"": 1.0, ""fm3_static_frac"": 0.26728395061728394, ""fm4_either_speaking_frac"": 0.7320493827160528, ""fm4_longest_mutual_silence_s"": 4.963999999999942, ""observed_duration_s"": 162.0}",render
fm_126,pass_naturalistic_126_V00_S0762_I00000373_P0897_f0011644,V00_S0762_I00000373_P0897,naturalistic/train/0021/0035/V00_S0762_I00000373_P0897,naturalistic/train/0021/0022/V00_S0762_I00000373_P0806,pass_naturalistic,naturalistic,11644,V00,naturalistic,train,ipc_conversation,random draw from clips passing all four,"{""clip_anchored_on_violation"": false, ""flag_count"": 0, ""flags_fired"": """", ""fm1_knee_spread_over_torso_p50"": 0.36046228835552785, ""fm1_leg_over_torso_p50"": 1.2133945609902774, ""fm1_shin_verticality_p50"": 0.9996144206527183, ""fm2_in_frame_and_valid_frac"": 1.0, ""fm2_violation_run_max_frames"": 0.0, ""fm2_windowed_pass_frac"": 1.0, ""fm3_static_frac"": 0.40206422018348625, ""fm4_either_speaking_frac"": 0.7559357798165132, ""fm4_longest_mutual_silence_s"": 9.604000000000042, ""observed_duration_s"": 436.0}",render
fm_127,pass_naturalistic_127_V00_S0254_I00000382_P0042_f0005807,V00_S0254_I00000382_P0042,naturalistic/train/0006/0037/V00_S0254_I00000382_P0042,naturalistic/train/0006/0014/V00_S0254_I00000382_P0349,pass_naturalistic,naturalistic,5807,V00,naturalistic,train,ipc_conversation,random draw from clips passing all four,"{""clip_anchored_on_violation"": false, ""flag_count"": 0, ""flags_fired"": """", ""fm1_knee_spread_over_torso_p50"": 0.33907986761461245, ""fm1_leg_over_torso_p50"": 1.3567869860924597, ""fm1_shin_verticality_p50"": 0.983282012593045, ""fm2_in_frame_and_valid_frac"": 1.0, ""fm2_violation_run_max_frames"": 0.0, ""fm2_windowed_pass_frac"": 1.0, ""fm3_static_frac"": 0.006862745098039216, ""fm4_either_speaking_frac"": 0.9058907563025205, ""fm4_longest_mutual_silence_s"": 9.297999999999774, ""observed_duration_s"": 238.0}",render
fm_128,pass_naturalistic_128_V00_S1463_I00000421_P0556_f0001380,V00_S1463_I00000421_P0556,naturalistic/train/0027/0043/V00_S1463_I00000421_P0556,naturalistic/train/0027/0047/V00_S1463_I00000421_P0758,pass_naturalistic,naturalistic,1380,V00,naturalistic,train,ipc_conversation,random draw from clips passing all four,"{""clip_anchored_on_violation"": false, ""flag_count"": 0, ""flags_fired"": """", ""fm1_knee_spread_over_torso_p50"": 0.236744750692036, ""fm1_leg_over_torso_p50"": 1.3566260095155271, ""fm1_shin_verticality_p50"": 0.9963466778350685, ""fm2_in_frame_and_valid_frac"": 1.0, ""fm2_violation_run_max_frames"": 0.0, ""fm2_windowed_pass_frac"": 1.0, ""fm3_static_frac"": 0.7233739837398374, ""fm4_either_speaking_frac"": 0.8522926829268255, ""fm4_longest_mutual_silence_s"": 3.6520000000000437, ""observed_duration_s"": 164.0}",render
fm_129,pass_naturalistic_129_V00_S1882_I00000034_P0439_f0004488,V00_S1882_I00000034_P0439,naturalistic/train/0030/0016/V00_S1882_I00000034_P0439,naturalistic/train/0030/0028/V00_S1882_I00000034_P1195,pass_naturalistic,naturalistic,4488,V00,naturalistic,train,ipc_conversation,random draw from clips passing all four,"{""clip_anchored_on_violation"": false, ""flag_count"": 0, ""flags_fired"": """", ""fm1_knee_spread_over_torso_p50"": 0.4122311466696317, ""fm1_leg_over_torso_p50"": 1.20962820828648, ""fm1_shin_verticality_p50"": 0.9995920816369868, ""fm2_in_frame_and_valid_frac"": 1.0, ""fm2_violation_run_max_frames"": 0.0, ""fm2_windowed_pass_frac"": 1.0, ""fm3_static_frac"": 0.17484276729559747, ""fm4_either_speaking_frac"": 0.9359496855346, ""fm4_longest_mutual_silence_s"": 1.3479999999999563, ""observed_duration_s"": 318.0}",render
fm_130,pass_naturalistic_130_V00_S0385_I00000371_P0510_f0004335,V00_S0385_I00000371_P0510,naturalistic/train/0010/0028/V00_S0385_I00000371_P0510,naturalistic/train/0010/0043/V00_S0385_I00000371_P0119,pass_naturalistic,naturalistic,4335,V00,naturalistic,train,ipc_conversation,random draw from clips passing all four,"{""clip_anchored_on_violation"": false, ""flag_count"": 0, ""flags_fired"": """", ""fm1_knee_spread_over_torso_p50"": 0.43728668277777594, ""fm1_leg_over_torso_p50"": 1.0164921507850502, ""fm1_shin_verticality_p50"": 0.9994449000839116, ""fm2_in_frame_and_valid_frac"": 1.0, ""fm2_violation_run_max_frames"": 0.0, ""fm2_windowed_pass_frac"": 1.0, ""fm3_static_frac"": 0.6914529914529914, ""fm4_either_speaking_frac"": 0.7915897435897431, ""fm4_longest_mutual_silence_s"": 4.6440000000000055, ""observed_duration_s"": 234.0}",render
fm_131,pass_naturalistic_131_V00_S0598_I00000480_P0641_f0000363,V00_S0598_I00000480_P0641,naturalistic/train/0017/0021/V00_S0598_I00000480_P0641,naturalistic/train/0017/0002/V00_S0598_I00000480_P0047,pass_naturalistic,naturalistic,363,V00,naturalistic,train,ipc_conversation,random draw from clips passing all four,"{""clip_anchored_on_violation"": false, ""flag_count"": 0, ""flags_fired"": """", ""fm1_knee_spread_over_torso_p50"": 0.39285714762104657, ""fm1_leg_over_torso_p50"": 1.4452133364418287, ""fm1_shin_verticality_p50"": 0.9814905835328374, ""fm2_in_frame_and_valid_frac"": 1.0, ""fm2_violation_run_max_frames"": 0.0, ""fm2_windowed_pass_frac"": 1.0, ""fm3_static_frac"": 0.3506172839506173, ""fm4_either_speaking_frac"": 0.8178703703703549, ""fm4_longest_mutual_silence_s"": 6.321999999999889, ""observed_duration_s"": 108.0}",render
fm_132,pass_naturalistic_132_V00_S1857_I00000314_P1185_f0002265,V00_S1857_I00000314_P1185,naturalistic/train/0029/0027/V00_S1857_I00000314_P1185,naturalistic/train/0029/0024/V00_S1857_I00000314_P0495,pass_naturalistic,naturalistic,2265,V00,naturalistic,train,ipc_conversation,random draw from clips passing all four,"{""clip_anchored_on_violation"": false, ""flag_count"": 0, ""flags_fired"": """", ""fm1_knee_spread_over_torso_p50"": 0.3635762177313121, ""fm1_leg_over_torso_p50"": 1.526484546264644, ""fm1_shin_verticality_p50"": 0.9988123491581363, ""fm2_in_frame_and_valid_frac"": 1.0, ""fm2_violation_run_max_frames"": 0.0, ""fm2_windowed_pass_frac"": 1.0, ""fm3_static_frac"": 0.40675213675213673, ""fm4_either_speaking_frac"": 0.8438051282051279, ""fm4_longest_mutual_silence_s"": 6.434000000000026, ""observed_duration_s"": 390.0}",render
fm_133,pass_naturalistic_133_V00_S0625_I00000138_P0782_f0000319,V00_S0625_I00000138_P0782,naturalistic/train/0018/0037/V00_S0625_I00000138_P0782,naturalistic/train/0018/0043/V00_S0625_I00000138_P0781,pass_naturalistic,naturalistic,319,V00,naturalistic,train,ipc_conversation,random draw from clips passing all four,"{""clip_anchored_on_violation"": false, ""flag_count"": 0, ""flags_fired"": """", ""fm1_knee_spread_over_torso_p50"": 0.37708999277003985, ""fm1_leg_over_torso_p50"": 1.5853550163674304, ""fm1_shin_verticality_p50"": 0.999567761022734, ""fm2_in_frame_and_valid_frac"": 1.0, ""fm2_violation_run_max_frames"": 0.0, ""fm2_windowed_pass_frac"": 1.0, ""fm3_static_frac"": 0.4479166666666667, ""fm4_either_speaking_frac"": 0.5978437499999814, ""fm4_longest_mutual_silence_s"": 9.697999999999865, ""observed_duration_s"": 64.0}",render
fm_134,pass_naturalistic_134_V00_S0427_I00000478_P0210_f0000437,V00_S0427_I00000478_P0210,naturalistic/train/0011/0037/V00_S0427_I00000478_P0210,naturalistic/train/0011/0025/V00_S0427_I00000478_P0560,pass_naturalistic,naturalistic,437,V00,naturalistic,train,ipc_conversation,random draw from clips passing all four,"{""clip_anchored_on_violation"": false, ""flag_count"": 0, ""flags_fired"": """", ""fm1_knee_spread_over_torso_p50"": 0.34850437006723334, ""fm1_leg_over_torso_p50"": 1.252332736909627, ""fm1_shin_verticality_p50"": 0.9914543214980939, ""fm2_in_frame_and_valid_frac"": 1.0, ""fm2_violation_run_max_frames"": 0.0, ""fm2_windowed_pass_frac"": 1.0, ""fm3_static_frac"": 0.67981220657277, ""fm4_either_speaking_frac"": 0.8294929577464806, ""fm4_longest_mutual_silence_s"": 2.1140000000000327, ""observed_duration_s"": 142.0}",render
fm_135,pass_naturalistic_135_V00_S0597_I00000484_P0756_f0005151,V00_S0597_I00000484_P0756,naturalistic/train/0017/0022/V00_S0597_I00000484_P0756,naturalistic/train/0017/0033/V00_S0597_I00000484_P0755,pass_naturalistic,naturalistic,5151,V00,naturalistic,train,ipc_conversation,random draw from clips passing all four,"{""clip_anchored_on_violation"": false, ""flag_count"": 0, ""flags_fired"": """", ""fm1_knee_spread_over_torso_p50"": 0.354792664077087, ""fm1_leg_over_torso_p50"": 1.2262309073964337, ""fm1_shin_verticality_p50"": 0.9995920861117699, ""fm2_in_frame_and_valid_frac"": 1.0, ""fm2_violation_run_max_frames"": 0.0, ""fm2_windowed_pass_frac"": 1.0, ""fm3_static_frac"": 0.747411003236246, ""fm4_either_speaking_frac"": 0.7680970873786411, ""fm4_longest_mutual_silence_s"": 3.076000000000022, ""observed_duration_s"": 206.0}",render
fm_136,pass_naturalistic_136_V00_S0067_I00000373_P0101_f0001934,V00_S0067_I00000373_P0101,naturalistic/train/0001/0036/V00_S0067_I00000373_P0101,naturalistic/train/0001/0026/V00_S0067_I00000373_P0073,pass_naturalistic,naturalistic,1934,V00,naturalistic,train,ipc_conversation,random draw from clips passing all four,"{""clip_anchored_on_violation"": false, ""flag_count"": 0, ""flags_fired"": """", ""fm1_knee_spread_over_torso_p50"": 0.28566890003868467, ""fm1_leg_over_torso_p50"": 1.3933150560999912, ""fm1_shin_verticality_p50"": 0.9983713408104504, ""fm2_in_frame_and_valid_frac"": 1.0, ""fm2_violation_run_max_frames"": 0.0, ""fm2_windowed_pass_frac"": 1.0, ""fm3_static_frac"": 0.03672316384180791, ""fm4_either_speaking_frac"": 0.7867796610169494, ""fm4_longest_mutual_silence_s"": 4.388000000000034, ""observed_duration_s"": 118.0}",render
fm_137,pass_naturalistic_137_V00_S0112_I00000483_P0163_f0002596,V00_S0112_I00000483_P0163,naturalistic/train/0002/0000/V00_S0112_I00000483_P0163,naturalistic/train/0002/0012/V00_S0112_I00000483_P0162,pass_naturalistic,naturalistic,2596,V00,naturalistic,train,ipc_conversation,random draw from clips passing all four,"{""clip_anchored_on_violation"": false, ""flag_count"": 0, ""flags_fired"": """", ""fm1_knee_spread_over_torso_p50"": 0.4306282802323001, ""fm1_leg_over_torso_p50"": 1.6855165121612978, ""fm1_shin_verticality_p50"": 0.9980525881660331, ""fm2_in_frame_and_valid_frac"": 1.0, ""fm2_violation_run_max_frames"": 0.0, ""fm2_windowed_pass_frac"": 1.0, ""fm3_static_frac"": 0.5520833333333334, ""fm4_either_speaking_frac"": 0.6265277777777827, ""fm4_longest_mutual_silence_s"": 7.650000000000091, ""observed_duration_s"": 144.0}",render
fm_138,pass_naturalistic_138_V00_S0708_I00000488_P0866_f0004386,V00_S0708_I00000488_P0866,naturalistic/train/0020/0013/V00_S0708_I00000488_P0866,naturalistic/train/0020/0005/V00_S0708_I00000488_P0864,pass_naturalistic,naturalistic,4386,V00,naturalistic,train,ipc_conversation,random draw from clips passing all four,"{""clip_anchored_on_violation"": false, ""flag_count"": 0, ""flags_fired"": """", ""fm1_knee_spread_over_torso_p50"": 0.37481685292668493, ""fm1_leg_over_torso_p50"": 1.0445616575249068, ""fm1_shin_verticality_p50"": 0.9984603519427742, ""fm2_in_frame_and_valid_frac"": 1.0, ""fm2_violation_run_max_frames"": 0.0, ""fm2_windowed_pass_frac"": 1.0, ""fm3_static_frac"": 0.0950191570881226, ""fm4_either_speaking_frac"": 0.7816321839080455, ""fm4_longest_mutual_silence_s"": 7.458000000000084, ""observed_duration_s"": 174.0}",render
fm_139,pass_naturalistic_139_V00_S0708_I00000377_P0866_f0000224,V00_S0708_I00000377_P0866,naturalistic/train/0020/0043/V00_S0708_I00000377_P0866,naturalistic/train/0020/0013/V00_S0708_I00000377_P0864,pass_naturalistic,naturalistic,224,V00,naturalistic,train,ipc_conversation,random draw from clips passing all four,"{""clip_anchored_on_violation"": false, ""flag_count"": 0, ""flags_fired"": """", ""fm1_knee_spread_over_torso_p50"": 0.34308070184551964, ""fm1_leg_over_torso_p50"": 1.315097472727428, ""fm1_shin_verticality_p50"": 0.9996144206527182, ""fm2_in_frame_and_valid_frac"": 1.0, ""fm2_violation_run_max_frames"": 0.0, ""fm2_windowed_pass_frac"": 1.0, ""fm3_static_frac"": 0.0012345679012345679, ""fm4_either_speaking_frac"": 0.5730123456789954, ""fm4_longest_mutual_silence_s"": 6.692000000000007, ""observed_duration_s"": 162.0}",render
fm_140,pass_naturalistic_140_V00_S1883_I00000068_P1194_f0004855,V00_S1883_I00000068_P1194,naturalistic/train/0030/0006/V00_S1883_I00000068_P1194,naturalistic/train/0030/0045/V00_S1883_I00000068_P0058,pass_naturalistic,naturalistic,4855,V00,naturalistic,train,ipc_conversation,random draw from clips passing all four,"{""clip_anchored_on_violation"": false, ""flag_count"": 0, ""flags_fired"": """", ""fm1_knee_spread_over_torso_p50"": 0.4204706313355875, ""fm1_leg_over_torso_p50"": 1.3502242040647117, ""fm1_shin_verticality_p50"": 0.9996714309094812, ""fm2_in_frame_and_valid_frac"": 1.0, ""fm2_violation_run_max_frames"": 0.0, ""fm2_windowed_pass_frac"": 1.0, ""fm3_static_frac"": 0.28252032520325204, ""fm4_either_speaking_frac"": 0.8168861788617764, ""fm4_longest_mutual_silence_s"": 7.012000000000171, ""observed_duration_s"": 246.0}",render
fm_141,pass_naturalistic_141_V00_S0594_I00000135_P0752_f0003746,V00_S0594_I00000135_P0752,naturalistic/train/0017/0017/V00_S0594_I00000135_P0752,naturalistic/train/0017/0027/V00_S0594_I00000135_P0210,pass_naturalistic,naturalistic,3746,V00,naturalistic,train,collaborative_storytelling,random draw from clips passing all four,"{""clip_anchored_on_violation"": false, ""flag_count"": 0, ""flags_fired"": """", ""fm1_knee_spread_over_torso_p50"": 0.3703067017568592, ""fm1_leg_over_torso_p50"": 1.4826384047673313, ""fm1_shin_verticality_p50"": 0.9997418445724804, ""fm2_in_frame_and_valid_frac"": 1.0, ""fm2_violation_run_max_frames"": 0.0, ""fm2_windowed_pass_frac"": 1.0, ""fm3_static_frac"": 0.5026315789473684, ""fm4_either_speaking_frac"": 0.714999999999999, ""fm4_longest_mutual_silence_s"": 2.6920000000000073, ""observed_duration_s"": 152.0}",render
fm_142,pass_naturalistic_142_V00_S0576_I00000484_P0727_f0001199,V00_S0576_I00000484_P0727,naturalistic/train/0016/0036/V00_S0576_I00000484_P0727,naturalistic/train/0016/0012/V00_S0576_I00000484_P0726,pass_naturalistic,naturalistic,1199,V00,naturalistic,train,ipc_conversation,random draw from clips passing all four,"{""clip_anchored_on_violation"": false, ""flag_count"": 0, ""flags_fired"": """", ""fm1_knee_spread_over_torso_p50"": 0.4261722374374746, ""fm1_leg_over_torso_p50"": 1.1746035028973272, ""fm1_shin_verticality_p50"": 0.9999999999999708, ""fm2_in_frame_and_valid_frac"": 1.0, ""fm2_violation_run_max_frames"": 0.0, ""fm2_windowed_pass_frac"": 1.0, ""fm3_static_frac"": 0.09658119658119659, ""fm4_either_speaking_frac"": 0.7483846153846244, ""fm4_longest_mutual_silence_s"": 2.7539999999999054, ""observed_duration_s"": 78.0}",render
fm_143,pass_naturalistic_143_V00_S0628_I00000477_P0783_f0002525,V00_S0628_I00000477_P0783,naturalistic/train/0018/0007/V00_S0628_I00000477_P0783,naturalistic/train/0018/0044/V00_S0628_I00000477_P0784,pass_naturalistic,naturalistic,2525,V00,naturalistic,train,ipc_conversation,random draw from clips passing all four,"{""clip_anchored_on_violation"": false, ""flag_count"": 0, ""flags_fired"": """", ""fm1_knee_spread_over_torso_p50"": 0.3664629185838846, ""fm1_leg_over_torso_p50"": 1.2677165858327406, ""fm1_shin_verticality_p50"": 0.9996144200106213, ""fm2_in_frame_and_valid_frac"": 1.0, ""fm2_violation_run_max_frames"": 0.0, ""fm2_windowed_pass_frac"": 1.0, ""fm3_static_frac"": 0.04173228346456693, ""fm4_either_speaking_frac"": 0.8516062992125984, ""fm4_longest_mutual_silence_s"": 3.0260000000000105, ""observed_duration_s"": 254.0}",render
fm_144,pass_naturalistic_144_V00_S1929_I00000216_P0409_f0001047,V00_S1929_I00000216_P0409,naturalistic/train/0031/0007/V00_S1929_I00000216_P0409,naturalistic/train/0031/0032/V00_S1929_I00000216_P0775,pass_naturalistic,naturalistic,1047,V00,naturalistic,train,ipc_conversation,random draw from clips passing all four,"{""clip_anchored_on_violation"": false, ""flag_count"": 0, ""flags_fired"": """", ""fm1_knee_spread_over_torso_p50"": 0.4327926305194958, ""fm1_leg_over_torso_p50"": 1.1010818912435005, ""fm1_shin_verticality_p50"": 0.9979253348190084, ""fm2_in_frame_and_valid_frac"": 1.0, ""fm2_violation_run_max_frames"": 0.0, ""fm2_windowed_pass_frac"": 1.0, ""fm3_static_frac"": 0.5108108108108108, ""fm4_either_speaking_frac"": 0.9089189189189189, ""fm4_longest_mutual_silence_s"": 3.9400000000000546, ""observed_duration_s"": 148.0}",render
fm_145,pass_naturalistic_145_V00_S0441_I00000375_P0579_f0001535,V00_S0441_I00000375_P0579,naturalistic/train/0011/0022/V00_S0441_I00000375_P0579,naturalistic/train/0011/0010/V00_S0441_I00000375_P0578,pass_naturalistic,naturalistic,1535,V00,naturalistic,train,ipc_conversation,random draw from clips passing all four,"{""clip_anchored_on_violation"": false, ""flag_count"": 0, ""flags_fired"": """", ""fm1_knee_spread_over_torso_p50"": 0.42600066333356634, ""fm1_leg_over_torso_p50"": 1.2017667492662962, ""fm1_shin_verticality_p50"": 0.9994449112977397, ""fm2_in_frame_and_valid_frac"": 1.0, ""fm2_violation_run_max_frames"": 0.0, ""fm2_windowed_pass_frac"": 1.0, ""fm3_static_frac"": 0.009501557632398754, ""fm4_either_speaking_frac"": 0.8042990654205618, ""fm4_longest_mutual_silence_s"": 2.9480000000000928, ""observed_duration_s"": 214.0}",render
fm_146,pass_naturalistic_146_V00_S0524_I00000483_P0669_f0000631,V00_S0524_I00000483_P0669,naturalistic/train/0014/0023/V00_S0524_I00000483_P0669,naturalistic/train/0014/0010/V00_S0524_I00000483_P0668,pass_naturalistic,naturalistic,631,V00,naturalistic,train,ipc_conversation,random draw from clips passing all four,"{""clip_anchored_on_violation"": false, ""flag_count"": 0, ""flags_fired"": """", ""fm1_knee_spread_over_torso_p50"": 0.3648469756030037, ""fm1_leg_over_torso_p50"": 1.3340848168871227, ""fm1_shin_verticality_p50"": 0.9999999999999786, ""fm2_in_frame_and_valid_frac"": 1.0, ""fm2_violation_run_max_frames"": 0.0, ""fm2_windowed_pass_frac"": 1.0, ""fm3_static_frac"": 0.5606770833333333, ""fm4_either_speaking_frac"": 0.7608124999999895, ""fm4_longest_mutual_silence_s"": 9.170000000000073, ""observed_duration_s"": 256.0}",render
fm_147,pass_naturalistic_147_V00_S0624_I00000139_P0560_f0001945,V00_S0624_I00000139_P0560,naturalistic/train/0018/0004/V00_S0624_I00000139_P0560,naturalistic/train/0018/0044/V00_S0624_I00000139_P0777,pass_naturalistic,naturalistic,1945,V00,naturalistic,train,ipc_conversation,random draw from clips passing all four,"{""clip_anchored_on_violation"": false, ""flag_count"": 0, ""flags_fired"": """", ""fm1_knee_spread_over_torso_p50"": 0.3508769670802706, ""fm1_leg_over_torso_p50"": 1.462663294482574, ""fm1_shin_verticality_p50"": 0.9996144249515272, ""fm2_in_frame_and_valid_frac"": 1.0, ""fm2_violation_run_max_frames"": 0.0, ""fm2_windowed_pass_frac"": 1.0, ""fm3_static_frac"": 0.46226415094339623, ""fm4_either_speaking_frac"": 0.7913584905660421, ""fm4_longest_mutual_silence_s"": 2.2899999999999636, ""observed_duration_s"": 106.0}",render
fm_148,pass_naturalistic_148_V00_S0151_I00000495_P0215_f0000669,V00_S0151_I00000495_P0215,naturalistic/train/0003/0001/V00_S0151_I00000495_P0215,naturalistic/train/0003/0010/V00_S0151_I00000495_P0214,pass_naturalistic,naturalistic,669,V00,naturalistic,train,ipc_conversation,random draw from clips passing all four,"{""clip_anchored_on_violation"": false, ""flag_count"": 0, ""flags_fired"": """", ""fm1_knee_spread_over_torso_p50"": 0.3809043359389963, ""fm1_leg_over_torso_p50"": 1.1600878382509578, ""fm1_shin_verticality_p50"": 0.9995411800523725, ""fm2_in_frame_and_valid_frac"": 1.0, ""fm2_violation_run_max_frames"": 0.0, ""fm2_windowed_pass_frac"": 1.0, ""fm3_static_frac"": 0.23397435897435898, ""fm4_either_speaking_frac"": 0.5056153846153852, ""fm4_longest_mutual_silence_s"": 6.705999999999989, ""observed_duration_s"": 52.0}",render
fm_149,pass_naturalistic_149_V00_S0825_I00000313_P0500_f0001803,V00_S0825_I00000313_P0500,naturalistic/dev/0000/0039/V00_S0825_I00000313_P0500,naturalistic/dev/0000/0030/V00_S0825_I00000313_P0959,pass_naturalistic,naturalistic,1803,V00,naturalistic,dev,ipc_conversation,random draw from clips passing all four,"{""clip_anchored_on_violation"": false, ""flag_count"": 0, ""flags_fired"": """", ""fm1_knee_spread_over_torso_p50"": 0.2998335610307012, ""fm1_leg_over_torso_p50"": 1.2499376456822284, ""fm1_shin_verticality_p50"": 0.9996144245765981, ""fm2_in_frame_and_valid_frac"": 1.0, ""fm2_violation_run_max_frames"": 0.0, ""fm2_windowed_pass_frac"": 1.0, ""fm3_static_frac"": 0.5922885572139304, ""fm4_either_speaking_frac"": 0.7619850746268572, ""fm4_longest_mutual_silence_s"": 4.5479999999997744, ""observed_duration_s"": 134.0}",render
fm_150,pass_naturalistic_150_V00_S0851_I00000482_P0972_f0002420,V00_S0851_I00000482_P0972,naturalistic/train/0023/0039/V00_S0851_I00000482_P0972,naturalistic/train/0023/0026/V00_S0851_I00000482_P0971,pass_naturalistic,naturalistic,2420,V00,naturalistic,train,ipc_conversation,random draw from clips passing all four,"{""clip_anchored_on_violation"": false, ""flag_count"": 0, ""flags_fired"": """", ""fm1_knee_spread_over_torso_p50"": 0.4510849220889538, ""fm1_leg_over_torso_p50"": 0.9551718409292989, ""fm1_shin_verticality_p50"": 0.9992611750555862, ""fm2_in_frame_and_valid_frac"": 1.0, ""fm2_violation_run_max_frames"": 0.0, ""fm2_windowed_pass_frac"": 1.0, ""fm3_static_frac"": 0.003048780487804878, ""fm4_either_speaking_frac"": 0.7153536585365894, ""fm4_longest_mutual_silence_s"": 5.539999999999964, ""observed_duration_s"": 164.0}",render
fm_151,pass_naturalistic_151_V00_S0147_I00000504_P0070_f0001246,V00_S0147_I00000504_P0070,naturalistic/train/0003/0034/V00_S0147_I00000504_P0070,naturalistic/train/0003/0027/V00_S0147_I00000504_P0209,pass_naturalistic,naturalistic,1246,V00,naturalistic,train,ipc_conversation,random draw from clips passing all four,"{""clip_anchored_on_violation"": false, ""flag_count"": 0, ""flags_fired"": """", ""fm1_knee_spread_over_torso_p50"": 0.3691870494403258, ""fm1_leg_over_torso_p50"": 1.2078662351650093, ""fm1_shin_verticality_p50"": 0.9982743724039469, ""fm2_in_frame_and_valid_frac"": 1.0, ""fm2_violation_run_max_frames"": 0.0, ""fm2_windowed_pass_frac"": 1.0, ""fm3_static_frac"": 0.7232558139534884, ""fm4_either_speaking_frac"": 0.9430697674418557, ""fm4_longest_mutual_silence_s"": 1.02800000000002, ""observed_duration_s"": 86.0}",render
fm_152,pass_naturalistic_152_V00_S1967_I00000118_P0306_f0000545,V00_S1967_I00000118_P0306,naturalistic/train/0032/0020/V00_S1967_I00000118_P0306,naturalistic/train/0032/0022/V00_S1967_I00000118_P1235,pass_naturalistic,naturalistic,545,V00,naturalistic,train,ipc_conversation,random draw from clips passing all four,"{""clip_anchored_on_violation"": false, ""flag_count"": 0, ""flags_fired"": """", ""fm1_knee_spread_over_torso_p50"": 0.4439413920286962, ""fm1_leg_over_torso_p50"": 1.1695422791380083, ""fm1_shin_verticality_p50"": 0.9995120740919922, ""fm2_in_frame_and_valid_frac"": 1.0, ""fm2_violation_run_max_frames"": 0.0, ""fm2_windowed_pass_frac"": 1.0, ""fm3_static_frac"": 0.015476190476190477, ""fm4_either_speaking_frac"": 0.6875892857142796, ""fm4_longest_mutual_silence_s"": 6.980000000000018, ""observed_duration_s"": 112.0}",render
fm_153,pass_naturalistic_153_V00_S1544_I00000147_P1122_f0000077,V00_S1544_I00000147_P1122,naturalistic/train/0027/0031/V00_S1544_I00000147_P1122,naturalistic/train/0027/0035/V00_S1544_I00000147_P0317,pass_naturalistic,naturalistic,77,V00,naturalistic,train,ipc_conversation,random draw from clips passing all four,"{""clip_anchored_on_violation"": false, ""flag_count"": 0, ""flags_fired"": """", ""fm1_knee_spread_over_torso_p50"": 0.13107684856758195, ""fm1_leg_over_torso_p50"": 1.1667655738669347, ""fm1_shin_verticality_p50"": 0.9449859914712684, ""fm2_in_frame_and_valid_frac"": 1.0, ""fm2_violation_run_max_frames"": 0.0, ""fm2_windowed_pass_frac"": 1.0, ""fm3_static_frac"": 0.15849673202614378, ""fm4_either_speaking_frac"": 0.8861372549019635, ""fm4_longest_mutual_silence_s"": 2.82000000000005, ""observed_duration_s"": 306.0}",render
fm_154,pass_naturalistic_154_V00_S0393_I00000479_P0523_f0003351,V00_S0393_I00000479_P0523,naturalistic/train/0010/0032/V00_S0393_I00000479_P0523,naturalistic/train/0010/0022/V00_S0393_I00000479_P0193,pass_naturalistic,naturalistic,3351,V00,naturalistic,train,ipc_conversation,random draw from clips passing all four,"{""clip_anchored_on_violation"": false, ""flag_count"": 0, ""flags_fired"": """", ""fm1_knee_spread_over_torso_p50"": 0.5622253816447947, ""fm1_leg_over_torso_p50"": 1.1139232666123087, ""fm1_shin_verticality_p50"": 0.9981684894473493, ""fm2_in_frame_and_valid_frac"": 1.0, ""fm2_violation_run_max_frames"": 0.0, ""fm2_windowed_pass_frac"": 1.0, ""fm3_static_frac"": 0.0012280701754385965, ""fm4_either_speaking_frac"": 0.793547368421052, ""fm4_longest_mutual_silence_s"": 7.953999999999951, ""observed_duration_s"": 190.0}",render
fm_155,pass_naturalistic_155_V00_S1393_I00000104_P1134_f0006011,V00_S1393_I00000104_P1134,naturalistic/train/0027/0044/V00_S1393_I00000104_P1134,naturalistic/train/0027/0023/V00_S1393_I00000104_P0576,pass_naturalistic,naturalistic,6011,V00,naturalistic,train,ipc_conversation,random draw from clips passing all four,"{""clip_anchored_on_violation"": false, ""flag_count"": 0, ""flags_fired"": """", ""fm1_knee_spread_over_torso_p50"": 0.349162444577246, ""fm1_leg_over_torso_p50"": 1.0325507414417847, ""fm1_shin_verticality_p50"": 0.9994449140724275, ""fm2_in_frame_and_valid_frac"": 1.0, ""fm2_violation_run_max_frames"": 0.0, ""fm2_windowed_pass_frac"": 1.0, ""fm3_static_frac"": 0.2057017543859649, ""fm4_either_speaking_frac"": 0.8158771929824621, ""fm4_longest_mutual_silence_s"": 4.292000000000371, ""observed_duration_s"": 228.0}",render
fm_156,pass_naturalistic_156_V00_S1969_I00000411_P0808_f0001993,V00_S1969_I00000411_P0808,naturalistic/train/0032/0007/V00_S1969_I00000411_P0808,naturalistic/train/0032/0012/V00_S1969_I00000411_P1234,pass_naturalistic,naturalistic,1993,V00,naturalistic,train,ipc_conversation,random draw from clips passing all four,"{""clip_anchored_on_violation"": false, ""flag_count"": 0, ""flags_fired"": """", ""fm1_knee_spread_over_torso_p50"": 0.42249339734889046, ""fm1_leg_over_torso_p50"": 1.0000001378584842, ""fm1_shin_verticality_p50"": 0.9950371656206416, ""fm2_in_frame_and_valid_frac"": 1.0, ""fm2_violation_run_max_frames"": 0.0, ""fm2_windowed_pass_frac"": 1.0, ""fm3_static_frac"": 0.3307407407407407, ""fm4_either_speaking_frac"": 0.6791777777777781, ""fm4_longest_mutual_silence_s"": 4.963999999999999, ""observed_duration_s"": 90.0}",render
fm_157,pass_improvised_157_V00_S1869_I00001095_P1154A_f0000947,V00_S1869_I00001095_P1154A,improvised/train/0046/0060/V00_S1869_I00001095_P1154A,improvised/train/0046/0028/V00_S1869_I00001095_P1155A,pass_improvised,improvised,947,V00,improvised,train,ipc_conversation,random draw from clips passing all four,"{""clip_anchored_on_violation"": false, ""flag_count"": 0, ""flags_fired"": """", ""fm1_knee_spread_over_torso_p50"": 0.44881641157900354, ""fm1_leg_over_torso_p50"": 0.9865453864116822, ""fm1_shin_verticality_p50"": 0.9994059896815239, ""fm2_in_frame_and_valid_frac"": 1.0, ""fm2_violation_run_max_frames"": 0.0, ""fm2_windowed_pass_frac"": 1.0, ""fm3_static_frac"": 0.734920634920635, ""fm4_either_speaking_frac"": 0.9244391534391538, ""fm4_longest_mutual_silence_s"": 1.3160000000000025, ""observed_duration_s"": 378.0}",render
fm_158,pass_improvised_158_V00_S1551_I00001094_P0921A_f0002243,V00_S1551_I00001094_P0921A,improvised/train/0037/0060/V00_S1551_I00001094_P0921A,improvised/train/0037/0044/V00_S1551_I00001094_P0799A,pass_improvised,improvised,2243,V00,improvised,train,ipc_conversation,random draw from clips passing all four,"{""clip_anchored_on_violation"": false, ""flag_count"": 0, ""flags_fired"": """", ""fm1_knee_spread_over_torso_p50"": 0.4560702851426814, ""fm1_leg_over_torso_p50"": 1.3513951944944982, ""fm1_shin_verticality_p50"": 0.9996349693433519, ""fm2_in_frame_and_valid_frac"": 1.0, ""fm2_violation_run_max_frames"": 0.0, ""fm2_windowed_pass_frac"": 1.0, ""fm3_static_frac"": 0.06434343434343434, ""fm4_either_speaking_frac"": 0.8590181818181849, ""fm4_longest_mutual_silence_s"": 2.436000000000149, ""observed_duration_s"": 330.0}",render
fm_159,pass_improvised_159_V00_S0874_I00000126_P0986_f0000830,V00_S0874_I00000126_P0986,improvised/train/0018/0048/V00_S0874_I00000126_P0986,improvised/train/0018/0045/V00_S0874_I00000126_P0185A,pass_improvised,improvised,830,V00,improvised,train,ipc_conversation,random draw from clips passing all four,"{""clip_anchored_on_violation"": false, ""flag_count"": 0, ""flags_fired"": """", ""fm1_knee_spread_over_torso_p50"": 0.39950088184678034, ""fm1_leg_over_torso_p50"": 1.277250005620793, ""fm1_shin_verticality_p50"": 0.9996349700300708, ""fm2_in_frame_and_valid_frac"": 1.0, ""fm2_violation_run_max_frames"": 0.0, ""fm2_windowed_pass_frac"": 1.0, ""fm3_static_frac"": 0.7349726775956285, ""fm4_either_speaking_frac"": 0.7368114754098348, ""fm4_longest_mutual_silence_s"": 7.779999999999973, ""observed_duration_s"": 244.0}",render
fm_160,pass_improvised_160_V00_S2012_I00000690_P1268A_f0004915,V00_S2012_I00000690_P1268A,improvised/train/0048/0048/V00_S2012_I00000690_P1268A,improvised/train/0048/0016/V00_S2012_I00000690_P1267A,pass_improvised,improvised,4915,V00,improvised,train,ipc_conversation,random draw from clips passing all four,"{""clip_anchored_on_violation"": false, ""flag_count"": 0, ""flags_fired"": """", ""fm1_knee_spread_over_torso_p50"": 0.5711406254855481, ""fm1_leg_over_torso_p50"": 1.2427163352285824, ""fm1_shin_verticality_p50"": 0.9986178199128581, ""fm2_in_frame_and_valid_frac"": 1.0, ""fm2_violation_run_max_frames"": 0.0, ""fm2_windowed_pass_frac"": 1.0, ""fm3_static_frac"": 0.4537712895377129, ""fm4_either_speaking_frac"": 0.8625182481751789, ""fm4_longest_mutual_silence_s"": 3.9400000000000546, ""observed_duration_s"": 274.0}",render
fm_161,pass_improvised_161_V00_S0752_I00000913_P0241A_f0005685,V00_S0752_I00000913_P0241A,improvised/train/0014/0055/V00_S0752_I00000913_P0241A,improvised/train/0014/0025/V00_S0752_I00000913_P0229A,pass_improvised,improvised,5685,V00,improvised,train,ipc_conversation,random draw from clips passing all four,"{""clip_anchored_on_violation"": false, ""flag_count"": 0, ""flags_fired"": """", ""fm1_knee_spread_over_torso_p50"": 0.2592594417118855, ""fm1_leg_over_torso_p50"": 1.537219368349231, ""fm1_shin_verticality_p50"": 0.9996714298864084, ""fm2_in_frame_and_valid_frac"": 1.0, ""fm2_violation_run_max_frames"": 0.0, ""fm2_windowed_pass_frac"": 1.0, ""fm3_static_frac"": 0.15497835497835497, ""fm4_either_speaking_frac"": 0.8142597402597429, ""fm4_longest_mutual_silence_s"": 4.932000000000016, ""observed_duration_s"": 308.0}",render
fm_162,pass_improvised_162_V00_S0126_I00000580_P0003A_f0002101,V00_S0126_I00000580_P0003A,improvised/train/0002/0042/V00_S0126_I00000580_P0003A,improvised/train/0002/0014/V00_S0126_I00000580_P0187,pass_improvised,improvised,2101,V00,improvised,train,ipc_conversation,random draw from clips passing all four,"{""clip_anchored_on_violation"": false, ""flag_count"": 0, ""flags_fired"": """", ""fm1_knee_spread_over_torso_p50"": 0.2622597166499724, ""fm1_leg_over_torso_p50"": 1.2293433336738169, ""fm1_shin_verticality_p50"": 0.9984603545733718, ""fm2_in_frame_and_valid_frac"": 1.0, ""fm2_violation_run_max_frames"": 0.0, ""fm2_windowed_pass_frac"": 1.0, ""fm3_static_frac"": 0.0004761904761904762, ""fm4_either_speaking_frac"": 0.8277999999999939, ""fm4_longest_mutual_silence_s"": 4.018000000000029, ""observed_duration_s"": 140.0}",render
fm_163,pass_improvised_163_V00_S2006_I00001211_P1261A_f0003395,V00_S2006_I00001211_P1261A,improvised/train/0048/0015/V00_S2006_I00001211_P1261A,improvised/train/0048/0021/V00_S2006_I00001211_P1262A,pass_improvised,improvised,3395,V00,improvised,train,ipc_conversation,random draw from clips passing all four,"{""clip_anchored_on_violation"": false, ""flag_count"": 0, ""flags_fired"": """", ""fm1_knee_spread_over_torso_p50"": 0.41249090716119463, ""fm1_leg_over_torso_p50"": 1.3604731507731649, ""fm1_shin_verticality_p50"": 0.999653920211243, ""fm2_in_frame_and_valid_frac"": 1.0, ""fm2_violation_run_max_frames"": 0.0, ""fm2_windowed_pass_frac"": 1.0, ""fm3_static_frac"": 0.34444444444444444, ""fm4_either_speaking_frac"": 0.8654814814814792, ""fm4_longest_mutual_silence_s"": 7.428000000000111, ""observed_duration_s"": 270.0}",render
fm_164,pass_improvised_164_V00_S1751_I00001167_P0230A_f0004651,V00_S1751_I00001167_P0230A,improvised/train/0043/0017/V00_S1751_I00001167_P0230A,improvised/train/0043/0027/V00_S1751_I00001167_P1115A,pass_improvised,improvised,4651,V00,improvised,train,ipc_conversation,random draw from clips passing all four,"{""clip_anchored_on_violation"": false, ""flag_count"": 0, ""flags_fired"": """", ""fm1_knee_spread_over_torso_p50"": 0.3709169002873718, ""fm1_leg_over_torso_p50"": 1.294907983908283, ""fm1_shin_verticality_p50"": 0.9986178274746422, ""fm2_in_frame_and_valid_frac"": 1.0, ""fm2_violation_run_max_frames"": 0.0, ""fm2_windowed_pass_frac"": 1.0, ""fm3_static_frac"": 0.05058823529411765, ""fm4_either_speaking_frac"": 0.9262941176470576, ""fm4_longest_mutual_silence_s"": 1.44399999999996, ""observed_duration_s"": 170.0}",render
fm_165,pass_improvised_165_V00_S1351_I00000635_P0180A_f0000662,V00_S1351_I00000635_P0180A,improvised/train/0031/0024/V00_S1351_I00000635_P0180A,improvised/train/0031/0017/V00_S1351_I00000635_P0323A,pass_improvised,improvised,662,V00,improvised,train,ipc_conversation,random draw from clips passing all four,"{""clip_anchored_on_violation"": false, ""flag_count"": 0, ""flags_fired"": """", ""fm1_knee_spread_over_torso_p50"": 0.3797586012155114, ""fm1_leg_over_torso_p50"": 1.0884225944630948, ""fm1_shin_verticality_p50"": 0.9854601504093765, ""fm2_in_frame_and_valid_frac"": 1.0, ""fm2_violation_run_max_frames"": 0.0, ""fm2_windowed_pass_frac"": 1.0, ""fm3_static_frac"": 0.06366906474820144, ""fm4_either_speaking_frac"": 0.9733884892086339, ""fm4_longest_mutual_silence_s"": 1.8899999999999864, ""observed_duration_s"": 278.0}",render
fm_166,pass_improvised_166_V00_S1405_I00000659_P0825A_f0004432,V00_S1405_I00000659_P0825A,improvised/train/0032/0003/V00_S1405_I00000659_P0825A,improvised/train/0032/0051/V00_S1405_I00000659_P1024A,pass_improvised,improvised,4432,V00,improvised,train,ipc_conversation,random draw from clips passing all four,"{""clip_anchored_on_violation"": false, ""flag_count"": 0, ""flags_fired"": """", ""fm1_knee_spread_over_torso_p50"": 0.3594081222502892, ""fm1_leg_over_torso_p50"": 1.046143530065898, ""fm1_shin_verticality_p50"": 0.99948011557767, ""fm2_in_frame_and_valid_frac"": 1.0, ""fm2_violation_run_max_frames"": 0.0, ""fm2_windowed_pass_frac"": 1.0, ""fm3_static_frac"": 0.37620967741935485, ""fm4_either_speaking_frac"": 0.8733870967741943, ""fm4_longest_mutual_silence_s"": 4.163999999999987, ""observed_duration_s"": 248.0}",render
fm_167,pass_improvised_167_V00_S1670_I00001159_P1114A_f0001538,V00_S1670_I00001159_P1114A,improvised/train/0041/0020/V00_S1670_I00001159_P1114A,improvised/train/0041/0053/V00_S1670_I00001159_P1151A,pass_improvised,improvised,1538,V00,improvised,train,ipc_conversation,random draw from clips passing all four,"{""clip_anchored_on_violation"": false, ""flag_count"": 0, ""flags_fired"": """", ""fm1_knee_spread_over_torso_p50"": 0.4705372773541511, ""fm1_leg_over_torso_p50"": 1.1541197395631946, ""fm1_shin_verticality_p50"": 0.9999999999999732, ""fm2_in_frame_and_valid_frac"": 1.0, ""fm2_violation_run_max_frames"": 0.0, ""fm2_windowed_pass_frac"": 1.0, ""fm3_static_frac"": 0.004279279279279279, ""fm4_either_speaking_frac"": 0.7924864864864897, ""fm4_longest_mutual_silence_s"": 2.1779999999998836, ""observed_duration_s"": 148.0}",render
fm_168,pass_improvised_168_V00_S1205_I00001200_P0397A_f0001928,V00_S1205_I00001200_P0397A,improvised/train/0027/0026/V00_S1205_I00001200_P0397A,improvised/train/0027/0008/V00_S1205_I00001200_P0210A,pass_improvised,improvised,1928,V00,improvised,train,ipc_conversation,random draw from clips passing all four,"{""clip_anchored_on_violation"": false, ""flag_count"": 0, ""flags_fired"": """", ""fm1_knee_spread_over_torso_p50"": 0.38052129209522406, ""fm1_leg_over_torso_p50"": 1.0810539870287788, ""fm1_shin_verticality_p50"": 0.999512082667395, ""fm2_in_frame_and_valid_frac"": 1.0, ""fm2_violation_run_max_frames"": 0.0, ""fm2_windowed_pass_frac"": 1.0, ""fm3_static_frac"": 0.5422690763052209, ""fm4_either_speaking_frac"": 0.5842349397590345, ""fm4_longest_mutual_silence_s"": 9.187999999999988, ""observed_duration_s"": 332.0}",render
fm_169,pass_improvised_169_V00_S1404_I00000030_P0300_f0001178,V00_S1404_I00000030_P0300,improvised/train/0032/0035/V00_S1404_I00000030_P0300,improvised/train/0032/0052/V00_S1404_I00000030_P1103A,pass_improvised,improvised,1178,V00,improvised,train,ipc_conversation,random draw from clips passing all four,"{""clip_anchored_on_violation"": false, ""flag_count"": 0, ""flags_fired"": """", ""fm1_knee_spread_over_torso_p50"": 0.46399004239621233, ""fm1_leg_over_torso_p50"": 1.2069854912670315, ""fm1_shin_verticality_p50"": 0.9961298640327825, ""fm2_in_frame_and_valid_frac"": 1.0, ""fm2_violation_run_max_frames"": 0.0, ""fm2_windowed_pass_frac"": 1.0, ""fm3_static_frac"": 0.12777777777777777, ""fm4_either_speaking_frac"": 0.7521282051282043, ""fm4_longest_mutual_silence_s"": 5.027999999999793, ""observed_duration_s"": 78.0}",render
fm_170,pass_improvised_170_V00_S1670_I00001153_P1151A_f0005328,V00_S1670_I00001153_P1151A,improvised/train/0041/0038/V00_S1670_I00001153_P1151A,improvised/train/0041/0002/V00_S1670_I00001153_P1114A,pass_improvised,improvised,5328,V00,improvised,train,ipc_conversation,random draw from clips passing all four,"{""clip_anchored_on_violation"": false, ""flag_count"": 0, ""flags_fired"": """", ""fm1_knee_spread_over_torso_p50"": 0.29071682287624045, ""fm1_leg_over_torso_p50"": 1.4639283455467542, ""fm1_shin_verticality_p50"": 0.9988123556400571, ""fm2_in_frame_and_valid_frac"": 1.0, ""fm2_violation_run_max_frames"": 0.0, ""fm2_windowed_pass_frac"": 1.0, ""fm3_static_frac"": 0.1719047619047619, ""fm4_either_speaking_frac"": 0.8992857142857166, ""fm4_longest_mutual_silence_s"": 2.6580000000000155, ""observed_duration_s"": 280.0}",render
fm_171,pass_improvised_171_V00_S0483_I00000135_P0250A_f0001812,V00_S0483_I00000135_P0250A,improvised/train/0010/0002/V00_S0483_I00000135_P0250A,improvised/train/0010/0015/V00_S0483_I00000135_P0070,pass_improvised,improvised,1812,V00,improvised,train,collaborative_storytelling,random draw from clips passing all four,"{""clip_anchored_on_violation"": false, ""flag_count"": 0, ""flags_fired"": """", ""fm1_knee_spread_over_torso_p50"": 0.42850333255075157, ""fm1_leg_over_torso_p50"": 1.4490553676168263, ""fm1_shin_verticality_p50"": 0.9973336956799437, ""fm2_in_frame_and_valid_frac"": 1.0, ""fm2_violation_run_max_frames"": 0.0, ""fm2_windowed_pass_frac"": 1.0, ""fm3_static_frac"": 0.0, ""fm4_either_speaking_frac"": 0.7319137931034408, ""fm4_longest_mutual_silence_s"": 1.8919999999998254, ""observed_duration_s"": 116.0}",render
fm_172,pass_improvised_172_V00_S0058_I00000479_P0027A_f0004055,V00_S0058_I00000479_P0027A,improvised/train/0000/0030/V00_S0058_I00000479_P0027A,improvised/train/0000/0031/V00_S0058_I00000479_P0088,pass_improvised,improvised,4055,V00,improvised,train,ipc_conversation,random draw from clips passing all four,"{""clip_anchored_on_violation"": false, ""flag_count"": 0, ""flags_fired"": """", ""fm1_knee_spread_over_torso_p50"": 0.3709680228383243, ""fm1_leg_over_torso_p50"": 1.372050424028218, ""fm1_shin_verticality_p50"": 0.9986876677240853, ""fm2_in_frame_and_valid_frac"": 1.0, ""fm2_violation_run_max_frames"": 0.0, ""fm2_windowed_pass_frac"": 1.0, ""fm3_static_frac"": 0.39316666666666666, ""fm4_either_speaking_frac"": 0.8457799999999952, ""fm4_longest_mutual_silence_s"": 3.9400000000000546, ""observed_duration_s"": 200.0}",render
fm_173,pass_improvised_173_V00_S1129_I00001000_P0185A_f0000316,V00_S1129_I00001000_P0185A,improvised/train/0024/0062/V00_S1129_I00001000_P0185A,improvised/train/0024/0030/V00_S1129_I00001000_P0230A,pass_improvised,improvised,316,V00,improvised,train,ipc_conversation,random draw from clips passing all four,"{""clip_anchored_on_violation"": false, ""flag_count"": 0, ""flags_fired"": """", ""fm1_knee_spread_over_torso_p50"": 0.4771338544916278, ""fm1_leg_over_torso_p50"": 1.1056004606156407, ""fm1_shin_verticality_p50"": 0.9981685017330244, ""fm2_in_frame_and_valid_frac"": 1.0, ""fm2_violation_run_max_frames"": 0.0, ""fm2_windowed_pass_frac"": 1.0, ""fm3_static_frac"": 0.08246376811594203, ""fm4_either_speaking_frac"": 0.7125826086956493, ""fm4_longest_mutual_silence_s"": 5.092000000000098, ""observed_duration_s"": 230.0}",render
fm_174,pass_improvised_174_V00_S1156_I00001175_P0042A_f0004191,V00_S1156_I00001175_P0042A,improvised/train/0025/0029/V00_S1156_I00001175_P0042A,improvised/train/0025/0022/V00_S1156_I00001175_P0004A,pass_improvised,improvised,4191,V00,improvised,train,ipc_conversation,random draw from clips passing all four,"{""clip_anchored_on_violation"": false, ""flag_count"": 0, ""flags_fired"": """", ""fm1_knee_spread_over_torso_p50"": 0.3630965614280376, ""fm1_leg_over_torso_p50"": 1.4977399024998301, ""fm1_shin_verticality_p50"": 0.9967290526970471, ""fm2_in_frame_and_valid_frac"": 1.0, ""fm2_violation_run_max_frames"": 0.0, ""fm2_windowed_pass_frac"": 1.0, ""fm3_static_frac"": 0.02142857142857143, ""fm4_either_speaking_frac"": 0.8694666666666524, ""fm4_longest_mutual_silence_s"": 6.722000000000207, ""observed_duration_s"": 210.0}",render
fm_175,pass_improvised_175_V00_S1258_I00000689_P0328A_f0004824,V00_S1258_I00000689_P0328A,improvised/train/0028/0026/V00_S1258_I00000689_P0328A,improvised/train/0028/0026/V00_S1258_I00000689_P0602A,pass_improvised,improvised,4824,V00,improvised,train,ipc_conversation,random draw from clips passing all four,"{""clip_anchored_on_violation"": false, ""flag_count"": 0, ""flags_fired"": """", ""fm1_knee_spread_over_torso_p50"": 0.39981078523066144, ""fm1_leg_over_torso_p50"": 1.1064760145281238, ""fm1_shin_verticality_p50"": 0.9995920858702625, ""fm2_in_frame_and_valid_frac"": 1.0, ""fm2_violation_run_max_frames"": 0.0, ""fm2_windowed_pass_frac"": 1.0, ""fm3_static_frac"": 0.11104166666666666, ""fm4_either_speaking_frac"": 0.8505812500000003, ""fm4_longest_mutual_silence_s"": 2.8839999999999577, ""observed_duration_s"": 320.0}",render
fm_176,pass_improvised_176_V00_S0785_I00000384_P0464A_f0001202,V00_S0785_I00000384_P0464A,improvised/train/0015/0001/V00_S0785_I00000384_P0464A,improvised/train/0015/0010/V00_S0785_I00000384_P0924,pass_improvised,improvised,1202,V00,improvised,train,ipc_conversation,random draw from clips passing all four,"{""clip_anchored_on_violation"": false, ""flag_count"": 0, ""flags_fired"": """", ""fm1_knee_spread_over_torso_p50"": 0.29995839500979493, ""fm1_leg_over_torso_p50"": 1.277595028947695, ""fm1_shin_verticality_p50"": 0.9996144247580518, ""fm2_in_frame_and_valid_frac"": 1.0, ""fm2_violation_run_max_frames"": 0.0, ""fm2_windowed_pass_frac"": 1.0, ""fm3_static_frac"": 0.2964646464646465, ""fm4_either_speaking_frac"": 0.8822878787878856, ""fm4_longest_mutual_silence_s"": 4.001999999999953, ""observed_duration_s"": 132.0}",render
fm_177,pass_improvised_177_V00_S0431_I00000131_P0570_f0002237,V00_S0431_I00000131_P0570,improvised/train/0009/0024/V00_S0431_I00000131_P0570,improvised/train/0009/0038/V00_S0431_I00000131_P0006A,pass_improvised,improvised,2237,V00,improvised,train,ipc_conversation,random draw from clips passing all four,"{""clip_anchored_on_violation"": false, ""flag_count"": 0, ""flags_fired"": """", ""fm1_knee_spread_over_torso_p50"": 0.3546544411752913, ""fm1_leg_over_torso_p50"": 1.255557696783919, ""fm1_shin_verticality_p50"": 0.999653919933196, ""fm2_in_frame_and_valid_frac"": 1.0, ""fm2_violation_run_max_frames"": 0.0, ""fm2_windowed_pass_frac"": 1.0, ""fm3_static_frac"": 0.007017543859649123, ""fm4_either_speaking_frac"": 0.7863947368421033, ""fm4_longest_mutual_silence_s"": 5.8279999999999745, ""observed_duration_s"": 152.0}",render
fm_178,pass_improvised_178_V00_S0166_I00000537_P0004A_f0001836,V00_S0166_I00000537_P0004A,improvised/train/0003/0000/V00_S0166_I00000537_P0004A,improvised/train/0003/0011/V00_S0166_I00000537_P0011,pass_improvised,improvised,1836,V00,improvised,train,ipc_conversation,random draw from clips passing all four,"{""clip_anchored_on_violation"": false, ""flag_count"": 0, ""flags_fired"": """", ""fm1_knee_spread_over_torso_p50"": 0.39973574383485283, ""fm1_leg_over_torso_p50"": 1.4036864657724513, ""fm1_shin_verticality_p50"": 0.9963466580487035, ""fm2_in_frame_and_valid_frac"": 1.0, ""fm2_violation_run_max_frames"": 0.0, ""fm2_windowed_pass_frac"": 1.0, ""fm3_static_frac"": 0.07444444444444444, ""fm4_either_speaking_frac"": 0.765333333333333, ""fm4_longest_mutual_silence_s"": 9.057999999999993, ""observed_duration_s"": 150.0}",render
fm_179,pass_improvised_179_V00_S0231_I00000581_P0006A_f0000284,V00_S0231_I00000581_P0006A,improvised/train/0005/0024/V00_S0231_I00000581_P0006A,improvised/train/0005/0009/V00_S0231_I00000581_P0317,pass_improvised,improvised,284,V00,improvised,train,ipc_conversation,random draw from clips passing all four,"{""clip_anchored_on_violation"": false, ""flag_count"": 0, ""flags_fired"": """", ""fm1_knee_spread_over_torso_p50"": 0.4062005719648282, ""fm1_leg_over_torso_p50"": 1.272318522908504, ""fm1_shin_verticality_p50"": 0.9985422780938983, ""fm2_in_frame_and_valid_frac"": 1.0, ""fm2_violation_run_max_frames"": 0.0, ""fm2_windowed_pass_frac"": 1.0, ""fm3_static_frac"": 0.7316239316239316, ""fm4_either_speaking_frac"": 0.7559487179487172, ""fm4_longest_mutual_silence_s"": 7.6840000000001965, ""observed_duration_s"": 156.0}",render
fm_180,pass_improvised_180_V00_S0786_I00000535_P0806_f0003640,V00_S0786_I00000535_P0806,improvised/train/0015/0009/V00_S0786_I00000535_P0806,improvised/train/0015/0028/V00_S0786_I00000535_P0920A,pass_improvised,improvised,3640,V00,improvised,train,ipc_conversation,random draw from clips passing all four,"{""clip_anchored_on_violation"": false, ""flag_count"": 0, ""flags_fired"": """", ""fm1_knee_spread_over_torso_p50"": 0.33962245792947365, ""fm1_leg_over_torso_p50"": 1.5457306815358764, ""fm1_shin_verticality_p50"": 0.9996714331726191, ""fm2_in_frame_and_valid_frac"": 1.0, ""fm2_violation_run_max_frames"": 0.0, ""fm2_windowed_pass_frac"": 1.0, ""fm3_static_frac"": 0.5327519379844962, ""fm4_either_speaking_frac"": 0.6506744186046519, ""fm4_longest_mutual_silence_s"": 9.379999999999995, ""observed_duration_s"": 172.0}",render
fm_181,pass_improvised_181_V00_S1015_I00000706_P0682A_f0007524,V00_S1015_I00000706_P0682A,improvised/train/0021/0027/V00_S1015_I00000706_P0682A,improvised/train/0021/0070/V00_S1015_I00000706_P0825A,pass_improvised,improvised,7524,V00,improvised,train,ipc_conversation,random draw from clips passing all four,"{""clip_anchored_on_violation"": false, ""flag_count"": 0, ""flags_fired"": """", ""fm1_knee_spread_over_torso_p50"": 0.24996006055635084, ""fm1_leg_over_torso_p50"": 1.342646484489418, ""fm1_shin_verticality_p50"": 0.9922779079836844, ""fm2_in_frame_and_valid_frac"": 1.0, ""fm2_violation_run_max_frames"": 0.0, ""fm2_windowed_pass_frac"": 1.0, ""fm3_static_frac"": 0.3959232613908873, ""fm4_either_speaking_frac"": 0.7975107913668953, ""fm4_longest_mutual_silence_s"": 4.737999999999829, ""observed_duration_s"": 278.0}",render
fm_182,pass_improvised_182_V00_S2089_I00001167_P1281A_f0001370,V00_S2089_I00001167_P1281A,improvised/dev/0000/0017/V00_S2089_I00001167_P1281A,improvised/dev/0000/0039/V00_S2089_I00001167_P1346A,pass_improvised,improvised,1370,V00,improvised,dev,ipc_conversation,random draw from clips passing all four,"{""clip_anchored_on_violation"": false, ""flag_count"": 0, ""flags_fired"": """", ""fm1_knee_spread_over_torso_p50"": 0.3662091993097756, ""fm1_leg_over_torso_p50"": 1.1469459924940508, ""fm1_shin_verticality_p50"": 0.9980525949112048, ""fm2_in_frame_and_valid_frac"": 1.0, ""fm2_violation_run_max_frames"": 0.0, ""fm2_windowed_pass_frac"": 1.0, ""fm3_static_frac"": 0.06691176470588235, ""fm4_either_speaking_frac"": 0.8097058823529404, ""fm4_longest_mutual_silence_s"": 5.826000000000022, ""observed_duration_s"": 136.0}",render
fm_183,pass_improvised_183_V00_S1457_I00001115_P1124A_f0002294,V00_S1457_I00001115_P1124A,improvised/train/0034/0064/V00_S1457_I00001115_P1124A,improvised/train/0034/0047/V00_S1457_I00001115_P0921A,pass_improvised,improvised,2294,V00,improvised,train,ipc_conversation,random draw from clips passing all four,"{""clip_anchored_on_violation"": false, ""flag_count"": 0, ""flags_fired"": """", ""fm1_knee_spread_over_torso_p50"": 0.363261235936072, ""fm1_leg_over_torso_p50"": 1.107595342932178, ""fm1_shin_verticality_p50"": 0.9828722816437803, ""fm2_in_frame_and_valid_frac"": 1.0, ""fm2_violation_run_max_frames"": 0.0, ""fm2_windowed_pass_frac"": 1.0, ""fm3_static_frac"": 0.23233995584988962, ""fm4_either_speaking_frac"": 0.9039072847682131, ""fm4_longest_mutual_silence_s"": 2.961999999999989, ""observed_duration_s"": 302.0}",render
fm_184,pass_improvised_184_V00_S0544_I00000770_P0691_f0000549,V00_S0544_I00000770_P0691,improvised/train/0011/0020/V00_S0544_I00000770_P0691,improvised/train/0011/0033/V00_S0544_I00000770_P0658A,pass_improvised,improvised,549,V00,improvised,train,ipc_conversation,random draw from clips passing all four,"{""clip_anchored_on_violation"": false, ""flag_count"": 0, ""flags_fired"": """", ""fm1_knee_spread_over_torso_p50"": 0.1935485790978274, ""fm1_leg_over_torso_p50"": 1.2405189829306997, ""fm1_shin_verticality_p50"": 0.9662349677863146, ""fm2_in_frame_and_valid_frac"": 1.0, ""fm2_violation_run_max_frames"": 0.0, ""fm2_windowed_pass_frac"": 1.0, ""fm3_static_frac"": 0.6833333333333333, ""fm4_either_speaking_frac"": 0.7503548387096763, ""fm4_longest_mutual_silence_s"": 5.842000000000098, ""observed_duration_s"": 62.0}",render
fm_185,pass_improvised_185_V00_S1597_I00000723_P0040A_f0002783,V00_S1597_I00000723_P0040A,improvised/train/0038/0064/V00_S1597_I00000723_P0040A,improvised/train/0038/0034/V00_S1597_I00000723_P1149A,pass_improvised,improvised,2783,V00,improvised,train,ipc_conversation,random draw from clips passing all four,"{""clip_anchored_on_violation"": false, ""flag_count"": 0, ""flags_fired"": """", ""fm1_knee_spread_over_torso_p50"": 0.3604620102028642, ""fm1_leg_over_torso_p50"": 1.2012588764998031, ""fm1_shin_verticality_p50"": 0.9996144225257051, ""fm2_in_frame_and_valid_frac"": 1.0, ""fm2_violation_run_max_frames"": 0.0, ""fm2_windowed_pass_frac"": 1.0, ""fm3_static_frac"": 0.4503048780487805, ""fm4_either_speaking_frac"": 0.811981707317073, ""fm4_longest_mutual_silence_s"": 5.155999999999949, ""observed_duration_s"": 328.0}",render
fm_186,pass_improvised_186_V00_S2066_I00001063_P1324A_f0000122,V00_S2066_I00001063_P1324A,improvised/train/0049/0012/V00_S2066_I00001063_P1324A,improvised/train/0049/0020/V00_S2066_I00001063_P1323A,pass_improvised,improvised,122,V00,improvised,train,ipc_conversation,random draw from clips passing all four,"{""clip_anchored_on_violation"": false, ""flag_count"": 0, ""flags_fired"": """", ""fm1_knee_spread_over_torso_p50"": 0.4057543767900722, ""fm1_leg_over_torso_p50"": 0.9715510647739158, ""fm1_shin_verticality_p50"": 0.9993628674307373, ""fm2_in_frame_and_valid_frac"": 1.0, ""fm2_violation_run_max_frames"": 0.0, ""fm2_windowed_pass_frac"": 1.0, ""fm3_static_frac"": 0.7383141762452107, ""fm4_either_speaking_frac"": 0.7184942528735621, ""fm4_longest_mutual_silence_s"": 4.163999999999987, ""observed_duration_s"": 174.0}",render
fm_187,pass_improvised_187_V00_S0874_I00000131_P0185A_f0004089,V00_S0874_I00000131_P0185A,improvised/train/0018/0007/V00_S0874_I00000131_P0185A,improvised/train/0018/0031/V00_S0874_I00000131_P0986,pass_improvised,improvised,4089,V00,improvised,train,ipc_conversation,random draw from clips passing all four,"{""clip_anchored_on_violation"": false, ""flag_count"": 0, ""flags_fired"": """", ""fm1_knee_spread_over_torso_p50"": 0.3384212620231769, ""fm1_leg_over_torso_p50"": 1.0155545769606618, ""fm1_shin_verticality_p50"": 0.9980525784828886, ""fm2_in_frame_and_valid_frac"": 1.0, ""fm2_violation_run_max_frames"": 0.0, ""fm2_windowed_pass_frac"": 1.0, ""fm3_static_frac"": 0.05134099616858238, ""fm4_either_speaking_frac"": 0.7335747126436823, ""fm4_longest_mutual_silence_s"": 5.282000000000153, ""observed_duration_s"": 174.0}",render
fm_188,pass_improvised_188_V00_S1580_I00001175_P1103A_f0006465,V00_S1580_I00001175_P1103A,improvised/train/0038/0056/V00_S1580_I00001175_P1103A,improvised/train/0038/0058/V00_S1580_I00001175_P1154A,pass_improvised,improvised,6465,V00,improvised,train,ipc_conversation,random draw from clips passing all four,"{""clip_anchored_on_violation"": false, ""flag_count"": 0, ""flags_fired"": """", ""fm1_knee_spread_over_torso_p50"": 0.4543369567276804, ""fm1_leg_over_torso_p50"": 1.0593352196202879, ""fm1_shin_verticality_p50"": 0.9995411866677136, ""fm2_in_frame_and_valid_frac"": 1.0, ""fm2_violation_run_max_frames"": 0.0, ""fm2_windowed_pass_frac"": 1.0, ""fm3_static_frac"": 0.03484126984126984, ""fm4_either_speaking_frac"": 0.887557142857148, ""fm4_longest_mutual_silence_s"": 2.5459999999998217, ""observed_duration_s"": 420.0}",render
fm_189,pass_improvised_189_V00_S0946_I00000535_P0042A_f0005600,V00_S0946_I00000535_P0042A,improvised/train/0020/0014/V00_S0946_I00000535_P0042A,improvised/train/0020/0061/V00_S0946_I00000535_P1038,pass_improvised,improvised,5600,V00,improvised,train,ipc_conversation,random draw from clips passing all four,"{""clip_anchored_on_violation"": false, ""flag_count"": 0, ""flags_fired"": """", ""fm1_knee_spread_over_torso_p50"": 0.3440102993167773, ""fm1_leg_over_torso_p50"": 1.291402318246214, ""fm1_shin_verticality_p50"": 0.9982743626381548, ""fm2_in_frame_and_valid_frac"": 1.0, ""fm2_violation_run_max_frames"": 0.0, ""fm2_windowed_pass_frac"": 1.0, ""fm3_static_frac"": 0.01156156156156156, ""fm4_either_speaking_frac"": 0.7106126126126123, ""fm4_longest_mutual_silence_s"": 6.404000000000011, ""observed_duration_s"": 222.0}",render
fm_190,pass_improvised_190_V00_S0134_I00000484_P0003A_f0000772,V00_S0134_I00000484_P0003A,improvised/train/0002/0003/V00_S0134_I00000484_P0003A,improvised/train/0002/0025/V00_S0134_I00000484_P0195,pass_improvised,improvised,772,V00,improvised,train,ipc_conversation,random draw from clips passing all four,"{""clip_anchored_on_violation"": false, ""flag_count"": 0, ""flags_fired"": """", ""fm1_knee_spread_over_torso_p50"": 0.23698191124384418, ""fm1_leg_over_torso_p50"": 1.3368790942576447, ""fm1_shin_verticality_p50"": 0.9985422783645331, ""fm2_in_frame_and_valid_frac"": 1.0, ""fm2_violation_run_max_frames"": 0.0, ""fm2_windowed_pass_frac"": 1.0, ""fm3_static_frac"": 0.5468888888888889, ""fm4_either_speaking_frac"": 0.8166266666666661, ""fm4_longest_mutual_silence_s"": 1.8099999999999454, ""observed_duration_s"": 150.0}",render
fm_191,pass_improvised_191_V00_S1099_I00000660_P0825A_f0001211,V00_S1099_I00000660_P0825A,improvised/train/0024/0014/V00_S1099_I00000660_P0825A,improvised/train/0024/0025/V00_S1099_I00000660_P0682A,pass_improvised,improvised,1211,V00,improvised,train,ipc_conversation,random draw from clips passing all four,"{""clip_anchored_on_violation"": false, ""flag_count"": 0, ""flags_fired"": """", ""fm1_knee_spread_over_torso_p50"": 0.38698355573845555, ""fm1_leg_over_torso_p50"": 0.9567599765465372, ""fm1_shin_verticality_p50"": 0.9993628503251816, ""fm2_in_frame_and_valid_frac"": 1.0, ""fm2_violation_run_max_frames"": 0.0, ""fm2_windowed_pass_frac"": 1.0, ""fm3_static_frac"": 0.01597222222222222, ""fm4_either_speaking_frac"": 0.7354999999999983, ""fm4_longest_mutual_silence_s"": 7.780000000000086, ""observed_duration_s"": 192.0}",render
fm_192,pass_improvised_192_V00_S1953_I00001098_P0196A_f0000348,V00_S1953_I00001098_P0196A,improvised/train/0047/0015/V00_S1953_I00001098_P0196A,improvised/train/0047/0033/V00_S1953_I00001098_P1151A,pass_improvised,improvised,348,V00,improvised,train,ipc_conversation,random draw from clips passing all four,"{""clip_anchored_on_violation"": false, ""flag_count"": 0, ""flags_fired"": """", ""fm1_knee_spread_over_torso_p50"": 0.49275397875723853, ""fm1_leg_over_torso_p50"": 0.9553403406039249, ""fm1_shin_verticality_p50"": 0.9994060012290674, ""fm2_in_frame_and_valid_frac"": 1.0, ""fm2_violation_run_max_frames"": 0.0, ""fm2_windowed_pass_frac"": 1.0, ""fm3_static_frac"": 0.6119205298013245, ""fm4_either_speaking_frac"": 0.8733112582781473, ""fm4_longest_mutual_silence_s"": 6.627999999999929, ""observed_duration_s"": 302.0}",render
fm_193,pass_improvised_193_V00_S0688_I00000126_P0737_f0001051,V00_S0688_I00000126_P0737,improvised/train/0013/0043/V00_S0688_I00000126_P0737,improvised/train/0013/0049/V00_S0688_I00000126_P0658A,pass_improvised,improvised,1051,V00,improvised,train,ipc_conversation,random draw from clips passing all four,"{""clip_anchored_on_violation"": false, ""flag_count"": 0, ""flags_fired"": """", ""fm1_knee_spread_over_torso_p50"": 0.33328695705364825, ""fm1_leg_over_torso_p50"": 1.3499156179767593, ""fm1_shin_verticality_p50"": 0.999999999999975, ""fm2_in_frame_and_valid_frac"": 1.0, ""fm2_violation_run_max_frames"": 0.0, ""fm2_windowed_pass_frac"": 1.0, ""fm3_static_frac"": 0.33151515151515154, ""fm4_either_speaking_frac"": 0.8161818181818179, ""fm4_longest_mutual_silence_s"": 1.7960000000000491, ""observed_duration_s"": 110.0}",render
fm_194,pass_improvised_194_V00_S1120_I00001213_P0682A_f0007534,V00_S1120_I00001213_P0682A,improvised/train/0024/0005/V00_S1120_I00001213_P0682A,improvised/train/0024/0048/V00_S1120_I00001213_P0241A,pass_improvised,improvised,7534,V00,improvised,train,ipc_conversation,random draw from clips passing all four,"{""clip_anchored_on_violation"": false, ""flag_count"": 0, ""flags_fired"": """", ""fm1_knee_spread_over_torso_p50"": 0.2999583135622884, ""fm1_leg_over_torso_p50"": 1.405627600980264, ""fm1_shin_verticality_p50"": 0.9996714229798958, ""fm2_in_frame_and_valid_frac"": 1.0, ""fm2_violation_run_max_frames"": 0.0, ""fm2_windowed_pass_frac"": 1.0, ""fm3_static_frac"": 0.2920886075949367, ""fm4_either_speaking_frac"": 0.887936708860763, ""fm4_longest_mutual_silence_s"": 1.9239999999999782, ""observed_duration_s"": 316.0}",render
fm_195,pass_improvised_195_V00_S0126_I00000126_P0003A_f0000540,V00_S0126_I00000126_P0003A,improvised/train/0002/0031/V00_S0126_I00000126_P0003A,improvised/train/0002/0010/V00_S0126_I00000126_P0187,pass_improvised,improvised,540,V00,improvised,train,ipc_conversation,random draw from clips passing all four,"{""clip_anchored_on_violation"": false, ""flag_count"": 0, ""flags_fired"": """", ""fm1_knee_spread_over_torso_p50"": 0.23320393427870023, ""fm1_leg_over_torso_p50"": 1.2125734008648323, ""fm1_shin_verticality_p50"": 0.998274379749079, ""fm2_in_frame_and_valid_frac"": 1.0, ""fm2_violation_run_max_frames"": 0.0, ""fm2_windowed_pass_frac"": 1.0, ""fm3_static_frac"": 0.5803763440860215, ""fm4_either_speaking_frac"": 0.8557096774193553, ""fm4_longest_mutual_silence_s"": 4.418000000000006, ""observed_duration_s"": 124.0}",render
fm_196,pass_improvised_196_V00_S1569_I00001029_P0193A_f0004454,V00_S1569_I00001029_P0193A,improvised/train/0037/0033/V00_S1569_I00001029_P0193A,improvised/train/0037/0051/V00_S1569_I00001029_P1104A,pass_improvised,improvised,4454,V00,improvised,train,ipc_conversation,random draw from clips passing all four,"{""clip_anchored_on_violation"": false, ""flag_count"": 0, ""flags_fired"": """", ""fm1_knee_spread_over_torso_p50"": 0.35465434662318074, ""fm1_leg_over_torso_p50"": 1.2094931751023092, ""fm1_shin_verticality_p50"": 0.9965457656284804, ""fm2_in_frame_and_valid_frac"": 1.0, ""fm2_violation_run_max_frames"": 0.0, ""fm2_windowed_pass_frac"": 1.0, ""fm3_static_frac"": 0.16763085399449035, ""fm4_either_speaking_frac"": 0.8360495867768518, ""fm4_longest_mutual_silence_s"": 7.410000000000082, ""observed_duration_s"": 242.0}",render
fm_197,pass_improvised_197_V00_S0200_I00000307_P0003A_f0007377,V00_S0200_I00000307_P0003A,improvised/train/0004/0022/V00_S0200_I00000307_P0003A,improvised/train/0004/0039/V00_S0200_I00000307_P0271,pass_improvised,improvised,7377,V00,improvised,train,ipc_conversation,random draw from clips passing all four,"{""clip_anchored_on_violation"": false, ""flag_count"": 0, ""flags_fired"": """", ""fm1_knee_spread_over_torso_p50"": 0.03448293454645639, ""fm1_leg_over_torso_p50"": 1.4604238861100214, ""fm1_shin_verticality_p50"": 0.964403992179888, ""fm2_in_frame_and_valid_frac"": 1.0, ""fm2_violation_run_max_frames"": 0.0, ""fm2_windowed_pass_frac"": 1.0, ""fm3_static_frac"": 0.4613053613053613, ""fm4_either_speaking_frac"": 0.7684335664335664, ""fm4_longest_mutual_silence_s"": 5.137999999999977, ""observed_duration_s"": 286.0}",render
fm_198,pass_improvised_198_V00_S0336_I00000131_P0451_f0001350,V00_S0336_I00000131_P0451,improvised/train/0007/0027/V00_S0336_I00000131_P0451,improvised/train/0007/0007/V00_S0336_I00000131_P0040A,pass_improvised,improvised,1350,V00,improvised,train,ipc_conversation,random draw from clips passing all four,"{""clip_anchored_on_violation"": false, ""flag_count"": 0, ""flags_fired"": """", ""fm1_knee_spread_over_torso_p50"": 0.39924474914361796, ""fm1_leg_over_torso_p50"": 0.9991746077824946, ""fm1_shin_verticality_p50"": 0.999405998160309, ""fm2_in_frame_and_valid_frac"": 1.0, ""fm2_violation_run_max_frames"": 0.0, ""fm2_windowed_pass_frac"": 1.0, ""fm3_static_frac"": 0.20771604938271604, ""fm4_either_speaking_frac"": 0.8949444444444381, ""fm4_longest_mutual_silence_s"": 1.4760000000001128, ""observed_duration_s"": 108.0}",render
fm_199,pass_improvised_199_V00_S0091_I00000480_P0040A_f0003386,V00_S0091_I00000480_P0040A,improvised/train/0001/0015/V00_S0091_I00000480_P0040A,improvised/train/0001/0010/V00_S0091_I00000480_P0132,pass_improvised,improvised,3386,V00,improvised,train,ipc_conversation,random draw from clips passing all four,"{""clip_anchored_on_violation"": false, ""flag_count"": 0, ""flags_fired"": """", ""fm1_knee_spread_over_torso_p50"": 0.3749541138199285, ""fm1_leg_over_torso_p50"": 1.1587452881831892, ""fm1_shin_verticality_p50"": 0.9982743701575792, ""fm2_in_frame_and_valid_frac"": 1.0, ""fm2_violation_run_max_frames"": 0.0, ""fm2_windowed_pass_frac"": 1.0, ""fm3_static_frac"": 0.7096666666666667, ""fm4_either_speaking_frac"": 0.9051099999999985, ""fm4_longest_mutual_silence_s"": 4.6440000000000055, ""observed_duration_s"": 200.0}",render
fm_200,pass_improvised_200_V00_S0161_I00000537_P0150A_f0007103,V00_S0161_I00000537_P0150A,improvised/train/0003/0037/V00_S0161_I00000537_P0150A,improvised/train/0003/0000/V00_S0161_I00000537_P0231,pass_improvised,improvised,7103,V00,improvised,train,ipc_conversation,random draw from clips passing all four,"{""clip_anchored_on_violation"": false, ""flag_count"": 0, ""flags_fired"": """", ""fm1_knee_spread_over_torso_p50"": 0.38461550724483884, ""fm1_leg_over_torso_p50"": 1.5977102866474246, ""fm1_shin_verticality_p50"": 0.9996539187430602, ""fm2_in_frame_and_valid_frac"": 1.0, ""fm2_violation_run_max_frames"": 0.0, ""fm2_windowed_pass_frac"": 1.0, ""fm3_static_frac"": 0.6228855721393035, ""fm4_either_speaking_frac"": 0.807574626865671, ""fm4_longest_mutual_silence_s"": 5.8279999999999745, ""observed_duration_s"": 268.0}",render
fm_201,pass_improvised_201_V00_S1211_I00001139_P0869A_f0001100,V00_S1211_I00001139_P0869A,improvised/train/0027/0013/V00_S1211_I00001139_P0869A,improvised/train/0027/0011/V00_S1211_I00001139_P0464A,pass_improvised,improvised,1100,V00,improvised,train,ipc_conversation,random draw from clips passing all four,"{""clip_anchored_on_violation"": false, ""flag_count"": 0, ""flags_fired"": """", ""fm1_knee_spread_over_torso_p50"": 0.4545455244503211, ""fm1_leg_over_torso_p50"": 0.9848485135791397, ""fm1_shin_verticality_p50"": 0.9993628604219629, ""fm2_in_frame_and_valid_frac"": 1.0, ""fm2_violation_run_max_frames"": 0.0, ""fm2_windowed_pass_frac"": 1.0, ""fm3_static_frac"": 0.27970297029702973, ""fm4_either_speaking_frac"": 0.8913168316831742, ""fm4_longest_mutual_silence_s"": 2.1480000000001382, ""observed_duration_s"": 202.0}",render
