review_item_id,clip_id,file_id,source_relbase,partner_source_relbase,sample_group,vendor_stratum,label_stratum,start_frame,vendor,label,split,activity_type,selection_reason,signals_json,render_policy
r12_000,ask_pass_side_000_V00_S1597_I00001113_P1149A_f0003637,V00_S1597_I00001113_P1149A,improvised/train/0038/0037/V00_S1597_I00001113_P1149A,improvised/train/0038/0011/V00_S1597_I00001113_P0040A,ask_pass_side,V00,improvised,3637,V00,improvised,train,grounded_gesture,"V00, knee position 0.43-0.50 and passed FM1 — false-negative hunt","{""audio"": ""present"", ""audio_spectral_flatness"": 0.003490217258725173, ""audio_speech_level_db"": -48.4048839760693, ""audio_status"": ""ok"", ""audio_voice_isolation_db"": 12.534752353628862, ""flags_fired"": ""fm2_smplh_invalid"", ""fm0_reasons"": ""none"", ""fm1_ankles_visible_frac"": 1.0, ""fm1_hip_flexion_deg_p25"": 118.13493985841987, ""fm1_hip_flexion_deg_p50"": 122.62039609152421, ""fm1_hip_flexion_deg_p75"": 126.7309829144169, ""fm1_knee_between_torso_p50"": 0.47618048702370985, ""fm1_scope"": ""session majority over 1 files"", ""fm1_shin_verticality_p50"": 0.9979253098103376, ""fm2_smplh_valid_frac"": 0.9991452991452991, ""fm3_static_frac"": 0.1, ""fps"": 30.0, ""geom_body_roll_deg"": 0.8680469863868094, ""observed_duration_s"": 156.0, ""repair_applied"": ""none"", ""reproj_shoulder_widths_p50"": 0.11064356753784899, ""shown_raster"": ""1080x1920"", ""stored_raster"": ""1080x1920"", ""timebase"": ""consistent"", ""timebase_index_drift_s"": 0.0, ""unit_flagged_frac"": 0.0, ""vendor"": ""V00""}",render
r12_001,ask_pass_side_001_V00_S0373_I00000504_P0496_f0004423,V00_S0373_I00000504_P0496,naturalistic/train/0009/0009/V00_S0373_I00000504_P0496,naturalistic/train/0009/0041/V00_S0373_I00000504_P0336,ask_pass_side,V00,naturalistic,4423,V00,naturalistic,train,ipc_conversation,"V00, knee position 0.43-0.50 and passed FM1 — false-negative hunt","{""audio"": ""present"", ""audio_spectral_flatness"": 0.002183785449232389, ""audio_speech_level_db"": -48.819692248553835, ""audio_status"": ""ok"", ""audio_voice_isolation_db"": 13.718622734754643, ""flags_fired"": ""fm3_static_hands"", ""fm0_reasons"": ""none"", ""fm1_ankles_visible_frac"": 1.0, ""fm1_hip_flexion_deg_p25"": 116.73744296667797, ""fm1_hip_flexion_deg_p50"": 118.59073587933318, ""fm1_hip_flexion_deg_p75"": 120.44650959975326, ""fm1_knee_between_torso_p50"": 0.4912521584514473, ""fm1_scope"": ""session majority over 1 files"", ""fm1_shin_verticality_p50"": 0.9874406500307586, ""fm2_smplh_valid_frac"": 1.0, ""fm3_static_frac"": 0.9637152777777778, ""fps"": 30.0, ""geom_body_roll_deg"": -0.8680475637720513, ""observed_duration_s"": 192.0, ""repair_applied"": ""none"", ""reproj_shoulder_widths_p50"": 0.05776404923220246, ""shown_raster"": ""1080x1920"", ""stored_raster"": ""1080x1920"", ""timebase"": ""consistent"", ""timebase_index_drift_s"": 0.0, ""unit_flagged_frac"": 0.0, ""vendor"": ""V00""}",render
r12_002,ask_pass_side_002_V00_S0616_I00000462_P0768_f0000664,V00_S0616_I00000462_P0768,naturalistic/train/0017/0016/V00_S0616_I00000462_P0768,naturalistic/train/0017/0004/V00_S0616_I00000462_P0558,ask_pass_side,V00,naturalistic,664,V00,naturalistic,train,ipc_conversation,"V00, knee position 0.43-0.50 and passed FM1 — false-negative hunt","{""audio"": ""present"", ""audio_spectral_flatness"": 0.0019611755226559753, ""audio_speech_level_db"": -33.65265532871861, ""audio_status"": ""ok"", ""audio_voice_isolation_db"": 8.410467168621995, ""flags_fired"": ""none"", ""fm0_reasons"": ""none"", ""fm1_ankles_visible_frac"": 1.0, ""fm1_hip_flexion_deg_p25"": 120.59272275198418, ""fm1_hip_flexion_deg_p50"": 123.28848356022607, ""fm1_hip_flexion_deg_p75"": 126.06876447755008, ""fm1_knee_between_torso_p50"": 0.4858019243111854, ""fm1_scope"": ""session majority over 1 files"", ""fm1_shin_verticality_p50"": 0.9994449100771536, ""fm2_smplh_valid_frac"": 1.0, ""fm3_static_frac"": 0.7352777777777778, ""fps"": 30.0, ""geom_body_roll_deg"": 0.9093788834235874, ""observed_duration_s"": 120.0, ""repair_applied"": ""none"", ""reproj_shoulder_widths_p50"": 0.045104050045049776, ""shown_raster"": ""1080x1920"", ""stored_raster"": ""1080x1920"", ""timebase"": ""consistent"", ""timebase_index_drift_s"": 0.0, ""unit_flagged_frac"": 0.0, ""vendor"": ""V00""}",render
r12_003,ask_pass_side_003_V00_S0745_I00000480_P0241A_f0002340,V00_S0745_I00000480_P0241A,improvised/train/0014/0060/V00_S0745_I00000480_P0241A,improvised/train/0014/0031/V00_S0745_I00000480_P0893,ask_pass_side,V00,improvised,2340,V00,improvised,train,ipc_conversation,"V00, knee position 0.43-0.50 and passed FM1 — false-negative hunt","{""audio"": ""present"", ""audio_spectral_flatness"": 0.0021607847154513997, ""audio_speech_level_db"": -33.14446950931385, ""audio_status"": ""ok"", ""audio_voice_isolation_db"": 5.954702679450983, ""flags_fired"": ""fm2_smplh_invalid"", ""fm0_reasons"": ""none"", ""fm1_ankles_visible_frac"": 1.0, ""fm1_hip_flexion_deg_p25"": 136.31847241611172, ""fm1_hip_flexion_deg_p50"": 139.79155797213514, ""fm1_hip_flexion_deg_p75"": 143.84180097887452, ""fm1_knee_between_torso_p50"": 0.48946553039624624, ""fm1_scope"": ""session majority over 2 files"", ""fm1_shin_verticality_p50"": 0.9986178365244306, ""fm2_smplh_valid_frac"": 0.9463178294573643, ""fm3_static_frac"": 0.0, ""fps"": 30.0, ""geom_body_roll_deg"": -1.1457732068951072, ""observed_duration_s"": 172.0, ""repair_applied"": ""none"", ""reproj_shoulder_widths_p50"": 0.06293053461792995, ""shown_raster"": ""1080x1920"", ""stored_raster"": ""1080x1920"", ""timebase"": ""consistent"", ""timebase_index_drift_s"": 0.0, ""unit_flagged_frac"": 0.0, ""vendor"": ""V00""}",render
r12_004,ask_pass_side_004_V00_S0673_I00000542_P0012A_f0000072,V00_S0673_I00000542_P0012A,improvised/train/0013/0031/V00_S0673_I00000542_P0012A,improvised/train/0013/0047/V00_S0673_I00000542_P0830,ask_pass_side,V00,improvised,72,V00,improvised,train,ipc_conversation,"V00, knee position 0.43-0.50 and passed FM1 — false-negative hunt","{""audio"": ""present"", ""audio_spectral_flatness"": 0.0025898158452793887, ""audio_speech_level_db"": -48.56027444362513, ""audio_status"": ""ok"", ""audio_voice_isolation_db"": 4.760817486343926, ""flags_fired"": ""fm3_static_hands"", ""fm0_reasons"": ""none"", ""fm1_ankles_visible_frac"": 1.0, ""fm1_hip_flexion_deg_p25"": 125.26763439885312, ""fm1_hip_flexion_deg_p50"": 126.57151702631157, ""fm1_hip_flexion_deg_p75"": 127.96563778347311, ""fm1_knee_between_torso_p50"": 0.45516007605368647, ""fm1_scope"": ""session majority over 2 files"", ""fm1_shin_verticality_p50"": 0.9999999999999762, ""fm2_smplh_valid_frac"": 1.0, ""fm3_static_frac"": 0.8708920187793427, ""fps"": 30.0, ""geom_body_roll_deg"": 1.0050902021362036, ""observed_duration_s"": 142.0, ""repair_applied"": ""none"", ""reproj_shoulder_widths_p50"": 0.059323129779233874, ""shown_raster"": ""1080x1920"", ""stored_raster"": ""1080x1920"", ""timebase"": ""consistent"", ""timebase_index_drift_s"": 0.0, ""unit_flagged_frac"": 0.0, ""vendor"": ""V00""}",render
r12_005,ask_pass_side_005_V00_S0387_I00000462_P0512_f0000388,V00_S0387_I00000462_P0512,naturalistic/train/0010/0037/V00_S0387_I00000462_P0512,naturalistic/train/0010/0011/V00_S0387_I00000462_P0513,ask_pass_side,V00,naturalistic,388,V00,naturalistic,train,ipc_conversation,"V00, knee position 0.43-0.50 and passed FM1 — false-negative hunt","{""audio"": ""present"", ""audio_spectral_flatness"": 0.002261279144764127, ""audio_speech_level_db"": -42.84022085239772, ""audio_status"": ""ok"", ""audio_voice_isolation_db"": 14.272813192066831, ""flags_fired"": ""none"", ""fm0_reasons"": ""none"", ""fm1_ankles_visible_frac"": 1.0, ""fm1_hip_flexion_deg_p25"": 124.4637609460089, ""fm1_hip_flexion_deg_p50"": 126.62496486822351, ""fm1_hip_flexion_deg_p75"": 136.06971067992987, ""fm1_knee_between_torso_p50"": 0.45159100750191095, ""fm1_scope"": ""session majority over 2 files"", ""fm1_shin_verticality_p50"": 0.9996714348993032, ""fm2_smplh_valid_frac"": 1.0, ""fm3_static_frac"": 0.6063063063063063, ""fps"": 30.0, ""geom_body_roll_deg"": 4.085617381180347, ""observed_duration_s"": 222.0, ""repair_applied"": ""none"", ""reproj_shoulder_widths_p50"": 0.07299604382969176, ""shown_raster"": ""1080x1920"", ""stored_raster"": ""1080x1920"", ""timebase"": ""consistent"", ""timebase_index_drift_s"": 0.0, ""unit_flagged_frac"": 0.0, ""vendor"": ""V00""}",render
r12_006,ask_pass_side_006_V00_S0461_I00000383_P0457_f0000135,V00_S0461_I00000383_P0457,naturalistic/train/0012/0040/V00_S0461_I00000383_P0457,naturalistic/train/0012/0007/V00_S0461_I00000383_P0139,ask_pass_side,V00,naturalistic,135,V00,naturalistic,train,ipc_conversation,"V00, knee position 0.43-0.50 and passed FM1 — false-negative hunt","{""audio"": ""present"", ""audio_spectral_flatness"": 0.006143092849166372, ""audio_speech_level_db"": -41.10608038560763, ""audio_status"": ""ok"", ""audio_voice_isolation_db"": 8.584380972064249, ""flags_fired"": ""fm2_smplh_invalid"", ""fm0_reasons"": ""none"", ""fm1_ankles_visible_frac"": 1.0, ""fm1_hip_flexion_deg_p25"": 128.63284513465595, ""fm1_hip_flexion_deg_p50"": 132.28768592709395, ""fm1_hip_flexion_deg_p75"": 135.52263081883456, ""fm1_knee_between_torso_p50"": 0.4948478198766253, ""fm1_scope"": ""session majority over 2 files"", ""fm1_shin_verticality_p50"": 0.9994449046346655, ""fm2_smplh_valid_frac"": 0.9968599033816425, ""fm3_static_frac"": 0.08804347826086957, ""fps"": 30.0, ""geom_body_roll_deg"": 0.9391890668096985, ""observed_duration_s"": 276.0, ""repair_applied"": ""none"", ""reproj_shoulder_widths_p50"": 0.039712648631409206, ""shown_raster"": ""1080x1920"", ""stored_raster"": ""1080x1920"", ""timebase"": ""consistent"", ""timebase_index_drift_s"": 0.0, ""unit_flagged_frac"": 0.0, ""vendor"": ""V00""}",render
r12_007,ask_pass_side_007_V00_S1297_I00000200_P1019_f0000923,V00_S1297_I00000200_P1019,naturalistic/train/0027/0014/V00_S1297_I00000200_P1019,naturalistic/train/0027/0020/V00_S1297_I00000200_P1123,ask_pass_side,V00,naturalistic,923,V00,naturalistic,train,ipc_conversation,"V00, knee position 0.43-0.50 and passed FM1 — false-negative hunt","{""audio"": ""present"", ""audio_spectral_flatness"": 0.0006613454773874655, ""audio_speech_level_db"": -34.47480583838063, ""audio_status"": ""ok"", ""audio_voice_isolation_db"": 2.766675657525349, ""flags_fired"": ""fm2_smplh_invalid"", ""fm0_reasons"": ""none"", ""fm1_ankles_visible_frac"": 1.0, ""fm1_hip_flexion_deg_p25"": 128.47235012540065, ""fm1_hip_flexion_deg_p50"": 132.15018447174472, ""fm1_hip_flexion_deg_p75"": 137.65099539306675, ""fm1_knee_between_torso_p50"": 0.47121178040973977, ""fm1_scope"": ""session majority over 1 files"", ""fm1_shin_verticality_p50"": 0.9997166740868467, ""fm2_smplh_valid_frac"": 0.9647540983606557, ""fm3_static_frac"": 0.001912568306010929, ""fps"": 30.0, ""geom_body_roll_deg"": -0.9710213746877596, ""observed_duration_s"": 122.0, ""repair_applied"": ""none"", ""reproj_shoulder_widths_p50"": 0.07697643262667092, ""shown_raster"": ""1080x1920"", ""stored_raster"": ""1080x1920"", ""timebase"": ""consistent"", ""timebase_index_drift_s"": 0.0, ""unit_flagged_frac"": 0.0, ""vendor"": ""V00""}",render
r12_008,ask_pass_side_008_V00_S0636_I00000502_P0012A_f0001995,V00_S0636_I00000502_P0012A,improvised/train/0012/0044/V00_S0636_I00000502_P0012A,improvised/train/0012/0009/V00_S0636_I00000502_P0794,ask_pass_side,V00,improvised,1995,V00,improvised,train,ipc_conversation,"V00, knee position 0.43-0.50 and passed FM1 — false-negative hunt","{""audio"": ""present"", ""audio_spectral_flatness"": 0.0020420559305929405, ""audio_speech_level_db"": -32.9933145228683, ""audio_status"": ""ok"", ""audio_voice_isolation_db"": 4.159532990391744, ""flags_fired"": ""fm2_smplh_invalid"", ""fm0_reasons"": ""none"", ""fm1_ankles_visible_frac"": 1.0, ""fm1_hip_flexion_deg_p25"": 134.21235884715182, ""fm1_hip_flexion_deg_p50"": 136.1040188212449, ""fm1_hip_flexion_deg_p75"": 139.3154030720084, ""fm1_knee_between_torso_p50"": 0.4950215958869524, ""fm1_scope"": ""session majority over 1 files"", ""fm1_shin_verticality_p50"": 0.9996349692477211, ""fm2_smplh_valid_frac"": 0.9990740740740741, ""fm3_static_frac"": 0.6848148148148148, ""fps"": 30.0, ""geom_body_roll_deg"": 1.9414863909143774, ""observed_duration_s"": 180.0, ""repair_applied"": ""none"", ""reproj_shoulder_widths_p50"": 0.10545793469712744, ""shown_raster"": ""1080x1920"", ""stored_raster"": ""1080x1920"", ""timebase"": ""consistent"", ""timebase_index_drift_s"": 0.0, ""unit_flagged_frac"": 0.0, ""vendor"": ""V00""}",render
r12_009,ask_pass_side_009_V00_S0320_I00000313_P0432_f0000950,V00_S0320_I00000313_P0432,naturalistic/train/0008/0023/V00_S0320_I00000313_P0432,naturalistic/train/0008/0017/V00_S0320_I00000313_P0434,ask_pass_side,V00,naturalistic,950,V00,naturalistic,train,ipc_conversation,"V00, knee position 0.43-0.50 and passed FM1 — false-negative hunt","{""audio"": ""present"", ""audio_spectral_flatness"": 0.0020838837366563587, ""audio_speech_level_db"": -52.534628156013135, ""audio_status"": ""ok"", ""audio_voice_isolation_db"": 25.431123232067975, ""flags_fired"": ""fm3_static_hands"", ""fm0_reasons"": ""none"", ""fm1_ankles_visible_frac"": 1.0, ""fm1_hip_flexion_deg_p25"": 118.84628404030207, ""fm1_hip_flexion_deg_p50"": 120.40062403478008, ""fm1_hip_flexion_deg_p75"": 122.89070364598417, ""fm1_knee_between_torso_p50"": 0.4901988685695303, ""fm1_scope"": ""session majority over 4 files"", ""fm1_shin_verticality_p50"": 0.9994059987381299, ""fm2_smplh_valid_frac"": 1.0, ""fm3_static_frac"": 0.7909090909090909, ""fps"": 30.0, ""geom_body_roll_deg"": 0.0, ""observed_duration_s"": 88.0, ""repair_applied"": ""none"", ""reproj_shoulder_widths_p50"": 0.0729513881923262, ""shown_raster"": ""1080x1920"", ""stored_raster"": ""1080x1920"", ""timebase"": ""consistent"", ""timebase_index_drift_s"": 0.0, ""unit_flagged_frac"": 0.0, ""vendor"": ""V00""}",render
r12_010,ask_pass_side_010_V00_S0503_I00000373_P0645_f0003939,V00_S0503_I00000373_P0645,naturalistic/train/0013/0002/V00_S0503_I00000373_P0645,naturalistic/train/0013/0031/V00_S0503_I00000373_P0120,ask_pass_side,V00,naturalistic,3939,V00,naturalistic,train,ipc_conversation,"V00, knee position 0.50-0.57 and passed FM1 — false-negative hunt","{""audio"": ""present"", ""audio_spectral_flatness"": 0.00733667293786082, ""audio_speech_level_db"": -41.589278562507765, ""audio_status"": ""ok"", ""audio_voice_isolation_db"": 8.212843500849509, ""flags_fired"": ""fm2_smplh_invalid"", ""fm0_reasons"": ""none"", ""fm1_ankles_visible_frac"": 1.0, ""fm1_hip_flexion_deg_p25"": 145.10526673539226, ""fm1_hip_flexion_deg_p50"": 148.25366595726075, ""fm1_hip_flexion_deg_p75"": 152.77642628030839, ""fm1_knee_between_torso_p50"": 0.5275360239281239, ""fm1_scope"": ""session majority over 3 files"", ""fm1_shin_verticality_p50"": 0.9965457735255128, ""fm2_smplh_valid_frac"": 0.9662429378531073, ""fm3_static_frac"": 0.01228813559322034, ""fps"": 30.0, ""geom_body_roll_deg"": -8.559666217544474e-06, ""observed_duration_s"": 236.0, ""repair_applied"": ""none"", ""reproj_shoulder_widths_p50"": 0.05398020690328402, ""shown_raster"": ""1080x1920"", ""stored_raster"": ""1080x1920"", ""timebase"": ""consistent"", ""timebase_index_drift_s"": 0.0, ""unit_flagged_frac"": 0.0, ""vendor"": ""V00""}",render
r12_011,ask_pass_side_011_V00_S0656_I00000373_P0814_f0000841,V00_S0656_I00000373_P0814,naturalistic/train/0019/0008/V00_S0656_I00000373_P0814,naturalistic/train/0019/0006/V00_S0656_I00000373_P0813,ask_pass_side,V00,naturalistic,841,V00,naturalistic,train,ipc_conversation,"V00, knee position 0.50-0.57 and passed FM1 — false-negative hunt","{""audio"": ""present"", ""audio_spectral_flatness"": 0.0016241089441224456, ""audio_speech_level_db"": -40.82626512778657, ""audio_status"": ""ok"", ""audio_voice_isolation_db"": 6.467508522430599, ""flags_fired"": ""fm2_smplh_invalid"", ""fm0_reasons"": ""none"", ""fm1_ankles_visible_frac"": 1.0, ""fm1_hip_flexion_deg_p25"": 133.2087583229765, ""fm1_hip_flexion_deg_p50"": 140.31196605573427, ""fm1_hip_flexion_deg_p75"": 147.8841407131052, ""fm1_knee_between_torso_p50"": 0.5258586854105282, ""fm1_scope"": ""session majority over 1 files"", ""fm1_shin_verticality_p50"": 0.9996144233875256, ""fm2_smplh_valid_frac"": 0.9898550724637681, ""fm3_static_frac"": 0.06811594202898551, ""fps"": 30.0, ""geom_body_roll_deg"": -0.9548362816167558, ""observed_duration_s"": 138.0, ""repair_applied"": ""none"", ""reproj_shoulder_widths_p50"": 0.04304664474664527, ""shown_raster"": ""1080x1920"", ""stored_raster"": ""1080x1920"", ""timebase"": ""consistent"", ""timebase_index_drift_s"": 0.0, ""unit_flagged_frac"": 0.0, ""vendor"": ""V00""}",render
r12_012,ask_pass_side_012_V00_S0763_I00000385_P0546_f0000461,V00_S0763_I00000385_P0546,naturalistic/train/0021/0032/V00_S0763_I00000385_P0546,naturalistic/train/0021/0039/V00_S0763_I00000385_P0898,ask_pass_side,V00,naturalistic,461,V00,naturalistic,train,ipc_conversation,"V00, knee position 0.50-0.57 and passed FM1 — false-negative hunt","{""audio"": ""present"", ""audio_spectral_flatness"": 0.0011833408476536963, ""audio_speech_level_db"": -35.89136231527901, ""audio_status"": ""ok"", ""audio_voice_isolation_db"": 3.919381871371507, ""flags_fired"": ""fm2_smplh_invalid"", ""fm0_reasons"": ""none"", ""fm1_ankles_visible_frac"": 1.0, ""fm1_hip_flexion_deg_p25"": 126.92851067257891, ""fm1_hip_flexion_deg_p50"": 133.61683979806514, ""fm1_hip_flexion_deg_p75"": 140.56091598515488, ""fm1_knee_between_torso_p50"": 0.5370788336766599, ""fm1_scope"": ""session majority over 2 files"", ""fm1_shin_verticality_p50"": 0.9994060066919932, ""fm2_smplh_valid_frac"": 0.8947368421052632, ""fm3_static_frac"": 0.02236842105263158, ""fps"": 30.0, ""geom_body_roll_deg"": 0.8551013814791804, ""observed_duration_s"": 76.0, ""repair_applied"": ""none"", ""reproj_shoulder_widths_p50"": 0.05616718476365329, ""shown_raster"": ""1080x1920"", ""stored_raster"": ""1080x1920"", ""timebase"": ""consistent"", ""timebase_index_drift_s"": 0.0, ""unit_flagged_frac"": 0.0, ""vendor"": ""V00""}",render
r12_013,ask_pass_side_013_V00_S1883_I00000071_P0058_f0000333,V00_S1883_I00000071_P0058,naturalistic/train/0030/0010/V00_S1883_I00000071_P0058,naturalistic/train/0030/0047/V00_S1883_I00000071_P1194,ask_pass_side,V00,naturalistic,333,V00,naturalistic,train,ipc_conversation,"V00, knee position 0.50-0.57 and passed FM1 — false-negative hunt","{""audio"": ""present"", ""audio_spectral_flatness"": 0.0025651078296666453, ""audio_speech_level_db"": -51.3064729452764, ""audio_status"": ""ok"", ""audio_voice_isolation_db"": 17.486213216426727, ""flags_fired"": ""fm3_static_hands"", ""fm0_reasons"": ""none"", ""fm1_ankles_visible_frac"": 1.0, ""fm1_hip_flexion_deg_p25"": 137.93439069294345, ""fm1_hip_flexion_deg_p50"": 139.38470122937304, ""fm1_hip_flexion_deg_p75"": 141.17788777429385, ""fm1_knee_between_torso_p50"": 0.5022393087444924, ""fm1_scope"": ""session majority over 2 files"", ""fm1_shin_verticality_p50"": 0.9987523388778446, ""fm2_smplh_valid_frac"": 1.0, ""fm3_static_frac"": 0.7703869047619047, ""fps"": 30.0, ""geom_body_roll_deg"": 0.0, ""observed_duration_s"": 224.0, ""repair_applied"": ""none"", ""reproj_shoulder_widths_p50"": 0.08439868316681143, ""shown_raster"": ""1080x1920"", ""stored_raster"": ""1080x1920"", ""timebase"": ""consistent"", ""timebase_index_drift_s"": 0.0, ""unit_flagged_frac"": 0.0, ""vendor"": ""V00""}",render
r12_014,ask_pass_side_014_V00_S1639_I00000665_P0893A_f0000742,V00_S1639_I00000665_P0893A,improvised/train/0039/0026/V00_S1639_I00000665_P0893A,improvised/train/0039/0051/V00_S1639_I00000665_P0989A,ask_pass_side,V00,improvised,742,V00,improvised,train,ipc_conversation,"V00, knee position 0.50-0.57 and passed FM1 — false-negative hunt","{""audio"": ""present"", ""audio_spectral_flatness"": 0.008169158662358742, ""audio_speech_level_db"": -44.89186597343313, ""audio_status"": ""ok"", ""audio_voice_isolation_db"": 9.024549030993024, ""flags_fired"": ""none"", ""fm0_reasons"": ""none"", ""fm1_ankles_visible_frac"": 1.0, ""fm1_hip_flexion_deg_p25"": 160.0590855963698, ""fm1_hip_flexion_deg_p50"": 163.70528466549402, ""fm1_hip_flexion_deg_p75"": 165.7144358969086, ""fm1_knee_between_torso_p50"": 0.5686558274832887, ""fm1_scope"": ""session majority over 1 files"", ""fm1_shin_verticality_p50"": 0.9996714297904898, ""fm2_smplh_valid_frac"": 1.0, ""fm3_static_frac"": 0.028110599078341014, ""fps"": 30.0, ""geom_body_roll_deg"": 0.9710326220163665, ""observed_duration_s"": 434.0, ""repair_applied"": ""none"", ""reproj_shoulder_widths_p50"": 0.043931777431714836, ""shown_raster"": ""1080x1920"", ""stored_raster"": ""1080x1920"", ""timebase"": ""consistent"", ""timebase_index_drift_s"": 0.0, ""unit_flagged_frac"": 0.0, ""vendor"": ""V00""}",render
r12_015,ask_pass_side_015_V00_S0128_I00000579_P0189_f0003977,V00_S0128_I00000579_P0189,improvised/train/0002/0001/V00_S0128_I00000579_P0189,improvised/train/0002/0021/V00_S0128_I00000579_P0040A,ask_pass_side,V00,improvised,3977,V00,improvised,train,ipc_conversation,"V00, knee position 0.50-0.57 and passed FM1 — false-negative hunt","{""audio"": ""present"", ""audio_spectral_flatness"": 0.0017141850473967196, ""audio_speech_level_db"": -39.19568108956558, ""audio_status"": ""ok"", ""audio_voice_isolation_db"": 3.89536424447802, ""flags_fired"": ""none"", ""fm0_reasons"": ""none"", ""fm1_ankles_visible_frac"": 1.0, ""fm1_hip_flexion_deg_p25"": 132.28793409709579, ""fm1_hip_flexion_deg_p50"": 137.91114694505876, ""fm1_hip_flexion_deg_p75"": 142.73910434894108, ""fm1_knee_between_torso_p50"": 0.5183581305335377, ""fm1_scope"": ""session majority over 1 files"", ""fm1_shin_verticality_p50"": 0.9984603469720292, ""fm2_smplh_valid_frac"": 1.0, ""fm3_static_frac"": 0.028125, ""fps"": 30.0, ""geom_body_roll_deg"": 2.9108390350890367, ""observed_duration_s"": 288.0, ""repair_applied"": ""none"", ""reproj_shoulder_widths_p50"": 0.0600696955237696, ""shown_raster"": ""1080x1920"", ""stored_raster"": ""1080x1920"", ""timebase"": ""consistent"", ""timebase_index_drift_s"": 0.0, ""unit_flagged_frac"": 0.0, ""vendor"": ""V00""}",render
r12_016,ask_pass_side_016_V00_S0880_I00000487_P0967_f0004589,V00_S0880_I00000487_P0967,naturalistic/train/0023/0020/V00_S0880_I00000487_P0967,naturalistic/train/0023/0019/V00_S0880_I00000487_P0658A,ask_pass_side,V00,naturalistic,4589,V00,naturalistic,train,ipc_conversation,"V00, knee position 0.50-0.57 and passed FM1 — false-negative hunt","{""audio"": ""present"", ""audio_spectral_flatness"": 0.0011269594775684154, ""audio_speech_level_db"": -40.927508129827935, ""audio_status"": ""ok"", ""audio_voice_isolation_db"": 5.663577095670789, ""flags_fired"": ""none"", ""fm0_reasons"": ""none"", ""fm1_ankles_visible_frac"": 1.0, ""fm1_hip_flexion_deg_p25"": 156.75659163805813, ""fm1_hip_flexion_deg_p50"": 158.24145876855866, ""fm1_hip_flexion_deg_p75"": 159.58710544717874, ""fm1_knee_between_torso_p50"": 0.5576044950068321, ""fm1_scope"": ""session majority over 3 files"", ""fm1_shin_verticality_p50"": 0.99875233363487, ""fm2_smplh_valid_frac"": 1.0, ""fm3_static_frac"": 0.3033816425120773, ""fps"": 30.0, ""geom_body_roll_deg"": 1.7899191936232945, ""observed_duration_s"": 276.0, ""repair_applied"": ""none"", ""reproj_shoulder_widths_p50"": 0.03954015906737299, ""shown_raster"": ""1080x1920"", ""stored_raster"": ""1080x1920"", ""timebase"": ""consistent"", ""timebase_index_drift_s"": 0.0, ""unit_flagged_frac"": 0.0, ""vendor"": ""V00""}",render
r12_017,ask_pass_side_017_V00_S0289_I00000503_P0392_f0002141,V00_S0289_I00000503_P0392,naturalistic/train/0007/0041/V00_S0289_I00000503_P0392,naturalistic/train/0007/0003/V00_S0289_I00000503_P0393,ask_pass_side,V00,naturalistic,2141,V00,naturalistic,train,grounded_gesture,"V00, knee position 0.50-0.57 and passed FM1 — false-negative hunt","{""audio"": ""present"", ""audio_spectral_flatness"": 0.0007627079078448123, ""audio_speech_level_db"": -47.951620087836076, ""audio_status"": ""ok"", ""audio_voice_isolation_db"": 44.875950362404794, ""flags_fired"": ""fm2_smplh_invalid"", ""fm0_reasons"": ""none"", ""fm1_ankles_visible_frac"": 1.0, ""fm1_hip_flexion_deg_p25"": 118.18622208431984, ""fm1_hip_flexion_deg_p50"": 120.64065679975829, ""fm1_hip_flexion_deg_p75"": 123.47612944934508, ""fm1_knee_between_torso_p50"": 0.5403912094310017, ""fm1_scope"": ""session majority over 3 files"", ""fm1_shin_verticality_p50"": 0.9899494776541627, ""fm2_smplh_valid_frac"": 0.9755020080321285, ""fm3_static_frac"": 0.16164658634538154, ""fps"": 30.0, ""geom_body_roll_deg"": 4.830419778924724, ""observed_duration_s"": 166.0, ""repair_applied"": ""none"", ""reproj_shoulder_widths_p50"": 0.058792825043343, ""shown_raster"": ""1080x1920"", ""stored_raster"": ""1080x1920"", ""timebase"": ""consistent"", ""timebase_index_drift_s"": 0.0, ""unit_flagged_frac"": 0.0, ""vendor"": ""V00""}",render
r12_018,ask_pass_side_018_V00_S1996_I00000267_P0420_f0003183,V00_S1996_I00000267_P0420,naturalistic/train/0033/0064/V00_S1996_I00000267_P0420,naturalistic/train/0033/0030/V00_S1996_I00000267_P1169,ask_pass_side,V00,naturalistic,3183,V00,naturalistic,train,ipc_conversation,"V00, knee position 0.50-0.57 and passed FM1 — false-negative hunt","{""audio"": ""present"", ""audio_spectral_flatness"": 0.0005357647395910921, ""audio_speech_level_db"": -38.36376664406112, ""audio_status"": ""ok"", ""audio_voice_isolation_db"": 6.7510610299064915, ""flags_fired"": ""fm2_smplh_invalid"", ""fm0_reasons"": ""none"", ""fm1_ankles_visible_frac"": 1.0, ""fm1_hip_flexion_deg_p25"": 153.0357388763475, ""fm1_hip_flexion_deg_p50"": 156.83313749352436, ""fm1_hip_flexion_deg_p75"": 159.07767137520716, ""fm1_knee_between_torso_p50"": 0.5250798282421134, ""fm1_scope"": ""session majority over 3 files"", ""fm1_shin_verticality_p50"": 0.999013805874645, ""fm2_smplh_valid_frac"": 0.719047619047619, ""fm3_static_frac"": 0.021875, ""fps"": 30.0, ""geom_body_roll_deg"": 3.1221193524011834, ""observed_duration_s"": 224.0, ""repair_applied"": ""none"", ""reproj_shoulder_widths_p50"": 0.062155823210669474, ""shown_raster"": ""1080x1920"", ""stored_raster"": ""1080x1920"", ""timebase"": ""consistent"", ""timebase_index_drift_s"": 0.0, ""unit_flagged_frac"": 0.0, ""vendor"": ""V00""}",render
r12_019,ask_pass_side_019_V00_S1720_I00000675_P1024A_f0000866,V00_S1720_I00000675_P1024A,improvised/train/0042/0030/V00_S1720_I00000675_P1024A,improvised/train/0042/0025/V00_S1720_I00000675_P1047A,ask_pass_side,V00,improvised,866,V00,improvised,train,ipc_conversation,"V00, knee position 0.50-0.57 and passed FM1 — false-negative hunt","{""audio"": ""present"", ""audio_spectral_flatness"": 0.0019155901937106768, ""audio_speech_level_db"": -48.0310932338369, ""audio_status"": ""ok"", ""audio_voice_isolation_db"": 10.597900263468569, ""flags_fired"": ""fm2_smplh_invalid"", ""fm0_reasons"": ""none"", ""fm1_ankles_visible_frac"": 1.0, ""fm1_hip_flexion_deg_p25"": 135.4670284390215, ""fm1_hip_flexion_deg_p50"": 145.046110357676, ""fm1_hip_flexion_deg_p75"": 151.10818896889185, ""fm1_knee_between_torso_p50"": 0.5570862024539482, ""fm1_scope"": ""session majority over 2 files"", ""fm1_shin_verticality_p50"": 0.998052570161015, ""fm2_smplh_valid_frac"": 0.9623809523809523, ""fm3_static_frac"": 0.20607142857142857, ""fps"": 30.0, ""geom_body_roll_deg"": 2.6837700094361034, ""observed_duration_s"": 280.0, ""repair_applied"": ""none"", ""reproj_shoulder_widths_p50"": 0.05481230747248481, ""shown_raster"": ""1080x1920"", ""stored_raster"": ""1080x1920"", ""timebase"": ""consistent"", ""timebase_index_drift_s"": 0.0, ""unit_flagged_frac"": 0.0, ""vendor"": ""V00""}",render
r12_020,ask_pass_side_020_V00_S0978_I00001040_P0120A_f0005779,V00_S0978_I00001040_P0120A,improvised/train/0020/0047/V00_S0978_I00001040_P0120A,improvised/train/0020/0028/V00_S0978_I00001040_P1047A,ask_pass_side,V00,improvised,5779,V00,improvised,train,ipc_conversation,"V00, knee position 0.57-0.64 and passed FM1 — false-negative hunt","{""audio"": ""present"", ""audio_spectral_flatness"": 0.0008257763169823069, ""audio_speech_level_db"": -42.53958749139687, ""audio_status"": ""ok"", ""audio_voice_isolation_db"": 5.650509146367816, ""flags_fired"": ""none"", ""fm0_reasons"": ""none"", ""fm1_ankles_visible_frac"": 1.0, ""fm1_hip_flexion_deg_p25"": 153.66944259237317, ""fm1_hip_flexion_deg_p50"": 155.97470542412225, ""fm1_hip_flexion_deg_p75"": 158.01860835867626, ""fm1_knee_between_torso_p50"": 0.600808265358295, ""fm1_scope"": ""session majority over 1 files"", ""fm1_shin_verticality_p50"": 0.9995920876091435, ""fm2_smplh_valid_frac"": 1.0, ""fm3_static_frac"": 0.013605442176870748, ""fps"": 30.0, ""geom_body_roll_deg"": -7.313773054458893e-06, ""observed_duration_s"": 392.0, ""repair_applied"": ""none"", ""reproj_shoulder_widths_p50"": 0.15109035495987977, ""shown_raster"": ""1080x1920"", ""stored_raster"": ""1080x1920"", ""timebase"": ""consistent"", ""timebase_index_drift_s"": 0.0, ""unit_flagged_frac"": 0.0, ""vendor"": ""V00""}",render
r12_021,ask_pass_side_021_V00_S0637_I00000307_P0796_f0002240,V00_S0637_I00000307_P0796,naturalistic/train/0018/0020/V00_S0637_I00000307_P0796,naturalistic/train/0018/0028/V00_S0637_I00000307_P0795,ask_pass_side,V00,naturalistic,2240,V00,naturalistic,train,ipc_conversation,"V00, knee position 0.57-0.64 and passed FM1 — false-negative hunt","{""audio"": ""present"", ""audio_spectral_flatness"": 0.0034411833264300466, ""audio_speech_level_db"": -34.72310039367787, ""audio_status"": ""ok"", ""audio_voice_isolation_db"": 24.509528468414526, ""flags_fired"": ""fm2_smplh_invalid"", ""fm0_reasons"": ""none"", ""fm1_ankles_visible_frac"": 1.0, ""fm1_hip_flexion_deg_p25"": 151.48535955559873, ""fm1_hip_flexion_deg_p50"": 152.35581889121067, ""fm1_hip_flexion_deg_p75"": 153.5280250593123, ""fm1_knee_between_torso_p50"": 0.5773049596497912, ""fm1_scope"": ""session majority over 1 files"", ""fm1_shin_verticality_p50"": 0.9996144212957827, ""fm2_smplh_valid_frac"": 0.9910493827160494, ""fm3_static_frac"": 0.6688271604938272, ""fps"": 30.0, ""geom_body_roll_deg"": 6.697913763526127e-06, ""observed_duration_s"": 108.0, ""repair_applied"": ""none"", ""reproj_shoulder_widths_p50"": 0.14488578187960968, ""shown_raster"": ""1080x1920"", ""stored_raster"": ""1080x1920"", ""timebase"": ""consistent"", ""timebase_index_drift_s"": 0.0, ""unit_flagged_frac"": 0.0, ""vendor"": ""V00""}",render
r12_022,ask_pass_side_022_V00_S0576_I00000478_P0726_f0002234,V00_S0576_I00000478_P0726,naturalistic/train/0016/0002/V00_S0576_I00000478_P0726,naturalistic/train/0016/0009/V00_S0576_I00000478_P0727,ask_pass_side,V00,naturalistic,2234,V00,naturalistic,train,ipc_conversation,"V00, knee position 0.57-0.64 and passed FM1 — false-negative hunt","{""audio"": ""present"", ""audio_spectral_flatness"": 0.0008601361247316005, ""audio_speech_level_db"": -42.18132784785642, ""audio_status"": ""ok"", ""audio_voice_isolation_db"": 6.97019808987815, ""flags_fired"": ""fm2_smplh_invalid"", ""fm0_reasons"": ""none"", ""fm1_ankles_visible_frac"": 1.0, ""fm1_hip_flexion_deg_p25"": 154.94540131757472, ""fm1_hip_flexion_deg_p50"": 156.93047621438706, ""fm1_hip_flexion_deg_p75"": 158.9141248960068, ""fm1_knee_between_torso_p50"": 0.5854282180407016, ""fm1_scope"": ""session majority over 4 files"", ""fm1_shin_verticality_p50"": 0.9994059944279967, ""fm2_smplh_valid_frac"": 0.9960606060606061, ""fm3_static_frac"": 0.6193939393939394, ""fps"": 30.0, ""geom_body_roll_deg"": -1.7623845527709274, ""observed_duration_s"": 110.0, ""repair_applied"": ""none"", ""reproj_shoulder_widths_p50"": 0.07674393589093742, ""shown_raster"": ""1080x1920"", ""stored_raster"": ""1080x1920"", ""timebase"": ""consistent"", ""timebase_index_drift_s"": 0.0, ""unit_flagged_frac"": 0.0, ""vendor"": ""V00""}",render
r12_023,ask_pass_side_023_V00_S0506_I00000377_P0647_f0000993,V00_S0506_I00000377_P0647,naturalistic/train/0014/0039/V00_S0506_I00000377_P0647,naturalistic/train/0014/0025/V00_S0506_I00000377_P0558,ask_pass_side,V00,naturalistic,993,V00,naturalistic,train,ipc_conversation,"V00, knee position 0.57-0.64 and passed FM1 — false-negative hunt","{""audio"": ""present"", ""audio_spectral_flatness"": 0.002080428659560491, ""audio_speech_level_db"": -35.7407814359921, ""audio_status"": ""ok"", ""audio_voice_isolation_db"": 2.722315239358558, ""flags_fired"": ""fm2_smplh_invalid"", ""fm0_reasons"": ""none"", ""fm1_ankles_visible_frac"": 1.0, ""fm1_hip_flexion_deg_p25"": 156.4616070220603, ""fm1_hip_flexion_deg_p50"": 158.81715070011327, ""fm1_hip_flexion_deg_p75"": 161.9982089319649, ""fm1_knee_between_torso_p50"": 0.5740057826775888, ""fm1_scope"": ""session majority over 6 files"", ""fm1_shin_verticality_p50"": 0.9996714348094735, ""fm2_smplh_valid_frac"": 0.9901515151515151, ""fm3_static_frac"": 0.29715909090909093, ""fps"": 30.0, ""geom_body_roll_deg"": 0.9548421353324359, ""observed_duration_s"": 176.0, ""repair_applied"": ""none"", ""reproj_shoulder_widths_p50"": 0.06365987480536656, ""shown_raster"": ""1080x1920"", ""stored_raster"": ""1080x1920"", ""timebase"": ""consistent"", ""timebase_index_drift_s"": 0.0, ""unit_flagged_frac"": 0.0, ""vendor"": ""V00""}",render
r12_024,ask_pass_side_024_V00_S0151_I00000487_P0214_f0000440,V00_S0151_I00000487_P0214,naturalistic/train/0003/0014/V00_S0151_I00000487_P0214,naturalistic/train/0003/0004/V00_S0151_I00000487_P0215,ask_pass_side,V00,naturalistic,440,V00,naturalistic,train,ipc_conversation,"V00, knee position 0.57-0.64 and passed FM1 — false-negative hunt","{""audio"": ""present"", ""audio_spectral_flatness"": 0.002008643975819393, ""audio_speech_level_db"": -45.132619885883585, ""audio_status"": ""ok"", ""audio_voice_isolation_db"": 18.27641903824292, ""flags_fired"": ""none"", ""fm0_reasons"": ""none"", ""fm1_ankles_visible_frac"": 1.0, ""fm1_hip_flexion_deg_p25"": 157.06973761415767, ""fm1_hip_flexion_deg_p50"": 159.5213060768484, ""fm1_hip_flexion_deg_p75"": 160.79719242933888, ""fm1_knee_between_torso_p50"": 0.6119960934469146, ""fm1_scope"": ""session majority over 3 files"", ""fm1_shin_verticality_p50"": 0.9994449052763138, ""fm2_smplh_valid_frac"": 1.0, ""fm3_static_frac"": 0.5276729559748428, ""fps"": 30.0, ""geom_body_roll_deg"": 4.610651306880888, ""observed_duration_s"": 106.0, ""repair_applied"": ""none"", ""reproj_shoulder_widths_p50"": 0.03995326690151661, ""shown_raster"": ""1080x1920"", ""stored_raster"": ""1080x1920"", ""timebase"": ""consistent"", ""timebase_index_drift_s"": 0.0, ""unit_flagged_frac"": 0.0, ""vendor"": ""V00""}",render
r12_025,ask_pass_side_025_V00_S1358_I00000526_P1128_f0003744,V00_S1358_I00000526_P1128,naturalistic/train/0027/0006/V00_S1358_I00000526_P1128,naturalistic/train/0027/0038/V00_S1358_I00000526_P0775,ask_pass_side,V00,naturalistic,3744,V00,naturalistic,train,grounded_gesture,"V00, knee position 0.57-0.64 and passed FM1 — false-negative hunt","{""audio"": ""present"", ""audio_spectral_flatness"": 0.0009570851770156412, ""audio_speech_level_db"": -47.34018255467434, ""audio_status"": ""ok"", ""audio_voice_isolation_db"": 12.162482588164618, ""flags_fired"": ""fm2_smplh_invalid"", ""fm0_reasons"": ""none"", ""fm1_ankles_visible_frac"": 1.0, ""fm1_hip_flexion_deg_p25"": 124.21524166057313, ""fm1_hip_flexion_deg_p50"": 126.96592613933548, ""fm1_hip_flexion_deg_p75"": 129.6842055033361, ""fm1_knee_between_torso_p50"": 0.570925392370963, ""fm1_scope"": ""session majority over 2 files"", ""fm1_shin_verticality_p50"": 0.9968152970257596, ""fm2_smplh_valid_frac"": 0.9910569105691057, ""fm3_static_frac"": 0.36205962059620594, ""fps"": 30.0, ""geom_body_roll_deg"": 4.20536799956775, ""observed_duration_s"": 246.0, ""repair_applied"": ""none"", ""reproj_shoulder_widths_p50"": 0.04278700191916361, ""shown_raster"": ""1080x1920"", ""stored_raster"": ""1080x1920"", ""timebase"": ""consistent"", ""timebase_index_drift_s"": 0.0, ""unit_flagged_frac"": 0.0, ""vendor"": ""V00""}",render
r12_026,ask_pass_side_026_V00_S0744_I00000909_P0012A_f0005182,V00_S0744_I00000909_P0012A,improvised/train/0014/0033/V00_S0744_I00000909_P0012A,improvised/train/0014/0056/V00_S0744_I00000909_P0230A,ask_pass_side,V00,improvised,5182,V00,improvised,train,ipc_conversation,"V00, knee position 0.57-0.64 and passed FM1 — false-negative hunt","{""audio"": ""present"", ""audio_spectral_flatness"": 0.0014574652067026286, ""audio_speech_level_db"": -43.19171861635202, ""audio_status"": ""ok"", ""audio_voice_isolation_db"": 8.525931647817783, ""flags_fired"": ""none"", ""fm0_reasons"": ""none"", ""fm1_ankles_visible_frac"": 1.0, ""fm1_hip_flexion_deg_p25"": 145.96174372396575, ""fm1_hip_flexion_deg_p50"": 150.62074393032745, ""fm1_hip_flexion_deg_p75"": 155.68876694060725, ""fm1_knee_between_torso_p50"": 0.6063855868374762, ""fm1_scope"": ""session majority over 2 files"", ""fm1_shin_verticality_p50"": 0.9883716684948232, ""fm2_smplh_valid_frac"": 1.0, ""fm3_static_frac"": 0.12283333333333334, ""fps"": 30.0, ""geom_body_roll_deg"": 0.8951749955614833, ""observed_duration_s"": 400.0, ""repair_applied"": ""none"", ""reproj_shoulder_widths_p50"": 0.09240736564883731, ""shown_raster"": ""1080x1920"", ""stored_raster"": ""1080x1920"", ""timebase"": ""consistent"", ""timebase_index_drift_s"": 0.0, ""unit_flagged_frac"": 0.0, ""vendor"": ""V00""}",render
r12_027,ask_pass_side_027_V00_S1958_I00000106_P0576_f0000116,V00_S1958_I00000106_P0576,naturalistic/train/0031/0028/V00_S1958_I00000106_P0576,naturalistic/train/0031/0028/V00_S1958_I00000106_P1227,ask_pass_side,V00,naturalistic,116,V00,naturalistic,train,ipc_conversation,"V00, knee position 0.57-0.64 and passed FM1 — false-negative hunt","{""audio"": ""present"", ""audio_spectral_flatness"": 0.003510182682626628, ""audio_speech_level_db"": -45.3090683954938, ""audio_status"": ""ok"", ""audio_voice_isolation_db"": 11.316040444072597, ""flags_fired"": ""fm2_smplh_invalid"", ""fm0_reasons"": ""none"", ""fm1_ankles_visible_frac"": 1.0, ""fm1_hip_flexion_deg_p25"": 152.59078613005582, ""fm1_hip_flexion_deg_p50"": 155.56508018904623, ""fm1_hip_flexion_deg_p75"": 158.32902525639048, ""fm1_knee_between_torso_p50"": 0.5973846388240381, ""fm1_scope"": ""session majority over 3 files"", ""fm1_shin_verticality_p50"": 0.9977851420439392, ""fm2_smplh_valid_frac"": 0.9973958333333334, ""fm3_static_frac"": 0.365625, ""fps"": 30.0, ""geom_body_roll_deg"": -5.7105806357944315, ""observed_duration_s"": 192.0, ""repair_applied"": ""none"", ""reproj_shoulder_widths_p50"": 0.07536441107514849, ""shown_raster"": ""1080x1920"", ""stored_raster"": ""1080x1920"", ""timebase"": ""consistent"", ""timebase_index_drift_s"": 0.0, ""unit_flagged_frac"": 0.0, ""vendor"": ""V00""}",render
r12_028,ask_pass_side_028_V00_S0354_I00000377_P0433_f0006093,V00_S0354_I00000377_P0433,naturalistic/train/0009/0002/V00_S0354_I00000377_P0433,naturalistic/train/0009/0038/V00_S0354_I00000377_P0475,ask_pass_side,V00,naturalistic,6093,V00,naturalistic,train,ipc_conversation,"V00, knee position 0.57-0.64 and passed FM1 — false-negative hunt","{""audio"": ""present"", ""audio_spectral_flatness"": 0.002482291262365877, ""audio_speech_level_db"": -35.086855050488836, ""audio_status"": ""ok"", ""audio_voice_isolation_db"": 4.622428036356144, ""flags_fired"": ""none"", ""fm0_reasons"": ""none"", ""fm1_ankles_visible_frac"": 1.0, ""fm1_hip_flexion_deg_p25"": 145.69507485954185, ""fm1_hip_flexion_deg_p50"": 147.64024856768845, ""fm1_hip_flexion_deg_p75"": 149.34453783748702, ""fm1_knee_between_torso_p50"": 0.5780127435215092, ""fm1_scope"": ""session majority over 3 files"", ""fm1_shin_verticality_p50"": 0.9999999999999672, ""fm2_smplh_valid_frac"": 1.0, ""fm3_static_frac"": 0.31475694444444446, ""fps"": 30.0, ""geom_body_roll_deg"": 1.735721264295882, ""observed_duration_s"": 384.0, ""repair_applied"": ""none"", ""reproj_shoulder_widths_p50"": 0.15024423174570917, ""shown_raster"": ""1080x1920"", ""stored_raster"": ""1080x1920"", ""timebase"": ""consistent"", ""timebase_index_drift_s"": 0.0, ""unit_flagged_frac"": 0.0, ""vendor"": ""V00""}",render
r12_029,ask_pass_side_029_V00_S1695_I00000712_P0789A_f0002054,V00_S1695_I00000712_P0789A,improvised/train/0041/0050/V00_S1695_I00000712_P0789A,improvised/train/0041/0009/V00_S1695_I00000712_P1104A,ask_pass_side,V00,improvised,2054,V00,improvised,train,ipc_conversation,"V00, knee position 0.57-0.64 and passed FM1 — false-negative hunt","{""audio"": ""present"", ""audio_spectral_flatness"": 0.00038541054423893884, ""audio_speech_level_db"": -38.23715036920623, ""audio_status"": ""ok"", ""audio_voice_isolation_db"": 7.7516122284914255, ""flags_fired"": ""none"", ""fm0_reasons"": ""none"", ""fm1_ankles_visible_frac"": 1.0, ""fm1_hip_flexion_deg_p25"": 156.15983338335545, ""fm1_hip_flexion_deg_p50"": 160.96099561114755, ""fm1_hip_flexion_deg_p75"": 163.01177527769187, ""fm1_knee_between_torso_p50"": 0.6040104769289163, ""fm1_scope"": ""session majority over 1 files"", ""fm1_shin_verticality_p50"": 0.9980525708681833, ""fm2_smplh_valid_frac"": 1.0, ""fm3_static_frac"": 0.07568306010928962, ""fps"": 30.0, ""geom_body_roll_deg"": 2.602565928094436, ""observed_duration_s"": 244.0, ""repair_applied"": ""none"", ""reproj_shoulder_widths_p50"": 0.12454829432951575, ""shown_raster"": ""1080x1920"", ""stored_raster"": ""1080x1920"", ""timebase"": ""consistent"", ""timebase_index_drift_s"": 0.0, ""unit_flagged_frac"": 0.0, ""vendor"": ""V00""}",render
r12_030,ask_pass_side_030_V00_S1031_I00000705_P0464A_f0005593,V00_S1031_I00000705_P0464A,improvised/train/0022/0050/V00_S1031_I00000705_P0464A,improvised/train/0022/0066/V00_S1031_I00000705_P0320A,ask_pass_side,V00,improvised,5593,V00,improvised,train,ipc_conversation,"V00, knee position 0.64-0.80 and passed FM1 — false-negative hunt","{""audio"": ""present"", ""audio_spectral_flatness"": 0.0013911536220044857, ""audio_speech_level_db"": -43.33717662399778, ""audio_status"": ""ok"", ""audio_voice_isolation_db"": 7.456763190575392, ""flags_fired"": ""fm2_smplh_invalid"", ""fm0_reasons"": ""none"", ""fm1_ankles_visible_frac"": 1.0, ""fm1_hip_flexion_deg_p25"": 156.37097911232084, ""fm1_hip_flexion_deg_p50"": 157.87305612273576, ""fm1_hip_flexion_deg_p75"": 159.07918833851602, ""fm1_knee_between_torso_p50"": 0.6502513235147577, ""fm1_scope"": ""session majority over 3 files"", ""fm1_shin_verticality_p50"": 0.9377487427570742, ""fm2_smplh_valid_frac"": 0.9996212121212121, ""fm3_static_frac"": 0.24545454545454545, ""fps"": 30.0, ""geom_body_roll_deg"": 4.332308506061447, ""observed_duration_s"": 352.0, ""repair_applied"": ""none"", ""reproj_shoulder_widths_p50"": 0.08948225473750673, ""shown_raster"": ""1080x1920"", ""stored_raster"": ""1080x1920"", ""timebase"": ""consistent"", ""timebase_index_drift_s"": 0.0, ""unit_flagged_frac"": 0.0, ""vendor"": ""V00""}",render
r12_031,ask_pass_side_031_V00_S1145_I00000230_P1095_f0001773,V00_S1145_I00000230_P1095,naturalistic/train/0026/0041/V00_S1145_I00000230_P1095,naturalistic/train/0026/0016/V00_S1145_I00000230_P1096,ask_pass_side,V00,naturalistic,1773,V00,naturalistic,train,ipc_conversation,"V00, knee position 0.64-0.80 and passed FM1 — false-negative hunt","{""audio"": ""present"", ""audio_spectral_flatness"": 0.0006294454765617603, ""audio_speech_level_db"": -41.202813295959274, ""audio_status"": ""ok"", ""audio_voice_isolation_db"": 1.339878761373501, ""flags_fired"": ""fm2_smplh_invalid"", ""fm0_reasons"": ""none"", ""fm1_ankles_visible_frac"": 1.0, ""fm1_hip_flexion_deg_p25"": 150.92674298157505, ""fm1_hip_flexion_deg_p50"": 155.80031143095727, ""fm1_hip_flexion_deg_p75"": 161.9536010721369, ""fm1_knee_between_torso_p50"": 0.6451193551072497, ""fm1_scope"": ""session majority over 5 files"", ""fm1_shin_verticality_p50"": 0.998052588029517, ""fm2_smplh_valid_frac"": 0.996140350877193, ""fm3_static_frac"": 0.02982456140350877, ""fps"": 30.0, ""geom_body_roll_deg"": 6.862475803420848e-06, ""observed_duration_s"": 190.0, ""repair_applied"": ""none"", ""reproj_shoulder_widths_p50"": 0.12140137731797221, ""shown_raster"": ""1080x1920"", ""stored_raster"": ""1080x1920"", ""timebase"": ""consistent"", ""timebase_index_drift_s"": 0.0, ""unit_flagged_frac"": 0.0, ""vendor"": ""V00""}",render
r12_032,ask_pass_side_032_V00_S1067_I00000692_P0464A_f0001710,V00_S1067_I00000692_P0464A,improvised/train/0023/0020/V00_S1067_I00000692_P0464A,improvised/train/0023/0017/V00_S1067_I00000692_P0320A,ask_pass_side,V00,improvised,1710,V00,improvised,train,ipc_conversation,"V00, knee position 0.64-0.80 and passed FM1 — false-negative hunt","{""audio"": ""present"", ""audio_spectral_flatness"": 0.0017791811519928462, ""audio_speech_level_db"": -42.185260343329574, ""audio_status"": ""ok"", ""audio_voice_isolation_db"": 9.646446255311185, ""flags_fired"": ""none"", ""fm0_reasons"": ""none"", ""fm1_ankles_visible_frac"": 1.0, ""fm1_hip_flexion_deg_p25"": 150.37668625001368, ""fm1_hip_flexion_deg_p50"": 151.75061826529597, ""fm1_hip_flexion_deg_p75"": 157.0195975042127, ""fm1_knee_between_torso_p50"": 0.6493976497404892, ""fm1_scope"": ""session majority over 1 files"", ""fm1_shin_verticality_p50"": 0.9449860439095144, ""fm2_smplh_valid_frac"": 1.0, ""fm3_static_frac"": 0.5230701754385965, ""fps"": 30.0, ""geom_body_roll_deg"": 1.8778801407475816, ""observed_duration_s"": 380.0, ""repair_applied"": ""none"", ""reproj_shoulder_widths_p50"": 0.08810441957083714, ""shown_raster"": ""1080x1920"", ""stored_raster"": ""1080x1920"", ""timebase"": ""consistent"", ""timebase_index_drift_s"": 0.0, ""unit_flagged_frac"": 0.0, ""vendor"": ""V00""}",render
r12_033,ask_pass_side_033_V00_S0136_I00000537_P0197_f0004747,V00_S0136_I00000537_P0197,improvised/train/0002/0021/V00_S0136_I00000537_P0197,improvised/train/0002/0018/V00_S0136_I00000537_P0006A,ask_pass_side,V00,improvised,4747,V00,improvised,train,ipc_conversation,"V00, knee position 0.64-0.80 and passed FM1 — false-negative hunt","{""audio"": ""present"", ""audio_spectral_flatness"": 0.001108694152076633, ""audio_speech_level_db"": -41.26749159337201, ""audio_status"": ""ok"", ""audio_voice_isolation_db"": 10.82644864607995, ""flags_fired"": ""fm2_smplh_invalid"", ""fm0_reasons"": ""none"", ""fm1_ankles_visible_frac"": 1.0, ""fm1_hip_flexion_deg_p25"": 153.2301020280124, ""fm1_hip_flexion_deg_p50"": 155.56554457876246, ""fm1_hip_flexion_deg_p75"": 158.59122479691578, ""fm1_knee_between_torso_p50"": 0.6740300543057707, ""fm1_scope"": ""session majority over 1 files"", ""fm1_shin_verticality_p50"": 0.9743911866141767, ""fm2_smplh_valid_frac"": 0.9991071428571429, ""fm3_static_frac"": 0.6961309523809524, ""fps"": 30.0, ""geom_body_roll_deg"": 3.3664537658098976, ""observed_duration_s"": 336.0, ""repair_applied"": ""none"", ""reproj_shoulder_widths_p50"": 0.10869424806380804, ""shown_raster"": ""1080x1920"", ""stored_raster"": ""1080x1920"", ""timebase"": ""consistent"", ""timebase_index_drift_s"": 0.0, ""unit_flagged_frac"": 0.0, ""vendor"": ""V00""}",render
r12_034,ask_pass_side_034_V00_S0475_I00000137_P0612_f0002590,V00_S0475_I00000137_P0612,naturalistic/train/0013/0000/V00_S0475_I00000137_P0612,naturalistic/train/0013/0008/V00_S0475_I00000137_P0413,ask_pass_side,V00,naturalistic,2590,V00,naturalistic,train,ipc_conversation,"V00, knee position 0.64-0.80 and passed FM1 — false-negative hunt","{""audio"": ""present"", ""audio_spectral_flatness"": 0.00394662574785538, ""audio_speech_level_db"": -40.405890436449575, ""audio_status"": ""ok"", ""audio_voice_isolation_db"": 5.409694614345507, ""flags_fired"": ""none"", ""fm0_reasons"": ""none"", ""fm1_ankles_visible_frac"": 1.0, ""fm1_hip_flexion_deg_p25"": 160.76370867434204, ""fm1_hip_flexion_deg_p50"": 165.59432013382963, ""fm1_hip_flexion_deg_p75"": 167.01725843571032, ""fm1_knee_between_torso_p50"": 0.6639810660455012, ""fm1_scope"": ""session majority over 1 files"", ""fm1_shin_verticality_p50"": 0.9138118288334667, ""fm2_smplh_valid_frac"": 1.0, ""fm3_static_frac"": 0.0025252525252525255, ""fps"": 30.0, ""geom_body_roll_deg"": -0.8951716865507684, ""observed_duration_s"": 132.0, ""repair_applied"": ""none"", ""reproj_shoulder_widths_p50"": 0.058765309423335056, ""shown_raster"": ""1080x1920"", ""stored_raster"": ""1080x1920"", ""timebase"": ""consistent"", ""timebase_index_drift_s"": 0.0, ""unit_flagged_frac"": 0.0, ""vendor"": ""V00""}",render
r12_035,ask_pass_side_035_V00_S1594_I00000703_P0120A_f0000679,V00_S1594_I00000703_P0120A,improvised/train/0038/0015/V00_S1594_I00000703_P0120A,improvised/train/0038/0054/V00_S1594_I00000703_P0707A,ask_pass_side,V00,improvised,679,V00,improvised,train,ipc_conversation,"V00, knee position 0.64-0.80 and passed FM1 — false-negative hunt","{""audio"": ""present"", ""audio_spectral_flatness"": 0.0014059876596665946, ""audio_speech_level_db"": -50.20220552611533, ""audio_status"": ""ok"", ""audio_voice_isolation_db"": 3.6994485497667435, ""flags_fired"": ""none"", ""fm0_reasons"": ""none"", ""fm1_ankles_visible_frac"": 1.0, ""fm1_hip_flexion_deg_p25"": 160.5995986074163, ""fm1_hip_flexion_deg_p50"": 164.08077552388508, ""fm1_hip_flexion_deg_p75"": 166.1394630370221, ""fm1_knee_between_torso_p50"": 0.6615329873543877, ""fm1_scope"": ""session majority over 1 files"", ""fm1_shin_verticality_p50"": 0.9828722061010713, ""fm2_smplh_valid_frac"": 1.0, ""fm3_static_frac"": 0.03860544217687075, ""fps"": 30.0, ""geom_body_roll_deg"": 0.9240417152473936, ""observed_duration_s"": 588.0, ""repair_applied"": ""none"", ""reproj_shoulder_widths_p50"": 0.08402352208833104, ""shown_raster"": ""1080x1920"", ""stored_raster"": ""1080x1920"", ""timebase"": ""consistent"", ""timebase_index_drift_s"": 0.0, ""unit_flagged_frac"": 0.0, ""vendor"": ""V00""}",render
r12_036,ask_pass_side_036_V00_S2054_I00001010_P1312A_f0003284,V00_S2054_I00001010_P1312A,improvised/train/0049/0020/V00_S2054_I00001010_P1312A,improvised/train/0049/0022/V00_S2054_I00001010_P1311A,ask_pass_side,V00,improvised,3284,V00,improvised,train,ipc_conversation,"V00, knee position 0.64-0.80 and passed FM1 — false-negative hunt","{""audio"": ""present"", ""audio_spectral_flatness"": 0.0012776161558194065, ""audio_speech_level_db"": -20.77152049931246, ""audio_status"": ""ok"", ""audio_voice_isolation_db"": 4.29197682019109, ""flags_fired"": ""fm2_smplh_invalid"", ""fm0_reasons"": ""none"", ""fm1_ankles_visible_frac"": 1.0, ""fm1_hip_flexion_deg_p25"": 153.6391318083545, ""fm1_hip_flexion_deg_p50"": 157.04188036340395, ""fm1_hip_flexion_deg_p75"": 162.39536182613372, ""fm1_knee_between_torso_p50"": 0.6400732646608837, ""fm1_scope"": ""session majority over 1 files"", ""fm1_shin_verticality_p50"": 0.9138115816872808, ""fm2_smplh_valid_frac"": 0.983641975308642, ""fm3_static_frac"": 0.021141975308641977, ""fps"": 30.0, ""geom_body_roll_deg"": 0.8680466365675783, ""observed_duration_s"": 216.0, ""repair_applied"": ""none"", ""reproj_shoulder_widths_p50"": 0.14551641356748823, ""shown_raster"": ""1080x1920"", ""stored_raster"": ""1080x1920"", ""timebase"": ""consistent"", ""timebase_index_drift_s"": 0.0, ""unit_flagged_frac"": 0.0, ""vendor"": ""V00""}",render
r12_037,ask_pass_side_037_V00_S0160_I00000479_P0230_f0002931,V00_S0160_I00000479_P0230,improvised/train/0003/0007/V00_S0160_I00000479_P0230,improvised/train/0003/0008/V00_S0160_I00000479_P0027A,ask_pass_side,V00,improvised,2931,V00,improvised,train,ipc_conversation,"V00, knee position 0.64-0.80 and passed FM1 — false-negative hunt","{""audio"": ""present"", ""audio_spectral_flatness"": 0.0008461166090041217, ""audio_speech_level_db"": -40.315895043396836, ""audio_status"": ""ok"", ""audio_voice_isolation_db"": 5.739924590469435, ""flags_fired"": ""fm2_smplh_invalid"", ""fm0_reasons"": ""none"", ""fm1_ankles_visible_frac"": 1.0, ""fm1_hip_flexion_deg_p25"": 146.67194893182483, ""fm1_hip_flexion_deg_p50"": 149.77682621924055, ""fm1_hip_flexion_deg_p75"": 152.1433893401762, ""fm1_knee_between_torso_p50"": 0.641335466057185, ""fm1_scope"": ""session majority over 2 files"", ""fm1_shin_verticality_p50"": 0.9993628625018276, ""fm2_smplh_valid_frac"": 0.9899527186761229, ""fm3_static_frac"": 0.0022458628841607567, ""fps"": 30.0, ""geom_body_roll_deg"": 0.0, ""observed_duration_s"": 282.0, ""repair_applied"": ""none"", ""reproj_shoulder_widths_p50"": 0.12460818650944412, ""shown_raster"": ""1080x1920"", ""stored_raster"": ""1080x1920"", ""timebase"": ""consistent"", ""timebase_index_drift_s"": 0.0, ""unit_flagged_frac"": 0.0, ""vendor"": ""V00""}",render
r12_038,ask_pass_side_038_V00_S0668_I00000581_P0230A_f0001244,V00_S0668_I00000581_P0230A,improvised/train/0013/0016/V00_S0668_I00000581_P0230A,improvised/train/0013/0010/V00_S0668_I00000581_P0827,ask_pass_side,V00,improvised,1244,V00,improvised,train,ipc_conversation,"V00, knee position 0.64-0.80 and passed FM1 — false-negative hunt","{""audio"": ""present"", ""audio_spectral_flatness"": 0.0014871995358962155, ""audio_speech_level_db"": -44.94996852402737, ""audio_status"": ""ok"", ""audio_voice_isolation_db"": 7.101614783356557, ""flags_fired"": ""none"", ""fm0_reasons"": ""none"", ""fm1_ankles_visible_frac"": 1.0, ""fm1_hip_flexion_deg_p25"": 146.78114083128756, ""fm1_hip_flexion_deg_p50"": 148.4416413438055, ""fm1_hip_flexion_deg_p75"": 149.83080831656613, ""fm1_knee_between_torso_p50"": 0.6505893571156063, ""fm1_scope"": ""session majority over 1 files"", ""fm1_shin_verticality_p50"": 0.9993148301557476, ""fm2_smplh_valid_frac"": 1.0, ""fm3_static_frac"": 0.5921296296296297, ""fps"": 30.0, ""geom_body_roll_deg"": 0.8303098931076833, ""observed_duration_s"": 72.0, ""repair_applied"": ""none"", ""reproj_shoulder_widths_p50"": 0.09246504134812786, ""shown_raster"": ""1080x1920"", ""stored_raster"": ""1080x1920"", ""timebase"": ""consistent"", ""timebase_index_drift_s"": 0.0, ""unit_flagged_frac"": 0.0, ""vendor"": ""V00""}",render
r12_039,ask_pass_side_039_V00_S0343_I00000478_P0459_f0004167,V00_S0343_I00000478_P0459,naturalistic/train/0008/0035/V00_S0343_I00000478_P0459,naturalistic/train/0008/0007/V00_S0343_I00000478_P0458,ask_pass_side,V00,naturalistic,4167,V00,naturalistic,train,ipc_conversation,"V00, knee position 0.64-0.80 and passed FM1 — false-negative hunt","{""audio"": ""present"", ""audio_spectral_flatness"": 0.002243609831342188, ""audio_speech_level_db"": -39.4293152877977, ""audio_status"": ""ok"", ""audio_voice_isolation_db"": 1.8556957892657808, ""flags_fired"": ""fm2_smplh_invalid"", ""fm0_reasons"": ""none"", ""fm1_ankles_visible_frac"": 1.0, ""fm1_hip_flexion_deg_p25"": 165.96504748105824, ""fm1_hip_flexion_deg_p50"": 170.46631057934354, ""fm1_hip_flexion_deg_p75"": 172.70144801043028, ""fm1_knee_between_torso_p50"": 0.6558352753301766, ""fm1_scope"": ""session majority over 2 files"", ""fm1_shin_verticality_p50"": 0.9723873596196131, ""fm2_smplh_valid_frac"": 0.9923333333333333, ""fm3_static_frac"": 0.13866666666666666, ""fps"": 30.0, ""geom_body_roll_deg"": -0.9548346487167246, ""observed_duration_s"": 200.0, ""repair_applied"": ""none"", ""reproj_shoulder_widths_p50"": 0.0507937149447444, ""shown_raster"": ""1080x1920"", ""stored_raster"": ""1080x1920"", ""timebase"": ""consistent"", ""timebase_index_drift_s"": 0.0, ""unit_flagged_frac"": 0.0, ""vendor"": ""V00""}",render
r12_040,ask_reject_side_040_V00_S0696_I00000372_P0844A_f0002217,V00_S0696_I00000372_P0844A,improvised/dev/0000/0002/V00_S0696_I00000372_P0844A,improvised/dev/0000/0015/V00_S0696_I00000372_P0847,ask_reject_side,V00,improvised,2217,V00,improvised,dev,ipc_conversation,"V00, knee position 0.30-0.37 — the reject side of the cut","{""audio"": ""present"", ""audio_spectral_flatness"": 0.002495659090986302, ""audio_speech_level_db"": -47.48515670299001, ""audio_status"": ""ok"", ""audio_voice_isolation_db"": 14.12731487083244, ""flags_fired"": ""fm1_sitting"", ""fm0_reasons"": ""none"", ""fm1_ankles_visible_frac"": 1.0, ""fm1_hip_flexion_deg_p25"": 102.16515490124681, ""fm1_hip_flexion_deg_p50"": 103.37576755218281, ""fm1_hip_flexion_deg_p75"": 104.40101112476003, ""fm1_knee_between_torso_p50"": 0.3377694381168722, ""fm1_scope"": ""session majority over 4 files"", ""fm1_shin_verticality_p50"": 0.9486832766354519, ""fm2_smplh_valid_frac"": 1.0, ""fm3_static_frac"": 0.42515723270440253, ""fps"": 30.0, ""geom_body_roll_deg"": 5.079594473163579, ""observed_duration_s"": 106.0, ""repair_applied"": ""none"", ""reproj_shoulder_widths_p50"": 0.07809062450805537, ""shown_raster"": ""1080x1920"", ""stored_raster"": ""1080x1920"", ""timebase"": ""consistent"", ""timebase_index_drift_s"": 0.0, ""unit_flagged_frac"": 1.0, ""vendor"": ""V00""}",render
r12_041,ask_reject_side_041_V00_S0360_I00000373_P0484_f0002090,V00_S0360_I00000373_P0484,naturalistic/dev/0000/0034/V00_S0360_I00000373_P0484,naturalistic/dev/0000/0023/V00_S0360_I00000373_P0485,ask_reject_side,V00,naturalistic,2090,V00,naturalistic,dev,ipc_conversation,"V00, knee position 0.30-0.37 — the reject side of the cut","{""audio"": ""present"", ""audio_spectral_flatness"": 0.0008923982117151218, ""audio_speech_level_db"": -41.23004863431874, ""audio_status"": ""ok"", ""audio_voice_isolation_db"": 6.936971804252928, ""flags_fired"": ""fm1_sitting"", ""fm0_reasons"": ""none"", ""fm1_ankles_visible_frac"": 1.0, ""fm1_hip_flexion_deg_p25"": 98.54410344973601, ""fm1_hip_flexion_deg_p50"": 102.87392866928585, ""fm1_hip_flexion_deg_p75"": 106.25595025473346, ""fm1_knee_between_torso_p50"": 0.30060619935108557, ""fm1_scope"": ""session majority over 1 files"", ""fm1_shin_verticality_p50"": 0.9607141915795129, ""fm2_smplh_valid_frac"": 1.0, ""fm3_static_frac"": 0.0025821596244131454, ""fps"": 30.0, ""geom_body_roll_deg"": 1.877874355273525, ""observed_duration_s"": 284.0, ""repair_applied"": ""none"", ""reproj_shoulder_widths_p50"": 0.03380788369945212, ""shown_raster"": ""1080x1920"", ""stored_raster"": ""1080x1920"", ""timebase"": ""consistent"", ""timebase_index_drift_s"": 0.0, ""unit_flagged_frac"": 1.0, ""vendor"": ""V00""}",render
r12_042,ask_reject_side_042_V00_S1825_I00000147_P0800_f0011202,V00_S1825_I00000147_P0800,naturalistic/train/0029/0036/V00_S1825_I00000147_P0800,naturalistic/train/0029/0026/V00_S1825_I00000147_P1175,ask_reject_side,V00,naturalistic,11202,V00,naturalistic,train,ipc_conversation,"V00, knee position 0.30-0.37 — the reject side of the cut","{""audio"": ""present"", ""audio_spectral_flatness"": 0.0036201100532130435, ""audio_speech_level_db"": -43.848290469402194, ""audio_status"": ""ok"", ""audio_voice_isolation_db"": 7.929838836243386, ""flags_fired"": ""fm1_sitting+fm2_smplh_invalid"", ""fm0_reasons"": ""none"", ""fm1_ankles_visible_frac"": 1.0, ""fm1_hip_flexion_deg_p25"": 103.35470200528596, ""fm1_hip_flexion_deg_p50"": 105.32016701564615, ""fm1_hip_flexion_deg_p75"": 109.34839709895124, ""fm1_knee_between_torso_p50"": 0.34180623966548196, ""fm1_scope"": ""session majority over 1 files"", ""fm1_shin_verticality_p50"": 0.9982743771647384, ""fm2_smplh_valid_frac"": 0.6527093596059114, ""fm3_static_frac"": 0.013464696223316914, ""fps"": 30.0, ""geom_body_roll_deg"": 2.8155572532189908, ""observed_duration_s"": 406.0, ""repair_applied"": ""none"", ""reproj_shoulder_widths_p50"": 0.12871366254613564, ""shown_raster"": ""1080x1920"", ""stored_raster"": ""1080x1920"", ""timebase"": ""consistent"", ""timebase_index_drift_s"": 0.0, ""unit_flagged_frac"": 1.0, ""vendor"": ""V00""}",render
r12_043,ask_reject_side_043_V00_S1921_I00000264_P1211_f0002111,V00_S1921_I00000264_P1211,naturalistic/train/0030/0004/V00_S1921_I00000264_P1211,naturalistic/train/0030/0027/V00_S1921_I00000264_P1209,ask_reject_side,V00,naturalistic,2111,V00,naturalistic,train,ipc_conversation,"V00, knee position 0.30-0.37 — the reject side of the cut","{""audio"": ""present"", ""audio_spectral_flatness"": 0.001285314318492961, ""audio_speech_level_db"": -41.877671915863, ""audio_status"": ""ok"", ""audio_voice_isolation_db"": 7.260464533207461, ""flags_fired"": ""fm1_sitting"", ""fm0_reasons"": ""none"", ""fm1_ankles_visible_frac"": 1.0, ""fm1_hip_flexion_deg_p25"": 101.7323456608774, ""fm1_hip_flexion_deg_p50"": 103.47375896571678, ""fm1_hip_flexion_deg_p75"": 108.19268956223132, ""fm1_knee_between_torso_p50"": 0.30804112074395074, ""fm1_scope"": ""session majority over 1 files"", ""fm1_shin_verticality_p50"": 0.9985422764394771, ""fm2_smplh_valid_frac"": 1.0, ""fm3_static_frac"": 0.3296296296296296, ""fps"": 30.0, ""geom_body_roll_deg"": 1.0609170367754255, ""observed_duration_s"": 306.0, ""repair_applied"": ""none"", ""reproj_shoulder_widths_p50"": 0.05765889264380214, ""shown_raster"": ""1080x1920"", ""stored_raster"": ""1080x1920"", ""timebase"": ""consistent"", ""timebase_index_drift_s"": 0.0, ""unit_flagged_frac"": 1.0, ""vendor"": ""V00""}",render
r12_044,ask_reject_side_044_V00_S0562_I00000135_P0706_f0002440,V00_S0562_I00000135_P0706,naturalistic/train/0015/0014/V00_S0562_I00000135_P0706,naturalistic/train/0015/0010/V00_S0562_I00000135_P0705,ask_reject_side,V00,naturalistic,2440,V00,naturalistic,train,collaborative_storytelling,"V00, knee position 0.30-0.37 — the reject side of the cut","{""audio"": ""present"", ""audio_spectral_flatness"": 0.00282121673264741, ""audio_speech_level_db"": -42.3735590039643, ""audio_status"": ""ok"", ""audio_voice_isolation_db"": 15.614350315972676, ""flags_fired"": ""fm1_sitting+fm2_smplh_invalid"", ""fm0_reasons"": ""none"", ""fm1_ankles_visible_frac"": 1.0, ""fm1_hip_flexion_deg_p25"": 94.2126847338704, ""fm1_hip_flexion_deg_p50"": 101.93919217185405, ""fm1_hip_flexion_deg_p75"": 107.62606354929775, ""fm1_knee_between_torso_p50"": 0.3325497099369288, ""fm1_scope"": ""session majority over 1 files"", ""fm1_shin_verticality_p50"": 0.9970545117339517, ""fm2_smplh_valid_frac"": 0.9948412698412699, ""fm3_static_frac"": 0.28313492063492063, ""fps"": 30.0, ""geom_body_roll_deg"": 0.0, ""observed_duration_s"": 168.0, ""repair_applied"": ""none"", ""reproj_shoulder_widths_p50"": 0.05267604373477783, ""shown_raster"": ""1080x1920"", ""stored_raster"": ""1080x1920"", ""timebase"": ""consistent"", ""timebase_index_drift_s"": 0.0, ""unit_flagged_frac"": 1.0, ""vendor"": ""V00""}",render
r12_045,ask_reject_side_045_V00_S0216_I00000487_P0294_f0003526,V00_S0216_I00000487_P0294,naturalistic/train/0005/0004/V00_S0216_I00000487_P0294,naturalistic/train/0005/0013/V00_S0216_I00000487_P0293,ask_reject_side,V00,naturalistic,3526,V00,naturalistic,train,ipc_conversation,"V00, knee position 0.30-0.37 — the reject side of the cut","{""audio"": ""present"", ""audio_spectral_flatness"": 0.0021655693115266513, ""audio_speech_level_db"": -38.956809047221014, ""audio_status"": ""ok"", ""audio_voice_isolation_db"": 11.957420802335545, ""flags_fired"": ""fm1_sitting"", ""fm0_reasons"": ""none"", ""fm1_ankles_visible_frac"": 1.0, ""fm1_hip_flexion_deg_p25"": 104.26358891515386, ""fm1_hip_flexion_deg_p50"": 105.47589798142283, ""fm1_hip_flexion_deg_p75"": 106.8497392886797, ""fm1_knee_between_torso_p50"": 0.35500687326504593, ""fm1_scope"": ""session majority over 2 files"", ""fm1_shin_verticality_p50"": 0.9782341762754295, ""fm2_smplh_valid_frac"": 1.0, ""fm3_static_frac"": 0.40532646048109966, ""fps"": 30.0, ""geom_body_roll_deg"": 3.2396960100380383, ""observed_duration_s"": 194.0, ""repair_applied"": ""none"", ""reproj_shoulder_widths_p50"": 0.07174538567402956, ""shown_raster"": ""1080x1920"", ""stored_raster"": ""1080x1920"", ""timebase"": ""consistent"", ""timebase_index_drift_s"": 0.0, ""unit_flagged_frac"": 1.0, ""vendor"": ""V00""}",render
r12_046,ask_reject_side_046_V00_S1045_I00000001_P1066_f0001234,V00_S1045_I00000001_P1066,naturalistic/dev/0001/0030/V00_S1045_I00000001_P1066,naturalistic/dev/0001/0020/V00_S1045_I00000001_P1067,ask_reject_side,V00,naturalistic,1234,V00,naturalistic,dev,ipc_conversation,"V00, knee position 0.30-0.37 — the reject side of the cut","{""audio"": ""present"", ""audio_spectral_flatness"": 0.0004942623701152161, ""audio_speech_level_db"": -45.013451534835426, ""audio_status"": ""ok"", ""audio_voice_isolation_db"": 5.496614286964668, ""flags_fired"": ""fm1_sitting+fm3_static_hands"", ""fm0_reasons"": ""none"", ""fm1_ankles_visible_frac"": 1.0, ""fm1_hip_flexion_deg_p25"": 100.83867463090975, ""fm1_hip_flexion_deg_p50"": 101.95054451975048, ""fm1_hip_flexion_deg_p75"": 103.1779060947669, ""fm1_knee_between_torso_p50"": 0.31156535765939175, ""fm1_scope"": ""session majority over 3 files"", ""fm1_shin_verticality_p50"": 0.9986178307932876, ""fm2_smplh_valid_frac"": 1.0, ""fm3_static_frac"": 0.9801470588235294, ""fps"": 30.0, ""geom_body_roll_deg"": -7.859094831624951e-06, ""observed_duration_s"": 136.0, ""repair_applied"": ""none"", ""reproj_shoulder_widths_p50"": 0.10993622901427516, ""shown_raster"": ""1080x1920"", ""stored_raster"": ""1080x1920"", ""timebase"": ""consistent"", ""timebase_index_drift_s"": 0.0, ""unit_flagged_frac"": 1.0, ""vendor"": ""V00""}",render
r12_047,ask_reject_side_047_V00_S0579_I00000504_P0718_f0001494,V00_S0579_I00000504_P0718,naturalistic/train/0016/0029/V00_S0579_I00000504_P0718,naturalistic/train/0016/0008/V00_S0579_I00000504_P0730,ask_reject_side,V00,naturalistic,1494,V00,naturalistic,train,ipc_conversation,"V00, knee position 0.30-0.37 — the reject side of the cut","{""audio"": ""present"", ""audio_spectral_flatness"": 0.0058538570150432805, ""audio_speech_level_db"": -44.15545731038301, ""audio_status"": ""ok"", ""audio_voice_isolation_db"": 13.809851659991107, ""flags_fired"": ""fm1_sitting+fm2_smplh_invalid"", ""fm0_reasons"": ""none"", ""fm1_ankles_visible_frac"": 1.0, ""fm1_hip_flexion_deg_p25"": 106.38801888750955, ""fm1_hip_flexion_deg_p50"": 108.61972623372995, ""fm1_hip_flexion_deg_p75"": 123.25034775123507, ""fm1_knee_between_torso_p50"": 0.35734288225802024, ""fm1_scope"": ""session majority over 3 files"", ""fm1_shin_verticality_p50"": 0.998168492144855, ""fm2_smplh_valid_frac"": 0.9827485380116959, ""fm3_static_frac"": 0.433625730994152, ""fps"": 30.0, ""geom_body_roll_deg"": 0.0, ""observed_duration_s"": 114.0, ""repair_applied"": ""none"", ""reproj_shoulder_widths_p50"": 0.06962795431105409, ""shown_raster"": ""1080x1920"", ""stored_raster"": ""1080x1920"", ""timebase"": ""consistent"", ""timebase_index_drift_s"": 0.0, ""unit_flagged_frac"": 1.0, ""vendor"": ""V00""}",render
r12_048,ask_reject_side_048_V00_S1697_I00001045_P0974A_f0008047,V00_S1697_I00001045_P0974A,improvised/train/0041/0060/V00_S1697_I00001045_P0974A,improvised/train/0041/0042/V00_S1697_I00001045_P0933A,ask_reject_side,V00,improvised,8047,V00,improvised,train,ipc_conversation,"V00, knee position 0.37-0.43 — the reject side of the cut","{""audio"": ""present"", ""audio_spectral_flatness"": 0.0008797899764472389, ""audio_speech_level_db"": -36.51196681067323, ""audio_status"": ""ok"", ""audio_voice_isolation_db"": 2.987239993082148, ""flags_fired"": ""fm1_sitting+fm2_smplh_invalid"", ""fm0_reasons"": ""none"", ""fm1_ankles_visible_frac"": 1.0, ""fm1_hip_flexion_deg_p25"": 108.5605519327201, ""fm1_hip_flexion_deg_p50"": 113.76241995685852, ""fm1_hip_flexion_deg_p75"": 118.29481608326759, ""fm1_knee_between_torso_p50"": 0.4197661336321443, ""fm1_scope"": ""session majority over 1 files"", ""fm1_shin_verticality_p50"": 0.9994059908590183, ""fm2_smplh_valid_frac"": 0.9650110375275939, ""fm3_static_frac"": 0.011920529801324504, ""fps"": 30.0, ""geom_body_roll_deg"": 3.270485378933315, ""observed_duration_s"": 302.0, ""repair_applied"": ""none"", ""reproj_shoulder_widths_p50"": 0.11637735261762858, ""shown_raster"": ""1080x1920"", ""stored_raster"": ""1080x1920"", ""timebase"": ""consistent"", ""timebase_index_drift_s"": 0.0, ""unit_flagged_frac"": 1.0, ""vendor"": ""V00""}",render
r12_049,ask_reject_side_049_V00_S0366_I00000520_P0489_f0003300,V00_S0366_I00000520_P0489,improvised/train/0008/0044/V00_S0366_I00000520_P0489,improvised/train/0008/0015/V00_S0366_I00000520_P0059A,ask_reject_side,V00,improvised,3300,V00,improvised,train,grounded_gesture,"V00, knee position 0.37-0.43 — the reject side of the cut","{""audio"": ""present"", ""audio_spectral_flatness"": 0.006413937949061481, ""audio_speech_level_db"": -48.41377574503822, ""audio_status"": ""ok"", ""audio_voice_isolation_db"": 34.072061282568605, ""flags_fired"": ""fm1_sitting+fm2_smplh_invalid"", ""fm0_reasons"": ""none"", ""fm1_ankles_visible_frac"": 1.0, ""fm1_hip_flexion_deg_p25"": 110.11055207640294, ""fm1_hip_flexion_deg_p50"": 111.98325659542141, ""fm1_hip_flexion_deg_p75"": 115.53633054297154, ""fm1_knee_between_torso_p50"": 0.41617733111216215, ""fm1_scope"": ""session majority over 2 files"", ""fm1_shin_verticality_p50"": 0.9989685447773852, ""fm2_smplh_valid_frac"": 0.9914414414414414, ""fm3_static_frac"": 0.45288288288288286, ""fps"": 30.0, ""geom_body_roll_deg"": 0.0, ""observed_duration_s"": 370.0, ""repair_applied"": ""none"", ""reproj_shoulder_widths_p50"": 0.058504280437513115, ""shown_raster"": ""1080x1920"", ""stored_raster"": ""1080x1920"", ""timebase"": ""consistent"", ""timebase_index_drift_s"": 0.0, ""unit_flagged_frac"": 1.0, ""vendor"": ""V00""}",render
r12_050,ask_reject_side_050_V00_S0366_I00000484_P0489_f0005623,V00_S0366_I00000484_P0489,improvised/train/0008/0036/V00_S0366_I00000484_P0489,improvised/train/0008/0011/V00_S0366_I00000484_P0059A,ask_reject_side,V00,improvised,5623,V00,improvised,train,ipc_conversation,"V00, knee position 0.37-0.43 — the reject side of the cut","{""audio"": ""present"", ""audio_spectral_flatness"": 0.0012956868946561522, ""audio_speech_level_db"": -34.634591289709796, ""audio_status"": ""ok"", ""audio_voice_isolation_db"": 2.7312439188546556, ""flags_fired"": ""fm1_sitting+fm2_smplh_invalid"", ""fm0_reasons"": ""none"", ""fm1_ankles_visible_frac"": 1.0, ""fm1_hip_flexion_deg_p25"": 109.08615101718676, ""fm1_hip_flexion_deg_p50"": 112.12681056899847, ""fm1_hip_flexion_deg_p75"": 118.05458894980399, ""fm1_knee_between_torso_p50"": 0.42947179963579446, ""fm1_scope"": ""session majority over 2 files"", ""fm1_shin_verticality_p50"": 0.9982743847679368, ""fm2_smplh_valid_frac"": 0.9996323529411765, ""fm3_static_frac"": 0.010661764705882353, ""fps"": 30.0, ""geom_body_roll_deg"": 0.9710279508679619, ""observed_duration_s"": 272.0, ""repair_applied"": ""none"", ""reproj_shoulder_widths_p50"": 0.06558885937114574, ""shown_raster"": ""1080x1920"", ""stored_raster"": ""1080x1920"", ""timebase"": ""consistent"", ""timebase_index_drift_s"": 0.0, ""unit_flagged_frac"": 1.0, ""vendor"": ""V00""}",render
r12_051,ask_reject_side_051_V00_S0771_I00000130_P0805_f0000151,V00_S0771_I00000130_P0805,naturalistic/train/0021/0008/V00_S0771_I00000130_P0805,naturalistic/train/0021/0020/V00_S0771_I00000130_P0908,ask_reject_side,V00,naturalistic,151,V00,naturalistic,train,ipc_conversation,"V00, knee position 0.37-0.43 — the reject side of the cut","{""audio"": ""present"", ""audio_spectral_flatness"": 0.003924263983475441, ""audio_speech_level_db"": -47.81212327366966, ""audio_status"": ""ok"", ""audio_voice_isolation_db"": 19.93014054171365, ""flags_fired"": ""none"", ""fm0_reasons"": ""none"", ""fm1_ankles_visible_frac"": 1.0, ""fm1_hip_flexion_deg_p25"": 111.52119114254438, ""fm1_hip_flexion_deg_p50"": 115.19130649427578, ""fm1_hip_flexion_deg_p75"": 118.05552395178275, ""fm1_knee_between_torso_p50"": 0.4276473311907608, ""fm1_scope"": ""session majority over 5 files"", ""fm1_shin_verticality_p50"": 0.9974587058335073, ""fm2_smplh_valid_frac"": 1.0, ""fm3_static_frac"": 0.07875, ""fps"": 30.0, ""geom_body_roll_deg"": -7.883143093195624, ""observed_duration_s"": 240.0, ""repair_applied"": ""none"", ""reproj_shoulder_widths_p50"": 0.140520603071618, ""shown_raster"": ""1080x1920"", ""stored_raster"": ""1080x1920"", ""timebase"": ""consistent"", ""timebase_index_drift_s"": 0.0, ""unit_flagged_frac"": 0.4, ""vendor"": ""V00""}",render
r12_052,ask_reject_side_052_V00_S0691_I00000480_P0840_f0006564,V00_S0691_I00000480_P0840,naturalistic/dev/0000/0000/V00_S0691_I00000480_P0840,naturalistic/dev/0000/0040/V00_S0691_I00000480_P0500,ask_reject_side,V00,naturalistic,6564,V00,naturalistic,dev,ipc_conversation,"V00, knee position 0.37-0.43 — the reject side of the cut","{""audio"": ""present"", ""audio_spectral_flatness"": 0.0009796515443361187, ""audio_speech_level_db"": -41.18656945091616, ""audio_status"": ""ok"", ""audio_voice_isolation_db"": 24.16517613474128, ""flags_fired"": ""fm1_sitting+fm2_smplh_invalid"", ""fm0_reasons"": ""none"", ""fm1_ankles_visible_frac"": 1.0, ""fm1_hip_flexion_deg_p25"": 112.98951071797, ""fm1_hip_flexion_deg_p50"": 114.62400575993138, ""fm1_hip_flexion_deg_p75"": 122.8862844843273, ""fm1_knee_between_torso_p50"": 0.4003632797910519, ""fm1_scope"": ""session majority over 5 files"", ""fm1_shin_verticality_p50"": 0.9979253138349977, ""fm2_smplh_valid_frac"": 0.9931524547803617, ""fm3_static_frac"": 0.6143410852713178, ""fps"": 30.0, ""geom_body_roll_deg"": 8.397809629122074e-06, ""observed_duration_s"": 258.0, ""repair_applied"": ""none"", ""reproj_shoulder_widths_p50"": 0.0474812770605199, ""shown_raster"": ""1080x1920"", ""stored_raster"": ""1080x1920"", ""timebase"": ""consistent"", ""timebase_index_drift_s"": 0.0, ""unit_flagged_frac"": 1.0, ""vendor"": ""V00""}",render
r12_053,ask_reject_side_053_V00_S0112_I00000477_P0162_f0002870,V00_S0112_I00000477_P0162,naturalistic/train/0002/0021/V00_S0112_I00000477_P0162,naturalistic/train/0002/0019/V00_S0112_I00000477_P0163,ask_reject_side,V00,naturalistic,2870,V00,naturalistic,train,ipc_conversation,"V00, knee position 0.37-0.43 — the reject side of the cut","{""audio"": ""present"", ""audio_spectral_flatness"": 0.0012860746964799177, ""audio_speech_level_db"": -50.77038640741777, ""audio_status"": ""ok"", ""audio_voice_isolation_db"": 9.92052374346333, ""flags_fired"": ""fm1_sitting+fm3_static_hands"", ""fm0_reasons"": ""none"", ""fm1_ankles_visible_frac"": 1.0, ""fm1_hip_flexion_deg_p25"": 115.14897090846972, ""fm1_hip_flexion_deg_p50"": 116.68829716907219, ""fm1_hip_flexion_deg_p75"": 118.0518040552555, ""fm1_knee_between_torso_p50"": 0.4099501303375612, ""fm1_scope"": ""session majority over 2 files"", ""fm1_shin_verticality_p50"": 0.9968981668778745, ""fm2_smplh_valid_frac"": 1.0, ""fm3_static_frac"": 0.8885416666666667, ""fps"": 30.0, ""geom_body_roll_deg"": 1.1934859913492288, ""observed_duration_s"": 160.0, ""repair_applied"": ""none"", ""reproj_shoulder_widths_p50"": 0.04758075623418423, ""shown_raster"": ""1080x1920"", ""stored_raster"": ""1080x1920"", ""timebase"": ""consistent"", ""timebase_index_drift_s"": 0.0, ""unit_flagged_frac"": 1.0, ""vendor"": ""V00""}",render
r12_054,ask_reject_side_054_V00_S1098_I00000008_P1081_f0002217,V00_S1098_I00000008_P1081,naturalistic/train/0026/0010/V00_S1098_I00000008_P1081,naturalistic/train/0026/0036/V00_S1098_I00000008_P1082,ask_reject_side,V00,naturalistic,2217,V00,naturalistic,train,ipc_conversation,"V00, knee position 0.37-0.43 — the reject side of the cut","{""audio"": ""present"", ""audio_spectral_flatness"": 0.003428716992998149, ""audio_speech_level_db"": -43.908591639773064, ""audio_status"": ""ok"", ""audio_voice_isolation_db"": 7.058442133165965, ""flags_fired"": ""fm1_sitting"", ""fm0_reasons"": ""none"", ""fm1_ankles_visible_frac"": 1.0, ""fm1_hip_flexion_deg_p25"": 112.97205921358015, ""fm1_hip_flexion_deg_p50"": 115.06024782179291, ""fm1_hip_flexion_deg_p75"": 118.19587432368559, ""fm1_knee_between_torso_p50"": 0.4197406457904372, ""fm1_scope"": ""session majority over 1 files"", ""fm1_shin_verticality_p50"": 0.9778024649151262, ""fm2_smplh_valid_frac"": 1.0, ""fm3_static_frac"": 0.5397435897435897, ""fps"": 30.0, ""geom_body_roll_deg"": 1.8041059922248426, ""observed_duration_s"": 130.0, ""repair_applied"": ""none"", ""reproj_shoulder_widths_p50"": 0.05391237780542661, ""shown_raster"": ""1080x1920"", ""stored_raster"": ""1080x1920"", ""timebase"": ""consistent"", ""timebase_index_drift_s"": 0.0, ""unit_flagged_frac"": 1.0, ""vendor"": ""V00""}",render
r12_055,ask_reject_side_055_V00_S0691_I00000495_P0840_f0002427,V00_S0691_I00000495_P0840,naturalistic/dev/0000/0036/V00_S0691_I00000495_P0840,naturalistic/dev/0000/0021/V00_S0691_I00000495_P0500,ask_reject_side,V00,naturalistic,2427,V00,naturalistic,dev,ipc_conversation,"V00, knee position 0.37-0.43 — the reject side of the cut","{""audio"": ""present"", ""audio_spectral_flatness"": 0.0006847279446385541, ""audio_speech_level_db"": -40.73858550654521, ""audio_status"": ""ok"", ""audio_voice_isolation_db"": 10.841797543052627, ""flags_fired"": ""fm1_sitting+fm2_smplh_invalid"", ""fm0_reasons"": ""none"", ""fm1_ankles_visible_frac"": 1.0, ""fm1_hip_flexion_deg_p25"": 112.98826663166004, ""fm1_hip_flexion_deg_p50"": 114.27366306233412, ""fm1_hip_flexion_deg_p75"": 121.43589475745439, ""fm1_knee_between_torso_p50"": 0.3972597824497286, ""fm1_scope"": ""session majority over 5 files"", ""fm1_shin_verticality_p50"": 0.9956342187659195, ""fm2_smplh_valid_frac"": 0.9994579945799458, ""fm3_static_frac"": 0.5014905149051491, ""fps"": 30.0, ""geom_body_roll_deg"": 0.9391954282149098, ""observed_duration_s"": 246.0, ""repair_applied"": ""none"", ""reproj_shoulder_widths_p50"": 0.05765477941331812, ""shown_raster"": ""1080x1920"", ""stored_raster"": ""1080x1920"", ""timebase"": ""consistent"", ""timebase_index_drift_s"": 0.0, ""unit_flagged_frac"": 1.0, ""vendor"": ""V00""}",render
r12_056,ask_scope_outvoted_seated_056_V00_S1118_I00000602_P0011_f0000531,V00_S1118_I00000602_P0011,naturalistic/train/0026/0029/V00_S1118_I00000602_P0011,naturalistic/train/0026/0001/V00_S1118_I00000602_P1087,ask_scope_outvoted_seated,V00,naturalistic,531,V00,naturalistic,train,grounded_gesture,its own file reads seated; its session outvoted it and FM1 passed the file,"{""audio"": ""present"", ""audio_spectral_flatness"": 0.0028416512512540945, ""audio_speech_level_db"": -43.861454044423205, ""audio_status"": ""ok"", ""audio_voice_isolation_db"": 45.64058031874721, ""flags_fired"": ""fm2_smplh_invalid"", ""fm0_reasons"": ""none"", ""fm1_ankles_visible_frac"": 1.0, ""fm1_hip_flexion_deg_p25"": 111.49659352196862, ""fm1_hip_flexion_deg_p50"": 114.00943906804369, ""fm1_hip_flexion_deg_p75"": 121.89776493861372, ""fm1_knee_between_torso_p50"": 0.403274974586334, ""fm1_scope"": ""session majority over 3 files"", ""fm1_shin_verticality_p50"": 0.9981684974735129, ""fm2_smplh_valid_frac"": 0.9713261648745519, ""fm3_static_frac"": 0.27661290322580645, ""fps"": 30.0, ""geom_body_roll_deg"": 2.9108366976835987, ""observed_duration_s"": 372.0, ""repair_applied"": ""none"", ""reproj_shoulder_widths_p50"": 0.05484913427943833, ""shown_raster"": ""1080x1920"", ""stored_raster"": ""1080x1920"", ""timebase"": ""consistent"", ""timebase_index_drift_s"": 0.0, ""unit_flagged_frac"": 0.3333333333333333, ""vendor"": ""V00""}",render
r12_057,ask_scope_outvoted_seated_057_V00_S0226_I00000307_P0150A_f0000850,V00_S0226_I00000307_P0150A,improvised/train/0005/0030/V00_S0226_I00000307_P0150A,improvised/train/0005/0019/V00_S0226_I00000307_P0312,ask_scope_outvoted_seated,V00,improvised,850,V00,improvised,train,ipc_conversation,its own file reads seated; its session outvoted it and FM1 passed the file,"{""audio"": ""present"", ""audio_spectral_flatness"": 0.0051252573537130626, ""audio_speech_level_db"": -46.89684117759945, ""audio_status"": ""ok"", ""audio_voice_isolation_db"": 6.688627849927448, ""flags_fired"": ""fm2_smplh_invalid+fm3_static_hands"", ""fm0_reasons"": ""none"", ""fm1_ankles_visible_frac"": 1.0, ""fm1_hip_flexion_deg_p25"": 119.3347368187687, ""fm1_hip_flexion_deg_p50"": 120.23771045360742, ""fm1_hip_flexion_deg_p75"": 121.10981797424385, ""fm1_knee_between_torso_p50"": 0.4295411537892464, ""fm1_scope"": ""session majority over 4 files"", ""fm1_shin_verticality_p50"": 0.9982743697048784, ""fm2_smplh_valid_frac"": 0.9992307692307693, ""fm3_static_frac"": 0.888974358974359, ""fps"": 30.0, ""geom_body_roll_deg"": 0.9710258780857319, ""observed_duration_s"": 130.0, ""repair_applied"": ""none"", ""reproj_shoulder_widths_p50"": 0.04939730698668052, ""shown_raster"": ""1080x1920"", ""stored_raster"": ""1080x1920"", ""timebase"": ""consistent"", ""timebase_index_drift_s"": 0.03333333333333333, ""unit_flagged_frac"": 0.25, ""vendor"": ""V00""}",render
r12_058,ask_scope_outvoted_seated_058_V00_S0539_I00000125_P0685_f0002193,V00_S0539_I00000125_P0685,naturalistic/train/0015/0011/V00_S0539_I00000125_P0685,naturalistic/train/0015/0024/V00_S0539_I00000125_P0684,ask_scope_outvoted_seated,V00,naturalistic,2193,V00,naturalistic,train,ipc_conversation,its own file reads seated; its session outvoted it and FM1 passed the file,"{""audio"": ""present"", ""audio_spectral_flatness"": 0.002035752827127558, ""audio_speech_level_db"": -45.56696911940202, ""audio_status"": ""ok"", ""audio_voice_isolation_db"": 32.615364659956725, ""flags_fired"": ""fm3_static_hands"", ""fm0_reasons"": ""none"", ""fm1_ankles_visible_frac"": 1.0, ""fm1_hip_flexion_deg_p25"": 110.24777605553868, ""fm1_hip_flexion_deg_p50"": 111.31000159315367, ""fm1_hip_flexion_deg_p75"": 112.30242369543764, ""fm1_knee_between_torso_p50"": 0.4214124199826881, ""fm1_scope"": ""session majority over 4 files"", ""fm1_shin_verticality_p50"": 0.9992611719803524, ""fm2_smplh_valid_frac"": 1.0, ""fm3_static_frac"": 0.8772893772893773, ""fps"": 30.0, ""geom_body_roll_deg"": 2.6025606780062764, ""observed_duration_s"": 182.0, ""repair_applied"": ""none"", ""reproj_shoulder_widths_p50"": 0.08845975529197839, ""shown_raster"": ""1080x1920"", ""stored_raster"": ""1080x1920"", ""timebase"": ""consistent"", ""timebase_index_drift_s"": 0.0, ""unit_flagged_frac"": 0.25, ""vendor"": ""V00""}",render
r12_059,ask_scope_outvoted_seated_059_V00_S0771_I00000139_P0805_f0000665,V00_S0771_I00000139_P0805,naturalistic/train/0021/0006/V00_S0771_I00000139_P0805,naturalistic/train/0021/0028/V00_S0771_I00000139_P0908,ask_scope_outvoted_seated,V00,naturalistic,665,V00,naturalistic,train,ipc_conversation,its own file reads seated; its session outvoted it and FM1 passed the file,"{""audio"": ""present"", ""audio_spectral_flatness"": 0.002232333080640511, ""audio_speech_level_db"": -44.35369616612788, ""audio_status"": ""ok"", ""audio_voice_isolation_db"": 13.654346640540494, ""flags_fired"": ""fm2_smplh_invalid"", ""fm0_reasons"": ""none"", ""fm1_ankles_visible_frac"": 1.0, ""fm1_hip_flexion_deg_p25"": 110.59871592513872, ""fm1_hip_flexion_deg_p50"": 112.16919497890405, ""fm1_hip_flexion_deg_p75"": 114.65329298124297, ""fm1_knee_between_torso_p50"": 0.4249257670410749, ""fm1_scope"": ""session majority over 5 files"", ""fm1_shin_verticality_p50"": 0.9974586937682712, ""fm2_smplh_valid_frac"": 0.9970588235294118, ""fm3_static_frac"": 0.46596638655462186, ""fps"": 30.0, ""geom_body_roll_deg"": -6.146626219874151, ""observed_duration_s"": 238.0, ""repair_applied"": ""none"", ""reproj_shoulder_widths_p50"": 0.1390554014156286, ""shown_raster"": ""1080x1920"", ""stored_raster"": ""1080x1920"", ""timebase"": ""consistent"", ""timebase_index_drift_s"": 0.0, ""unit_flagged_frac"": 0.4, ""vendor"": ""V00""}",render
r12_060,ask_scope_outvoted_seated_060_V00_S0783_I00000309_P0437_f0000182,V00_S0783_I00000309_P0437,naturalistic/train/0022/0029/V00_S0783_I00000309_P0437,naturalistic/train/0022/0005/V00_S0783_I00000309_P0922,ask_scope_outvoted_seated,V00,naturalistic,182,V00,naturalistic,train,ipc_conversation,its own file reads seated; its session outvoted it and FM1 passed the file,"{""audio"": ""present"", ""audio_spectral_flatness"": 0.0016235667055367145, ""audio_speech_level_db"": -41.13163080074365, ""audio_status"": ""ok"", ""audio_voice_isolation_db"": 9.54198635062724, ""flags_fired"": ""fm2_smplh_invalid"", ""fm0_reasons"": ""none"", ""fm1_ankles_visible_frac"": 1.0, ""fm1_hip_flexion_deg_p25"": 112.6115373708349, ""fm1_hip_flexion_deg_p50"": 115.59676139053201, ""fm1_hip_flexion_deg_p75"": 119.62956342174618, ""fm1_knee_between_torso_p50"": 0.4230559550324078, ""fm1_scope"": ""session majority over 3 files"", ""fm1_shin_verticality_p50"": 0.9994449165556644, ""fm2_smplh_valid_frac"": 0.9412854030501089, ""fm3_static_frac"": 0.5667755991285403, ""fps"": 30.0, ""geom_body_roll_deg"": 3.5763393502604637, ""observed_duration_s"": 306.0, ""repair_applied"": ""none"", ""reproj_shoulder_widths_p50"": 0.05584507444662636, ""shown_raster"": ""1080x1920"", ""stored_raster"": ""1080x1920"", ""timebase"": ""consistent"", ""timebase_index_drift_s"": 0.0, ""unit_flagged_frac"": 0.3333333333333333, ""vendor"": ""V00""}",render
r12_061,ask_scope_outvoted_seated_061_V00_S0571_I00000313_P0718_f0000981,V00_S0571_I00000313_P0718,naturalistic/train/0016/0031/V00_S0571_I00000313_P0718,naturalistic/train/0016/0041/V00_S0571_I00000313_P0719,ask_scope_outvoted_seated,V00,naturalistic,981,V00,naturalistic,train,ipc_conversation,its own file reads seated; its session outvoted it and FM1 passed the file,"{""audio"": ""present"", ""audio_spectral_flatness"": 0.000771411395515975, ""audio_speech_level_db"": -47.677187347569784, ""audio_status"": ""ok"", ""audio_voice_isolation_db"": 40.18720245589802, ""flags_fired"": ""fm2_smplh_invalid"", ""fm0_reasons"": ""none"", ""fm1_ankles_visible_frac"": 1.0, ""fm1_hip_flexion_deg_p25"": 109.09754067190268, ""fm1_hip_flexion_deg_p50"": 115.86314952001831, ""fm1_hip_flexion_deg_p75"": 135.2526859932762, ""fm1_knee_between_torso_p50"": 0.4196687754316495, ""fm1_scope"": ""session majority over 3 files"", ""fm1_shin_verticality_p50"": 0.9995677572882968, ""fm2_smplh_valid_frac"": 0.6924242424242424, ""fm3_static_frac"": 0.09606060606060605, ""fps"": 30.0, ""geom_body_roll_deg"": -8.087201868752628e-06, ""observed_duration_s"": 110.0, ""repair_applied"": ""none"", ""reproj_shoulder_widths_p50"": 0.08434667188044129, ""shown_raster"": ""1080x1920"", ""stored_raster"": ""1080x1920"", ""timebase"": ""consistent"", ""timebase_index_drift_s"": 0.0, ""unit_flagged_frac"": 0.3333333333333333, ""vendor"": ""V00""}",render
r12_062,ask_scope_outvoted_seated_062_V00_S0216_I00000515_P0293_f0000993,V00_S0216_I00000515_P0293,naturalistic/train/0005/0026/V00_S0216_I00000515_P0293,naturalistic/train/0005/0028/V00_S0216_I00000515_P0294,ask_scope_outvoted_seated,V00,naturalistic,993,V00,naturalistic,train,ipc_conversation,its own file reads seated; its session outvoted it and FM1 passed the file,"{""audio"": ""present"", ""audio_spectral_flatness"": 0.007922122042313273, ""audio_speech_level_db"": -49.27434086314021, ""audio_status"": ""ok"", ""audio_voice_isolation_db"": 16.56932602659602, ""flags_fired"": ""fm2_smplh_invalid"", ""fm0_reasons"": ""none"", ""fm1_ankles_visible_frac"": 0.9185897435897435, ""fm1_hip_flexion_deg_p25"": 120.06636617731232, ""fm1_hip_flexion_deg_p50"": 127.52455131642651, ""fm1_hip_flexion_deg_p75"": 129.03718700357072, ""fm1_knee_between_torso_p50"": 0.7282036643584864, ""fm1_scope"": ""session majority over 3 files"", ""fm1_shin_verticality_p50"": -0.5999979996155236, ""fm2_smplh_valid_frac"": 0.908974358974359, ""fm3_static_frac"": 0.3306536176162181, ""fps"": 30.0, ""geom_body_roll_deg"": 1.709803771201513, ""observed_duration_s"": 104.0, ""repair_applied"": ""none"", ""reproj_shoulder_widths_p50"": 0.11230098625941329, ""shown_raster"": ""1080x1920"", ""stored_raster"": ""1080x1920"", ""timebase"": ""consistent"", ""timebase_index_drift_s"": 0.0, ""unit_flagged_frac"": 0.3333333333333333, ""vendor"": ""V00""}",render
r12_063,ask_scope_outvoted_standing_063_V00_S0498_I00000478_P0635_f0001545,V00_S0498_I00000478_P0635,naturalistic/train/0013/0038/V00_S0498_I00000478_P0635,naturalistic/train/0013/0018/V00_S0498_I00000478_P0636,ask_scope_outvoted_standing,V00,naturalistic,1545,V00,naturalistic,train,ipc_conversation,its own file reads standing; its session outvoted it and FM1 rejected the file,"{""audio"": ""present"", ""audio_spectral_flatness"": 0.001195960016759827, ""audio_speech_level_db"": -34.147099751655006, ""audio_status"": ""ok"", ""audio_voice_isolation_db"": 1.3926164804029177, ""flags_fired"": ""fm1_sitting+fm2_smplh_invalid"", ""fm0_reasons"": ""none"", ""fm1_ankles_visible_frac"": 1.0, ""fm1_hip_flexion_deg_p25"": 114.18324006984834, ""fm1_hip_flexion_deg_p50"": 117.78958637338286, ""fm1_hip_flexion_deg_p75"": 122.57831013895455, ""fm1_knee_between_torso_p50"": 0.4363225658374131, ""fm1_scope"": ""session majority over 2 files"", ""fm1_shin_verticality_p50"": 0.997785150771001, ""fm2_smplh_valid_frac"": 0.976031746031746, ""fm3_static_frac"": 0.11825396825396825, ""fps"": 30.0, ""geom_body_roll_deg"": 1.762394836386803, ""observed_duration_s"": 210.0, ""repair_applied"": ""none"", ""reproj_shoulder_widths_p50"": 0.06846754096439508, ""shown_raster"": ""1080x1920"", ""stored_raster"": ""1080x1920"", ""timebase"": ""consistent"", ""timebase_index_drift_s"": 0.0, ""unit_flagged_frac"": 0.5, ""vendor"": ""V00""}",render
r12_064,ask_scope_outvoted_standing_064_V00_S0165_I00000373_P0235_f0001571,V00_S0165_I00000373_P0235,improvised/train/0003/0005/V00_S0165_I00000373_P0235,improvised/train/0003/0039/V00_S0165_I00000373_P0150A,ask_scope_outvoted_standing,V00,improvised,1571,V00,improvised,train,ipc_conversation,its own file reads standing; its session outvoted it and FM1 rejected the file,"{""audio"": ""present"", ""audio_spectral_flatness"": 0.0012061614010401252, ""audio_speech_level_db"": -45.38648909132963, ""audio_status"": ""ok"", ""audio_voice_isolation_db"": 6.891390619389563, ""flags_fired"": ""fm1_sitting"", ""fm0_reasons"": ""none"", ""fm1_ankles_visible_frac"": 1.0, ""fm1_hip_flexion_deg_p25"": 112.99964818682982, ""fm1_hip_flexion_deg_p50"": 114.82924651190245, ""fm1_hip_flexion_deg_p75"": 117.5453835522466, ""fm1_knee_between_torso_p50"": 0.4397270329331469, ""fm1_scope"": ""session majority over 3 files"", ""fm1_shin_verticality_p50"": 0.9992310669097275, ""fm2_smplh_valid_frac"": 1.0, ""fm3_static_frac"": 0.6754901960784314, ""fps"": 30.0, ""geom_body_roll_deg"": 3.4682341455369943, ""observed_duration_s"": 102.0, ""repair_applied"": ""none"", ""reproj_shoulder_widths_p50"": 0.09179839232208906, ""shown_raster"": ""1080x1920"", ""stored_raster"": ""1080x1920"", ""timebase"": ""consistent"", ""timebase_index_drift_s"": 0.0, ""unit_flagged_frac"": 0.6666666666666666, ""vendor"": ""V00""}",render
r12_065,ask_scope_outvoted_standing_065_V00_S0404_I00000578_P0005A_f0005290,V00_S0404_I00000578_P0005A,improvised/train/0008/0028/V00_S0404_I00000578_P0005A,improvised/train/0008/0007/V00_S0404_I00000578_P0532,ask_scope_outvoted_standing,V00,improvised,5290,V00,improvised,train,ipc_conversation,its own file reads standing; its session outvoted it and FM1 rejected the file,"{""audio"": ""present"", ""audio_spectral_flatness"": 0.0013645384839470602, ""audio_speech_level_db"": -44.66193963854576, ""audio_status"": ""ok"", ""audio_voice_isolation_db"": 9.440813519384834, ""flags_fired"": ""fm1_sitting+fm2_smplh_invalid"", ""fm0_reasons"": ""none"", ""fm1_ankles_visible_frac"": 1.0, ""fm1_hip_flexion_deg_p25"": 110.83073781312858, ""fm1_hip_flexion_deg_p50"": 113.1768794320884, ""fm1_hip_flexion_deg_p75"": 115.43874226917256, ""fm1_knee_between_torso_p50"": 0.5051113795623072, ""fm1_scope"": ""session majority over 2 files"", ""fm1_shin_verticality_p50"": 0.8654263905059192, ""fm2_smplh_valid_frac"": 0.9849358974358975, ""fm3_static_frac"": 0.0028846153846153848, ""fps"": 30.0, ""geom_body_roll_deg"": 0.7538464721930894, ""observed_duration_s"": 416.0, ""repair_applied"": ""none"", ""reproj_shoulder_widths_p50"": 0.060246323751812866, ""shown_raster"": ""1080x1920"", ""stored_raster"": ""1080x1920"", ""timebase"": ""consistent"", ""timebase_index_drift_s"": 0.0, ""unit_flagged_frac"": 0.5, ""vendor"": ""V00""}",render
r12_066,ask_scope_outvoted_standing_066_V00_S0562_I00000497_P0705_f0003613,V00_S0562_I00000497_P0705,naturalistic/train/0015/0037/V00_S0562_I00000497_P0705,naturalistic/train/0015/0021/V00_S0562_I00000497_P0706,ask_scope_outvoted_standing,V00,naturalistic,3613,V00,naturalistic,train,grounded_gesture,its own file reads standing; its session outvoted it and FM1 rejected the file,"{""audio"": ""present"", ""audio_spectral_flatness"": 0.0030580178637505564, ""audio_speech_level_db"": -42.137414764133126, ""audio_status"": ""ok"", ""audio_voice_isolation_db"": 22.647988764543445, ""flags_fired"": ""fm1_sitting+fm2_smplh_invalid"", ""fm0_reasons"": ""none"", ""fm1_ankles_visible_frac"": 1.0, ""fm1_hip_flexion_deg_p25"": 110.21759764188627, ""fm1_hip_flexion_deg_p50"": 112.08440359391633, ""fm1_hip_flexion_deg_p75"": 114.22016898253838, ""fm1_knee_between_torso_p50"": 0.49250981900608803, ""fm1_scope"": ""session majority over 2 files"", ""fm1_shin_verticality_p50"": 0.9529257369116934, ""fm2_smplh_valid_frac"": 0.9739130434782609, ""fm3_static_frac"": 0.21666666666666667, ""fps"": 30.0, ""geom_body_roll_deg"": 2.3859422046876553, ""observed_duration_s"": 322.0, ""repair_applied"": ""none"", ""reproj_shoulder_widths_p50"": 0.08762413353454576, ""shown_raster"": ""1080x1920"", ""stored_raster"": ""1080x1920"", ""timebase"": ""consistent"", ""timebase_index_drift_s"": 0.0, ""unit_flagged_frac"": 0.5, ""vendor"": ""V00""}",render
r12_067,ask_audio_dead_067_V00_S0810_I00000486_P0945_f0003596,V00_S0810_I00000486_P0945,naturalistic/train/0022/0040/V00_S0810_I00000486_P0945,naturalistic/train/0022/0014/V00_S0810_I00000486_P0812,ask_audio_dead,V00,naturalistic,3596,V00,naturalistic,train,ipc_conversation,FM4 says this V00 recording carries no voice,"{""audio"": ""present"", ""audio_spectral_flatness"": 0.07297252805697323, ""audio_speech_level_db"": -87.04798788583258, ""audio_status"": ""ok"", ""audio_voice_isolation_db"": 17.422724990336494, ""flags_fired"": ""fm2_smplh_invalid+fm4_audio_dead"", ""fm0_reasons"": ""none"", ""fm1_ankles_visible_frac"": 1.0, ""fm1_hip_flexion_deg_p25"": 134.20351658107103, ""fm1_hip_flexion_deg_p50"": 135.97218420403772, ""fm1_hip_flexion_deg_p75"": 138.8670131877571, ""fm1_knee_between_torso_p50"": 0.481754447517769, ""fm1_scope"": ""session majority over 2 files"", ""fm1_shin_verticality_p50"": 0.9995120823181977, ""fm2_smplh_valid_frac"": 0.7587797619047619, ""fm3_static_frac"": 0.007291666666666667, ""fps"": 30.0, ""geom_body_roll_deg"": 0.0, ""observed_duration_s"": 224.0, ""repair_applied"": ""none"", ""reproj_shoulder_widths_p50"": 0.06825981743122078, ""shown_raster"": ""1080x1920"", ""stored_raster"": ""1080x1920"", ""timebase"": ""consistent"", ""timebase_index_drift_s"": 0.0, ""unit_flagged_frac"": 0.0, ""vendor"": ""V00""}",render
r12_068,ask_audio_dead_068_V00_S1886_I00000067_P0851_f0000244,V00_S1886_I00000067_P0851,naturalistic/train/0030/0007/V00_S1886_I00000067_P0851,naturalistic/train/0030/0046/V00_S1886_I00000067_P0377,ask_audio_dead,V00,naturalistic,244,V00,naturalistic,train,ipc_conversation,FM4 says this V00 recording carries no voice,"{""audio"": ""present"", ""audio_spectral_flatness"": 0.07794297029089811, ""audio_speech_level_db"": -77.75456836227222, ""audio_status"": ""ok"", ""audio_voice_isolation_db"": 17.198663108978884, ""flags_fired"": ""fm2_smplh_invalid+fm4_audio_dead"", ""fm0_reasons"": ""none"", ""fm1_ankles_visible_frac"": 1.0, ""fm1_hip_flexion_deg_p25"": 158.93414930768978, ""fm1_hip_flexion_deg_p50"": 159.9736993899007, ""fm1_hip_flexion_deg_p75"": 164.87879963746963, ""fm1_knee_between_torso_p50"": 0.5550945891436736, ""fm1_scope"": ""session majority over 2 files"", ""fm1_shin_verticality_p50"": 0.996729043637214, ""fm2_smplh_valid_frac"": 0.9351851851851852, ""fm3_static_frac"": 0.13271604938271606, ""fps"": 30.0, ""geom_body_roll_deg"": 8.060815389376738e-06, ""observed_duration_s"": 108.0, ""repair_applied"": ""none"", ""reproj_shoulder_widths_p50"": 0.062093090054011424, ""shown_raster"": ""1080x1920"", ""stored_raster"": ""1080x1920"", ""timebase"": ""consistent"", ""timebase_index_drift_s"": 0.0, ""unit_flagged_frac"": 0.0, ""vendor"": ""V00""}",render
r12_069,ask_audio_dead_069_V00_S1293_I00000402_P1083_f0000584,V00_S1293_I00000402_P1083,naturalistic/train/0026/0039/V00_S1293_I00000402_P1083,naturalistic/train/0026/0049/V00_S1293_I00000402_P0752,ask_audio_dead,V00,naturalistic,584,V00,naturalistic,train,ipc_conversation,FM4 says this V00 recording carries no voice,"{""audio"": ""present"", ""audio_spectral_flatness"": 0.16514199762074558, ""audio_speech_level_db"": -56.226029652768126, ""audio_status"": ""ok"", ""audio_voice_isolation_db"": 16.775845763362405, ""flags_fired"": ""fm2_smplh_invalid+fm3_static_hands+fm4_audio_dead"", ""fm0_reasons"": ""none"", ""fm1_ankles_visible_frac"": 1.0, ""fm1_hip_flexion_deg_p25"": 149.17390622453485, ""fm1_hip_flexion_deg_p50"": 149.86699367261335, ""fm1_hip_flexion_deg_p75"": 150.6819879343899, ""fm1_knee_between_torso_p50"": 0.5686525171080489, ""fm1_scope"": ""session majority over 1 files"", ""fm1_shin_verticality_p50"": 0.9995411867844659, ""fm2_smplh_valid_frac"": 0.9989316239316239, ""fm3_static_frac"": 0.9462606837606837, ""fps"": 30.0, ""geom_body_roll_deg"": 0.0, ""observed_duration_s"": 312.0, ""repair_applied"": ""none"", ""reproj_shoulder_widths_p50"": 0.06475454871393901, ""shown_raster"": ""1080x1920"", ""stored_raster"": ""1080x1920"", ""timebase"": ""consistent"", ""timebase_index_drift_s"": 0.0, ""unit_flagged_frac"": 0.0, ""vendor"": ""V00""}",render
r12_070,ask_audio_dead_070_V00_S1669_I00000636_P0106A_f0001169,V00_S1669_I00000636_P0106A,improvised/train/0041/0023/V00_S1669_I00000636_P0106A,improvised/train/0041/0020/V00_S1669_I00000636_P0707A,ask_audio_dead,V00,improvised,1169,V00,improvised,train,ipc_conversation,FM4 says this V00 recording carries no voice,"{""audio"": ""present"", ""audio_spectral_flatness"": 0.21627210274283415, ""audio_speech_level_db"": -87.51670309123585, ""audio_status"": ""ok"", ""audio_voice_isolation_db"": null, ""flags_fired"": ""fm2_smplh_invalid+fm4_audio_dead"", ""fm0_reasons"": ""none"", ""fm1_ankles_visible_frac"": 1.0, ""fm1_hip_flexion_deg_p25"": 145.0810739129319, ""fm1_hip_flexion_deg_p50"": 150.4232891480081, ""fm1_hip_flexion_deg_p75"": 154.27345583955474, ""fm1_knee_between_torso_p50"": 0.5383149264667646, ""fm1_scope"": ""session majority over 2 files"", ""fm1_shin_verticality_p50"": 0.9967290618120572, ""fm2_smplh_valid_frac"": 0.9983333333333333, ""fm3_static_frac"": 0.004814814814814815, ""fps"": 30.0, ""geom_body_roll_deg"": 1.9749266467723765, ""observed_duration_s"": 180.0, ""repair_applied"": ""none"", ""reproj_shoulder_widths_p50"": 0.12066372711092674, ""shown_raster"": ""1080x1920"", ""stored_raster"": ""1080x1920"", ""timebase"": ""consistent"", ""timebase_index_drift_s"": 0.0, ""unit_flagged_frac"": 0.0, ""vendor"": ""V00""}",render
r12_071,ask_audio_dead_071_V00_S1121_I00000243_P0871_f0002531,V00_S1121_I00000243_P0871,naturalistic/train/0026/0051/V00_S1121_I00000243_P0871,naturalistic/train/0026/0024/V00_S1121_I00000243_P1090,ask_audio_dead,V00,naturalistic,2531,V00,naturalistic,train,ipc_conversation,FM4 says this V00 recording carries no voice,"{""audio"": ""present"", ""audio_spectral_flatness"": 0.0510650342720288, ""audio_speech_level_db"": -68.27912708166474, ""audio_status"": ""ok"", ""audio_voice_isolation_db"": 19.50562640022244, ""flags_fired"": ""fm3_static_hands+fm4_audio_dead"", ""fm0_reasons"": ""none"", ""fm1_ankles_visible_frac"": 1.0, ""fm1_hip_flexion_deg_p25"": 150.41373277085356, ""fm1_hip_flexion_deg_p50"": 151.01405440391912, ""fm1_hip_flexion_deg_p75"": 151.58453680181444, ""fm1_knee_between_torso_p50"": 0.572096884700674, ""fm1_scope"": ""session majority over 1 files"", ""fm1_shin_verticality_p50"": 0.9996349687179558, ""fm2_smplh_valid_frac"": 1.0, ""fm3_static_frac"": 0.9752252252252253, ""fps"": 30.0, ""geom_body_roll_deg"": -6.7110376976085394e-06, ""observed_duration_s"": 148.0, ""repair_applied"": ""none"", ""reproj_shoulder_widths_p50"": 0.05291440135340639, ""shown_raster"": ""1080x1920"", ""stored_raster"": ""1080x1920"", ""timebase"": ""consistent"", ""timebase_index_drift_s"": 0.0, ""unit_flagged_frac"": 0.0, ""vendor"": ""V00""}",render
r12_072,ask_audio_dead_072_V00_S1686_I00000149_P1161_f0000602,V00_S1686_I00000149_P1161,naturalistic/train/0028/0001/V00_S1686_I00000149_P1161,naturalistic/train/0028/0029/V00_S1686_I00000149_P0205,ask_audio_dead,V00,naturalistic,602,V00,naturalistic,train,ipc_conversation,FM4 says this V00 recording carries no voice,"{""audio"": ""present"", ""audio_spectral_flatness"": 0.0986464544473239, ""audio_speech_level_db"": -55.04785014001769, ""audio_status"": ""ok"", ""audio_voice_isolation_db"": 19.804139913088473, ""flags_fired"": ""fm2_smplh_invalid+fm4_audio_dead"", ""fm0_reasons"": ""none"", ""fm1_ankles_visible_frac"": 1.0, ""fm1_hip_flexion_deg_p25"": 161.67287447423456, ""fm1_hip_flexion_deg_p50"": 163.13780465081805, ""fm1_hip_flexion_deg_p75"": 164.09097822819683, ""fm1_knee_between_torso_p50"": 0.5874567383032925, ""fm1_scope"": ""session majority over 2 files"", ""fm1_shin_verticality_p50"": 0.9953500230778889, ""fm2_smplh_valid_frac"": 0.9883928571428572, ""fm3_static_frac"": 0.2869791666666667, ""fps"": 30.0, ""geom_body_roll_deg"": -2.815565593929866, ""observed_duration_s"": 448.0, ""repair_applied"": ""none"", ""reproj_shoulder_widths_p50"": 0.11616039354513516, ""shown_raster"": ""1080x1920"", ""stored_raster"": ""1080x1920"", ""timebase"": ""consistent"", ""timebase_index_drift_s"": 0.0, ""unit_flagged_frac"": 0.0, ""vendor"": ""V00""}",render
r12_073,improvised_pass_073_V00_S1043_I00001161_P0845A_f0003489,V00_S1043_I00001161_P0845A,improvised/train/0022/0049/V00_S1043_I00001161_P0845A,improvised/train/0022/0066/V00_S1043_I00001161_P0262A,improvised_pass,V00,improvised,3489,V00,improvised,train,ipc_conversation,random draw from improvised files the pipeline sorted into 'pass',"{""audio"": ""present"", ""audio_spectral_flatness"": 0.002086662055093091, ""audio_speech_level_db"": -50.339055213375616, ""audio_status"": ""ok"", ""audio_voice_isolation_db"": 16.311368568829835, ""flags_fired"": ""none"", ""fm0_reasons"": ""none"", ""fm1_ankles_visible_frac"": 1.0, ""fm1_hip_flexion_deg_p25"": 146.15198702613816, ""fm1_hip_flexion_deg_p50"": 148.22997812207478, ""fm1_hip_flexion_deg_p75"": 150.15865312010624, ""fm1_knee_between_torso_p50"": 0.602162691337595, ""fm1_scope"": ""session majority over 2 files"", ""fm1_shin_verticality_p50"": 0.9805806655396578, ""fm2_smplh_valid_frac"": 1.0, ""fm3_static_frac"": 0.6556224899598394, ""fps"": 30.0, ""geom_body_roll_deg"": 2.6025583123086498, ""observed_duration_s"": 332.0, ""repair_applied"": ""none"", ""reproj_shoulder_widths_p50"": 0.08210798303704561, ""shown_raster"": ""1080x1920"", ""stored_raster"": ""1080x1920"", ""timebase"": ""consistent"", ""timebase_index_drift_s"": 0.0, ""unit_flagged_frac"": 0.0, ""vendor"": ""V00""}",render
r12_074,improvised_pass_074_V00_S1588_I00001133_P0861A_f0008372,V00_S1588_I00001133_P0861A,improvised/train/0038/0056/V00_S1588_I00001133_P0861A,improvised/train/0038/0013/V00_S1588_I00001133_P1103A,improvised_pass,V00,improvised,8372,V00,improvised,train,ipc_conversation,random draw from improvised files the pipeline sorted into 'pass',"{""audio"": ""present"", ""audio_spectral_flatness"": 0.000546958184552372, ""audio_speech_level_db"": -40.1531479179662, ""audio_status"": ""ok"", ""audio_voice_isolation_db"": 2.9004543356709216, ""flags_fired"": ""none"", ""fm0_reasons"": ""none"", ""fm1_ankles_visible_frac"": 1.0, ""fm1_hip_flexion_deg_p25"": 141.6340672870119, ""fm1_hip_flexion_deg_p50"": 144.51802112431096, ""fm1_hip_flexion_deg_p75"": 147.62533098800063, ""fm1_knee_between_torso_p50"": 0.5516065427673507, ""fm1_scope"": ""session majority over 2 files"", ""fm1_shin_verticality_p50"": 0.9985422670170614, ""fm2_smplh_valid_frac"": 1.0, ""fm3_static_frac"": 0.03333333333333333, ""fps"": 30.0, ""geom_body_roll_deg"": 1.8182958740931112, ""observed_duration_s"": 376.0, ""repair_applied"": ""none"", ""reproj_shoulder_widths_p50"": 0.1168987641050848, ""shown_raster"": ""1080x1920"", ""stored_raster"": ""1080x1920"", ""timebase"": ""consistent"", ""timebase_index_drift_s"": 0.0, ""unit_flagged_frac"": 0.0, ""vendor"": ""V00""}",render
r12_075,improvised_pass_075_V00_S0138_I00000541_P0199_f0000550,V00_S0138_I00000541_P0199,improvised/train/0003/0009/V00_S0138_I00000541_P0199,improvised/train/0003/0002/V00_S0138_I00000541_P0003A,improvised_pass,V00,improvised,550,V00,improvised,train,ipc_conversation,random draw from improvised files the pipeline sorted into 'pass',"{""audio"": ""present"", ""audio_spectral_flatness"": 0.0007153939167829162, ""audio_speech_level_db"": -39.37548393850421, ""audio_status"": ""ok"", ""audio_voice_isolation_db"": 6.567388793216189, ""flags_fired"": ""none"", ""fm0_reasons"": ""none"", ""fm1_ankles_visible_frac"": 1.0, ""fm1_hip_flexion_deg_p25"": 121.42238888601517, ""fm1_hip_flexion_deg_p50"": 122.73850176800578, ""fm1_hip_flexion_deg_p75"": 124.16414115143601, ""fm1_knee_between_torso_p50"": 0.5189675249891817, ""fm1_scope"": ""session majority over 1 files"", ""fm1_shin_verticality_p50"": 0.9992611719265256, ""fm2_smplh_valid_frac"": 1.0, ""fm3_static_frac"": 0.4875555555555556, ""fps"": 30.0, ""geom_body_roll_deg"": -6.7096624061926675e-06, ""observed_duration_s"": 150.0, ""repair_applied"": ""none"", ""reproj_shoulder_widths_p50"": 0.0601191181761173, ""shown_raster"": ""1080x1920"", ""stored_raster"": ""1080x1920"", ""timebase"": ""consistent"", ""timebase_index_drift_s"": 0.0, ""unit_flagged_frac"": 0.0, ""vendor"": ""V00""}",render
r12_076,improvised_pass_076_V00_S1136_I00000993_P0193A_f0002704,V00_S1136_I00000993_P0193A,improvised/train/0025/0053/V00_S1136_I00000993_P0193A,improvised/train/0025/0029/V00_S1136_I00000993_P0707A,improvised_pass,V00,improvised,2704,V00,improvised,train,ipc_conversation,random draw from improvised files the pipeline sorted into 'pass',"{""audio"": ""present"", ""audio_spectral_flatness"": 0.0026868786296127415, ""audio_speech_level_db"": -46.56566343965011, ""audio_status"": ""ok"", ""audio_voice_isolation_db"": 5.477718772457769, ""flags_fired"": ""none"", ""fm0_reasons"": ""none"", ""fm1_ankles_visible_frac"": 1.0, ""fm1_hip_flexion_deg_p25"": 149.6666055819028, ""fm1_hip_flexion_deg_p50"": 155.7208287517123, ""fm1_hip_flexion_deg_p75"": 159.61785939752139, ""fm1_knee_between_torso_p50"": 0.5715513710618992, ""fm1_scope"": ""session majority over 1 files"", ""fm1_shin_verticality_p50"": 0.998542270474166, ""fm2_smplh_valid_frac"": 1.0, ""fm3_static_frac"": 0.06081349206349206, ""fps"": 30.0, ""geom_body_roll_deg"": 1.7899083694497406, ""observed_duration_s"": 336.0, ""repair_applied"": ""none"", ""reproj_shoulder_widths_p50"": 0.0456331245408724, ""shown_raster"": ""1080x1920"", ""stored_raster"": ""1080x1920"", ""timebase"": ""consistent"", ""timebase_index_drift_s"": 0.0, ""unit_flagged_frac"": 0.0, ""vendor"": ""V00""}",render
r12_077,improvised_pass_077_V00_S1705_I00001098_P0974A_f0006904,V00_S1705_I00001098_P0974A,improvised/train/0041/0004/V00_S1705_I00001098_P0974A,improvised/train/0041/0026/V00_S1705_I00001098_P0933A,improvised_pass,V00,improvised,6904,V00,improvised,train,ipc_conversation,random draw from improvised files the pipeline sorted into 'pass',"{""audio"": ""present"", ""audio_spectral_flatness"": 0.0015131420474186182, ""audio_speech_level_db"": -45.832915757502505, ""audio_status"": ""ok"", ""audio_voice_isolation_db"": 10.36283176964741, ""flags_fired"": ""none"", ""fm0_reasons"": ""none"", ""fm1_ankles_visible_frac"": 1.0, ""fm1_hip_flexion_deg_p25"": 131.69684172102666, ""fm1_hip_flexion_deg_p50"": 133.84632327884057, ""fm1_hip_flexion_deg_p75"": 137.8879528580846, ""fm1_knee_between_torso_p50"": 0.497917643009566, ""fm1_scope"": ""session majority over 2 files"", ""fm1_shin_verticality_p50"": 0.999567755855248, ""fm2_smplh_valid_frac"": 1.0, ""fm3_static_frac"": 0.47905405405405405, ""fps"": 30.0, ""geom_body_roll_deg"": 3.576334374997351, ""observed_duration_s"": 296.0, ""repair_applied"": ""none"", ""reproj_shoulder_widths_p50"": 0.12072277366899545, ""shown_raster"": ""1080x1920"", ""stored_raster"": ""1080x1920"", ""timebase"": ""consistent"", ""timebase_index_drift_s"": 0.0, ""unit_flagged_frac"": 0.0, ""vendor"": ""V00""}",render
r12_078,improvised_pass_078_V00_S2019_I00001097_P1272A_f0004732,V00_S2019_I00001097_P1272A,improvised/test/0000/0055/V00_S2019_I00001097_P1272A,improvised/test/0000/0040/V00_S2019_I00001097_P1274A,improvised_pass,V00,improvised,4732,V00,improvised,test,ipc_conversation,random draw from improvised files the pipeline sorted into 'pass',"{""audio"": ""present"", ""audio_spectral_flatness"": 0.0013054807344458571, ""audio_speech_level_db"": -25.679963762566608, ""audio_status"": ""ok"", ""audio_voice_isolation_db"": 6.975061785262326, ""flags_fired"": ""none"", ""fm0_reasons"": ""none"", ""fm1_ankles_visible_frac"": 1.0, ""fm1_hip_flexion_deg_p25"": 161.26378660184307, ""fm1_hip_flexion_deg_p50"": 163.04108380450316, ""fm1_hip_flexion_deg_p75"": 164.61723189695996, ""fm1_knee_between_torso_p50"": 0.5548571189682228, ""fm1_scope"": ""session majority over 1 files"", ""fm1_shin_verticality_p50"": 0.9996539181659891, ""fm2_smplh_valid_frac"": 1.0, ""fm3_static_frac"": 0.13380614657210402, ""fps"": 30.0, ""geom_body_roll_deg"": -1.974930119251057, ""observed_duration_s"": 282.0, ""repair_applied"": ""none"", ""reproj_shoulder_widths_p50"": 0.040837484636125264, ""shown_raster"": ""1080x1920"", ""stored_raster"": ""1080x1920"", ""timebase"": ""consistent"", ""timebase_index_drift_s"": 0.0, ""unit_flagged_frac"": 0.0, ""vendor"": ""V00""}",render
r12_079,improvised_pass_079_V00_S0137_I00000538_P0004A_f0005667,V00_S0137_I00000538_P0004A,improvised/train/0003/0026/V00_S0137_I00000538_P0004A,improvised/train/0003/0007/V00_S0137_I00000538_P0198,improvised_pass,V00,improvised,5667,V00,improvised,train,ipc_conversation,random draw from improvised files the pipeline sorted into 'pass',"{""audio"": ""present"", ""audio_spectral_flatness"": 0.00622377282634047, ""audio_speech_level_db"": -44.33034011900059, ""audio_status"": ""ok"", ""audio_voice_isolation_db"": 9.623095379880134, ""flags_fired"": ""none"", ""fm0_reasons"": ""none"", ""fm1_ankles_visible_frac"": 1.0, ""fm1_hip_flexion_deg_p25"": 139.5759147449658, ""fm1_hip_flexion_deg_p50"": 140.7472546009269, ""fm1_hip_flexion_deg_p75"": 143.60135946039026, ""fm1_knee_between_torso_p50"": 0.5026854142579016, ""fm1_scope"": ""session majority over 2 files"", ""fm1_shin_verticality_p50"": 0.9996539228826274, ""fm2_smplh_valid_frac"": 1.0, ""fm3_static_frac"": 0.06220472440944882, ""fps"": 30.0, ""geom_body_roll_deg"": 3.1798348002574057, ""observed_duration_s"": 254.0, ""repair_applied"": ""none"", ""reproj_shoulder_widths_p50"": 0.062464308847167124, ""shown_raster"": ""1080x1920"", ""stored_raster"": ""1080x1920"", ""timebase"": ""consistent"", ""timebase_index_drift_s"": 0.0, ""unit_flagged_frac"": 0.0, ""vendor"": ""V00""}",render
r12_080,improvised_fm1_sitting_080_V00_S0696_I00000377_P0844A_f0000689,V00_S0696_I00000377_P0844A,improvised/dev/0000/0037/V00_S0696_I00000377_P0844A,improvised/dev/0000/0044/V00_S0696_I00000377_P0847,improvised_fm1_sitting,V00,improvised,689,V00,improvised,dev,ipc_conversation,random draw from improvised files the pipeline sorted into 'fm1_sitting',"{""audio"": ""present"", ""audio_spectral_flatness"": 0.005647136985679598, ""audio_speech_level_db"": -46.19614030733991, ""audio_status"": ""ok"", ""audio_voice_isolation_db"": 6.192117634339306, ""flags_fired"": ""fm1_sitting"", ""fm0_reasons"": ""none"", ""fm1_ankles_visible_frac"": 1.0, ""fm1_hip_flexion_deg_p25"": 106.6750290743516, ""fm1_hip_flexion_deg_p50"": 107.47788433953343, ""fm1_hip_flexion_deg_p75"": 108.61190818167697, ""fm1_knee_between_torso_p50"": 0.3737230229956128, ""fm1_scope"": ""session majority over 4 files"", ""fm1_shin_verticality_p50"": 0.951444443301564, ""fm2_smplh_valid_frac"": 1.0, ""fm3_static_frac"": 0.7267241379310345, ""fps"": 30.0, ""geom_body_roll_deg"": 2.4895529219991563, ""observed_duration_s"": 116.0, ""repair_applied"": ""none"", ""reproj_shoulder_widths_p50"": 0.07618552547618285, ""shown_raster"": ""1080x1920"", ""stored_raster"": ""1080x1920"", ""timebase"": ""consistent"", ""timebase_index_drift_s"": 0.0, ""unit_flagged_frac"": 1.0, ""vendor"": ""V00""}",render
r12_081,improvised_fm1_sitting_081_V00_S0815_I00000502_P0678_f0002610,V00_S0815_I00000502_P0678,improvised/train/0016/0020/V00_S0815_I00000502_P0678,improvised/train/0016/0014/V00_S0815_I00000502_P0004A,improvised_fm1_sitting,V00,improvised,2610,V00,improvised,train,ipc_conversation,random draw from improvised files the pipeline sorted into 'fm1_sitting',"{""audio"": ""present"", ""audio_spectral_flatness"": 0.0026928048472370813, ""audio_speech_level_db"": -42.58450919536597, ""audio_status"": ""ok"", ""audio_voice_isolation_db"": 7.2378948830393846, ""flags_fired"": ""fm1_sitting"", ""fm0_reasons"": ""none"", ""fm1_ankles_visible_frac"": 1.0, ""fm1_hip_flexion_deg_p25"": 111.4000462631622, ""fm1_hip_flexion_deg_p50"": 114.85538432984907, ""fm1_hip_flexion_deg_p75"": 119.31485194373924, ""fm1_knee_between_torso_p50"": 0.4233381426179702, ""fm1_scope"": ""session majority over 2 files"", ""fm1_shin_verticality_p50"": 0.9906211170667749, ""fm2_smplh_valid_frac"": 1.0, ""fm3_static_frac"": 0.0004938271604938272, ""fps"": 30.0, ""geom_body_roll_deg"": -0.9240492297920424, ""observed_duration_s"": 270.0, ""repair_applied"": ""none"", ""reproj_shoulder_widths_p50"": 0.08984388641395746, ""shown_raster"": ""1080x1920"", ""stored_raster"": ""1080x1920"", ""timebase"": ""consistent"", ""timebase_index_drift_s"": 0.0, ""unit_flagged_frac"": 1.0, ""vendor"": ""V00""}",render
r12_082,improvised_fm1_sitting_082_V00_S1605_I00000616_P1006_f0001594,V00_S1605_I00000616_P1006,improvised/train/0038/0048/V00_S1605_I00000616_P1006,improvised/train/0038/0062/V00_S1605_I00000616_P1152A,improvised_fm1_sitting,V00,improvised,1594,V00,improvised,train,grounded_gesture,random draw from improvised files the pipeline sorted into 'fm1_sitting',"{""audio"": ""present"", ""audio_spectral_flatness"": 0.0030778153693763917, ""audio_speech_level_db"": -48.862813995539334, ""audio_status"": ""ok"", ""audio_voice_isolation_db"": 42.21572485085893, ""flags_fired"": ""fm1_sitting"", ""fm0_reasons"": ""none"", ""fm1_ankles_visible_frac"": 1.0, ""fm1_hip_flexion_deg_p25"": 114.29593180219533, ""fm1_hip_flexion_deg_p50"": 116.25077411426564, ""fm1_hip_flexion_deg_p75"": 118.60037657468357, ""fm1_knee_between_torso_p50"": 0.4280961038634623, ""fm1_scope"": ""session majority over 2 files"", ""fm1_shin_verticality_p50"": 0.9977851648502081, ""fm2_smplh_valid_frac"": 1.0, ""fm3_static_frac"": 0.6190476190476191, ""fps"": 30.0, ""geom_body_roll_deg"": 2.8155595396377553, ""observed_duration_s"": 280.0, ""repair_applied"": ""none"", ""reproj_shoulder_widths_p50"": 0.1216980098677651, ""shown_raster"": ""1080x1920"", ""stored_raster"": ""1080x1920"", ""timebase"": ""consistent"", ""timebase_index_drift_s"": 0.0, ""unit_flagged_frac"": 1.0, ""vendor"": ""V00""}",render
r12_083,improvised_fm1_sitting_083_V00_S0696_I00000504_P0844A_f0003643,V00_S0696_I00000504_P0844A,improvised/dev/0000/0001/V00_S0696_I00000504_P0844A,improvised/dev/0000/0035/V00_S0696_I00000504_P0847,improvised_fm1_sitting,V00,improvised,3643,V00,improvised,dev,ipc_conversation,random draw from improvised files the pipeline sorted into 'fm1_sitting',"{""audio"": ""present"", ""audio_spectral_flatness"": 0.0011563763953945116, ""audio_speech_level_db"": -44.68230397245007, ""audio_status"": ""ok"", ""audio_voice_isolation_db"": 3.2243782095063627, ""flags_fired"": ""fm1_sitting"", ""fm0_reasons"": ""none"", ""fm1_ankles_visible_frac"": 1.0, ""fm1_hip_flexion_deg_p25"": 102.56432783195501, ""fm1_hip_flexion_deg_p50"": 104.22146441062606, ""fm1_hip_flexion_deg_p75"": 105.55451021060969, ""fm1_knee_between_torso_p50"": 0.34504394919247544, ""fm1_scope"": ""session majority over 4 files"", ""fm1_shin_verticality_p50"": 0.9459460294121261, ""fm2_smplh_valid_frac"": 1.0, ""fm3_static_frac"": 0.49231884057971015, ""fps"": 30.0, ""geom_body_roll_deg"": 2.4366484460823967, ""observed_duration_s"": 230.0, ""repair_applied"": ""none"", ""reproj_shoulder_widths_p50"": 0.07643636382708593, ""shown_raster"": ""1080x1920"", ""stored_raster"": ""1080x1920"", ""timebase"": ""consistent"", ""timebase_index_drift_s"": 0.0, ""unit_flagged_frac"": 1.0, ""vendor"": ""V00""}",render
r12_084,improvised_fm1_sitting_084_V00_S1171_I00001005_P0921A_f0002419,V00_S1171_I00001005_P0921A,improvised/train/0026/0010/V00_S1171_I00001005_P0921A,improvised/train/0026/0030/V00_S1171_I00001005_P0437A,improvised_fm1_sitting,V00,improvised,2419,V00,improvised,train,ipc_conversation,random draw from improvised files the pipeline sorted into 'fm1_sitting',"{""audio"": ""present"", ""audio_spectral_flatness"": 0.0012455227105103248, ""audio_speech_level_db"": -34.309677909941435, ""audio_status"": ""ok"", ""audio_voice_isolation_db"": 5.623880215666121, ""flags_fired"": ""fm1_sitting"", ""fm0_reasons"": ""none"", ""fm1_ankles_visible_frac"": 1.0, ""fm1_hip_flexion_deg_p25"": 114.9496726791786, ""fm1_hip_flexion_deg_p50"": 118.6598160201892, ""fm1_hip_flexion_deg_p75"": 126.62293039790188, ""fm1_knee_between_torso_p50"": 0.42889828299607796, ""fm1_scope"": ""session majority over 1 files"", ""fm1_shin_verticality_p50"": 0.9931505840470571, ""fm2_smplh_valid_frac"": 1.0, ""fm3_static_frac"": 0.177046783625731, ""fps"": 30.0, ""geom_body_roll_deg"": 2.683781477743345, ""observed_duration_s"": 228.0, ""repair_applied"": ""none"", ""reproj_shoulder_widths_p50"": 0.12412025320135725, ""shown_raster"": ""1080x1920"", ""stored_raster"": ""1080x1920"", ""timebase"": ""consistent"", ""timebase_index_drift_s"": 0.0, ""unit_flagged_frac"": 1.0, ""vendor"": ""V00""}",render
r12_085,improvised_fm1_sitting_085_V00_S0200_I00000307_P0003A_f0000748,V00_S0200_I00000307_P0003A,improvised/train/0004/0022/V00_S0200_I00000307_P0003A,improvised/train/0004/0039/V00_S0200_I00000307_P0271,improvised_fm1_sitting,V00,improvised,748,V00,improvised,train,ipc_conversation,random draw from improvised files the pipeline sorted into 'fm1_sitting',"{""audio"": ""present"", ""audio_spectral_flatness"": 0.002631126681874761, ""audio_speech_level_db"": -44.7808358701611, ""audio_status"": ""ok"", ""audio_voice_isolation_db"": 4.932169435874109, ""flags_fired"": ""fm1_sitting"", ""fm0_reasons"": ""none"", ""fm1_ankles_visible_frac"": 1.0, ""fm1_hip_flexion_deg_p25"": 85.5066894534641, ""fm1_hip_flexion_deg_p50"": 88.23453169293626, ""fm1_hip_flexion_deg_p75"": 89.43765876737517, ""fm1_knee_between_torso_p50"": 0.12056750768879207, ""fm1_scope"": ""session majority over 1 files"", ""fm1_shin_verticality_p50"": 0.964403992179888, ""fm2_smplh_valid_frac"": 1.0, ""fm3_static_frac"": 0.4613053613053613, ""fps"": 30.0, ""geom_body_roll_deg"": -0.9548374614527386, ""observed_duration_s"": 286.0, ""repair_applied"": ""none"", ""reproj_shoulder_widths_p50"": 0.08239873553197216, ""shown_raster"": ""1080x1920"", ""stored_raster"": ""1080x1920"", ""timebase"": ""consistent"", ""timebase_index_drift_s"": 0.0, ""unit_flagged_frac"": 1.0, ""vendor"": ""V00""}",render
r12_086,improvised_fm2_smplh_invalid_086_V00_S1508_I00001027_P0707A_f0009088,V00_S1508_I00001027_P0707A,improvised/train/0035/0020/V00_S1508_I00001027_P0707A,improvised/train/0035/0050/V00_S1508_I00001027_P0041A,improvised_fm2_smplh_invalid,V00,improvised,9088,V00,improvised,train,ipc_conversation,random draw from improvised files the pipeline sorted into 'fm2_smplh_invalid'; positioned on the longest untrusted stretch,"{""audio"": ""present"", ""audio_spectral_flatness"": 0.0007002124402016663, ""audio_speech_level_db"": -38.379535451043665, ""audio_status"": ""ok"", ""audio_voice_isolation_db"": 6.612858728237776, ""flags_fired"": ""fm2_smplh_invalid"", ""fm0_reasons"": ""none"", ""fm1_ankles_visible_frac"": 0.9947176684881603, ""fm1_hip_flexion_deg_p25"": 137.8260579006075, ""fm1_hip_flexion_deg_p50"": 143.80441075359994, ""fm1_hip_flexion_deg_p75"": 148.90305781880633, ""fm1_knee_between_torso_p50"": 0.541257726644174, ""fm1_scope"": ""session majority over 1 files"", ""fm1_shin_verticality_p50"": 0.9995411712913327, ""fm2_smplh_valid_frac"": 0.9780510018214936, ""fm3_static_frac"": 0.003021701309403901, ""fps"": 30.0, ""geom_body_roll_deg"": 1.0050804841302776, ""observed_duration_s"": 366.0, ""repair_applied"": ""none"", ""reproj_shoulder_widths_p50"": 0.08268469698189419, ""shown_raster"": ""1080x1920"", ""stored_raster"": ""1080x1920"", ""timebase"": ""consistent"", ""timebase_index_drift_s"": 0.0, ""unit_flagged_frac"": 0.0, ""vendor"": ""V00""}",render
r12_087,improvised_fm2_smplh_invalid_087_V00_S0714_I00000948_P0602A_f0000000,V00_S0714_I00000948_P0602A,improvised/train/0014/0046/V00_S0714_I00000948_P0602A,improvised/train/0014/0030/V00_S0714_I00000948_P0869A,improvised_fm2_smplh_invalid,V00,improvised,0,V00,improvised,train,ipc_conversation,random draw from improvised files the pipeline sorted into 'fm2_smplh_invalid'; positioned on the longest untrusted stretch,"{""audio"": ""present"", ""audio_spectral_flatness"": 0.05751929179350489, ""audio_speech_level_db"": -40.63455011343771, ""audio_status"": ""ok"", ""audio_voice_isolation_db"": 6.382790681844082, ""flags_fired"": ""fm2_smplh_invalid"", ""fm0_reasons"": ""none"", ""fm1_ankles_visible_frac"": 1.0, ""fm1_hip_flexion_deg_p25"": 131.43676502533728, ""fm1_hip_flexion_deg_p50"": 139.80267458501453, ""fm1_hip_flexion_deg_p75"": 143.18176789961285, ""fm1_knee_between_torso_p50"": 0.503029111189644, ""fm1_scope"": ""session majority over 3 files"", ""fm1_shin_verticality_p50"": 0.9995677525794203, ""fm2_smplh_valid_frac"": 0.996267087276551, ""fm3_static_frac"": 0.2843472317156528, ""fps"": 30.0, ""geom_body_roll_deg"": 2.0825625393259815, ""observed_duration_s"": 634.0, ""repair_applied"": ""none"", ""reproj_shoulder_widths_p50"": 0.06813995314083099, ""shown_raster"": ""1080x1920"", ""stored_raster"": ""1080x1920"", ""timebase"": ""consistent"", ""timebase_index_drift_s"": 0.0, ""unit_flagged_frac"": 0.0, ""vendor"": ""V00""}",render
r12_088,improvised_fm2_smplh_invalid_088_V00_S1134_I00000416_P0437A_f0002587,V00_S1134_I00000416_P0437A,improvised/train/0024/0060/V00_S1134_I00000416_P0437A,improvised/train/0024/0019/V00_S1134_I00000416_P0047,improvised_fm2_smplh_invalid,V00,improvised,2587,V00,improvised,train,ipc_conversation,random draw from improvised files the pipeline sorted into 'fm2_smplh_invalid'; positioned on the longest untrusted stretch,"{""audio"": ""present"", ""audio_spectral_flatness"": 0.0014208740856139557, ""audio_speech_level_db"": -41.94031178072757, ""audio_status"": ""ok"", ""audio_voice_isolation_db"": 4.452015463108582, ""flags_fired"": ""fm2_smplh_invalid"", ""fm0_reasons"": ""none"", ""fm1_ankles_visible_frac"": 1.0, ""fm1_hip_flexion_deg_p25"": 123.98617365251954, ""fm1_hip_flexion_deg_p50"": 129.25915635850345, ""fm1_hip_flexion_deg_p75"": 137.47196764562824, ""fm1_knee_between_torso_p50"": 0.49274573426476787, ""fm1_scope"": ""session majority over 1 files"", ""fm1_shin_verticality_p50"": 0.9993628610610681, ""fm2_smplh_valid_frac"": 0.9975391498881432, ""fm3_static_frac"": 0.09440715883668904, ""fps"": 30.0, ""geom_body_roll_deg"": 2.683775909385643, ""observed_duration_s"": 298.0, ""repair_applied"": ""none"", ""reproj_shoulder_widths_p50"": 0.06681630403762667, ""shown_raster"": ""1080x1920"", ""stored_raster"": ""1080x1920"", ""timebase"": ""consistent"", ""timebase_index_drift_s"": 0.0, ""unit_flagged_frac"": 0.0, ""vendor"": ""V00""}",render
r12_089,improvised_fm2_smplh_invalid_089_V00_S0800_I00000135_P0940_f0002160,V00_S0800_I00000135_P0940,improvised/train/0016/0000/V00_S0800_I00000135_P0940,improvised/train/0016/0018/V00_S0800_I00000135_P0388A,improvised_fm2_smplh_invalid,V00,improvised,2160,V00,improvised,train,collaborative_storytelling,random draw from improvised files the pipeline sorted into 'fm2_smplh_invalid'; positioned on the longest untrusted stretch,"{""audio"": ""present"", ""audio_spectral_flatness"": 0.0029963381888140628, ""audio_speech_level_db"": -43.409470923644164, ""audio_status"": ""ok"", ""audio_voice_isolation_db"": 6.7312096962623595, ""flags_fired"": ""fm2_smplh_invalid"", ""fm0_reasons"": ""none"", ""fm1_ankles_visible_frac"": 1.0, ""fm1_hip_flexion_deg_p25"": 133.50112191116227, ""fm1_hip_flexion_deg_p50"": 136.77979760734198, ""fm1_hip_flexion_deg_p75"": 139.48155894791464, ""fm1_knee_between_torso_p50"": 0.5700866430614261, ""fm1_scope"": ""session majority over 3 files"", ""fm1_shin_verticality_p50"": 0.9994801157562692, ""fm2_smplh_valid_frac"": 0.9931372549019608, ""fm3_static_frac"": 0.4477124183006536, ""fps"": 30.0, ""geom_body_roll_deg"": -0.8184447898444581, ""observed_duration_s"": 102.0, ""repair_applied"": ""none"", ""reproj_shoulder_widths_p50"": 0.10921777341965047, ""shown_raster"": ""1080x1920"", ""stored_raster"": ""1080x1920"", ""timebase"": ""consistent"", ""timebase_index_drift_s"": 0.0, ""unit_flagged_frac"": 0.0, ""vendor"": ""V00""}",render
r12_090,improvised_fm2_smplh_invalid_090_V00_S0056_I00000377_P0027A_f0000000,V00_S0056_I00000377_P0027A,improvised/train/0000/0023/V00_S0056_I00000377_P0027A,improvised/train/0000/0017/V00_S0056_I00000377_P0086,improvised_fm2_smplh_invalid,V00,improvised,0,V00,improvised,train,ipc_conversation,random draw from improvised files the pipeline sorted into 'fm2_smplh_invalid'; positioned on the longest untrusted stretch,"{""audio"": ""present"", ""audio_spectral_flatness"": 0.03790209128275464, ""audio_speech_level_db"": -75.7719461693126, ""audio_status"": ""ok"", ""audio_voice_isolation_db"": 14.277246574996543, ""flags_fired"": ""fm2_smplh_invalid"", ""fm0_reasons"": ""none"", ""fm1_ankles_visible_frac"": 1.0, ""fm1_hip_flexion_deg_p25"": 130.30730258371733, ""fm1_hip_flexion_deg_p50"": 133.9226531783733, ""fm1_hip_flexion_deg_p75"": 138.9658498408158, ""fm1_knee_between_torso_p50"": 0.48071712371539427, ""fm1_scope"": ""session majority over 5 files"", ""fm1_shin_verticality_p50"": 0.9983713338819058, ""fm2_smplh_valid_frac"": 0.9996296296296296, ""fm3_static_frac"": 0.33666666666666667, ""fps"": 30.0, ""geom_body_roll_deg"": 4.5377743281825875, ""observed_duration_s"": 90.0, ""repair_applied"": ""none"", ""reproj_shoulder_widths_p50"": 0.05146171537472351, ""shown_raster"": ""1080x1920"", ""stored_raster"": ""1080x1920"", ""timebase"": ""consistent"", ""timebase_index_drift_s"": 0.0, ""unit_flagged_frac"": 0.0, ""vendor"": ""V00""}",render
r12_091,improvised_fm2_smplh_invalid_091_V00_S2037_I00001094_P1294A_f0000245,V00_S2037_I00001094_P1294A,improvised/test/0000/0055/V00_S2037_I00001094_P1294A,improvised/test/0000/0030/V00_S2037_I00001094_P1292A,improvised_fm2_smplh_invalid,V00,improvised,245,V00,improvised,test,ipc_conversation,random draw from improvised files the pipeline sorted into 'fm2_smplh_invalid'; positioned on the longest untrusted stretch,"{""audio"": ""present"", ""audio_spectral_flatness"": 0.0004626911051982225, ""audio_speech_level_db"": -29.215992407040204, ""audio_status"": ""ok"", ""audio_voice_isolation_db"": 23.823349094529917, ""flags_fired"": ""fm2_smplh_invalid"", ""fm0_reasons"": ""none"", ""fm1_ankles_visible_frac"": 1.0, ""fm1_hip_flexion_deg_p25"": 143.52176879238905, ""fm1_hip_flexion_deg_p50"": 145.86367429934882, ""fm1_hip_flexion_deg_p75"": 147.83569244461646, ""fm1_knee_between_torso_p50"": 0.5055387240976398, ""fm1_scope"": ""session majority over 2 files"", ""fm1_shin_verticality_p50"": 0.9990138101234757, ""fm2_smplh_valid_frac"": 0.9996666666666667, ""fm3_static_frac"": 0.1085, ""fps"": 30.0, ""geom_body_roll_deg"": 1.0416313617444497, ""observed_duration_s"": 200.0, ""repair_applied"": ""none"", ""reproj_shoulder_widths_p50"": 0.05853300134412492, ""shown_raster"": ""1080x1920"", ""stored_raster"": ""1080x1920"", ""timebase"": ""consistent"", ""timebase_index_drift_s"": 0.0, ""unit_flagged_frac"": 0.0, ""vendor"": ""V00""}",render
r12_092,improvised_fm2_smplh_invalid_092_V00_S1444_I00001031_P0388A_f0000000,V00_S1444_I00001031_P0388A,improvised/train/0033/0058/V00_S1444_I00001031_P0388A,improvised/train/0033/0011/V00_S1444_I00001031_P0241A,improvised_fm2_smplh_invalid,V00,improvised,0,V00,improvised,train,ipc_conversation,random draw from improvised files the pipeline sorted into 'fm2_smplh_invalid'; positioned on the longest untrusted stretch,"{""audio"": ""present"", ""audio_spectral_flatness"": 0.0006188001934046703, ""audio_speech_level_db"": -35.508898631215594, ""audio_status"": ""ok"", ""audio_voice_isolation_db"": 4.87820199732543, ""flags_fired"": ""fm2_smplh_invalid"", ""fm0_reasons"": ""none"", ""fm1_ankles_visible_frac"": 1.0, ""fm1_hip_flexion_deg_p25"": 148.63250818283421, ""fm1_hip_flexion_deg_p50"": 153.3953902988047, ""fm1_hip_flexion_deg_p75"": 160.10459052006843, ""fm1_knee_between_torso_p50"": 0.5730422971016429, ""fm1_scope"": ""session majority over 1 files"", ""fm1_shin_verticality_p50"": 0.9977851618575287, ""fm2_smplh_valid_frac"": 0.9845925925925926, ""fm3_static_frac"": 0.018666666666666668, ""fps"": 30.0, ""geom_body_roll_deg"": 1.8476062292944841, ""observed_duration_s"": 450.0, ""repair_applied"": ""none"", ""reproj_shoulder_widths_p50"": 0.060049167114857055, ""shown_raster"": ""1080x1920"", ""stored_raster"": ""1080x1920"", ""timebase"": ""consistent"", ""timebase_index_drift_s"": 0.0, ""unit_flagged_frac"": 0.0, ""vendor"": ""V00""}",render
r12_093,improvised_fm3_static_hands_093_V00_S0700_I00000785_P0852_f0003182,V00_S0700_I00000785_P0852,improvised/dev/0000/0004/V00_S0700_I00000785_P0852,improvised/dev/0000/0023/V00_S0700_I00000785_P0844A,improvised_fm3_static_hands,V00,improvised,3182,V00,improvised,dev,grounded_gesture,random draw from improvised files the pipeline sorted into 'fm3_static_hands',"{""audio"": ""present"", ""audio_spectral_flatness"": 0.0011973886188283117, ""audio_speech_level_db"": -43.248714493483575, ""audio_status"": ""ok"", ""audio_voice_isolation_db"": 8.789445254581123, ""flags_fired"": ""fm3_static_hands"", ""fm0_reasons"": ""none"", ""fm1_ankles_visible_frac"": 1.0, ""fm1_hip_flexion_deg_p25"": 120.79231878180927, ""fm1_hip_flexion_deg_p50"": 121.51162650990744, ""fm1_hip_flexion_deg_p75"": 122.89694298788343, ""fm1_knee_between_torso_p50"": 0.5268397605858699, ""fm1_scope"": ""session majority over 1 files"", ""fm1_shin_verticality_p50"": 0.9599998954311719, ""fm2_smplh_valid_frac"": 1.0, ""fm3_static_frac"": 0.8528571428571429, ""fps"": 30.0, ""geom_body_roll_deg"": 1.8476015302160977, ""observed_duration_s"": 210.0, ""repair_applied"": ""none"", ""reproj_shoulder_widths_p50"": 0.11614023192342725, ""shown_raster"": ""1080x1920"", ""stored_raster"": ""1080x1920"", ""timebase"": ""consistent"", ""timebase_index_drift_s"": 0.0, ""unit_flagged_frac"": 0.0, ""vendor"": ""V00""}",render
r12_094,improvised_fm3_static_hands_094_V00_S0540_I00000373_P0687_f0003220,V00_S0540_I00000373_P0687,improvised/train/0011/0030/V00_S0540_I00000373_P0687,improvised/train/0011/0007/V00_S0540_I00000373_P0658A,improvised_fm3_static_hands,V00,improvised,3220,V00,improvised,train,ipc_conversation,random draw from improvised files the pipeline sorted into 'fm3_static_hands',"{""audio"": ""present"", ""audio_spectral_flatness"": 0.0009781244708708151, ""audio_speech_level_db"": -33.75264821090118, ""audio_status"": ""ok"", ""audio_voice_isolation_db"": 5.095260216785432, ""flags_fired"": ""fm3_static_hands"", ""fm0_reasons"": ""none"", ""fm1_ankles_visible_frac"": 1.0, ""fm1_hip_flexion_deg_p25"": 142.86920793042722, ""fm1_hip_flexion_deg_p50"": 144.189265492568, ""fm1_hip_flexion_deg_p75"": 145.56497792646934, ""fm1_knee_between_torso_p50"": 0.551493518039285, ""fm1_scope"": ""session majority over 2 files"", ""fm1_shin_verticality_p50"": 0.9996144172145645, ""fm2_smplh_valid_frac"": 1.0, ""fm3_static_frac"": 0.7777777777777778, ""fps"": 30.0, ""geom_body_roll_deg"": -0.8951687291825683, ""observed_duration_s"": 168.0, ""repair_applied"": ""none"", ""reproj_shoulder_widths_p50"": 0.10656431719434054, ""shown_raster"": ""1080x1920"", ""stored_raster"": ""1080x1920"", ""timebase"": ""consistent"", ""timebase_index_drift_s"": 0.0, ""unit_flagged_frac"": 0.0, ""vendor"": ""V00""}",render
r12_095,improvised_fm3_static_hands_095_V00_S0486_I00000371_P0622_f0001499,V00_S0486_I00000371_P0622,improvised/train/0010/0037/V00_S0486_I00000371_P0622,improvised/train/0010/0047/V00_S0486_I00000371_P0229A,improvised_fm3_static_hands,V00,improvised,1499,V00,improvised,train,ipc_conversation,random draw from improvised files the pipeline sorted into 'fm3_static_hands',"{""audio"": ""present"", ""audio_spectral_flatness"": 0.00038943161644428676, ""audio_speech_level_db"": -36.09057104478368, ""audio_status"": ""ok"", ""audio_voice_isolation_db"": 11.652143828131807, ""flags_fired"": ""fm3_static_hands"", ""fm0_reasons"": ""none"", ""fm1_ankles_visible_frac"": 1.0, ""fm1_hip_flexion_deg_p25"": 135.5461143056907, ""fm1_hip_flexion_deg_p50"": 136.39220292778342, ""fm1_hip_flexion_deg_p75"": 137.49458552886702, ""fm1_knee_between_torso_p50"": 0.5512200670571353, ""fm1_scope"": ""session majority over 2 files"", ""fm1_shin_verticality_p50"": 0.9995120751626435, ""fm2_smplh_valid_frac"": 1.0, ""fm3_static_frac"": 0.8084541062801932, ""fps"": 30.0, ""geom_body_roll_deg"": 0.8425260855505139, ""observed_duration_s"": 138.0, ""repair_applied"": ""none"", ""reproj_shoulder_widths_p50"": 0.06674276318123883, ""shown_raster"": ""1080x1920"", ""stored_raster"": ""1080x1920"", ""timebase"": ""consistent"", ""timebase_index_drift_s"": 0.0, ""unit_flagged_frac"": 0.0, ""vendor"": ""V00""}",render
r12_096,improvised_fm3_static_hands_096_V00_S0045_I00000580_P0067A_f0001408,V00_S0045_I00000580_P0067A,improvised/train/0000/0031/V00_S0045_I00000580_P0067A,improvised/train/0000/0009/V00_S0045_I00000580_P0068,improvised_fm3_static_hands,V00,improvised,1408,V00,improvised,train,ipc_conversation,random draw from improvised files the pipeline sorted into 'fm3_static_hands',"{""audio"": ""present"", ""audio_spectral_flatness"": 0.005126236225639134, ""audio_speech_level_db"": -66.99749380043959, ""audio_status"": ""ok"", ""audio_voice_isolation_db"": null, ""flags_fired"": ""fm3_static_hands"", ""fm0_reasons"": ""none"", ""fm1_ankles_visible_frac"": 1.0, ""fm1_hip_flexion_deg_p25"": 139.7545569497389, ""fm1_hip_flexion_deg_p50"": 141.42598499086557, ""fm1_hip_flexion_deg_p75"": 142.76918774848218, ""fm1_knee_between_torso_p50"": 0.5742032810838751, ""fm1_scope"": ""session majority over 2 files"", ""fm1_shin_verticality_p50"": 0.9999999999999616, ""fm2_smplh_valid_frac"": 1.0, ""fm3_static_frac"": 0.9974358974358974, ""fps"": 30.0, ""geom_body_roll_deg"": -2.683780078377297, ""observed_duration_s"": 78.0, ""repair_applied"": ""none"", ""reproj_shoulder_widths_p50"": 0.07859548350379658, ""shown_raster"": ""1080x1920"", ""stored_raster"": ""1080x1920"", ""timebase"": ""consistent"", ""timebase_index_drift_s"": 0.0, ""unit_flagged_frac"": 0.0, ""vendor"": ""V00""}",render
r12_097,improvised_fm3_static_hands_097_V00_S0227_I00000135_P0313_f0003716,V00_S0227_I00000135_P0313,improvised/train/0005/0002/V00_S0227_I00000135_P0313,improvised/train/0005/0025/V00_S0227_I00000135_P0006A,improvised_fm3_static_hands,V00,improvised,3716,V00,improvised,train,collaborative_storytelling,random draw from improvised files the pipeline sorted into 'fm3_static_hands',"{""audio"": ""present"", ""audio_spectral_flatness"": 0.0007354001936943517, ""audio_speech_level_db"": -36.374327041439024, ""audio_status"": ""ok"", ""audio_voice_isolation_db"": 39.60868028585678, ""flags_fired"": ""fm3_static_hands"", ""fm0_reasons"": ""none"", ""fm1_ankles_visible_frac"": 1.0, ""fm1_hip_flexion_deg_p25"": 165.7424733288606, ""fm1_hip_flexion_deg_p50"": 166.74733100484863, ""fm1_hip_flexion_deg_p75"": 167.55399206179757, ""fm1_knee_between_torso_p50"": 0.5864860439561029, ""fm1_scope"": ""session majority over 3 files"", ""fm1_shin_verticality_p50"": 0.9965457639959564, ""fm2_smplh_valid_frac"": 1.0, ""fm3_static_frac"": 0.9448012232415902, ""fps"": 30.0, ""geom_body_roll_deg"": 3.691385327712735, ""observed_duration_s"": 218.0, ""repair_applied"": ""none"", ""reproj_shoulder_widths_p50"": 0.052704132466971025, ""shown_raster"": ""1080x1920"", ""stored_raster"": ""1080x1920"", ""timebase"": ""consistent"", ""timebase_index_drift_s"": 0.0, ""unit_flagged_frac"": 0.0, ""vendor"": ""V00""}",render
r12_098,improvised_fm3_static_hands_098_V00_S0203_I00000540_P0259_f0001327,V00_S0203_I00000540_P0259,improvised/train/0004/0002/V00_S0203_I00000540_P0259,improvised/train/0004/0021/V00_S0203_I00000540_P0150A,improvised_fm3_static_hands,V00,improvised,1327,V00,improvised,train,ipc_conversation,random draw from improvised files the pipeline sorted into 'fm3_static_hands',"{""audio"": ""present"", ""audio_spectral_flatness"": 0.001034349903950286, ""audio_speech_level_db"": -36.82705962995843, ""audio_status"": ""ok"", ""audio_voice_isolation_db"": 5.846873491113728, ""flags_fired"": ""fm3_static_hands"", ""fm0_reasons"": ""none"", ""fm1_ankles_visible_frac"": 1.0, ""fm1_hip_flexion_deg_p25"": 137.42092981376123, ""fm1_hip_flexion_deg_p50"": 138.61506841525167, ""fm1_hip_flexion_deg_p75"": 139.82352273657318, ""fm1_knee_between_torso_p50"": 0.5593331037060241, ""fm1_scope"": ""session majority over 1 files"", ""fm1_shin_verticality_p50"": 0.999444905218505, ""fm2_smplh_valid_frac"": 1.0, ""fm3_static_frac"": 0.8438775510204082, ""fps"": 30.0, ""geom_body_roll_deg"": 0.0, ""observed_duration_s"": 98.0, ""repair_applied"": ""none"", ""reproj_shoulder_widths_p50"": 0.1176460286599422, ""shown_raster"": ""1080x1920"", ""stored_raster"": ""1080x1920"", ""timebase"": ""consistent"", ""timebase_index_drift_s"": 0.0, ""unit_flagged_frac"": 0.0, ""vendor"": ""V00""}",render
r12_099,improvised_fm3_static_hands_099_V00_S0202_I00000520_P0257_f0009145,V00_S0202_I00000520_P0257,improvised/train/0004/0030/V00_S0202_I00000520_P0257,improvised/train/0004/0019/V00_S0202_I00000520_P0005A,improvised_fm3_static_hands,V00,improvised,9145,V00,improvised,train,grounded_gesture,random draw from improvised files the pipeline sorted into 'fm3_static_hands',"{""audio"": ""present"", ""audio_spectral_flatness"": 0.002931800489831208, ""audio_speech_level_db"": -36.603362916093026, ""audio_status"": ""ok"", ""audio_voice_isolation_db"": 41.355701303742805, ""flags_fired"": ""fm3_static_hands"", ""fm0_reasons"": ""none"", ""fm1_ankles_visible_frac"": 1.0, ""fm1_hip_flexion_deg_p25"": 132.77689749422558, ""fm1_hip_flexion_deg_p50"": 134.4619223951961, ""fm1_hip_flexion_deg_p75"": 136.81636806226365, ""fm1_knee_between_torso_p50"": 0.5780250389920956, ""fm1_scope"": ""session majority over 2 files"", ""fm1_shin_verticality_p50"": 0.9995120833174691, ""fm2_smplh_valid_frac"": 1.0, ""fm3_static_frac"": 0.824607329842932, ""fps"": 30.0, ""geom_body_roll_deg"": 0.8550970138642136, ""observed_duration_s"": 382.0, ""repair_applied"": ""none"", ""reproj_shoulder_widths_p50"": 0.11560329605324979, ""shown_raster"": ""1080x1920"", ""stored_raster"": ""1080x1920"", ""timebase"": ""consistent"", ""timebase_index_drift_s"": 0.0, ""unit_flagged_frac"": 0.0, ""vendor"": ""V00""}",render
r12_100,improvised_multi_100_V00_S1189_I00001040_P1106A_f0011640,V00_S1189_I00001040_P1106A,improvised/train/0026/0069/V00_S1189_I00001040_P1106A,improvised/train/0026/0039/V00_S1189_I00001040_P0935A,improvised_multi,V00,improvised,11640,V00,improvised,train,ipc_conversation,random draw from improvised files the pipeline sorted into 'multi'; positioned on the longest untrusted stretch,"{""audio"": ""present"", ""audio_spectral_flatness"": 0.016662584778315316, ""audio_speech_level_db"": -55.855747947140145, ""audio_status"": ""ok"", ""audio_voice_isolation_db"": 10.040026071274099, ""flags_fired"": ""fm2_smplh_invalid+fm3_static_hands"", ""fm0_reasons"": ""none"", ""fm1_ankles_visible_frac"": 1.0, ""fm1_hip_flexion_deg_p25"": 138.68659159324324, ""fm1_hip_flexion_deg_p50"": 139.62750353779873, ""fm1_hip_flexion_deg_p75"": 140.4069768852466, ""fm1_knee_between_torso_p50"": 0.575399262103581, ""fm1_scope"": ""session majority over 1 files"", ""fm1_shin_verticality_p50"": 0.9999999999999707, ""fm2_smplh_valid_frac"": 0.9962519936204147, ""fm3_static_frac"": 0.9452950558213716, ""fps"": 30.0, ""geom_body_roll_deg"": -6.849689119392441e-06, ""observed_duration_s"": 418.0, ""repair_applied"": ""none"", ""reproj_shoulder_widths_p50"": 0.11119430427338094, ""shown_raster"": ""1080x1920"", ""stored_raster"": ""1080x1920"", ""timebase"": ""consistent"", ""timebase_index_drift_s"": 0.0, ""unit_flagged_frac"": 0.0, ""vendor"": ""V00""}",render
r12_101,improvised_multi_101_V00_S1808_I00001021_P1154A_f0008940,V00_S1808_I00001021_P1154A,improvised/train/0045/0052/V00_S1808_I00001021_P1154A,improvised/train/0045/0009/V00_S1808_I00001021_P0041A,improvised_multi,V00,improvised,8940,V00,improvised,train,ipc_conversation,random draw from improvised files the pipeline sorted into 'multi'; positioned on the longest untrusted stretch,"{""audio"": ""present"", ""audio_spectral_flatness"": 0.004532921459887901, ""audio_speech_level_db"": -48.29855585439965, ""audio_status"": ""ok"", ""audio_voice_isolation_db"": 8.580968792255002, ""flags_fired"": ""fm2_smplh_invalid+fm3_static_hands"", ""fm0_reasons"": ""none"", ""fm1_ankles_visible_frac"": 1.0, ""fm1_hip_flexion_deg_p25"": 128.7083313986085, ""fm1_hip_flexion_deg_p50"": 130.06860749726394, ""fm1_hip_flexion_deg_p75"": 131.44397876220978, ""fm1_knee_between_torso_p50"": 0.5300815287706725, ""fm1_scope"": ""session majority over 2 files"", ""fm1_shin_verticality_p50"": 0.9994449152632965, ""fm2_smplh_valid_frac"": 0.9940040650406504, ""fm3_static_frac"": 0.9259146341463415, ""fps"": 30.0, ""geom_body_roll_deg"": 0.8813957854986153, ""observed_duration_s"": 328.0, ""repair_applied"": ""none"", ""reproj_shoulder_widths_p50"": 0.14113718243752593, ""shown_raster"": ""1080x1920"", ""stored_raster"": ""1080x1920"", ""timebase"": ""consistent"", ""timebase_index_drift_s"": 0.0, ""unit_flagged_frac"": 0.0, ""vendor"": ""V00""}",render
r12_102,improvised_multi_102_V00_S0721_I00000957_P0196A_f0005400,V00_S0721_I00000957_P0196A,improvised/train/0014/0000/V00_S0721_I00000957_P0196A,improvised/train/0014/0004/V00_S0721_I00000957_P0359A,improvised_multi,V00,improvised,5400,V00,improvised,train,ipc_conversation,random draw from improvised files the pipeline sorted into 'multi'; positioned on the longest untrusted stretch,"{""audio"": ""present"", ""audio_spectral_flatness"": 0.0016817879955719009, ""audio_speech_level_db"": -41.45367029948282, ""audio_status"": ""ok"", ""audio_voice_isolation_db"": 9.978642840454766, ""flags_fired"": ""fm2_smplh_invalid+fm3_static_hands"", ""fm0_reasons"": ""none"", ""fm1_ankles_visible_frac"": 1.0, ""fm1_hip_flexion_deg_p25"": 138.112215959171, ""fm1_hip_flexion_deg_p50"": 139.10882289833899, ""fm1_hip_flexion_deg_p75"": 140.62364557982377, ""fm1_knee_between_torso_p50"": 0.5618554080261196, ""fm1_scope"": ""session majority over 2 files"", ""fm1_shin_verticality_p50"": 0.9995266279290845, ""fm2_smplh_valid_frac"": 0.9976190476190476, ""fm3_static_frac"": 0.7868253968253969, ""fps"": 30.0, ""geom_body_roll_deg"": 0.8425256501422564, ""observed_duration_s"": 210.0, ""repair_applied"": ""none"", ""reproj_shoulder_widths_p50"": 0.11362713201569163, ""shown_raster"": ""1080x1920"", ""stored_raster"": ""1080x1920"", ""timebase"": ""consistent"", ""timebase_index_drift_s"": 0.0, ""unit_flagged_frac"": 0.0, ""vendor"": ""V00""}",render
r12_103,improvised_multi_103_V00_S0973_I00000603_P0204_f0003289,V00_S0973_I00000603_P0204,improvised/train/0020/0027/V00_S0973_I00000603_P0204,improvised/train/0020/0058/V00_S0973_I00000603_P0845A,improvised_multi,V00,improvised,3289,V00,improvised,train,grounded_gesture,random draw from improvised files the pipeline sorted into 'multi'; positioned on the longest untrusted stretch,"{""audio"": ""present"", ""audio_spectral_flatness"": 0.0038523679728310386, ""audio_speech_level_db"": -51.41937629835236, ""audio_status"": ""ok"", ""audio_voice_isolation_db"": 39.348139393766985, ""flags_fired"": ""fm2_smplh_invalid+fm3_static_hands"", ""fm0_reasons"": ""none"", ""fm1_ankles_visible_frac"": 1.0, ""fm1_hip_flexion_deg_p25"": 150.93764559136218, ""fm1_hip_flexion_deg_p50"": 152.23794180180766, ""fm1_hip_flexion_deg_p75"": 153.6424163504771, ""fm1_knee_between_torso_p50"": 0.5727953314840037, ""fm1_scope"": ""session majority over 2 files"", ""fm1_shin_verticality_p50"": 0.9965457807620886, ""fm2_smplh_valid_frac"": 0.9997619047619047, ""fm3_static_frac"": 0.7509523809523809, ""fps"": 30.0, ""geom_body_roll_deg"": 0.9391898559518909, ""observed_duration_s"": 280.0, ""repair_applied"": ""none"", ""reproj_shoulder_widths_p50"": 0.1495969243972517, ""shown_raster"": ""1080x1920"", ""stored_raster"": ""1080x1920"", ""timebase"": ""consistent"", ""timebase_index_drift_s"": 0.0, ""unit_flagged_frac"": 0.0, ""vendor"": ""V00""}",render
r12_104,improvised_multi_104_V00_S0683_I00000582_P0193_f0002580,V00_S0683_I00000582_P0193,improvised/train/0013/0048/V00_S0683_I00000582_P0193,improvised/train/0013/0010/V00_S0683_I00000582_P0027A,improvised_multi,V00,improvised,2580,V00,improvised,train,ipc_conversation,random draw from improvised files the pipeline sorted into 'multi'; positioned on the longest untrusted stretch,"{""audio"": ""present"", ""audio_spectral_flatness"": 0.001110122132021086, ""audio_speech_level_db"": -40.18932092584562, ""audio_status"": ""ok"", ""audio_voice_isolation_db"": 5.836602277805395, ""flags_fired"": ""fm2_smplh_invalid+fm3_static_hands"", ""fm0_reasons"": ""none"", ""fm1_ankles_visible_frac"": 0.9988505747126437, ""fm1_hip_flexion_deg_p25"": 140.60667971840616, ""fm1_hip_flexion_deg_p50"": 146.7465459222104, ""fm1_hip_flexion_deg_p75"": 149.9742274949975, ""fm1_knee_between_torso_p50"": 0.5479362694499692, ""fm1_scope"": ""session majority over 1 files"", ""fm1_shin_verticality_p50"": 0.9995920848895204, ""fm2_smplh_valid_frac"": 0.9853448275862069, ""fm3_static_frac"": 0.8635057471264368, ""fps"": 30.0, ""geom_body_roll_deg"": 1.7899099057321948, ""observed_duration_s"": 116.0, ""repair_applied"": ""none"", ""reproj_shoulder_widths_p50"": 0.051088394568802306, ""shown_raster"": ""1080x1920"", ""stored_raster"": ""1080x1920"", ""timebase"": ""consistent"", ""timebase_index_drift_s"": 0.0, ""unit_flagged_frac"": 0.0, ""vendor"": ""V00""}",render
r12_105,improvised_multi_105_V00_S2059_I00001178_P1316A_f0001112,V00_S2059_I00001178_P1316A,improvised/train/0049/0001/V00_S2059_I00001178_P1316A,improvised/train/0049/0040/V00_S2059_I00001178_P1317A,improvised_multi,V00,improvised,1112,V00,improvised,train,ipc_conversation,random draw from improvised files the pipeline sorted into 'multi'; positioned on the longest untrusted stretch,"{""audio"": ""present"", ""audio_spectral_flatness"": 0.0001291641347450065, ""audio_speech_level_db"": -16.203320215474545, ""audio_status"": ""ok"", ""audio_voice_isolation_db"": 5.073441156920583, ""flags_fired"": ""fm1_sitting+fm2_smplh_invalid"", ""fm0_reasons"": ""none"", ""fm1_ankles_visible_frac"": 1.0, ""fm1_hip_flexion_deg_p25"": 110.61246013581689, ""fm1_hip_flexion_deg_p50"": 113.0311842153396, ""fm1_hip_flexion_deg_p75"": 118.51017002021817, ""fm1_knee_between_torso_p50"": 0.380183485949914, ""fm1_scope"": ""session majority over 1 files"", ""fm1_shin_verticality_p50"": 0.9794570068736377, ""fm2_smplh_valid_frac"": 0.98224043715847, ""fm3_static_frac"": 0.0001366120218579235, ""fps"": 30.0, ""geom_body_roll_deg"": 4.398706772312644, ""observed_duration_s"": 244.0, ""repair_applied"": ""none"", ""reproj_shoulder_widths_p50"": 0.04517669513299313, ""shown_raster"": ""1080x1920"", ""stored_raster"": ""1080x1920"", ""timebase"": ""consistent"", ""timebase_index_drift_s"": 0.0, ""unit_flagged_frac"": 1.0, ""vendor"": ""V00""}",render
r12_106,improvised_multi_106_V00_S0815_I00000371_P0678_f0004145,V00_S0815_I00000371_P0678,improvised/train/0016/0051/V00_S0815_I00000371_P0678,improvised/train/0016/0035/V00_S0815_I00000371_P0004A,improvised_multi,V00,improvised,4145,V00,improvised,train,ipc_conversation,random draw from improvised files the pipeline sorted into 'multi'; positioned on the longest untrusted stretch,"{""audio"": ""present"", ""audio_spectral_flatness"": 0.001119165633721573, ""audio_speech_level_db"": -42.82704361794273, ""audio_status"": ""ok"", ""audio_voice_isolation_db"": 6.015156110209082, ""flags_fired"": ""fm1_sitting+fm2_smplh_invalid"", ""fm0_reasons"": ""none"", ""fm1_ankles_visible_frac"": 1.0, ""fm1_hip_flexion_deg_p25"": 112.35229347486874, ""fm1_hip_flexion_deg_p50"": 115.6213924952543, ""fm1_hip_flexion_deg_p75"": 119.50838165837968, ""fm1_knee_between_torso_p50"": 0.4147146185145225, ""fm1_scope"": ""session majority over 2 files"", ""fm1_shin_verticality_p50"": 0.9950371792621626, ""fm2_smplh_valid_frac"": 0.9924812030075187, ""fm3_static_frac"": 0.1532581453634085, ""fps"": 30.0, ""geom_body_roll_deg"": 0.9710301902048907, ""observed_duration_s"": 266.0, ""repair_applied"": ""none"", ""reproj_shoulder_widths_p50"": 0.09280022343217104, ""shown_raster"": ""1080x1920"", ""stored_raster"": ""1080x1920"", ""timebase"": ""consistent"", ""timebase_index_drift_s"": 0.0, ""unit_flagged_frac"": 1.0, ""vendor"": ""V00""}",render
r12_107,naturalistic_pass_107_V00_S0067_I00000377_P0101_f0001353,V00_S0067_I00000377_P0101,naturalistic/train/0001/0010/V00_S0067_I00000377_P0101,naturalistic/train/0001/0004/V00_S0067_I00000377_P0073,naturalistic_pass,V00,naturalistic,1353,V00,naturalistic,train,ipc_conversation,random draw from naturalistic files the pipeline sorted into 'pass',"{""audio"": ""present"", ""audio_spectral_flatness"": 0.0022912884448813412, ""audio_speech_level_db"": -39.471316967496435, ""audio_status"": ""ok"", ""audio_voice_isolation_db"": 2.4573042568749996, ""flags_fired"": ""none"", ""fm0_reasons"": ""none"", ""fm1_ankles_visible_frac"": 1.0, ""fm1_hip_flexion_deg_p25"": 142.43553281479274, ""fm1_hip_flexion_deg_p50"": 145.90449268320094, ""fm1_hip_flexion_deg_p75"": 149.92802482974827, ""fm1_knee_between_torso_p50"": 0.5300429864111473, ""fm1_scope"": ""session majority over 3 files"", ""fm1_shin_verticality_p50"": 0.9983713155877402, ""fm2_smplh_valid_frac"": 1.0, ""fm3_static_frac"": 0.37078189300411524, ""fps"": 30.0, ""geom_body_roll_deg"": 7.865080197965317e-06, ""observed_duration_s"": 162.0, ""repair_applied"": ""none"", ""reproj_shoulder_widths_p50"": 0.11886142538619973, ""shown_raster"": ""1080x1920"", ""stored_raster"": ""1080x1920"", ""timebase"": ""consistent"", ""timebase_index_drift_s"": 0.0, ""unit_flagged_frac"": 0.0, ""vendor"": ""V00""}",render
r12_108,naturalistic_pass_108_V00_S0033_I00000515_P0051_f0000244,V00_S0033_I00000515_P0051,naturalistic/train/0000/0006/V00_S0033_I00000515_P0051,naturalistic/train/0000/0015/V00_S0033_I00000515_P0052,naturalistic_pass,V00,naturalistic,244,V00,naturalistic,train,ipc_conversation,random draw from naturalistic files the pipeline sorted into 'pass',"{""audio"": ""present"", ""audio_spectral_flatness"": 0.003670031578472721, ""audio_speech_level_db"": -35.27570045550808, ""audio_status"": ""ok"", ""audio_voice_isolation_db"": 12.627134561888433, ""flags_fired"": ""none"", ""fm0_reasons"": ""none"", ""fm1_ankles_visible_frac"": 1.0, ""fm1_hip_flexion_deg_p25"": 136.12048229743309, ""fm1_hip_flexion_deg_p50"": 138.63584854016946, ""fm1_hip_flexion_deg_p75"": 148.49728092517816, ""fm1_knee_between_torso_p50"": 0.5324185178458964, ""fm1_scope"": ""session majority over 2 files"", ""fm1_shin_verticality_p50"": 0.9995677479991523, ""fm2_smplh_valid_frac"": 1.0, ""fm3_static_frac"": 0.3455128205128205, ""fps"": 30.0, ""geom_body_roll_deg"": 2.6837763043036995, ""observed_duration_s"": 156.0, ""repair_applied"": ""none"", ""reproj_shoulder_widths_p50"": 0.1646658459079482, ""shown_raster"": ""1080x1920"", ""stored_raster"": ""1080x1920"", ""timebase"": ""consistent"", ""timebase_index_drift_s"": 0.0, ""unit_flagged_frac"": 0.0, ""vendor"": ""V00""}",render
r12_109,naturalistic_pass_109_V00_S1966_I00000554_P1237_f0000150,V00_S1966_I00000554_P1237,naturalistic/train/0032/0004/V00_S1966_I00000554_P1237,naturalistic/train/0032/0042/V00_S1966_I00000554_P0347,naturalistic_pass,V00,naturalistic,150,V00,naturalistic,train,grounded_gesture,random draw from naturalistic files the pipeline sorted into 'pass',"{""audio"": ""present"", ""audio_spectral_flatness"": 0.0015234183383675555, ""audio_speech_level_db"": -54.35689158057919, ""audio_status"": ""ok"", ""audio_voice_isolation_db"": 36.679121567566504, ""flags_fired"": ""none"", ""fm0_reasons"": ""none"", ""fm1_ankles_visible_frac"": 1.0, ""fm1_hip_flexion_deg_p25"": 150.67548497176904, ""fm1_hip_flexion_deg_p50"": 152.72069946941482, ""fm1_hip_flexion_deg_p75"": 154.60883886949364, ""fm1_knee_between_torso_p50"": 0.5487696737235764, ""fm1_scope"": ""session majority over 3 files"", ""fm1_shin_verticality_p50"": 0.9981684926452161, ""fm2_smplh_valid_frac"": 1.0, ""fm3_static_frac"": 0.5233870967741936, ""fps"": 30.0, ""geom_body_roll_deg"": -7.979947480941079e-06, ""observed_duration_s"": 124.0, ""repair_applied"": ""none"", ""reproj_shoulder_widths_p50"": 0.04010328808516116, ""shown_raster"": ""1080x1920"", ""stored_raster"": ""1080x1920"", ""timebase"": ""consistent"", ""timebase_index_drift_s"": 0.0, ""unit_flagged_frac"": 0.0, ""vendor"": ""V00""}",render
r12_110,naturalistic_pass_110_V00_S1993_I00000413_P1137_f0001271,V00_S1993_I00000413_P1137,naturalistic/train/0032/0006/V00_S1993_I00000413_P1137,naturalistic/train/0032/0017/V00_S1993_I00000413_P1246,naturalistic_pass,V00,naturalistic,1271,V00,naturalistic,train,ipc_conversation,random draw from naturalistic files the pipeline sorted into 'pass',"{""audio"": ""present"", ""audio_spectral_flatness"": 0.0012577331933126463, ""audio_speech_level_db"": -42.56628990913903, ""audio_status"": ""ok"", ""audio_voice_isolation_db"": 7.943486924633348, ""flags_fired"": ""none"", ""fm0_reasons"": ""none"", ""fm1_ankles_visible_frac"": 1.0, ""fm1_hip_flexion_deg_p25"": 133.25750880933168, ""fm1_hip_flexion_deg_p50"": 135.11888697538063, ""fm1_hip_flexion_deg_p75"": 137.76292867396512, ""fm1_knee_between_torso_p50"": 0.5032024957454873, ""fm1_scope"": ""session majority over 1 files"", ""fm1_shin_verticality_p50"": 0.9963466550252911, ""fm2_smplh_valid_frac"": 1.0, ""fm3_static_frac"": 0.6652263374485596, ""fps"": 30.0, ""geom_body_roll_deg"": 4.927107044748807, ""observed_duration_s"": 162.0, ""repair_applied"": ""none"", ""reproj_shoulder_widths_p50"": 0.04661271692504794, ""shown_raster"": ""1080x1920"", ""stored_raster"": ""1080x1920"", ""timebase"": ""consistent"", ""timebase_index_drift_s"": 0.0, ""unit_flagged_frac"": 0.0, ""vendor"": ""V00""}",render
r12_111,naturalistic_pass_111_V00_S0468_I00000378_P0604_f0000950,V00_S0468_I00000378_P0604,naturalistic/train/0012/0016/V00_S0468_I00000378_P0604,naturalistic/train/0012/0042/V00_S0468_I00000378_P0603,naturalistic_pass,V00,naturalistic,950,V00,naturalistic,train,ipc_conversation,random draw from naturalistic files the pipeline sorted into 'pass',"{""audio"": ""present"", ""audio_spectral_flatness"": 0.0026959753288517637, ""audio_speech_level_db"": -45.31615484721829, ""audio_status"": ""ok"", ""audio_voice_isolation_db"": 5.299714348121995, ""flags_fired"": ""none"", ""fm0_reasons"": ""none"", ""fm1_ankles_visible_frac"": 1.0, ""fm1_hip_flexion_deg_p25"": 150.7943513563481, ""fm1_hip_flexion_deg_p50"": 156.57627683960146, ""fm1_hip_flexion_deg_p75"": 158.03895098561892, ""fm1_knee_between_torso_p50"": 0.628891503576601, ""fm1_scope"": ""session majority over 2 files"", ""fm1_shin_verticality_p50"": 0.9982743807969651, ""fm2_smplh_valid_frac"": 1.0, ""fm3_static_frac"": 0.24731182795698925, ""fps"": 30.0, ""geom_body_roll_deg"": 2.6025613114250374, ""observed_duration_s"": 62.0, ""repair_applied"": ""none"", ""reproj_shoulder_widths_p50"": 0.13638747944604612, ""shown_raster"": ""1080x1920"", ""stored_raster"": ""1080x1920"", ""timebase"": ""consistent"", ""timebase_index_drift_s"": 0.0, ""unit_flagged_frac"": 0.0, ""vendor"": ""V00""}",render
r12_112,naturalistic_pass_112_V00_S0504_I00000477_P0047_f0004610,V00_S0504_I00000477_P0047,naturalistic/train/0013/0027/V00_S0504_I00000477_P0047,naturalistic/train/0013/0000/V00_S0504_I00000477_P0572,naturalistic_pass,V00,naturalistic,4610,V00,naturalistic,train,ipc_conversation,random draw from naturalistic files the pipeline sorted into 'pass',"{""audio"": ""present"", ""audio_spectral_flatness"": 0.0011429793710401879, ""audio_speech_level_db"": -37.94416061898522, ""audio_status"": ""ok"", ""audio_voice_isolation_db"": 7.77010942723275, ""flags_fired"": ""none"", ""fm0_reasons"": ""none"", ""fm1_ankles_visible_frac"": 1.0, ""fm1_hip_flexion_deg_p25"": 144.44043633355986, ""fm1_hip_flexion_deg_p50"": 147.7163447794444, ""fm1_hip_flexion_deg_p75"": 150.50480617881624, ""fm1_knee_between_torso_p50"": 0.5562166997852669, ""fm1_scope"": ""session majority over 2 files"", ""fm1_shin_verticality_p50"": 0.9979253219793542, ""fm2_smplh_valid_frac"": 1.0, ""fm3_static_frac"": 0.09009661835748792, ""fps"": 30.0, ""geom_body_roll_deg"": 2.726316775329011, ""observed_duration_s"": 276.0, ""repair_applied"": ""none"", ""reproj_shoulder_widths_p50"": 0.04583436253987011, ""shown_raster"": ""1080x1920"", ""stored_raster"": ""1080x1920"", ""timebase"": ""consistent"", ""timebase_index_drift_s"": 0.0, ""unit_flagged_frac"": 0.0, ""vendor"": ""V00""}",render
r12_113,naturalistic_pass_113_V00_S1987_I00000407_P0507_f0001820,V00_S1987_I00000407_P0507,naturalistic/train/0032/0043/V00_S1987_I00000407_P0507,naturalistic/train/0032/0035/V00_S1987_I00000407_P0160,naturalistic_pass,V00,naturalistic,1820,V00,naturalistic,train,ipc_conversation,random draw from naturalistic files the pipeline sorted into 'pass',"{""audio"": ""present"", ""audio_spectral_flatness"": 0.0017477261751137382, ""audio_speech_level_db"": -43.2805053247654, ""audio_status"": ""ok"", ""audio_voice_isolation_db"": 8.783734617005232, ""flags_fired"": ""none"", ""fm0_reasons"": ""none"", ""fm1_ankles_visible_frac"": 1.0, ""fm1_hip_flexion_deg_p25"": 155.34664702848875, ""fm1_hip_flexion_deg_p50"": 157.10040842857194, ""fm1_hip_flexion_deg_p75"": 158.68195644957467, ""fm1_knee_between_torso_p50"": 0.5384693753568227, ""fm1_scope"": ""session majority over 3 files"", ""fm1_shin_verticality_p50"": 0.9977851525598525, ""fm2_smplh_valid_frac"": 1.0, ""fm3_static_frac"": 0.6695876288659793, ""fps"": 30.0, ""geom_body_roll_deg"": 3.0664921053193726, ""observed_duration_s"": 194.0, ""repair_applied"": ""none"", ""reproj_shoulder_widths_p50"": 0.06876886432114332, ""shown_raster"": ""1080x1920"", ""stored_raster"": ""1080x1920"", ""timebase"": ""consistent"", ""timebase_index_drift_s"": 0.0, ""unit_flagged_frac"": 0.0, ""vendor"": ""V00""}",render
r12_114,naturalistic_fm1_sitting_114_V00_S1925_I00000280_P0070_f0002776,V00_S1925_I00000280_P0070,naturalistic/train/0031/0039/V00_S1925_I00000280_P0070,naturalistic/train/0031/0022/V00_S1925_I00000280_P1213,naturalistic_fm1_sitting,V00,naturalistic,2776,V00,naturalistic,train,ipc_conversation,random draw from naturalistic files the pipeline sorted into 'fm1_sitting',"{""audio"": ""present"", ""audio_spectral_flatness"": 0.0014419895582815625, ""audio_speech_level_db"": -46.99420028315008, ""audio_status"": ""ok"", ""audio_voice_isolation_db"": 5.194383399743703, ""flags_fired"": ""fm1_sitting"", ""fm0_reasons"": ""none"", ""fm1_ankles_visible_frac"": 1.0, ""fm1_hip_flexion_deg_p25"": 100.37824373888849, ""fm1_hip_flexion_deg_p50"": 101.34092190508952, ""fm1_hip_flexion_deg_p75"": 102.47182324748495, ""fm1_knee_between_torso_p50"": 0.296588250652778, ""fm1_scope"": ""session majority over 2 files"", ""fm1_shin_verticality_p50"": 0.999231948971342, ""fm2_smplh_valid_frac"": 1.0, ""fm3_static_frac"": 0.5971264367816091, ""fps"": 30.0, ""geom_body_roll_deg"": 2.1610802192172045, ""observed_duration_s"": 290.0, ""repair_applied"": ""none"", ""reproj_shoulder_widths_p50"": 0.05814036119350169, ""shown_raster"": ""1080x1920"", ""stored_raster"": ""1080x1920"", ""timebase"": ""consistent"", ""timebase_index_drift_s"": 0.0, ""unit_flagged_frac"": 1.0, ""vendor"": ""V00""}",render
r12_115,naturalistic_fm1_sitting_115_V00_S0555_I00000139_P0698_f0000520,V00_S0555_I00000139_P0698,naturalistic/train/0015/0026/V00_S0555_I00000139_P0698,naturalistic/train/0015/0003/V00_S0555_I00000139_P0699,naturalistic_fm1_sitting,V00,naturalistic,520,V00,naturalistic,train,ipc_conversation,random draw from naturalistic files the pipeline sorted into 'fm1_sitting',"{""audio"": ""present"", ""audio_spectral_flatness"": 0.0005838936003523006, ""audio_speech_level_db"": -35.8230265054059, ""audio_status"": ""ok"", ""audio_voice_isolation_db"": 15.17618565785787, ""flags_fired"": ""fm1_sitting"", ""fm0_reasons"": ""none"", ""fm1_ankles_visible_frac"": 1.0, ""fm1_hip_flexion_deg_p25"": 95.99944541330385, ""fm1_hip_flexion_deg_p50"": 99.80476449627925, ""fm1_hip_flexion_deg_p75"": 101.7243132396317, ""fm1_knee_between_torso_p50"": 0.2751397146732516, ""fm1_scope"": ""session majority over 2 files"", ""fm1_shin_verticality_p50"": 0.9997418307727168, ""fm2_smplh_valid_frac"": 1.0, ""fm3_static_frac"": 0.017222222222222222, ""fps"": 30.0, ""geom_body_roll_deg"": 0.9877585081948119, ""observed_duration_s"": 60.0, ""repair_applied"": ""none"", ""reproj_shoulder_widths_p50"": 0.08778269495572735, ""shown_raster"": ""1080x1920"", ""stored_raster"": ""1080x1920"", ""timebase"": ""consistent"", ""timebase_index_drift_s"": 0.0, ""unit_flagged_frac"": 1.0, ""vendor"": ""V00""}",render
r12_116,naturalistic_fm1_sitting_116_V00_S1045_I00000007_P1067_f0001018,V00_S1045_I00000007_P1067,naturalistic/dev/0001/0008/V00_S1045_I00000007_P1067,naturalistic/dev/0001/0006/V00_S1045_I00000007_P1066,naturalistic_fm1_sitting,V00,naturalistic,1018,V00,naturalistic,dev,ipc_conversation,random draw from naturalistic files the pipeline sorted into 'fm1_sitting',"{""audio"": ""present"", ""audio_spectral_flatness"": 0.0006083755509358874, ""audio_speech_level_db"": -45.865279026882966, ""audio_status"": ""ok"", ""audio_voice_isolation_db"": 6.2813025856545766, ""flags_fired"": ""fm1_sitting"", ""fm0_reasons"": ""none"", ""fm1_ankles_visible_frac"": 1.0, ""fm1_hip_flexion_deg_p25"": 80.4795641701798, ""fm1_hip_flexion_deg_p50"": 82.25033785635858, ""fm1_hip_flexion_deg_p75"": 84.06631582959704, ""fm1_knee_between_torso_p50"": 0.07403350567865724, ""fm1_scope"": ""session majority over 2 files"", ""fm1_shin_verticality_p50"": 0.9974587014615273, ""fm2_smplh_valid_frac"": 1.0, ""fm3_static_frac"": 0.7453405017921146, ""fps"": 30.0, ""geom_body_roll_deg"": 1.041626416543347, ""observed_duration_s"": 186.0, ""repair_applied"": ""none"", ""reproj_shoulder_widths_p50"": 0.07149625620860692, ""shown_raster"": ""1080x1920"", ""stored_raster"": ""1080x1920"", ""timebase"": ""consistent"", ""timebase_index_drift_s"": 0.0, ""unit_flagged_frac"": 1.0, ""vendor"": ""V00""}",render
r12_117,naturalistic_fm1_sitting_117_V00_S0112_I00000486_P0162_f0004143,V00_S0112_I00000486_P0162,naturalistic/train/0002/0037/V00_S0112_I00000486_P0162,naturalistic/train/0002/0017/V00_S0112_I00000486_P0163,naturalistic_fm1_sitting,V00,naturalistic,4143,V00,naturalistic,train,ipc_conversation,random draw from naturalistic files the pipeline sorted into 'fm1_sitting',"{""audio"": ""present"", ""audio_spectral_flatness"": 0.001741212669443434, ""audio_speech_level_db"": -43.29523852108659, ""audio_status"": ""ok"", ""audio_voice_isolation_db"": 3.634138165961418, ""flags_fired"": ""fm1_sitting"", ""fm0_reasons"": ""none"", ""fm1_ankles_visible_frac"": 1.0, ""fm1_hip_flexion_deg_p25"": 113.88144754490105, ""fm1_hip_flexion_deg_p50"": 116.44766219541931, ""fm1_hip_flexion_deg_p75"": 120.13845274306, ""fm1_knee_between_torso_p50"": 0.4096934373570139, ""fm1_scope"": ""session majority over 2 files"", ""fm1_shin_verticality_p50"": 0.9980525737150923, ""fm2_smplh_valid_frac"": 1.0, ""fm3_static_frac"": 0.013736263736263736, ""fps"": 30.0, ""geom_body_roll_deg"": 2.161083244906564, ""observed_duration_s"": 182.0, ""repair_applied"": ""none"", ""reproj_shoulder_widths_p50"": 0.055463860970830864, ""shown_raster"": ""1080x1920"", ""stored_raster"": ""1080x1920"", ""timebase"": ""consistent"", ""timebase_index_drift_s"": 0.0, ""unit_flagged_frac"": 1.0, ""vendor"": ""V00""}",render
r12_118,naturalistic_fm1_sitting_118_V00_S0555_I00000134_P0698_f0000703,V00_S0555_I00000134_P0698,naturalistic/train/0015/0023/V00_S0555_I00000134_P0698,naturalistic/train/0015/0030/V00_S0555_I00000134_P0699,naturalistic_fm1_sitting,V00,naturalistic,703,V00,naturalistic,train,ipc_conversation,random draw from naturalistic files the pipeline sorted into 'fm1_sitting',"{""audio"": ""present"", ""audio_spectral_flatness"": 0.0020916545281721324, ""audio_speech_level_db"": -36.71232840927593, ""audio_status"": ""ok"", ""audio_voice_isolation_db"": 17.006957844012877, ""flags_fired"": ""fm1_sitting"", ""fm0_reasons"": ""none"", ""fm1_ankles_visible_frac"": 1.0, ""fm1_hip_flexion_deg_p25"": 100.91817685369035, ""fm1_hip_flexion_deg_p50"": 102.00759733797726, ""fm1_hip_flexion_deg_p75"": 105.40587568325114, ""fm1_knee_between_torso_p50"": 0.2946516690513367, ""fm1_scope"": ""session majority over 2 files"", ""fm1_shin_verticality_p50"": 0.999013810108271, ""fm2_smplh_valid_frac"": 1.0, ""fm3_static_frac"": 0.24053030303030304, ""fps"": 30.0, ""geom_body_roll_deg"": 0.0, ""observed_duration_s"": 264.0, ""repair_applied"": ""none"", ""reproj_shoulder_widths_p50"": 0.08452435700219187, ""shown_raster"": ""1080x1920"", ""stored_raster"": ""1080x1920"", ""timebase"": ""consistent"", ""timebase_index_drift_s"": 0.0, ""unit_flagged_frac"": 1.0, ""vendor"": ""V00""}",render
r12_119,naturalistic_fm1_sitting_119_V00_S1016_I00000602_P1058_f0000552,V00_S1016_I00000602_P1058,naturalistic/train/0025/0046/V00_S1016_I00000602_P1058,naturalistic/train/0025/0037/V00_S1016_I00000602_P1057,naturalistic_fm1_sitting,V00,naturalistic,552,V00,naturalistic,train,grounded_gesture,random draw from naturalistic files the pipeline sorted into 'fm1_sitting',"{""audio"": ""present"", ""audio_spectral_flatness"": 0.0005848294137561022, ""audio_speech_level_db"": -36.37515725124481, ""audio_status"": ""ok"", ""audio_voice_isolation_db"": 12.991578747826896, ""flags_fired"": ""fm1_sitting"", ""fm0_reasons"": ""none"", ""fm1_ankles_visible_frac"": 1.0, ""fm1_hip_flexion_deg_p25"": 67.90327702981246, ""fm1_hip_flexion_deg_p50"": 70.14693551517148, ""fm1_hip_flexion_deg_p75"": 81.50899192658264, ""fm1_knee_between_torso_p50"": -0.17141582965620805, ""fm1_scope"": ""session majority over 3 files"", ""fm1_shin_verticality_p50"": 0.9967290500682082, ""fm2_smplh_valid_frac"": 1.0, ""fm3_static_frac"": 0.4823170731707317, ""fps"": 30.0, ""geom_body_roll_deg"": 0.8951748621066099, ""observed_duration_s"": 164.0, ""repair_applied"": ""none"", ""reproj_shoulder_widths_p50"": 0.0820142321654074, ""shown_raster"": ""1080x1920"", ""stored_raster"": ""1080x1920"", ""timebase"": ""consistent"", ""timebase_index_drift_s"": 0.0, ""unit_flagged_frac"": 1.0, ""vendor"": ""V00""}",render
r12_120,naturalistic_fm1_sitting_120_V00_S0112_I00000483_P0163_f0000401,V00_S0112_I00000483_P0163,naturalistic/train/0002/0000/V00_S0112_I00000483_P0163,naturalistic/train/0002/0012/V00_S0112_I00000483_P0162,naturalistic_fm1_sitting,V00,naturalistic,401,V00,naturalistic,train,ipc_conversation,random draw from naturalistic files the pipeline sorted into 'fm1_sitting',"{""audio"": ""present"", ""audio_spectral_flatness"": 0.0011688083083468183, ""audio_speech_level_db"": -45.3653786928265, ""audio_status"": ""ok"", ""audio_voice_isolation_db"": 6.67466512215441, ""flags_fired"": ""fm1_sitting"", ""fm0_reasons"": ""none"", ""fm1_ankles_visible_frac"": 1.0, ""fm1_hip_flexion_deg_p25"": 101.76408119087358, ""fm1_hip_flexion_deg_p50"": 109.59172957404881, ""fm1_hip_flexion_deg_p75"": 110.95586848232853, ""fm1_knee_between_torso_p50"": 0.35823190007032274, ""fm1_scope"": ""session majority over 2 files"", ""fm1_shin_verticality_p50"": 0.9980525881660331, ""fm2_smplh_valid_frac"": 1.0, ""fm3_static_frac"": 0.5520833333333334, ""fps"": 30.0, ""geom_body_roll_deg"": 6.203449261829725, ""observed_duration_s"": 144.0, ""repair_applied"": ""none"", ""reproj_shoulder_widths_p50"": 0.06002762773259913, ""shown_raster"": ""1080x1920"", ""stored_raster"": ""1080x1920"", ""timebase"": ""consistent"", ""timebase_index_drift_s"": 0.0, ""unit_flagged_frac"": 1.0, ""vendor"": ""V00""}",render
r12_121,naturalistic_fm2_smplh_invalid_121_V00_S0049_I00000495_P0075_f0004740,V00_S0049_I00000495_P0075,naturalistic/train/0000/0005/V00_S0049_I00000495_P0075,naturalistic/train/0000/0014/V00_S0049_I00000495_P0076,naturalistic_fm2_smplh_invalid,V00,naturalistic,4740,V00,naturalistic,train,ipc_conversation,random draw from naturalistic files the pipeline sorted into 'fm2_smplh_invalid'; positioned on the longest untrusted stretch,"{""audio"": ""present"", ""audio_spectral_flatness"": 0.0044849993324221175, ""audio_speech_level_db"": -42.38746131976073, ""audio_status"": ""ok"", ""audio_voice_isolation_db"": 8.950070042858407, ""flags_fired"": ""fm2_smplh_invalid"", ""fm0_reasons"": ""none"", ""fm1_ankles_visible_frac"": 1.0, ""fm1_hip_flexion_deg_p25"": 134.38508474245742, ""fm1_hip_flexion_deg_p50"": 138.3807922779161, ""fm1_hip_flexion_deg_p75"": 141.32870953282452, ""fm1_knee_between_torso_p50"": 0.4881255338321334, ""fm1_scope"": ""session majority over 2 files"", ""fm1_shin_verticality_p50"": 0.999999999999982, ""fm2_smplh_valid_frac"": 0.9952127659574468, ""fm3_static_frac"": 0.4948581560283688, ""fps"": 30.0, ""geom_body_roll_deg"": 1.0416332912884103, ""observed_duration_s"": 188.0, ""repair_applied"": ""none"", ""reproj_shoulder_widths_p50"": 0.04316736485933921, ""shown_raster"": ""1080x1920"", ""stored_raster"": ""1080x1920"", ""timebase"": ""consistent"", ""timebase_index_drift_s"": 0.0, ""unit_flagged_frac"": 0.0, ""vendor"": ""V00""}",render
r12_122,naturalistic_fm2_smplh_invalid_122_V00_S0210_I00000384_P0284_f0001916,V00_S0210_I00000384_P0284,naturalistic/train/0004/0017/V00_S0210_I00000384_P0284,naturalistic/train/0004/0001/V00_S0210_I00000384_P0283,naturalistic_fm2_smplh_invalid,V00,naturalistic,1916,V00,naturalistic,train,ipc_conversation,random draw from naturalistic files the pipeline sorted into 'fm2_smplh_invalid'; positioned on the longest untrusted stretch,"{""audio"": ""present"", ""audio_spectral_flatness"": 0.0012961404368414709, ""audio_speech_level_db"": -40.54713042985693, ""audio_status"": ""ok"", ""audio_voice_isolation_db"": 11.721423293599148, ""flags_fired"": ""fm2_smplh_invalid"", ""fm0_reasons"": ""none"", ""fm1_ankles_visible_frac"": 1.0, ""fm1_hip_flexion_deg_p25"": 135.74481837618276, ""fm1_hip_flexion_deg_p50"": 138.26037522328784, ""fm1_hip_flexion_deg_p75"": 142.8711769928695, ""fm1_knee_between_torso_p50"": 0.5200790943587981, ""fm1_scope"": ""session majority over 2 files"", ""fm1_shin_verticality_p50"": 0.9995411874983597, ""fm2_smplh_valid_frac"": 0.9993150684931507, ""fm3_static_frac"": 0.391324200913242, ""fps"": 30.0, ""geom_body_roll_deg"": 1.0050838208487407, ""observed_duration_s"": 146.0, ""repair_applied"": ""none"", ""reproj_shoulder_widths_p50"": 0.0668798886437303, ""shown_raster"": ""1080x1920"", ""stored_raster"": ""1080x1920"", ""timebase"": ""consistent"", ""timebase_index_drift_s"": 0.0, ""unit_flagged_frac"": 0.0, ""vendor"": ""V00""}",render
r12_123,naturalistic_fm2_smplh_invalid_123_V00_S0600_I00000130_P0557_f0001203,V00_S0600_I00000130_P0557,naturalistic/train/0017/0040/V00_S0600_I00000130_P0557,naturalistic/train/0017/0005/V00_S0600_I00000130_P0758,naturalistic_fm2_smplh_invalid,V00,naturalistic,1203,V00,naturalistic,train,ipc_conversation,random draw from naturalistic files the pipeline sorted into 'fm2_smplh_invalid'; positioned on the longest untrusted stretch,"{""audio"": ""present"", ""audio_spectral_flatness"": 0.0016350145124880862, ""audio_speech_level_db"": -30.9501617905906, ""audio_status"": ""ok"", ""audio_voice_isolation_db"": 6.711643515915843, ""flags_fired"": ""fm2_smplh_invalid"", ""fm0_reasons"": ""none"", ""fm1_ankles_visible_frac"": 1.0, ""fm1_hip_flexion_deg_p25"": 142.24742908276676, ""fm1_hip_flexion_deg_p50"": 144.5587505102564, ""fm1_hip_flexion_deg_p75"": 146.54571573266327, ""fm1_knee_between_torso_p50"": 0.6098367747996344, ""fm1_scope"": ""session majority over 2 files"", ""fm1_shin_verticality_p50"": 0.9993628570153765, ""fm2_smplh_valid_frac"": 0.9909638554216867, ""fm3_static_frac"": 0.011847389558232932, ""fps"": 30.0, ""geom_body_roll_deg"": -0.8425320064250956, ""observed_duration_s"": 166.0, ""repair_applied"": ""none"", ""reproj_shoulder_widths_p50"": 0.10566333422489439, ""shown_raster"": ""1080x1920"", ""stored_raster"": ""1080x1920"", ""timebase"": ""consistent"", ""timebase_index_drift_s"": 0.0, ""unit_flagged_frac"": 0.0, ""vendor"": ""V00""}",render
r12_124,naturalistic_fm2_smplh_invalid_124_V00_S1321_I00000220_P0625_f0004015,V00_S1321_I00000220_P0625,naturalistic/train/0027/0012/V00_S1321_I00000220_P0625,naturalistic/train/0027/0041/V00_S1321_I00000220_P1126,naturalistic_fm2_smplh_invalid,V00,naturalistic,4015,V00,naturalistic,train,ipc_conversation,random draw from naturalistic files the pipeline sorted into 'fm2_smplh_invalid'; positioned on the longest untrusted stretch,"{""audio"": ""present"", ""audio_spectral_flatness"": 0.0018609988722992927, ""audio_speech_level_db"": -54.269866070900335, ""audio_status"": ""ok"", ""audio_voice_isolation_db"": 8.567106500820286, ""flags_fired"": ""fm2_smplh_invalid"", ""fm0_reasons"": ""none"", ""fm1_ankles_visible_frac"": 1.0, ""fm1_hip_flexion_deg_p25"": 148.8364241855742, ""fm1_hip_flexion_deg_p50"": 156.61252053554526, ""fm1_hip_flexion_deg_p75"": 158.75306323970779, ""fm1_knee_between_torso_p50"": 0.6011803634134965, ""fm1_scope"": ""session majority over 3 files"", ""fm1_shin_verticality_p50"": 0.9995120775766784, ""fm2_smplh_valid_frac"": 0.9932400932400932, ""fm3_static_frac"": 0.001048951048951049, ""fps"": 30.0, ""geom_body_roll_deg"": -4.398708672449699, ""observed_duration_s"": 286.0, ""repair_applied"": ""none"", ""reproj_shoulder_widths_p50"": 0.09568365263799933, ""shown_raster"": ""1080x1920"", ""stored_raster"": ""1080x1920"", ""timebase"": ""consistent"", ""timebase_index_drift_s"": 0.0, ""unit_flagged_frac"": 0.0, ""vendor"": ""V00""}",render
r12_125,naturalistic_fm2_smplh_invalid_125_V00_S1806_I00000352_P0282_f0001673,V00_S1806_I00000352_P0282,naturalistic/train/0029/0051/V00_S1806_I00000352_P0282,naturalistic/train/0029/0017/V00_S1806_I00000352_P1172,naturalistic_fm2_smplh_invalid,V00,naturalistic,1673,V00,naturalistic,train,ipc_conversation,random draw from naturalistic files the pipeline sorted into 'fm2_smplh_invalid'; positioned on the longest untrusted stretch,"{""audio"": ""present"", ""audio_spectral_flatness"": 0.003485847100183656, ""audio_speech_level_db"": -41.96261758582739, ""audio_status"": ""ok"", ""audio_voice_isolation_db"": 16.369938451345178, ""flags_fired"": ""fm2_smplh_invalid"", ""fm0_reasons"": ""none"", ""fm1_ankles_visible_frac"": 1.0, ""fm1_hip_flexion_deg_p25"": 148.08295015509856, ""fm1_hip_flexion_deg_p50"": 151.54200037822432, ""fm1_hip_flexion_deg_p75"": 155.26520504701983, ""fm1_knee_between_torso_p50"": 0.5206740425999333, ""fm1_scope"": ""session majority over 1 files"", ""fm1_shin_verticality_p50"": 0.9997026858052971, ""fm2_smplh_valid_frac"": 0.9905555555555555, ""fm3_static_frac"": 0.0008333333333333334, ""fps"": 30.0, ""geom_body_roll_deg"": 2.009549148040255, ""observed_duration_s"": 120.0, ""repair_applied"": ""none"", ""reproj_shoulder_widths_p50"": 0.060685517381389706, ""shown_raster"": ""1080x1920"", ""stored_raster"": ""1080x1920"", ""timebase"": ""consistent"", ""timebase_index_drift_s"": 0.0, ""unit_flagged_frac"": 0.0, ""vendor"": ""V00""}",render
r12_126,naturalistic_fm2_smplh_invalid_126_V00_S0114_I00000135_P0166_f0000444,V00_S0114_I00000135_P0166,naturalistic/train/0002/0004/V00_S0114_I00000135_P0166,naturalistic/train/0002/0018/V00_S0114_I00000135_P0165,naturalistic_fm2_smplh_invalid,V00,naturalistic,444,V00,naturalistic,train,collaborative_storytelling,random draw from naturalistic files the pipeline sorted into 'fm2_smplh_invalid'; positioned on the longest untrusted stretch,"{""audio"": ""present"", ""audio_spectral_flatness"": 0.0010991083378367693, ""audio_speech_level_db"": -41.0578348226153, ""audio_status"": ""ok"", ""audio_voice_isolation_db"": 6.259561002454922, ""flags_fired"": ""fm2_smplh_invalid"", ""fm0_reasons"": ""none"", ""fm1_ankles_visible_frac"": 1.0, ""fm1_hip_flexion_deg_p25"": 140.77458866592934, ""fm1_hip_flexion_deg_p50"": 142.0548492358228, ""fm1_hip_flexion_deg_p75"": 143.18553033726369, ""fm1_knee_between_torso_p50"": 0.5509672864627843, ""fm1_scope"": ""session majority over 2 files"", ""fm1_shin_verticality_p50"": 0.9996349710492014, ""fm2_smplh_valid_frac"": 0.8533755274261603, ""fm3_static_frac"": 0.5080168776371308, ""fps"": 30.0, ""geom_body_roll_deg"": 5.273897621711184, ""observed_duration_s"": 158.0, ""repair_applied"": ""none"", ""reproj_shoulder_widths_p50"": 0.058811881010977105, ""shown_raster"": ""1080x1920"", ""stored_raster"": ""1080x1920"", ""timebase"": ""consistent"", ""timebase_index_drift_s"": 0.0, ""unit_flagged_frac"": 0.0, ""vendor"": ""V00""}",render
r12_127,naturalistic_fm2_smplh_invalid_127_V00_S0830_I00000379_P0792_f0004403,V00_S0830_I00000379_P0792,naturalistic/train/0023/0015/V00_S0830_I00000379_P0792,naturalistic/train/0023/0031/V00_S0830_I00000379_P0433,naturalistic_fm2_smplh_invalid,V00,naturalistic,4403,V00,naturalistic,train,ipc_conversation,random draw from naturalistic files the pipeline sorted into 'fm2_smplh_invalid'; positioned on the longest untrusted stretch,"{""audio"": ""present"", ""audio_spectral_flatness"": 0.0015491384163300113, ""audio_speech_level_db"": -39.022522938905794, ""audio_status"": ""ok"", ""audio_voice_isolation_db"": 7.189907248181494, ""flags_fired"": ""fm2_smplh_invalid"", ""fm0_reasons"": ""none"", ""fm1_ankles_visible_frac"": 1.0, ""fm1_hip_flexion_deg_p25"": 145.01945839011586, ""fm1_hip_flexion_deg_p50"": 148.28119112634084, ""fm1_hip_flexion_deg_p75"": 150.88802787279894, ""fm1_knee_between_torso_p50"": 0.5468359424026759, ""fm1_scope"": ""session majority over 2 files"", ""fm1_shin_verticality_p50"": 0.9958932004738978, ""fm2_smplh_valid_frac"": 0.9965324384787472, ""fm3_static_frac"": 0.04798657718120805, ""fps"": 30.0, ""geom_body_roll_deg"": 0.0, ""observed_duration_s"": 298.0, ""repair_applied"": ""none"", ""reproj_shoulder_widths_p50"": 0.047557348583306874, ""shown_raster"": ""1080x1920"", ""stored_raster"": ""1080x1920"", ""timebase"": ""consistent"", ""timebase_index_drift_s"": 0.0, ""unit_flagged_frac"": 0.0, ""vendor"": ""V00""}",render
r12_128,naturalistic_fm3_static_hands_128_V00_S0913_I00000462_P0160_f0003949,V00_S0913_I00000462_P0160,naturalistic/train/0024/0037/V00_S0913_I00000462_P0160,naturalistic/train/0024/0017/V00_S0913_I00000462_P1014,naturalistic_fm3_static_hands,V00,naturalistic,3949,V00,naturalistic,train,ipc_conversation,random draw from naturalistic files the pipeline sorted into 'fm3_static_hands',"{""audio"": ""present"", ""audio_spectral_flatness"": 0.0021191749814759, ""audio_speech_level_db"": -45.50290467837728, ""audio_status"": ""ok"", ""audio_voice_isolation_db"": 14.278550718705304, ""flags_fired"": ""fm3_static_hands"", ""fm0_reasons"": ""none"", ""fm1_ankles_visible_frac"": 1.0, ""fm1_hip_flexion_deg_p25"": 141.7177572438676, ""fm1_hip_flexion_deg_p50"": 143.21602575424865, ""fm1_hip_flexion_deg_p75"": 145.32308075090572, ""fm1_knee_between_torso_p50"": 0.5180811320120283, ""fm1_scope"": ""session majority over 1 files"", ""fm1_shin_verticality_p50"": 0.9996349693916211, ""fm2_smplh_valid_frac"": 1.0, ""fm3_static_frac"": 0.752542372881356, ""fps"": 30.0, ""geom_body_roll_deg"": 1.0050867254024132, ""observed_duration_s"": 236.0, ""repair_applied"": ""none"", ""reproj_shoulder_widths_p50"": 0.114978375602574, ""shown_raster"": ""1080x1920"", ""stored_raster"": ""1080x1920"", ""timebase"": ""consistent"", ""timebase_index_drift_s"": 0.0, ""unit_flagged_frac"": 0.0, ""vendor"": ""V00""}",render
r12_129,naturalistic_fm3_static_hands_129_V00_S0152_I00000386_P0217_f0000538,V00_S0152_I00000386_P0217,naturalistic/dev/0000/0019/V00_S0152_I00000386_P0217,naturalistic/dev/0000/0029/V00_S0152_I00000386_P0216,naturalistic_fm3_static_hands,V00,naturalistic,538,V00,naturalistic,dev,ipc_conversation,random draw from naturalistic files the pipeline sorted into 'fm3_static_hands',"{""audio"": ""present"", ""audio_spectral_flatness"": 0.004098305725764879, ""audio_speech_level_db"": -49.02384105870638, ""audio_status"": ""ok"", ""audio_voice_isolation_db"": 24.25375754588542, ""flags_fired"": ""fm3_static_hands"", ""fm0_reasons"": ""none"", ""fm1_ankles_visible_frac"": 1.0, ""fm1_hip_flexion_deg_p25"": 152.04427297418695, ""fm1_hip_flexion_deg_p50"": 153.25634756859728, ""fm1_hip_flexion_deg_p75"": 154.49318210747876, ""fm1_knee_between_torso_p50"": 0.5386510571517181, ""fm1_scope"": ""session majority over 1 files"", ""fm1_shin_verticality_p50"": 0.998752335039838, ""fm2_smplh_valid_frac"": 1.0, ""fm3_static_frac"": 0.9392361111111112, ""fps"": 30.0, ""geom_body_roll_deg"": 0.987763942105923, ""observed_duration_s"": 192.0, ""repair_applied"": ""none"", ""reproj_shoulder_widths_p50"": 0.10076567336030737, ""shown_raster"": ""1080x1920"", ""stored_raster"": ""1080x1920"", ""timebase"": ""consistent"", ""timebase_index_drift_s"": 0.0, ""unit_flagged_frac"": 0.0, ""vendor"": ""V00""}",render
r12_130,naturalistic_fm3_static_hands_130_V00_S0633_I00000375_P0744_f0002256,V00_S0633_I00000375_P0744,naturalistic/train/0018/0018/V00_S0633_I00000375_P0744,naturalistic/train/0018/0022/V00_S0633_I00000375_P0790,naturalistic_fm3_static_hands,V00,naturalistic,2256,V00,naturalistic,train,ipc_conversation,random draw from naturalistic files the pipeline sorted into 'fm3_static_hands',"{""audio"": ""present"", ""audio_spectral_flatness"": 0.0019083167295387516, ""audio_speech_level_db"": -59.66591233225644, ""audio_status"": ""ok"", ""audio_voice_isolation_db"": 24.687917758150206, ""flags_fired"": ""fm3_static_hands"", ""fm0_reasons"": ""none"", ""fm1_ankles_visible_frac"": 1.0, ""fm1_hip_flexion_deg_p25"": 158.38361347508058, ""fm1_hip_flexion_deg_p50"": 159.1298255536807, ""fm1_hip_flexion_deg_p75"": 159.8953433662554, ""fm1_knee_between_torso_p50"": 0.5477717598562581, ""fm1_scope"": ""session majority over 2 files"", ""fm1_shin_verticality_p50"": 0.9996876416404338, ""fm2_smplh_valid_frac"": 1.0, ""fm3_static_frac"": 0.8184444444444444, ""fps"": 30.0, ""geom_body_roll_deg"": 1.1017019352044715, ""observed_duration_s"": 150.0, ""repair_applied"": ""none"", ""reproj_shoulder_widths_p50"": 0.05194078525735418, ""shown_raster"": ""1080x1920"", ""stored_raster"": ""1080x1920"", ""timebase"": ""consistent"", ""timebase_index_drift_s"": 0.0, ""unit_flagged_frac"": 0.0, ""vendor"": ""V00""}",render
r12_131,naturalistic_fm3_static_hands_131_V00_S0320_I00000135_P0432_f0000017,V00_S0320_I00000135_P0432,naturalistic/train/0008/0008/V00_S0320_I00000135_P0432,naturalistic/train/0008/0028/V00_S0320_I00000135_P0434,naturalistic_fm3_static_hands,V00,naturalistic,17,V00,naturalistic,train,collaborative_storytelling,random draw from naturalistic files the pipeline sorted into 'fm3_static_hands',"{""audio"": ""present"", ""audio_spectral_flatness"": 0.004248433859725018, ""audio_speech_level_db"": -53.295571049908474, ""audio_status"": ""ok"", ""audio_voice_isolation_db"": 9.936965310979671, ""flags_fired"": ""fm3_static_hands"", ""fm0_reasons"": ""none"", ""fm1_ankles_visible_frac"": 1.0, ""fm1_hip_flexion_deg_p25"": 118.63595494176488, ""fm1_hip_flexion_deg_p50"": 119.82739522123669, ""fm1_hip_flexion_deg_p75"": 121.55707858385496, ""fm1_knee_between_torso_p50"": 0.4887012077393924, ""fm1_scope"": ""session majority over 4 files"", ""fm1_shin_verticality_p50"": 0.9993148386434152, ""fm2_smplh_valid_frac"": 1.0, ""fm3_static_frac"": 0.9526143790849673, ""fps"": 30.0, ""geom_body_roll_deg"": -6.599332737084485e-06, ""observed_duration_s"": 102.0, ""repair_applied"": ""none"", ""reproj_shoulder_widths_p50"": 0.09302888012677116, ""shown_raster"": ""1080x1920"", ""stored_raster"": ""1080x1920"", ""timebase"": ""consistent"", ""timebase_index_drift_s"": 0.0, ""unit_flagged_frac"": 0.0, ""vendor"": ""V00""}",render
r12_132,naturalistic_fm3_static_hands_132_V00_S0821_I00000515_P0957_f0000802,V00_S0821_I00000515_P0957,naturalistic/train/0023/0040/V00_S0821_I00000515_P0957,naturalistic/train/0023/0001/V00_S0821_I00000515_P0956,naturalistic_fm3_static_hands,V00,naturalistic,802,V00,naturalistic,train,ipc_conversation,random draw from naturalistic files the pipeline sorted into 'fm3_static_hands',"{""audio"": ""present"", ""audio_spectral_flatness"": 0.003054910873967157, ""audio_speech_level_db"": -51.391159943778824, ""audio_status"": ""ok"", ""audio_voice_isolation_db"": 8.221879642643607, ""flags_fired"": ""fm3_static_hands"", ""fm0_reasons"": ""none"", ""fm1_ankles_visible_frac"": 1.0, ""fm1_hip_flexion_deg_p25"": 133.37912258023573, ""fm1_hip_flexion_deg_p50"": 135.50560831586745, ""fm1_hip_flexion_deg_p75"": 137.85384744268575, ""fm1_knee_between_torso_p50"": 0.5074402009870407, ""fm1_scope"": ""session majority over 3 files"", ""fm1_shin_verticality_p50"": 0.9996144139769019, ""fm2_smplh_valid_frac"": 1.0, ""fm3_static_frac"": 0.9670250896057347, ""fps"": 30.0, ""geom_body_roll_deg"": 2.6425340024264186, ""observed_duration_s"": 186.0, ""repair_applied"": ""none"", ""reproj_shoulder_widths_p50"": 0.1412633632599189, ""shown_raster"": ""1080x1920"", ""stored_raster"": ""1080x1920"", ""timebase"": ""consistent"", ""timebase_index_drift_s"": 0.0, ""unit_flagged_frac"": 0.0, ""vendor"": ""V00""}",render
r12_133,naturalistic_fm3_static_hands_133_V00_S0286_I00000501_P0388_f0000185,V00_S0286_I00000501_P0388,naturalistic/train/0007/0042/V00_S0286_I00000501_P0388,naturalistic/train/0007/0001/V00_S0286_I00000501_P0124,naturalistic_fm3_static_hands,V00,naturalistic,185,V00,naturalistic,train,ipc_conversation,random draw from naturalistic files the pipeline sorted into 'fm3_static_hands',"{""audio"": ""present"", ""audio_spectral_flatness"": 0.00045496659033155394, ""audio_speech_level_db"": -34.866037178987156, ""audio_status"": ""ok"", ""audio_voice_isolation_db"": 5.813145152727836, ""flags_fired"": ""fm3_static_hands"", ""fm0_reasons"": ""none"", ""fm1_ankles_visible_frac"": 1.0, ""fm1_hip_flexion_deg_p25"": 142.55643728850166, ""fm1_hip_flexion_deg_p50"": 143.8715891673098, ""fm1_hip_flexion_deg_p75"": 145.6513043964893, ""fm1_knee_between_torso_p50"": 0.5749402721101351, ""fm1_scope"": ""session majority over 4 files"", ""fm1_shin_verticality_p50"": 0.9578262576251888, ""fm2_smplh_valid_frac"": 1.0, ""fm3_static_frac"": 0.8096153846153846, ""fps"": 30.0, ""geom_body_roll_deg"": -3.632952136756958, ""observed_duration_s"": 104.0, ""repair_applied"": ""none"", ""reproj_shoulder_widths_p50"": 0.0853155862860979, ""shown_raster"": ""1080x1920"", ""stored_raster"": ""1080x1920"", ""timebase"": ""consistent"", ""timebase_index_drift_s"": 0.0, ""unit_flagged_frac"": 0.0, ""vendor"": ""V00""}",render
r12_134,naturalistic_fm3_static_hands_134_V00_S1220_I00000181_P1113_f0003562,V00_S1220_I00000181_P1113,naturalistic/dev/0001/0019/V00_S1220_I00000181_P1113,naturalistic/dev/0001/0012/V00_S1220_I00000181_P1112,naturalistic_fm3_static_hands,V00,naturalistic,3562,V00,naturalistic,dev,ipc_conversation,random draw from naturalistic files the pipeline sorted into 'fm3_static_hands',"{""audio"": ""present"", ""audio_spectral_flatness"": 0.001336351748866128, ""audio_speech_level_db"": -49.23952093261885, ""audio_status"": ""ok"", ""audio_voice_isolation_db"": 20.135889312153253, ""flags_fired"": ""fm3_static_hands"", ""fm0_reasons"": ""none"", ""fm1_ankles_visible_frac"": 1.0, ""fm1_hip_flexion_deg_p25"": 126.41072701359204, ""fm1_hip_flexion_deg_p50"": 127.11015550025778, ""fm1_hip_flexion_deg_p75"": 128.11830255381392, ""fm1_knee_between_torso_p50"": 0.48257323762106347, ""fm1_scope"": ""session majority over 3 files"", ""fm1_shin_verticality_p50"": 0.9856222752200489, ""fm2_smplh_valid_frac"": 1.0, ""fm3_static_frac"": 0.8885021097046414, ""fps"": 30.0, ""geom_body_roll_deg"": 3.75173461652522, ""observed_duration_s"": 316.0, ""repair_applied"": ""none"", ""reproj_shoulder_widths_p50"": 0.12202854499300929, ""shown_raster"": ""1080x1920"", ""stored_raster"": ""1080x1920"", ""timebase"": ""consistent"", ""timebase_index_drift_s"": 0.0, ""unit_flagged_frac"": 0.0, ""vendor"": ""V00""}",render
r12_135,naturalistic_multi_135_V00_S0284_I00000500_P0385_f0003122,V00_S0284_I00000500_P0385,naturalistic/train/0006/0025/V00_S0284_I00000500_P0385,naturalistic/train/0006/0023/V00_S0284_I00000500_P0384,naturalistic_multi,V00,naturalistic,3122,V00,naturalistic,train,ipc_conversation,random draw from naturalistic files the pipeline sorted into 'multi'; positioned on the longest untrusted stretch,"{""audio"": ""present"", ""audio_spectral_flatness"": 0.0010101773601775975, ""audio_speech_level_db"": -40.47109677169863, ""audio_status"": ""ok"", ""audio_voice_isolation_db"": 10.912718816100266, ""flags_fired"": ""fm1_sitting+fm2_smplh_invalid"", ""fm0_reasons"": ""none"", ""fm1_ankles_visible_frac"": 0.9995098039215686, ""fm1_hip_flexion_deg_p25"": 87.81656051749256, ""fm1_hip_flexion_deg_p50"": 90.23379082623367, ""fm1_hip_flexion_deg_p75"": 93.8371979730299, ""fm1_knee_between_torso_p50"": 0.21209861475558164, ""fm1_scope"": ""session majority over 2 files"", ""fm1_shin_verticality_p50"": 0.9877629846786989, ""fm2_smplh_valid_frac"": 0.9558823529411765, ""fm3_static_frac"": 0.027941176470588237, ""fps"": 30.0, ""geom_body_roll_deg"": 2.121100358784246, ""observed_duration_s"": 136.0, ""repair_applied"": ""none"", ""reproj_shoulder_widths_p50"": 0.09941477536406473, ""shown_raster"": ""1080x1920"", ""stored_raster"": ""1080x1920"", ""timebase"": ""consistent"", ""timebase_index_drift_s"": 0.0, ""unit_flagged_frac"": 1.0, ""vendor"": ""V00""}",render
r12_136,naturalistic_multi_136_V00_S1016_I00000277_P1057_f0001816,V00_S1016_I00000277_P1057,naturalistic/train/0025/0028/V00_S1016_I00000277_P1057,naturalistic/train/0025/0036/V00_S1016_I00000277_P1058,naturalistic_multi,V00,naturalistic,1816,V00,naturalistic,train,ipc_conversation,random draw from naturalistic files the pipeline sorted into 'multi'; positioned on the longest untrusted stretch,"{""audio"": ""present"", ""audio_spectral_flatness"": 0.000943466394078584, ""audio_speech_level_db"": -37.6295135191359, ""audio_status"": ""ok"", ""audio_voice_isolation_db"": 6.464235169973378, ""flags_fired"": ""fm1_sitting+fm2_smplh_invalid"", ""fm0_reasons"": ""none"", ""fm1_ankles_visible_frac"": 1.0, ""fm1_hip_flexion_deg_p25"": 90.84736552314604, ""fm1_hip_flexion_deg_p50"": 94.70398989401777, ""fm1_hip_flexion_deg_p75"": 98.85029332062865, ""fm1_knee_between_torso_p50"": 0.23900355775815174, ""fm1_scope"": ""session majority over 2 files"", ""fm1_shin_verticality_p50"": 0.9931505710355655, ""fm2_smplh_valid_frac"": 0.9972527472527473, ""fm3_static_frac"": 0.03717948717948718, ""fps"": 30.0, ""geom_body_roll_deg"": 0.8425251331212493, ""observed_duration_s"": 182.0, ""repair_applied"": ""none"", ""reproj_shoulder_widths_p50"": 0.0998717137085654, ""shown_raster"": ""1080x1920"", ""stored_raster"": ""1080x1920"", ""timebase"": ""consistent"", ""timebase_index_drift_s"": 0.0, ""unit_flagged_frac"": 1.0, ""vendor"": ""V00""}",render
r12_137,naturalistic_multi_137_V00_S0787_I00000128_P0377_f0003757,V00_S0787_I00000128_P0377,naturalistic/train/0022/0016/V00_S0787_I00000128_P0377,naturalistic/train/0022/0011/V00_S0787_I00000128_P0923,naturalistic_multi,V00,naturalistic,3757,V00,naturalistic,train,ipc_conversation,random draw from naturalistic files the pipeline sorted into 'multi',"{""audio"": ""present"", ""audio_spectral_flatness"": 0.0011251467193433467, ""audio_speech_level_db"": -42.264878986288664, ""audio_status"": ""ok"", ""audio_voice_isolation_db"": 8.889496801626438, ""flags_fired"": ""fm1_sitting+fm3_static_hands"", ""fm0_reasons"": ""none"", ""fm1_ankles_visible_frac"": 1.0, ""fm1_hip_flexion_deg_p25"": 94.0680656963178, ""fm1_hip_flexion_deg_p50"": 94.65471704966455, ""fm1_hip_flexion_deg_p75"": 95.18860604958385, ""fm1_knee_between_torso_p50"": 0.22086564062747083, ""fm1_scope"": ""session majority over 3 files"", ""fm1_shin_verticality_p50"": 0.9954954775261338, ""fm2_smplh_valid_frac"": 1.0, ""fm3_static_frac"": 0.9496932515337423, ""fps"": 30.0, ""geom_body_roll_deg"": 2.009553076770147, ""observed_duration_s"": 326.0, ""repair_applied"": ""none"", ""reproj_shoulder_widths_p50"": 0.10934380639405168, ""shown_raster"": ""1080x1920"", ""stored_raster"": ""1080x1920"", ""timebase"": ""consistent"", ""timebase_index_drift_s"": 0.0, ""unit_flagged_frac"": 1.0, ""vendor"": ""V00""}",render
r12_138,naturalistic_multi_138_V00_S0691_I00000489_P0840_f0000667,V00_S0691_I00000489_P0840,naturalistic/dev/0000/0044/V00_S0691_I00000489_P0840,naturalistic/dev/0000/0028/V00_S0691_I00000489_P0500,naturalistic_multi,V00,naturalistic,667,V00,naturalistic,dev,ipc_conversation,random draw from naturalistic files the pipeline sorted into 'multi',"{""audio"": ""present"", ""audio_spectral_flatness"": 0.0012383298977551825, ""audio_speech_level_db"": -84.07156224126328, ""audio_status"": ""ok"", ""audio_voice_isolation_db"": 31.08361517345479, ""flags_fired"": ""fm1_sitting+fm3_static_hands"", ""fm0_reasons"": ""none"", ""fm1_ankles_visible_frac"": 1.0, ""fm1_hip_flexion_deg_p25"": 112.47898942458137, ""fm1_hip_flexion_deg_p50"": 114.53413634867947, ""fm1_hip_flexion_deg_p75"": 116.36947977168401, ""fm1_knee_between_torso_p50"": 0.3961791738937228, ""fm1_scope"": ""session majority over 5 files"", ""fm1_shin_verticality_p50"": 0.9953500187190569, ""fm2_smplh_valid_frac"": 1.0, ""fm3_static_frac"": 0.9296666666666666, ""fps"": 30.0, ""geom_body_roll_deg"": 2.9108322088401897, ""observed_duration_s"": 100.0, ""repair_applied"": ""none"", ""reproj_shoulder_widths_p50"": 0.0589541469332742, ""shown_raster"": ""1080x1920"", ""stored_raster"": ""1080x1920"", ""timebase"": ""consistent"", ""timebase_index_drift_s"": 0.0, ""unit_flagged_frac"": 1.0, ""vendor"": ""V00""}",render
r12_139,naturalistic_multi_139_V00_S0142_I00000135_P0204_f0000609,V00_S0142_I00000135_P0204,naturalistic/train/0002/0028/V00_S0142_I00000135_P0204,naturalistic/train/0002/0003/V00_S0142_I00000135_P0042,naturalistic_multi,V00,naturalistic,609,V00,naturalistic,train,collaborative_storytelling,random draw from naturalistic files the pipeline sorted into 'multi'; positioned on the longest untrusted stretch,"{""audio"": ""present"", ""audio_spectral_flatness"": 0.004817374657987816, ""audio_speech_level_db"": -48.108744033336315, ""audio_status"": ""ok"", ""audio_voice_isolation_db"": 10.505263961334606, ""flags_fired"": ""fm2_smplh_invalid+fm3_static_hands"", ""fm0_reasons"": ""none"", ""fm1_ankles_visible_frac"": 1.0, ""fm1_hip_flexion_deg_p25"": 131.26884405352294, ""fm1_hip_flexion_deg_p50"": 133.3787468439316, ""fm1_hip_flexion_deg_p75"": 134.400147237498, ""fm1_knee_between_torso_p50"": 0.542774194735401, ""fm1_scope"": ""session majority over 1 files"", ""fm1_shin_verticality_p50"": 0.9979253007659574, ""fm2_smplh_valid_frac"": 0.9963675213675214, ""fm3_static_frac"": 0.8273504273504273, ""fps"": 30.0, ""geom_body_roll_deg"": 1.7899178577597425, ""observed_duration_s"": 156.0, ""repair_applied"": ""none"", ""reproj_shoulder_widths_p50"": 0.10497469728108669, ""shown_raster"": ""1080x1920"", ""stored_raster"": ""1080x1920"", ""timebase"": ""consistent"", ""timebase_index_drift_s"": 0.0, ""unit_flagged_frac"": 0.0, ""vendor"": ""V00""}",render
r12_140,naturalistic_multi_140_V00_S0555_I00000135_P0699_f0002991,V00_S0555_I00000135_P0699,naturalistic/train/0015/0033/V00_S0555_I00000135_P0699,naturalistic/train/0015/0027/V00_S0555_I00000135_P0698,naturalistic_multi,V00,naturalistic,2991,V00,naturalistic,train,collaborative_storytelling,random draw from naturalistic files the pipeline sorted into 'multi'; positioned on the longest untrusted stretch,"{""audio"": ""present"", ""audio_spectral_flatness"": 0.0005386627778805733, ""audio_speech_level_db"": -37.492869361695995, ""audio_status"": ""ok"", ""audio_voice_isolation_db"": 49.38247370963346, ""flags_fired"": ""fm1_sitting+fm2_smplh_invalid"", ""fm0_reasons"": ""none"", ""fm1_ankles_visible_frac"": 1.0, ""fm1_hip_flexion_deg_p25"": 88.97626837431474, ""fm1_hip_flexion_deg_p50"": 92.55108865599138, ""fm1_hip_flexion_deg_p75"": 95.37137339907679, ""fm1_knee_between_torso_p50"": 0.23451958571666906, ""fm1_scope"": ""session majority over 3 files"", ""fm1_shin_verticality_p50"": 0.9989200837225753, ""fm2_smplh_valid_frac"": 0.9917602996254682, ""fm3_static_frac"": 0.0048689138576779025, ""fps"": 30.0, ""geom_body_roll_deg"": 0.0, ""observed_duration_s"": 178.0, ""repair_applied"": ""none"", ""reproj_shoulder_widths_p50"": 0.06079323125692076, ""shown_raster"": ""1080x1920"", ""stored_raster"": ""1080x1920"", ""timebase"": ""consistent"", ""timebase_index_drift_s"": 0.0, ""unit_flagged_frac"": 1.0, ""vendor"": ""V00""}",render
r12_141,naturalistic_multi_141_V00_S0557_I00000478_P0108_f0000000,V00_S0557_I00000478_P0108,naturalistic/test/0000/0034/V00_S0557_I00000478_P0108,naturalistic/test/0000/0043/V00_S0557_I00000478_P0043,naturalistic_multi,V00,naturalistic,0,V00,naturalistic,test,ipc_conversation,random draw from naturalistic files the pipeline sorted into 'multi'; positioned on the longest untrusted stretch,"{""audio"": ""present"", ""audio_spectral_flatness"": 0.0009435960725377743, ""audio_speech_level_db"": -41.11641120733304, ""audio_status"": ""ok"", ""audio_voice_isolation_db"": 5.446514289599791, ""flags_fired"": ""fm2_smplh_invalid+fm3_static_hands"", ""fm0_reasons"": ""none"", ""fm1_ankles_visible_frac"": 1.0, ""fm1_hip_flexion_deg_p25"": 156.62980661481384, ""fm1_hip_flexion_deg_p50"": 157.4470606783205, ""fm1_hip_flexion_deg_p75"": 158.0965782636262, ""fm1_knee_between_torso_p50"": 0.6309358596515255, ""fm1_scope"": ""session majority over 5 files"", ""fm1_shin_verticality_p50"": 0.9994449126301664, ""fm2_smplh_valid_frac"": 0.9916666666666667, ""fm3_static_frac"": 0.7756666666666666, ""fps"": 30.0, ""geom_body_roll_deg"": 1.6602811073892867, ""observed_duration_s"": 100.0, ""repair_applied"": ""none"", ""reproj_shoulder_widths_p50"": 0.04036039354273809, ""shown_raster"": ""1080x1920"", ""stored_raster"": ""1080x1920"", ""timebase"": ""consistent"", ""timebase_index_drift_s"": 0.0, ""unit_flagged_frac"": 0.0, ""vendor"": ""V00""}",render
