review_item_id,clip_id,file_id,source_relbase,partner_source_relbase,sample_group,cohort,label_stratum,start_frame,vendor,label,split,activity_type,selection_reason,signals_json,render_policy
r4_000,recheck_pass_000_V00_S0126_I00000580_P0003A_f0000168,V00_S0126_I00000580_P0003A,improvised/train/0002/0042/V00_S0126_I00000580_P0003A,improvised/train/0002/0014/V00_S0126_I00000580_P0187,recheck_pass,recheck,improvised,168,V00,improvised,train,ipc_conversation,shown in Round 3 as pass_improvised; re-judged under the Round-4 detectors,"{""clip_anchored_on_fm2_violation"": false, ""flag_count"": 0, ""flags_fired"": """", ""fm1_hip_flexion_deg_p50"": 132.01323148174586, ""fm1_knee_between_torso_p50"": 0.5137708643676744, ""fm1_leg_over_torso_p50"": 1.2293433336738169, ""fm1_reasons"": """", ""fm1_shin_verticality_p50"": 0.9984603545733718, ""fm1_sitting_file"": false, ""fm1_sitting_participant"": false, ""fm1_unit"": ""0003A@0126"", ""fm1_unit_basis"": ""none"", ""fm2_in_frame_and_valid_frac"": 1.0, ""fm2_pass_frac_round3_joints_only"": 1.0, ""fm2_smplh_valid_frac"": 1.0, ""fm2_surface_correction_px_p50"": 37.38336730119528, ""fm2_vertex_worst_inset_min_px"": 119.49466272784116, ""fm2_violation_run_max_frames"": 0.0, ""fm2_violation_runs"": 0.0, ""fm2_windowed_pass_frac"": 1.0, ""fm3_static_frac"": 0.0004761904761904762, ""observed_duration_s"": 140.0, ""reproj_px_p50"": 18.18516728349116, ""reproj_shoulder_widths_p50"": 0.051885373071505675, ""round3_gallery_group"": ""pass_improvised"", ""unit_files"": 2.0, ""unit_flagged_frac"": 0.0, ""unit_hip_flexion_min"": 130.55223463472348, ""unit_knee_between_min"": 0.5076342056206389}",render
r4_001,recheck_pass_001_V00_S0544_I00000770_P0691_f0000902,V00_S0544_I00000770_P0691,improvised/train/0011/0020/V00_S0544_I00000770_P0691,improvised/train/0011/0033/V00_S0544_I00000770_P0658A,recheck_pass,recheck,improvised,902,V00,improvised,train,ipc_conversation,shown in Round 3 as pass_improvised; re-judged under the Round-4 detectors,"{""clip_anchored_on_fm2_violation"": false, ""flag_count"": 0, ""flags_fired"": """", ""fm1_hip_flexion_deg_p50"": 147.41097380816018, ""fm1_knee_between_torso_p50"": 0.5647899036663435, ""fm1_leg_over_torso_p50"": 1.2405189829306997, ""fm1_reasons"": """", ""fm1_shin_verticality_p50"": 0.9662349677863146, ""fm1_sitting_file"": false, ""fm1_sitting_participant"": false, ""fm1_unit"": ""0691@0544"", ""fm1_unit_basis"": ""none"", ""fm2_in_frame_and_valid_frac"": 1.0, ""fm2_pass_frac_round3_joints_only"": 1.0, ""fm2_smplh_valid_frac"": 1.0, ""fm2_surface_correction_px_p50"": 46.60765188866844, ""fm2_vertex_worst_inset_min_px"": 37.39879069815561, ""fm2_violation_run_max_frames"": 0.0, ""fm2_violation_runs"": 0.0, ""fm2_windowed_pass_frac"": 1.0, ""fm3_static_frac"": 0.6833333333333333, ""observed_duration_s"": 62.0, ""reproj_px_p50"": 20.8157367506397, ""reproj_shoulder_widths_p50"": 0.05561727930586492, ""round3_gallery_group"": ""pass_improvised"", ""unit_files"": 2.0, ""unit_flagged_frac"": 0.0, ""unit_hip_flexion_min"": 147.41097380816018, ""unit_knee_between_min"": 0.5647899036663435}",render
r4_002,recheck_pass_002_V00_S0675_I00000377_P0831_f0001553,V00_S0675_I00000377_P0831,naturalistic/test/0000/0037/V00_S0675_I00000377_P0831,naturalistic/test/0000/0015/V00_S0675_I00000377_P0832,recheck_pass,recheck,naturalistic,1553,V00,naturalistic,test,ipc_conversation,shown in Round 3 as flagged_fm1_sitting; re-judged under the Round-4 detectors,"{""clip_anchored_on_fm2_violation"": false, ""flag_count"": 0, ""flags_fired"": """", ""fm1_hip_flexion_deg_p50"": 121.0241705137607, ""fm1_knee_between_torso_p50"": 0.5511816319448453, ""fm1_leg_over_torso_p50"": 0.759813567678325, ""fm1_reasons"": """", ""fm1_shin_verticality_p50"": 0.9989685402102997, ""fm1_sitting_file"": false, ""fm1_sitting_participant"": false, ""fm1_unit"": ""0831@0675"", ""fm1_unit_basis"": ""none"", ""fm2_in_frame_and_valid_frac"": 1.0, ""fm2_pass_frac_round3_joints_only"": 1.0, ""fm2_smplh_valid_frac"": 1.0, ""fm2_surface_correction_px_p50"": 46.91714163676909, ""fm2_vertex_worst_inset_min_px"": 49.77710623046892, ""fm2_violation_run_max_frames"": 0.0, ""fm2_violation_runs"": 0.0, ""fm2_windowed_pass_frac"": 1.0, ""fm3_static_frac"": 0.6624521072796935, ""observed_duration_s"": 174.0, ""reproj_px_p50"": 58.79438347945296, ""reproj_shoulder_widths_p50"": 0.1384260834966884, ""round3_gallery_group"": ""flagged_fm1_sitting"", ""unit_files"": 1.0, ""unit_flagged_frac"": 0.0, ""unit_hip_flexion_min"": 121.0241705137607, ""unit_knee_between_min"": 0.5511816319448453}",render
r4_003,recheck_pass_003_V00_S0762_I00000373_P0897_f0000487,V00_S0762_I00000373_P0897,naturalistic/train/0021/0035/V00_S0762_I00000373_P0897,naturalistic/train/0021/0022/V00_S0762_I00000373_P0806,recheck_pass,recheck,naturalistic,487,V00,naturalistic,train,ipc_conversation,shown in Round 3 as pass_naturalistic; re-judged under the Round-4 detectors,"{""clip_anchored_on_fm2_violation"": false, ""flag_count"": 0, ""flags_fired"": """", ""fm1_hip_flexion_deg_p50"": 136.08818564693473, ""fm1_knee_between_torso_p50"": 0.5227448986752867, ""fm1_leg_over_torso_p50"": 1.2133945609902774, ""fm1_reasons"": """", ""fm1_shin_verticality_p50"": 0.9996144206527183, ""fm1_sitting_file"": false, ""fm1_sitting_participant"": false, ""fm1_unit"": ""0897@0762"", ""fm1_unit_basis"": ""none"", ""fm2_in_frame_and_valid_frac"": 1.0, ""fm2_pass_frac_round3_joints_only"": 1.0, ""fm2_smplh_valid_frac"": 1.0, ""fm2_surface_correction_px_p50"": 37.43011279391294, ""fm2_vertex_worst_inset_min_px"": 89.13835512490061, ""fm2_violation_run_max_frames"": 0.0, ""fm2_violation_runs"": 0.0, ""fm2_windowed_pass_frac"": 1.0, ""fm3_static_frac"": 0.40206422018348625, ""observed_duration_s"": 436.0, ""reproj_px_p50"": 33.58515744754021, ""reproj_shoulder_widths_p50"": 0.10412121335071432, ""round3_gallery_group"": ""pass_naturalistic"", ""unit_files"": 3.0, ""unit_flagged_frac"": 0.0, ""unit_hip_flexion_min"": 135.88489964996555, ""unit_knee_between_min"": 0.5227448986752867}",render
r4_004,recheck_pass_004_V00_S1486_I00000723_P0040A_f0006958,V00_S1486_I00000723_P0040A,improvised/train/0034/0016/V00_S1486_I00000723_P0040A,improvised/train/0034/0066/V00_S1486_I00000723_P0397A,recheck_pass,recheck,improvised,6958,V00,improvised,train,ipc_conversation,shown in Round 3 as flagged_fm2_framing; re-judged under the Round-4 detectors,"{""clip_anchored_on_fm2_violation"": false, ""flag_count"": 0, ""flags_fired"": """", ""fm1_hip_flexion_deg_p50"": 139.30273201055488, ""fm1_knee_between_torso_p50"": 0.5619862646154209, ""fm1_leg_over_torso_p50"": 1.1056571316161987, ""fm1_reasons"": """", ""fm1_shin_verticality_p50"": 0.9995411713469987, ""fm1_sitting_file"": false, ""fm1_sitting_participant"": false, ""fm1_unit"": ""0040A@1486"", ""fm1_unit_basis"": ""none"", ""fm2_in_frame_and_valid_frac"": 0.9993288590604027, ""fm2_pass_frac_round3_joints_only"": 0.9994407158836689, ""fm2_smplh_valid_frac"": 1.0, ""fm2_surface_correction_px_p50"": 42.59987139278758, ""fm2_vertex_worst_inset_min_px"": -23.92289097324897, ""fm2_violation_run_max_frames"": 6.0, ""fm2_violation_runs"": 1.0, ""fm2_windowed_pass_frac"": 0.8888888888888888, ""fm3_static_frac"": 0.0065995525727069355, ""observed_duration_s"": 298.0, ""reproj_px_p50"": 40.412296992298636, ""reproj_shoulder_widths_p50"": 0.11937574251288122, ""round3_gallery_group"": ""flagged_fm2_framing"", ""unit_files"": 1.0, ""unit_flagged_frac"": 0.0, ""unit_hip_flexion_min"": 139.30273201055488, ""unit_knee_between_min"": 0.5619862646154209}",render
r4_005,recheck_pass_005_V00_S1855_I00000396_P0332_f0001880,V00_S1855_I00000396_P0332,naturalistic/train/0029/0042/V00_S1855_I00000396_P0332,naturalistic/train/0029/0047/V00_S1855_I00000396_P1183,recheck_pass,recheck,naturalistic,1880,V00,naturalistic,train,ipc_conversation,shown in Round 3 as pass_naturalistic; re-judged under the Round-4 detectors,"{""clip_anchored_on_fm2_violation"": false, ""flag_count"": 0, ""flags_fired"": """", ""fm1_hip_flexion_deg_p50"": 158.2727922992353, ""fm1_knee_between_torso_p50"": 0.5295904195704105, ""fm1_leg_over_torso_p50"": 1.5363949633146916, ""fm1_reasons"": """", ""fm1_shin_verticality_p50"": 0.9989200860780658, ""fm1_sitting_file"": false, ""fm1_sitting_participant"": false, ""fm1_unit"": ""0332@1855"", ""fm1_unit_basis"": ""none"", ""fm2_in_frame_and_valid_frac"": 1.0, ""fm2_pass_frac_round3_joints_only"": 1.0, ""fm2_smplh_valid_frac"": 1.0, ""fm2_surface_correction_px_p50"": 19.448952164934553, ""fm2_vertex_worst_inset_min_px"": 94.55542338599224, ""fm2_violation_run_max_frames"": 0.0, ""fm2_violation_runs"": 0.0, ""fm2_windowed_pass_frac"": 1.0, ""fm3_static_frac"": 0.26728395061728394, ""observed_duration_s"": 162.0, ""reproj_px_p50"": 27.31719281057871, ""reproj_shoulder_widths_p50"": 0.10186808345892548, ""round3_gallery_group"": ""pass_naturalistic"", ""unit_files"": 1.0, ""unit_flagged_frac"": 0.0, ""unit_hip_flexion_min"": 158.2727922992353, ""unit_knee_between_min"": 0.5295904195704105}",render
r4_006,recheck_pass_006_V00_S0825_I00000313_P0500_f0002933,V00_S0825_I00000313_P0500,naturalistic/dev/0000/0039/V00_S0825_I00000313_P0500,naturalistic/dev/0000/0030/V00_S0825_I00000313_P0959,recheck_pass,recheck,naturalistic,2933,V00,naturalistic,dev,ipc_conversation,shown in Round 3 as pass_naturalistic; re-judged under the Round-4 detectors,"{""clip_anchored_on_fm2_violation"": false, ""flag_count"": 0, ""flags_fired"": """", ""fm1_hip_flexion_deg_p50"": 140.5139869669357, ""fm1_knee_between_torso_p50"": 0.5369708859168062, ""fm1_leg_over_torso_p50"": 1.2499376456822284, ""fm1_reasons"": """", ""fm1_shin_verticality_p50"": 0.9996144245765981, ""fm1_sitting_file"": false, ""fm1_sitting_participant"": false, ""fm1_unit"": ""0500@0825"", ""fm1_unit_basis"": ""none"", ""fm2_in_frame_and_valid_frac"": 0.9990049751243781, ""fm2_pass_frac_round3_joints_only"": 1.0, ""fm2_smplh_valid_frac"": 1.0, ""fm2_surface_correction_px_p50"": 42.8511033980044, ""fm2_vertex_worst_inset_min_px"": 14.372522402812137, ""fm2_violation_run_max_frames"": 4.0, ""fm2_violation_runs"": 1.0, ""fm2_windowed_pass_frac"": 1.0, ""fm3_static_frac"": 0.5922885572139304, ""observed_duration_s"": 134.0, ""reproj_px_p50"": 21.83553421637025, ""reproj_shoulder_widths_p50"": 0.0677567278279517, ""round3_gallery_group"": ""pass_naturalistic"", ""unit_files"": 2.0, ""unit_flagged_frac"": 0.0, ""unit_hip_flexion_min"": 140.5139869669357, ""unit_knee_between_min"": 0.5277112465702067}",render
r4_007,recheck_pass_007_V00_S1621_I00001114_P1099A_f0001616,V00_S1621_I00001114_P1099A,improvised/train/0039/0024/V00_S1621_I00001114_P1099A,improvised/train/0039/0025/V00_S1621_I00001114_P1155A,recheck_pass,recheck,improvised,1616,V00,improvised,train,ipc_conversation,shown in Round 3 as flagged_fm1_sitting; re-judged under the Round-4 detectors,"{""clip_anchored_on_fm2_violation"": false, ""flag_count"": 0, ""flags_fired"": """", ""fm1_hip_flexion_deg_p50"": 121.16087646967588, ""fm1_knee_between_torso_p50"": 0.539085074666632, ""fm1_leg_over_torso_p50"": 0.7776019138542203, ""fm1_reasons"": """", ""fm1_shin_verticality_p50"": 0.9988681418337317, ""fm1_sitting_file"": false, ""fm1_sitting_participant"": false, ""fm1_unit"": ""1099A@1621"", ""fm1_unit_basis"": ""none"", ""fm2_in_frame_and_valid_frac"": 0.9988461538461538, ""fm2_pass_frac_round3_joints_only"": 1.0, ""fm2_smplh_valid_frac"": 1.0, ""fm2_surface_correction_px_p50"": 27.54281496770102, ""fm2_vertex_worst_inset_min_px"": 22.5144223485529, ""fm2_violation_run_max_frames"": 5.0, ""fm2_violation_runs"": 4.0, ""fm2_windowed_pass_frac"": 1.0, ""fm3_static_frac"": 0.16243589743589743, ""observed_duration_s"": 260.0, ""reproj_px_p50"": 27.689193284606993, ""reproj_shoulder_widths_p50"": 0.07368752954997193, ""round3_gallery_group"": ""flagged_fm1_sitting"", ""unit_files"": 1.0, ""unit_flagged_frac"": 0.0, ""unit_hip_flexion_min"": 121.16087646967588, ""unit_knee_between_min"": 0.539085074666632}",render
r4_009,recheck_pass_009_V00_S0274_I00000126_P0371_f0002806,V00_S0274_I00000126_P0371,naturalistic/dev/0000/0003/V00_S0274_I00000126_P0371,naturalistic/dev/0000/0039/V00_S0274_I00000126_P0370,recheck_pass,recheck,naturalistic,2806,V00,naturalistic,dev,ipc_conversation,shown in Round 3 as pass_naturalistic; re-judged under the Round-4 detectors,"{""clip_anchored_on_fm2_violation"": false, ""flag_count"": 0, ""flags_fired"": """", ""fm1_hip_flexion_deg_p50"": 134.50384253358993, ""fm1_knee_between_torso_p50"": 0.5565535824590312, ""fm1_leg_over_torso_p50"": 1.033018249980717, ""fm1_reasons"": """", ""fm1_shin_verticality_p50"": 0.9974587115688581, ""fm1_sitting_file"": false, ""fm1_sitting_participant"": false, ""fm1_unit"": ""0371@0274"", ""fm1_unit_basis"": ""none"", ""fm2_in_frame_and_valid_frac"": 1.0, ""fm2_pass_frac_round3_joints_only"": 1.0, ""fm2_smplh_valid_frac"": 1.0, ""fm2_surface_correction_px_p50"": 46.79116055346003, ""fm2_vertex_worst_inset_min_px"": 13.823654095687857, ""fm2_violation_run_max_frames"": 0.0, ""fm2_violation_runs"": 0.0, ""fm2_windowed_pass_frac"": 1.0, ""fm3_static_frac"": 0.015447154471544716, ""observed_duration_s"": 164.0, ""reproj_px_p50"": 20.50349915690437, ""reproj_shoulder_widths_p50"": 0.05861427220864084, ""round3_gallery_group"": ""pass_naturalistic"", ""unit_files"": 4.0, ""unit_flagged_frac"": 0.0, ""unit_hip_flexion_min"": 128.675558641936, ""unit_knee_between_min"": 0.54185979571859}",render
r4_010,recheck_pass_010_V00_S0933_I00000371_P1026_f0000737,V00_S0933_I00000371_P1026,naturalistic/train/0024/0035/V00_S0933_I00000371_P1026,naturalistic/train/0024/0024/V00_S0933_I00000371_P0144,recheck_pass,recheck,naturalistic,737,V00,naturalistic,train,ipc_conversation,shown in Round 3 as pass_naturalistic; re-judged under the Round-4 detectors,"{""clip_anchored_on_fm2_violation"": false, ""flag_count"": 0, ""flags_fired"": """", ""fm1_hip_flexion_deg_p50"": 139.59429658158646, ""fm1_knee_between_torso_p50"": 0.4865435942553253, ""fm1_leg_over_torso_p50"": 1.6280661088966997, ""fm1_reasons"": """", ""fm1_shin_verticality_p50"": 1.0, ""fm1_sitting_file"": false, ""fm1_sitting_participant"": false, ""fm1_unit"": ""1026@0933"", ""fm1_unit_basis"": ""none"", ""fm2_in_frame_and_valid_frac"": 1.0, ""fm2_pass_frac_round3_joints_only"": 1.0, ""fm2_smplh_valid_frac"": 1.0, ""fm2_surface_correction_px_p50"": 30.884790732889655, ""fm2_vertex_worst_inset_min_px"": 134.8479427568193, ""fm2_violation_run_max_frames"": 0.0, ""fm2_violation_runs"": 0.0, ""fm2_windowed_pass_frac"": 1.0, ""fm3_static_frac"": 0.6323899371069183, ""observed_duration_s"": 106.0, ""reproj_px_p50"": 16.28160006454601, ""reproj_shoulder_widths_p50"": 0.04992217335883839, ""round3_gallery_group"": ""pass_naturalistic"", ""unit_files"": 5.0, ""unit_flagged_frac"": 0.0, ""unit_hip_flexion_min"": 137.21615752366216, ""unit_knee_between_min"": 0.47968957029139814}",render
r4_011,recheck_pass_011_V00_S1883_I00000068_P1194_f0003165,V00_S1883_I00000068_P1194,naturalistic/train/0030/0006/V00_S1883_I00000068_P1194,naturalistic/train/0030/0045/V00_S1883_I00000068_P0058,recheck_pass,recheck,naturalistic,3165,V00,naturalistic,train,ipc_conversation,shown in Round 3 as pass_naturalistic; re-judged under the Round-4 detectors,"{""clip_anchored_on_fm2_violation"": false, ""flag_count"": 0, ""flags_fired"": """", ""fm1_hip_flexion_deg_p50"": 158.01742153844478, ""fm1_knee_between_torso_p50"": 0.5445499996159073, ""fm1_leg_over_torso_p50"": 1.3502242040647117, ""fm1_reasons"": """", ""fm1_shin_verticality_p50"": 0.9996714309094812, ""fm1_sitting_file"": false, ""fm1_sitting_participant"": false, ""fm1_unit"": ""1194@1883"", ""fm1_unit_basis"": ""none"", ""fm2_in_frame_and_valid_frac"": 1.0, ""fm2_pass_frac_round3_joints_only"": 1.0, ""fm2_smplh_valid_frac"": 1.0, ""fm2_surface_correction_px_p50"": 28.220542454999645, ""fm2_vertex_worst_inset_min_px"": 94.42311527798705, ""fm2_violation_run_max_frames"": 0.0, ""fm2_violation_runs"": 0.0, ""fm2_windowed_pass_frac"": 1.0, ""fm3_static_frac"": 0.28252032520325204, ""observed_duration_s"": 246.0, ""reproj_px_p50"": 42.18846130029553, ""reproj_shoulder_widths_p50"": 0.13876714062580423, ""round3_gallery_group"": ""pass_naturalistic"", ""unit_files"": 3.0, ""unit_flagged_frac"": 0.0, ""unit_hip_flexion_min"": 155.69295415962318, ""unit_knee_between_min"": 0.5445499996159073}",render
r4_012,recheck_pass_012_V00_S1967_I00000118_P0306_f0000667,V00_S1967_I00000118_P0306,naturalistic/train/0032/0020/V00_S1967_I00000118_P0306,naturalistic/train/0032/0022/V00_S1967_I00000118_P1235,recheck_pass,recheck,naturalistic,667,V00,naturalistic,train,ipc_conversation,shown in Round 3 as pass_naturalistic; re-judged under the Round-4 detectors,"{""clip_anchored_on_fm2_violation"": false, ""flag_count"": 0, ""flags_fired"": """", ""fm1_hip_flexion_deg_p50"": 162.2166922739636, ""fm1_knee_between_torso_p50"": 0.5991032808299405, ""fm1_leg_over_torso_p50"": 1.1695422791380083, ""fm1_reasons"": """", ""fm1_shin_verticality_p50"": 0.9995120740919922, ""fm1_sitting_file"": false, ""fm1_sitting_participant"": false, ""fm1_unit"": ""0306@1967"", ""fm1_unit_basis"": ""none"", ""fm2_in_frame_and_valid_frac"": 1.0, ""fm2_pass_frac_round3_joints_only"": 1.0, ""fm2_smplh_valid_frac"": 1.0, ""fm2_surface_correction_px_p50"": 38.655716614048174, ""fm2_vertex_worst_inset_min_px"": 108.63491106424362, ""fm2_violation_run_max_frames"": 0.0, ""fm2_violation_runs"": 0.0, ""fm2_windowed_pass_frac"": 1.0, ""fm3_static_frac"": 0.015476190476190477, ""observed_duration_s"": 112.0, ""reproj_px_p50"": 43.53291615409201, ""reproj_shoulder_widths_p50"": 0.13936128381649554, ""round3_gallery_group"": ""pass_naturalistic"", ""unit_files"": 4.0, ""unit_flagged_frac"": 0.0, ""unit_hip_flexion_min"": 162.2166922739636, ""unit_knee_between_min"": 0.5880862439218062}",render
r4_014,recheck_pass_014_V00_S0594_I00000135_P0752_f0001949,V00_S0594_I00000135_P0752,naturalistic/train/0017/0017/V00_S0594_I00000135_P0752,naturalistic/train/0017/0027/V00_S0594_I00000135_P0210,recheck_pass,recheck,naturalistic,1949,V00,naturalistic,train,collaborative_storytelling,shown in Round 3 as pass_naturalistic; re-judged under the Round-4 detectors,"{""clip_anchored_on_fm2_violation"": false, ""flag_count"": 0, ""flags_fired"": """", ""fm1_hip_flexion_deg_p50"": 160.82423054399823, ""fm1_knee_between_torso_p50"": 0.5408413146713646, ""fm1_leg_over_torso_p50"": 1.4826384047673313, ""fm1_reasons"": """", ""fm1_shin_verticality_p50"": 0.9997418445724804, ""fm1_sitting_file"": false, ""fm1_sitting_participant"": false, ""fm1_unit"": ""0752@0594"", ""fm1_unit_basis"": ""none"", ""fm2_in_frame_and_valid_frac"": 1.0, ""fm2_pass_frac_round3_joints_only"": 1.0, ""fm2_smplh_valid_frac"": 1.0, ""fm2_surface_correction_px_p50"": 26.544427128409325, ""fm2_vertex_worst_inset_min_px"": 34.007678553542405, ""fm2_violation_run_max_frames"": 0.0, ""fm2_violation_runs"": 0.0, ""fm2_windowed_pass_frac"": 1.0, ""fm3_static_frac"": 0.5026315789473684, ""observed_duration_s"": 152.0, ""reproj_px_p50"": 38.4200969529098, ""reproj_shoulder_widths_p50"": 0.12323026704672976, ""round3_gallery_group"": ""pass_naturalistic"", ""unit_files"": 3.0, ""unit_flagged_frac"": 0.0, ""unit_hip_flexion_min"": 158.71306282285656, ""unit_knee_between_min"": 0.5399428551730521}",render
r4_015,recheck_pass_015_V00_S0708_I00000377_P0866_f0002187,V00_S0708_I00000377_P0866,naturalistic/train/0020/0043/V00_S0708_I00000377_P0866,naturalistic/train/0020/0013/V00_S0708_I00000377_P0864,recheck_pass,recheck,naturalistic,2187,V00,naturalistic,train,ipc_conversation,shown in Round 3 as pass_naturalistic; re-judged under the Round-4 detectors,"{""clip_anchored_on_fm2_violation"": false, ""flag_count"": 0, ""flags_fired"": """", ""fm1_hip_flexion_deg_p50"": 153.60331724250526, ""fm1_knee_between_torso_p50"": 0.557525871808572, ""fm1_leg_over_torso_p50"": 1.315097472727428, ""fm1_reasons"": """", ""fm1_shin_verticality_p50"": 0.9996144206527182, ""fm1_sitting_file"": false, ""fm1_sitting_participant"": false, ""fm1_unit"": ""0866@0708"", ""fm1_unit_basis"": ""none"", ""fm2_in_frame_and_valid_frac"": 0.9810699588477366, ""fm2_pass_frac_round3_joints_only"": 1.0, ""fm2_smplh_valid_frac"": 1.0, ""fm2_surface_correction_px_p50"": 36.685435979021804, ""fm2_vertex_worst_inset_min_px"": -5.759641652914297, ""fm2_violation_run_max_frames"": 6.0, ""fm2_violation_runs"": 47.0, ""fm2_windowed_pass_frac"": 1.0, ""fm3_static_frac"": 0.0012345679012345679, ""observed_duration_s"": 162.0, ""reproj_px_p50"": 20.99051102592984, ""reproj_shoulder_widths_p50"": 0.06466112151991922, ""round3_gallery_group"": ""pass_naturalistic"", ""unit_files"": 3.0, ""unit_flagged_frac"": 0.0, ""unit_hip_flexion_min"": 137.20920507107593, ""unit_knee_between_min"": 0.557525871808572}",render
r4_016,recheck_pass_016_V00_S1781_I00000712_P1099A_f0001512,V00_S1781_I00000712_P1099A,improvised/train/0044/0040/V00_S1781_I00000712_P1099A,improvised/train/0044/0038/V00_S1781_I00000712_P0893A,recheck_pass,recheck,improvised,1512,V00,improvised,train,ipc_conversation,shown in Round 3 as flagged_fm1_sitting; re-judged under the Round-4 detectors,"{""clip_anchored_on_fm2_violation"": false, ""flag_count"": 0, ""flags_fired"": """", ""fm1_hip_flexion_deg_p50"": 119.8671100099488, ""fm1_knee_between_torso_p50"": 0.5073335584690619, ""fm1_leg_over_torso_p50"": 0.8170627369791528, ""fm1_reasons"": """", ""fm1_shin_verticality_p50"": 0.9989685378184354, ""fm1_sitting_file"": false, ""fm1_sitting_participant"": false, ""fm1_unit"": ""1099A@1781"", ""fm1_unit_basis"": ""none"", ""fm2_in_frame_and_valid_frac"": 1.0, ""fm2_pass_frac_round3_joints_only"": 1.0, ""fm2_smplh_valid_frac"": 1.0, ""fm2_surface_correction_px_p50"": 29.476478638725297, ""fm2_vertex_worst_inset_min_px"": 19.779796175779666, ""fm2_violation_run_max_frames"": 0.0, ""fm2_violation_runs"": 0.0, ""fm2_windowed_pass_frac"": 1.0, ""fm3_static_frac"": 0.032697201017811706, ""observed_duration_s"": 262.0, ""reproj_px_p50"": 49.16873491539956, ""reproj_shoulder_widths_p50"": 0.14859671744240388, ""round3_gallery_group"": ""flagged_fm1_sitting"", ""unit_files"": 1.0, ""unit_flagged_frac"": 0.0, ""unit_hip_flexion_min"": 119.8671100099488, ""unit_knee_between_min"": 0.5073335584690619}",render
r4_017,recheck_pass_017_V00_S1857_I00000314_P1185_f0004053,V00_S1857_I00000314_P1185,naturalistic/train/0029/0027/V00_S1857_I00000314_P1185,naturalistic/train/0029/0024/V00_S1857_I00000314_P0495,recheck_pass,recheck,naturalistic,4053,V00,naturalistic,train,ipc_conversation,shown in Round 3 as pass_naturalistic; re-judged under the Round-4 detectors,"{""clip_anchored_on_fm2_violation"": false, ""flag_count"": 0, ""flags_fired"": """", ""fm1_hip_flexion_deg_p50"": 155.78756795859357, ""fm1_knee_between_torso_p50"": 0.5283499695102625, ""fm1_leg_over_torso_p50"": 1.526484546264644, ""fm1_reasons"": """", ""fm1_shin_verticality_p50"": 0.9988123491581363, ""fm1_sitting_file"": false, ""fm1_sitting_participant"": false, ""fm1_unit"": ""1185@1857"", ""fm1_unit_basis"": ""none"", ""fm2_in_frame_and_valid_frac"": 1.0, ""fm2_pass_frac_round3_joints_only"": 1.0, ""fm2_smplh_valid_frac"": 1.0, ""fm2_surface_correction_px_p50"": 31.68869493300099, ""fm2_vertex_worst_inset_min_px"": 115.5839588124635, ""fm2_violation_run_max_frames"": 0.0, ""fm2_violation_runs"": 0.0, ""fm2_windowed_pass_frac"": 1.0, ""fm3_static_frac"": 0.40675213675213673, ""observed_duration_s"": 390.0, ""reproj_px_p50"": 11.640803805351066, ""reproj_shoulder_widths_p50"": 0.03992761145365797, ""round3_gallery_group"": ""pass_naturalistic"", ""unit_files"": 2.0, ""unit_flagged_frac"": 0.0, ""unit_hip_flexion_min"": 155.78756795859357, ""unit_knee_between_min"": 0.5283499695102625}",render
r4_018,recheck_pass_018_V00_S1969_I00000411_P0808_f0000209,V00_S1969_I00000411_P0808,naturalistic/train/0032/0007/V00_S1969_I00000411_P0808,naturalistic/train/0032/0012/V00_S1969_I00000411_P1234,recheck_pass,recheck,naturalistic,209,V00,naturalistic,train,ipc_conversation,shown in Round 3 as pass_naturalistic; re-judged under the Round-4 detectors,"{""clip_anchored_on_fm2_violation"": false, ""flag_count"": 0, ""flags_fired"": """", ""fm1_hip_flexion_deg_p50"": 134.29846448294688, ""fm1_knee_between_torso_p50"": 0.5399952760674034, ""fm1_leg_over_torso_p50"": 1.0000001378584842, ""fm1_reasons"": """", ""fm1_shin_verticality_p50"": 0.9950371656206416, ""fm1_sitting_file"": false, ""fm1_sitting_participant"": false, ""fm1_unit"": ""0808@1969"", ""fm1_unit_basis"": ""none"", ""fm2_in_frame_and_valid_frac"": 1.0, ""fm2_pass_frac_round3_joints_only"": 1.0, ""fm2_smplh_valid_frac"": 1.0, ""fm2_surface_correction_px_p50"": 26.9069619594477, ""fm2_vertex_worst_inset_min_px"": 106.90394569271467, ""fm2_violation_run_max_frames"": 0.0, ""fm2_violation_runs"": 0.0, ""fm2_windowed_pass_frac"": 1.0, ""fm3_static_frac"": 0.3307407407407407, ""observed_duration_s"": 90.0, ""reproj_px_p50"": 18.094831690879133, ""reproj_shoulder_widths_p50"": 0.05512470721477321, ""round3_gallery_group"": ""pass_naturalistic"", ""unit_files"": 2.0, ""unit_flagged_frac"": 0.0, ""unit_hip_flexion_min"": 130.42552212181965, ""unit_knee_between_min"": 0.5309333947742342}",render
r4_020,recheck_pass_020_V00_S0180_I00000482_P0047_f0006533,V00_S0180_I00000482_P0047,naturalistic/train/0004/0010/V00_S0180_I00000482_P0047,naturalistic/train/0004/0033/V00_S0180_I00000482_P0247,recheck_pass,recheck,naturalistic,6533,V00,naturalistic,train,ipc_conversation,shown in Round 3 as pass_naturalistic; re-judged under the Round-4 detectors,"{""clip_anchored_on_fm2_violation"": false, ""flag_count"": 0, ""flags_fired"": """", ""fm1_hip_flexion_deg_p50"": 140.38496781747517, ""fm1_knee_between_torso_p50"": 0.5399296361514002, ""fm1_leg_over_torso_p50"": 1.1288309296811403, ""fm1_reasons"": """", ""fm1_shin_verticality_p50"": 0.9981684909858274, ""fm1_sitting_file"": false, ""fm1_sitting_participant"": false, ""fm1_unit"": ""0047@0180"", ""fm1_unit_basis"": ""none"", ""fm2_in_frame_and_valid_frac"": 0.9902335456475584, ""fm2_pass_frac_round3_joints_only"": 1.0, ""fm2_smplh_valid_frac"": 1.0, ""fm2_surface_correction_px_p50"": 44.70380456354144, ""fm2_vertex_worst_inset_min_px"": -25.514065701409663, ""fm2_violation_run_max_frames"": 92.0, ""fm2_violation_runs"": 1.0, ""fm2_windowed_pass_frac"": 1.0, ""fm3_static_frac"": 0.14278131634819533, ""observed_duration_s"": 314.0, ""reproj_px_p50"": 18.33278014729982, ""reproj_shoulder_widths_p50"": 0.048969121431444634, ""round3_gallery_group"": ""pass_naturalistic"", ""unit_files"": 3.0, ""unit_flagged_frac"": 0.0, ""unit_hip_flexion_min"": 140.25469854225022, ""unit_knee_between_min"": 0.5305757684746852}",render
r4_022,recheck_pass_022_V00_S2066_I00001063_P1324A_f0004028,V00_S2066_I00001063_P1324A,improvised/train/0049/0012/V00_S2066_I00001063_P1324A,improvised/train/0049/0020/V00_S2066_I00001063_P1323A,recheck_pass,recheck,improvised,4028,V00,improvised,train,ipc_conversation,shown in Round 3 as pass_improvised; re-judged under the Round-4 detectors,"{""clip_anchored_on_fm2_violation"": false, ""flag_count"": 0, ""flags_fired"": """", ""fm1_hip_flexion_deg_p50"": 132.80411429275745, ""fm1_knee_between_torso_p50"": 0.5690624587812758, ""fm1_leg_over_torso_p50"": 0.9715510647739158, ""fm1_reasons"": """", ""fm1_shin_verticality_p50"": 0.9993628674307373, ""fm1_sitting_file"": false, ""fm1_sitting_participant"": false, ""fm1_unit"": ""1324A@2066"", ""fm1_unit_basis"": ""none"", ""fm2_in_frame_and_valid_frac"": 1.0, ""fm2_pass_frac_round3_joints_only"": 1.0, ""fm2_smplh_valid_frac"": 1.0, ""fm2_surface_correction_px_p50"": 48.71729594128806, ""fm2_vertex_worst_inset_min_px"": 85.03937927879588, ""fm2_violation_run_max_frames"": 0.0, ""fm2_violation_runs"": 0.0, ""fm2_windowed_pass_frac"": 1.0, ""fm3_static_frac"": 0.7383141762452107, ""observed_duration_s"": 174.0, ""reproj_px_p50"": 37.46981153870826, ""reproj_shoulder_widths_p50"": 0.10066320001337918, ""round3_gallery_group"": ""pass_improvised"", ""unit_files"": 2.0, ""unit_flagged_frac"": 0.0, ""unit_hip_flexion_min"": 132.80411429275745, ""unit_knee_between_min"": 0.5690624587812758}",render
r4_025,recheck_pass_025_V00_S0708_I00000488_P0866_f0002603,V00_S0708_I00000488_P0866,naturalistic/train/0020/0013/V00_S0708_I00000488_P0866,naturalistic/train/0020/0005/V00_S0708_I00000488_P0864,recheck_pass,recheck,naturalistic,2603,V00,naturalistic,train,ipc_conversation,shown in Round 3 as pass_naturalistic; re-judged under the Round-4 detectors,"{""clip_anchored_on_fm2_violation"": false, ""flag_count"": 0, ""flags_fired"": """", ""fm1_hip_flexion_deg_p50"": 137.20920507107593, ""fm1_knee_between_torso_p50"": 0.5697099365844039, ""fm1_leg_over_torso_p50"": 1.0445616575249068, ""fm1_reasons"": """", ""fm1_shin_verticality_p50"": 0.9984603519427742, ""fm1_sitting_file"": false, ""fm1_sitting_participant"": false, ""fm1_unit"": ""0866@0708"", ""fm1_unit_basis"": ""none"", ""fm2_in_frame_and_valid_frac"": 0.9978927203065134, ""fm2_pass_frac_round3_joints_only"": 1.0, ""fm2_smplh_valid_frac"": 1.0, ""fm2_surface_correction_px_p50"": 41.07315847089603, ""fm2_vertex_worst_inset_min_px"": -6.654318274676257, ""fm2_violation_run_max_frames"": 8.0, ""fm2_violation_runs"": 3.0, ""fm2_windowed_pass_frac"": 1.0, ""fm3_static_frac"": 0.0950191570881226, ""observed_duration_s"": 174.0, ""reproj_px_p50"": 20.0061634797583, ""reproj_shoulder_widths_p50"": 0.05583761581343771, ""round3_gallery_group"": ""pass_naturalistic"", ""unit_files"": 3.0, ""unit_flagged_frac"": 0.0, ""unit_hip_flexion_min"": 137.20920507107593, ""unit_knee_between_min"": 0.557525871808572}",render
r4_026,recheck_pass_026_V00_S1099_I00000660_P0825A_f0002180,V00_S1099_I00000660_P0825A,improvised/train/0024/0014/V00_S1099_I00000660_P0825A,improvised/train/0024/0025/V00_S1099_I00000660_P0682A,recheck_pass,recheck,improvised,2180,V00,improvised,train,ipc_conversation,shown in Round 3 as pass_improvised; re-judged under the Round-4 detectors,"{""clip_anchored_on_fm2_violation"": false, ""flag_count"": 0, ""flags_fired"": """", ""fm1_hip_flexion_deg_p50"": 127.71880543582662, ""fm1_knee_between_torso_p50"": 0.5246263314481453, ""fm1_leg_over_torso_p50"": 0.9567599765465372, ""fm1_reasons"": """", ""fm1_shin_verticality_p50"": 0.9993628503251816, ""fm1_sitting_file"": false, ""fm1_sitting_participant"": false, ""fm1_unit"": ""0825A@1099"", ""fm1_unit_basis"": ""none"", ""fm2_in_frame_and_valid_frac"": 1.0, ""fm2_pass_frac_round3_joints_only"": 1.0, ""fm2_smplh_valid_frac"": 1.0, ""fm2_surface_correction_px_p50"": 42.36076794549592, ""fm2_vertex_worst_inset_min_px"": 171.72266546971514, ""fm2_violation_run_max_frames"": 0.0, ""fm2_violation_runs"": 0.0, ""fm2_windowed_pass_frac"": 1.0, ""fm3_static_frac"": 0.01597222222222222, ""observed_duration_s"": 192.0, ""reproj_px_p50"": 21.518976553688674, ""reproj_shoulder_widths_p50"": 0.06877116285983095, ""round3_gallery_group"": ""pass_improvised"", ""unit_files"": 1.0, ""unit_flagged_frac"": 0.0, ""unit_hip_flexion_min"": 127.71880543582662, ""unit_knee_between_min"": 0.5246263314481453}",render
r4_027,recheck_pass_027_V00_S0231_I00000581_P0006A_f0000755,V00_S0231_I00000581_P0006A,improvised/train/0005/0024/V00_S0231_I00000581_P0006A,improvised/train/0005/0009/V00_S0231_I00000581_P0317,recheck_pass,recheck,improvised,755,V00,improvised,train,ipc_conversation,shown in Round 3 as pass_improvised; re-judged under the Round-4 detectors,"{""clip_anchored_on_fm2_violation"": false, ""flag_count"": 0, ""flags_fired"": """", ""fm1_hip_flexion_deg_p50"": 156.97807520835588, ""fm1_knee_between_torso_p50"": 0.564770114226542, ""fm1_leg_over_torso_p50"": 1.272318522908504, ""fm1_reasons"": """", ""fm1_shin_verticality_p50"": 0.9985422780938983, ""fm1_sitting_file"": false, ""fm1_sitting_participant"": false, ""fm1_unit"": ""0006A@0231"", ""fm1_unit_basis"": ""none"", ""fm2_in_frame_and_valid_frac"": 1.0, ""fm2_pass_frac_round3_joints_only"": 1.0, ""fm2_smplh_valid_frac"": 1.0, ""fm2_surface_correction_px_p50"": 40.63200801389485, ""fm2_vertex_worst_inset_min_px"": 28.481925055667034, ""fm2_violation_run_max_frames"": 0.0, ""fm2_violation_runs"": 0.0, ""fm2_windowed_pass_frac"": 1.0, ""fm3_static_frac"": 0.7316239316239316, ""observed_duration_s"": 156.0, ""reproj_px_p50"": 37.9768752685024, ""reproj_shoulder_widths_p50"": 0.10370079454755315, ""round3_gallery_group"": ""pass_improvised"", ""unit_files"": 3.0, ""unit_flagged_frac"": 0.0, ""unit_hip_flexion_min"": 156.35204206228525, ""unit_knee_between_min"": 0.564770114226542}",render
r4_028,recheck_pass_028_V00_S1404_I00000030_P0300_f0000162,V00_S1404_I00000030_P0300,improvised/train/0032/0035/V00_S1404_I00000030_P0300,improvised/train/0032/0052/V00_S1404_I00000030_P1103A,recheck_pass,recheck,improvised,162,V00,improvised,train,ipc_conversation,shown in Round 3 as pass_improvised; re-judged under the Round-4 detectors,"{""clip_anchored_on_fm2_violation"": false, ""flag_count"": 0, ""flags_fired"": """", ""fm1_hip_flexion_deg_p50"": 139.6819434899324, ""fm1_knee_between_torso_p50"": 0.5297036264172128, ""fm1_leg_over_torso_p50"": 1.2069854912670315, ""fm1_reasons"": """", ""fm1_shin_verticality_p50"": 0.9961298640327825, ""fm1_sitting_file"": false, ""fm1_sitting_participant"": false, ""fm1_unit"": ""0300@1404"", ""fm1_unit_basis"": ""none"", ""fm2_in_frame_and_valid_frac"": 1.0, ""fm2_pass_frac_round3_joints_only"": 1.0, ""fm2_smplh_valid_frac"": 1.0, ""fm2_surface_correction_px_p50"": 27.8840992819662, ""fm2_vertex_worst_inset_min_px"": 81.96420782332223, ""fm2_violation_run_max_frames"": 0.0, ""fm2_violation_runs"": 0.0, ""fm2_windowed_pass_frac"": 1.0, ""fm3_static_frac"": 0.12777777777777777, ""observed_duration_s"": 78.0, ""reproj_px_p50"": 37.19786296994312, ""reproj_shoulder_widths_p50"": 0.12827239812337454, ""round3_gallery_group"": ""pass_improvised"", ""unit_files"": 3.0, ""unit_flagged_frac"": 0.0, ""unit_hip_flexion_min"": 139.33434374557876, ""unit_knee_between_min"": 0.5297036264172128}",render
r4_029,recheck_pass_029_V00_S1580_I00001175_P1103A_f0003903,V00_S1580_I00001175_P1103A,improvised/train/0038/0056/V00_S1580_I00001175_P1103A,improvised/train/0038/0058/V00_S1580_I00001175_P1154A,recheck_pass,recheck,improvised,3903,V00,improvised,train,ipc_conversation,shown in Round 3 as pass_improvised; re-judged under the Round-4 detectors,"{""clip_anchored_on_fm2_violation"": false, ""flag_count"": 0, ""flags_fired"": """", ""fm1_hip_flexion_deg_p50"": 146.88626733892173, ""fm1_knee_between_torso_p50"": 0.5830960857911868, ""fm1_leg_over_torso_p50"": 1.0593352196202879, ""fm1_reasons"": """", ""fm1_shin_verticality_p50"": 0.9995411866677136, ""fm1_sitting_file"": false, ""fm1_sitting_participant"": false, ""fm1_unit"": ""1103A@1580"", ""fm1_unit_basis"": ""none"", ""fm2_in_frame_and_valid_frac"": 0.9997619047619047, ""fm2_pass_frac_round3_joints_only"": 1.0, ""fm2_smplh_valid_frac"": 1.0, ""fm2_surface_correction_px_p50"": 45.04928044618032, ""fm2_vertex_worst_inset_min_px"": 4.811040309591817, ""fm2_violation_run_max_frames"": 3.0, ""fm2_violation_runs"": 1.0, ""fm2_windowed_pass_frac"": 1.0, ""fm3_static_frac"": 0.03484126984126984, ""observed_duration_s"": 420.0, ""reproj_px_p50"": 22.55424792933998, ""reproj_shoulder_widths_p50"": 0.06300463130508593, ""round3_gallery_group"": ""pass_improvised"", ""unit_files"": 1.0, ""unit_flagged_frac"": 0.0, ""unit_hip_flexion_min"": 146.88626733892173, ""unit_knee_between_min"": 0.5830960857911868}",render
r4_030,recheck_pass_030_V00_S0393_I00000479_P0523_f0004228,V00_S0393_I00000479_P0523,naturalistic/train/0010/0032/V00_S0393_I00000479_P0523,naturalistic/train/0010/0022/V00_S0393_I00000479_P0193,recheck_pass,recheck,naturalistic,4228,V00,naturalistic,train,ipc_conversation,shown in Round 3 as pass_naturalistic; re-judged under the Round-4 detectors,"{""clip_anchored_on_fm2_violation"": false, ""flag_count"": 0, ""flags_fired"": """", ""fm1_hip_flexion_deg_p50"": 132.70476300490833, ""fm1_knee_between_torso_p50"": 0.5142981975437422, ""fm1_leg_over_torso_p50"": 1.1139232666123087, ""fm1_reasons"": """", ""fm1_shin_verticality_p50"": 0.9981684894473493, ""fm1_sitting_file"": false, ""fm1_sitting_participant"": false, ""fm1_unit"": ""0523@0393"", ""fm1_unit_basis"": ""none"", ""fm2_in_frame_and_valid_frac"": 1.0, ""fm2_pass_frac_round3_joints_only"": 1.0, ""fm2_smplh_valid_frac"": 1.0, ""fm2_surface_correction_px_p50"": 41.73222406504658, ""fm2_vertex_worst_inset_min_px"": 68.50693237134908, ""fm2_violation_run_max_frames"": 0.0, ""fm2_violation_runs"": 0.0, ""fm2_windowed_pass_frac"": 1.0, ""fm3_static_frac"": 0.0012280701754385965, ""observed_duration_s"": 190.0, ""reproj_px_p50"": 43.96882883257215, ""reproj_shoulder_widths_p50"": 0.11887051360744678, ""round3_gallery_group"": ""pass_naturalistic"", ""unit_files"": 2.0, ""unit_flagged_frac"": 0.0, ""unit_hip_flexion_min"": 132.70476300490833, ""unit_knee_between_min"": 0.5142981975437422}",render
r4_031,recheck_pass_031_V00_S0708_I00000515_P0866_f0001322,V00_S0708_I00000515_P0866,naturalistic/train/0020/0017/V00_S0708_I00000515_P0866,naturalistic/train/0020/0005/V00_S0708_I00000515_P0864,recheck_pass,recheck,naturalistic,1322,V00,naturalistic,train,ipc_conversation,shown in Round 3 as pass_naturalistic; re-judged under the Round-4 detectors,"{""clip_anchored_on_fm2_violation"": false, ""flag_count"": 0, ""flags_fired"": """", ""fm1_hip_flexion_deg_p50"": 151.45399057242582, ""fm1_knee_between_torso_p50"": 0.56113546809235, ""fm1_leg_over_torso_p50"": 1.2206338077233054, ""fm1_reasons"": """", ""fm1_shin_verticality_p50"": 0.9995920815893667, ""fm1_sitting_file"": false, ""fm1_sitting_participant"": false, ""fm1_unit"": ""0866@0708"", ""fm1_unit_basis"": ""none"", ""fm2_in_frame_and_valid_frac"": 1.0, ""fm2_pass_frac_round3_joints_only"": 1.0, ""fm2_smplh_valid_frac"": 1.0, ""fm2_surface_correction_px_p50"": 38.754522924177195, ""fm2_vertex_worst_inset_min_px"": 46.6357094794198, ""fm2_violation_run_max_frames"": 0.0, ""fm2_violation_runs"": 0.0, ""fm2_windowed_pass_frac"": 1.0, ""fm3_static_frac"": 0.2076388888888889, ""observed_duration_s"": 96.0, ""reproj_px_p50"": 16.979814929723787, ""reproj_shoulder_widths_p50"": 0.050091970063692745, ""round3_gallery_group"": ""pass_naturalistic"", ""unit_files"": 3.0, ""unit_flagged_frac"": 0.0, ""unit_hip_flexion_min"": 137.20920507107593, ""unit_knee_between_min"": 0.557525871808572}",render
r4_032,recheck_pass_032_V00_S0524_I00000483_P0669_f0003401,V00_S0524_I00000483_P0669,naturalistic/train/0014/0023/V00_S0524_I00000483_P0669,naturalistic/train/0014/0010/V00_S0524_I00000483_P0668,recheck_pass,recheck,naturalistic,3401,V00,naturalistic,train,ipc_conversation,shown in Round 3 as pass_naturalistic; re-judged under the Round-4 detectors,"{""clip_anchored_on_fm2_violation"": false, ""flag_count"": 0, ""flags_fired"": """", ""fm1_hip_flexion_deg_p50"": 153.21163100658413, ""fm1_knee_between_torso_p50"": 0.53599949463032, ""fm1_leg_over_torso_p50"": 1.3340848168871227, ""fm1_reasons"": """", ""fm1_shin_verticality_p50"": 0.9999999999999786, ""fm1_sitting_file"": false, ""fm1_sitting_participant"": false, ""fm1_unit"": ""0669@0524"", ""fm1_unit_basis"": ""none"", ""fm2_in_frame_and_valid_frac"": 1.0, ""fm2_pass_frac_round3_joints_only"": 1.0, ""fm2_smplh_valid_frac"": 1.0, ""fm2_surface_correction_px_p50"": 30.359614585841427, ""fm2_vertex_worst_inset_min_px"": 88.90822331349602, ""fm2_violation_run_max_frames"": 0.0, ""fm2_violation_runs"": 0.0, ""fm2_windowed_pass_frac"": 1.0, ""fm3_static_frac"": 0.5606770833333333, ""observed_duration_s"": 256.0, ""reproj_px_p50"": 40.8251479912666, ""reproj_shoulder_widths_p50"": 0.13217782334285558, ""round3_gallery_group"": ""pass_naturalistic"", ""unit_files"": 1.0, ""unit_flagged_frac"": 0.0, ""unit_hip_flexion_min"": 153.21163100658413, ""unit_knee_between_min"": 0.53599949463032}",render
r4_033,recheck_pass_033_V00_S1015_I00000706_P0682A_f0003650,V00_S1015_I00000706_P0682A,improvised/train/0021/0027/V00_S1015_I00000706_P0682A,improvised/train/0021/0070/V00_S1015_I00000706_P0825A,recheck_pass,recheck,improvised,3650,V00,improvised,train,ipc_conversation,shown in Round 3 as pass_improvised; re-judged under the Round-4 detectors,"{""clip_anchored_on_fm2_violation"": false, ""flag_count"": 0, ""flags_fired"": """", ""fm1_hip_flexion_deg_p50"": 158.5405979364426, ""fm1_knee_between_torso_p50"": 0.5678828601498678, ""fm1_leg_over_torso_p50"": 1.342646484489418, ""fm1_reasons"": """", ""fm1_shin_verticality_p50"": 0.9922779079836844, ""fm1_sitting_file"": false, ""fm1_sitting_participant"": false, ""fm1_unit"": ""0682A@1015"", ""fm1_unit_basis"": ""none"", ""fm2_in_frame_and_valid_frac"": 1.0, ""fm2_pass_frac_round3_joints_only"": 1.0, ""fm2_smplh_valid_frac"": 1.0, ""fm2_surface_correction_px_p50"": 39.82511301936597, ""fm2_vertex_worst_inset_min_px"": 95.45469579705957, ""fm2_violation_run_max_frames"": 0.0, ""fm2_violation_runs"": 0.0, ""fm2_windowed_pass_frac"": 1.0, ""fm3_static_frac"": 0.3959232613908873, ""observed_duration_s"": 278.0, ""reproj_px_p50"": 34.24041665344229, ""reproj_shoulder_widths_p50"": 0.11366376365321643, ""round3_gallery_group"": ""pass_improvised"", ""unit_files"": 1.0, ""unit_flagged_frac"": 0.0, ""unit_hip_flexion_min"": 158.5405979364426, ""unit_knee_between_min"": 0.5678828601498678}",render
r4_034,recheck_pass_034_V00_S1544_I00000147_P1122_f0003693,V00_S1544_I00000147_P1122,naturalistic/train/0027/0031/V00_S1544_I00000147_P1122,naturalistic/train/0027/0035/V00_S1544_I00000147_P0317,recheck_pass,recheck,naturalistic,3693,V00,naturalistic,train,ipc_conversation,shown in Round 3 as pass_naturalistic; re-judged under the Round-4 detectors,"{""clip_anchored_on_fm2_violation"": false, ""flag_count"": 0, ""flags_fired"": """", ""fm1_hip_flexion_deg_p50"": 150.71220834643646, ""fm1_knee_between_torso_p50"": 0.6070563945262191, ""fm1_leg_over_torso_p50"": 1.1667655738669347, ""fm1_reasons"": """", ""fm1_shin_verticality_p50"": 0.9449859914712684, ""fm1_sitting_file"": false, ""fm1_sitting_participant"": false, ""fm1_unit"": ""1122@1544"", ""fm1_unit_basis"": ""none"", ""fm2_in_frame_and_valid_frac"": 1.0, ""fm2_pass_frac_round3_joints_only"": 1.0, ""fm2_smplh_valid_frac"": 1.0, ""fm2_surface_correction_px_p50"": 29.61368612514491, ""fm2_vertex_worst_inset_min_px"": 55.225014167139875, ""fm2_violation_run_max_frames"": 0.0, ""fm2_violation_runs"": 0.0, ""fm2_windowed_pass_frac"": 1.0, ""fm3_static_frac"": 0.15849673202614378, ""observed_duration_s"": 306.0, ""reproj_px_p50"": 13.976742025716158, ""reproj_shoulder_widths_p50"": 0.05227566995701491, ""round3_gallery_group"": ""pass_naturalistic"", ""unit_files"": 3.0, ""unit_flagged_frac"": 0.0, ""unit_hip_flexion_min"": 139.79083273668368, ""unit_knee_between_min"": 0.5262858182358425}",render
r4_037,recheck_pass_037_V00_S0576_I00000484_P0727_f0001349,V00_S0576_I00000484_P0727,naturalistic/train/0016/0036/V00_S0576_I00000484_P0727,naturalistic/train/0016/0012/V00_S0576_I00000484_P0726,recheck_pass,recheck,naturalistic,1349,V00,naturalistic,train,ipc_conversation,shown in Round 3 as pass_naturalistic; re-judged under the Round-4 detectors,"{""clip_anchored_on_fm2_violation"": false, ""flag_count"": 0, ""flags_fired"": """", ""fm1_hip_flexion_deg_p50"": 141.34250722863703, ""fm1_knee_between_torso_p50"": 0.5436704159508983, ""fm1_leg_over_torso_p50"": 1.1746035028973272, ""fm1_reasons"": """", ""fm1_shin_verticality_p50"": 0.9999999999999708, ""fm1_sitting_file"": false, ""fm1_sitting_participant"": false, ""fm1_unit"": ""0727@0576"", ""fm1_unit_basis"": ""none"", ""fm2_in_frame_and_valid_frac"": 1.0, ""fm2_pass_frac_round3_joints_only"": 1.0, ""fm2_smplh_valid_frac"": 1.0, ""fm2_surface_correction_px_p50"": 39.78427031092315, ""fm2_vertex_worst_inset_min_px"": 111.66345667887276, ""fm2_violation_run_max_frames"": 0.0, ""fm2_violation_runs"": 0.0, ""fm2_windowed_pass_frac"": 1.0, ""fm3_static_frac"": 0.09658119658119659, ""observed_duration_s"": 78.0, ""reproj_px_p50"": 31.407068825404895, ""reproj_shoulder_widths_p50"": 0.08815851665982807, ""round3_gallery_group"": ""pass_naturalistic"", ""unit_files"": 3.0, ""unit_flagged_frac"": 0.0, ""unit_hip_flexion_min"": 139.23769902005938, ""unit_knee_between_min"": 0.5436704159508983}",render
r4_038,recheck_pass_038_V00_S0874_I00000126_P0986_f0002679,V00_S0874_I00000126_P0986,improvised/train/0018/0048/V00_S0874_I00000126_P0986,improvised/train/0018/0045/V00_S0874_I00000126_P0185A,recheck_pass,recheck,improvised,2679,V00,improvised,train,ipc_conversation,shown in Round 3 as pass_improvised; re-judged under the Round-4 detectors,"{""clip_anchored_on_fm2_violation"": false, ""flag_count"": 0, ""flags_fired"": """", ""fm1_hip_flexion_deg_p50"": 154.06413856756066, ""fm1_knee_between_torso_p50"": 0.5677606163739741, ""fm1_leg_over_torso_p50"": 1.277250005620793, ""fm1_reasons"": """", ""fm1_shin_verticality_p50"": 0.9996349700300708, ""fm1_sitting_file"": false, ""fm1_sitting_participant"": false, ""fm1_unit"": ""0986@0874"", ""fm1_unit_basis"": ""none"", ""fm2_in_frame_and_valid_frac"": 1.0, ""fm2_pass_frac_round3_joints_only"": 1.0, ""fm2_smplh_valid_frac"": 1.0, ""fm2_surface_correction_px_p50"": 39.46240496313476, ""fm2_vertex_worst_inset_min_px"": 86.46002803136031, ""fm2_violation_run_max_frames"": 0.0, ""fm2_violation_runs"": 0.0, ""fm2_windowed_pass_frac"": 1.0, ""fm3_static_frac"": 0.7349726775956285, ""observed_duration_s"": 244.0, ""reproj_px_p50"": 35.54349379837447, ""reproj_shoulder_widths_p50"": 0.11178932970557437, ""round3_gallery_group"": ""pass_improvised"", ""unit_files"": 2.0, ""unit_flagged_frac"": 0.0, ""unit_hip_flexion_min"": 154.06413856756066, ""unit_knee_between_min"": 0.5660156107441914}",render
r4_042,recheck_pass_042_V00_S0254_I00000382_P0042_f0004630,V00_S0254_I00000382_P0042,naturalistic/train/0006/0037/V00_S0254_I00000382_P0042,naturalistic/train/0006/0014/V00_S0254_I00000382_P0349,recheck_pass,recheck,naturalistic,4630,V00,naturalistic,train,ipc_conversation,shown in Round 3 as pass_naturalistic; re-judged under the Round-4 detectors,"{""clip_anchored_on_fm2_violation"": false, ""flag_count"": 0, ""flags_fired"": """", ""fm1_hip_flexion_deg_p50"": 150.37201499375487, ""fm1_knee_between_torso_p50"": 0.5603813794391375, ""fm1_leg_over_torso_p50"": 1.3567869860924597, ""fm1_reasons"": """", ""fm1_shin_verticality_p50"": 0.983282012593045, ""fm1_sitting_file"": false, ""fm1_sitting_participant"": false, ""fm1_unit"": ""0042@0254"", ""fm1_unit_basis"": ""none"", ""fm2_in_frame_and_valid_frac"": 1.0, ""fm2_pass_frac_round3_joints_only"": 1.0, ""fm2_smplh_valid_frac"": 1.0, ""fm2_surface_correction_px_p50"": 42.747987956626275, ""fm2_vertex_worst_inset_min_px"": 123.08339997206758, ""fm2_violation_run_max_frames"": 0.0, ""fm2_violation_runs"": 0.0, ""fm2_windowed_pass_frac"": 1.0, ""fm3_static_frac"": 0.006862745098039216, ""observed_duration_s"": 238.0, ""reproj_px_p50"": 21.333939950967157, ""reproj_shoulder_widths_p50"": 0.07159638516049441, ""round3_gallery_group"": ""pass_naturalistic"", ""unit_files"": 2.0, ""unit_flagged_frac"": 0.0, ""unit_hip_flexion_min"": 142.59627680882144, ""unit_knee_between_min"": 0.5235983416946974}",render
r4_043,recheck_pass_043_V00_S0347_I00000130_P0467_f0001898,V00_S0347_I00000130_P0467,naturalistic/dev/0000/0014/V00_S0347_I00000130_P0467,naturalistic/dev/0000/0004/V00_S0347_I00000130_P0466,recheck_pass,recheck,naturalistic,1898,V00,naturalistic,dev,ipc_conversation,shown in Round 3 as flagged_fm2_framing; re-judged under the Round-4 detectors,"{""clip_anchored_on_fm2_violation"": false, ""flag_count"": 0, ""flags_fired"": """", ""fm1_hip_flexion_deg_p50"": 135.54461297147236, ""fm1_knee_between_torso_p50"": 0.5495631008707731, ""fm1_leg_over_torso_p50"": 1.022509672588375, ""fm1_reasons"": """", ""fm1_shin_verticality_p50"": 0.9912278764874163, ""fm1_sitting_file"": false, ""fm1_sitting_participant"": false, ""fm1_unit"": ""0467@0347"", ""fm1_unit_basis"": ""none"", ""fm2_in_frame_and_valid_frac"": 0.9981182795698925, ""fm2_pass_frac_round3_joints_only"": 0.9986559139784946, ""fm2_smplh_valid_frac"": 1.0, ""fm2_surface_correction_px_p50"": 45.79308474000277, ""fm2_vertex_worst_inset_min_px"": -9.059140801414514, ""fm2_violation_run_max_frames"": 5.0, ""fm2_violation_runs"": 2.0, ""fm2_windowed_pass_frac"": 0.75, ""fm3_static_frac"": 0.4962365591397849, ""observed_duration_s"": 124.0, ""reproj_px_p50"": 34.00378681335352, ""reproj_shoulder_widths_p50"": 0.08131946663229299, ""round3_gallery_group"": ""flagged_fm2_framing"", ""unit_files"": 5.0, ""unit_flagged_frac"": 0.0, ""unit_hip_flexion_min"": 134.84403798420237, ""unit_knee_between_min"": 0.5448308042323952}",render
r4_044,recheck_pass_044_V00_S0395_I00000140_P0527_f0004073,V00_S0395_I00000140_P0527,naturalistic/train/0010/0000/V00_S0395_I00000140_P0527,naturalistic/train/0010/0042/V00_S0395_I00000140_P0383,recheck_pass,recheck,naturalistic,4073,V00,naturalistic,train,ipc_conversation,shown in Round 3 as pass_naturalistic; re-judged under the Round-4 detectors,"{""clip_anchored_on_fm2_violation"": false, ""flag_count"": 0, ""flags_fired"": """", ""fm1_hip_flexion_deg_p50"": 159.43667162116338, ""fm1_knee_between_torso_p50"": 0.5535280016933184, ""fm1_leg_over_torso_p50"": 1.3840447419139656, ""fm1_reasons"": """", ""fm1_shin_verticality_p50"": 0.9996714242427083, ""fm1_sitting_file"": false, ""fm1_sitting_participant"": false, ""fm1_unit"": ""0527@0395"", ""fm1_unit_basis"": ""none"", ""fm2_in_frame_and_valid_frac"": 1.0, ""fm2_pass_frac_round3_joints_only"": 1.0, ""fm2_smplh_valid_frac"": 1.0, ""fm2_surface_correction_px_p50"": 37.84713804602222, ""fm2_vertex_worst_inset_min_px"": 34.02266445634541, ""fm2_violation_run_max_frames"": 0.0, ""fm2_violation_runs"": 0.0, ""fm2_windowed_pass_frac"": 1.0, ""fm3_static_frac"": 0.47719298245614034, ""observed_duration_s"": 190.0, ""reproj_px_p50"": 34.75954064057521, ""reproj_shoulder_widths_p50"": 0.109877175043013, ""round3_gallery_group"": ""pass_naturalistic"", ""unit_files"": 4.0, ""unit_flagged_frac"": 0.0, ""unit_hip_flexion_min"": 158.69402187833333, ""unit_knee_between_min"": 0.5499519153142292}",render
r4_046,recheck_pass_046_V00_S0874_I00000131_P0185A_f0002781,V00_S0874_I00000131_P0185A,improvised/train/0018/0007/V00_S0874_I00000131_P0185A,improvised/train/0018/0031/V00_S0874_I00000131_P0986,recheck_pass,recheck,improvised,2781,V00,improvised,train,ipc_conversation,shown in Round 3 as pass_improvised; re-judged under the Round-4 detectors,"{""clip_anchored_on_fm2_violation"": false, ""flag_count"": 0, ""flags_fired"": """", ""fm1_hip_flexion_deg_p50"": 143.36433995472703, ""fm1_knee_between_torso_p50"": 0.5671741635848185, ""fm1_leg_over_torso_p50"": 1.0155545769606618, ""fm1_reasons"": """", ""fm1_shin_verticality_p50"": 0.9980525784828886, ""fm1_sitting_file"": false, ""fm1_sitting_participant"": false, ""fm1_unit"": ""0185A@0874"", ""fm1_unit_basis"": ""none"", ""fm2_in_frame_and_valid_frac"": 1.0, ""fm2_pass_frac_round3_joints_only"": 1.0, ""fm2_smplh_valid_frac"": 1.0, ""fm2_surface_correction_px_p50"": 34.27939534567784, ""fm2_vertex_worst_inset_min_px"": 68.29616541926765, ""fm2_violation_run_max_frames"": 0.0, ""fm2_violation_runs"": 0.0, ""fm2_windowed_pass_frac"": 1.0, ""fm3_static_frac"": 0.05134099616858238, ""observed_duration_s"": 174.0, ""reproj_px_p50"": 36.50204042601547, ""reproj_shoulder_widths_p50"": 0.11138571776521537, ""round3_gallery_group"": ""pass_improvised"", ""unit_files"": 2.0, ""unit_flagged_frac"": 0.0, ""unit_hip_flexion_min"": 135.0279014841833, ""unit_knee_between_min"": 0.5299345424531814}",render
r4_047,recheck_pass_047_V00_S1405_I00000659_P0825A_f0002892,V00_S1405_I00000659_P0825A,improvised/train/0032/0003/V00_S1405_I00000659_P0825A,improvised/train/0032/0051/V00_S1405_I00000659_P1024A,recheck_pass,recheck,improvised,2892,V00,improvised,train,ipc_conversation,shown in Round 3 as pass_improvised; re-judged under the Round-4 detectors,"{""clip_anchored_on_fm2_violation"": false, ""flag_count"": 0, ""flags_fired"": """", ""fm1_hip_flexion_deg_p50"": 144.52067098788515, ""fm1_knee_between_torso_p50"": 0.5934932546324797, ""fm1_leg_over_torso_p50"": 1.046143530065898, ""fm1_reasons"": """", ""fm1_shin_verticality_p50"": 0.99948011557767, ""fm1_sitting_file"": false, ""fm1_sitting_participant"": false, ""fm1_unit"": ""0825A@1405"", ""fm1_unit_basis"": ""none"", ""fm2_in_frame_and_valid_frac"": 1.0, ""fm2_pass_frac_round3_joints_only"": 1.0, ""fm2_smplh_valid_frac"": 1.0, ""fm2_surface_correction_px_p50"": 70.67267828906972, ""fm2_vertex_worst_inset_min_px"": 98.37477103816059, ""fm2_violation_run_max_frames"": 0.0, ""fm2_violation_runs"": 0.0, ""fm2_windowed_pass_frac"": 1.0, ""fm3_static_frac"": 0.37620967741935485, ""observed_duration_s"": 248.0, ""reproj_px_p50"": 34.942373473368264, ""reproj_shoulder_widths_p50"": 0.12016513278315018, ""round3_gallery_group"": ""pass_improvised"", ""unit_files"": 1.0, ""unit_flagged_frac"": 0.0, ""unit_hip_flexion_min"": 144.52067098788515, ""unit_knee_between_min"": 0.5934932546324797}",render
r4_049,recheck_pass_049_V00_S2006_I00001211_P1261A_f0003677,V00_S2006_I00001211_P1261A,improvised/train/0048/0015/V00_S2006_I00001211_P1261A,improvised/train/0048/0021/V00_S2006_I00001211_P1262A,recheck_pass,recheck,improvised,3677,V00,improvised,train,ipc_conversation,shown in Round 3 as pass_improvised; re-judged under the Round-4 detectors,"{""clip_anchored_on_fm2_violation"": false, ""flag_count"": 0, ""flags_fired"": """", ""fm1_hip_flexion_deg_p50"": 157.86957120109238, ""fm1_knee_between_torso_p50"": 0.5397336224845912, ""fm1_leg_over_torso_p50"": 1.3604731507731649, ""fm1_reasons"": """", ""fm1_shin_verticality_p50"": 0.999653920211243, ""fm1_sitting_file"": false, ""fm1_sitting_participant"": false, ""fm1_unit"": ""1261A@2006"", ""fm1_unit_basis"": ""none"", ""fm2_in_frame_and_valid_frac"": 0.9995061728395062, ""fm2_pass_frac_round3_joints_only"": 1.0, ""fm2_smplh_valid_frac"": 1.0, ""fm2_surface_correction_px_p50"": 38.14033129322172, ""fm2_vertex_worst_inset_min_px"": 5.481245550927724, ""fm2_violation_run_max_frames"": 3.0, ""fm2_violation_runs"": 2.0, ""fm2_windowed_pass_frac"": 1.0, ""fm3_static_frac"": 0.34444444444444444, ""observed_duration_s"": 270.0, ""reproj_px_p50"": 17.539585050460758, ""reproj_shoulder_widths_p50"": 0.05758673628296416, ""round3_gallery_group"": ""pass_improvised"", ""unit_files"": 3.0, ""unit_flagged_frac"": 0.0, ""unit_hip_flexion_min"": 156.50506304607865, ""unit_knee_between_min"": 0.5383941981645569}",render
r4_050,recheck_pass_050_V00_S0624_I00000139_P0560_f0000482,V00_S0624_I00000139_P0560,naturalistic/train/0018/0004/V00_S0624_I00000139_P0560,naturalistic/train/0018/0044/V00_S0624_I00000139_P0777,recheck_pass,recheck,naturalistic,482,V00,naturalistic,train,ipc_conversation,shown in Round 3 as pass_naturalistic; re-judged under the Round-4 detectors,"{""clip_anchored_on_fm2_violation"": false, ""flag_count"": 0, ""flags_fired"": """", ""fm1_hip_flexion_deg_p50"": 140.44923891234396, ""fm1_knee_between_torso_p50"": 0.5008636328419709, ""fm1_leg_over_torso_p50"": 1.462663294482574, ""fm1_reasons"": """", ""fm1_shin_verticality_p50"": 0.9996144249515272, ""fm1_sitting_file"": false, ""fm1_sitting_participant"": false, ""fm1_unit"": ""0560@0624"", ""fm1_unit_basis"": ""none"", ""fm2_in_frame_and_valid_frac"": 1.0, ""fm2_pass_frac_round3_joints_only"": 1.0, ""fm2_smplh_valid_frac"": 1.0, ""fm2_surface_correction_px_p50"": 49.67886684266227, ""fm2_vertex_worst_inset_min_px"": 62.7127931783607, ""fm2_violation_run_max_frames"": 0.0, ""fm2_violation_runs"": 0.0, ""fm2_windowed_pass_frac"": 1.0, ""fm3_static_frac"": 0.46226415094339623, ""observed_duration_s"": 106.0, ""reproj_px_p50"": 19.181966644403616, ""reproj_shoulder_widths_p50"": 0.0586536333945602, ""round3_gallery_group"": ""pass_naturalistic"", ""unit_files"": 4.0, ""unit_flagged_frac"": 0.0, ""unit_hip_flexion_min"": 138.11899093857465, ""unit_knee_between_min"": 0.4890839403805033}",render
r4_051,recheck_pass_051_V00_S0503_I00000381_P0120_f0000007,V00_S0503_I00000381_P0120,naturalistic/train/0013/0027/V00_S0503_I00000381_P0120,naturalistic/train/0013/0012/V00_S0503_I00000381_P0645,recheck_pass,recheck,naturalistic,7,V00,naturalistic,train,ipc_conversation,shown in Round 3 as pass_naturalistic; re-judged under the Round-4 detectors,"{""clip_anchored_on_fm2_violation"": false, ""flag_count"": 0, ""flags_fired"": """", ""fm1_hip_flexion_deg_p50"": 156.4900025940259, ""fm1_knee_between_torso_p50"": 0.582868658408344, ""fm1_leg_over_torso_p50"": 1.2200824569395756, ""fm1_reasons"": """", ""fm1_shin_verticality_p50"": 0.9748584655871041, ""fm1_sitting_file"": false, ""fm1_sitting_participant"": false, ""fm1_unit"": ""0120@0503"", ""fm1_unit_basis"": ""none"", ""fm2_in_frame_and_valid_frac"": 1.0, ""fm2_pass_frac_round3_joints_only"": 1.0, ""fm2_smplh_valid_frac"": 1.0, ""fm2_surface_correction_px_p50"": 37.45447275532308, ""fm2_vertex_worst_inset_min_px"": 107.34080562204508, ""fm2_violation_run_max_frames"": 0.0, ""fm2_violation_runs"": 0.0, ""fm2_windowed_pass_frac"": 1.0, ""fm3_static_frac"": 0.5609289617486338, ""observed_duration_s"": 122.0, ""reproj_px_p50"": 39.75535181011085, ""reproj_shoulder_widths_p50"": 0.12825872973008356, ""round3_gallery_group"": ""pass_naturalistic"", ""unit_files"": 2.0, ""unit_flagged_frac"": 0.0, ""unit_hip_flexion_min"": 154.43489095846627, ""unit_knee_between_min"": 0.5647024097686992}",render
r4_052,recheck_pass_052_V00_S1670_I00001153_P1151A_f0004033,V00_S1670_I00001153_P1151A,improvised/train/0041/0038/V00_S1670_I00001153_P1151A,improvised/train/0041/0002/V00_S1670_I00001153_P1114A,recheck_pass,recheck,improvised,4033,V00,improvised,train,ipc_conversation,shown in Round 3 as pass_improvised; re-judged under the Round-4 detectors,"{""clip_anchored_on_fm2_violation"": false, ""flag_count"": 0, ""flags_fired"": """", ""fm1_hip_flexion_deg_p50"": 156.85182932115885, ""fm1_knee_between_torso_p50"": 0.5323755657718595, ""fm1_leg_over_torso_p50"": 1.4639283455467542, ""fm1_reasons"": """", ""fm1_shin_verticality_p50"": 0.9988123556400571, ""fm1_sitting_file"": false, ""fm1_sitting_participant"": false, ""fm1_unit"": ""1151A@1670"", ""fm1_unit_basis"": ""none"", ""fm2_in_frame_and_valid_frac"": 1.0, ""fm2_pass_frac_round3_joints_only"": 1.0, ""fm2_smplh_valid_frac"": 1.0, ""fm2_surface_correction_px_p50"": 29.491710797489645, ""fm2_vertex_worst_inset_min_px"": 16.057791835582975, ""fm2_violation_run_max_frames"": 0.0, ""fm2_violation_runs"": 0.0, ""fm2_windowed_pass_frac"": 1.0, ""fm3_static_frac"": 0.1719047619047619, ""observed_duration_s"": 280.0, ""reproj_px_p50"": 11.731597879477823, ""reproj_shoulder_widths_p50"": 0.03918950652409792, ""round3_gallery_group"": ""pass_improvised"", ""unit_files"": 1.0, ""unit_flagged_frac"": 0.0, ""unit_hip_flexion_min"": 156.85182932115885, ""unit_knee_between_min"": 0.5323755657718595}",render
r4_053,recheck_pass_053_V00_S0058_I00000479_P0027A_f0000003,V00_S0058_I00000479_P0027A,improvised/train/0000/0030/V00_S0058_I00000479_P0027A,improvised/train/0000/0031/V00_S0058_I00000479_P0088,recheck_pass,recheck,improvised,3,V00,improvised,train,ipc_conversation,shown in Round 3 as pass_improvised; re-judged under the Round-4 detectors,"{""clip_anchored_on_fm2_violation"": false, ""flag_count"": 0, ""flags_fired"": """", ""fm1_hip_flexion_deg_p50"": 136.83587891313033, ""fm1_knee_between_torso_p50"": 0.4853403179382408, ""fm1_leg_over_torso_p50"": 1.372050424028218, ""fm1_reasons"": """", ""fm1_shin_verticality_p50"": 0.9986876677240853, ""fm1_sitting_file"": false, ""fm1_sitting_participant"": false, ""fm1_unit"": ""0027A@0058"", ""fm1_unit_basis"": ""none"", ""fm2_in_frame_and_valid_frac"": 1.0, ""fm2_pass_frac_round3_joints_only"": 1.0, ""fm2_smplh_valid_frac"": 1.0, ""fm2_surface_correction_px_p50"": 41.052966373180425, ""fm2_vertex_worst_inset_min_px"": 63.52280925471746, ""fm2_violation_run_max_frames"": 0.0, ""fm2_violation_runs"": 0.0, ""fm2_windowed_pass_frac"": 1.0, ""fm3_static_frac"": 0.39316666666666666, ""observed_duration_s"": 200.0, ""reproj_px_p50"": 17.866265488360412, ""reproj_shoulder_widths_p50"": 0.05756226248882476, ""round3_gallery_group"": ""pass_improvised"", ""unit_files"": 2.0, ""unit_flagged_frac"": 0.0, ""unit_hip_flexion_min"": 136.83587891313033, ""unit_knee_between_min"": 0.4853403179382408}",render
r4_054,recheck_pass_054_V00_S0134_I00000484_P0003A_f0003328,V00_S0134_I00000484_P0003A,improvised/train/0002/0003/V00_S0134_I00000484_P0003A,improvised/train/0002/0025/V00_S0134_I00000484_P0195,recheck_pass,recheck,improvised,3328,V00,improvised,train,ipc_conversation,shown in Round 3 as pass_improvised; re-judged under the Round-4 detectors,"{""clip_anchored_on_fm2_violation"": false, ""flag_count"": 0, ""flags_fired"": """", ""fm1_hip_flexion_deg_p50"": 140.51784310594712, ""fm1_knee_between_torso_p50"": 0.5099163692923748, ""fm1_leg_over_torso_p50"": 1.3368790942576447, ""fm1_reasons"": """", ""fm1_shin_verticality_p50"": 0.9985422783645331, ""fm1_sitting_file"": false, ""fm1_sitting_participant"": false, ""fm1_unit"": ""0003A@0134"", ""fm1_unit_basis"": ""none"", ""fm2_in_frame_and_valid_frac"": 1.0, ""fm2_pass_frac_round3_joints_only"": 1.0, ""fm2_smplh_valid_frac"": 1.0, ""fm2_surface_correction_px_p50"": 36.82362006100084, ""fm2_vertex_worst_inset_min_px"": 135.0143440362574, ""fm2_violation_run_max_frames"": 0.0, ""fm2_violation_runs"": 0.0, ""fm2_windowed_pass_frac"": 1.0, ""fm3_static_frac"": 0.5468888888888889, ""observed_duration_s"": 150.0, ""reproj_px_p50"": 15.576584466807516, ""reproj_shoulder_widths_p50"": 0.046579286253411276, ""round3_gallery_group"": ""pass_improvised"", ""unit_files"": 2.0, ""unit_flagged_frac"": 0.0, ""unit_hip_flexion_min"": 140.51784310594712, ""unit_knee_between_min"": 0.5099163692923748}",render
r4_056,recheck_pass_056_V00_S1670_I00001159_P1114A_f0001118,V00_S1670_I00001159_P1114A,improvised/train/0041/0020/V00_S1670_I00001159_P1114A,improvised/train/0041/0053/V00_S1670_I00001159_P1151A,recheck_pass,recheck,improvised,1118,V00,improvised,train,ipc_conversation,shown in Round 3 as pass_improvised; re-judged under the Round-4 detectors,"{""clip_anchored_on_fm2_violation"": false, ""flag_count"": 0, ""flags_fired"": """", ""fm1_hip_flexion_deg_p50"": 156.90043682050833, ""fm1_knee_between_torso_p50"": 0.5793643660759292, ""fm1_leg_over_torso_p50"": 1.1541197395631946, ""fm1_reasons"": """", ""fm1_shin_verticality_p50"": 0.9999999999999732, ""fm1_sitting_file"": false, ""fm1_sitting_participant"": false, ""fm1_unit"": ""1114A@1670"", ""fm1_unit_basis"": ""none"", ""fm2_in_frame_and_valid_frac"": 1.0, ""fm2_pass_frac_round3_joints_only"": 1.0, ""fm2_smplh_valid_frac"": 1.0, ""fm2_surface_correction_px_p50"": 39.527011850269105, ""fm2_vertex_worst_inset_min_px"": 61.28374494728064, ""fm2_violation_run_max_frames"": 0.0, ""fm2_violation_runs"": 0.0, ""fm2_windowed_pass_frac"": 1.0, ""fm3_static_frac"": 0.004279279279279279, ""observed_duration_s"": 148.0, ""reproj_px_p50"": 48.066840220090114, ""reproj_shoulder_widths_p50"": 0.1399479696098485, ""round3_gallery_group"": ""pass_improvised"", ""unit_files"": 1.0, ""unit_flagged_frac"": 0.0, ""unit_hip_flexion_min"": 156.90043682050833, ""unit_knee_between_min"": 0.5793643660759292}",render
r4_058,recheck_pass_058_V00_S0801_I00000130_P0942_f0000959,V00_S0801_I00000130_P0942,naturalistic/train/0022/0005/V00_S0801_I00000130_P0942,naturalistic/train/0022/0030/V00_S0801_I00000130_P0941,recheck_pass,recheck,naturalistic,959,V00,naturalistic,train,ipc_conversation,shown in Round 3 as flagged_fm4_mutual_silence; re-judged under the Round-4 detectors,"{""clip_anchored_on_fm2_violation"": false, ""flag_count"": 0, ""flags_fired"": """", ""fm1_hip_flexion_deg_p50"": 156.2573286562583, ""fm1_knee_between_torso_p50"": 0.5530744191643235, ""fm1_leg_over_torso_p50"": 1.411505864529647, ""fm1_reasons"": """", ""fm1_shin_verticality_p50"": 0.9958932311218243, ""fm1_sitting_file"": false, ""fm1_sitting_participant"": false, ""fm1_unit"": ""0942@0801"", ""fm1_unit_basis"": ""none"", ""fm2_in_frame_and_valid_frac"": 1.0, ""fm2_pass_frac_round3_joints_only"": 1.0, ""fm2_smplh_valid_frac"": 1.0, ""fm2_surface_correction_px_p50"": 38.36412481034779, ""fm2_vertex_worst_inset_min_px"": 160.57190586720685, ""fm2_violation_run_max_frames"": 0.0, ""fm2_violation_runs"": 0.0, ""fm2_windowed_pass_frac"": 1.0, ""fm3_static_frac"": 0.7184615384615385, ""observed_duration_s"": 130.0, ""reproj_px_p50"": 15.974112680641852, ""reproj_shoulder_widths_p50"": 0.05200052906080058, ""round3_gallery_group"": ""flagged_fm4_mutual_silence"", ""unit_files"": 2.0, ""unit_flagged_frac"": 0.0, ""unit_hip_flexion_min"": 151.81349696408097, ""unit_knee_between_min"": 0.5346723082379574}",render
r4_059,recheck_pass_059_V00_S0877_I00000535_P0989_f0000301,V00_S0877_I00000535_P0989,improvised/train/0018/0002/V00_S0877_I00000535_P0989,improvised/train/0018/0011/V00_S0877_I00000535_P0028A,recheck_pass,recheck,improvised,301,V00,improvised,train,ipc_conversation,shown in Round 3 as flagged_fm4_mutual_silence; re-judged under the Round-4 detectors,"{""clip_anchored_on_fm2_violation"": false, ""flag_count"": 0, ""flags_fired"": """", ""fm1_hip_flexion_deg_p50"": 147.00322037470264, ""fm1_knee_between_torso_p50"": 0.602026157159107, ""fm1_leg_over_torso_p50"": 1.0616500631721473, ""fm1_reasons"": """", ""fm1_shin_verticality_p50"": 1.0, ""fm1_sitting_file"": false, ""fm1_sitting_participant"": false, ""fm1_unit"": ""0989@0877"", ""fm1_unit_basis"": ""none"", ""fm2_in_frame_and_valid_frac"": 1.0, ""fm2_pass_frac_round3_joints_only"": 1.0, ""fm2_smplh_valid_frac"": 1.0, ""fm2_surface_correction_px_p50"": 42.844582628398825, ""fm2_vertex_worst_inset_min_px"": 20.309851674234096, ""fm2_violation_run_max_frames"": 0.0, ""fm2_violation_runs"": 0.0, ""fm2_windowed_pass_frac"": 1.0, ""fm3_static_frac"": 0.7356540084388186, ""observed_duration_s"": 158.0, ""reproj_px_p50"": 37.604888090562795, ""reproj_shoulder_widths_p50"": 0.11344800406976456, ""round3_gallery_group"": ""flagged_fm4_mutual_silence"", ""unit_files"": 1.0, ""unit_flagged_frac"": 0.0, ""unit_hip_flexion_min"": 147.00322037470264, ""unit_knee_between_min"": 0.602026157159107}",render
r4_060,recheck_pass_060_V00_S1408_I00000526_P1103A_f0002957,V00_S1408_I00000526_P1103A,improvised/train/0032/0015/V00_S1408_I00000526_P1103A,improvised/train/0032/0000/V00_S1408_I00000526_P0476,recheck_pass,recheck,improvised,2957,V00,improvised,train,grounded_gesture,shown in Round 3 as flagged_fm4_mutual_silence; re-judged under the Round-4 detectors,"{""clip_anchored_on_fm2_violation"": false, ""flag_count"": 0, ""flags_fired"": """", ""fm1_hip_flexion_deg_p50"": 123.47114386385854, ""fm1_knee_between_torso_p50"": 0.5177626349048896, ""fm1_leg_over_torso_p50"": 0.9999995826992227, ""fm1_reasons"": """", ""fm1_shin_verticality_p50"": 0.9993628559758063, ""fm1_sitting_file"": false, ""fm1_sitting_participant"": false, ""fm1_unit"": ""1103A@1408"", ""fm1_unit_basis"": ""none"", ""fm2_in_frame_and_valid_frac"": 1.0, ""fm2_pass_frac_round3_joints_only"": 1.0, ""fm2_smplh_valid_frac"": 1.0, ""fm2_surface_correction_px_p50"": 45.00385185744028, ""fm2_vertex_worst_inset_min_px"": 214.04185775422025, ""fm2_violation_run_max_frames"": 0.0, ""fm2_violation_runs"": 0.0, ""fm2_windowed_pass_frac"": 1.0, ""fm3_static_frac"": 0.6140845070422535, ""observed_duration_s"": 142.0, ""reproj_px_p50"": 12.78957992319627, ""reproj_shoulder_widths_p50"": 0.0386744675714782, ""round3_gallery_group"": ""flagged_fm4_mutual_silence"", ""unit_files"": 1.0, ""unit_flagged_frac"": 0.0, ""unit_hip_flexion_min"": 123.47114386385854, ""unit_knee_between_min"": 0.5177626349048896}",render
r4_061,recheck_pass_061_V00_S0597_I00000484_P0756_f0004451,V00_S0597_I00000484_P0756,naturalistic/train/0017/0022/V00_S0597_I00000484_P0756,naturalistic/train/0017/0033/V00_S0597_I00000484_P0755,recheck_pass,recheck,naturalistic,4451,V00,naturalistic,train,ipc_conversation,shown in Round 3 as pass_naturalistic; re-judged under the Round-4 detectors,"{""clip_anchored_on_fm2_violation"": false, ""flag_count"": 0, ""flags_fired"": """", ""fm1_hip_flexion_deg_p50"": 162.69104961721845, ""fm1_knee_between_torso_p50"": 0.6086271787592827, ""fm1_leg_over_torso_p50"": 1.2262309073964337, ""fm1_reasons"": """", ""fm1_shin_verticality_p50"": 0.9995920861117699, ""fm1_sitting_file"": false, ""fm1_sitting_participant"": false, ""fm1_unit"": ""0756@0597"", ""fm1_unit_basis"": ""none"", ""fm2_in_frame_and_valid_frac"": 1.0, ""fm2_pass_frac_round3_joints_only"": 1.0, ""fm2_smplh_valid_frac"": 1.0, ""fm2_surface_correction_px_p50"": 45.576887262776836, ""fm2_vertex_worst_inset_min_px"": 99.23206876943345, ""fm2_violation_run_max_frames"": 0.0, ""fm2_violation_runs"": 0.0, ""fm2_windowed_pass_frac"": 1.0, ""fm3_static_frac"": 0.747411003236246, ""observed_duration_s"": 206.0, ""reproj_px_p50"": 43.61306994366855, ""reproj_shoulder_widths_p50"": 0.13461838433739942, ""round3_gallery_group"": ""pass_naturalistic"", ""unit_files"": 3.0, ""unit_flagged_frac"": 0.0, ""unit_hip_flexion_min"": 156.5617321508264, ""unit_knee_between_min"": 0.6086271787592827}",render
r4_062,recheck_pass_062_V00_S0625_I00000138_P0782_f0000676,V00_S0625_I00000138_P0782,naturalistic/train/0018/0037/V00_S0625_I00000138_P0782,naturalistic/train/0018/0043/V00_S0625_I00000138_P0781,recheck_pass,recheck,naturalistic,676,V00,naturalistic,train,ipc_conversation,shown in Round 3 as pass_naturalistic; re-judged under the Round-4 detectors,"{""clip_anchored_on_fm2_violation"": false, ""flag_count"": 0, ""flags_fired"": """", ""fm1_hip_flexion_deg_p50"": 149.30766991454686, ""fm1_knee_between_torso_p50"": 0.522089057990427, ""fm1_leg_over_torso_p50"": 1.5853550163674304, ""fm1_reasons"": """", ""fm1_shin_verticality_p50"": 0.999567761022734, ""fm1_sitting_file"": false, ""fm1_sitting_participant"": false, ""fm1_unit"": ""0782@0625"", ""fm1_unit_basis"": ""none"", ""fm2_in_frame_and_valid_frac"": 1.0, ""fm2_pass_frac_round3_joints_only"": 1.0, ""fm2_smplh_valid_frac"": 1.0, ""fm2_surface_correction_px_p50"": 123.3171911272261, ""fm2_vertex_worst_inset_min_px"": 198.77000186585337, ""fm2_violation_run_max_frames"": 0.0, ""fm2_violation_runs"": 0.0, ""fm2_windowed_pass_frac"": 1.0, ""fm3_static_frac"": 0.4479166666666667, ""observed_duration_s"": 64.0, ""reproj_px_p50"": 11.865821823710812, ""reproj_shoulder_widths_p50"": 0.04569973067164652, ""round3_gallery_group"": ""pass_naturalistic"", ""unit_files"": 2.0, ""unit_flagged_frac"": 0.0, ""unit_hip_flexion_min"": 149.30766991454686, ""unit_knee_between_min"": 0.522089057990427}",render
r4_064,recheck_pass_064_V00_S1457_I00001115_P1124A_f0005798,V00_S1457_I00001115_P1124A,improvised/train/0034/0064/V00_S1457_I00001115_P1124A,improvised/train/0034/0047/V00_S1457_I00001115_P0921A,recheck_pass,recheck,improvised,5798,V00,improvised,train,ipc_conversation,shown in Round 3 as pass_improvised; re-judged under the Round-4 detectors,"{""clip_anchored_on_fm2_violation"": false, ""flag_count"": 0, ""flags_fired"": """", ""fm1_hip_flexion_deg_p50"": 133.77474389709727, ""fm1_knee_between_torso_p50"": 0.5187586489680573, ""fm1_leg_over_torso_p50"": 1.107595342932178, ""fm1_reasons"": """", ""fm1_shin_verticality_p50"": 0.9828722816437803, ""fm1_sitting_file"": false, ""fm1_sitting_participant"": false, ""fm1_unit"": ""1124A@1457"", ""fm1_unit_basis"": ""none"", ""fm2_in_frame_and_valid_frac"": 0.9967991169977924, ""fm2_pass_frac_round3_joints_only"": 1.0, ""fm2_smplh_valid_frac"": 1.0, ""fm2_surface_correction_px_p50"": 26.34554453654357, ""fm2_vertex_worst_inset_min_px"": -1.8781465147126255, ""fm2_violation_run_max_frames"": 26.0, ""fm2_violation_runs"": 3.0, ""fm2_windowed_pass_frac"": 1.0, ""fm3_static_frac"": 0.23233995584988962, ""observed_duration_s"": 302.0, ""reproj_px_p50"": 34.10242608550854, ""reproj_shoulder_widths_p50"": 0.10599992786214452, ""round3_gallery_group"": ""pass_improvised"", ""unit_files"": 2.0, ""unit_flagged_frac"": 0.0, ""unit_hip_flexion_min"": 130.9171643951275, ""unit_knee_between_min"": 0.5160741442987243}",render
r4_065,recheck_pass_065_V00_S2012_I00000690_P1268A_f0001627,V00_S2012_I00000690_P1268A,improvised/train/0048/0048/V00_S2012_I00000690_P1268A,improvised/train/0048/0016/V00_S2012_I00000690_P1267A,recheck_pass,recheck,improvised,1627,V00,improvised,train,ipc_conversation,shown in Round 3 as pass_improvised; re-judged under the Round-4 detectors,"{""clip_anchored_on_fm2_violation"": false, ""flag_count"": 0, ""flags_fired"": """", ""fm1_hip_flexion_deg_p50"": 148.17468848273973, ""fm1_knee_between_torso_p50"": 0.5361315841735587, ""fm1_leg_over_torso_p50"": 1.2427163352285824, ""fm1_reasons"": """", ""fm1_shin_verticality_p50"": 0.9986178199128581, ""fm1_sitting_file"": false, ""fm1_sitting_participant"": false, ""fm1_unit"": ""1268A@2012"", ""fm1_unit_basis"": ""none"", ""fm2_in_frame_and_valid_frac"": 1.0, ""fm2_pass_frac_round3_joints_only"": 1.0, ""fm2_smplh_valid_frac"": 1.0, ""fm2_surface_correction_px_p50"": 34.73785108104744, ""fm2_vertex_worst_inset_min_px"": 74.48872664885971, ""fm2_violation_run_max_frames"": 0.0, ""fm2_violation_runs"": 0.0, ""fm2_windowed_pass_frac"": 1.0, ""fm3_static_frac"": 0.4537712895377129, ""observed_duration_s"": 274.0, ""reproj_px_p50"": 46.97445424384499, ""reproj_shoulder_widths_p50"": 0.14790359101735653, ""round3_gallery_group"": ""pass_improvised"", ""unit_files"": 2.0, ""unit_flagged_frac"": 0.0, ""unit_hip_flexion_min"": 143.28486293804195, ""unit_knee_between_min"": 0.516364546173663}",render
r4_068,recheck_pass_068_V00_S0688_I00000126_P0737_f0000994,V00_S0688_I00000126_P0737,improvised/train/0013/0043/V00_S0688_I00000126_P0737,improvised/train/0013/0049/V00_S0688_I00000126_P0658A,recheck_pass,recheck,improvised,994,V00,improvised,train,ipc_conversation,shown in Round 3 as pass_improvised; re-judged under the Round-4 detectors,"{""clip_anchored_on_fm2_violation"": false, ""flag_count"": 0, ""flags_fired"": """", ""fm1_hip_flexion_deg_p50"": 159.66363062453092, ""fm1_knee_between_torso_p50"": 0.5681562469047619, ""fm1_leg_over_torso_p50"": 1.3499156179767593, ""fm1_reasons"": """", ""fm1_shin_verticality_p50"": 0.999999999999975, ""fm1_sitting_file"": false, ""fm1_sitting_participant"": false, ""fm1_unit"": ""0737@0688"", ""fm1_unit_basis"": ""none"", ""fm2_in_frame_and_valid_frac"": 1.0, ""fm2_pass_frac_round3_joints_only"": 1.0, ""fm2_smplh_valid_frac"": 1.0, ""fm2_surface_correction_px_p50"": 40.574233442100876, ""fm2_vertex_worst_inset_min_px"": 12.919319990784857, ""fm2_violation_run_max_frames"": 0.0, ""fm2_violation_runs"": 0.0, ""fm2_windowed_pass_frac"": 1.0, ""fm3_static_frac"": 0.33151515151515154, ""observed_duration_s"": 110.0, ""reproj_px_p50"": 38.26139989678953, ""reproj_shoulder_widths_p50"": 0.12597073602124287, ""round3_gallery_group"": ""pass_improvised"", ""unit_files"": 3.0, ""unit_flagged_frac"": 0.0, ""unit_hip_flexion_min"": 159.66363062453092, ""unit_knee_between_min"": 0.5681562469047619}",render
r4_070,recheck_pass_070_V00_S0161_I00000537_P0150A_f0004995,V00_S0161_I00000537_P0150A,improvised/train/0003/0037/V00_S0161_I00000537_P0150A,improvised/train/0003/0000/V00_S0161_I00000537_P0231,recheck_pass,recheck,improvised,4995,V00,improvised,train,ipc_conversation,shown in Round 3 as pass_improvised; re-judged under the Round-4 detectors,"{""clip_anchored_on_fm2_violation"": false, ""flag_count"": 0, ""flags_fired"": """", ""fm1_hip_flexion_deg_p50"": 137.4250827029106, ""fm1_knee_between_torso_p50"": 0.483118073187077, ""fm1_leg_over_torso_p50"": 1.5977102866474246, ""fm1_reasons"": """", ""fm1_shin_verticality_p50"": 0.9996539187430602, ""fm1_sitting_file"": false, ""fm1_sitting_participant"": false, ""fm1_unit"": ""0150A@0161"", ""fm1_unit_basis"": ""none"", ""fm2_in_frame_and_valid_frac"": 1.0, ""fm2_pass_frac_round3_joints_only"": 1.0, ""fm2_smplh_valid_frac"": 1.0, ""fm2_surface_correction_px_p50"": 86.07889306288911, ""fm2_vertex_worst_inset_min_px"": 117.38058614830226, ""fm2_violation_run_max_frames"": 0.0, ""fm2_violation_runs"": 0.0, ""fm2_windowed_pass_frac"": 1.0, ""fm3_static_frac"": 0.6228855721393035, ""observed_duration_s"": 268.0, ""reproj_px_p50"": 24.903479394789525, ""reproj_shoulder_widths_p50"": 0.085144088911476, ""round3_gallery_group"": ""pass_improvised"", ""unit_files"": 3.0, ""unit_flagged_frac"": 0.0, ""unit_hip_flexion_min"": 132.70686595771133, ""unit_knee_between_min"": 0.466116404444886}",render
r4_072,recheck_pass_072_V00_S1633_I00000391_P0929_f0000625,V00_S1633_I00000391_P0929,naturalistic/train/0028/0015/V00_S1633_I00000391_P0929,naturalistic/train/0028/0016/V00_S1633_I00000391_P0556,recheck_pass,recheck,naturalistic,625,V00,naturalistic,train,ipc_conversation,shown in Round 3 as flagged_fm4_mutual_silence; re-judged under the Round-4 detectors,"{""clip_anchored_on_fm2_violation"": false, ""flag_count"": 0, ""flags_fired"": """", ""fm1_hip_flexion_deg_p50"": 148.16415240934782, ""fm1_knee_between_torso_p50"": 0.5379427004551649, ""fm1_leg_over_torso_p50"": 1.2978935053273872, ""fm1_reasons"": """", ""fm1_shin_verticality_p50"": 0.994781459681664, ""fm1_sitting_file"": false, ""fm1_sitting_participant"": false, ""fm1_unit"": ""0929@1633"", ""fm1_unit_basis"": ""none"", ""fm2_in_frame_and_valid_frac"": 1.0, ""fm2_pass_frac_round3_joints_only"": 1.0, ""fm2_smplh_valid_frac"": 1.0, ""fm2_surface_correction_px_p50"": 63.5759663265157, ""fm2_vertex_worst_inset_min_px"": 44.97898958674136, ""fm2_violation_run_max_frames"": 0.0, ""fm2_violation_runs"": 0.0, ""fm2_windowed_pass_frac"": 1.0, ""fm3_static_frac"": 0.004662004662004662, ""observed_duration_s"": 286.0, ""reproj_px_p50"": 35.582553119158035, ""reproj_shoulder_widths_p50"": 0.13149501942277336, ""round3_gallery_group"": ""flagged_fm4_mutual_silence"", ""unit_files"": 1.0, ""unit_flagged_frac"": 0.0, ""unit_hip_flexion_min"": 148.16415240934782, ""unit_knee_between_min"": 0.5379427004551649}",render
r4_073,recheck_pass_073_V00_S1862_I00000614_P0710_f0004024,V00_S1862_I00000614_P0710,naturalistic/train/0029/0031/V00_S1862_I00000614_P0710,naturalistic/train/0029/0036/V00_S1862_I00000614_P1192,recheck_pass,recheck,naturalistic,4024,V00,naturalistic,train,grounded_gesture,shown in Round 3 as flagged_fm4_mutual_silence; re-judged under the Round-4 detectors,"{""clip_anchored_on_fm2_violation"": false, ""flag_count"": 0, ""flags_fired"": """", ""fm1_hip_flexion_deg_p50"": 148.96523026360197, ""fm1_knee_between_torso_p50"": 0.5544553922075566, ""fm1_leg_over_torso_p50"": 1.3019452185046494, ""fm1_reasons"": """", ""fm1_shin_verticality_p50"": 0.9996144242558787, ""fm1_sitting_file"": false, ""fm1_sitting_participant"": false, ""fm1_unit"": ""0710@1862"", ""fm1_unit_basis"": ""none"", ""fm2_in_frame_and_valid_frac"": 1.0, ""fm2_pass_frac_round3_joints_only"": 1.0, ""fm2_smplh_valid_frac"": 1.0, ""fm2_surface_correction_px_p50"": 125.2062979570382, ""fm2_vertex_worst_inset_min_px"": 14.532146578355423, ""fm2_violation_run_max_frames"": 0.0, ""fm2_violation_runs"": 0.0, ""fm2_windowed_pass_frac"": 1.0, ""fm3_static_frac"": 0.675095785440613, ""observed_duration_s"": 174.0, ""reproj_px_p50"": 20.31742337559784, ""reproj_shoulder_widths_p50"": 0.07008255960538322, ""round3_gallery_group"": ""flagged_fm4_mutual_silence"", ""unit_files"": 3.0, ""unit_flagged_frac"": 0.0, ""unit_hip_flexion_min"": 143.46274353714028, ""unit_knee_between_min"": 0.5544553922075566}",render
r4_074,recheck_pass_074_V00_S0234_I00000536_P0320_f0000487,V00_S0234_I00000536_P0320,improvised/train/0005/0014/V00_S0234_I00000536_P0320,improvised/train/0005/0003/V00_S0234_I00000536_P0150A,recheck_pass,recheck,improvised,487,V00,improvised,train,ipc_conversation,shown in Round 3 as flagged_fm4_mutual_silence; re-judged under the Round-4 detectors,"{""clip_anchored_on_fm2_violation"": false, ""flag_count"": 0, ""flags_fired"": """", ""fm1_hip_flexion_deg_p50"": 163.80862614183224, ""fm1_knee_between_torso_p50"": 0.594772649157304, ""fm1_leg_over_torso_p50"": 1.2933700836867503, ""fm1_reasons"": """", ""fm1_shin_verticality_p50"": 0.983869870196928, ""fm1_sitting_file"": false, ""fm1_sitting_participant"": false, ""fm1_unit"": ""0320@0234"", ""fm1_unit_basis"": ""none"", ""fm2_in_frame_and_valid_frac"": 1.0, ""fm2_pass_frac_round3_joints_only"": 1.0, ""fm2_smplh_valid_frac"": 1.0, ""fm2_surface_correction_px_p50"": 41.24218200087489, ""fm2_vertex_worst_inset_min_px"": 38.631872646582224, ""fm2_violation_run_max_frames"": 0.0, ""fm2_violation_runs"": 0.0, ""fm2_windowed_pass_frac"": 1.0, ""fm3_static_frac"": 0.1429553264604811, ""observed_duration_s"": 194.0, ""reproj_px_p50"": 16.16614795017501, ""reproj_shoulder_widths_p50"": 0.052646909746624934, ""round3_gallery_group"": ""flagged_fm4_mutual_silence"", ""unit_files"": 3.0, ""unit_flagged_frac"": 0.0, ""unit_hip_flexion_min"": 158.09899825410542, ""unit_knee_between_min"": 0.5787129868733942}",render
r4_078,recheck_pass_078_V00_S1751_I00001167_P0230A_f0000320,V00_S1751_I00001167_P0230A,improvised/train/0043/0017/V00_S1751_I00001167_P0230A,improvised/train/0043/0027/V00_S1751_I00001167_P1115A,recheck_pass,recheck,improvised,320,V00,improvised,train,ipc_conversation,shown in Round 3 as pass_improvised; re-judged under the Round-4 detectors,"{""clip_anchored_on_fm2_violation"": false, ""flag_count"": 0, ""flags_fired"": """", ""fm1_hip_flexion_deg_p50"": 165.9199545889733, ""fm1_knee_between_torso_p50"": 0.5800851345346719, ""fm1_leg_over_torso_p50"": 1.294907983908283, ""fm1_reasons"": """", ""fm1_shin_verticality_p50"": 0.9986178274746422, ""fm1_sitting_file"": false, ""fm1_sitting_participant"": false, ""fm1_unit"": ""0230A@1751"", ""fm1_unit_basis"": ""none"", ""fm2_in_frame_and_valid_frac"": 1.0, ""fm2_pass_frac_round3_joints_only"": 1.0, ""fm2_smplh_valid_frac"": 1.0, ""fm2_surface_correction_px_p50"": 30.39856143580687, ""fm2_vertex_worst_inset_min_px"": 45.25667526328152, ""fm2_violation_run_max_frames"": 0.0, ""fm2_violation_runs"": 0.0, ""fm2_windowed_pass_frac"": 1.0, ""fm3_static_frac"": 0.05058823529411765, ""observed_duration_s"": 170.0, ""reproj_px_p50"": 27.15205712230617, ""reproj_shoulder_widths_p50"": 0.09806033522251298, ""round3_gallery_group"": ""pass_improvised"", ""unit_files"": 1.0, ""unit_flagged_frac"": 0.0, ""unit_hip_flexion_min"": 165.9199545889733, ""unit_knee_between_min"": 0.5800851345346719}",render
r4_081,recheck_pass_081_V00_S0350_I00000477_P0470_f0001561,V00_S0350_I00000477_P0470,naturalistic/test/0000/0012/V00_S0350_I00000477_P0470,naturalistic/test/0000/0027/V00_S0350_I00000477_P0469,recheck_pass,recheck,naturalistic,1561,V00,naturalistic,test,ipc_conversation,shown in Round 3 as flagged_fm4_mutual_silence; re-judged under the Round-4 detectors,"{""clip_anchored_on_fm2_violation"": false, ""flag_count"": 0, ""flags_fired"": """", ""fm1_hip_flexion_deg_p50"": 145.0822454793706, ""fm1_knee_between_torso_p50"": 0.5840860900092866, ""fm1_leg_over_torso_p50"": 1.0604844573305967, ""fm1_reasons"": """", ""fm1_shin_verticality_p50"": 0.9994801102175281, ""fm1_sitting_file"": false, ""fm1_sitting_participant"": false, ""fm1_unit"": ""0470@0350"", ""fm1_unit_basis"": ""none"", ""fm2_in_frame_and_valid_frac"": 1.0, ""fm2_pass_frac_round3_joints_only"": 1.0, ""fm2_smplh_valid_frac"": 1.0, ""fm2_surface_correction_px_p50"": 45.09515303765522, ""fm2_vertex_worst_inset_min_px"": 83.06448638971142, ""fm2_violation_run_max_frames"": 0.0, ""fm2_violation_runs"": 0.0, ""fm2_windowed_pass_frac"": 1.0, ""fm3_static_frac"": 0.546124031007752, ""observed_duration_s"": 86.0, ""reproj_px_p50"": 38.594834075935566, ""reproj_shoulder_widths_p50"": 0.111651410170412, ""round3_gallery_group"": ""flagged_fm4_mutual_silence"", ""unit_files"": 5.0, ""unit_flagged_frac"": 0.0, ""unit_hip_flexion_min"": 145.0822454793706, ""unit_knee_between_min"": 0.5621139912681216}",render
r4_083,recheck_pass_083_V00_S0628_I00000477_P0783_f0000749,V00_S0628_I00000477_P0783,naturalistic/train/0018/0007/V00_S0628_I00000477_P0783,naturalistic/train/0018/0044/V00_S0628_I00000477_P0784,recheck_pass,recheck,naturalistic,749,V00,naturalistic,train,ipc_conversation,shown in Round 3 as pass_naturalistic; re-judged under the Round-4 detectors,"{""clip_anchored_on_fm2_violation"": false, ""flag_count"": 0, ""flags_fired"": """", ""fm1_hip_flexion_deg_p50"": 152.909650509007, ""fm1_knee_between_torso_p50"": 0.5507962952740695, ""fm1_leg_over_torso_p50"": 1.2677165858327406, ""fm1_reasons"": """", ""fm1_shin_verticality_p50"": 0.9996144200106213, ""fm1_sitting_file"": false, ""fm1_sitting_participant"": false, ""fm1_unit"": ""0783@0628"", ""fm1_unit_basis"": ""none"", ""fm2_in_frame_and_valid_frac"": 1.0, ""fm2_pass_frac_round3_joints_only"": 1.0, ""fm2_smplh_valid_frac"": 1.0, ""fm2_surface_correction_px_p50"": 36.57840121305708, ""fm2_vertex_worst_inset_min_px"": 44.29792905222803, ""fm2_violation_run_max_frames"": 0.0, ""fm2_violation_runs"": 0.0, ""fm2_windowed_pass_frac"": 1.0, ""fm3_static_frac"": 0.04173228346456693, ""observed_duration_s"": 254.0, ""reproj_px_p50"": 25.96882717236308, ""reproj_shoulder_widths_p50"": 0.07436131287101388, ""round3_gallery_group"": ""pass_naturalistic"", ""unit_files"": 3.0, ""unit_flagged_frac"": 0.0, ""unit_hip_flexion_min"": 152.909650509007, ""unit_knee_between_min"": 0.5507962952740695}",render
r4_085,recheck_pass_085_V00_S0530_I00000375_P0210_f0002830,V00_S0530_I00000375_P0210,naturalistic/train/0014/0015/V00_S0530_I00000375_P0210,naturalistic/train/0014/0022/V00_S0530_I00000375_P0677,recheck_pass,recheck,naturalistic,2830,V00,naturalistic,train,ipc_conversation,shown in Round 3 as flagged_fm2_framing; re-judged under the Round-4 detectors,"{""clip_anchored_on_fm2_violation"": false, ""flag_count"": 0, ""flags_fired"": """", ""fm1_hip_flexion_deg_p50"": 153.8159731111793, ""fm1_knee_between_torso_p50"": 0.532592688673005, ""fm1_leg_over_torso_p50"": 1.3363199830523573, ""fm1_reasons"": """", ""fm1_shin_verticality_p50"": 0.9997418362803396, ""fm1_sitting_file"": false, ""fm1_sitting_participant"": false, ""fm1_unit"": ""0210@0530"", ""fm1_unit_basis"": ""none"", ""fm2_in_frame_and_valid_frac"": 0.9985074626865672, ""fm2_pass_frac_round3_joints_only"": 0.9992537313432835, ""fm2_smplh_valid_frac"": 1.0, ""fm2_surface_correction_px_p50"": 29.82326400453894, ""fm2_vertex_worst_inset_min_px"": -47.775111579361806, ""fm2_violation_run_max_frames"": 6.0, ""fm2_violation_runs"": 7.0, ""fm2_windowed_pass_frac"": 0.9230769230769231, ""fm3_static_frac"": 0.5992537313432836, ""observed_duration_s"": 402.0, ""reproj_px_p50"": 38.07329407271367, ""reproj_shoulder_widths_p50"": 0.11567318631850862, ""round3_gallery_group"": ""flagged_fm2_framing"", ""unit_files"": 2.0, ""unit_flagged_frac"": 0.0, ""unit_hip_flexion_min"": 153.51438158796128, ""unit_knee_between_min"": 0.5299121879250179}",render
r4_086,recheck_pass_086_V00_S0598_I00000480_P0641_f0000261,V00_S0598_I00000480_P0641,naturalistic/train/0017/0021/V00_S0598_I00000480_P0641,naturalistic/train/0017/0002/V00_S0598_I00000480_P0047,recheck_pass,recheck,naturalistic,261,V00,naturalistic,train,ipc_conversation,shown in Round 3 as pass_naturalistic; re-judged under the Round-4 detectors,"{""clip_anchored_on_fm2_violation"": false, ""flag_count"": 0, ""flags_fired"": """", ""fm1_hip_flexion_deg_p50"": 151.51267254352067, ""fm1_knee_between_torso_p50"": 0.532487797775383, ""fm1_leg_over_torso_p50"": 1.4452133364418287, ""fm1_reasons"": """", ""fm1_shin_verticality_p50"": 0.9814905835328374, ""fm1_sitting_file"": false, ""fm1_sitting_participant"": false, ""fm1_unit"": ""0641@0598"", ""fm1_unit_basis"": ""none"", ""fm2_in_frame_and_valid_frac"": 0.9978395061728395, ""fm2_pass_frac_round3_joints_only"": 1.0, ""fm2_smplh_valid_frac"": 1.0, ""fm2_surface_correction_px_p50"": 34.66237671802344, ""fm2_vertex_worst_inset_min_px"": -11.290864841397024, ""fm2_violation_run_max_frames"": 1.0, ""fm2_violation_runs"": 7.0, ""fm2_windowed_pass_frac"": 1.0, ""fm3_static_frac"": 0.3506172839506173, ""observed_duration_s"": 108.0, ""reproj_px_p50"": 34.5713848633087, ""reproj_shoulder_widths_p50"": 0.09615993046284864, ""round3_gallery_group"": ""pass_naturalistic"", ""unit_files"": 3.0, ""unit_flagged_frac"": 0.0, ""unit_hip_flexion_min"": 151.02986924396137, ""unit_knee_between_min"": 0.5168203537932101}",render
r4_087,recheck_pass_087_V00_S2089_I00001167_P1281A_f0001272,V00_S2089_I00001167_P1281A,improvised/dev/0000/0017/V00_S2089_I00001167_P1281A,improvised/dev/0000/0039/V00_S2089_I00001167_P1346A,recheck_pass,recheck,improvised,1272,V00,improvised,dev,ipc_conversation,shown in Round 3 as pass_improvised; re-judged under the Round-4 detectors,"{""clip_anchored_on_fm2_violation"": false, ""flag_count"": 0, ""flags_fired"": """", ""fm1_hip_flexion_deg_p50"": 129.29547654225252, ""fm1_knee_between_torso_p50"": 0.49135359928229283, ""fm1_leg_over_torso_p50"": 1.1469459924940508, ""fm1_reasons"": """", ""fm1_shin_verticality_p50"": 0.9980525949112048, ""fm1_sitting_file"": false, ""fm1_sitting_participant"": false, ""fm1_unit"": ""1281A@2089"", ""fm1_unit_basis"": ""none"", ""fm2_in_frame_and_valid_frac"": 1.0, ""fm2_pass_frac_round3_joints_only"": 1.0, ""fm2_smplh_valid_frac"": 1.0, ""fm2_surface_correction_px_p50"": 42.65428818786472, ""fm2_vertex_worst_inset_min_px"": 63.398320549124264, ""fm2_violation_run_max_frames"": 0.0, ""fm2_violation_runs"": 0.0, ""fm2_windowed_pass_frac"": 1.0, ""fm3_static_frac"": 0.06691176470588235, ""observed_duration_s"": 136.0, ""reproj_px_p50"": 16.231746204484892, ""reproj_shoulder_widths_p50"": 0.04525952304249739, ""round3_gallery_group"": ""pass_improvised"", ""unit_files"": 1.0, ""unit_flagged_frac"": 0.0, ""unit_hip_flexion_min"": 129.29547654225252, ""unit_knee_between_min"": 0.49135359928229283}",render
r4_088,recheck_pass_088_V00_S0164_I00000377_P0027A_f0003127,V00_S0164_I00000377_P0027A,improvised/train/0003/0034/V00_S0164_I00000377_P0027A,improvised/train/0003/0020/V00_S0164_I00000377_P0234,recheck_pass,recheck,improvised,3127,V00,improvised,train,ipc_conversation,shown in Round 3 as flagged_fm4_mutual_silence; re-judged under the Round-4 detectors,"{""clip_anchored_on_fm2_violation"": false, ""flag_count"": 0, ""flags_fired"": """", ""fm1_hip_flexion_deg_p50"": 143.78173833368777, ""fm1_knee_between_torso_p50"": 0.5043565055815016, ""fm1_leg_over_torso_p50"": 1.4336409784351924, ""fm1_reasons"": """", ""fm1_shin_verticality_p50"": 0.9942070445503987, ""fm1_sitting_file"": false, ""fm1_sitting_participant"": false, ""fm1_unit"": ""0027A@0164"", ""fm1_unit_basis"": ""none"", ""fm2_in_frame_and_valid_frac"": 1.0, ""fm2_pass_frac_round3_joints_only"": 1.0, ""fm2_smplh_valid_frac"": 1.0, ""fm2_surface_correction_px_p50"": 38.33882221099293, ""fm2_vertex_worst_inset_min_px"": 174.33476503399652, ""fm2_violation_run_max_frames"": 0.0, ""fm2_violation_runs"": 0.0, ""fm2_windowed_pass_frac"": 1.0, ""fm3_static_frac"": 0.1350210970464135, ""observed_duration_s"": 158.0, ""reproj_px_p50"": 16.963853640555307, ""reproj_shoulder_widths_p50"": 0.056709553594703296, ""round3_gallery_group"": ""flagged_fm4_mutual_silence"", ""unit_files"": 1.0, ""unit_flagged_frac"": 0.0, ""unit_hip_flexion_min"": 143.78173833368777, ""unit_knee_between_min"": 0.5043565055815016}",render
r4_089,recheck_pass_089_V00_S0310_I00000135_P0417_f0001551,V00_S0310_I00000135_P0417,naturalistic/train/0007/0025/V00_S0310_I00000135_P0417,naturalistic/train/0007/0002/V00_S0310_I00000135_P0042,recheck_pass,recheck,naturalistic,1551,V00,naturalistic,train,collaborative_storytelling,shown in Round 3 as flagged_fm4_mutual_silence; re-judged under the Round-4 detectors,"{""clip_anchored_on_fm2_violation"": false, ""flag_count"": 0, ""flags_fired"": """", ""fm1_hip_flexion_deg_p50"": 151.5842682182531, ""fm1_knee_between_torso_p50"": 0.6209630834541788, ""fm1_leg_over_torso_p50"": 1.0361315306421945, ""fm1_reasons"": """", ""fm1_shin_verticality_p50"": 0.9991330630859093, ""fm1_sitting_file"": false, ""fm1_sitting_participant"": false, ""fm1_unit"": ""0417@0310"", ""fm1_unit_basis"": ""none"", ""fm2_in_frame_and_valid_frac"": 0.8239035087719299, ""fm2_pass_frac_round3_joints_only"": 1.0, ""fm2_smplh_valid_frac"": 1.0, ""fm2_surface_correction_px_p50"": 41.33743939037197, ""fm2_vertex_worst_inset_min_px"": -29.49176309095901, ""fm2_violation_run_max_frames"": 431.0, ""fm2_violation_runs"": 27.0, ""fm2_windowed_pass_frac"": 1.0, ""fm3_static_frac"": 0.11513157894736842, ""observed_duration_s"": 152.0, ""reproj_px_p50"": 42.96604750768205, ""reproj_shoulder_widths_p50"": 0.11803890073948711, ""round3_gallery_group"": ""flagged_fm4_mutual_silence"", ""unit_files"": 4.0, ""unit_flagged_frac"": 0.0, ""unit_hip_flexion_min"": 145.08962894053383, ""unit_knee_between_min"": 0.5456779592561491}",render
r4_090,recheck_pass_090_V00_S0427_I00000478_P0210_f0000690,V00_S0427_I00000478_P0210,naturalistic/train/0011/0037/V00_S0427_I00000478_P0210,naturalistic/train/0011/0025/V00_S0427_I00000478_P0560,recheck_pass,recheck,naturalistic,690,V00,naturalistic,train,ipc_conversation,shown in Round 3 as pass_naturalistic; re-judged under the Round-4 detectors,"{""clip_anchored_on_fm2_violation"": false, ""flag_count"": 0, ""flags_fired"": """", ""fm1_hip_flexion_deg_p50"": 156.79827255008854, ""fm1_knee_between_torso_p50"": 0.5651598804866439, ""fm1_leg_over_torso_p50"": 1.252332736909627, ""fm1_reasons"": """", ""fm1_shin_verticality_p50"": 0.9914543214980939, ""fm1_sitting_file"": false, ""fm1_sitting_participant"": false, ""fm1_unit"": ""0210@0427"", ""fm1_unit_basis"": ""none"", ""fm2_in_frame_and_valid_frac"": 0.6807511737089202, ""fm2_pass_frac_round3_joints_only"": 1.0, ""fm2_smplh_valid_frac"": 1.0, ""fm2_surface_correction_px_p50"": 36.599583668347464, ""fm2_vertex_worst_inset_min_px"": -14.457398757033161, ""fm2_violation_run_max_frames"": 45.0, ""fm2_violation_runs"": 382.0, ""fm2_windowed_pass_frac"": 1.0, ""fm3_static_frac"": 0.67981220657277, ""observed_duration_s"": 142.0, ""reproj_px_p50"": 51.80569239534694, ""reproj_shoulder_widths_p50"": 0.14167764229256574, ""round3_gallery_group"": ""pass_naturalistic"", ""unit_files"": 4.0, ""unit_flagged_frac"": 0.0, ""unit_hip_flexion_min"": 149.94419273927716, ""unit_knee_between_min"": 0.5446235676427659}",render
r4_092,recheck_pass_092_V00_S1953_I00001098_P0196A_f0004163,V00_S1953_I00001098_P0196A,improvised/train/0047/0015/V00_S1953_I00001098_P0196A,improvised/train/0047/0033/V00_S1953_I00001098_P1151A,recheck_pass,recheck,improvised,4163,V00,improvised,train,ipc_conversation,shown in Round 3 as pass_improvised; re-judged under the Round-4 detectors,"{""clip_anchored_on_fm2_violation"": false, ""flag_count"": 0, ""flags_fired"": """", ""fm1_hip_flexion_deg_p50"": 128.32014930590577, ""fm1_knee_between_torso_p50"": 0.5634931005779436, ""fm1_leg_over_torso_p50"": 0.9553403406039249, ""fm1_reasons"": """", ""fm1_shin_verticality_p50"": 0.9994060012290674, ""fm1_sitting_file"": false, ""fm1_sitting_participant"": false, ""fm1_unit"": ""0196A@1953"", ""fm1_unit_basis"": ""none"", ""fm2_in_frame_and_valid_frac"": 1.0, ""fm2_pass_frac_round3_joints_only"": 1.0, ""fm2_smplh_valid_frac"": 1.0, ""fm2_surface_correction_px_p50"": 94.72796388989457, ""fm2_vertex_worst_inset_min_px"": 93.47677937347373, ""fm2_violation_run_max_frames"": 0.0, ""fm2_violation_runs"": 0.0, ""fm2_windowed_pass_frac"": 1.0, ""fm3_static_frac"": 0.6119205298013245, ""observed_duration_s"": 302.0, ""reproj_px_p50"": 17.434636278078145, ""reproj_shoulder_widths_p50"": 0.051916789915901124, ""round3_gallery_group"": ""pass_improvised"", ""unit_files"": 1.0, ""unit_flagged_frac"": 0.0, ""unit_hip_flexion_min"": 128.32014930590577, ""unit_knee_between_min"": 0.5634931005779436}",render
r4_093,recheck_pass_093_V00_S1551_I00001094_P0921A_f0006015,V00_S1551_I00001094_P0921A,improvised/train/0037/0060/V00_S1551_I00001094_P0921A,improvised/train/0037/0044/V00_S1551_I00001094_P0799A,recheck_pass,recheck,improvised,6015,V00,improvised,train,ipc_conversation,shown in Round 3 as pass_improvised; re-judged under the Round-4 detectors,"{""clip_anchored_on_fm2_violation"": false, ""flag_count"": 0, ""flags_fired"": """", ""fm1_hip_flexion_deg_p50"": 135.6717211027796, ""fm1_knee_between_torso_p50"": 0.4858889070294536, ""fm1_leg_over_torso_p50"": 1.3513951944944982, ""fm1_reasons"": """", ""fm1_shin_verticality_p50"": 0.9996349693433519, ""fm1_sitting_file"": false, ""fm1_sitting_participant"": false, ""fm1_unit"": ""0921A@1551"", ""fm1_unit_basis"": ""none"", ""fm2_in_frame_and_valid_frac"": 1.0, ""fm2_pass_frac_round3_joints_only"": 1.0, ""fm2_smplh_valid_frac"": 1.0, ""fm2_surface_correction_px_p50"": 27.312767488990403, ""fm2_vertex_worst_inset_min_px"": 88.52525379256963, ""fm2_violation_run_max_frames"": 0.0, ""fm2_violation_runs"": 0.0, ""fm2_windowed_pass_frac"": 1.0, ""fm3_static_frac"": 0.06434343434343434, ""observed_duration_s"": 330.0, ""reproj_px_p50"": 25.310177927555355, ""reproj_shoulder_widths_p50"": 0.08797680159975017, ""round3_gallery_group"": ""pass_improvised"", ""unit_files"": 1.0, ""unit_flagged_frac"": 0.0, ""unit_hip_flexion_min"": 135.6717211027796, ""unit_knee_between_min"": 0.4858889070294536}",render
r4_095,recheck_pass_095_V00_S0310_I00000374_P0417_f0002798,V00_S0310_I00000374_P0417,naturalistic/train/0007/0034/V00_S0310_I00000374_P0417,naturalistic/train/0007/0023/V00_S0310_I00000374_P0042,recheck_pass,recheck,naturalistic,2798,V00,naturalistic,train,ipc_conversation,shown in Round 3 as flagged_fm4_mutual_silence; re-judged under the Round-4 detectors,"{""clip_anchored_on_fm2_violation"": false, ""flag_count"": 0, ""flags_fired"": """", ""fm1_hip_flexion_deg_p50"": 148.70254503328664, ""fm1_knee_between_torso_p50"": 0.6329116516434317, ""fm1_leg_over_torso_p50"": 1.002086361472875, ""fm1_reasons"": """", ""fm1_shin_verticality_p50"": 0.9962405732028216, ""fm1_sitting_file"": false, ""fm1_sitting_participant"": false, ""fm1_unit"": ""0417@0310"", ""fm1_unit_basis"": ""none"", ""fm2_in_frame_and_valid_frac"": 0.9994252873563219, ""fm2_pass_frac_round3_joints_only"": 1.0, ""fm2_smplh_valid_frac"": 1.0, ""fm2_surface_correction_px_p50"": 42.0565560530971, ""fm2_vertex_worst_inset_min_px"": -3.03213546865436, ""fm2_violation_run_max_frames"": 1.0, ""fm2_violation_runs"": 3.0, ""fm2_windowed_pass_frac"": 1.0, ""fm3_static_frac"": 0.1735632183908046, ""observed_duration_s"": 174.0, ""reproj_px_p50"": 44.722865136011954, ""reproj_shoulder_widths_p50"": 0.12116166771086889, ""round3_gallery_group"": ""flagged_fm4_mutual_silence"", ""unit_files"": 4.0, ""unit_flagged_frac"": 0.0, ""unit_hip_flexion_min"": 145.08962894053383, ""unit_knee_between_min"": 0.5456779592561491}",render
r4_096,recheck_pass_096_V00_S0331_I00000477_P0447_f0000900,V00_S0331_I00000477_P0447,naturalistic/train/0008/0005/V00_S0331_I00000477_P0447,naturalistic/train/0008/0026/V00_S0331_I00000477_P0193,recheck_pass,recheck,naturalistic,900,V00,naturalistic,train,ipc_conversation,shown in Round 3 as flagged_fm4_mutual_silence; re-judged under the Round-4 detectors,"{""clip_anchored_on_fm2_violation"": false, ""flag_count"": 0, ""flags_fired"": """", ""fm1_hip_flexion_deg_p50"": 150.30271652268834, ""fm1_knee_between_torso_p50"": 0.5502642185011877, ""fm1_leg_over_torso_p50"": 1.2413941548729093, ""fm1_reasons"": """", ""fm1_shin_verticality_p50"": 0.9996144246402601, ""fm1_sitting_file"": false, ""fm1_sitting_participant"": false, ""fm1_unit"": ""0447@0331"", ""fm1_unit_basis"": ""none"", ""fm2_in_frame_and_valid_frac"": 0.9983606557377049, ""fm2_pass_frac_round3_joints_only"": 1.0, ""fm2_smplh_valid_frac"": 1.0, ""fm2_surface_correction_px_p50"": 38.56210560303259, ""fm2_vertex_worst_inset_min_px"": 0.8315253337839295, ""fm2_violation_run_max_frames"": 4.0, ""fm2_violation_runs"": 2.0, ""fm2_windowed_pass_frac"": 1.0, ""fm3_static_frac"": 0.6177595628415301, ""observed_duration_s"": 122.0, ""reproj_px_p50"": 47.29477538784809, ""reproj_shoulder_widths_p50"": 0.12983301518739465, ""round3_gallery_group"": ""flagged_fm4_mutual_silence"", ""unit_files"": 2.0, ""unit_flagged_frac"": 0.0, ""unit_hip_flexion_min"": 150.30271652268834, ""unit_knee_between_min"": 0.5502642185011877}",render
r4_097,recheck_pass_097_V00_S0581_I00000135_P0732_f0002517,V00_S0581_I00000135_P0732,naturalistic/train/0016/0037/V00_S0581_I00000135_P0732,naturalistic/train/0016/0001/V00_S0581_I00000135_P0731,recheck_pass,recheck,naturalistic,2517,V00,naturalistic,train,collaborative_storytelling,shown in Round 3 as flagged_fm1_sitting; re-judged under the Round-4 detectors,"{""clip_anchored_on_fm2_violation"": false, ""flag_count"": 0, ""flags_fired"": """", ""fm1_hip_flexion_deg_p50"": 141.58303656351015, ""fm1_knee_between_torso_p50"": 0.613338458904909, ""fm1_leg_over_torso_p50"": 0.8397588338581821, ""fm1_reasons"": """", ""fm1_shin_verticality_p50"": 0.9992009552934455, ""fm1_sitting_file"": false, ""fm1_sitting_participant"": false, ""fm1_unit"": ""0732@0581"", ""fm1_unit_basis"": ""none"", ""fm2_in_frame_and_valid_frac"": 1.0, ""fm2_pass_frac_round3_joints_only"": 1.0, ""fm2_smplh_valid_frac"": 1.0, ""fm2_surface_correction_px_p50"": 53.234803280300184, ""fm2_vertex_worst_inset_min_px"": 1.9814154092857734, ""fm2_violation_run_max_frames"": 0.0, ""fm2_violation_runs"": 0.0, ""fm2_windowed_pass_frac"": 1.0, ""fm3_static_frac"": 0.635593220338983, ""observed_duration_s"": 118.0, ""reproj_px_p50"": 53.9319570520433, ""reproj_shoulder_widths_p50"": 0.13674232248379492, ""round3_gallery_group"": ""flagged_fm1_sitting"", ""unit_files"": 3.0, ""unit_flagged_frac"": 0.0, ""unit_hip_flexion_min"": 141.58303656351015, ""unit_knee_between_min"": 0.613338458904909}",render
r4_099,recheck_pass_099_V00_S0880_I00000487_P0967_f0002690,V00_S0880_I00000487_P0967,naturalistic/train/0023/0020/V00_S0880_I00000487_P0967,naturalistic/train/0023/0019/V00_S0880_I00000487_P0658A,recheck_pass,recheck,naturalistic,2690,V00,naturalistic,train,ipc_conversation,shown in Round 3 as flagged_fm2_framing; re-judged under the Round-4 detectors,"{""clip_anchored_on_fm2_violation"": false, ""flag_count"": 0, ""flags_fired"": """", ""fm1_hip_flexion_deg_p50"": 158.24145876855866, ""fm1_knee_between_torso_p50"": 0.5576044950068321, ""fm1_leg_over_torso_p50"": 1.2599908698285907, ""fm1_reasons"": """", ""fm1_shin_verticality_p50"": 0.99875233363487, ""fm1_sitting_file"": false, ""fm1_sitting_participant"": false, ""fm1_unit"": ""0967@0880"", ""fm1_unit_basis"": ""none"", ""fm2_in_frame_and_valid_frac"": 0.9969806763285024, ""fm2_pass_frac_round3_joints_only"": 0.9984299516908213, ""fm2_smplh_valid_frac"": 1.0, ""fm2_surface_correction_px_p50"": 31.583728330822282, ""fm2_vertex_worst_inset_min_px"": -34.36898215361862, ""fm2_violation_run_max_frames"": 7.0, ""fm2_violation_runs"": 10.0, ""fm2_windowed_pass_frac"": 0.8888888888888888, ""fm3_static_frac"": 0.3033816425120773, ""observed_duration_s"": 276.0, ""reproj_px_p50"": 12.02037440738604, ""reproj_shoulder_widths_p50"": 0.03954015906737299, ""round3_gallery_group"": ""flagged_fm2_framing"", ""unit_files"": 4.0, ""unit_flagged_frac"": 0.0, ""unit_hip_flexion_min"": 151.68930689620692, ""unit_knee_between_min"": 0.557351124445991}",render
r4_100,recheck_pass_100_V00_S0981_I00000527_P0845A_f0003597,V00_S0981_I00000527_P0845A,improvised/train/0020/0031/V00_S0981_I00000527_P0845A,improvised/train/0020/0034/V00_S0981_I00000527_P1049,recheck_pass,recheck,improvised,3597,V00,improvised,train,grounded_gesture,shown in Round 3 as flagged_fm4_mutual_silence; re-judged under the Round-4 detectors,"{""clip_anchored_on_fm2_violation"": false, ""flag_count"": 0, ""flags_fired"": """", ""fm1_hip_flexion_deg_p50"": 161.74342145944115, ""fm1_knee_between_torso_p50"": 0.574011341410737, ""fm1_leg_over_torso_p50"": 1.278622315970667, ""fm1_reasons"": """", ""fm1_shin_verticality_p50"": 0.9996349691030348, ""fm1_sitting_file"": false, ""fm1_sitting_participant"": false, ""fm1_unit"": ""0845A@0981"", ""fm1_unit_basis"": ""none"", ""fm2_in_frame_and_valid_frac"": 1.0, ""fm2_pass_frac_round3_joints_only"": 1.0, ""fm2_smplh_valid_frac"": 1.0, ""fm2_surface_correction_px_p50"": 37.14236238103865, ""fm2_vertex_worst_inset_min_px"": 53.30904269754711, ""fm2_violation_run_max_frames"": 0.0, ""fm2_violation_runs"": 0.0, ""fm2_windowed_pass_frac"": 1.0, ""fm3_static_frac"": 0.5606060606060606, ""observed_duration_s"": 176.0, ""reproj_px_p50"": 23.678902170585573, ""reproj_shoulder_widths_p50"": 0.07990553849850718, ""round3_gallery_group"": ""flagged_fm4_mutual_silence"", ""unit_files"": 2.0, ""unit_flagged_frac"": 0.0, ""unit_hip_flexion_min"": 161.74342145944115, ""unit_knee_between_min"": 0.574011341410737}",render
r4_101,recheck_pass_101_V00_S1463_I00000421_P0556_f0002487,V00_S1463_I00000421_P0556,naturalistic/train/0027/0043/V00_S1463_I00000421_P0556,naturalistic/train/0027/0047/V00_S1463_I00000421_P0758,recheck_pass,recheck,naturalistic,2487,V00,naturalistic,train,ipc_conversation,shown in Round 3 as pass_naturalistic; re-judged under the Round-4 detectors,"{""clip_anchored_on_fm2_violation"": false, ""flag_count"": 0, ""flags_fired"": """", ""fm1_hip_flexion_deg_p50"": 156.89755082278015, ""fm1_knee_between_torso_p50"": 0.5562985453928835, ""fm1_leg_over_torso_p50"": 1.3566260095155271, ""fm1_reasons"": """", ""fm1_shin_verticality_p50"": 0.9963466778350685, ""fm1_sitting_file"": false, ""fm1_sitting_participant"": false, ""fm1_unit"": ""0556@1463"", ""fm1_unit_basis"": ""none"", ""fm2_in_frame_and_valid_frac"": 1.0, ""fm2_pass_frac_round3_joints_only"": 1.0, ""fm2_smplh_valid_frac"": 1.0, ""fm2_surface_correction_px_p50"": 30.367595575124597, ""fm2_vertex_worst_inset_min_px"": 75.4269318010248, ""fm2_violation_run_max_frames"": 0.0, ""fm2_violation_runs"": 0.0, ""fm2_windowed_pass_frac"": 1.0, ""fm3_static_frac"": 0.7233739837398374, ""observed_duration_s"": 164.0, ""reproj_px_p50"": 27.692122552147445, ""reproj_shoulder_widths_p50"": 0.09698809829225313, ""round3_gallery_group"": ""pass_naturalistic"", ""unit_files"": 1.0, ""unit_flagged_frac"": 0.0, ""unit_hip_flexion_min"": 156.89755082278015, ""unit_knee_between_min"": 0.5562985453928835}",render
r4_103,recheck_pass_103_V00_S0166_I00000537_P0004A_f0003132,V00_S0166_I00000537_P0004A,improvised/train/0003/0000/V00_S0166_I00000537_P0004A,improvised/train/0003/0011/V00_S0166_I00000537_P0011,recheck_pass,recheck,improvised,3132,V00,improvised,train,ipc_conversation,shown in Round 3 as pass_improvised; re-judged under the Round-4 detectors,"{""clip_anchored_on_fm2_violation"": false, ""flag_count"": 0, ""flags_fired"": """", ""fm1_hip_flexion_deg_p50"": 143.61881937514107, ""fm1_knee_between_torso_p50"": 0.5149876638836727, ""fm1_leg_over_torso_p50"": 1.4036864657724513, ""fm1_reasons"": """", ""fm1_shin_verticality_p50"": 0.9963466580487035, ""fm1_sitting_file"": false, ""fm1_sitting_participant"": false, ""fm1_unit"": ""0004A@0166"", ""fm1_unit_basis"": ""none"", ""fm2_in_frame_and_valid_frac"": 1.0, ""fm2_pass_frac_round3_joints_only"": 1.0, ""fm2_smplh_valid_frac"": 1.0, ""fm2_surface_correction_px_p50"": 39.18710496336075, ""fm2_vertex_worst_inset_min_px"": 60.24689938209394, ""fm2_violation_run_max_frames"": 0.0, ""fm2_violation_runs"": 0.0, ""fm2_windowed_pass_frac"": 1.0, ""fm3_static_frac"": 0.07444444444444444, ""observed_duration_s"": 150.0, ""reproj_px_p50"": 20.198355575034142, ""reproj_shoulder_widths_p50"": 0.06430436369091683, ""round3_gallery_group"": ""pass_improvised"", ""unit_files"": 2.0, ""unit_flagged_frac"": 0.0, ""unit_hip_flexion_min"": 143.61881937514107, ""unit_knee_between_min"": 0.5149876638836727}",render
r4_105,recheck_pass_105_V00_S1156_I00001175_P0042A_f0002482,V00_S1156_I00001175_P0042A,improvised/train/0025/0029/V00_S1156_I00001175_P0042A,improvised/train/0025/0022/V00_S1156_I00001175_P0004A,recheck_pass,recheck,improvised,2482,V00,improvised,train,ipc_conversation,shown in Round 3 as pass_improvised; re-judged under the Round-4 detectors,"{""clip_anchored_on_fm2_violation"": false, ""flag_count"": 0, ""flags_fired"": """", ""fm1_hip_flexion_deg_p50"": 158.22088785555968, ""fm1_knee_between_torso_p50"": 0.5510138225265697, ""fm1_leg_over_torso_p50"": 1.4977399024998301, ""fm1_reasons"": """", ""fm1_shin_verticality_p50"": 0.9967290526970471, ""fm1_sitting_file"": false, ""fm1_sitting_participant"": false, ""fm1_unit"": ""0042A@1156"", ""fm1_unit_basis"": ""none"", ""fm2_in_frame_and_valid_frac"": 1.0, ""fm2_pass_frac_round3_joints_only"": 1.0, ""fm2_smplh_valid_frac"": 1.0, ""fm2_surface_correction_px_p50"": 29.544989454088295, ""fm2_vertex_worst_inset_min_px"": 46.279057169756015, ""fm2_violation_run_max_frames"": 0.0, ""fm2_violation_runs"": 0.0, ""fm2_windowed_pass_frac"": 1.0, ""fm3_static_frac"": 0.02142857142857143, ""observed_duration_s"": 210.0, ""reproj_px_p50"": 13.21398712505239, ""reproj_shoulder_widths_p50"": 0.0486895688354462, ""round3_gallery_group"": ""pass_improvised"", ""unit_files"": 2.0, ""unit_flagged_frac"": 0.0, ""unit_hip_flexion_min"": 158.22088785555968, ""unit_knee_between_min"": 0.5510138225265697}",render
r4_107,recheck_pass_107_V00_S0091_I00000480_P0040A_f0002430,V00_S0091_I00000480_P0040A,improvised/train/0001/0015/V00_S0091_I00000480_P0040A,improvised/train/0001/0010/V00_S0091_I00000480_P0132,recheck_pass,recheck,improvised,2430,V00,improvised,train,ipc_conversation,shown in Round 3 as pass_improvised; re-judged under the Round-4 detectors,"{""clip_anchored_on_fm2_violation"": false, ""flag_count"": 0, ""flags_fired"": """", ""fm1_hip_flexion_deg_p50"": 150.2171925203738, ""fm1_knee_between_torso_p50"": 0.5706166772041419, ""fm1_leg_over_torso_p50"": 1.1587452881831892, ""fm1_reasons"": """", ""fm1_shin_verticality_p50"": 0.9982743701575792, ""fm1_sitting_file"": false, ""fm1_sitting_participant"": false, ""fm1_unit"": ""0040A@0091"", ""fm1_unit_basis"": ""none"", ""fm2_in_frame_and_valid_frac"": 0.9993333333333333, ""fm2_pass_frac_round3_joints_only"": 1.0, ""fm2_smplh_valid_frac"": 1.0, ""fm2_surface_correction_px_p50"": 45.31101940336475, ""fm2_vertex_worst_inset_min_px"": 3.8281513038848516, ""fm2_violation_run_max_frames"": 4.0, ""fm2_violation_runs"": 1.0, ""fm2_windowed_pass_frac"": 1.0, ""fm3_static_frac"": 0.7096666666666667, ""observed_duration_s"": 200.0, ""reproj_px_p50"": 16.69352853911722, ""reproj_shoulder_widths_p50"": 0.04633348126672712, ""round3_gallery_group"": ""pass_improvised"", ""unit_files"": 1.0, ""unit_flagged_frac"": 0.0, ""unit_hip_flexion_min"": 150.2171925203738, ""unit_knee_between_min"": 0.5706166772041419}",render
r4_108,recheck_pass_108_V00_S0285_I00000484_P0386_f0003246,V00_S0285_I00000484_P0386,naturalistic/train/0007/0013/V00_S0285_I00000484_P0386,naturalistic/train/0007/0015/V00_S0285_I00000484_P0387,recheck_pass,recheck,naturalistic,3246,V00,naturalistic,train,ipc_conversation,shown in Round 3 as flagged_multi; re-judged under the Round-4 detectors,"{""clip_anchored_on_fm2_violation"": false, ""flag_count"": 0, ""flags_fired"": """", ""fm1_hip_flexion_deg_p50"": 134.17260772245442, ""fm1_knee_between_torso_p50"": 0.5581875635617171, ""fm1_leg_over_torso_p50"": 1.127493136578722, ""fm1_reasons"": """", ""fm1_shin_verticality_p50"": 0.9982743716257492, ""fm1_sitting_file"": false, ""fm1_sitting_participant"": false, ""fm1_unit"": ""0386@0285"", ""fm1_unit_basis"": ""none"", ""fm2_in_frame_and_valid_frac"": 0.9966856060606061, ""fm2_pass_frac_round3_joints_only"": 0.9993371212121213, ""fm2_smplh_valid_frac"": 1.0, ""fm2_surface_correction_px_p50"": 48.64888583863808, ""fm2_vertex_worst_inset_min_px"": -28.971698133047084, ""fm2_violation_run_max_frames"": 8.0, ""fm2_violation_runs"": 24.0, ""fm2_windowed_pass_frac"": 0.9090909090909091, ""fm3_static_frac"": 0.4028409090909091, ""observed_duration_s"": 352.0, ""reproj_px_p50"": 22.011379259396914, ""reproj_shoulder_widths_p50"": 0.06306073953591342, ""round3_gallery_group"": ""flagged_multi"", ""unit_files"": 4.0, ""unit_flagged_frac"": 0.0, ""unit_hip_flexion_min"": 130.30472419267667, ""unit_knee_between_min"": 0.544112171473281}",render
r4_110,recheck_pass_110_V00_S1597_I00000723_P0040A_f0002159,V00_S1597_I00000723_P0040A,improvised/train/0038/0064/V00_S1597_I00000723_P0040A,improvised/train/0038/0034/V00_S1597_I00000723_P1149A,recheck_pass,recheck,improvised,2159,V00,improvised,train,ipc_conversation,shown in Round 3 as pass_improvised; re-judged under the Round-4 detectors,"{""clip_anchored_on_fm2_violation"": false, ""flag_count"": 0, ""flags_fired"": """", ""fm1_hip_flexion_deg_p50"": 144.34918949174408, ""fm1_knee_between_torso_p50"": 0.5434834204213945, ""fm1_leg_over_torso_p50"": 1.2012588764998031, ""fm1_reasons"": """", ""fm1_shin_verticality_p50"": 0.9996144225257051, ""fm1_sitting_file"": false, ""fm1_sitting_participant"": false, ""fm1_unit"": ""0040A@1597"", ""fm1_unit_basis"": ""none"", ""fm2_in_frame_and_valid_frac"": 0.9954268292682927, ""fm2_pass_frac_round3_joints_only"": 1.0, ""fm2_smplh_valid_frac"": 1.0, ""fm2_surface_correction_px_p50"": 37.51199452908145, ""fm2_vertex_worst_inset_min_px"": 4.243124134400205, ""fm2_violation_run_max_frames"": 16.0, ""fm2_violation_runs"": 5.0, ""fm2_windowed_pass_frac"": 1.0, ""fm3_static_frac"": 0.4503048780487805, ""observed_duration_s"": 328.0, ""reproj_px_p50"": 29.996313416451322, ""reproj_shoulder_widths_p50"": 0.09664190029872767, ""round3_gallery_group"": ""pass_improvised"", ""unit_files"": 3.0, ""unit_flagged_frac"": 0.0, ""unit_hip_flexion_min"": 144.34918949174408, ""unit_knee_between_min"": 0.5411558644934177}",render
r4_112,recheck_pass_112_V00_S0483_I00000135_P0250A_f0001092,V00_S0483_I00000135_P0250A,improvised/train/0010/0002/V00_S0483_I00000135_P0250A,improvised/train/0010/0015/V00_S0483_I00000135_P0070,recheck_pass,recheck,improvised,1092,V00,improvised,train,collaborative_storytelling,shown in Round 3 as pass_improvised; re-judged under the Round-4 detectors,"{""clip_anchored_on_fm2_violation"": false, ""flag_count"": 0, ""flags_fired"": """", ""fm1_hip_flexion_deg_p50"": 156.43651513818864, ""fm1_knee_between_torso_p50"": 0.5357940723376493, ""fm1_leg_over_torso_p50"": 1.4490553676168263, ""fm1_reasons"": """", ""fm1_shin_verticality_p50"": 0.9973336956799437, ""fm1_sitting_file"": false, ""fm1_sitting_participant"": false, ""fm1_unit"": ""0250A@0483"", ""fm1_unit_basis"": ""none"", ""fm2_in_frame_and_valid_frac"": 1.0, ""fm2_pass_frac_round3_joints_only"": 1.0, ""fm2_smplh_valid_frac"": 1.0, ""fm2_surface_correction_px_p50"": 36.822766276623156, ""fm2_vertex_worst_inset_min_px"": 130.87589193829535, ""fm2_violation_run_max_frames"": 0.0, ""fm2_violation_runs"": 0.0, ""fm2_windowed_pass_frac"": 1.0, ""fm3_static_frac"": 0.0, ""observed_duration_s"": 116.0, ""reproj_px_p50"": 18.194879578345216, ""reproj_shoulder_widths_p50"": 0.06245371314219435, ""round3_gallery_group"": ""pass_improvised"", ""unit_files"": 3.0, ""unit_flagged_frac"": 0.0, ""unit_hip_flexion_min"": 155.209297416446, ""unit_knee_between_min"": 0.5341414395575987}",render
r4_114,recheck_pass_114_V00_S1205_I00001200_P0397A_f0006384,V00_S1205_I00001200_P0397A,improvised/train/0027/0026/V00_S1205_I00001200_P0397A,improvised/train/0027/0008/V00_S1205_I00001200_P0210A,recheck_pass,recheck,improvised,6384,V00,improvised,train,ipc_conversation,shown in Round 3 as pass_improvised; re-judged under the Round-4 detectors,"{""clip_anchored_on_fm2_violation"": false, ""flag_count"": 0, ""flags_fired"": """", ""fm1_hip_flexion_deg_p50"": 134.27533585254525, ""fm1_knee_between_torso_p50"": 0.5621949338028794, ""fm1_leg_over_torso_p50"": 1.0810539870287788, ""fm1_reasons"": """", ""fm1_shin_verticality_p50"": 0.999512082667395, ""fm1_sitting_file"": false, ""fm1_sitting_participant"": false, ""fm1_unit"": ""0397A@1205"", ""fm1_unit_basis"": ""none"", ""fm2_in_frame_and_valid_frac"": 1.0, ""fm2_pass_frac_round3_joints_only"": 1.0, ""fm2_smplh_valid_frac"": 1.0, ""fm2_surface_correction_px_p50"": 34.47742534472829, ""fm2_vertex_worst_inset_min_px"": 98.17420941323746, ""fm2_violation_run_max_frames"": 0.0, ""fm2_violation_runs"": 0.0, ""fm2_windowed_pass_frac"": 1.0, ""fm3_static_frac"": 0.5422690763052209, ""observed_duration_s"": 332.0, ""reproj_px_p50"": 37.09413383562314, ""reproj_shoulder_widths_p50"": 0.11297204003728781, ""round3_gallery_group"": ""pass_improvised"", ""unit_files"": 1.0, ""unit_flagged_frac"": 0.0, ""unit_hip_flexion_min"": 134.27533585254525, ""unit_knee_between_min"": 0.5621949338028794}",render
r4_115,recheck_pass_115_V00_S1426_I00000401_P0460_f0003086,V00_S1426_I00000401_P0460,naturalistic/train/0027/0007/V00_S1426_I00000401_P0460,naturalistic/train/0027/0005/V00_S1426_I00000401_P1135,recheck_pass,recheck,naturalistic,3086,V00,naturalistic,train,ipc_conversation,shown in Round 3 as pass_naturalistic; re-judged under the Round-4 detectors,"{""clip_anchored_on_fm2_violation"": false, ""flag_count"": 0, ""flags_fired"": """", ""fm1_hip_flexion_deg_p50"": 127.78207101800427, ""fm1_knee_between_torso_p50"": 0.4769443409735685, ""fm1_leg_over_torso_p50"": 1.3275863997246768, ""fm1_reasons"": """", ""fm1_shin_verticality_p50"": 0.9997026866083643, ""fm1_sitting_file"": false, ""fm1_sitting_participant"": false, ""fm1_unit"": ""0460@1426"", ""fm1_unit_basis"": ""none"", ""fm2_in_frame_and_valid_frac"": 1.0, ""fm2_pass_frac_round3_joints_only"": 1.0, ""fm2_smplh_valid_frac"": 1.0, ""fm2_surface_correction_px_p50"": 87.98978765477807, ""fm2_vertex_worst_inset_min_px"": 51.78252154012779, ""fm2_violation_run_max_frames"": 0.0, ""fm2_violation_runs"": 0.0, ""fm2_windowed_pass_frac"": 1.0, ""fm3_static_frac"": 0.01634199134199134, ""observed_duration_s"": 308.0, ""reproj_px_p50"": 18.81186804123819, ""reproj_shoulder_widths_p50"": 0.05988787436754679, ""round3_gallery_group"": ""pass_naturalistic"", ""unit_files"": 2.0, ""unit_flagged_frac"": 0.0, ""unit_hip_flexion_min"": 121.16248749080404, ""unit_knee_between_min"": 0.4485453126170166}",render
r4_116,recheck_pass_116_V00_S1929_I00000216_P0409_f0002203,V00_S1929_I00000216_P0409,naturalistic/train/0031/0007/V00_S1929_I00000216_P0409,naturalistic/train/0031/0032/V00_S1929_I00000216_P0775,recheck_pass,recheck,naturalistic,2203,V00,naturalistic,train,ipc_conversation,shown in Round 3 as pass_naturalistic; re-judged under the Round-4 detectors,"{""clip_anchored_on_fm2_violation"": false, ""flag_count"": 0, ""flags_fired"": """", ""fm1_hip_flexion_deg_p50"": 115.79551853998274, ""fm1_knee_between_torso_p50"": 0.43681161067318813, ""fm1_leg_over_torso_p50"": 1.1010818912435005, ""fm1_reasons"": """", ""fm1_shin_verticality_p50"": 0.9979253348190084, ""fm1_sitting_file"": false, ""fm1_sitting_participant"": false, ""fm1_unit"": ""0409@1929"", ""fm1_unit_basis"": ""none"", ""fm2_in_frame_and_valid_frac"": 1.0, ""fm2_pass_frac_round3_joints_only"": 1.0, ""fm2_smplh_valid_frac"": 1.0, ""fm2_surface_correction_px_p50"": 31.59755074431189, ""fm2_vertex_worst_inset_min_px"": 3.9678645026317554, ""fm2_violation_run_max_frames"": 0.0, ""fm2_violation_runs"": 0.0, ""fm2_windowed_pass_frac"": 1.0, ""fm3_static_frac"": 0.5108108108108108, ""observed_duration_s"": 148.0, ""reproj_px_p50"": 20.330439663697426, ""reproj_shoulder_widths_p50"": 0.06655545208358574, ""round3_gallery_group"": ""pass_naturalistic"", ""unit_files"": 1.0, ""unit_flagged_frac"": 0.0, ""unit_hip_flexion_min"": 115.79551853998274, ""unit_knee_between_min"": 0.43681161067318813}",render
r4_117,recheck_pass_117_V00_S0884_I00000375_P0967_f0001392,V00_S0884_I00000375_P0967,improvised/train/0018/0038/V00_S0884_I00000375_P0967,improvised/train/0018/0044/V00_S0884_I00000375_P0028A,recheck_pass,recheck,improvised,1392,V00,improvised,train,ipc_conversation,shown in Round 3 as flagged_fm4_mutual_silence; re-judged under the Round-4 detectors,"{""clip_anchored_on_fm2_violation"": false, ""flag_count"": 0, ""flags_fired"": """", ""fm1_hip_flexion_deg_p50"": 154.4395221427721, ""fm1_knee_between_torso_p50"": 0.5561455587969928, ""fm1_leg_over_torso_p50"": 1.2611249971146452, ""fm1_reasons"": """", ""fm1_shin_verticality_p50"": 0.9984603364174391, ""fm1_sitting_file"": false, ""fm1_sitting_participant"": false, ""fm1_unit"": ""0967@0884"", ""fm1_unit_basis"": ""none"", ""fm2_in_frame_and_valid_frac"": 1.0, ""fm2_pass_frac_round3_joints_only"": 1.0, ""fm2_smplh_valid_frac"": 1.0, ""fm2_surface_correction_px_p50"": 34.60410287943287, ""fm2_vertex_worst_inset_min_px"": 134.45966630969002, ""fm2_violation_run_max_frames"": 0.0, ""fm2_violation_runs"": 0.0, ""fm2_windowed_pass_frac"": 1.0, ""fm3_static_frac"": 0.0009009009009009009, ""observed_duration_s"": 148.0, ""reproj_px_p50"": 11.862838279807484, ""reproj_shoulder_widths_p50"": 0.03831334886120081, ""round3_gallery_group"": ""flagged_fm4_mutual_silence"", ""unit_files"": 1.0, ""unit_flagged_frac"": 0.0, ""unit_hip_flexion_min"": 154.4395221427721, ""unit_knee_between_min"": 0.5561455587969928}",render
r4_121,recheck_pass_121_V00_S0242_I00000486_P0328_f0001030,V00_S0242_I00000486_P0328,naturalistic/train/0005/0033/V00_S0242_I00000486_P0328,naturalistic/train/0005/0021/V00_S0242_I00000486_P0329,recheck_pass,recheck,naturalistic,1030,V00,naturalistic,train,ipc_conversation,shown in Round 3 as pass_naturalistic; re-judged under the Round-4 detectors,"{""clip_anchored_on_fm2_violation"": false, ""flag_count"": 0, ""flags_fired"": """", ""fm1_hip_flexion_deg_p50"": 127.14998325145528, ""fm1_knee_between_torso_p50"": 0.48039571719941027, ""fm1_leg_over_torso_p50"": 1.2497501100863764, ""fm1_reasons"": """", ""fm1_shin_verticality_p50"": 0.9995920864606946, ""fm1_sitting_file"": false, ""fm1_sitting_participant"": false, ""fm1_unit"": ""0328@0242"", ""fm1_unit_basis"": ""none"", ""fm2_in_frame_and_valid_frac"": 1.0, ""fm2_pass_frac_round3_joints_only"": 1.0, ""fm2_smplh_valid_frac"": 1.0, ""fm2_surface_correction_px_p50"": 41.78463181638949, ""fm2_vertex_worst_inset_min_px"": 79.55444326564248, ""fm2_violation_run_max_frames"": 0.0, ""fm2_violation_runs"": 0.0, ""fm2_windowed_pass_frac"": 1.0, ""fm3_static_frac"": 0.041666666666666664, ""observed_duration_s"": 72.0, ""reproj_px_p50"": 30.605274435977176, ""reproj_shoulder_widths_p50"": 0.09441118910936813, ""round3_gallery_group"": ""pass_naturalistic"", ""unit_files"": 5.0, ""unit_flagged_frac"": 0.0, ""unit_hip_flexion_min"": 127.14998325145528, ""unit_knee_between_min"": 0.48039571719941027}",render
r4_123,recheck_pass_123_V00_S0045_I00000313_P0067A_f0001374,V00_S0045_I00000313_P0067A,improvised/train/0000/0007/V00_S0045_I00000313_P0067A,improvised/train/0000/0011/V00_S0045_I00000313_P0068,recheck_pass,recheck,improvised,1374,V00,improvised,train,ipc_conversation,shown in Round 3 as flagged_fm4_mutual_silence; re-judged under the Round-4 detectors,"{""clip_anchored_on_fm2_violation"": false, ""flag_count"": 0, ""flags_fired"": """", ""fm1_hip_flexion_deg_p50"": 144.76428980535454, ""fm1_knee_between_torso_p50"": 0.5848433033100932, ""fm1_leg_over_torso_p50"": 1.091731608871644, ""fm1_reasons"": """", ""fm1_shin_verticality_p50"": 0.9999999999999647, ""fm1_sitting_file"": false, ""fm1_sitting_participant"": false, ""fm1_unit"": ""0067A@0045"", ""fm1_unit_basis"": ""none"", ""fm2_in_frame_and_valid_frac"": 1.0, ""fm2_pass_frac_round3_joints_only"": 1.0, ""fm2_smplh_valid_frac"": 1.0, ""fm2_surface_correction_px_p50"": 43.22974774637362, ""fm2_vertex_worst_inset_min_px"": 9.79316577045472, ""fm2_violation_run_max_frames"": 0.0, ""fm2_violation_runs"": 0.0, ""fm2_windowed_pass_frac"": 1.0, ""fm3_static_frac"": 0.666025641025641, ""observed_duration_s"": 156.0, ""reproj_px_p50"": 21.24552787203001, ""reproj_shoulder_widths_p50"": 0.06035625399462377, ""round3_gallery_group"": ""flagged_fm4_mutual_silence"", ""unit_files"": 3.0, ""unit_flagged_frac"": 0.0, ""unit_hip_flexion_min"": 142.35465436673215, ""unit_knee_between_min"": 0.5790553532920333}",render
r4_124,recheck_pass_124_V00_S0431_I00000131_P0570_f0000337,V00_S0431_I00000131_P0570,improvised/train/0009/0024/V00_S0431_I00000131_P0570,improvised/train/0009/0038/V00_S0431_I00000131_P0006A,recheck_pass,recheck,improvised,337,V00,improvised,train,ipc_conversation,shown in Round 3 as pass_improvised; re-judged under the Round-4 detectors,"{""clip_anchored_on_fm2_violation"": false, ""flag_count"": 0, ""flags_fired"": """", ""fm1_hip_flexion_deg_p50"": 146.59510056975904, ""fm1_knee_between_torso_p50"": 0.5390645647381473, ""fm1_leg_over_torso_p50"": 1.255557696783919, ""fm1_reasons"": """", ""fm1_shin_verticality_p50"": 0.999653919933196, ""fm1_sitting_file"": false, ""fm1_sitting_participant"": false, ""fm1_unit"": ""0570@0431"", ""fm1_unit_basis"": ""none"", ""fm2_in_frame_and_valid_frac"": 1.0, ""fm2_pass_frac_round3_joints_only"": 1.0, ""fm2_smplh_valid_frac"": 1.0, ""fm2_surface_correction_px_p50"": 34.75790822982685, ""fm2_vertex_worst_inset_min_px"": 104.62883067868006, ""fm2_violation_run_max_frames"": 0.0, ""fm2_violation_runs"": 0.0, ""fm2_windowed_pass_frac"": 1.0, ""fm3_static_frac"": 0.007017543859649123, ""observed_duration_s"": 152.0, ""reproj_px_p50"": 36.39102162436167, ""reproj_shoulder_widths_p50"": 0.10946104576683185, ""round3_gallery_group"": ""pass_improvised"", ""unit_files"": 2.0, ""unit_flagged_frac"": 0.0, ""unit_hip_flexion_min"": 138.34692233949627, ""unit_knee_between_min"": 0.521974118774537}",render
r4_126,recheck_pass_126_V00_S1869_I00001095_P1154A_f0007159,V00_S1869_I00001095_P1154A,improvised/train/0046/0060/V00_S1869_I00001095_P1154A,improvised/train/0046/0028/V00_S1869_I00001095_P1155A,recheck_pass,recheck,improvised,7159,V00,improvised,train,ipc_conversation,shown in Round 3 as pass_improvised; re-judged under the Round-4 detectors,"{""clip_anchored_on_fm2_violation"": false, ""flag_count"": 0, ""flags_fired"": """", ""fm1_hip_flexion_deg_p50"": 133.2503301963155, ""fm1_knee_between_torso_p50"": 0.5483205354950607, ""fm1_leg_over_torso_p50"": 0.9865453864116822, ""fm1_reasons"": """", ""fm1_shin_verticality_p50"": 0.9994059896815239, ""fm1_sitting_file"": false, ""fm1_sitting_participant"": false, ""fm1_unit"": ""1154A@1869"", ""fm1_unit_basis"": ""none"", ""fm2_in_frame_and_valid_frac"": 0.9999118165784833, ""fm2_pass_frac_round3_joints_only"": 1.0, ""fm2_smplh_valid_frac"": 1.0, ""fm2_surface_correction_px_p50"": 42.972291362996884, ""fm2_vertex_worst_inset_min_px"": 15.342358316380682, ""fm2_violation_run_max_frames"": 1.0, ""fm2_violation_runs"": 1.0, ""fm2_windowed_pass_frac"": 1.0, ""fm3_static_frac"": 0.734920634920635, ""observed_duration_s"": 378.0, ""reproj_px_p50"": 23.93291135496255, ""reproj_shoulder_widths_p50"": 0.07388110205672255, ""round3_gallery_group"": ""pass_improvised"", ""unit_files"": 2.0, ""unit_flagged_frac"": 0.0, ""unit_hip_flexion_min"": 133.2503301963155, ""unit_knee_between_min"": 0.5483205354950607}",render
r4_127,recheck_pass_127_V00_S0169_I00000537_P0150A_f0000618,V00_S0169_I00000537_P0150A,improvised/train/0003/0013/V00_S0169_I00000537_P0150A,improvised/train/0003/0020/V00_S0169_I00000537_P0238,recheck_pass,recheck,improvised,618,V00,improvised,train,ipc_conversation,shown in Round 3 as flagged_fm4_mutual_silence; re-judged under the Round-4 detectors,"{""clip_anchored_on_fm2_violation"": false, ""flag_count"": 0, ""flags_fired"": """", ""fm1_hip_flexion_deg_p50"": 145.3698596683711, ""fm1_knee_between_torso_p50"": 0.5065761534754964, ""fm1_leg_over_torso_p50"": 1.6233397280800563, ""fm1_reasons"": """", ""fm1_shin_verticality_p50"": 0.9999999999999746, ""fm1_sitting_file"": false, ""fm1_sitting_participant"": false, ""fm1_unit"": ""0150A@0169"", ""fm1_unit_basis"": ""none"", ""fm2_in_frame_and_valid_frac"": 1.0, ""fm2_pass_frac_round3_joints_only"": 1.0, ""fm2_smplh_valid_frac"": 1.0, ""fm2_surface_correction_px_p50"": 36.911885615417646, ""fm2_vertex_worst_inset_min_px"": 15.700671246157867, ""fm2_violation_run_max_frames"": 0.0, ""fm2_violation_runs"": 0.0, ""fm2_windowed_pass_frac"": 1.0, ""fm3_static_frac"": 0.41431623931623934, ""observed_duration_s"": 156.0, ""reproj_px_p50"": 22.2688635400962, ""reproj_shoulder_widths_p50"": 0.07648133619716363, ""round3_gallery_group"": ""flagged_fm4_mutual_silence"", ""unit_files"": 3.0, ""unit_flagged_frac"": 0.0, ""unit_hip_flexion_min"": 140.41768377449142, ""unit_knee_between_min"": 0.49445895402472806}",render
r4_128,recheck_pass_128_V00_S0752_I00000913_P0241A_f0000452,V00_S0752_I00000913_P0241A,improvised/train/0014/0055/V00_S0752_I00000913_P0241A,improvised/train/0014/0025/V00_S0752_I00000913_P0229A,recheck_pass,recheck,improvised,452,V00,improvised,train,ipc_conversation,shown in Round 3 as pass_improvised; re-judged under the Round-4 detectors,"{""clip_anchored_on_fm2_violation"": false, ""flag_count"": 0, ""flags_fired"": """", ""fm1_hip_flexion_deg_p50"": 151.02749832543327, ""fm1_knee_between_torso_p50"": 0.5236523918964264, ""fm1_leg_over_torso_p50"": 1.537219368349231, ""fm1_reasons"": """", ""fm1_shin_verticality_p50"": 0.9996714298864084, ""fm1_sitting_file"": false, ""fm1_sitting_participant"": false, ""fm1_unit"": ""0241A@0752"", ""fm1_unit_basis"": ""none"", ""fm2_in_frame_and_valid_frac"": 0.9997835497835498, ""fm2_pass_frac_round3_joints_only"": 1.0, ""fm2_smplh_valid_frac"": 1.0, ""fm2_surface_correction_px_p50"": 36.86103779043634, ""fm2_vertex_worst_inset_min_px"": 3.7456242371681583, ""fm2_violation_run_max_frames"": 2.0, ""fm2_violation_runs"": 1.0, ""fm2_windowed_pass_frac"": 1.0, ""fm3_static_frac"": 0.15497835497835497, ""observed_duration_s"": 308.0, ""reproj_px_p50"": 16.351940791635876, ""reproj_shoulder_widths_p50"": 0.05181606010265202, ""round3_gallery_group"": ""pass_improvised"", ""unit_files"": 1.0, ""unit_flagged_frac"": 0.0, ""unit_hip_flexion_min"": 151.02749832543327, ""unit_knee_between_min"": 0.5236523918964264}",render
r4_129,recheck_pass_129_V00_S0946_I00000535_P0042A_f0000009,V00_S0946_I00000535_P0042A,improvised/train/0020/0014/V00_S0946_I00000535_P0042A,improvised/train/0020/0061/V00_S0946_I00000535_P1038,recheck_pass,recheck,improvised,9,V00,improvised,train,ipc_conversation,shown in Round 3 as pass_improvised; re-judged under the Round-4 detectors,"{""clip_anchored_on_fm2_violation"": false, ""flag_count"": 0, ""flags_fired"": """", ""fm1_hip_flexion_deg_p50"": 164.69004352933626, ""fm1_knee_between_torso_p50"": 0.5848036527130823, ""fm1_leg_over_torso_p50"": 1.291402318246214, ""fm1_reasons"": """", ""fm1_shin_verticality_p50"": 0.9982743626381548, ""fm1_sitting_file"": false, ""fm1_sitting_participant"": false, ""fm1_unit"": ""0042A@0946"", ""fm1_unit_basis"": ""none"", ""fm2_in_frame_and_valid_frac"": 1.0, ""fm2_pass_frac_round3_joints_only"": 1.0, ""fm2_smplh_valid_frac"": 1.0, ""fm2_surface_correction_px_p50"": 36.1373453176991, ""fm2_vertex_worst_inset_min_px"": 78.66236741645776, ""fm2_violation_run_max_frames"": 0.0, ""fm2_violation_runs"": 0.0, ""fm2_windowed_pass_frac"": 1.0, ""fm3_static_frac"": 0.01156156156156156, ""observed_duration_s"": 222.0, ""reproj_px_p50"": 15.35540835306631, ""reproj_shoulder_widths_p50"": 0.05309244992445873, ""round3_gallery_group"": ""pass_improvised"", ""unit_files"": 1.0, ""unit_flagged_frac"": 0.0, ""unit_hip_flexion_min"": 164.69004352933626, ""unit_knee_between_min"": 0.5848036527130823}",render
r4_131,recheck_pass_131_V00_S1846_I00000608_P0888_f0002931,V00_S1846_I00000608_P0888,naturalistic/train/0029/0007/V00_S1846_I00000608_P0888,naturalistic/train/0029/0048/V00_S1846_I00000608_P0317,recheck_pass,recheck,naturalistic,2931,V00,naturalistic,train,grounded_gesture,shown in Round 3 as flagged_fm4_mutual_silence; re-judged under the Round-4 detectors,"{""clip_anchored_on_fm2_violation"": false, ""flag_count"": 0, ""flags_fired"": """", ""fm1_hip_flexion_deg_p50"": 140.34657644985336, ""fm1_knee_between_torso_p50"": 0.5078984230282166, ""fm1_leg_over_torso_p50"": 1.405045706565174, ""fm1_reasons"": """", ""fm1_shin_verticality_p50"": 0.9981685043191693, ""fm1_sitting_file"": false, ""fm1_sitting_participant"": false, ""fm1_unit"": ""0888@1846"", ""fm1_unit_basis"": ""none"", ""fm2_in_frame_and_valid_frac"": 1.0, ""fm2_pass_frac_round3_joints_only"": 1.0, ""fm2_smplh_valid_frac"": 1.0, ""fm2_surface_correction_px_p50"": 96.71341475966346, ""fm2_vertex_worst_inset_min_px"": 171.5563776487453, ""fm2_violation_run_max_frames"": 0.0, ""fm2_violation_runs"": 0.0, ""fm2_windowed_pass_frac"": 1.0, ""fm3_static_frac"": 0.71318407960199, ""observed_duration_s"": 134.0, ""reproj_px_p50"": 14.258594946878716, ""reproj_shoulder_widths_p50"": 0.05089206422553372, ""round3_gallery_group"": ""flagged_fm4_mutual_silence"", ""unit_files"": 3.0, ""unit_flagged_frac"": 0.0, ""unit_hip_flexion_min"": 140.34657644985336, ""unit_knee_between_min"": 0.5078984230282166}",render
r4_132,recheck_pass_132_V00_S0336_I00000131_P0451_f0000944,V00_S0336_I00000131_P0451,improvised/train/0007/0027/V00_S0336_I00000131_P0451,improvised/train/0007/0007/V00_S0336_I00000131_P0040A,recheck_pass,recheck,improvised,944,V00,improvised,train,ipc_conversation,shown in Round 3 as pass_improvised; re-judged under the Round-4 detectors,"{""clip_anchored_on_fm2_violation"": false, ""flag_count"": 0, ""flags_fired"": """", ""fm1_hip_flexion_deg_p50"": 145.168822337169, ""fm1_knee_between_torso_p50"": 0.5978082711448442, ""fm1_leg_over_torso_p50"": 0.9991746077824946, ""fm1_reasons"": """", ""fm1_shin_verticality_p50"": 0.999405998160309, ""fm1_sitting_file"": false, ""fm1_sitting_participant"": false, ""fm1_unit"": ""0451@0336"", ""fm1_unit_basis"": ""none"", ""fm2_in_frame_and_valid_frac"": 0.9993827160493827, ""fm2_pass_frac_round3_joints_only"": 1.0, ""fm2_smplh_valid_frac"": 1.0, ""fm2_surface_correction_px_p50"": 42.92737799436361, ""fm2_vertex_worst_inset_min_px"": -2.6292685555154094, ""fm2_violation_run_max_frames"": 1.0, ""fm2_violation_runs"": 2.0, ""fm2_windowed_pass_frac"": 1.0, ""fm3_static_frac"": 0.20771604938271604, ""observed_duration_s"": 108.0, ""reproj_px_p50"": 48.712423226245804, ""reproj_shoulder_widths_p50"": 0.13093678761828403, ""round3_gallery_group"": ""pass_improvised"", ""unit_files"": 1.0, ""unit_flagged_frac"": 0.0, ""unit_hip_flexion_min"": 145.168822337169, ""unit_knee_between_min"": 0.5978082711448442}",render
r4_137,recheck_pass_137_V00_S0067_I00000373_P0101_f0000670,V00_S0067_I00000373_P0101,naturalistic/train/0001/0036/V00_S0067_I00000373_P0101,naturalistic/train/0001/0026/V00_S0067_I00000373_P0073,recheck_pass,recheck,naturalistic,670,V00,naturalistic,train,ipc_conversation,shown in Round 3 as pass_naturalistic; re-judged under the Round-4 detectors,"{""clip_anchored_on_fm2_violation"": false, ""flag_count"": 0, ""flags_fired"": """", ""fm1_hip_flexion_deg_p50"": 153.30722921020006, ""fm1_knee_between_torso_p50"": 0.5450734086440416, ""fm1_leg_over_torso_p50"": 1.3933150560999912, ""fm1_reasons"": """", ""fm1_shin_verticality_p50"": 0.9983713408104504, ""fm1_sitting_file"": false, ""fm1_sitting_participant"": false, ""fm1_unit"": ""0101@0067"", ""fm1_unit_basis"": ""none"", ""fm2_in_frame_and_valid_frac"": 0.9951977401129943, ""fm2_pass_frac_round3_joints_only"": 1.0, ""fm2_smplh_valid_frac"": 1.0, ""fm2_surface_correction_px_p50"": 30.88321932083511, ""fm2_vertex_worst_inset_min_px"": 3.7484477054740637, ""fm2_violation_run_max_frames"": 7.0, ""fm2_violation_runs"": 5.0, ""fm2_windowed_pass_frac"": 1.0, ""fm3_static_frac"": 0.03672316384180791, ""observed_duration_s"": 118.0, ""reproj_px_p50"": 37.186780726097325, ""reproj_shoulder_widths_p50"": 0.11584208745980179, ""round3_gallery_group"": ""pass_naturalistic"", ""unit_files"": 2.0, ""unit_flagged_frac"": 0.0, ""unit_hip_flexion_min"": 151.85655079501237, ""unit_knee_between_min"": 0.5438277592256326}",render
r4_138,recheck_pass_138_V00_S0353_I00000482_P0474_f0000056,V00_S0353_I00000482_P0474,naturalistic/train/0009/0034/V00_S0353_I00000482_P0474,naturalistic/train/0009/0036/V00_S0353_I00000482_P0473,recheck_pass,recheck,naturalistic,56,V00,naturalistic,train,ipc_conversation,shown in Round 3 as flagged_fm1_sitting; re-judged under the Round-4 detectors,"{""clip_anchored_on_fm2_violation"": false, ""flag_count"": 0, ""flags_fired"": """", ""fm1_hip_flexion_deg_p50"": 122.90520453633732, ""fm1_knee_between_torso_p50"": 0.536535316550139, ""fm1_leg_over_torso_p50"": 0.8387268903949271, ""fm1_reasons"": """", ""fm1_shin_verticality_p50"": 0.9992611728375246, ""fm1_sitting_file"": false, ""fm1_sitting_participant"": false, ""fm1_unit"": ""0474@0353"", ""fm1_unit_basis"": ""none"", ""fm2_in_frame_and_valid_frac"": 1.0, ""fm2_pass_frac_round3_joints_only"": 1.0, ""fm2_smplh_valid_frac"": 1.0, ""fm2_surface_correction_px_p50"": 43.58468561742541, ""fm2_vertex_worst_inset_min_px"": 56.05079341076976, ""fm2_violation_run_max_frames"": 0.0, ""fm2_violation_runs"": 0.0, ""fm2_windowed_pass_frac"": 1.0, ""fm3_static_frac"": 0.5554852320675105, ""observed_duration_s"": 158.0, ""reproj_px_p50"": 52.71979584297229, ""reproj_shoulder_widths_p50"": 0.13080214927371347, ""round3_gallery_group"": ""flagged_fm1_sitting"", ""unit_files"": 2.0, ""unit_flagged_frac"": 0.0, ""unit_hip_flexion_min"": 121.59046773491956, ""unit_knee_between_min"": 0.5254689050940318}",render
r4_139,recheck_pass_139_V00_S0851_I00000482_P0972_f0001529,V00_S0851_I00000482_P0972,naturalistic/train/0023/0039/V00_S0851_I00000482_P0972,naturalistic/train/0023/0026/V00_S0851_I00000482_P0971,recheck_pass,recheck,naturalistic,1529,V00,naturalistic,train,ipc_conversation,shown in Round 3 as pass_naturalistic; re-judged under the Round-4 detectors,"{""clip_anchored_on_fm2_violation"": false, ""flag_count"": 0, ""flags_fired"": """", ""fm1_hip_flexion_deg_p50"": 139.82920208049416, ""fm1_knee_between_torso_p50"": 0.6103487662791599, ""fm1_leg_over_torso_p50"": 0.9551718409292989, ""fm1_reasons"": """", ""fm1_shin_verticality_p50"": 0.9992611750555862, ""fm1_sitting_file"": false, ""fm1_sitting_participant"": false, ""fm1_unit"": ""0972@0851"", ""fm1_unit_basis"": ""none"", ""fm2_in_frame_and_valid_frac"": 0.9995934959349594, ""fm2_pass_frac_round3_joints_only"": 1.0, ""fm2_smplh_valid_frac"": 1.0, ""fm2_surface_correction_px_p50"": 46.47970075233002, ""fm2_vertex_worst_inset_min_px"": -1.0971086747731533, ""fm2_violation_run_max_frames"": 2.0, ""fm2_violation_runs"": 1.0, ""fm2_windowed_pass_frac"": 1.0, ""fm3_static_frac"": 0.003048780487804878, ""observed_duration_s"": 164.0, ""reproj_px_p50"": 37.56440258421028, ""reproj_shoulder_widths_p50"": 0.10511164539796086, ""round3_gallery_group"": ""pass_naturalistic"", ""unit_files"": 3.0, ""unit_flagged_frac"": 0.0, ""unit_hip_flexion_min"": 135.93288962341197, ""unit_knee_between_min"": 0.6061217337043838}",render
r4_140,recheck_pass_140_V00_S1120_I00001213_P0682A_f0001975,V00_S1120_I00001213_P0682A,improvised/train/0024/0005/V00_S1120_I00001213_P0682A,improvised/train/0024/0048/V00_S1120_I00001213_P0241A,recheck_pass,recheck,improvised,1975,V00,improvised,train,ipc_conversation,shown in Round 3 as pass_improvised; re-judged under the Round-4 detectors,"{""clip_anchored_on_fm2_violation"": false, ""flag_count"": 0, ""flags_fired"": """", ""fm1_hip_flexion_deg_p50"": 151.10958952975528, ""fm1_knee_between_torso_p50"": 0.5354503486897865, ""fm1_leg_over_torso_p50"": 1.405627600980264, ""fm1_reasons"": """", ""fm1_shin_verticality_p50"": 0.9996714229798958, ""fm1_sitting_file"": false, ""fm1_sitting_participant"": false, ""fm1_unit"": ""0682A@1120"", ""fm1_unit_basis"": ""none"", ""fm2_in_frame_and_valid_frac"": 1.0, ""fm2_pass_frac_round3_joints_only"": 1.0, ""fm2_smplh_valid_frac"": 1.0, ""fm2_surface_correction_px_p50"": 32.22883237509552, ""fm2_vertex_worst_inset_min_px"": 74.66403834818641, ""fm2_violation_run_max_frames"": 0.0, ""fm2_violation_runs"": 0.0, ""fm2_windowed_pass_frac"": 1.0, ""fm3_static_frac"": 0.2920886075949367, ""observed_duration_s"": 316.0, ""reproj_px_p50"": 19.623173423787815, ""reproj_shoulder_widths_p50"": 0.06870695176742134, ""round3_gallery_group"": ""pass_improvised"", ""unit_files"": 1.0, ""unit_flagged_frac"": 0.0, ""unit_hip_flexion_min"": 151.10958952975528, ""unit_knee_between_min"": 0.5354503486897865}",render
r4_141,recheck_pass_141_V00_S1211_I00001139_P0869A_f0001201,V00_S1211_I00001139_P0869A,improvised/train/0027/0013/V00_S1211_I00001139_P0869A,improvised/train/0027/0011/V00_S1211_I00001139_P0464A,recheck_pass,recheck,improvised,1201,V00,improvised,train,ipc_conversation,shown in Round 3 as pass_improvised; re-judged under the Round-4 detectors,"{""clip_anchored_on_fm2_violation"": false, ""flag_count"": 0, ""flags_fired"": """", ""fm1_hip_flexion_deg_p50"": 136.04151546646222, ""fm1_knee_between_torso_p50"": 0.57187183399751, ""fm1_leg_over_torso_p50"": 0.9848485135791397, ""fm1_reasons"": """", ""fm1_shin_verticality_p50"": 0.9993628604219629, ""fm1_sitting_file"": false, ""fm1_sitting_participant"": false, ""fm1_unit"": ""0869A@1211"", ""fm1_unit_basis"": ""none"", ""fm2_in_frame_and_valid_frac"": 1.0, ""fm2_pass_frac_round3_joints_only"": 1.0, ""fm2_smplh_valid_frac"": 1.0, ""fm2_surface_correction_px_p50"": 49.045592725311735, ""fm2_vertex_worst_inset_min_px"": 38.03823012075782, ""fm2_violation_run_max_frames"": 0.0, ""fm2_violation_runs"": 0.0, ""fm2_windowed_pass_frac"": 1.0, ""fm3_static_frac"": 0.27970297029702973, ""observed_duration_s"": 202.0, ""reproj_px_p50"": 26.49158092704479, ""reproj_shoulder_widths_p50"": 0.07585560399645097, ""round3_gallery_group"": ""pass_improvised"", ""unit_files"": 4.0, ""unit_flagged_frac"": 0.0, ""unit_hip_flexion_min"": 136.04151546646222, ""unit_knee_between_min"": 0.5489460617858479}",render
r4_143,recheck_pass_143_V00_S0665_I00000132_P0300_f0000971,V00_S0665_I00000132_P0300,naturalistic/train/0019/0025/V00_S0665_I00000132_P0300,naturalistic/train/0019/0023/V00_S0665_I00000132_P0424,recheck_pass,recheck,naturalistic,971,V00,naturalistic,train,ipc_conversation,shown in Round 3 as flagged_fm2_framing; re-judged under the Round-4 detectors,"{""clip_anchored_on_fm2_violation"": false, ""flag_count"": 0, ""flags_fired"": """", ""fm1_hip_flexion_deg_p50"": 158.8192990873274, ""fm1_knee_between_torso_p50"": 0.5907318375449685, ""fm1_leg_over_torso_p50"": 1.2361448920690374, ""fm1_reasons"": """", ""fm1_shin_verticality_p50"": 0.9982743664336952, ""fm1_sitting_file"": false, ""fm1_sitting_participant"": false, ""fm1_unit"": ""0300@0665"", ""fm1_unit_basis"": ""none"", ""fm2_in_frame_and_valid_frac"": 0.9936011904761904, ""fm2_pass_frac_round3_joints_only"": 0.9953869047619047, ""fm2_smplh_valid_frac"": 1.0, ""fm2_surface_correction_px_p50"": 38.49468970934004, ""fm2_vertex_worst_inset_min_px"": -42.87131105546143, ""fm2_violation_run_max_frames"": 20.0, ""fm2_violation_runs"": 9.0, ""fm2_windowed_pass_frac"": 0.5714285714285714, ""fm3_static_frac"": 0.21964285714285714, ""observed_duration_s"": 224.0, ""reproj_px_p50"": 21.144071446425578, ""reproj_shoulder_widths_p50"": 0.06539415061531788, ""round3_gallery_group"": ""flagged_fm2_framing"", ""unit_files"": 1.0, ""unit_flagged_frac"": 0.0, ""unit_hip_flexion_min"": 158.8192990873274, ""unit_knee_between_min"": 0.5907318375449685}",render
r4_144,recheck_pass_144_V00_S0783_I00000137_P0922_f0000442,V00_S0783_I00000137_P0922,naturalistic/train/0022/0019/V00_S0783_I00000137_P0922,naturalistic/train/0022/0034/V00_S0783_I00000137_P0437,recheck_pass,recheck,naturalistic,442,V00,naturalistic,train,ipc_conversation,shown in Round 3 as flagged_fm4_mutual_silence; re-judged under the Round-4 detectors,"{""clip_anchored_on_fm2_violation"": false, ""flag_count"": 0, ""flags_fired"": """", ""fm1_hip_flexion_deg_p50"": 124.49449443691313, ""fm1_knee_between_torso_p50"": 0.47812687810677806, ""fm1_leg_over_torso_p50"": 1.0367285652653306, ""fm1_reasons"": """", ""fm1_shin_verticality_p50"": 0.997785154359495, ""fm1_sitting_file"": false, ""fm1_sitting_participant"": false, ""fm1_unit"": ""0922@0783"", ""fm1_unit_basis"": ""none"", ""fm2_in_frame_and_valid_frac"": 1.0, ""fm2_pass_frac_round3_joints_only"": 1.0, ""fm2_smplh_valid_frac"": 1.0, ""fm2_surface_correction_px_p50"": 47.01507630853939, ""fm2_vertex_worst_inset_min_px"": 30.280263476106484, ""fm2_violation_run_max_frames"": 0.0, ""fm2_violation_runs"": 0.0, ""fm2_windowed_pass_frac"": 1.0, ""fm3_static_frac"": 0.6013513513513513, ""observed_duration_s"": 148.0, ""reproj_px_p50"": 19.866077055862867, ""reproj_shoulder_widths_p50"": 0.05545964528430443, ""round3_gallery_group"": ""flagged_fm4_mutual_silence"", ""unit_files"": 1.0, ""unit_flagged_frac"": 0.0, ""unit_hip_flexion_min"": 124.49449443691313, ""unit_knee_between_min"": 0.47812687810677806}",render
r4_145,recheck_pass_145_V00_S1563_I00000663_P0185A_f0001886,V00_S1563_I00000663_P0185A,improvised/train/0037/0014/V00_S1563_I00000663_P0185A,improvised/train/0037/0012/V00_S1563_I00000663_P1148A,recheck_pass,recheck,improvised,1886,V00,improvised,train,ipc_conversation,shown in Round 3 as flagged_fm4_mutual_silence; re-judged under the Round-4 detectors,"{""clip_anchored_on_fm2_violation"": false, ""flag_count"": 0, ""flags_fired"": """", ""fm1_hip_flexion_deg_p50"": 154.75110786226614, ""fm1_knee_between_torso_p50"": 0.5698634385309815, ""fm1_leg_over_torso_p50"": 1.209478688599368, ""fm1_reasons"": """", ""fm1_shin_verticality_p50"": 0.9996144198612866, ""fm1_sitting_file"": false, ""fm1_sitting_participant"": false, ""fm1_unit"": ""0185A@1563"", ""fm1_unit_basis"": ""none"", ""fm2_in_frame_and_valid_frac"": 1.0, ""fm2_pass_frac_round3_joints_only"": 1.0, ""fm2_smplh_valid_frac"": 1.0, ""fm2_surface_correction_px_p50"": 64.54913163447361, ""fm2_vertex_worst_inset_min_px"": 81.17077826252563, ""fm2_violation_run_max_frames"": 0.0, ""fm2_violation_runs"": 0.0, ""fm2_windowed_pass_frac"": 1.0, ""fm3_static_frac"": 0.010873015873015873, ""observed_duration_s"": 420.0, ""reproj_px_p50"": 39.817498402741755, ""reproj_shoulder_widths_p50"": 0.14117553048372117, ""round3_gallery_group"": ""flagged_fm4_mutual_silence"", ""unit_files"": 3.0, ""unit_flagged_frac"": 0.0, ""unit_hip_flexion_min"": 149.4812759146193, ""unit_knee_between_min"": 0.5677306161349339}",render
r4_146,recheck_pass_146_V00_S1163_I00001061_P0878A_f0004668,V00_S1163_I00001061_P0878A,improvised/train/0025/0039/V00_S1163_I00001061_P0878A,improvised/train/0025/0017/V00_S1163_I00001061_P0012,recheck_pass,recheck,improvised,4668,V00,improvised,train,ipc_conversation,shown in Round 3 as flagged_fm4_mutual_silence; re-judged under the Round-4 detectors,"{""clip_anchored_on_fm2_violation"": false, ""flag_count"": 0, ""flags_fired"": """", ""fm1_hip_flexion_deg_p50"": 142.8816577714427, ""fm1_knee_between_torso_p50"": 0.5936770401413974, ""fm1_leg_over_torso_p50"": 1.0153844354763992, ""fm1_reasons"": """", ""fm1_shin_verticality_p50"": 1.0, ""fm1_sitting_file"": false, ""fm1_sitting_participant"": false, ""fm1_unit"": ""0878A@1163"", ""fm1_unit_basis"": ""none"", ""fm2_in_frame_and_valid_frac"": 1.0, ""fm2_pass_frac_round3_joints_only"": 1.0, ""fm2_smplh_valid_frac"": 1.0, ""fm2_surface_correction_px_p50"": 43.86082797145093, ""fm2_vertex_worst_inset_min_px"": 35.932077753390104, ""fm2_violation_run_max_frames"": 0.0, ""fm2_violation_runs"": 0.0, ""fm2_windowed_pass_frac"": 1.0, ""fm3_static_frac"": 0.6603082851637765, ""observed_duration_s"": 346.0, ""reproj_px_p50"": 29.634273492746015, ""reproj_shoulder_widths_p50"": 0.08369365212004962, ""round3_gallery_group"": ""flagged_fm4_mutual_silence"", ""unit_files"": 1.0, ""unit_flagged_frac"": 0.0, ""unit_hip_flexion_min"": 142.8816577714427, ""unit_knee_between_min"": 0.5936770401413974}",render
r4_147,recheck_pass_147_V00_S0147_I00000504_P0070_f0000064,V00_S0147_I00000504_P0070,naturalistic/train/0003/0034/V00_S0147_I00000504_P0070,naturalistic/train/0003/0027/V00_S0147_I00000504_P0209,recheck_pass,recheck,naturalistic,64,V00,naturalistic,train,ipc_conversation,shown in Round 3 as pass_naturalistic; re-judged under the Round-4 detectors,"{""clip_anchored_on_fm2_violation"": false, ""flag_count"": 0, ""flags_fired"": """", ""fm1_hip_flexion_deg_p50"": 144.58327569606615, ""fm1_knee_between_torso_p50"": 0.5532613526431176, ""fm1_leg_over_torso_p50"": 1.2078662351650093, ""fm1_reasons"": """", ""fm1_shin_verticality_p50"": 0.9982743724039469, ""fm1_sitting_file"": false, ""fm1_sitting_participant"": false, ""fm1_unit"": ""0070@0147"", ""fm1_unit_basis"": ""none"", ""fm2_in_frame_and_valid_frac"": 0.998062015503876, ""fm2_pass_frac_round3_joints_only"": 1.0, ""fm2_smplh_valid_frac"": 1.0, ""fm2_surface_correction_px_p50"": 44.58804865841023, ""fm2_vertex_worst_inset_min_px"": 7.072956586212285, ""fm2_violation_run_max_frames"": 5.0, ""fm2_violation_runs"": 1.0, ""fm2_windowed_pass_frac"": 1.0, ""fm3_static_frac"": 0.7232558139534884, ""observed_duration_s"": 86.0, ""reproj_px_p50"": 18.004152507992508, ""reproj_shoulder_widths_p50"": 0.05060820458608653, ""round3_gallery_group"": ""pass_naturalistic"", ""unit_files"": 3.0, ""unit_flagged_frac"": 0.0, ""unit_hip_flexion_min"": 139.00122018710948, ""unit_knee_between_min"": 0.5472410133203769}",render
r4_149,recheck_pass_149_V00_S0244_I00000483_P0333_f0004169,V00_S0244_I00000483_P0333,naturalistic/train/0005/0036/V00_S0244_I00000483_P0333,naturalistic/train/0005/0035/V00_S0244_I00000483_P0332,recheck_pass,recheck,naturalistic,4169,V00,naturalistic,train,ipc_conversation,shown in Round 3 as pass_naturalistic; re-judged under the Round-4 detectors,"{""clip_anchored_on_fm2_violation"": false, ""flag_count"": 0, ""flags_fired"": """", ""fm1_hip_flexion_deg_p50"": 150.38194886291961, ""fm1_knee_between_torso_p50"": 0.5563011773390307, ""fm1_leg_over_torso_p50"": 1.131320336902664, ""fm1_reasons"": """", ""fm1_shin_verticality_p50"": 0.9980525748109575, ""fm1_sitting_file"": false, ""fm1_sitting_participant"": false, ""fm1_unit"": ""0333@0244"", ""fm1_unit_basis"": ""none"", ""fm2_in_frame_and_valid_frac"": 1.0, ""fm2_pass_frac_round3_joints_only"": 1.0, ""fm2_smplh_valid_frac"": 1.0, ""fm2_surface_correction_px_p50"": 42.80108179480817, ""fm2_vertex_worst_inset_min_px"": 54.253421782918394, ""fm2_violation_run_max_frames"": 0.0, ""fm2_violation_runs"": 0.0, ""fm2_windowed_pass_frac"": 1.0, ""fm3_static_frac"": 0.36666666666666664, ""observed_duration_s"": 216.0, ""reproj_px_p50"": 24.059345251442338, ""reproj_shoulder_widths_p50"": 0.07268712017887131, ""round3_gallery_group"": ""pass_naturalistic"", ""unit_files"": 2.0, ""unit_flagged_frac"": 0.0, ""unit_hip_flexion_min"": 149.57556293818902, ""unit_knee_between_min"": 0.5563011773390307}",render
r4_152,recheck_pass_152_V00_S1393_I00000104_P1134_f0003098,V00_S1393_I00000104_P1134,naturalistic/train/0027/0044/V00_S1393_I00000104_P1134,naturalistic/train/0027/0023/V00_S1393_I00000104_P0576,recheck_pass,recheck,naturalistic,3098,V00,naturalistic,train,ipc_conversation,shown in Round 3 as pass_naturalistic; re-judged under the Round-4 detectors,"{""clip_anchored_on_fm2_violation"": false, ""flag_count"": 0, ""flags_fired"": """", ""fm1_hip_flexion_deg_p50"": 141.70519216687063, ""fm1_knee_between_torso_p50"": 0.5754170618754427, ""fm1_leg_over_torso_p50"": 1.0325507414417847, ""fm1_reasons"": """", ""fm1_shin_verticality_p50"": 0.9994449140724275, ""fm1_sitting_file"": false, ""fm1_sitting_participant"": false, ""fm1_unit"": ""1134@1393"", ""fm1_unit_basis"": ""none"", ""fm2_in_frame_and_valid_frac"": 1.0, ""fm2_pass_frac_round3_joints_only"": 1.0, ""fm2_smplh_valid_frac"": 1.0, ""fm2_surface_correction_px_p50"": 40.69939315207239, ""fm2_vertex_worst_inset_min_px"": 59.77108310809581, ""fm2_violation_run_max_frames"": 0.0, ""fm2_violation_runs"": 0.0, ""fm2_windowed_pass_frac"": 1.0, ""fm3_static_frac"": 0.2057017543859649, ""observed_duration_s"": 228.0, ""reproj_px_p50"": 39.76802226681122, ""reproj_shoulder_widths_p50"": 0.12732311516916356, ""round3_gallery_group"": ""pass_naturalistic"", ""unit_files"": 4.0, ""unit_flagged_frac"": 0.0, ""unit_hip_flexion_min"": 138.8131821429675, ""unit_knee_between_min"": 0.5608690271324126}",render
r4_155,recheck_pass_155_V00_S1992_I00000197_P1255_f0001755,V00_S1992_I00000197_P1255,naturalistic/train/0032/0001/V00_S1992_I00000197_P1255,naturalistic/train/0032/0047/V00_S1992_I00000197_P0462,recheck_pass,recheck,naturalistic,1755,V00,naturalistic,train,ipc_conversation,shown in Round 3 as flagged_fm4_mutual_silence; re-judged under the Round-4 detectors,"{""clip_anchored_on_fm2_violation"": false, ""flag_count"": 0, ""flags_fired"": """", ""fm1_hip_flexion_deg_p50"": 152.37907483053533, ""fm1_knee_between_torso_p50"": 0.5366471577531302, ""fm1_leg_over_torso_p50"": 1.322580467106093, ""fm1_reasons"": """", ""fm1_shin_verticality_p50"": 0.9996714362209644, ""fm1_sitting_file"": false, ""fm1_sitting_participant"": false, ""fm1_unit"": ""1255@1992"", ""fm1_unit_basis"": ""none"", ""fm2_in_frame_and_valid_frac"": 1.0, ""fm2_pass_frac_round3_joints_only"": 1.0, ""fm2_smplh_valid_frac"": 1.0, ""fm2_surface_correction_px_p50"": 47.16431564803372, ""fm2_vertex_worst_inset_min_px"": 122.68584673750894, ""fm2_violation_run_max_frames"": 0.0, ""fm2_violation_runs"": 0.0, ""fm2_windowed_pass_frac"": 1.0, ""fm3_static_frac"": 0.7031963470319634, ""observed_duration_s"": 146.0, ""reproj_px_p50"": 19.626030554949843, ""reproj_shoulder_widths_p50"": 0.06734545525107613, ""round3_gallery_group"": ""flagged_fm4_mutual_silence"", ""unit_files"": 3.0, ""unit_flagged_frac"": 0.0, ""unit_hip_flexion_min"": 149.63879121889397, ""unit_knee_between_min"": 0.5366471577531302}",render
r4_156,recheck_pass_156_V00_S0728_I00000498_P0876_f0004571,V00_S0728_I00000498_P0876,naturalistic/train/0020/0030/V00_S0728_I00000498_P0876,naturalistic/train/0020/0015/V00_S0728_I00000498_P0877,recheck_pass,recheck,naturalistic,4571,V00,naturalistic,train,ipc_conversation,shown in Round 3 as flagged_fm1_sitting; re-judged under the Round-4 detectors,"{""clip_anchored_on_fm2_violation"": false, ""flag_count"": 0, ""flags_fired"": """", ""fm1_hip_flexion_deg_p50"": 137.98729117677294, ""fm1_knee_between_torso_p50"": 0.5941090308659293, ""fm1_leg_over_torso_p50"": 0.8479197573623465, ""fm1_reasons"": """", ""fm1_shin_verticality_p50"": 0.999261169372929, ""fm1_sitting_file"": false, ""fm1_sitting_participant"": false, ""fm1_unit"": ""0876@0728"", ""fm1_unit_basis"": ""none"", ""fm2_in_frame_and_valid_frac"": 1.0, ""fm2_pass_frac_round3_joints_only"": 1.0, ""fm2_smplh_valid_frac"": 1.0, ""fm2_surface_correction_px_p50"": 48.04925794426663, ""fm2_vertex_worst_inset_min_px"": 4.218626818503708, ""fm2_violation_run_max_frames"": 0.0, ""fm2_violation_runs"": 0.0, ""fm2_windowed_pass_frac"": 1.0, ""fm3_static_frac"": 0.46683673469387754, ""observed_duration_s"": 196.0, ""reproj_px_p50"": 39.43549687298398, ""reproj_shoulder_widths_p50"": 0.10582408787618691, ""round3_gallery_group"": ""flagged_fm1_sitting"", ""unit_files"": 6.0, ""unit_flagged_frac"": 0.0, ""unit_hip_flexion_min"": 136.338827287528, ""unit_knee_between_min"": 0.5762377137979516}",render
r4_157,recheck_pass_157_V00_S1686_I00000606_P1161_f0002026,V00_S1686_I00000606_P1161,naturalistic/train/0028/0020/V00_S1686_I00000606_P1161,naturalistic/train/0028/0015/V00_S1686_I00000606_P0205,recheck_pass,recheck,naturalistic,2026,V00,naturalistic,train,grounded_gesture,shown in Round 3 as flagged_fm4_mutual_silence; re-judged under the Round-4 detectors,"{""clip_anchored_on_fm2_violation"": false, ""flag_count"": 0, ""flags_fired"": """", ""fm1_hip_flexion_deg_p50"": 157.24146094386953, ""fm1_knee_between_torso_p50"": 0.5785532814426729, ""fm1_leg_over_torso_p50"": 1.2413950446963447, ""fm1_reasons"": """", ""fm1_shin_verticality_p50"": 0.9995677477018703, ""fm1_sitting_file"": false, ""fm1_sitting_participant"": false, ""fm1_unit"": ""1161@1686"", ""fm1_unit_basis"": ""none"", ""fm2_in_frame_and_valid_frac"": 1.0, ""fm2_pass_frac_round3_joints_only"": 1.0, ""fm2_smplh_valid_frac"": 1.0, ""fm2_surface_correction_px_p50"": 30.618100147104883, ""fm2_vertex_worst_inset_min_px"": 168.94078800693472, ""fm2_violation_run_max_frames"": 0.0, ""fm2_violation_runs"": 0.0, ""fm2_windowed_pass_frac"": 1.0, ""fm3_static_frac"": 0.4884408602150538, ""observed_duration_s"": 124.0, ""reproj_px_p50"": 34.66558586032936, ""reproj_shoulder_widths_p50"": 0.12246491225157297, ""round3_gallery_group"": ""flagged_fm4_mutual_silence"", ""unit_files"": 4.0, ""unit_flagged_frac"": 0.0, ""unit_hip_flexion_min"": 157.24146094386953, ""unit_knee_between_min"": 0.57578339787307}",render
r4_159,recheck_pass_159_V00_S0785_I00000384_P0464A_f0000458,V00_S0785_I00000384_P0464A,improvised/train/0015/0001/V00_S0785_I00000384_P0464A,improvised/train/0015/0010/V00_S0785_I00000384_P0924,recheck_pass,recheck,improvised,458,V00,improvised,train,ipc_conversation,shown in Round 3 as pass_improvised; re-judged under the Round-4 detectors,"{""clip_anchored_on_fm2_violation"": false, ""flag_count"": 0, ""flags_fired"": """", ""fm1_hip_flexion_deg_p50"": 157.50113475837588, ""fm1_knee_between_torso_p50"": 0.5582920352314478, ""fm1_leg_over_torso_p50"": 1.277595028947695, ""fm1_reasons"": """", ""fm1_shin_verticality_p50"": 0.9996144247580518, ""fm1_sitting_file"": false, ""fm1_sitting_participant"": false, ""fm1_unit"": ""0464A@0785"", ""fm1_unit_basis"": ""none"", ""fm2_in_frame_and_valid_frac"": 1.0, ""fm2_pass_frac_round3_joints_only"": 1.0, ""fm2_smplh_valid_frac"": 1.0, ""fm2_surface_correction_px_p50"": 31.67060798800344, ""fm2_vertex_worst_inset_min_px"": 34.429219416558965, ""fm2_violation_run_max_frames"": 0.0, ""fm2_violation_runs"": 0.0, ""fm2_windowed_pass_frac"": 1.0, ""fm3_static_frac"": 0.2964646464646465, ""observed_duration_s"": 132.0, ""reproj_px_p50"": 41.1121726526291, ""reproj_shoulder_widths_p50"": 0.12501853013339487, ""round3_gallery_group"": ""pass_improvised"", ""unit_files"": 4.0, ""unit_flagged_frac"": 0.0, ""unit_hip_flexion_min"": 157.50113475837588, ""unit_knee_between_min"": 0.5568625873336317}",render
r4_160,recheck_pass_160_V00_S1959_I00000250_P1228_f0002992,V00_S1959_I00000250_P1228,naturalistic/train/0032/0017/V00_S1959_I00000250_P1228,naturalistic/train/0032/0029/V00_S1959_I00000250_P0984,recheck_pass,recheck,naturalistic,2992,V00,naturalistic,train,ipc_conversation,shown in Round 3 as flagged_fm2_framing; re-judged under the Round-4 detectors,"{""clip_anchored_on_fm2_violation"": false, ""flag_count"": 0, ""flags_fired"": """", ""fm1_hip_flexion_deg_p50"": 132.20360939907354, ""fm1_knee_between_torso_p50"": 0.519477946277745, ""fm1_leg_over_torso_p50"": 1.0984187773750822, ""fm1_reasons"": """", ""fm1_shin_verticality_p50"": 0.992277908923154, ""fm1_sitting_file"": false, ""fm1_sitting_participant"": false, ""fm1_unit"": ""1228@1959"", ""fm1_unit_basis"": ""none"", ""fm2_in_frame_and_valid_frac"": 0.9992753623188406, ""fm2_pass_frac_round3_joints_only"": 0.9995169082125603, ""fm2_smplh_valid_frac"": 1.0, ""fm2_surface_correction_px_p50"": 40.98015393980711, ""fm2_vertex_worst_inset_min_px"": -6.352885533596577, ""fm2_violation_run_max_frames"": 3.0, ""fm2_violation_runs"": 1.0, ""fm2_windowed_pass_frac"": 0.75, ""fm3_static_frac"": 0.18985507246376812, ""observed_duration_s"": 138.0, ""reproj_px_p50"": 42.903346261243655, ""reproj_shoulder_widths_p50"": 0.12378185139899055, ""round3_gallery_group"": ""flagged_fm2_framing"", ""unit_files"": 4.0, ""unit_flagged_frac"": 0.0, ""unit_hip_flexion_min"": 125.22852947864604, ""unit_knee_between_min"": 0.49944864867230215}",render
r4_161,recheck_pass_161_V00_S2034_I00000719_P1289A_f0001579,V00_S2034_I00000719_P1289A,improvised/train/0049/0019/V00_S2034_I00000719_P1289A,improvised/train/0049/0021/V00_S2034_I00000719_P1291A,recheck_pass,recheck,improvised,1579,V00,improvised,train,ipc_conversation,shown in Round 3 as flagged_fm4_mutual_silence; re-judged under the Round-4 detectors,"{""clip_anchored_on_fm2_violation"": false, ""flag_count"": 0, ""flags_fired"": """", ""fm1_hip_flexion_deg_p50"": 152.65509833277687, ""fm1_knee_between_torso_p50"": 0.5705636873587236, ""fm1_leg_over_torso_p50"": 1.233612444254554, ""fm1_reasons"": """", ""fm1_shin_verticality_p50"": 0.9982743697892431, ""fm1_sitting_file"": false, ""fm1_sitting_participant"": false, ""fm1_unit"": ""1289A@2034"", ""fm1_unit_basis"": ""none"", ""fm2_in_frame_and_valid_frac"": 1.0, ""fm2_pass_frac_round3_joints_only"": 1.0, ""fm2_smplh_valid_frac"": 1.0, ""fm2_surface_correction_px_p50"": 41.43086797683293, ""fm2_vertex_worst_inset_min_px"": 166.51456820745665, ""fm2_violation_run_max_frames"": 0.0, ""fm2_violation_runs"": 0.0, ""fm2_windowed_pass_frac"": 1.0, ""fm3_static_frac"": 0.16825396825396827, ""observed_duration_s"": 252.0, ""reproj_px_p50"": 28.1671963396154, ""reproj_shoulder_widths_p50"": 0.09260622169527721, ""round3_gallery_group"": ""flagged_fm4_mutual_silence"", ""unit_files"": 1.0, ""unit_flagged_frac"": 0.0, ""unit_hip_flexion_min"": 152.65509833277687, ""unit_knee_between_min"": 0.5705636873587236}",render
r4_162,recheck_pass_162_V00_S0385_I00000371_P0510_f0002529,V00_S0385_I00000371_P0510,naturalistic/train/0010/0028/V00_S0385_I00000371_P0510,naturalistic/train/0010/0043/V00_S0385_I00000371_P0119,recheck_pass,recheck,naturalistic,2529,V00,naturalistic,train,ipc_conversation,shown in Round 3 as pass_naturalistic; re-judged under the Round-4 detectors,"{""clip_anchored_on_fm2_violation"": false, ""flag_count"": 0, ""flags_fired"": """", ""fm1_hip_flexion_deg_p50"": 120.89849463636952, ""fm1_knee_between_torso_p50"": 0.4833749466511462, ""fm1_leg_over_torso_p50"": 1.0164921507850502, ""fm1_reasons"": """", ""fm1_shin_verticality_p50"": 0.9994449000839116, ""fm1_sitting_file"": false, ""fm1_sitting_participant"": false, ""fm1_unit"": ""0510@0385"", ""fm1_unit_basis"": ""none"", ""fm2_in_frame_and_valid_frac"": 0.9998575498575498, ""fm2_pass_frac_round3_joints_only"": 1.0, ""fm2_smplh_valid_frac"": 1.0, ""fm2_surface_correction_px_p50"": 49.93707430482846, ""fm2_vertex_worst_inset_min_px"": 30.278714970195722, ""fm2_violation_run_max_frames"": 1.0, ""fm2_violation_runs"": 1.0, ""fm2_windowed_pass_frac"": 1.0, ""fm3_static_frac"": 0.6914529914529914, ""observed_duration_s"": 234.0, ""reproj_px_p50"": 27.601368761401957, ""reproj_shoulder_widths_p50"": 0.07270738597334328, ""round3_gallery_group"": ""pass_naturalistic"", ""unit_files"": 1.0, ""unit_flagged_frac"": 0.0, ""unit_hip_flexion_min"": 120.89849463636952, ""unit_knee_between_min"": 0.4833749466511462}",render
r4_164,recheck_pass_164_V00_S0516_I00000379_P0027A_f0001293,V00_S0516_I00000379_P0027A,naturalistic/train/0014/0041/V00_S0516_I00000379_P0027A,naturalistic/train/0014/0038/V00_S0516_I00000379_P0658A,recheck_pass,recheck,naturalistic,1293,V00,naturalistic,train,ipc_conversation,shown in Round 3 as pass_naturalistic; re-judged under the Round-4 detectors,"{""clip_anchored_on_fm2_violation"": false, ""flag_count"": 0, ""flags_fired"": """", ""fm1_hip_flexion_deg_p50"": 149.66518914847956, ""fm1_knee_between_torso_p50"": 0.5143433640841314, ""fm1_leg_over_torso_p50"": 1.4490561741449601, ""fm1_reasons"": """", ""fm1_shin_verticality_p50"": 0.9988123522299989, ""fm1_sitting_file"": false, ""fm1_sitting_participant"": false, ""fm1_unit"": ""0027A@0516"", ""fm1_unit_basis"": ""none"", ""fm2_in_frame_and_valid_frac"": 1.0, ""fm2_pass_frac_round3_joints_only"": 1.0, ""fm2_smplh_valid_frac"": 1.0, ""fm2_surface_correction_px_p50"": 32.88692741927798, ""fm2_vertex_worst_inset_min_px"": 107.71441082196861, ""fm2_violation_run_max_frames"": 0.0, ""fm2_violation_runs"": 0.0, ""fm2_windowed_pass_frac"": 1.0, ""fm3_static_frac"": 0.4335748792270531, ""observed_duration_s"": 138.0, ""reproj_px_p50"": 16.404106140488928, ""reproj_shoulder_widths_p50"": 0.05444975107991426, ""round3_gallery_group"": ""pass_naturalistic"", ""unit_files"": 1.0, ""unit_flagged_frac"": 0.0, ""unit_hip_flexion_min"": 149.66518914847956, ""unit_knee_between_min"": 0.5143433640841314}",render
r4_165,recheck_pass_165_V00_S0786_I00000535_P0806_f0003166,V00_S0786_I00000535_P0806,improvised/train/0015/0009/V00_S0786_I00000535_P0806,improvised/train/0015/0028/V00_S0786_I00000535_P0920A,recheck_pass,recheck,improvised,3166,V00,improvised,train,ipc_conversation,shown in Round 3 as pass_improvised; re-judged under the Round-4 detectors,"{""clip_anchored_on_fm2_violation"": false, ""flag_count"": 0, ""flags_fired"": """", ""fm1_hip_flexion_deg_p50"": 146.6012351244388, ""fm1_knee_between_torso_p50"": 0.5170352397337243, ""fm1_leg_over_torso_p50"": 1.5457306815358764, ""fm1_reasons"": """", ""fm1_shin_verticality_p50"": 0.9996714331726191, ""fm1_sitting_file"": false, ""fm1_sitting_participant"": false, ""fm1_unit"": ""0806@0786"", ""fm1_unit_basis"": ""none"", ""fm2_in_frame_and_valid_frac"": 0.9998062015503876, ""fm2_pass_frac_round3_joints_only"": 1.0, ""fm2_smplh_valid_frac"": 1.0, ""fm2_surface_correction_px_p50"": 38.69181845606465, ""fm2_vertex_worst_inset_min_px"": 16.685734552444956, ""fm2_violation_run_max_frames"": 1.0, ""fm2_violation_runs"": 1.0, ""fm2_windowed_pass_frac"": 1.0, ""fm3_static_frac"": 0.5327519379844962, ""observed_duration_s"": 172.0, ""reproj_px_p50"": 14.554569646243852, ""reproj_shoulder_widths_p50"": 0.04518341822427053, ""round3_gallery_group"": ""pass_improvised"", ""unit_files"": 1.0, ""unit_flagged_frac"": 0.0, ""unit_hip_flexion_min"": 146.6012351244388, ""unit_knee_between_min"": 0.5170352397337243}",render
r4_167,recheck_pass_167_V00_S0491_I00000785_P0042A_f0003978,V00_S0491_I00000785_P0042A,improvised/train/0010/0050/V00_S0491_I00000785_P0042A,improvised/train/0010/0024/V00_S0491_I00000785_P0626,recheck_pass,recheck,improvised,3978,V00,improvised,train,grounded_gesture,shown in Round 3 as flagged_fm4_mutual_silence; re-judged under the Round-4 detectors,"{""clip_anchored_on_fm2_violation"": false, ""flag_count"": 0, ""flags_fired"": """", ""fm1_hip_flexion_deg_p50"": 149.45099381535744, ""fm1_knee_between_torso_p50"": 0.5226289712460561, ""fm1_leg_over_torso_p50"": 1.6389366934757463, ""fm1_reasons"": """", ""fm1_shin_verticality_p50"": 0.9945054626750784, ""fm1_sitting_file"": false, ""fm1_sitting_participant"": false, ""fm1_unit"": ""0042A@0491"", ""fm1_unit_basis"": ""none"", ""fm2_in_frame_and_valid_frac"": 1.0, ""fm2_pass_frac_round3_joints_only"": 1.0, ""fm2_smplh_valid_frac"": 1.0, ""fm2_surface_correction_px_p50"": 39.011738364536654, ""fm2_vertex_worst_inset_min_px"": 67.51145471217978, ""fm2_violation_run_max_frames"": 0.0, ""fm2_violation_runs"": 0.0, ""fm2_windowed_pass_frac"": 1.0, ""fm3_static_frac"": 0.15919540229885057, ""observed_duration_s"": 290.0, ""reproj_px_p50"": 21.734020681987975, ""reproj_shoulder_widths_p50"": 0.07400573626973622, ""round3_gallery_group"": ""flagged_fm4_mutual_silence"", ""unit_files"": 3.0, ""unit_flagged_frac"": 0.0, ""unit_hip_flexion_min"": 143.94464680021198, ""unit_knee_between_min"": 0.5044763837482}",render
r4_170,recheck_pass_170_V00_S0342_I00000477_P0456_f0000967,V00_S0342_I00000477_P0456,naturalistic/train/0008/0024/V00_S0342_I00000477_P0456,naturalistic/train/0008/0015/V00_S0342_I00000477_P0455,recheck_pass,recheck,naturalistic,967,V00,naturalistic,train,ipc_conversation,shown in Round 3 as flagged_fm1_sitting; re-judged under the Round-4 detectors,"{""clip_anchored_on_fm2_violation"": false, ""flag_count"": 0, ""flags_fired"": """", ""fm1_hip_flexion_deg_p50"": 128.10441632562055, ""fm1_knee_between_torso_p50"": 0.6044828804709134, ""fm1_leg_over_torso_p50"": 0.8147038875080479, ""fm1_reasons"": """", ""fm1_shin_verticality_p50"": 0.9962406077895375, ""fm1_sitting_file"": false, ""fm1_sitting_participant"": false, ""fm1_unit"": ""0456@0342"", ""fm1_unit_basis"": ""none"", ""fm2_in_frame_and_valid_frac"": 1.0, ""fm2_pass_frac_round3_joints_only"": 1.0, ""fm2_smplh_valid_frac"": 1.0, ""fm2_surface_correction_px_p50"": 44.925027505983394, ""fm2_vertex_worst_inset_min_px"": 76.12274087741929, ""fm2_violation_run_max_frames"": 0.0, ""fm2_violation_runs"": 0.0, ""fm2_windowed_pass_frac"": 1.0, ""fm3_static_frac"": 0.21764705882352942, ""observed_duration_s"": 68.0, ""reproj_px_p50"": 39.37694591955969, ""reproj_shoulder_widths_p50"": 0.10431466580092642, ""round3_gallery_group"": ""flagged_fm1_sitting"", ""unit_files"": 5.0, ""unit_flagged_frac"": 0.0, ""unit_hip_flexion_min"": 125.83138193989714, ""unit_knee_between_min"": 0.5731492062359914}",render
r4_172,recheck_pass_172_V00_S1569_I00001029_P0193A_f0000630,V00_S1569_I00001029_P0193A,improvised/train/0037/0033/V00_S1569_I00001029_P0193A,improvised/train/0037/0051/V00_S1569_I00001029_P1104A,recheck_pass,recheck,improvised,630,V00,improvised,train,ipc_conversation,shown in Round 3 as pass_improvised; re-judged under the Round-4 detectors,"{""clip_anchored_on_fm2_violation"": false, ""flag_count"": 0, ""flags_fired"": """", ""fm1_hip_flexion_deg_p50"": 147.39653568857727, ""fm1_knee_between_torso_p50"": 0.5602782561905659, ""fm1_leg_over_torso_p50"": 1.2094931751023092, ""fm1_reasons"": """", ""fm1_shin_verticality_p50"": 0.9965457656284804, ""fm1_sitting_file"": false, ""fm1_sitting_participant"": false, ""fm1_unit"": ""0193A@1569"", ""fm1_unit_basis"": ""none"", ""fm2_in_frame_and_valid_frac"": 1.0, ""fm2_pass_frac_round3_joints_only"": 1.0, ""fm2_smplh_valid_frac"": 1.0, ""fm2_surface_correction_px_p50"": 25.4684912696668, ""fm2_vertex_worst_inset_min_px"": 46.81433174014853, ""fm2_violation_run_max_frames"": 0.0, ""fm2_violation_runs"": 0.0, ""fm2_windowed_pass_frac"": 1.0, ""fm3_static_frac"": 0.16763085399449035, ""observed_duration_s"": 242.0, ""reproj_px_p50"": 37.38479749852105, ""reproj_shoulder_widths_p50"": 0.13413325657397324, ""round3_gallery_group"": ""pass_improvised"", ""unit_files"": 2.0, ""unit_flagged_frac"": 0.0, ""unit_hip_flexion_min"": 147.36333338962368, ""unit_knee_between_min"": 0.5550050821520426}",render
r4_174,recheck_pass_174_V00_S0050_I00000128_P0077_f0000801,V00_S0050_I00000128_P0077,naturalistic/train/0000/0025/V00_S0050_I00000128_P0077,naturalistic/train/0000/0020/V00_S0050_I00000128_P0078,recheck_pass,recheck,naturalistic,801,V00,naturalistic,train,ipc_conversation,shown in Round 3 as pass_naturalistic; re-judged under the Round-4 detectors,"{""clip_anchored_on_fm2_violation"": false, ""flag_count"": 0, ""flags_fired"": """", ""fm1_hip_flexion_deg_p50"": 145.74545561631015, ""fm1_knee_between_torso_p50"": 0.5161482874103978, ""fm1_leg_over_torso_p50"": 1.3272551334049003, ""fm1_reasons"": """", ""fm1_shin_verticality_p50"": 0.9918816714097367, ""fm1_sitting_file"": false, ""fm1_sitting_participant"": false, ""fm1_unit"": ""0077@0050"", ""fm1_unit_basis"": ""none"", ""fm2_in_frame_and_valid_frac"": 1.0, ""fm2_pass_frac_round3_joints_only"": 1.0, ""fm2_smplh_valid_frac"": 1.0, ""fm2_surface_correction_px_p50"": 39.70487601486673, ""fm2_vertex_worst_inset_min_px"": 68.21537251051382, ""fm2_violation_run_max_frames"": 0.0, ""fm2_violation_runs"": 0.0, ""fm2_windowed_pass_frac"": 1.0, ""fm3_static_frac"": 0.7166666666666667, ""observed_duration_s"": 68.0, ""reproj_px_p50"": 33.64221153030072, ""reproj_shoulder_widths_p50"": 0.1054552521013079, ""round3_gallery_group"": ""pass_naturalistic"", ""unit_files"": 2.0, ""unit_flagged_frac"": 0.0, ""unit_hip_flexion_min"": 145.74545561631015, ""unit_knee_between_min"": 0.5161482874103978}",render
r4_175,recheck_pass_175_V00_S0317_I00000478_P0428_f0000974,V00_S0317_I00000478_P0428,naturalistic/train/0007/0010/V00_S0317_I00000478_P0428,naturalistic/train/0007/0035/V00_S0317_I00000478_P0360,recheck_pass,recheck,naturalistic,974,V00,naturalistic,train,ipc_conversation,shown in Round 3 as pass_naturalistic; re-judged under the Round-4 detectors,"{""clip_anchored_on_fm2_violation"": false, ""flag_count"": 0, ""flags_fired"": """", ""fm1_hip_flexion_deg_p50"": 149.33162872658886, ""fm1_knee_between_torso_p50"": 0.5461398393714418, ""fm1_leg_over_torso_p50"": 1.2474527724577407, ""fm1_reasons"": """", ""fm1_shin_verticality_p50"": 0.9999999999999676, ""fm1_sitting_file"": false, ""fm1_sitting_participant"": false, ""fm1_unit"": ""0428@0317"", ""fm1_unit_basis"": ""none"", ""fm2_in_frame_and_valid_frac"": 1.0, ""fm2_pass_frac_round3_joints_only"": 1.0, ""fm2_smplh_valid_frac"": 1.0, ""fm2_surface_correction_px_p50"": 37.925096210371294, ""fm2_vertex_worst_inset_min_px"": 28.182392981669636, ""fm2_violation_run_max_frames"": 0.0, ""fm2_violation_runs"": 0.0, ""fm2_windowed_pass_frac"": 1.0, ""fm3_static_frac"": 0.000273224043715847, ""observed_duration_s"": 122.0, ""reproj_px_p50"": 18.251972475644767, ""reproj_shoulder_widths_p50"": 0.05367220991992051, ""round3_gallery_group"": ""pass_naturalistic"", ""unit_files"": 2.0, ""unit_flagged_frac"": 0.0, ""unit_hip_flexion_min"": 149.33162872658886, ""unit_knee_between_min"": 0.5461398393714418}",render
r4_176,recheck_pass_176_V00_S1258_I00000689_P0328A_f0007233,V00_S1258_I00000689_P0328A,improvised/train/0028/0026/V00_S1258_I00000689_P0328A,improvised/train/0028/0026/V00_S1258_I00000689_P0602A,recheck_pass,recheck,improvised,7233,V00,improvised,train,ipc_conversation,shown in Round 3 as pass_improvised; re-judged under the Round-4 detectors,"{""clip_anchored_on_fm2_violation"": false, ""flag_count"": 0, ""flags_fired"": """", ""fm1_hip_flexion_deg_p50"": 143.71194088371996, ""fm1_knee_between_torso_p50"": 0.5634313953543109, ""fm1_leg_over_torso_p50"": 1.1064760145281238, ""fm1_reasons"": """", ""fm1_shin_verticality_p50"": 0.9995920858702625, ""fm1_sitting_file"": false, ""fm1_sitting_participant"": false, ""fm1_unit"": ""0328A@1258"", ""fm1_unit_basis"": ""none"", ""fm2_in_frame_and_valid_frac"": 1.0, ""fm2_pass_frac_round3_joints_only"": 1.0, ""fm2_smplh_valid_frac"": 1.0, ""fm2_surface_correction_px_p50"": 33.9636647477447, ""fm2_vertex_worst_inset_min_px"": 40.96877062782096, ""fm2_violation_run_max_frames"": 0.0, ""fm2_violation_runs"": 0.0, ""fm2_windowed_pass_frac"": 1.0, ""fm3_static_frac"": 0.11104166666666666, ""observed_duration_s"": 320.0, ""reproj_px_p50"": 40.95750622488232, ""reproj_shoulder_widths_p50"": 0.12397279072179584, ""round3_gallery_group"": ""pass_improvised"", ""unit_files"": 1.0, ""unit_flagged_frac"": 0.0, ""unit_hip_flexion_min"": 143.71194088371996, ""unit_knee_between_min"": 0.5634313953543109}",render
r4_178,recheck_pass_178_V00_S1351_I00000635_P0180A_f0000085,V00_S1351_I00000635_P0180A,improvised/train/0031/0024/V00_S1351_I00000635_P0180A,improvised/train/0031/0017/V00_S1351_I00000635_P0323A,recheck_pass,recheck,improvised,85,V00,improvised,train,ipc_conversation,shown in Round 3 as pass_improvised; re-judged under the Round-4 detectors,"{""clip_anchored_on_fm2_violation"": false, ""flag_count"": 0, ""flags_fired"": """", ""fm1_hip_flexion_deg_p50"": 140.3204069937055, ""fm1_knee_between_torso_p50"": 0.5418612217609411, ""fm1_leg_over_torso_p50"": 1.0884225944630948, ""fm1_reasons"": """", ""fm1_shin_verticality_p50"": 0.9854601504093765, ""fm1_sitting_file"": false, ""fm1_sitting_participant"": false, ""fm1_unit"": ""0180A@1351"", ""fm1_unit_basis"": ""none"", ""fm2_in_frame_and_valid_frac"": 0.9980815347721822, ""fm2_pass_frac_round3_joints_only"": 1.0, ""fm2_smplh_valid_frac"": 1.0, ""fm2_surface_correction_px_p50"": 38.91548815385613, ""fm2_vertex_worst_inset_min_px"": -0.840139341783015, ""fm2_violation_run_max_frames"": 16.0, ""fm2_violation_runs"": 1.0, ""fm2_windowed_pass_frac"": 1.0, ""fm3_static_frac"": 0.06366906474820144, ""observed_duration_s"": 278.0, ""reproj_px_p50"": 45.38022692814921, ""reproj_shoulder_widths_p50"": 0.14428434495189807, ""round3_gallery_group"": ""pass_improvised"", ""unit_files"": 1.0, ""unit_flagged_frac"": 0.0, ""unit_hip_flexion_min"": 140.3204069937055, ""unit_knee_between_min"": 0.5418612217609411}",render
r4_180,recheck_pass_180_V00_S0151_I00000495_P0215_f0000360,V00_S0151_I00000495_P0215,naturalistic/train/0003/0001/V00_S0151_I00000495_P0215,naturalistic/train/0003/0010/V00_S0151_I00000495_P0214,recheck_pass,recheck,naturalistic,360,V00,naturalistic,train,ipc_conversation,shown in Round 3 as pass_naturalistic; re-judged under the Round-4 detectors,"{""clip_anchored_on_fm2_violation"": false, ""flag_count"": 0, ""flags_fired"": """", ""fm1_hip_flexion_deg_p50"": 131.32671915434278, ""fm1_knee_between_torso_p50"": 0.49823199108603455, ""fm1_leg_over_torso_p50"": 1.1600878382509578, ""fm1_reasons"": """", ""fm1_shin_verticality_p50"": 0.9995411800523725, ""fm1_sitting_file"": false, ""fm1_sitting_participant"": false, ""fm1_unit"": ""0215@0151"", ""fm1_unit_basis"": ""none"", ""fm2_in_frame_and_valid_frac"": 1.0, ""fm2_pass_frac_round3_joints_only"": 1.0, ""fm2_smplh_valid_frac"": 1.0, ""fm2_surface_correction_px_p50"": 40.929483327521666, ""fm2_vertex_worst_inset_min_px"": 86.02926602667026, ""fm2_violation_run_max_frames"": 0.0, ""fm2_violation_runs"": 0.0, ""fm2_windowed_pass_frac"": 1.0, ""fm3_static_frac"": 0.23397435897435898, ""observed_duration_s"": 52.0, ""reproj_px_p50"": 26.769642409638635, ""reproj_shoulder_widths_p50"": 0.07868103132696246, ""round3_gallery_group"": ""pass_naturalistic"", ""unit_files"": 2.0, ""unit_flagged_frac"": 0.0, ""unit_hip_flexion_min"": 131.32671915434278, ""unit_knee_between_min"": 0.49823199108603455}",render
r4_181,recheck_pass_181_V00_S0151_I00000515_P0214_f0000705,V00_S0151_I00000515_P0214,naturalistic/train/0003/0033/V00_S0151_I00000515_P0214,naturalistic/train/0003/0040/V00_S0151_I00000515_P0215,recheck_pass,recheck,naturalistic,705,V00,naturalistic,train,ipc_conversation,shown in Round 3 as flagged_fm4_mutual_silence; re-judged under the Round-4 detectors,"{""clip_anchored_on_fm2_violation"": false, ""flag_count"": 0, ""flags_fired"": """", ""fm1_hip_flexion_deg_p50"": 160.73216634837326, ""fm1_knee_between_torso_p50"": 0.6118413484509103, ""fm1_leg_over_torso_p50"": 1.0964699270205316, ""fm1_reasons"": """", ""fm1_shin_verticality_p50"": 0.9977851681734471, ""fm1_sitting_file"": false, ""fm1_sitting_participant"": false, ""fm1_unit"": ""0214@0151"", ""fm1_unit_basis"": ""none"", ""fm2_in_frame_and_valid_frac"": 1.0, ""fm2_pass_frac_round3_joints_only"": 1.0, ""fm2_smplh_valid_frac"": 1.0, ""fm2_surface_correction_px_p50"": 43.91433197495769, ""fm2_vertex_worst_inset_min_px"": 108.09580535175837, ""fm2_violation_run_max_frames"": 0.0, ""fm2_violation_runs"": 0.0, ""fm2_windowed_pass_frac"": 1.0, ""fm3_static_frac"": 0.6333333333333333, ""observed_duration_s"": 56.0, ""reproj_px_p50"": 13.792503078375445, ""reproj_shoulder_widths_p50"": 0.04127300613815034, ""round3_gallery_group"": ""flagged_fm4_mutual_silence"", ""unit_files"": 2.0, ""unit_flagged_frac"": 0.0, ""unit_hip_flexion_min"": 159.7612514070804, ""unit_knee_between_min"": 0.6118413484509103}",render
r4_183,recheck_pass_183_V00_S0318_I00000488_P0089_f0003773,V00_S0318_I00000488_P0089,naturalistic/train/0008/0013/V00_S0318_I00000488_P0089,naturalistic/train/0008/0007/V00_S0318_I00000488_P0430,recheck_pass,recheck,naturalistic,3773,V00,naturalistic,train,ipc_conversation,shown in Round 3 as flagged_multi; re-judged under the Round-4 detectors,"{""clip_anchored_on_fm2_violation"": false, ""flag_count"": 0, ""flags_fired"": """", ""fm1_hip_flexion_deg_p50"": 147.6063453745292, ""fm1_knee_between_torso_p50"": 0.5475648153908683, ""fm1_leg_over_torso_p50"": 1.2263535002741124, ""fm1_reasons"": """", ""fm1_shin_verticality_p50"": 0.992277890399392, ""fm1_sitting_file"": false, ""fm1_sitting_participant"": false, ""fm1_unit"": ""0089@0318"", ""fm1_unit_basis"": ""none"", ""fm2_in_frame_and_valid_frac"": 0.9904255319148936, ""fm2_pass_frac_round3_joints_only"": 0.999113475177305, ""fm2_smplh_valid_frac"": 1.0, ""fm2_surface_correction_px_p50"": 43.59990534296958, ""fm2_vertex_worst_inset_min_px"": -26.651231872172048, ""fm2_violation_run_max_frames"": 12.0, ""fm2_violation_runs"": 11.0, ""fm2_windowed_pass_frac"": 0.8333333333333334, ""fm3_static_frac"": 0.021631205673758865, ""observed_duration_s"": 188.0, ""reproj_px_p50"": 18.270302064311043, ""reproj_shoulder_widths_p50"": 0.04555448481145179, ""round3_gallery_group"": ""flagged_multi"", ""unit_files"": 2.0, ""unit_flagged_frac"": 0.0, ""unit_hip_flexion_min"": 147.6063453745292, ""unit_knee_between_min"": 0.5379529827334599}",render
r4_191,recheck_pass_191_V00_S0101_I00000495_P0149_f0002743,V00_S0101_I00000495_P0149,naturalistic/train/0001/0001/V00_S0101_I00000495_P0149,naturalistic/train/0001/0009/V00_S0101_I00000495_P0148,recheck_pass,recheck,naturalistic,2743,V00,naturalistic,train,ipc_conversation,shown in Round 3 as pass_naturalistic; re-judged under the Round-4 detectors,"{""clip_anchored_on_fm2_violation"": false, ""flag_count"": 0, ""flags_fired"": """", ""fm1_hip_flexion_deg_p50"": 157.64342830492933, ""fm1_knee_between_torso_p50"": 0.574753779490675, ""fm1_leg_over_torso_p50"": 1.3390897852442256, ""fm1_reasons"": """", ""fm1_shin_verticality_p50"": 0.9996349670342075, ""fm1_sitting_file"": false, ""fm1_sitting_participant"": false, ""fm1_unit"": ""0149@0101"", ""fm1_unit_basis"": ""none"", ""fm2_in_frame_and_valid_frac"": 1.0, ""fm2_pass_frac_round3_joints_only"": 1.0, ""fm2_smplh_valid_frac"": 1.0, ""fm2_surface_correction_px_p50"": 40.22824770594639, ""fm2_vertex_worst_inset_min_px"": 62.988288549548315, ""fm2_violation_run_max_frames"": 0.0, ""fm2_violation_runs"": 0.0, ""fm2_windowed_pass_frac"": 1.0, ""fm3_static_frac"": 0.007004830917874396, ""observed_duration_s"": 138.0, ""reproj_px_p50"": 24.453107663456883, ""reproj_shoulder_widths_p50"": 0.07997809715475974, ""round3_gallery_group"": ""pass_naturalistic"", ""unit_files"": 2.0, ""unit_flagged_frac"": 0.0, ""unit_hip_flexion_min"": 157.64342830492933, ""unit_knee_between_min"": 0.574753779490675}",render
r4_197,recheck_pass_197_V00_S1882_I00000034_P0439_f0004771,V00_S1882_I00000034_P0439,naturalistic/train/0030/0016/V00_S1882_I00000034_P0439,naturalistic/train/0030/0028/V00_S1882_I00000034_P1195,recheck_pass,recheck,naturalistic,4771,V00,naturalistic,train,ipc_conversation,shown in Round 3 as pass_naturalistic; re-judged under the Round-4 detectors,"{""clip_anchored_on_fm2_violation"": false, ""flag_count"": 0, ""flags_fired"": """", ""fm1_hip_flexion_deg_p50"": 159.1441961658338, ""fm1_knee_between_torso_p50"": 0.5862109869699571, ""fm1_leg_over_torso_p50"": 1.20962820828648, ""fm1_reasons"": """", ""fm1_shin_verticality_p50"": 0.9995920816369868, ""fm1_sitting_file"": false, ""fm1_sitting_participant"": false, ""fm1_unit"": ""0439@1882"", ""fm1_unit_basis"": ""none"", ""fm2_in_frame_and_valid_frac"": 1.0, ""fm2_pass_frac_round3_joints_only"": 1.0, ""fm2_smplh_valid_frac"": 1.0, ""fm2_surface_correction_px_p50"": 37.83533761246247, ""fm2_vertex_worst_inset_min_px"": 54.82216578479847, ""fm2_violation_run_max_frames"": 0.0, ""fm2_violation_runs"": 0.0, ""fm2_windowed_pass_frac"": 1.0, ""fm3_static_frac"": 0.17484276729559747, ""observed_duration_s"": 318.0, ""reproj_px_p50"": 41.074898444102914, ""reproj_shoulder_widths_p50"": 0.13464717048907274, ""round3_gallery_group"": ""pass_naturalistic"", ""unit_files"": 2.0, ""unit_flagged_frac"": 0.0, ""unit_hip_flexion_min"": 159.1441961658338, ""unit_knee_between_min"": 0.5850556604195268}",render
r4_199,recheck_pass_199_V00_S0441_I00000375_P0579_f0003159,V00_S0441_I00000375_P0579,naturalistic/train/0011/0022/V00_S0441_I00000375_P0579,naturalistic/train/0011/0010/V00_S0441_I00000375_P0578,recheck_pass,recheck,naturalistic,3159,V00,naturalistic,train,ipc_conversation,shown in Round 3 as pass_naturalistic; re-judged under the Round-4 detectors,"{""clip_anchored_on_fm2_violation"": false, ""flag_count"": 0, ""flags_fired"": """", ""fm1_hip_flexion_deg_p50"": 153.1772187013624, ""fm1_knee_between_torso_p50"": 0.5778768770595362, ""fm1_leg_over_torso_p50"": 1.2017667492662962, ""fm1_reasons"": """", ""fm1_shin_verticality_p50"": 0.9994449112977397, ""fm1_sitting_file"": false, ""fm1_sitting_participant"": false, ""fm1_unit"": ""0579@0441"", ""fm1_unit_basis"": ""none"", ""fm2_in_frame_and_valid_frac"": 1.0, ""fm2_pass_frac_round3_joints_only"": 1.0, ""fm2_smplh_valid_frac"": 1.0, ""fm2_surface_correction_px_p50"": 37.576139100310684, ""fm2_vertex_worst_inset_min_px"": 76.32211467846344, ""fm2_violation_run_max_frames"": 0.0, ""fm2_violation_runs"": 0.0, ""fm2_windowed_pass_frac"": 1.0, ""fm3_static_frac"": 0.009501557632398754, ""observed_duration_s"": 214.0, ""reproj_px_p50"": 41.381466160621734, ""reproj_shoulder_widths_p50"": 0.1268240632070124, ""round3_gallery_group"": ""pass_naturalistic"", ""unit_files"": 2.0, ""unit_flagged_frac"": 0.0, ""unit_hip_flexion_min"": 152.93997351743994, ""unit_knee_between_min"": 0.5680020470597715}",render
r4_200,recheck_pass_200_V00_S1129_I00001000_P0185A_f0004940,V00_S1129_I00001000_P0185A,improvised/train/0024/0062/V00_S1129_I00001000_P0185A,improvised/train/0024/0030/V00_S1129_I00001000_P0230A,recheck_pass,recheck,improvised,4940,V00,improvised,train,ipc_conversation,shown in Round 3 as pass_improvised; re-judged under the Round-4 detectors,"{""clip_anchored_on_fm2_violation"": false, ""flag_count"": 0, ""flags_fired"": """", ""fm1_hip_flexion_deg_p50"": 143.50044970202947, ""fm1_knee_between_torso_p50"": 0.5545330388639108, ""fm1_leg_over_torso_p50"": 1.1056004606156407, ""fm1_reasons"": """", ""fm1_shin_verticality_p50"": 0.9981685017330244, ""fm1_sitting_file"": false, ""fm1_sitting_participant"": false, ""fm1_unit"": ""0185A@1129"", ""fm1_unit_basis"": ""none"", ""fm2_in_frame_and_valid_frac"": 1.0, ""fm2_pass_frac_round3_joints_only"": 1.0, ""fm2_smplh_valid_frac"": 1.0, ""fm2_surface_correction_px_p50"": 33.75590446811228, ""fm2_vertex_worst_inset_min_px"": 100.05348097100119, ""fm2_violation_run_max_frames"": 0.0, ""fm2_violation_runs"": 0.0, ""fm2_windowed_pass_frac"": 1.0, ""fm3_static_frac"": 0.08246376811594203, ""observed_duration_s"": 230.0, ""reproj_px_p50"": 24.62494160894743, ""reproj_shoulder_widths_p50"": 0.0788175476342809, ""round3_gallery_group"": ""pass_improvised"", ""unit_files"": 2.0, ""unit_flagged_frac"": 0.0, ""unit_hip_flexion_min"": 141.01855924215585, ""unit_knee_between_min"": 0.5456720360845317}",render
r4_201,recheck_pass_201_V00_S0126_I00000126_P0003A_f0000464,V00_S0126_I00000126_P0003A,improvised/train/0002/0031/V00_S0126_I00000126_P0003A,improvised/train/0002/0010/V00_S0126_I00000126_P0187,recheck_pass,recheck,improvised,464,V00,improvised,train,ipc_conversation,shown in Round 3 as pass_improvised; re-judged under the Round-4 detectors,"{""clip_anchored_on_fm2_violation"": false, ""flag_count"": 0, ""flags_fired"": """", ""fm1_hip_flexion_deg_p50"": 130.55223463472348, ""fm1_knee_between_torso_p50"": 0.5076342056206389, ""fm1_leg_over_torso_p50"": 1.2125734008648323, ""fm1_reasons"": """", ""fm1_shin_verticality_p50"": 0.998274379749079, ""fm1_sitting_file"": false, ""fm1_sitting_participant"": false, ""fm1_unit"": ""0003A@0126"", ""fm1_unit_basis"": ""none"", ""fm2_in_frame_and_valid_frac"": 1.0, ""fm2_pass_frac_round3_joints_only"": 1.0, ""fm2_smplh_valid_frac"": 1.0, ""fm2_surface_correction_px_p50"": 101.61910755619067, ""fm2_vertex_worst_inset_min_px"": 97.64048741472743, ""fm2_violation_run_max_frames"": 0.0, ""fm2_violation_runs"": 0.0, ""fm2_windowed_pass_frac"": 1.0, ""fm3_static_frac"": 0.5803763440860215, ""observed_duration_s"": 124.0, ""reproj_px_p50"": 18.199377616645485, ""reproj_shoulder_widths_p50"": 0.05234731714893979, ""round3_gallery_group"": ""pass_improvised"", ""unit_files"": 2.0, ""unit_flagged_frac"": 0.0, ""unit_hip_flexion_min"": 130.55223463472348, ""unit_knee_between_min"": 0.5076342056206389}",render
r4_312,fresh_pass_naturalistic_312_V00_S0062_I00000126_P0093_f0000755,V00_S0062_I00000126_P0093,naturalistic/test/0000/0037/V00_S0062_I00000126_P0093,naturalistic/test/0000/0007/V00_S0062_I00000126_P0092,fresh_pass_naturalistic,fresh,naturalistic,755,V00,naturalistic,test,ipc_conversation,random draw from files passing all three detectors; participant not in the recheck cohort,"{""clip_anchored_on_fm2_violation"": false, ""flag_count"": 0, ""flags_fired"": """", ""fm1_hip_flexion_deg_p50"": 145.22436501940325, ""fm1_knee_between_torso_p50"": 0.5502598224538207, ""fm1_leg_over_torso_p50"": 1.2159912824805097, ""fm1_reasons"": """", ""fm1_shin_verticality_p50"": 0.9999999999998447, ""fm1_sitting_file"": false, ""fm1_sitting_participant"": false, ""fm1_unit"": ""0093@0062"", ""fm1_unit_basis"": ""none"", ""fm2_in_frame_and_valid_frac"": 1.0, ""fm2_pass_frac_round3_joints_only"": 1.0, ""fm2_smplh_valid_frac"": 1.0, ""fm2_surface_correction_px_p50"": 42.065005311725486, ""fm2_vertex_worst_inset_min_px"": 157.1261242515866, ""fm2_violation_run_max_frames"": 0.0, ""fm2_violation_runs"": 0.0, ""fm2_windowed_pass_frac"": 1.0, ""fm3_static_frac"": 0.5014767932489451, ""observed_duration_s"": 158.0, ""reproj_px_p50"": 37.030945822823035, ""reproj_shoulder_widths_p50"": 0.11556687667818541, ""unit_files"": 4.0, ""unit_flagged_frac"": 0.0, ""unit_hip_flexion_min"": 145.22436501940325, ""unit_knee_between_min"": 0.531420325007292}",render
r4_313,fresh_pass_naturalistic_313_V00_S0460_I00000377_P0589_f0005100,V00_S0460_I00000377_P0589,naturalistic/train/0012/0039/V00_S0460_I00000377_P0589,naturalistic/train/0012/0037/V00_S0460_I00000377_P0433,fresh_pass_naturalistic,fresh,naturalistic,5100,V00,naturalistic,train,ipc_conversation,random draw from files passing all three detectors; participant not in the recheck cohort,"{""clip_anchored_on_fm2_violation"": false, ""flag_count"": 0, ""flags_fired"": """", ""fm1_hip_flexion_deg_p50"": 162.55708718473164, ""fm1_knee_between_torso_p50"": 0.6166433592659284, ""fm1_leg_over_torso_p50"": 1.235818831736278, ""fm1_reasons"": """", ""fm1_shin_verticality_p50"": 0.9388763158866086, ""fm1_sitting_file"": false, ""fm1_sitting_participant"": false, ""fm1_unit"": ""0589@0460"", ""fm1_unit_basis"": ""none"", ""fm2_in_frame_and_valid_frac"": 1.0, ""fm2_pass_frac_round3_joints_only"": 1.0, ""fm2_smplh_valid_frac"": 1.0, ""fm2_surface_correction_px_p50"": 43.223433288466026, ""fm2_vertex_worst_inset_min_px"": 39.288941717503576, ""fm2_violation_run_max_frames"": 0.0, ""fm2_violation_runs"": 0.0, ""fm2_windowed_pass_frac"": 1.0, ""fm3_static_frac"": 0.07847222222222222, ""observed_duration_s"": 288.0, ""reproj_px_p50"": 14.790825892178637, ""reproj_shoulder_widths_p50"": 0.044082566152750934, ""unit_files"": 1.0, ""unit_flagged_frac"": 0.0, ""unit_hip_flexion_min"": 162.55708718473164, ""unit_knee_between_min"": 0.6166433592659284}",render
r4_314,fresh_pass_naturalistic_314_V00_S0829_I00000373_P0430_f0000984,V00_S0829_I00000373_P0430,naturalistic/train/0023/0009/V00_S0829_I00000373_P0430,naturalistic/train/0023/0026/V00_S0829_I00000373_P0962,fresh_pass_naturalistic,fresh,naturalistic,984,V00,naturalistic,train,ipc_conversation,random draw from files passing all three detectors; participant not in the recheck cohort,"{""clip_anchored_on_fm2_violation"": false, ""flag_count"": 0, ""flags_fired"": """", ""fm1_hip_flexion_deg_p50"": 155.17018292686816, ""fm1_knee_between_torso_p50"": 0.5731905283940182, ""fm1_leg_over_torso_p50"": 1.2582687243519666, ""fm1_reasons"": """", ""fm1_shin_verticality_p50"": 0.9980525746042508, ""fm1_sitting_file"": false, ""fm1_sitting_participant"": false, ""fm1_unit"": ""0430@0829"", ""fm1_unit_basis"": ""none"", ""fm2_in_frame_and_valid_frac"": 0.9952586206896552, ""fm2_pass_frac_round3_joints_only"": 1.0, ""fm2_smplh_valid_frac"": 1.0, ""fm2_surface_correction_px_p50"": 33.0240850273409, ""fm2_vertex_worst_inset_min_px"": -1.056716232368899, ""fm2_violation_run_max_frames"": 6.0, ""fm2_violation_runs"": 15.0, ""fm2_windowed_pass_frac"": 1.0, ""fm3_static_frac"": 0.002011494252873563, ""observed_duration_s"": 232.0, ""reproj_px_p50"": 42.96213793052085, ""reproj_shoulder_widths_p50"": 0.13168785258777513, ""unit_files"": 2.0, ""unit_flagged_frac"": 0.0, ""unit_hip_flexion_min"": 149.25525718006162, ""unit_knee_between_min"": 0.5502698126215568}",render
r4_315,fresh_pass_naturalistic_315_V00_S0539_I00000135_P0684_f0001382,V00_S0539_I00000135_P0684,naturalistic/train/0015/0016/V00_S0539_I00000135_P0684,naturalistic/train/0015/0007/V00_S0539_I00000135_P0685,fresh_pass_naturalistic,fresh,naturalistic,1382,V00,naturalistic,train,collaborative_storytelling,random draw from files passing all three detectors; participant not in the recheck cohort,"{""clip_anchored_on_fm2_violation"": false, ""flag_count"": 0, ""flags_fired"": """", ""fm1_hip_flexion_deg_p50"": 128.18039317889654, ""fm1_knee_between_torso_p50"": 0.5614286786992224, ""fm1_leg_over_torso_p50"": 0.9281928858975766, ""fm1_reasons"": """", ""fm1_shin_verticality_p50"": 0.9994801169315151, ""fm1_sitting_file"": false, ""fm1_sitting_participant"": false, ""fm1_unit"": ""0684@0539"", ""fm1_unit_basis"": ""none"", ""fm2_in_frame_and_valid_frac"": 0.5891666666666666, ""fm2_pass_frac_round3_joints_only"": 1.0, ""fm2_smplh_valid_frac"": 1.0, ""fm2_surface_correction_px_p50"": 48.308894812337144, ""fm2_vertex_worst_inset_min_px"": -16.022819355634056, ""fm2_violation_run_max_frames"": 84.0, ""fm2_violation_runs"": 184.0, ""fm2_windowed_pass_frac"": 1.0, ""fm3_static_frac"": 0.7220833333333333, ""observed_duration_s"": 80.0, ""reproj_px_p50"": 45.95160404808664, ""reproj_shoulder_widths_p50"": 0.10911367114830196, ""unit_files"": 2.0, ""unit_flagged_frac"": 0.0, ""unit_hip_flexion_min"": 127.6386005077133, ""unit_knee_between_min"": 0.5614286786992224}",render
r4_316,fresh_pass_naturalistic_316_V00_S0139_I00000371_P0201_f0000705,V00_S0139_I00000371_P0201,naturalistic/train/0002/0005/V00_S0139_I00000371_P0201,naturalistic/train/0002/0000/V00_S0139_I00000371_P0200,fresh_pass_naturalistic,fresh,naturalistic,705,V00,naturalistic,train,ipc_conversation,random draw from files passing all three detectors; participant not in the recheck cohort,"{""clip_anchored_on_fm2_violation"": false, ""flag_count"": 0, ""flags_fired"": """", ""fm1_hip_flexion_deg_p50"": 161.63560319299575, ""fm1_knee_between_torso_p50"": 0.5925195568161731, ""fm1_leg_over_torso_p50"": 1.2319475797585733, ""fm1_reasons"": """", ""fm1_shin_verticality_p50"": 0.9922778767136676, ""fm1_sitting_file"": false, ""fm1_sitting_participant"": false, ""fm1_unit"": ""0201@0139"", ""fm1_unit_basis"": ""none"", ""fm2_in_frame_and_valid_frac"": 0.996244131455399, ""fm2_pass_frac_round3_joints_only"": 0.9964788732394366, ""fm2_smplh_valid_frac"": 1.0, ""fm2_surface_correction_px_p50"": 44.95537338074632, ""fm2_vertex_worst_inset_min_px"": -56.80501078911698, ""fm2_violation_run_max_frames"": 10.0, ""fm2_violation_runs"": 2.0, ""fm2_windowed_pass_frac"": 0.75, ""fm3_static_frac"": 0.6007042253521127, ""observed_duration_s"": 142.0, ""reproj_px_p50"": 21.878420757400306, ""reproj_shoulder_widths_p50"": 0.07348047630128035, ""unit_files"": 3.0, ""unit_flagged_frac"": 0.0, ""unit_hip_flexion_min"": 161.45662557971997, ""unit_knee_between_min"": 0.5629187091881589}",render
r4_317,fresh_pass_naturalistic_317_V00_S1886_I00000055_P0851_f0002813,V00_S1886_I00000055_P0851,naturalistic/train/0030/0004/V00_S1886_I00000055_P0851,naturalistic/train/0030/0009/V00_S1886_I00000055_P0377,fresh_pass_naturalistic,fresh,naturalistic,2813,V00,naturalistic,train,ipc_conversation,random draw from files passing all three detectors; participant not in the recheck cohort,"{""clip_anchored_on_fm2_violation"": false, ""flag_count"": 0, ""flags_fired"": """", ""fm1_hip_flexion_deg_p50"": 160.76636499849684, ""fm1_knee_between_torso_p50"": 0.5488662537210536, ""fm1_leg_over_torso_p50"": 1.3073632540415292, ""fm1_reasons"": """", ""fm1_shin_verticality_p50"": 0.9970545007810447, ""fm1_sitting_file"": false, ""fm1_sitting_participant"": false, ""fm1_unit"": ""0851@1886"", ""fm1_unit_basis"": ""none"", ""fm2_in_frame_and_valid_frac"": 1.0, ""fm2_pass_frac_round3_joints_only"": 1.0, ""fm2_smplh_valid_frac"": 1.0, ""fm2_surface_correction_px_p50"": 88.79456469259361, ""fm2_vertex_worst_inset_min_px"": 50.4018138797486, ""fm2_violation_run_max_frames"": 0.0, ""fm2_violation_runs"": 0.0, ""fm2_windowed_pass_frac"": 1.0, ""fm3_static_frac"": 0.0007042253521126761, ""observed_duration_s"": 142.0, ""reproj_px_p50"": 14.180265818541068, ""reproj_shoulder_widths_p50"": 0.051894263758402476, ""unit_files"": 2.0, ""unit_flagged_frac"": 0.0, ""unit_hip_flexion_min"": 159.5431279971944, ""unit_knee_between_min"": 0.5488662537210536}",render
r4_318,fresh_pass_naturalistic_318_V00_S0586_I00000134_P0740_f0000025,V00_S0586_I00000134_P0740,naturalistic/test/0000/0027/V00_S0586_I00000134_P0740,naturalistic/test/0000/0035/V00_S0586_I00000134_P0739,fresh_pass_naturalistic,fresh,naturalistic,25,V00,naturalistic,test,ipc_conversation,random draw from files passing all three detectors; participant not in the recheck cohort,"{""clip_anchored_on_fm2_violation"": false, ""flag_count"": 0, ""flags_fired"": """", ""fm1_hip_flexion_deg_p50"": 143.5905071308825, ""fm1_knee_between_torso_p50"": 0.5036694832656499, ""fm1_leg_over_torso_p50"": 1.4543050791619958, ""fm1_reasons"": """", ""fm1_shin_verticality_p50"": 0.9999999999999784, ""fm1_sitting_file"": false, ""fm1_sitting_participant"": false, ""fm1_unit"": ""0740@0586"", ""fm1_unit_basis"": ""none"", ""fm2_in_frame_and_valid_frac"": 0.9997076023391813, ""fm2_pass_frac_round3_joints_only"": 0.9997076023391813, ""fm2_smplh_valid_frac"": 1.0, ""fm2_surface_correction_px_p50"": 34.47946616663353, ""fm2_vertex_worst_inset_min_px"": -3.853598215935108, ""fm2_violation_run_max_frames"": 2.0, ""fm2_violation_runs"": 1.0, ""fm2_windowed_pass_frac"": 0.8571428571428571, ""fm3_static_frac"": 0.1685672514619883, ""observed_duration_s"": 228.0, ""reproj_px_p50"": 31.530275946607375, ""reproj_shoulder_widths_p50"": 0.08652631541106919, ""unit_files"": 3.0, ""unit_flagged_frac"": 0.0, ""unit_hip_flexion_min"": 140.5141959793537, ""unit_knee_between_min"": 0.5036694832656499}",render
r4_319,fresh_pass_naturalistic_319_V00_S1735_I00000026_P1166_f0005503,V00_S1735_I00000026_P1166,naturalistic/train/0028/0043/V00_S1735_I00000026_P1166,naturalistic/train/0028/0029/V00_S1735_I00000026_P0460,fresh_pass_naturalistic,fresh,naturalistic,5503,V00,naturalistic,train,ipc_conversation,random draw from files passing all three detectors; participant not in the recheck cohort,"{""clip_anchored_on_fm2_violation"": false, ""flag_count"": 0, ""flags_fired"": """", ""fm1_hip_flexion_deg_p50"": 146.62265985682168, ""fm1_knee_between_torso_p50"": 0.5216441767156191, ""fm1_leg_over_torso_p50"": 1.387208407372762, ""fm1_reasons"": """", ""fm1_shin_verticality_p50"": 0.998868149877157, ""fm1_sitting_file"": false, ""fm1_sitting_participant"": false, ""fm1_unit"": ""1166@1735"", ""fm1_unit_basis"": ""none"", ""fm2_in_frame_and_valid_frac"": 0.9986318407960199, ""fm2_pass_frac_round3_joints_only"": 0.9987562189054726, ""fm2_smplh_valid_frac"": 1.0, ""fm2_surface_correction_px_p50"": 31.77384550403295, ""fm2_vertex_worst_inset_min_px"": -25.85051622647609, ""fm2_violation_run_max_frames"": 7.0, ""fm2_violation_runs"": 2.0, ""fm2_windowed_pass_frac"": 0.875, ""fm3_static_frac"": 0.129726368159204, ""observed_duration_s"": 268.0, ""reproj_px_p50"": 15.452442791763227, ""reproj_shoulder_widths_p50"": 0.04928068610677552, ""unit_files"": 1.0, ""unit_flagged_frac"": 0.0, ""unit_hip_flexion_min"": 146.62265985682168, ""unit_knee_between_min"": 0.5216441767156191}",render
r4_320,fresh_pass_naturalistic_320_V00_S0510_I00000130_P0646_f0004254,V00_S0510_I00000130_P0646,naturalistic/train/0014/0025/V00_S0510_I00000130_P0646,naturalistic/train/0014/0024/V00_S0510_I00000130_P0648,fresh_pass_naturalistic,fresh,naturalistic,4254,V00,naturalistic,train,ipc_conversation,random draw from files passing all three detectors; participant not in the recheck cohort,"{""clip_anchored_on_fm2_violation"": false, ""flag_count"": 0, ""flags_fired"": """", ""fm1_hip_flexion_deg_p50"": 127.18406231945376, ""fm1_knee_between_torso_p50"": 0.45563554816891055, ""fm1_leg_over_torso_p50"": 1.425249473418535, ""fm1_reasons"": """", ""fm1_shin_verticality_p50"": 0.9996714277813967, ""fm1_sitting_file"": false, ""fm1_sitting_participant"": false, ""fm1_unit"": ""0646@0510"", ""fm1_unit_basis"": ""none"", ""fm2_in_frame_and_valid_frac"": 0.997196261682243, ""fm2_pass_frac_round3_joints_only"": 0.9984423676012462, ""fm2_smplh_valid_frac"": 1.0, ""fm2_surface_correction_px_p50"": 37.673206595051056, ""fm2_vertex_worst_inset_min_px"": -35.880545207736304, ""fm2_violation_run_max_frames"": 15.0, ""fm2_violation_runs"": 2.0, ""fm2_windowed_pass_frac"": 0.8571428571428571, ""fm3_static_frac"": 0.3786604361370717, ""observed_duration_s"": 214.0, ""reproj_px_p50"": 21.94717411934154, ""reproj_shoulder_widths_p50"": 0.07084391628035949, ""unit_files"": 1.0, ""unit_flagged_frac"": 0.0, ""unit_hip_flexion_min"": 127.18406231945376, ""unit_knee_between_min"": 0.45563554816891055}",render
r4_321,fresh_pass_naturalistic_321_V00_S1737_I00000064_P1168_f0000232,V00_S1737_I00000064_P1168,naturalistic/train/0028/0033/V00_S1737_I00000064_P1168,naturalistic/train/0028/0046/V00_S1737_I00000064_P1167,fresh_pass_naturalistic,fresh,naturalistic,232,V00,naturalistic,train,ipc_conversation,random draw from files passing all three detectors; participant not in the recheck cohort,"{""clip_anchored_on_fm2_violation"": false, ""flag_count"": 0, ""flags_fired"": """", ""fm1_hip_flexion_deg_p50"": 120.79058101111949, ""fm1_knee_between_torso_p50"": 0.49608169037673056, ""fm1_leg_over_torso_p50"": 1.0146854017219127, ""fm1_reasons"": """", ""fm1_shin_verticality_p50"": 0.9994449069791543, ""fm1_sitting_file"": false, ""fm1_sitting_participant"": false, ""fm1_unit"": ""1168@1737"", ""fm1_unit_basis"": ""none"", ""fm2_in_frame_and_valid_frac"": 0.996875, ""fm2_pass_frac_round3_joints_only"": 0.9981770833333333, ""fm2_smplh_valid_frac"": 1.0, ""fm2_surface_correction_px_p50"": 13.678268493354324, ""fm2_vertex_worst_inset_min_px"": -45.61549061214839, ""fm2_violation_run_max_frames"": 17.0, ""fm2_violation_runs"": 3.0, ""fm2_windowed_pass_frac"": 0.875, ""fm3_static_frac"": 0.32578125, ""observed_duration_s"": 256.0, ""reproj_px_p50"": 44.972210995240175, ""reproj_shoulder_widths_p50"": 0.1352729132884266, ""unit_files"": 2.0, ""unit_flagged_frac"": 0.0, ""unit_hip_flexion_min"": 120.79058101111949, ""unit_knee_between_min"": 0.49608169037673056}",render
r4_322,fresh_pass_naturalistic_322_V00_S0573_I00000138_P0722_f0000425,V00_S0573_I00000138_P0722,naturalistic/train/0016/0001/V00_S0573_I00000138_P0722,naturalistic/train/0016/0029/V00_S0573_I00000138_P0723,fresh_pass_naturalistic,fresh,naturalistic,425,V00,naturalistic,train,ipc_conversation,random draw from files passing all three detectors; participant not in the recheck cohort,"{""clip_anchored_on_fm2_violation"": false, ""flag_count"": 0, ""flags_fired"": """", ""fm1_hip_flexion_deg_p50"": 131.12078344462418, ""fm1_knee_between_torso_p50"": 0.5255879541052878, ""fm1_leg_over_torso_p50"": 0.983436560463822, ""fm1_reasons"": """", ""fm1_shin_verticality_p50"": 0.9995120681923529, ""fm1_sitting_file"": false, ""fm1_sitting_participant"": false, ""fm1_unit"": ""0722@0573"", ""fm1_unit_basis"": ""none"", ""fm2_in_frame_and_valid_frac"": 0.9980769230769231, ""fm2_pass_frac_round3_joints_only"": 0.9982905982905983, ""fm2_smplh_valid_frac"": 1.0, ""fm2_surface_correction_px_p50"": 30.26664717290231, ""fm2_vertex_worst_inset_min_px"": -42.65699920205134, ""fm2_violation_run_max_frames"": 9.0, ""fm2_violation_runs"": 1.0, ""fm2_windowed_pass_frac"": 0.8, ""fm3_static_frac"": 0.3641025641025641, ""observed_duration_s"": 156.0, ""reproj_px_p50"": 39.617868763860386, ""reproj_shoulder_widths_p50"": 0.09754914493523967, ""unit_files"": 2.0, ""unit_flagged_frac"": 0.0, ""unit_hip_flexion_min"": 130.20497949812912, ""unit_knee_between_min"": 0.5199987472670049}",render
r4_323,fresh_pass_naturalistic_323_V00_S0388_I00000514_P0515_f0003193,V00_S0388_I00000514_P0515,naturalistic/train/0010/0040/V00_S0388_I00000514_P0515,naturalistic/train/0010/0024/V00_S0388_I00000514_P0514,fresh_pass_naturalistic,fresh,naturalistic,3193,V00,naturalistic,train,ipc_conversation,random draw from files passing all three detectors; participant not in the recheck cohort,"{""clip_anchored_on_fm2_violation"": false, ""flag_count"": 0, ""flags_fired"": """", ""fm1_hip_flexion_deg_p50"": 145.12068955746292, ""fm1_knee_between_torso_p50"": 0.5560266562041587, ""fm1_leg_over_torso_p50"": 1.2220839746533998, ""fm1_reasons"": """", ""fm1_shin_verticality_p50"": 0.9961298773158698, ""fm1_sitting_file"": false, ""fm1_sitting_participant"": false, ""fm1_unit"": ""0515@0388"", ""fm1_unit_basis"": ""none"", ""fm2_in_frame_and_valid_frac"": 1.0, ""fm2_pass_frac_round3_joints_only"": 1.0, ""fm2_smplh_valid_frac"": 1.0, ""fm2_surface_correction_px_p50"": 81.1190680320149, ""fm2_vertex_worst_inset_min_px"": 11.957906220412951, ""fm2_violation_run_max_frames"": 0.0, ""fm2_violation_runs"": 0.0, ""fm2_windowed_pass_frac"": 1.0, ""fm3_static_frac"": 0.5560386473429951, ""observed_duration_s"": 138.0, ""reproj_px_p50"": 17.288435810458314, ""reproj_shoulder_widths_p50"": 0.0527045532605164, ""unit_files"": 1.0, ""unit_flagged_frac"": 0.0, ""unit_hip_flexion_min"": 145.12068955746292, ""unit_knee_between_min"": 0.5560266562041587}",render
r4_324,fresh_pass_naturalistic_324_V00_S0919_I00000137_P0844_f0001671,V00_S0919_I00000137_P0844,naturalistic/train/0024/0016/V00_S0919_I00000137_P0844,naturalistic/train/0024/0022/V00_S0919_I00000137_P1019,fresh_pass_naturalistic,fresh,naturalistic,1671,V00,naturalistic,train,ipc_conversation,random draw from files passing all three detectors; participant not in the recheck cohort,"{""clip_anchored_on_fm2_violation"": false, ""flag_count"": 0, ""flags_fired"": """", ""fm1_hip_flexion_deg_p50"": 129.9690095000513, ""fm1_knee_between_torso_p50"": 0.5657325637832206, ""fm1_leg_over_torso_p50"": 0.9698098249366931, ""fm1_reasons"": """", ""fm1_shin_verticality_p50"": 0.9993628543475496, ""fm1_sitting_file"": false, ""fm1_sitting_participant"": false, ""fm1_unit"": ""0844@0919"", ""fm1_unit_basis"": ""none"", ""fm2_in_frame_and_valid_frac"": 0.9948979591836735, ""fm2_pass_frac_round3_joints_only"": 0.9957482993197279, ""fm2_smplh_valid_frac"": 1.0, ""fm2_surface_correction_px_p50"": 50.46162130424909, ""fm2_vertex_worst_inset_min_px"": -11.745829422305633, ""fm2_violation_run_max_frames"": 18.0, ""fm2_violation_runs"": 5.0, ""fm2_windowed_pass_frac"": 0.8333333333333334, ""fm3_static_frac"": 0.4227891156462585, ""observed_duration_s"": 196.0, ""reproj_px_p50"": 36.0242837796001, ""reproj_shoulder_widths_p50"": 0.10507757815928839, ""unit_files"": 1.0, ""unit_flagged_frac"": 0.0, ""unit_hip_flexion_min"": 129.9690095000513, ""unit_knee_between_min"": 0.5657325637832206}",render
r4_325,fresh_pass_naturalistic_325_V00_S0080_I00000374_P0115_f0001038,V00_S0080_I00000374_P0115,naturalistic/dev/0000/0039/V00_S0080_I00000374_P0115,naturalistic/dev/0000/0038/V00_S0080_I00000374_P0116,fresh_pass_naturalistic,fresh,naturalistic,1038,V00,naturalistic,dev,ipc_conversation,random draw from files passing all three detectors; participant not in the recheck cohort,"{""clip_anchored_on_fm2_violation"": false, ""flag_count"": 0, ""flags_fired"": """", ""fm1_hip_flexion_deg_p50"": 153.46551656689854, ""fm1_knee_between_torso_p50"": 0.5493502095450444, ""fm1_leg_over_torso_p50"": 1.2621251541563212, ""fm1_reasons"": """", ""fm1_shin_verticality_p50"": 1.0, ""fm1_sitting_file"": false, ""fm1_sitting_participant"": false, ""fm1_unit"": ""0115@0080"", ""fm1_unit_basis"": ""none"", ""fm2_in_frame_and_valid_frac"": 0.9843434343434343, ""fm2_pass_frac_round3_joints_only"": 0.9924242424242424, ""fm2_smplh_valid_frac"": 1.0, ""fm2_surface_correction_px_p50"": 43.038112855550025, ""fm2_vertex_worst_inset_min_px"": -15.668207468350374, ""fm2_violation_run_max_frames"": 31.0, ""fm2_violation_runs"": 1.0, ""fm2_windowed_pass_frac"": 0.5, ""fm3_static_frac"": 0.5424242424242425, ""observed_duration_s"": 66.0, ""reproj_px_p50"": 19.90364163342867, ""reproj_shoulder_widths_p50"": 0.057932860093107455, ""unit_files"": 4.0, ""unit_flagged_frac"": 0.0, ""unit_hip_flexion_min"": 130.95807322211976, ""unit_knee_between_min"": 0.5493502095450444}",render
r4_326,fresh_pass_naturalistic_326_V00_S1042_I00000179_P0997_f0004122,V00_S1042_I00000179_P0997,naturalistic/train/0025/0023/V00_S1042_I00000179_P0997,naturalistic/train/0025/0021/V00_S1042_I00000179_P1065,fresh_pass_naturalistic,fresh,naturalistic,4122,V00,naturalistic,train,ipc_conversation,random draw from files passing all three detectors; participant not in the recheck cohort,"{""clip_anchored_on_fm2_violation"": false, ""flag_count"": 0, ""flags_fired"": """", ""fm1_hip_flexion_deg_p50"": 154.2366352662623, ""fm1_knee_between_torso_p50"": 0.5334894418321853, ""fm1_leg_over_torso_p50"": 1.4323558246663417, ""fm1_reasons"": """", ""fm1_shin_verticality_p50"": 0.9951559177110487, ""fm1_sitting_file"": false, ""fm1_sitting_participant"": false, ""fm1_unit"": ""0997@1042"", ""fm1_unit_basis"": ""none"", ""fm2_in_frame_and_valid_frac"": 0.9977876106194691, ""fm2_pass_frac_round3_joints_only"": 0.9986725663716814, ""fm2_smplh_valid_frac"": 1.0, ""fm2_surface_correction_px_p50"": 26.436993866100465, ""fm2_vertex_worst_inset_min_px"": -11.048190290620369, ""fm2_violation_run_max_frames"": 7.0, ""fm2_violation_runs"": 4.0, ""fm2_windowed_pass_frac"": 0.7142857142857143, ""fm3_static_frac"": 0.5426253687315634, ""observed_duration_s"": 226.0, ""reproj_px_p50"": 14.31027994031069, ""reproj_shoulder_widths_p50"": 0.05145576285533737, ""unit_files"": 2.0, ""unit_flagged_frac"": 0.0, ""unit_hip_flexion_min"": 154.2366352662623, ""unit_knee_between_min"": 0.5334894418321853}",render
r4_327,fresh_pass_naturalistic_327_V00_S0511_I00000138_P0654_f0000373,V00_S0511_I00000138_P0654,naturalistic/train/0014/0012/V00_S0511_I00000138_P0654,naturalistic/train/0014/0009/V00_S0511_I00000138_P0300,fresh_pass_naturalistic,fresh,naturalistic,373,V00,naturalistic,train,ipc_conversation,random draw from files passing all three detectors; participant not in the recheck cohort,"{""clip_anchored_on_fm2_violation"": false, ""flag_count"": 0, ""flags_fired"": """", ""fm1_hip_flexion_deg_p50"": 152.01297386544513, ""fm1_knee_between_torso_p50"": 0.619746413542026, ""fm1_leg_over_torso_p50"": 0.9152378712693798, ""fm1_reasons"": """", ""fm1_shin_verticality_p50"": 0.9993628543475496, ""fm1_sitting_file"": false, ""fm1_sitting_participant"": false, ""fm1_unit"": ""0654@0511"", ""fm1_unit_basis"": ""none"", ""fm2_in_frame_and_valid_frac"": 0.9983974358974359, ""fm2_pass_frac_round3_joints_only"": 0.9990384615384615, ""fm2_smplh_valid_frac"": 1.0, ""fm2_surface_correction_px_p50"": 54.00418510185909, ""fm2_vertex_worst_inset_min_px"": -21.398863875754273, ""fm2_violation_run_max_frames"": 4.0, ""fm2_violation_runs"": 2.0, ""fm2_windowed_pass_frac"": 0.6666666666666666, ""fm3_static_frac"": 0.3301282051282051, ""observed_duration_s"": 104.0, ""reproj_px_p50"": 30.656988999355587, ""reproj_shoulder_widths_p50"": 0.08865731614806431, ""unit_files"": 1.0, ""unit_flagged_frac"": 0.0, ""unit_hip_flexion_min"": 152.01297386544513, ""unit_knee_between_min"": 0.619746413542026}",render
r4_328,fresh_pass_naturalistic_328_V00_S0050_I00000138_P0078_f0000904,V00_S0050_I00000138_P0078,naturalistic/train/0000/0003/V00_S0050_I00000138_P0078,naturalistic/train/0000/0017/V00_S0050_I00000138_P0077,fresh_pass_naturalistic,fresh,naturalistic,904,V00,naturalistic,train,ipc_conversation,random draw from files passing all three detectors; participant not in the recheck cohort,"{""clip_anchored_on_fm2_violation"": false, ""flag_count"": 0, ""flags_fired"": """", ""fm1_hip_flexion_deg_p50"": 141.70052218990335, ""fm1_knee_between_torso_p50"": 0.5305579430860583, ""fm1_leg_over_torso_p50"": 1.2584472943124845, ""fm1_reasons"": """", ""fm1_shin_verticality_p50"": 0.9994449094509941, ""fm1_sitting_file"": false, ""fm1_sitting_participant"": false, ""fm1_unit"": ""0078@0050"", ""fm1_unit_basis"": ""none"", ""fm2_in_frame_and_valid_frac"": 1.0, ""fm2_pass_frac_round3_joints_only"": 1.0, ""fm2_smplh_valid_frac"": 1.0, ""fm2_surface_correction_px_p50"": 32.692944921093044, ""fm2_vertex_worst_inset_min_px"": 43.94072585258806, ""fm2_violation_run_max_frames"": 0.0, ""fm2_violation_runs"": 0.0, ""fm2_windowed_pass_frac"": 1.0, ""fm3_static_frac"": 0.574822695035461, ""observed_duration_s"": 94.0, ""reproj_px_p50"": 52.72501520056698, ""reproj_shoulder_widths_p50"": 0.159413779914364, ""unit_files"": 2.0, ""unit_flagged_frac"": 0.0, ""unit_hip_flexion_min"": 139.05947790217795, ""unit_knee_between_min"": 0.5247902592615564}",render
r4_329,fresh_pass_naturalistic_329_V00_S0351_I00000377_P0395_f0002536,V00_S0351_I00000377_P0395,naturalistic/train/0009/0010/V00_S0351_I00000377_P0395,naturalistic/train/0009/0031/V00_S0351_I00000377_P0300,fresh_pass_naturalistic,fresh,naturalistic,2536,V00,naturalistic,train,ipc_conversation,random draw from files passing all three detectors; participant not in the recheck cohort,"{""clip_anchored_on_fm2_violation"": false, ""flag_count"": 0, ""flags_fired"": """", ""fm1_hip_flexion_deg_p50"": 125.62303991942963, ""fm1_knee_between_torso_p50"": 0.5500838294201645, ""fm1_leg_over_torso_p50"": 0.9254418139569844, ""fm1_reasons"": """", ""fm1_shin_verticality_p50"": 0.9993628578384919, ""fm1_sitting_file"": false, ""fm1_sitting_participant"": false, ""fm1_unit"": ""0395@0351"", ""fm1_unit_basis"": ""none"", ""fm2_in_frame_and_valid_frac"": 1.0, ""fm2_pass_frac_round3_joints_only"": 1.0, ""fm2_smplh_valid_frac"": 1.0, ""fm2_surface_correction_px_p50"": 51.20453849350622, ""fm2_vertex_worst_inset_min_px"": 24.642545650513057, ""fm2_violation_run_max_frames"": 0.0, ""fm2_violation_runs"": 0.0, ""fm2_windowed_pass_frac"": 1.0, ""fm3_static_frac"": 0.5311827956989247, ""observed_duration_s"": 124.0, ""reproj_px_p50"": 41.15105557378547, ""reproj_shoulder_widths_p50"": 0.1110290209255464, ""unit_files"": 3.0, ""unit_flagged_frac"": 0.0, ""unit_hip_flexion_min"": 125.62303991942963, ""unit_knee_between_min"": 0.5500838294201645}",render
r4_330,fresh_pass_naturalistic_330_V00_S0738_I00000514_P0882_f0006402,V00_S0738_I00000514_P0882,naturalistic/train/0021/0001/V00_S0738_I00000514_P0882,naturalistic/train/0021/0038/V00_S0738_I00000514_P0881,fresh_pass_naturalistic,fresh,naturalistic,6402,V00,naturalistic,train,ipc_conversation,random draw from files passing all three detectors; participant not in the recheck cohort,"{""clip_anchored_on_fm2_violation"": false, ""flag_count"": 0, ""flags_fired"": """", ""fm1_hip_flexion_deg_p50"": 126.8236550706691, ""fm1_knee_between_torso_p50"": 0.5335869473761505, ""fm1_leg_over_torso_p50"": 0.8751027801178071, ""fm1_reasons"": """", ""fm1_shin_verticality_p50"": 0.9992009720828801, ""fm1_sitting_file"": false, ""fm1_sitting_participant"": false, ""fm1_unit"": ""0882@0738"", ""fm1_unit_basis"": ""none"", ""fm2_in_frame_and_valid_frac"": 0.9824146981627296, ""fm2_pass_frac_round3_joints_only"": 0.9888451443569554, ""fm2_smplh_valid_frac"": 1.0, ""fm2_surface_correction_px_p50"": 44.461124389170664, ""fm2_vertex_worst_inset_min_px"": -98.18188419450507, ""fm2_violation_run_max_frames"": 50.0, ""fm2_violation_runs"": 22.0, ""fm2_windowed_pass_frac"": 0.75, ""fm3_static_frac"": 0.01062992125984252, ""observed_duration_s"": 254.0, ""reproj_px_p50"": 33.02732063097415, ""reproj_shoulder_widths_p50"": 0.08705311400247275, ""unit_files"": 2.0, ""unit_flagged_frac"": 0.0, ""unit_hip_flexion_min"": 126.39488111193992, ""unit_knee_between_min"": 0.529170973709645}",render
r4_331,fresh_pass_naturalistic_331_V00_S0624_I00000139_P0777_f0000690,V00_S0624_I00000139_P0777,naturalistic/train/0018/0044/V00_S0624_I00000139_P0777,naturalistic/train/0018/0004/V00_S0624_I00000139_P0560,fresh_pass_naturalistic,fresh,naturalistic,690,V00,naturalistic,train,ipc_conversation,random draw from files passing all three detectors; participant not in the recheck cohort,"{""clip_anchored_on_fm2_violation"": false, ""flag_count"": 0, ""flags_fired"": """", ""fm1_hip_flexion_deg_p50"": 146.29770809798777, ""fm1_knee_between_torso_p50"": 0.6294353962005536, ""fm1_leg_over_torso_p50"": 1.0471717718280495, ""fm1_reasons"": """", ""fm1_shin_verticality_p50"": 0.9976303290668709, ""fm1_sitting_file"": false, ""fm1_sitting_participant"": false, ""fm1_unit"": ""0777@0624"", ""fm1_unit_basis"": ""none"", ""fm2_in_frame_and_valid_frac"": 1.0, ""fm2_pass_frac_round3_joints_only"": 1.0, ""fm2_smplh_valid_frac"": 1.0, ""fm2_surface_correction_px_p50"": 47.55886207201024, ""fm2_vertex_worst_inset_min_px"": 27.896440005019485, ""fm2_violation_run_max_frames"": 0.0, ""fm2_violation_runs"": 0.0, ""fm2_windowed_pass_frac"": 1.0, ""fm3_static_frac"": 0.6877358490566038, ""observed_duration_s"": 106.0, ""reproj_px_p50"": 46.685578432723375, ""reproj_shoulder_widths_p50"": 0.13503077434440935, ""unit_files"": 1.0, ""unit_flagged_frac"": 0.0, ""unit_hip_flexion_min"": 146.29770809798777, ""unit_knee_between_min"": 0.6294353962005536}",render
r4_332,fresh_pass_naturalistic_332_V00_S0584_I00000520_P0736_f0009379,V00_S0584_I00000520_P0736,naturalistic/train/0016/0016/V00_S0584_I00000520_P0736,naturalistic/train/0016/0041/V00_S0584_I00000520_P0737,fresh_pass_naturalistic,fresh,naturalistic,9379,V00,naturalistic,train,grounded_gesture,random draw from files passing all three detectors; participant not in the recheck cohort,"{""clip_anchored_on_fm2_violation"": false, ""flag_count"": 0, ""flags_fired"": """", ""fm1_hip_flexion_deg_p50"": 166.18076647381704, ""fm1_knee_between_torso_p50"": 0.6063552179044196, ""fm1_leg_over_torso_p50"": 1.2537383509345856, ""fm1_reasons"": """", ""fm1_shin_verticality_p50"": 0.9996144123266848, ""fm1_sitting_file"": false, ""fm1_sitting_participant"": false, ""fm1_unit"": ""0736@0584"", ""fm1_unit_basis"": ""none"", ""fm2_in_frame_and_valid_frac"": 0.9988151658767772, ""fm2_pass_frac_round3_joints_only"": 0.99913112164297, ""fm2_smplh_valid_frac"": 1.0, ""fm2_surface_correction_px_p50"": 45.07569065940754, ""fm2_vertex_worst_inset_min_px"": -86.89512242262686, ""fm2_violation_run_max_frames"": 6.0, ""fm2_violation_runs"": 5.0, ""fm2_windowed_pass_frac"": 0.8571428571428571, ""fm3_static_frac"": 0.6759083728278041, ""observed_duration_s"": 422.0, ""reproj_px_p50"": 20.906959409440038, ""reproj_shoulder_widths_p50"": 0.0640825200016947, ""unit_files"": 3.0, ""unit_flagged_frac"": 0.0, ""unit_hip_flexion_min"": 159.98346085319668, ""unit_knee_between_min"": 0.5988520522570191}",render
r4_333,fresh_pass_naturalistic_333_V00_S0701_I00000488_P0856_f0001185,V00_S0701_I00000488_P0856,naturalistic/train/0020/0010/V00_S0701_I00000488_P0856,naturalistic/train/0020/0026/V00_S0701_I00000488_P0857,fresh_pass_naturalistic,fresh,naturalistic,1185,V00,naturalistic,train,ipc_conversation,random draw from files passing all three detectors; participant not in the recheck cohort,"{""clip_anchored_on_fm2_violation"": false, ""flag_count"": 0, ""flags_fired"": """", ""fm1_hip_flexion_deg_p50"": 148.85171317644256, ""fm1_knee_between_torso_p50"": 0.5152334653903803, ""fm1_leg_over_torso_p50"": 1.431118359533678, ""fm1_reasons"": """", ""fm1_shin_verticality_p50"": 0.9997166750378979, ""fm1_sitting_file"": false, ""fm1_sitting_participant"": false, ""fm1_unit"": ""0856@0701"", ""fm1_unit_basis"": ""none"", ""fm2_in_frame_and_valid_frac"": 1.0, ""fm2_pass_frac_round3_joints_only"": 1.0, ""fm2_smplh_valid_frac"": 1.0, ""fm2_surface_correction_px_p50"": 27.227299292010457, ""fm2_vertex_worst_inset_min_px"": 91.38798667266371, ""fm2_violation_run_max_frames"": 0.0, ""fm2_violation_runs"": 0.0, ""fm2_windowed_pass_frac"": 1.0, ""fm3_static_frac"": 0.4914414414414414, ""observed_duration_s"": 148.0, ""reproj_px_p50"": 39.988499823935115, ""reproj_shoulder_widths_p50"": 0.11880092452594107, ""unit_files"": 1.0, ""unit_flagged_frac"": 0.0, ""unit_hip_flexion_min"": 148.85171317644256, ""unit_knee_between_min"": 0.5152334653903803}",render
r4_334,fresh_pass_naturalistic_334_V00_S0344_I00000488_P0461_f0001552,V00_S0344_I00000488_P0461,naturalistic/train/0008/0004/V00_S0344_I00000488_P0461,naturalistic/train/0008/0018/V00_S0344_I00000488_P0460,fresh_pass_naturalistic,fresh,naturalistic,1552,V00,naturalistic,train,ipc_conversation,random draw from files passing all three detectors; participant not in the recheck cohort,"{""clip_anchored_on_fm2_violation"": false, ""flag_count"": 0, ""flags_fired"": """", ""fm1_hip_flexion_deg_p50"": 135.73384370582647, ""fm1_knee_between_torso_p50"": 0.4801290747299185, ""fm1_leg_over_torso_p50"": 1.471237700064001, ""fm1_reasons"": """", ""fm1_shin_verticality_p50"": 0.9970544725799924, ""fm1_sitting_file"": false, ""fm1_sitting_participant"": false, ""fm1_unit"": ""0461@0344"", ""fm1_unit_basis"": ""none"", ""fm2_in_frame_and_valid_frac"": 0.9910984848484848, ""fm2_pass_frac_round3_joints_only"": 0.9946969696969697, ""fm2_smplh_valid_frac"": 1.0, ""fm2_surface_correction_px_p50"": 36.57583563087587, ""fm2_vertex_worst_inset_min_px"": -32.16346288888337, ""fm2_violation_run_max_frames"": 14.0, ""fm2_violation_runs"": 11.0, ""fm2_windowed_pass_frac"": 0.6, ""fm3_static_frac"": 0.7066287878787879, ""observed_duration_s"": 176.0, ""reproj_px_p50"": 18.126443789855067, ""reproj_shoulder_widths_p50"": 0.04991765311225204, ""unit_files"": 3.0, ""unit_flagged_frac"": 0.0, ""unit_hip_flexion_min"": 134.9427472448608, ""unit_knee_between_min"": 0.47949521494799086}",render
r4_335,fresh_pass_naturalistic_335_V00_S0352_I00000483_P0472_f0000714,V00_S0352_I00000483_P0472,naturalistic/train/0009/0015/V00_S0352_I00000483_P0472,naturalistic/train/0009/0008/V00_S0352_I00000483_P0471,fresh_pass_naturalistic,fresh,naturalistic,714,V00,naturalistic,train,ipc_conversation,random draw from files passing all three detectors; participant not in the recheck cohort,"{""clip_anchored_on_fm2_violation"": false, ""flag_count"": 0, ""flags_fired"": """", ""fm1_hip_flexion_deg_p50"": 144.03525133426697, ""fm1_knee_between_torso_p50"": 0.5409037909724927, ""fm1_leg_over_torso_p50"": 1.13714178115579, ""fm1_reasons"": """", ""fm1_shin_verticality_p50"": 0.9995120846156075, ""fm1_sitting_file"": false, ""fm1_sitting_participant"": false, ""fm1_unit"": ""0472@0352"", ""fm1_unit_basis"": ""none"", ""fm2_in_frame_and_valid_frac"": 0.9984633569739952, ""fm2_pass_frac_round3_joints_only"": 0.9990543735224586, ""fm2_smplh_valid_frac"": 1.0, ""fm2_surface_correction_px_p50"": 36.92573590822474, ""fm2_vertex_worst_inset_min_px"": -23.126587880023294, ""fm2_violation_run_max_frames"": 9.0, ""fm2_violation_runs"": 3.0, ""fm2_windowed_pass_frac"": 0.8888888888888888, ""fm3_static_frac"": 0.09976359338061466, ""observed_duration_s"": 282.0, ""reproj_px_p50"": 50.7113079253413, ""reproj_shoulder_widths_p50"": 0.13287475585516945, ""unit_files"": 4.0, ""unit_flagged_frac"": 0.0, ""unit_hip_flexion_min"": 139.9738446135303, ""unit_knee_between_min"": 0.5222748530281115}",render
r4_336,fresh_pass_naturalistic_336_V00_S0380_I00000477_P0307_f0002016,V00_S0380_I00000477_P0307,naturalistic/train/0010/0024/V00_S0380_I00000477_P0307,naturalistic/train/0010/0032/V00_S0380_I00000477_P0504,fresh_pass_naturalistic,fresh,naturalistic,2016,V00,naturalistic,train,ipc_conversation,random draw from files passing all three detectors; participant not in the recheck cohort,"{""clip_anchored_on_fm2_violation"": false, ""flag_count"": 0, ""flags_fired"": """", ""fm1_hip_flexion_deg_p50"": 164.53497632986756, ""fm1_knee_between_torso_p50"": 0.5740560837946652, ""fm1_leg_over_torso_p50"": 1.309994822692806, ""fm1_reasons"": """", ""fm1_shin_verticality_p50"": 0.9996349673872452, ""fm1_sitting_file"": false, ""fm1_sitting_participant"": false, ""fm1_unit"": ""0307@0380"", ""fm1_unit_basis"": ""none"", ""fm2_in_frame_and_valid_frac"": 1.0, ""fm2_pass_frac_round3_joints_only"": 1.0, ""fm2_smplh_valid_frac"": 1.0, ""fm2_surface_correction_px_p50"": 38.25747116124626, ""fm2_vertex_worst_inset_min_px"": 68.0087940567015, ""fm2_violation_run_max_frames"": 0.0, ""fm2_violation_runs"": 0.0, ""fm2_windowed_pass_frac"": 1.0, ""fm3_static_frac"": 0.09041095890410959, ""observed_duration_s"": 146.0, ""reproj_px_p50"": 40.66877862349085, ""reproj_shoulder_widths_p50"": 0.12951684844794176, ""unit_files"": 3.0, ""unit_flagged_frac"": 0.0, ""unit_hip_flexion_min"": 161.2529909561119, ""unit_knee_between_min"": 0.5600763525542951}",render
r4_337,fresh_pass_naturalistic_337_V00_S1986_I00000265_P1241_f0007180,V00_S1986_I00000265_P1241,naturalistic/train/0032/0039/V00_S1986_I00000265_P1241,naturalistic/train/0032/0040/V00_S1986_I00000265_P0544,fresh_pass_naturalistic,fresh,naturalistic,7180,V00,naturalistic,train,ipc_conversation,random draw from files passing all three detectors; participant not in the recheck cohort,"{""clip_anchored_on_fm2_violation"": false, ""flag_count"": 0, ""flags_fired"": """", ""fm1_hip_flexion_deg_p50"": 143.91849237118356, ""fm1_knee_between_torso_p50"": 0.5955702686558966, ""fm1_leg_over_torso_p50"": 1.0829386909306897, ""fm1_reasons"": """", ""fm1_shin_verticality_p50"": 0.9994449091994003, ""fm1_sitting_file"": false, ""fm1_sitting_participant"": false, ""fm1_unit"": ""1241@1986"", ""fm1_unit_basis"": ""none"", ""fm2_in_frame_and_valid_frac"": 1.0, ""fm2_pass_frac_round3_joints_only"": 1.0, ""fm2_smplh_valid_frac"": 1.0, ""fm2_surface_correction_px_p50"": 46.67378292852641, ""fm2_vertex_worst_inset_min_px"": 54.91162972772872, ""fm2_violation_run_max_frames"": 0.0, ""fm2_violation_runs"": 0.0, ""fm2_windowed_pass_frac"": 1.0, ""fm3_static_frac"": 0.27984934086629004, ""observed_duration_s"": 354.0, ""reproj_px_p50"": 45.84186299685641, ""reproj_shoulder_widths_p50"": 0.13007389865928226, ""unit_files"": 2.0, ""unit_flagged_frac"": 0.0, ""unit_hip_flexion_min"": 143.91849237118356, ""unit_knee_between_min"": 0.5913516536705584}",render
r4_338,fresh_pass_naturalistic_338_V00_S0113_I00000479_P0008_f0000076,V00_S0113_I00000479_P0008,naturalistic/train/0002/0013/V00_S0113_I00000479_P0008,naturalistic/train/0002/0015/V00_S0113_I00000479_P0164,fresh_pass_naturalistic,fresh,naturalistic,76,V00,naturalistic,train,ipc_conversation,random draw from files passing all three detectors; participant not in the recheck cohort,"{""clip_anchored_on_fm2_violation"": false, ""flag_count"": 0, ""flags_fired"": """", ""fm1_hip_flexion_deg_p50"": 108.98652549243278, ""fm1_knee_between_torso_p50"": 0.43133795965552035, ""fm1_leg_over_torso_p50"": 0.8131275723047574, ""fm1_reasons"": """", ""fm1_shin_verticality_p50"": 0.9989685238977799, ""fm1_sitting_file"": false, ""fm1_sitting_participant"": false, ""fm1_unit"": ""0008@0113"", ""fm1_unit_basis"": ""none"", ""fm2_in_frame_and_valid_frac"": 0.9982142857142857, ""fm2_pass_frac_round3_joints_only"": 0.9983630952380952, ""fm2_smplh_valid_frac"": 1.0, ""fm2_surface_correction_px_p50"": 51.76059177893319, ""fm2_vertex_worst_inset_min_px"": -28.327721039350763, ""fm2_violation_run_max_frames"": 5.0, ""fm2_violation_runs"": 3.0, ""fm2_windowed_pass_frac"": 0.7142857142857143, ""fm3_static_frac"": 0.734375, ""observed_duration_s"": 224.0, ""reproj_px_p50"": 22.419874415578022, ""reproj_shoulder_widths_p50"": 0.057595435738846686, ""unit_files"": 3.0, ""unit_flagged_frac"": 0.3333333333333333, ""unit_hip_flexion_min"": 105.84884001586397, ""unit_knee_between_min"": 0.3938051832489503}",render
r4_339,fresh_pass_naturalistic_339_V00_S1289_I00000152_P0709_f0003382,V00_S1289_I00000152_P0709,naturalistic/train/0026/0031/V00_S1289_I00000152_P0709,naturalistic/train/0026/0050/V00_S1289_I00000152_P1120,fresh_pass_naturalistic,fresh,naturalistic,3382,V00,naturalistic,train,ipc_conversation,random draw from files passing all three detectors; participant not in the recheck cohort,"{""clip_anchored_on_fm2_violation"": false, ""flag_count"": 0, ""flags_fired"": """", ""fm1_hip_flexion_deg_p50"": 162.63038320460407, ""fm1_knee_between_torso_p50"": 0.5858738321229844, ""fm1_leg_over_torso_p50"": 1.2461202117283046, ""fm1_reasons"": """", ""fm1_shin_verticality_p50"": 0.9984603436998318, ""fm1_sitting_file"": false, ""fm1_sitting_participant"": false, ""fm1_unit"": ""0709@1289"", ""fm1_unit_basis"": ""none"", ""fm2_in_frame_and_valid_frac"": 1.0, ""fm2_pass_frac_round3_joints_only"": 1.0, ""fm2_smplh_valid_frac"": 1.0, ""fm2_surface_correction_px_p50"": 35.91538235113967, ""fm2_vertex_worst_inset_min_px"": 56.94530398610118, ""fm2_violation_run_max_frames"": 0.0, ""fm2_violation_runs"": 0.0, ""fm2_windowed_pass_frac"": 1.0, ""fm3_static_frac"": 0.29541666666666666, ""observed_duration_s"": 160.0, ""reproj_px_p50"": 36.140969267906286, ""reproj_shoulder_widths_p50"": 0.11792253215623813, ""unit_files"": 2.0, ""unit_flagged_frac"": 0.0, ""unit_hip_flexion_min"": 160.20705805332705, ""unit_knee_between_min"": 0.5858738321229844}",render
r4_340,fresh_pass_naturalistic_340_V00_S0419_I00000483_P0552_f0001516,V00_S0419_I00000483_P0552,naturalistic/train/0011/0015/V00_S0419_I00000483_P0552,naturalistic/train/0011/0038/V00_S0419_I00000483_P0377,fresh_pass_naturalistic,fresh,naturalistic,1516,V00,naturalistic,train,ipc_conversation,random draw from files passing all three detectors; participant not in the recheck cohort,"{""clip_anchored_on_fm2_violation"": false, ""flag_count"": 0, ""flags_fired"": """", ""fm1_hip_flexion_deg_p50"": 134.8605847945943, ""fm1_knee_between_torso_p50"": 0.5656312367042924, ""fm1_leg_over_torso_p50"": 0.957422775571231, ""fm1_reasons"": """", ""fm1_shin_verticality_p50"": 1.0, ""fm1_sitting_file"": false, ""fm1_sitting_participant"": false, ""fm1_unit"": ""0552@0419"", ""fm1_unit_basis"": ""none"", ""fm2_in_frame_and_valid_frac"": 1.0, ""fm2_pass_frac_round3_joints_only"": 1.0, ""fm2_smplh_valid_frac"": 1.0, ""fm2_surface_correction_px_p50"": 49.62576819992296, ""fm2_vertex_worst_inset_min_px"": 38.50110096073769, ""fm2_violation_run_max_frames"": 0.0, ""fm2_violation_runs"": 0.0, ""fm2_windowed_pass_frac"": 1.0, ""fm3_static_frac"": 0.6298780487804878, ""observed_duration_s"": 164.0, ""reproj_px_p50"": 25.03414473253129, ""reproj_shoulder_widths_p50"": 0.06205217668522555, ""unit_files"": 4.0, ""unit_flagged_frac"": 0.0, ""unit_hip_flexion_min"": 134.8605847945943, ""unit_knee_between_min"": 0.5656312367042924}",render
r4_341,fresh_pass_naturalistic_341_V00_S1823_I00000274_P0115_f0000036,V00_S1823_I00000274_P0115,naturalistic/dev/0001/0007/V00_S1823_I00000274_P0115,naturalistic/dev/0001/0040/V00_S1823_I00000274_P1174,fresh_pass_naturalistic,fresh,naturalistic,36,V00,naturalistic,dev,ipc_conversation,random draw from files passing all three detectors; participant not in the recheck cohort,"{""clip_anchored_on_fm2_violation"": false, ""flag_count"": 0, ""flags_fired"": """", ""fm1_hip_flexion_deg_p50"": 167.01952706576515, ""fm1_knee_between_torso_p50"": 0.5790272554087235, ""fm1_leg_over_torso_p50"": 1.2566974693239783, ""fm1_reasons"": """", ""fm1_shin_verticality_p50"": 0.9996144171776677, ""fm1_sitting_file"": false, ""fm1_sitting_participant"": false, ""fm1_unit"": ""0115@1823"", ""fm1_unit_basis"": ""none"", ""fm2_in_frame_and_valid_frac"": 0.9873983739837399, ""fm2_pass_frac_round3_joints_only"": 0.9947154471544716, ""fm2_smplh_valid_frac"": 1.0, ""fm2_surface_correction_px_p50"": 28.740215985170835, ""fm2_vertex_worst_inset_min_px"": -14.412155294848617, ""fm2_violation_run_max_frames"": 29.0, ""fm2_violation_runs"": 5.0, ""fm2_windowed_pass_frac"": 0.6, ""fm3_static_frac"": 0.023983739837398373, ""observed_duration_s"": 164.0, ""reproj_px_p50"": 24.824415228954567, ""reproj_shoulder_widths_p50"": 0.08729348085143322, ""unit_files"": 2.0, ""unit_flagged_frac"": 0.0, ""unit_hip_flexion_min"": 167.01952706576515, ""unit_knee_between_min"": 0.575052056593825}",render
r4_342,fresh_pass_naturalistic_342_V00_S0699_I00000135_P0850_f0001079,V00_S0699_I00000135_P0850,naturalistic/train/0020/0040/V00_S0699_I00000135_P0850,naturalistic/train/0020/0033/V00_S0699_I00000135_P0849,fresh_pass_naturalistic,fresh,naturalistic,1079,V00,naturalistic,train,collaborative_storytelling,random draw from files passing all three detectors; participant not in the recheck cohort,"{""clip_anchored_on_fm2_violation"": false, ""flag_count"": 0, ""flags_fired"": """", ""fm1_hip_flexion_deg_p50"": 122.8791726790823, ""fm1_knee_between_torso_p50"": 0.4929862119440791, ""fm1_leg_over_torso_p50"": 0.9087611598605796, ""fm1_reasons"": """", ""fm1_shin_verticality_p50"": 0.9994448990234845, ""fm1_sitting_file"": false, ""fm1_sitting_participant"": false, ""fm1_unit"": ""0850@0699"", ""fm1_unit_basis"": ""none"", ""fm2_in_frame_and_valid_frac"": 0.9867724867724867, ""fm2_pass_frac_round3_joints_only"": 0.9873015873015873, ""fm2_smplh_valid_frac"": 1.0, ""fm2_surface_correction_px_p50"": 41.96281349638866, ""fm2_vertex_worst_inset_min_px"": -39.251817074925384, ""fm2_violation_run_max_frames"": 45.0, ""fm2_violation_runs"": 2.0, ""fm2_windowed_pass_frac"": 0.75, ""fm3_static_frac"": 0.5595238095238095, ""observed_duration_s"": 126.0, ""reproj_px_p50"": 47.076716908084514, ""reproj_shoulder_widths_p50"": 0.12320983449123626, ""unit_files"": 2.0, ""unit_flagged_frac"": 0.0, ""unit_hip_flexion_min"": 116.88669471332457, ""unit_knee_between_min"": 0.46147851774856097}",render
r4_343,fresh_pass_naturalistic_343_V00_S0507_I00000378_P0649_f0000122,V00_S0507_I00000378_P0649,naturalistic/train/0014/0016/V00_S0507_I00000378_P0649,naturalistic/train/0014/0040/V00_S0507_I00000378_P0119,fresh_pass_naturalistic,fresh,naturalistic,122,V00,naturalistic,train,ipc_conversation,random draw from files passing all three detectors; participant not in the recheck cohort,"{""clip_anchored_on_fm2_violation"": false, ""flag_count"": 0, ""flags_fired"": """", ""fm1_hip_flexion_deg_p50"": 151.9175422438372, ""fm1_knee_between_torso_p50"": 0.51554147460301, ""fm1_leg_over_torso_p50"": 1.6486815660098708, ""fm1_reasons"": """", ""fm1_shin_verticality_p50"": 0.9976836937147698, ""fm1_sitting_file"": false, ""fm1_sitting_participant"": false, ""fm1_unit"": ""0649@0507"", ""fm1_unit_basis"": ""none"", ""fm2_in_frame_and_valid_frac"": 1.0, ""fm2_pass_frac_round3_joints_only"": 1.0, ""fm2_smplh_valid_frac"": 1.0, ""fm2_surface_correction_px_p50"": 30.62626611876192, ""fm2_vertex_worst_inset_min_px"": 53.03253734222176, ""fm2_violation_run_max_frames"": 0.0, ""fm2_violation_runs"": 0.0, ""fm2_windowed_pass_frac"": 1.0, ""fm3_static_frac"": 0.02962962962962963, ""observed_duration_s"": 36.0, ""reproj_px_p50"": 21.750169408487594, ""reproj_shoulder_widths_p50"": 0.0726122665855397, ""unit_files"": 4.0, ""unit_flagged_frac"": 0.0, ""unit_hip_flexion_min"": 147.938994048359, ""unit_knee_between_min"": 0.5070849808655895}",render
r4_344,fresh_pass_naturalistic_344_V00_S0467_I00000139_P0600_f0000674,V00_S0467_I00000139_P0600,naturalistic/train/0012/0032/V00_S0467_I00000139_P0600,naturalistic/train/0012/0042/V00_S0467_I00000139_P0606,fresh_pass_naturalistic,fresh,naturalistic,674,V00,naturalistic,train,ipc_conversation,random draw from files passing all three detectors; participant not in the recheck cohort,"{""clip_anchored_on_fm2_violation"": false, ""flag_count"": 0, ""flags_fired"": """", ""fm1_hip_flexion_deg_p50"": 150.875411406096, ""fm1_knee_between_torso_p50"": 0.5334182952341153, ""fm1_leg_over_torso_p50"": 1.4514497324819713, ""fm1_reasons"": """", ""fm1_shin_verticality_p50"": 0.9974586979968711, ""fm1_sitting_file"": false, ""fm1_sitting_participant"": false, ""fm1_unit"": ""0600@0467"", ""fm1_unit_basis"": ""none"", ""fm2_in_frame_and_valid_frac"": 1.0, ""fm2_pass_frac_round3_joints_only"": 1.0, ""fm2_smplh_valid_frac"": 1.0, ""fm2_surface_correction_px_p50"": 31.244400736510443, ""fm2_vertex_worst_inset_min_px"": 66.69793628278421, ""fm2_violation_run_max_frames"": 0.0, ""fm2_violation_runs"": 0.0, ""fm2_windowed_pass_frac"": 1.0, ""fm3_static_frac"": 0.5098958333333333, ""observed_duration_s"": 128.0, ""reproj_px_p50"": 37.02904379194099, ""reproj_shoulder_widths_p50"": 0.11209610696143862, ""unit_files"": 2.0, ""unit_flagged_frac"": 0.0, ""unit_hip_flexion_min"": 150.875411406096, ""unit_knee_between_min"": 0.5334182952341153}",render
r4_345,fresh_pass_naturalistic_345_V00_S0923_I00000520_P0844_f0004836,V00_S0923_I00000520_P0844,naturalistic/train/0024/0017/V00_S0923_I00000520_P0844,naturalistic/train/0024/0017/V00_S0923_I00000520_P0791,fresh_pass_naturalistic,fresh,naturalistic,4836,V00,naturalistic,train,grounded_gesture,random draw from files passing all three detectors; participant not in the recheck cohort,"{""clip_anchored_on_fm2_violation"": false, ""flag_count"": 0, ""flags_fired"": """", ""fm1_hip_flexion_deg_p50"": 140.05651347018343, ""fm1_knee_between_torso_p50"": 0.5066904064841394, ""fm1_leg_over_torso_p50"": 1.5360956064665934, ""fm1_reasons"": """", ""fm1_shin_verticality_p50"": 1.0, ""fm1_sitting_file"": false, ""fm1_sitting_participant"": false, ""fm1_unit"": ""0844@0923"", ""fm1_unit_basis"": ""none"", ""fm2_in_frame_and_valid_frac"": 1.0, ""fm2_pass_frac_round3_joints_only"": 1.0, ""fm2_smplh_valid_frac"": 1.0, ""fm2_surface_correction_px_p50"": 45.74235771391284, ""fm2_vertex_worst_inset_min_px"": 18.555870366586532, ""fm2_violation_run_max_frames"": 0.0, ""fm2_violation_runs"": 0.0, ""fm2_windowed_pass_frac"": 1.0, ""fm3_static_frac"": 0.6556047197640118, ""observed_duration_s"": 226.0, ""reproj_px_p50"": 18.670685499580348, ""reproj_shoulder_widths_p50"": 0.06244649212675869, ""unit_files"": 3.0, ""unit_flagged_frac"": 0.0, ""unit_hip_flexion_min"": 138.8999808290933, ""unit_knee_between_min"": 0.5066708532954325}",render
r4_346,fresh_pass_naturalistic_346_V00_S0992_I00000097_P1053_f0001241,V00_S0992_I00000097_P1053,naturalistic/train/0025/0008/V00_S0992_I00000097_P1053,naturalistic/train/0025/0045/V00_S0992_I00000097_P1052,fresh_pass_naturalistic,fresh,naturalistic,1241,V00,naturalistic,train,ipc_conversation,random draw from files passing all three detectors; participant not in the recheck cohort,"{""clip_anchored_on_fm2_violation"": false, ""flag_count"": 0, ""flags_fired"": """", ""fm1_hip_flexion_deg_p50"": 159.34820248065122, ""fm1_knee_between_torso_p50"": 0.5482362782803515, ""fm1_leg_over_torso_p50"": 1.4659229282321826, ""fm1_reasons"": """", ""fm1_shin_verticality_p50"": 0.9987523449323016, ""fm1_sitting_file"": false, ""fm1_sitting_participant"": false, ""fm1_unit"": ""1053@0992"", ""fm1_unit_basis"": ""none"", ""fm2_in_frame_and_valid_frac"": 1.0, ""fm2_pass_frac_round3_joints_only"": 1.0, ""fm2_smplh_valid_frac"": 1.0, ""fm2_surface_correction_px_p50"": 22.156606740878374, ""fm2_vertex_worst_inset_min_px"": 117.16124076022493, ""fm2_violation_run_max_frames"": 0.0, ""fm2_violation_runs"": 0.0, ""fm2_windowed_pass_frac"": 1.0, ""fm3_static_frac"": 0.6128109452736319, ""observed_duration_s"": 268.0, ""reproj_px_p50"": 30.092753545638057, ""reproj_shoulder_widths_p50"": 0.09383008304307212, ""unit_files"": 2.0, ""unit_flagged_frac"": 0.0, ""unit_hip_flexion_min"": 149.27110267171736, ""unit_knee_between_min"": 0.5235014489459572}",render
r4_347,fresh_pass_naturalistic_347_V00_S0346_I00000462_P0464_f0000067,V00_S0346_I00000462_P0464,naturalistic/train/0009/0000/V00_S0346_I00000462_P0464,naturalistic/train/0009/0037/V00_S0346_I00000462_P0089,fresh_pass_naturalistic,fresh,naturalistic,67,V00,naturalistic,train,ipc_conversation,random draw from files passing all three detectors; participant not in the recheck cohort,"{""clip_anchored_on_fm2_violation"": false, ""flag_count"": 0, ""flags_fired"": """", ""fm1_hip_flexion_deg_p50"": 159.69483476589522, ""fm1_knee_between_torso_p50"": 0.570354886186266, ""fm1_leg_over_torso_p50"": 1.2225842789017807, ""fm1_reasons"": """", ""fm1_shin_verticality_p50"": 0.9996349627615202, ""fm1_sitting_file"": false, ""fm1_sitting_participant"": false, ""fm1_unit"": ""0464@0346"", ""fm1_unit_basis"": ""none"", ""fm2_in_frame_and_valid_frac"": 1.0, ""fm2_pass_frac_round3_joints_only"": 1.0, ""fm2_smplh_valid_frac"": 1.0, ""fm2_surface_correction_px_p50"": 32.97963477049984, ""fm2_vertex_worst_inset_min_px"": 98.75405535869209, ""fm2_violation_run_max_frames"": 0.0, ""fm2_violation_runs"": 0.0, ""fm2_windowed_pass_frac"": 1.0, ""fm3_static_frac"": 0.019623655913978494, ""observed_duration_s"": 124.0, ""reproj_px_p50"": 18.606333765549643, ""reproj_shoulder_widths_p50"": 0.05365693868234982, ""unit_files"": 1.0, ""unit_flagged_frac"": 0.0, ""unit_hip_flexion_min"": 159.69483476589522, ""unit_knee_between_min"": 0.570354886186266}",render
r4_348,fresh_pass_naturalistic_348_V00_S0559_I00000486_P0072_f0001878,V00_S0559_I00000486_P0072,naturalistic/train/0015/0025/V00_S0559_I00000486_P0072,naturalistic/train/0015/0040/V00_S0559_I00000486_P0368,fresh_pass_naturalistic,fresh,naturalistic,1878,V00,naturalistic,train,ipc_conversation,random draw from files passing all three detectors; participant not in the recheck cohort,"{""clip_anchored_on_fm2_violation"": false, ""flag_count"": 0, ""flags_fired"": """", ""fm1_hip_flexion_deg_p50"": 132.64889129240274, ""fm1_knee_between_torso_p50"": 0.5193098154413117, ""fm1_leg_over_torso_p50"": 1.1134690541044228, ""fm1_reasons"": """", ""fm1_shin_verticality_p50"": 0.9956342369422859, ""fm1_sitting_file"": false, ""fm1_sitting_participant"": false, ""fm1_unit"": ""0072@0559"", ""fm1_unit_basis"": ""none"", ""fm2_in_frame_and_valid_frac"": 1.0, ""fm2_pass_frac_round3_joints_only"": 1.0, ""fm2_smplh_valid_frac"": 1.0, ""fm2_surface_correction_px_p50"": 42.965103942320866, ""fm2_vertex_worst_inset_min_px"": 17.706537305680627, ""fm2_violation_run_max_frames"": 0.0, ""fm2_violation_runs"": 0.0, ""fm2_windowed_pass_frac"": 1.0, ""fm3_static_frac"": 0.6210416666666667, ""observed_duration_s"": 160.0, ""reproj_px_p50"": 43.83791946586247, ""reproj_shoulder_widths_p50"": 0.11878898455963315, ""unit_files"": 1.0, ""unit_flagged_frac"": 0.0, ""unit_hip_flexion_min"": 132.64889129240274, ""unit_knee_between_min"": 0.5193098154413117}",render
r4_349,fresh_pass_naturalistic_349_V00_S0595_I00000374_P0751_f0003858,V00_S0595_I00000374_P0751,naturalistic/train/0017/0009/V00_S0595_I00000374_P0751,naturalistic/train/0017/0043/V00_S0595_I00000374_P0298,fresh_pass_naturalistic,fresh,naturalistic,3858,V00,naturalistic,train,ipc_conversation,random draw from files passing all three detectors; participant not in the recheck cohort,"{""clip_anchored_on_fm2_violation"": false, ""flag_count"": 0, ""flags_fired"": """", ""fm1_hip_flexion_deg_p50"": 125.68766214092733, ""fm1_knee_between_torso_p50"": 0.5453489257298598, ""fm1_leg_over_torso_p50"": 0.9555841061418466, ""fm1_reasons"": """", ""fm1_shin_verticality_p50"": 0.9994449016152234, ""fm1_sitting_file"": false, ""fm1_sitting_participant"": false, ""fm1_unit"": ""0751@0595"", ""fm1_unit_basis"": ""none"", ""fm2_in_frame_and_valid_frac"": 1.0, ""fm2_pass_frac_round3_joints_only"": 1.0, ""fm2_smplh_valid_frac"": 1.0, ""fm2_surface_correction_px_p50"": 42.36005062360755, ""fm2_vertex_worst_inset_min_px"": 17.281908537445815, ""fm2_violation_run_max_frames"": 0.0, ""fm2_violation_runs"": 0.0, ""fm2_windowed_pass_frac"": 1.0, ""fm3_static_frac"": 0.017167919799498745, ""observed_duration_s"": 266.0, ""reproj_px_p50"": 30.705493792369573, ""reproj_shoulder_widths_p50"": 0.08153308531153386, ""unit_files"": 4.0, ""unit_flagged_frac"": 0.0, ""unit_hip_flexion_min"": 125.26199382850457, ""unit_knee_between_min"": 0.5380472564189501}",render
r4_350,fresh_pass_naturalistic_350_V00_S0493_I00000130_P0628_f0001638,V00_S0493_I00000130_P0628,naturalistic/train/0013/0035/V00_S0493_I00000130_P0628,naturalistic/train/0013/0023/V00_S0493_I00000130_P0239,fresh_pass_naturalistic,fresh,naturalistic,1638,V00,naturalistic,train,ipc_conversation,random draw from files passing all three detectors; participant not in the recheck cohort,"{""clip_anchored_on_fm2_violation"": false, ""flag_count"": 0, ""flags_fired"": """", ""fm1_hip_flexion_deg_p50"": 152.3478493104004, ""fm1_knee_between_torso_p50"": 0.5179760366080624, ""fm1_leg_over_torso_p50"": 1.491408168288745, ""fm1_reasons"": """", ""fm1_shin_verticality_p50"": 0.9997166732214766, ""fm1_sitting_file"": false, ""fm1_sitting_participant"": false, ""fm1_unit"": ""0628@0493"", ""fm1_unit_basis"": ""none"", ""fm2_in_frame_and_valid_frac"": 1.0, ""fm2_pass_frac_round3_joints_only"": 1.0, ""fm2_smplh_valid_frac"": 1.0, ""fm2_surface_correction_px_p50"": 39.125328601805734, ""fm2_vertex_worst_inset_min_px"": 92.8072366697387, ""fm2_violation_run_max_frames"": 0.0, ""fm2_violation_runs"": 0.0, ""fm2_windowed_pass_frac"": 1.0, ""fm3_static_frac"": 0.5388127853881278, ""observed_duration_s"": 146.0, ""reproj_px_p50"": 17.576853033854285, ""reproj_shoulder_widths_p50"": 0.055689987225315804, ""unit_files"": 3.0, ""unit_flagged_frac"": 0.0, ""unit_hip_flexion_min"": 152.3478493104004, ""unit_knee_between_min"": 0.5179760366080624}",render
r4_351,fresh_pass_naturalistic_351_V00_S0652_I00000132_P0809_f0001050,V00_S0652_I00000132_P0809,naturalistic/train/0019/0002/V00_S0652_I00000132_P0809,naturalistic/train/0019/0004/V00_S0652_I00000132_P0810,fresh_pass_naturalistic,fresh,naturalistic,1050,V00,naturalistic,train,ipc_conversation,random draw from files passing all three detectors; participant not in the recheck cohort,"{""clip_anchored_on_fm2_violation"": false, ""flag_count"": 0, ""flags_fired"": """", ""fm1_hip_flexion_deg_p50"": 143.06996719644795, ""fm1_knee_between_torso_p50"": 0.6073500077817453, ""fm1_leg_over_torso_p50"": 0.9495136011959111, ""fm1_reasons"": """", ""fm1_shin_verticality_p50"": 0.9992611746313143, ""fm1_sitting_file"": false, ""fm1_sitting_participant"": false, ""fm1_unit"": ""0809@0652"", ""fm1_unit_basis"": ""none"", ""fm2_in_frame_and_valid_frac"": 0.9902621722846442, ""fm2_pass_frac_round3_joints_only"": 0.9973782771535581, ""fm2_smplh_valid_frac"": 1.0, ""fm2_surface_correction_px_p50"": 46.19157078793103, ""fm2_vertex_worst_inset_min_px"": -18.416401161243016, ""fm2_violation_run_max_frames"": 14.0, ""fm2_violation_runs"": 12.0, ""fm2_windowed_pass_frac"": 0.8, ""fm3_static_frac"": 0.008614232209737827, ""observed_duration_s"": 178.0, ""reproj_px_p50"": 40.53377290942563, ""reproj_shoulder_widths_p50"": 0.10684724521211636, ""unit_files"": 3.0, ""unit_flagged_frac"": 0.0, ""unit_hip_flexion_min"": 138.92385774281297, ""unit_knee_between_min"": 0.5866885763770633}",render
r4_352,fresh_pass_improvised_352_V00_S1344_I00001005_P0085A_f0005326,V00_S1344_I00001005_P0085A,improvised/train/0030/0039/V00_S1344_I00001005_P0085A,improvised/train/0030/0012/V00_S1344_I00001005_P0955A,fresh_pass_improvised,fresh,improvised,5326,V00,improvised,train,ipc_conversation,random draw from files passing all three detectors; participant not in the recheck cohort,"{""clip_anchored_on_fm2_violation"": false, ""flag_count"": 0, ""flags_fired"": """", ""fm1_hip_flexion_deg_p50"": 152.228373421645, ""fm1_knee_between_torso_p50"": 0.5509363699869291, ""fm1_leg_over_torso_p50"": 1.166797846819062, ""fm1_reasons"": """", ""fm1_shin_verticality_p50"": 0.999634966991118, ""fm1_sitting_file"": false, ""fm1_sitting_participant"": false, ""fm1_unit"": ""0085A@1344"", ""fm1_unit_basis"": ""none"", ""fm2_in_frame_and_valid_frac"": 1.0, ""fm2_pass_frac_round3_joints_only"": 1.0, ""fm2_smplh_valid_frac"": 1.0, ""fm2_surface_correction_px_p50"": 36.93066333365016, ""fm2_vertex_worst_inset_min_px"": 87.80362743784121, ""fm2_violation_run_max_frames"": 0.0, ""fm2_violation_runs"": 0.0, ""fm2_windowed_pass_frac"": 1.0, ""fm3_static_frac"": 0.031081081081081083, ""observed_duration_s"": 222.0, ""reproj_px_p50"": 43.787370099157386, ""reproj_shoulder_widths_p50"": 0.13408375144714352, ""unit_files"": 3.0, ""unit_flagged_frac"": 0.0, ""unit_hip_flexion_min"": 152.02637907359605, ""unit_knee_between_min"": 0.5509363699869291}",render
r4_353,fresh_pass_improvised_353_V00_S0430_I00000581_P0565_f0001752,V00_S0430_I00000581_P0565,improvised/train/0009/0020/V00_S0430_I00000581_P0565,improvised/train/0009/0007/V00_S0430_I00000581_P0059A,fresh_pass_improvised,fresh,improvised,1752,V00,improvised,train,ipc_conversation,random draw from files passing all three detectors; participant not in the recheck cohort,"{""clip_anchored_on_fm2_violation"": false, ""flag_count"": 0, ""flags_fired"": """", ""fm1_hip_flexion_deg_p50"": 159.50385877961918, ""fm1_knee_between_torso_p50"": 0.5719649939607642, ""fm1_leg_over_torso_p50"": 1.2923061602282704, ""fm1_reasons"": """", ""fm1_shin_verticality_p50"": 0.9996349645855251, ""fm1_sitting_file"": false, ""fm1_sitting_participant"": false, ""fm1_unit"": ""0565@0430"", ""fm1_unit_basis"": ""none"", ""fm2_in_frame_and_valid_frac"": 0.9575892857142857, ""fm2_pass_frac_round3_joints_only"": 0.9601190476190476, ""fm2_smplh_valid_frac"": 1.0, ""fm2_surface_correction_px_p50"": 36.21708817873423, ""fm2_vertex_worst_inset_min_px"": -80.60704600416318, ""fm2_violation_run_max_frames"": 68.0, ""fm2_violation_runs"": 18.0, ""fm2_windowed_pass_frac"": 0.42857142857142855, ""fm3_static_frac"": 0.000744047619047619, ""observed_duration_s"": 224.0, ""reproj_px_p50"": 17.903070568164242, ""reproj_shoulder_widths_p50"": 0.05455139886781188, ""unit_files"": 1.0, ""unit_flagged_frac"": 0.0, ""unit_hip_flexion_min"": 159.50385877961918, ""unit_knee_between_min"": 0.5719649939607642}",render
r4_354,fresh_pass_improvised_354_V00_S0905_I00000131_P1004_f0001510,V00_S0905_I00000131_P1004,improvised/train/0019/0005/V00_S0905_I00000131_P1004,improvised/train/0019/0018/V00_S0905_I00000131_P0210A,fresh_pass_improvised,fresh,improvised,1510,V00,improvised,train,ipc_conversation,random draw from files passing all three detectors; participant not in the recheck cohort,"{""clip_anchored_on_fm2_violation"": false, ""flag_count"": 0, ""flags_fired"": """", ""fm1_hip_flexion_deg_p50"": 153.7673617682486, ""fm1_knee_between_torso_p50"": 0.6226973126918407, ""fm1_leg_over_torso_p50"": 1.0306308540543725, ""fm1_reasons"": """", ""fm1_shin_verticality_p50"": 0.9994801078333875, ""fm1_sitting_file"": false, ""fm1_sitting_participant"": false, ""fm1_unit"": ""1004@0905"", ""fm1_unit_basis"": ""none"", ""fm2_in_frame_and_valid_frac"": 1.0, ""fm2_pass_frac_round3_joints_only"": 1.0, ""fm2_smplh_valid_frac"": 1.0, ""fm2_surface_correction_px_p50"": 39.510107166706575, ""fm2_vertex_worst_inset_min_px"": 55.07191015258587, ""fm2_violation_run_max_frames"": 0.0, ""fm2_violation_runs"": 0.0, ""fm2_windowed_pass_frac"": 1.0, ""fm3_static_frac"": 0.30698412698412697, ""observed_duration_s"": 210.0, ""reproj_px_p50"": 47.42994451065388, ""reproj_shoulder_widths_p50"": 0.14812342284668073, ""unit_files"": 3.0, ""unit_flagged_frac"": 0.0, ""unit_hip_flexion_min"": 144.92817221440174, ""unit_knee_between_min"": 0.58791709155116}",render
r4_355,fresh_pass_improvised_355_V00_S0852_I00000488_P0658A_f0000155,V00_S0852_I00000488_P0658A,improvised/train/0017/0045/V00_S0852_I00000488_P0658A,improvised/train/0017/0056/V00_S0852_I00000488_P0974,fresh_pass_improvised,fresh,improvised,155,V00,improvised,train,ipc_conversation,random draw from files passing all three detectors; participant not in the recheck cohort,"{""clip_anchored_on_fm2_violation"": false, ""flag_count"": 0, ""flags_fired"": """", ""fm1_hip_flexion_deg_p50"": 146.11618610908363, ""fm1_knee_between_torso_p50"": 0.5497333361496924, ""fm1_leg_over_torso_p50"": 1.2169434146032758, ""fm1_reasons"": """", ""fm1_shin_verticality_p50"": 0.9982743828575155, ""fm1_sitting_file"": false, ""fm1_sitting_participant"": false, ""fm1_unit"": ""0658A@0852"", ""fm1_unit_basis"": ""none"", ""fm2_in_frame_and_valid_frac"": 0.9991421568627451, ""fm2_pass_frac_round3_joints_only"": 0.9992647058823529, ""fm2_smplh_valid_frac"": 1.0, ""fm2_surface_correction_px_p50"": 32.17927430533564, ""fm2_vertex_worst_inset_min_px"": -90.36728428564822, ""fm2_violation_run_max_frames"": 7.0, ""fm2_violation_runs"": 1.0, ""fm2_windowed_pass_frac"": 0.8888888888888888, ""fm3_static_frac"": 0.10232843137254902, ""observed_duration_s"": 272.0, ""reproj_px_p50"": 37.409644132437634, ""reproj_shoulder_widths_p50"": 0.12503678658402606, ""unit_files"": 1.0, ""unit_flagged_frac"": 0.0, ""unit_hip_flexion_min"": 146.11618610908363, ""unit_knee_between_min"": 0.5497333361496924}",render
r4_356,fresh_pass_improvised_356_V00_S1403_I00001039_P0557A_f0003470,V00_S1403_I00001039_P0557A,improvised/train/0032/0003/V00_S1403_I00001039_P0557A,improvised/train/0032/0002/V00_S1403_I00001039_P0388A,fresh_pass_improvised,fresh,improvised,3470,V00,improvised,train,ipc_conversation,random draw from files passing all three detectors; participant not in the recheck cohort,"{""clip_anchored_on_fm2_violation"": false, ""flag_count"": 0, ""flags_fired"": """", ""fm1_hip_flexion_deg_p50"": 156.5275692913853, ""fm1_knee_between_torso_p50"": 0.5521675623245657, ""fm1_leg_over_torso_p50"": 1.3254451613631955, ""fm1_reasons"": """", ""fm1_shin_verticality_p50"": 0.9985422808764457, ""fm1_sitting_file"": false, ""fm1_sitting_participant"": false, ""fm1_unit"": ""0557A@1403"", ""fm1_unit_basis"": ""none"", ""fm2_in_frame_and_valid_frac"": 1.0, ""fm2_pass_frac_round3_joints_only"": 1.0, ""fm2_smplh_valid_frac"": 1.0, ""fm2_surface_correction_px_p50"": 30.426090558022565, ""fm2_vertex_worst_inset_min_px"": 94.23404116248605, ""fm2_violation_run_max_frames"": 0.0, ""fm2_violation_runs"": 0.0, ""fm2_windowed_pass_frac"": 1.0, ""fm3_static_frac"": 0.5424358974358975, ""observed_duration_s"": 260.0, ""reproj_px_p50"": 41.1746562289985, ""reproj_shoulder_widths_p50"": 0.14169874835636145, ""unit_files"": 2.0, ""unit_flagged_frac"": 0.0, ""unit_hip_flexion_min"": 154.5025539031853, ""unit_knee_between_min"": 0.5516075784798444}",render
r4_357,fresh_pass_improvised_357_V00_S1915_I00001097_P0920A_f0001389,V00_S1915_I00001097_P0920A,improvised/train/0047/0010/V00_S1915_I00001097_P0920A,improvised/train/0047/0014/V00_S1915_I00001097_P1147A,fresh_pass_improvised,fresh,improvised,1389,V00,improvised,train,ipc_conversation,random draw from files passing all three detectors; participant not in the recheck cohort,"{""clip_anchored_on_fm2_violation"": false, ""flag_count"": 0, ""flags_fired"": """", ""fm1_hip_flexion_deg_p50"": 163.70597390864987, ""fm1_knee_between_torso_p50"": 0.5842691319621045, ""fm1_leg_over_torso_p50"": 1.1908191014972997, ""fm1_reasons"": """", ""fm1_shin_verticality_p50"": 0.9983713164781609, ""fm1_sitting_file"": false, ""fm1_sitting_participant"": false, ""fm1_unit"": ""0920A@1915"", ""fm1_unit_basis"": ""none"", ""fm2_in_frame_and_valid_frac"": 0.9994553376906318, ""fm2_pass_frac_round3_joints_only"": 1.0, ""fm2_smplh_valid_frac"": 1.0, ""fm2_surface_correction_px_p50"": 94.38180123867522, ""fm2_vertex_worst_inset_min_px"": -3.023026159004985, ""fm2_violation_run_max_frames"": 3.0, ""fm2_violation_runs"": 2.0, ""fm2_windowed_pass_frac"": 1.0, ""fm3_static_frac"": 0.11688453159041394, ""observed_duration_s"": 306.0, ""reproj_px_p50"": 27.49342708254569, ""reproj_shoulder_widths_p50"": 0.10470570814254934, ""unit_files"": 1.0, ""unit_flagged_frac"": 0.0, ""unit_hip_flexion_min"": 163.70597390864987, ""unit_knee_between_min"": 0.5842691319621045}",render
r4_358,fresh_pass_improvised_358_V00_S0056_I00000377_P0086_f0001462,V00_S0056_I00000377_P0086,improvised/train/0000/0017/V00_S0056_I00000377_P0086,improvised/train/0000/0023/V00_S0056_I00000377_P0027A,fresh_pass_improvised,fresh,improvised,1462,V00,improvised,train,ipc_conversation,random draw from files passing all three detectors; participant not in the recheck cohort,"{""clip_anchored_on_fm2_violation"": false, ""flag_count"": 0, ""flags_fired"": """", ""fm1_hip_flexion_deg_p50"": 144.53122710272635, ""fm1_knee_between_torso_p50"": 0.5122371881309253, ""fm1_leg_over_torso_p50"": 1.5553989444582679, ""fm1_reasons"": """", ""fm1_shin_verticality_p50"": 0.9967290694211908, ""fm1_sitting_file"": false, ""fm1_sitting_participant"": false, ""fm1_unit"": ""0086@0056"", ""fm1_unit_basis"": ""none"", ""fm2_in_frame_and_valid_frac"": 0.9966666666666667, ""fm2_pass_frac_round3_joints_only"": 0.997037037037037, ""fm2_smplh_valid_frac"": 1.0, ""fm2_surface_correction_px_p50"": 37.90105117231258, ""fm2_vertex_worst_inset_min_px"": -27.837338572252293, ""fm2_violation_run_max_frames"": 9.0, ""fm2_violation_runs"": 1.0, ""fm2_windowed_pass_frac"": 0.6666666666666666, ""fm3_static_frac"": 0.18296296296296297, ""observed_duration_s"": 90.0, ""reproj_px_p50"": 20.145543071296295, ""reproj_shoulder_widths_p50"": 0.06797272178454447, ""unit_files"": 2.0, ""unit_flagged_frac"": 0.0, ""unit_hip_flexion_min"": 144.53122710272635, ""unit_knee_between_min"": 0.5119507682211357}",render
r4_359,fresh_pass_improvised_359_V00_S1467_I00000711_P0955A_f0000677,V00_S1467_I00000711_P0955A,improvised/train/0034/0042/V00_S1467_I00000711_P0955A,improvised/train/0034/0058/V00_S1467_I00000711_P1115A,fresh_pass_improvised,fresh,improvised,677,V00,improvised,train,ipc_conversation,random draw from files passing all three detectors; participant not in the recheck cohort,"{""clip_anchored_on_fm2_violation"": false, ""flag_count"": 0, ""flags_fired"": """", ""fm1_hip_flexion_deg_p50"": 162.85427515647234, ""fm1_knee_between_torso_p50"": 0.5895540746592958, ""fm1_leg_over_torso_p50"": 1.2795481528706427, ""fm1_reasons"": """", ""fm1_shin_verticality_p50"": 0.999614419321722, ""fm1_sitting_file"": false, ""fm1_sitting_participant"": false, ""fm1_unit"": ""0955A@1467"", ""fm1_unit_basis"": ""none"", ""fm2_in_frame_and_valid_frac"": 0.9984042553191489, ""fm2_pass_frac_round3_joints_only"": 0.9984042553191489, ""fm2_smplh_valid_frac"": 1.0, ""fm2_surface_correction_px_p50"": 37.608308703115654, ""fm2_vertex_worst_inset_min_px"": -85.93016160191883, ""fm2_violation_run_max_frames"": 13.0, ""fm2_violation_runs"": 2.0, ""fm2_windowed_pass_frac"": 0.8333333333333334, ""fm3_static_frac"": 0.10230496453900709, ""observed_duration_s"": 376.0, ""reproj_px_p50"": 25.029032804010974, ""reproj_shoulder_widths_p50"": 0.08172464912850974, ""unit_files"": 3.0, ""unit_flagged_frac"": 0.0, ""unit_hip_flexion_min"": 162.85427515647234, ""unit_knee_between_min"": 0.587273954820411}",render
r4_360,fresh_pass_improvised_360_V00_S1029_I00000144_P1061_f0003664,V00_S1029_I00000144_P1061,improvised/train/0022/0034/V00_S1029_I00000144_P1061,improvised/train/0022/0069/V00_S1029_I00000144_P0250A,fresh_pass_improvised,fresh,improvised,3664,V00,improvised,train,ipc_conversation,random draw from files passing all three detectors; participant not in the recheck cohort,"{""clip_anchored_on_fm2_violation"": false, ""flag_count"": 0, ""flags_fired"": """", ""fm1_hip_flexion_deg_p50"": 167.714709714844, ""fm1_knee_between_torso_p50"": 0.5834674390572342, ""fm1_leg_over_torso_p50"": 1.2763979587821117, ""fm1_reasons"": """", ""fm1_shin_verticality_p50"": 0.9997026856576272, ""fm1_sitting_file"": false, ""fm1_sitting_participant"": false, ""fm1_unit"": ""1061@1029"", ""fm1_unit_basis"": ""none"", ""fm2_in_frame_and_valid_frac"": 1.0, ""fm2_pass_frac_round3_joints_only"": 1.0, ""fm2_smplh_valid_frac"": 1.0, ""fm2_surface_correction_px_p50"": 38.604989779769994, ""fm2_vertex_worst_inset_min_px"": 73.86333223230531, ""fm2_violation_run_max_frames"": 0.0, ""fm2_violation_runs"": 0.0, ""fm2_windowed_pass_frac"": 1.0, ""fm3_static_frac"": 0.5457044673539518, ""observed_duration_s"": 194.0, ""reproj_px_p50"": 23.010019324203242, ""reproj_shoulder_widths_p50"": 0.07170641187820775, ""unit_files"": 1.0, ""unit_flagged_frac"": 0.0, ""unit_hip_flexion_min"": 167.714709714844, ""unit_knee_between_min"": 0.5834674390572342}",render
r4_361,fresh_pass_improvised_361_V00_S0836_I00000135_P0966_f0001129,V00_S0836_I00000135_P0966,improvised/train/0017/0037/V00_S0836_I00000135_P0966,improvised/train/0017/0011/V00_S0836_I00000135_P0026A,fresh_pass_improvised,fresh,improvised,1129,V00,improvised,train,collaborative_storytelling,random draw from files passing all three detectors; participant not in the recheck cohort,"{""clip_anchored_on_fm2_violation"": false, ""flag_count"": 0, ""flags_fired"": """", ""fm1_hip_flexion_deg_p50"": 162.26531537977644, ""fm1_knee_between_torso_p50"": 0.6151311938627759, ""fm1_leg_over_torso_p50"": 1.1093497361971896, ""fm1_reasons"": """", ""fm1_shin_verticality_p50"": 0.999512073472497, ""fm1_sitting_file"": false, ""fm1_sitting_participant"": false, ""fm1_unit"": ""0966@0836"", ""fm1_unit_basis"": ""none"", ""fm2_in_frame_and_valid_frac"": 0.9996666666666667, ""fm2_pass_frac_round3_joints_only"": 1.0, ""fm2_smplh_valid_frac"": 1.0, ""fm2_surface_correction_px_p50"": 41.036337356272384, ""fm2_vertex_worst_inset_min_px"": 4.7002031528938915, ""fm2_violation_run_max_frames"": 1.0, ""fm2_violation_runs"": 1.0, ""fm2_windowed_pass_frac"": 1.0, ""fm3_static_frac"": 0.284, ""observed_duration_s"": 100.0, ""reproj_px_p50"": 33.70928090204792, ""reproj_shoulder_widths_p50"": 0.11338498604351614, ""unit_files"": 1.0, ""unit_flagged_frac"": 0.0, ""unit_hip_flexion_min"": 162.26531537977644, ""unit_knee_between_min"": 0.6151311938627759}",render
r4_362,fresh_pass_improvised_362_V00_S1794_I00000666_P0106A_f0001377,V00_S1794_I00000666_P0106A,improvised/train/0044/0057/V00_S1794_I00000666_P0106A,improvised/train/0044/0023/V00_S1794_I00000666_P0974A,fresh_pass_improvised,fresh,improvised,1377,V00,improvised,train,ipc_conversation,random draw from files passing all three detectors; participant not in the recheck cohort,"{""clip_anchored_on_fm2_violation"": false, ""flag_count"": 0, ""flags_fired"": """", ""fm1_hip_flexion_deg_p50"": 161.32528262404696, ""fm1_knee_between_torso_p50"": 0.5505432854494731, ""fm1_leg_over_torso_p50"": 1.3429637527841338, ""fm1_reasons"": """", ""fm1_shin_verticality_p50"": 0.996729032909305, ""fm1_sitting_file"": false, ""fm1_sitting_participant"": false, ""fm1_unit"": ""0106A@1794"", ""fm1_unit_basis"": ""none"", ""fm2_in_frame_and_valid_frac"": 1.0, ""fm2_pass_frac_round3_joints_only"": 1.0, ""fm2_smplh_valid_frac"": 1.0, ""fm2_surface_correction_px_p50"": 25.870451919837137, ""fm2_vertex_worst_inset_min_px"": 105.93904618861893, ""fm2_violation_run_max_frames"": 0.0, ""fm2_violation_runs"": 0.0, ""fm2_windowed_pass_frac"": 1.0, ""fm3_static_frac"": 0.545631067961165, ""observed_duration_s"": 206.0, ""reproj_px_p50"": 39.100606697736076, ""reproj_shoulder_widths_p50"": 0.14305372598497162, ""unit_files"": 1.0, ""unit_flagged_frac"": 0.0, ""unit_hip_flexion_min"": 161.32528262404696, ""unit_knee_between_min"": 0.5505432854494731}",render
r4_363,fresh_pass_improvised_363_V00_S2029_I00001071_P1287A_f0001621,V00_S2029_I00001071_P1287A,improvised/train/0048/0021/V00_S2029_I00001071_P1287A,improvised/train/0048/0020/V00_S2029_I00001071_P1286A,fresh_pass_improvised,fresh,improvised,1621,V00,improvised,train,ipc_conversation,random draw from files passing all three detectors; participant not in the recheck cohort,"{""clip_anchored_on_fm2_violation"": false, ""flag_count"": 0, ""flags_fired"": """", ""fm1_hip_flexion_deg_p50"": 154.5104037317459, ""fm1_knee_between_torso_p50"": 0.5814492450642317, ""fm1_leg_over_torso_p50"": 1.1999485271855928, ""fm1_reasons"": """", ""fm1_shin_verticality_p50"": 0.9995120800522541, ""fm1_sitting_file"": false, ""fm1_sitting_participant"": false, ""fm1_unit"": ""1287A@2029"", ""fm1_unit_basis"": ""none"", ""fm2_in_frame_and_valid_frac"": 1.0, ""fm2_pass_frac_round3_joints_only"": 1.0, ""fm2_smplh_valid_frac"": 1.0, ""fm2_surface_correction_px_p50"": 45.36590482610211, ""fm2_vertex_worst_inset_min_px"": 9.927992318745964, ""fm2_violation_run_max_frames"": 0.0, ""fm2_violation_runs"": 0.0, ""fm2_windowed_pass_frac"": 1.0, ""fm3_static_frac"": 0.4398692810457516, ""observed_duration_s"": 204.0, ""reproj_px_p50"": 35.64828852266683, ""reproj_shoulder_widths_p50"": 0.10698746073440496, ""unit_files"": 2.0, ""unit_flagged_frac"": 0.0, ""unit_hip_flexion_min"": 154.5104037317459, ""unit_knee_between_min"": 0.5646259840742553}",render
r4_364,fresh_pass_improvised_364_V00_S0266_I00000477_P0363_f0001518,V00_S0266_I00000477_P0363,improvised/train/0006/0039/V00_S0266_I00000477_P0363,improvised/train/0006/0028/V00_S0266_I00000477_P0006A,fresh_pass_improvised,fresh,improvised,1518,V00,improvised,train,ipc_conversation,random draw from files passing all three detectors; participant not in the recheck cohort,"{""clip_anchored_on_fm2_violation"": false, ""flag_count"": 0, ""flags_fired"": """", ""fm1_hip_flexion_deg_p50"": 135.1089723203671, ""fm1_knee_between_torso_p50"": 0.5314649576134554, ""fm1_leg_over_torso_p50"": 1.044418752203058, ""fm1_reasons"": """", ""fm1_shin_verticality_p50"": 0.9995411782686081, ""fm1_sitting_file"": false, ""fm1_sitting_participant"": false, ""fm1_unit"": ""0363@0266"", ""fm1_unit_basis"": ""none"", ""fm2_in_frame_and_valid_frac"": 0.9974358974358974, ""fm2_pass_frac_round3_joints_only"": 1.0, ""fm2_smplh_valid_frac"": 1.0, ""fm2_surface_correction_px_p50"": 45.877714234735436, ""fm2_vertex_worst_inset_min_px"": 7.595988392317395, ""fm2_violation_run_max_frames"": 5.0, ""fm2_violation_runs"": 5.0, ""fm2_windowed_pass_frac"": 1.0, ""fm3_static_frac"": 0.5846153846153846, ""observed_duration_s"": 156.0, ""reproj_px_p50"": 51.72848906057957, ""reproj_shoulder_widths_p50"": 0.1398918996068033, ""unit_files"": 4.0, ""unit_flagged_frac"": 0.0, ""unit_hip_flexion_min"": 129.52727014777176, ""unit_knee_between_min"": 0.5313536816067344}",render
r4_365,fresh_pass_improvised_365_V00_S0710_I00000377_P0015_f0001716,V00_S0710_I00000377_P0015,improvised/train/0014/0030/V00_S0710_I00000377_P0015,improvised/train/0014/0021/V00_S0710_I00000377_P0012A,fresh_pass_improvised,fresh,improvised,1716,V00,improvised,train,ipc_conversation,random draw from files passing all three detectors; participant not in the recheck cohort,"{""clip_anchored_on_fm2_violation"": false, ""flag_count"": 0, ""flags_fired"": """", ""fm1_hip_flexion_deg_p50"": 154.26927603215645, ""fm1_knee_between_torso_p50"": 0.5266217176037424, ""fm1_leg_over_torso_p50"": 1.5016997118204187, ""fm1_reasons"": """", ""fm1_shin_verticality_p50"": 0.9987523508620462, ""fm1_sitting_file"": false, ""fm1_sitting_participant"": false, ""fm1_unit"": ""0015@0710"", ""fm1_unit_basis"": ""none"", ""fm2_in_frame_and_valid_frac"": 1.0, ""fm2_pass_frac_round3_joints_only"": 1.0, ""fm2_smplh_valid_frac"": 1.0, ""fm2_surface_correction_px_p50"": 28.02559955436368, ""fm2_vertex_worst_inset_min_px"": 0.08415361065681282, ""fm2_violation_run_max_frames"": 0.0, ""fm2_violation_runs"": 0.0, ""fm2_windowed_pass_frac"": 1.0, ""fm3_static_frac"": 0.021691176470588235, ""observed_duration_s"": 272.0, ""reproj_px_p50"": 15.384127264822745, ""reproj_shoulder_widths_p50"": 0.05386354456397338, ""unit_files"": 2.0, ""unit_flagged_frac"": 0.0, ""unit_hip_flexion_min"": 151.7581407719332, ""unit_knee_between_min"": 0.5180246013590639}",render
r4_366,fresh_pass_improvised_366_V00_S0486_I00000135_P0229A_f0002916,V00_S0486_I00000135_P0229A,improvised/train/0010/0034/V00_S0486_I00000135_P0229A,improvised/train/0010/0004/V00_S0486_I00000135_P0622,fresh_pass_improvised,fresh,improvised,2916,V00,improvised,train,collaborative_storytelling,random draw from files passing all three detectors; participant not in the recheck cohort,"{""clip_anchored_on_fm2_violation"": false, ""flag_count"": 0, ""flags_fired"": """", ""fm1_hip_flexion_deg_p50"": 144.9607204053616, ""fm1_knee_between_torso_p50"": 0.5231905935020947, ""fm1_leg_over_torso_p50"": 1.3411509561591441, ""fm1_reasons"": """", ""fm1_shin_verticality_p50"": 0.9945054655431098, ""fm1_sitting_file"": false, ""fm1_sitting_participant"": false, ""fm1_unit"": ""0229A@0486"", ""fm1_unit_basis"": ""none"", ""fm2_in_frame_and_valid_frac"": 0.9955673758865248, ""fm2_pass_frac_round3_joints_only"": 0.9976950354609929, ""fm2_smplh_valid_frac"": 1.0, ""fm2_surface_correction_px_p50"": 41.105133639205064, ""fm2_vertex_worst_inset_min_px"": -26.540010727706886, ""fm2_violation_run_max_frames"": 25.0, ""fm2_violation_runs"": 1.0, ""fm2_windowed_pass_frac"": 0.8333333333333334, ""fm3_static_frac"": 0.7398936170212767, ""observed_duration_s"": 188.0, ""reproj_px_p50"": 20.895579635797265, ""reproj_shoulder_widths_p50"": 0.059561794050493874, ""unit_files"": 1.0, ""unit_flagged_frac"": 0.0, ""unit_hip_flexion_min"": 144.9607204053616, ""unit_knee_between_min"": 0.5231905935020947}",render
r4_367,fresh_pass_improvised_367_V00_S0640_I00000484_P0229A_f0004559,V00_S0640_I00000484_P0229A,improvised/train/0012/0044/V00_S0640_I00000484_P0229A,improvised/train/0012/0040/V00_S0640_I00000484_P0798,fresh_pass_improvised,fresh,improvised,4559,V00,improvised,train,ipc_conversation,random draw from files passing all three detectors; participant not in the recheck cohort,"{""clip_anchored_on_fm2_violation"": false, ""flag_count"": 0, ""flags_fired"": """", ""fm1_hip_flexion_deg_p50"": 150.16027228933504, ""fm1_knee_between_torso_p50"": 0.5430967808059919, ""fm1_leg_over_torso_p50"": 1.3683258807750245, ""fm1_reasons"": """", ""fm1_shin_verticality_p50"": 0.993883697750717, ""fm1_sitting_file"": false, ""fm1_sitting_participant"": false, ""fm1_unit"": ""0229A@0640"", ""fm1_unit_basis"": ""none"", ""fm2_in_frame_and_valid_frac"": 0.9996913580246913, ""fm2_pass_frac_round3_joints_only"": 1.0, ""fm2_smplh_valid_frac"": 1.0, ""fm2_surface_correction_px_p50"": 41.24369451993425, ""fm2_vertex_worst_inset_min_px"": 6.39174213251647, ""fm2_violation_run_max_frames"": 3.0, ""fm2_violation_runs"": 1.0, ""fm2_windowed_pass_frac"": 1.0, ""fm3_static_frac"": 0.294238683127572, ""observed_duration_s"": 324.0, ""reproj_px_p50"": 18.21646415031128, ""reproj_shoulder_widths_p50"": 0.05386521000824644, ""unit_files"": 3.0, ""unit_flagged_frac"": 0.0, ""unit_hip_flexion_min"": 147.48061260564725, ""unit_knee_between_min"": 0.5375958137830497}",render
r4_368,fresh_pass_improvised_368_V00_S0338_I00000537_P0454_f0003298,V00_S0338_I00000537_P0454,improvised/train/0008/0015/V00_S0338_I00000537_P0454,improvised/train/0008/0034/V00_S0338_I00000537_P0028A,fresh_pass_improvised,fresh,improvised,3298,V00,improvised,train,ipc_conversation,random draw from files passing all three detectors; participant not in the recheck cohort,"{""clip_anchored_on_fm2_violation"": false, ""flag_count"": 0, ""flags_fired"": """", ""fm1_hip_flexion_deg_p50"": 142.07215127002615, ""fm1_knee_between_torso_p50"": 0.6061082078662604, ""fm1_leg_over_torso_p50"": 1.0311825065905564, ""fm1_reasons"": """", ""fm1_shin_verticality_p50"": 0.9994059932815951, ""fm1_sitting_file"": false, ""fm1_sitting_participant"": false, ""fm1_unit"": ""0454@0338"", ""fm1_unit_basis"": ""none"", ""fm2_in_frame_and_valid_frac"": 1.0, ""fm2_pass_frac_round3_joints_only"": 1.0, ""fm2_smplh_valid_frac"": 1.0, ""fm2_surface_correction_px_p50"": 48.87208666806316, ""fm2_vertex_worst_inset_min_px"": 28.518112320100386, ""fm2_violation_run_max_frames"": 0.0, ""fm2_violation_runs"": 0.0, ""fm2_windowed_pass_frac"": 1.0, ""fm3_static_frac"": 0.09626168224299066, ""observed_duration_s"": 214.0, ""reproj_px_p50"": 17.164322832070532, ""reproj_shoulder_widths_p50"": 0.04596238251349252, ""unit_files"": 2.0, ""unit_flagged_frac"": 0.0, ""unit_hip_flexion_min"": 140.25055844595602, ""unit_knee_between_min"": 0.6031981700451277}",render
r4_369,fresh_pass_improvised_369_V00_S0194_I00000536_P0266_f0000357,V00_S0194_I00000536_P0266,improvised/train/0004/0012/V00_S0194_I00000536_P0266,improvised/train/0004/0010/V00_S0194_I00000536_P0005A,fresh_pass_improvised,fresh,improvised,357,V00,improvised,train,ipc_conversation,random draw from files passing all three detectors; participant not in the recheck cohort,"{""clip_anchored_on_fm2_violation"": false, ""flag_count"": 0, ""flags_fired"": """", ""fm1_hip_flexion_deg_p50"": 139.39803073693759, ""fm1_knee_between_torso_p50"": 0.5201385628029721, ""fm1_leg_over_torso_p50"": 1.2304916592126647, ""fm1_reasons"": """", ""fm1_shin_verticality_p50"": 0.9996144244965333, ""fm1_sitting_file"": false, ""fm1_sitting_participant"": false, ""fm1_unit"": ""0266@0194"", ""fm1_unit_basis"": ""none"", ""fm2_in_frame_and_valid_frac"": 1.0, ""fm2_pass_frac_round3_joints_only"": 1.0, ""fm2_smplh_valid_frac"": 1.0, ""fm2_surface_correction_px_p50"": 40.83683033308546, ""fm2_vertex_worst_inset_min_px"": 75.88935027847924, ""fm2_violation_run_max_frames"": 0.0, ""fm2_violation_runs"": 0.0, ""fm2_windowed_pass_frac"": 1.0, ""fm3_static_frac"": 0.03676975945017182, ""observed_duration_s"": 194.0, ""reproj_px_p50"": 45.72761888826392, ""reproj_shoulder_widths_p50"": 0.12103501471652242, ""unit_files"": 1.0, ""unit_flagged_frac"": 0.0, ""unit_hip_flexion_min"": 139.39803073693759, ""unit_knee_between_min"": 0.5201385628029721}",render
r4_370,fresh_pass_improvised_370_V00_S0940_I00000307_P1036_f0001708,V00_S0940_I00000307_P1036,improvised/train/0019/0026/V00_S0940_I00000307_P1036,improvised/train/0019/0003/V00_S0940_I00000307_P0210A,fresh_pass_improvised,fresh,improvised,1708,V00,improvised,train,ipc_conversation,random draw from files passing all three detectors; participant not in the recheck cohort,"{""clip_anchored_on_fm2_violation"": false, ""flag_count"": 0, ""flags_fired"": """", ""fm1_hip_flexion_deg_p50"": 153.31413378552452, ""fm1_knee_between_torso_p50"": 0.6025286070742781, ""fm1_leg_over_torso_p50"": 1.043837275471104, ""fm1_reasons"": """", ""fm1_shin_verticality_p50"": 0.999480109228844, ""fm1_sitting_file"": false, ""fm1_sitting_participant"": false, ""fm1_unit"": ""1036@0940"", ""fm1_unit_basis"": ""none"", ""fm2_in_frame_and_valid_frac"": 1.0, ""fm2_pass_frac_round3_joints_only"": 1.0, ""fm2_smplh_valid_frac"": 1.0, ""fm2_surface_correction_px_p50"": 42.85626433301138, ""fm2_vertex_worst_inset_min_px"": 118.2994167295792, ""fm2_violation_run_max_frames"": 0.0, ""fm2_violation_runs"": 0.0, ""fm2_windowed_pass_frac"": 1.0, ""fm3_static_frac"": 0.5574404761904762, ""observed_duration_s"": 224.0, ""reproj_px_p50"": 42.982937548202614, ""reproj_shoulder_widths_p50"": 0.12349014169404265, ""unit_files"": 1.0, ""unit_flagged_frac"": 0.0, ""unit_hip_flexion_min"": 153.31413378552452, ""unit_knee_between_min"": 0.6025286070742781}",render
r4_371,fresh_pass_improvised_371_V00_S1285_I00001070_P0085A_f0012059,V00_S1285_I00001070_P0085A,improvised/train/0029/0055/V00_S1285_I00001070_P0085A,improvised/train/0029/0029/V00_S1285_I00001070_P0229A,fresh_pass_improvised,fresh,improvised,12059,V00,improvised,train,ipc_conversation,random draw from files passing all three detectors; participant not in the recheck cohort,"{""clip_anchored_on_fm2_violation"": false, ""flag_count"": 0, ""flags_fired"": """", ""fm1_hip_flexion_deg_p50"": 159.09581899545105, ""fm1_knee_between_torso_p50"": 0.5529137086197783, ""fm1_leg_over_torso_p50"": 1.3067033510077746, ""fm1_reasons"": """", ""fm1_shin_verticality_p50"": 0.9968981495727458, ""fm1_sitting_file"": false, ""fm1_sitting_participant"": false, ""fm1_unit"": ""0085A@1285"", ""fm1_unit_basis"": ""none"", ""fm2_in_frame_and_valid_frac"": 0.9950070323488045, ""fm2_pass_frac_round3_joints_only"": 0.9962728551336146, ""fm2_smplh_valid_frac"": 1.0, ""fm2_surface_correction_px_p50"": 30.181503335193725, ""fm2_vertex_worst_inset_min_px"": -46.05374324561285, ""fm2_violation_run_max_frames"": 30.0, ""fm2_violation_runs"": 8.0, ""fm2_windowed_pass_frac"": 0.8666666666666667, ""fm3_static_frac"": 0.05843881856540084, ""observed_duration_s"": 474.0, ""reproj_px_p50"": 41.48654148186606, ""reproj_shoulder_widths_p50"": 0.13531125416293574, ""unit_files"": 1.0, ""unit_flagged_frac"": 0.0, ""unit_hip_flexion_min"": 159.09581899545105, ""unit_knee_between_min"": 0.5529137086197783}",render
r4_372,fresh_pass_improvised_372_V00_S1491_I00001082_P0976A_f0007636,V00_S1491_I00001082_P0976A,improvised/train/0035/0037/V00_S1491_I00001082_P0976A,improvised/train/0035/0022/V00_S1491_I00001082_P0744A,fresh_pass_improvised,fresh,improvised,7636,V00,improvised,train,ipc_conversation,random draw from files passing all three detectors; participant not in the recheck cohort,"{""clip_anchored_on_fm2_violation"": false, ""flag_count"": 0, ""flags_fired"": """", ""fm1_hip_flexion_deg_p50"": 163.21596940924258, ""fm1_knee_between_torso_p50"": 0.5475386257947905, ""fm1_leg_over_torso_p50"": 1.4850421516031318, ""fm1_reasons"": """", ""fm1_shin_verticality_p50"": 0.9997026914452412, ""fm1_sitting_file"": false, ""fm1_sitting_participant"": false, ""fm1_unit"": ""0976A@1491"", ""fm1_unit_basis"": ""none"", ""fm2_in_frame_and_valid_frac"": 0.9986542443064182, ""fm2_pass_frac_round3_joints_only"": 0.9990683229813665, ""fm2_smplh_valid_frac"": 1.0, ""fm2_surface_correction_px_p50"": 28.496665960732685, ""fm2_vertex_worst_inset_min_px"": -14.361609349953142, ""fm2_violation_run_max_frames"": 11.0, ""fm2_violation_runs"": 2.0, ""fm2_windowed_pass_frac"": 0.8, ""fm3_static_frac"": 0.00010351966873706004, ""observed_duration_s"": 322.0, ""reproj_px_p50"": 21.198136245273954, ""reproj_shoulder_widths_p50"": 0.07327131107732615, ""unit_files"": 1.0, ""unit_flagged_frac"": 0.0, ""unit_hip_flexion_min"": 163.21596940924258, ""unit_knee_between_min"": 0.5475386257947905}",render
r4_373,fresh_pass_improvised_373_V00_S0740_I00000952_P0012A_f0003934,V00_S0740_I00000952_P0012A,improvised/train/0014/0020/V00_S0740_I00000952_P0012A,improvised/train/0014/0048/V00_S0740_I00000952_P0230A,fresh_pass_improvised,fresh,improvised,3934,V00,improvised,train,ipc_conversation,random draw from files passing all three detectors; participant not in the recheck cohort,"{""clip_anchored_on_fm2_violation"": false, ""flag_count"": 0, ""flags_fired"": """", ""fm1_hip_flexion_deg_p50"": 148.14827585037304, ""fm1_knee_between_torso_p50"": 0.5627348257201037, ""fm1_leg_over_torso_p50"": 1.3047753356950256, ""fm1_reasons"": """", ""fm1_shin_verticality_p50"": 0.9995920966184669, ""fm1_sitting_file"": false, ""fm1_sitting_participant"": false, ""fm1_unit"": ""0012A@0740"", ""fm1_unit_basis"": ""none"", ""fm2_in_frame_and_valid_frac"": 0.9617788461538461, ""fm2_pass_frac_round3_joints_only"": 0.9741987179487179, ""fm2_smplh_valid_frac"": 1.0, ""fm2_surface_correction_px_p50"": 40.372082204597405, ""fm2_vertex_worst_inset_min_px"": -70.80438803753304, ""fm2_violation_run_max_frames"": 36.0, ""fm2_violation_runs"": 62.0, ""fm2_windowed_pass_frac"": 0.23076923076923078, ""fm3_static_frac"": 0.5883814102564102, ""observed_duration_s"": 416.0, ""reproj_px_p50"": 28.96277193197602, ""reproj_shoulder_widths_p50"": 0.08539288945110156, ""unit_files"": 2.0, ""unit_flagged_frac"": 0.0, ""unit_hip_flexion_min"": 148.09454397454277, ""unit_knee_between_min"": 0.5627348257201037}",render
r4_374,fresh_pass_improvised_374_V00_S0259_I00000128_P0050_f0003292,V00_S0259_I00000128_P0050,improvised/train/0006/0025/V00_S0259_I00000128_P0050,improvised/train/0006/0014/V00_S0259_I00000128_P0085A,fresh_pass_improvised,fresh,improvised,3292,V00,improvised,train,ipc_conversation,random draw from files passing all three detectors; participant not in the recheck cohort,"{""clip_anchored_on_fm2_violation"": false, ""flag_count"": 0, ""flags_fired"": """", ""fm1_hip_flexion_deg_p50"": 140.24872976212336, ""fm1_knee_between_torso_p50"": 0.4985405095703566, ""fm1_leg_over_torso_p50"": 1.5916086770905593, ""fm1_reasons"": """", ""fm1_shin_verticality_p50"": 0.9996876403437902, ""fm1_sitting_file"": false, ""fm1_sitting_participant"": false, ""fm1_unit"": ""0050@0259"", ""fm1_unit_basis"": ""none"", ""fm2_in_frame_and_valid_frac"": 0.9919607843137255, ""fm2_pass_frac_round3_joints_only"": 0.994313725490196, ""fm2_smplh_valid_frac"": 1.0, ""fm2_surface_correction_px_p50"": 40.12545111589702, ""fm2_vertex_worst_inset_min_px"": -26.28902312944274, ""fm2_violation_run_max_frames"": 25.0, ""fm2_violation_runs"": 3.0, ""fm2_windowed_pass_frac"": 0.6, ""fm3_static_frac"": 0.43666666666666665, ""observed_duration_s"": 170.0, ""reproj_px_p50"": 17.6199026766592, ""reproj_shoulder_widths_p50"": 0.05865638834968875, ""unit_files"": 3.0, ""unit_flagged_frac"": 0.0, ""unit_hip_flexion_min"": 140.24872976212336, ""unit_knee_between_min"": 0.4985405095703566}",render
r4_375,fresh_pass_improvised_375_V00_S0973_I00000054_P0204_f0005303,V00_S0973_I00000054_P0204,improvised/train/0020/0048/V00_S0973_I00000054_P0204,improvised/train/0020/0067/V00_S0973_I00000054_P0845A,fresh_pass_improvised,fresh,improvised,5303,V00,improvised,train,ipc_conversation,random draw from files passing all three detectors; participant not in the recheck cohort,"{""clip_anchored_on_fm2_violation"": false, ""flag_count"": 0, ""flags_fired"": """", ""fm1_hip_flexion_deg_p50"": 158.7361408016882, ""fm1_knee_between_torso_p50"": 0.5664846491377579, ""fm1_leg_over_torso_p50"": 1.2708634773961147, ""fm1_reasons"": """", ""fm1_shin_verticality_p50"": 0.9967290189015413, ""fm1_sitting_file"": false, ""fm1_sitting_participant"": false, ""fm1_unit"": ""0204@0973"", ""fm1_unit_basis"": ""none"", ""fm2_in_frame_and_valid_frac"": 1.0, ""fm2_pass_frac_round3_joints_only"": 1.0, ""fm2_smplh_valid_frac"": 1.0, ""fm2_surface_correction_px_p50"": 33.67337116547276, ""fm2_vertex_worst_inset_min_px"": 55.741667257696406, ""fm2_violation_run_max_frames"": 0.0, ""fm2_violation_runs"": 0.0, ""fm2_windowed_pass_frac"": 1.0, ""fm3_static_frac"": 0.01192528735632184, ""observed_duration_s"": 232.0, ""reproj_px_p50"": 48.52708717697806, ""reproj_shoulder_widths_p50"": 0.15296013232759714, ""unit_files"": 1.0, ""unit_flagged_frac"": 0.0, ""unit_hip_flexion_min"": 158.7361408016882, ""unit_knee_between_min"": 0.5664846491377579}",render
r4_376,fresh_pass_improvised_376_V00_S0090_I00000483_P0029A_f0006941,V00_S0090_I00000483_P0029A,improvised/train/0001/0009/V00_S0090_I00000483_P0029A,improvised/train/0001/0014/V00_S0090_I00000483_P0131,fresh_pass_improvised,fresh,improvised,6941,V00,improvised,train,ipc_conversation,random draw from files passing all three detectors; participant not in the recheck cohort,"{""clip_anchored_on_fm2_violation"": false, ""flag_count"": 0, ""flags_fired"": """", ""fm1_hip_flexion_deg_p50"": 139.19679276783677, ""fm1_knee_between_torso_p50"": 0.5196143436764291, ""fm1_leg_over_torso_p50"": 1.253518131269184, ""fm1_reasons"": """", ""fm1_shin_verticality_p50"": 0.999999999999975, ""fm1_sitting_file"": false, ""fm1_sitting_participant"": false, ""fm1_unit"": ""0029A@0090"", ""fm1_unit_basis"": ""none"", ""fm2_in_frame_and_valid_frac"": 0.9951923076923077, ""fm2_pass_frac_round3_joints_only"": 0.9955128205128205, ""fm2_smplh_valid_frac"": 1.0, ""fm2_surface_correction_px_p50"": 43.41313877654352, ""fm2_vertex_worst_inset_min_px"": -47.783850578172064, ""fm2_violation_run_max_frames"": 20.0, ""fm2_violation_runs"": 5.0, ""fm2_windowed_pass_frac"": 0.6, ""fm3_static_frac"": 0.5132478632478632, ""observed_duration_s"": 312.0, ""reproj_px_p50"": 16.23895324212309, ""reproj_shoulder_widths_p50"": 0.04331362999469113, ""unit_files"": 2.0, ""unit_flagged_frac"": 0.0, ""unit_hip_flexion_min"": 137.97488868590025, ""unit_knee_between_min"": 0.5161672238937145}",render
r4_377,fresh_pass_improvised_377_V00_S1380_I00000639_P0124A_f0000782,V00_S1380_I00000639_P0124A,improvised/train/0031/0007/V00_S1380_I00000639_P0124A,improvised/train/0031/0057/V00_S1380_I00000639_P0359A,fresh_pass_improvised,fresh,improvised,782,V00,improvised,train,ipc_conversation,random draw from files passing all three detectors; participant not in the recheck cohort,"{""clip_anchored_on_fm2_violation"": false, ""flag_count"": 0, ""flags_fired"": """", ""fm1_hip_flexion_deg_p50"": 157.0511528970573, ""fm1_knee_between_torso_p50"": 0.5524941208093488, ""fm1_leg_over_torso_p50"": 1.278621875842576, ""fm1_reasons"": """", ""fm1_shin_verticality_p50"": 0.9996539186760591, ""fm1_sitting_file"": false, ""fm1_sitting_participant"": false, ""fm1_unit"": ""0124A@1380"", ""fm1_unit_basis"": ""none"", ""fm2_in_frame_and_valid_frac"": 1.0, ""fm2_pass_frac_round3_joints_only"": 1.0, ""fm2_smplh_valid_frac"": 1.0, ""fm2_surface_correction_px_p50"": 60.52335967355532, ""fm2_vertex_worst_inset_min_px"": 71.83401101645177, ""fm2_violation_run_max_frames"": 0.0, ""fm2_violation_runs"": 0.0, ""fm2_windowed_pass_frac"": 1.0, ""fm3_static_frac"": 0.3059659090909091, ""observed_duration_s"": 352.0, ""reproj_px_p50"": 27.48868333882064, ""reproj_shoulder_widths_p50"": 0.1011560952372337, ""unit_files"": 1.0, ""unit_flagged_frac"": 0.0, ""unit_hip_flexion_min"": 157.0511528970573, ""unit_knee_between_min"": 0.5524941208093488}",render
r4_378,fresh_pass_improvised_378_V00_S0197_I00000535_P0268_f0000129,V00_S0197_I00000535_P0268,improvised/train/0004/0039/V00_S0197_I00000535_P0268,improvised/train/0004/0020/V00_S0197_I00000535_P0027A,fresh_pass_improvised,fresh,improvised,129,V00,improvised,train,ipc_conversation,random draw from files passing all three detectors; participant not in the recheck cohort,"{""clip_anchored_on_fm2_violation"": false, ""flag_count"": 0, ""flags_fired"": """", ""fm1_hip_flexion_deg_p50"": 152.74888921310497, ""fm1_knee_between_torso_p50"": 0.5179251779700176, ""fm1_leg_over_torso_p50"": 1.7296009341389227, ""fm1_reasons"": """", ""fm1_shin_verticality_p50"": 0.9988681423677562, ""fm1_sitting_file"": false, ""fm1_sitting_participant"": false, ""fm1_unit"": ""0268@0197"", ""fm1_unit_basis"": ""none"", ""fm2_in_frame_and_valid_frac"": 0.9991803278688525, ""fm2_pass_frac_round3_joints_only"": 0.9991803278688525, ""fm2_smplh_valid_frac"": 1.0, ""fm2_surface_correction_px_p50"": 28.40443896533793, ""fm2_vertex_worst_inset_min_px"": -22.064842721797277, ""fm2_violation_run_max_frames"": 3.0, ""fm2_violation_runs"": 1.0, ""fm2_windowed_pass_frac"": 0.75, ""fm3_static_frac"": 0.1808743169398907, ""observed_duration_s"": 122.0, ""reproj_px_p50"": 20.064541661951402, ""reproj_shoulder_widths_p50"": 0.07060791071301854, ""unit_files"": 1.0, ""unit_flagged_frac"": 0.0, ""unit_hip_flexion_min"": 152.74888921310497, ""unit_knee_between_min"": 0.5179251779700176}",render
r4_379,fresh_pass_improvised_379_V00_S1827_I00001223_P0920A_f0006983,V00_S1827_I00001223_P0920A,improvised/train/0045/0008/V00_S1827_I00001223_P0920A,improvised/train/0045/0058/V00_S1827_I00001223_P0359A,fresh_pass_improvised,fresh,improvised,6983,V00,improvised,train,ipc_conversation,random draw from files passing all three detectors; participant not in the recheck cohort,"{""clip_anchored_on_fm2_violation"": false, ""flag_count"": 0, ""flags_fired"": """", ""fm1_hip_flexion_deg_p50"": 147.7866965106959, ""fm1_knee_between_torso_p50"": 0.5095924101614677, ""fm1_leg_over_torso_p50"": 1.5356721709395236, ""fm1_reasons"": """", ""fm1_shin_verticality_p50"": 0.9997296908555495, ""fm1_sitting_file"": false, ""fm1_sitting_participant"": false, ""fm1_unit"": ""0920A@1827"", ""fm1_unit_basis"": ""none"", ""fm2_in_frame_and_valid_frac"": 1.0, ""fm2_pass_frac_round3_joints_only"": 1.0, ""fm2_smplh_valid_frac"": 1.0, ""fm2_surface_correction_px_p50"": 23.16843732591019, ""fm2_vertex_worst_inset_min_px"": 106.72735556599127, ""fm2_violation_run_max_frames"": 0.0, ""fm2_violation_runs"": 0.0, ""fm2_windowed_pass_frac"": 1.0, ""fm3_static_frac"": 0.5644607843137255, ""observed_duration_s"": 272.0, ""reproj_px_p50"": 27.978718125934336, ""reproj_shoulder_widths_p50"": 0.0885042601735517, ""unit_files"": 2.0, ""unit_flagged_frac"": 0.0, ""unit_hip_flexion_min"": 146.70286784867335, ""unit_knee_between_min"": 0.505743465210664}",render
r4_380,fresh_pass_improvised_380_V00_S2086_I00001124_P1343A_f0003551,V00_S2086_I00001124_P1343A,improvised/train/0049/0033/V00_S2086_I00001124_P1343A,improvised/train/0049/0036/V00_S2086_I00001124_P1344A,fresh_pass_improvised,fresh,improvised,3551,V00,improvised,train,ipc_conversation,random draw from files passing all three detectors; participant not in the recheck cohort,"{""clip_anchored_on_fm2_violation"": false, ""flag_count"": 0, ""flags_fired"": """", ""fm1_hip_flexion_deg_p50"": 150.34290980569645, ""fm1_knee_between_torso_p50"": 0.5900472121294891, ""fm1_leg_over_torso_p50"": 1.117177455206905, ""fm1_reasons"": """", ""fm1_shin_verticality_p50"": 0.9863939526154666, ""fm1_sitting_file"": false, ""fm1_sitting_participant"": false, ""fm1_unit"": ""1343A@2086"", ""fm1_unit_basis"": ""none"", ""fm2_in_frame_and_valid_frac"": 1.0, ""fm2_pass_frac_round3_joints_only"": 1.0, ""fm2_smplh_valid_frac"": 1.0, ""fm2_surface_correction_px_p50"": 46.15573397538924, ""fm2_vertex_worst_inset_min_px"": 3.4573364642645856, ""fm2_violation_run_max_frames"": 0.0, ""fm2_violation_runs"": 0.0, ""fm2_windowed_pass_frac"": 1.0, ""fm3_static_frac"": 0.0028846153846153848, ""observed_duration_s"": 208.0, ""reproj_px_p50"": 28.402717958145583, ""reproj_shoulder_widths_p50"": 0.08322044235576542, ""unit_files"": 1.0, ""unit_flagged_frac"": 0.0, ""unit_hip_flexion_min"": 150.34290980569645, ""unit_knee_between_min"": 0.5900472121294891}",render
r4_381,fresh_pass_improvised_381_V00_S0040_I00000382_P0062_f0001835,V00_S0040_I00000382_P0062,improvised/train/0000/0026/V00_S0040_I00000382_P0062,improvised/train/0000/0037/V00_S0040_I00000382_P0059A,fresh_pass_improvised,fresh,improvised,1835,V00,improvised,train,ipc_conversation,random draw from files passing all three detectors; participant not in the recheck cohort,"{""clip_anchored_on_fm2_violation"": false, ""flag_count"": 0, ""flags_fired"": """", ""fm1_hip_flexion_deg_p50"": 147.04609247602022, ""fm1_knee_between_torso_p50"": 0.5446203413447543, ""fm1_leg_over_torso_p50"": 1.3101501925110828, ""fm1_reasons"": """", ""fm1_shin_verticality_p50"": 0.9999999999999764, ""fm1_sitting_file"": false, ""fm1_sitting_participant"": false, ""fm1_unit"": ""0062@0040"", ""fm1_unit_basis"": ""none"", ""fm2_in_frame_and_valid_frac"": 1.0, ""fm2_pass_frac_round3_joints_only"": 1.0, ""fm2_smplh_valid_frac"": 1.0, ""fm2_surface_correction_px_p50"": 43.450080681907366, ""fm2_vertex_worst_inset_min_px"": 56.43449944340341, ""fm2_violation_run_max_frames"": 0.0, ""fm2_violation_runs"": 0.0, ""fm2_windowed_pass_frac"": 1.0, ""fm3_static_frac"": 0.16358695652173913, ""observed_duration_s"": 184.0, ""reproj_px_p50"": 15.476562662037654, ""reproj_shoulder_widths_p50"": 0.04596169447763361, ""unit_files"": 1.0, ""unit_flagged_frac"": 0.0, ""unit_hip_flexion_min"": 147.04609247602022, ""unit_knee_between_min"": 0.5446203413447543}",render
r4_382,fresh_pass_improvised_382_V00_S1205_I00001201_P0210A_f0006578,V00_S1205_I00001201_P0210A,improvised/train/0027/0001/V00_S1205_I00001201_P0210A,improvised/train/0027/0053/V00_S1205_I00001201_P0397A,fresh_pass_improvised,fresh,improvised,6578,V00,improvised,train,ipc_conversation,random draw from files passing all three detectors; participant not in the recheck cohort,"{""clip_anchored_on_fm2_violation"": false, ""flag_count"": 0, ""flags_fired"": """", ""fm1_hip_flexion_deg_p50"": 154.86367131808467, ""fm1_knee_between_torso_p50"": 0.5496264546108395, ""fm1_leg_over_torso_p50"": 1.278622495663575, ""fm1_reasons"": """", ""fm1_shin_verticality_p50"": 0.9996539220394285, ""fm1_sitting_file"": false, ""fm1_sitting_participant"": false, ""fm1_unit"": ""0210A@1205"", ""fm1_unit_basis"": ""none"", ""fm2_in_frame_and_valid_frac"": 0.9996840442338073, ""fm2_pass_frac_round3_joints_only"": 1.0, ""fm2_smplh_valid_frac"": 1.0, ""fm2_surface_correction_px_p50"": 37.70260672691484, ""fm2_vertex_worst_inset_min_px"": 1.59552562360318, ""fm2_violation_run_max_frames"": 2.0, ""fm2_violation_runs"": 2.0, ""fm2_windowed_pass_frac"": 1.0, ""fm3_static_frac"": 0.035781990521327016, ""observed_duration_s"": 422.0, ""reproj_px_p50"": 47.69172268706194, ""reproj_shoulder_widths_p50"": 0.1341975025546952, ""unit_files"": 1.0, ""unit_flagged_frac"": 0.0, ""unit_hip_flexion_min"": 154.86367131808467, ""unit_knee_between_min"": 0.5496264546108395}",render
r4_383,fresh_pass_improvised_383_V00_S1479_I00001163_P0799A_f0006131,V00_S1479_I00001163_P0799A,improvised/train/0034/0022/V00_S1479_I00001163_P0799A,improvised/train/0034/0031/V00_S1479_I00001163_P0241A,fresh_pass_improvised,fresh,improvised,6131,V00,improvised,train,ipc_conversation,random draw from files passing all three detectors; participant not in the recheck cohort,"{""clip_anchored_on_fm2_violation"": false, ""flag_count"": 0, ""flags_fired"": """", ""fm1_hip_flexion_deg_p50"": 157.90070630134892, ""fm1_knee_between_torso_p50"": 0.589028445713651, ""fm1_leg_over_torso_p50"": 1.1547688644618055, ""fm1_reasons"": """", ""fm1_shin_verticality_p50"": 0.9995920858915632, ""fm1_sitting_file"": false, ""fm1_sitting_participant"": false, ""fm1_unit"": ""0799A@1479"", ""fm1_unit_basis"": ""none"", ""fm2_in_frame_and_valid_frac"": 0.9982035928143712, ""fm2_pass_frac_round3_joints_only"": 0.9985029940119761, ""fm2_smplh_valid_frac"": 1.0, ""fm2_surface_correction_px_p50"": 37.46583784097709, ""fm2_vertex_worst_inset_min_px"": -25.690688529291492, ""fm2_violation_run_max_frames"": 10.0, ""fm2_violation_runs"": 2.0, ""fm2_windowed_pass_frac"": 0.9090909090909091, ""fm3_static_frac"": 0.0, ""observed_duration_s"": 334.0, ""reproj_px_p50"": 29.127084175036888, ""reproj_shoulder_widths_p50"": 0.09312480174146334, ""unit_files"": 1.0, ""unit_flagged_frac"": 0.0, ""unit_hip_flexion_min"": 157.90070630134892, ""unit_knee_between_min"": 0.589028445713651}",render
r4_384,fresh_pass_improvised_384_V00_S1534_I00000694_P0707A_f0002994,V00_S1534_I00000694_P0707A,improvised/train/0036/0019/V00_S1534_I00000694_P0707A,improvised/train/0036/0040/V00_S1534_I00000694_P1148A,fresh_pass_improvised,fresh,improvised,2994,V00,improvised,train,ipc_conversation,random draw from files passing all three detectors; participant not in the recheck cohort,"{""clip_anchored_on_fm2_violation"": false, ""flag_count"": 0, ""flags_fired"": """", ""fm1_hip_flexion_deg_p50"": 140.89528600114818, ""fm1_knee_between_torso_p50"": 0.5225428411654474, ""fm1_leg_over_torso_p50"": 1.327501293084831, ""fm1_reasons"": """", ""fm1_shin_verticality_p50"": 0.9996539253215835, ""fm1_sitting_file"": false, ""fm1_sitting_participant"": false, ""fm1_unit"": ""0707A@1534"", ""fm1_unit_basis"": ""none"", ""fm2_in_frame_and_valid_frac"": 0.99929718875502, ""fm2_pass_frac_round3_joints_only"": 0.9993975903614458, ""fm2_smplh_valid_frac"": 1.0, ""fm2_surface_correction_px_p50"": 35.25146263734541, ""fm2_vertex_worst_inset_min_px"": -7.406290136307916, ""fm2_violation_run_max_frames"": 6.0, ""fm2_violation_runs"": 2.0, ""fm2_windowed_pass_frac"": 0.9090909090909091, ""fm3_static_frac"": 0.5542168674698795, ""observed_duration_s"": 332.0, ""reproj_px_p50"": 33.065893174606785, ""reproj_shoulder_widths_p50"": 0.1056300705178369, ""unit_files"": 2.0, ""unit_flagged_frac"": 0.0, ""unit_hip_flexion_min"": 135.5162983319782, ""unit_knee_between_min"": 0.5225428411654474}",render
r4_385,fresh_pass_improvised_385_V00_S0549_I00000537_P0377_f0001388,V00_S0549_I00000537_P0377,improvised/train/0011/0029/V00_S0549_I00000537_P0377,improvised/train/0011/0017/V00_S0549_I00000537_P0682A,fresh_pass_improvised,fresh,improvised,1388,V00,improvised,train,ipc_conversation,random draw from files passing all three detectors; participant not in the recheck cohort,"{""clip_anchored_on_fm2_violation"": false, ""flag_count"": 0, ""flags_fired"": """", ""fm1_hip_flexion_deg_p50"": 156.60645025025343, ""fm1_knee_between_torso_p50"": 0.5915437273478329, ""fm1_leg_over_torso_p50"": 1.1517815713977377, ""fm1_reasons"": """", ""fm1_shin_verticality_p50"": 0.9981685137636722, ""fm1_sitting_file"": false, ""fm1_sitting_participant"": false, ""fm1_unit"": ""0377@0549"", ""fm1_unit_basis"": ""none"", ""fm2_in_frame_and_valid_frac"": 0.9806666666666667, ""fm2_pass_frac_round3_joints_only"": 0.9926666666666667, ""fm2_smplh_valid_frac"": 1.0, ""fm2_surface_correction_px_p50"": 41.35130735170446, ""fm2_vertex_worst_inset_min_px"": -32.441552191254914, ""fm2_violation_run_max_frames"": 29.0, ""fm2_violation_runs"": 11.0, ""fm2_windowed_pass_frac"": 0.6, ""fm3_static_frac"": 0.5735555555555556, ""observed_duration_s"": 150.0, ""reproj_px_p50"": 17.942916993466856, ""reproj_shoulder_widths_p50"": 0.05519105718289133, ""unit_files"": 3.0, ""unit_flagged_frac"": 0.0, ""unit_hip_flexion_min"": 156.60645025025343, ""unit_knee_between_min"": 0.5915437273478329}",render
r4_386,fresh_pass_improvised_386_V00_S0135_I00000479_P0029A_f0001198,V00_S0135_I00000479_P0029A,improvised/train/0002/0005/V00_S0135_I00000479_P0029A,improvised/train/0002/0019/V00_S0135_I00000479_P0196,fresh_pass_improvised,fresh,improvised,1198,V00,improvised,train,ipc_conversation,random draw from files passing all three detectors; participant not in the recheck cohort,"{""clip_anchored_on_fm2_violation"": false, ""flag_count"": 0, ""flags_fired"": """", ""fm1_hip_flexion_deg_p50"": 137.59318245816416, ""fm1_knee_between_torso_p50"": 0.494544465185239, ""fm1_leg_over_torso_p50"": 1.3966686028357906, ""fm1_reasons"": """", ""fm1_shin_verticality_p50"": 0.9996349703328331, ""fm1_sitting_file"": false, ""fm1_sitting_participant"": false, ""fm1_unit"": ""0029A@0135"", ""fm1_unit_basis"": ""none"", ""fm2_in_frame_and_valid_frac"": 0.9985994397759104, ""fm2_pass_frac_round3_joints_only"": 0.999859943977591, ""fm2_smplh_valid_frac"": 1.0, ""fm2_surface_correction_px_p50"": 80.97917350446079, ""fm2_vertex_worst_inset_min_px"": -14.637496946288366, ""fm2_violation_run_max_frames"": 3.0, ""fm2_violation_runs"": 5.0, ""fm2_windowed_pass_frac"": 0.8571428571428571, ""fm3_static_frac"": 0.44677871148459386, ""observed_duration_s"": 238.0, ""reproj_px_p50"": 31.423370774324276, ""reproj_shoulder_widths_p50"": 0.08695908936829666, ""unit_files"": 2.0, ""unit_flagged_frac"": 0.0, ""unit_hip_flexion_min"": 137.59318245816416, ""unit_knee_between_min"": 0.494544465185239}",render
r4_387,fresh_pass_improvised_387_V00_S0605_I00000479_P0229A_f0005815,V00_S0605_I00000479_P0229A,improvised/train/0011/0047/V00_S0605_I00000479_P0229A,improvised/train/0011/0000/V00_S0605_I00000479_P0069,fresh_pass_improvised,fresh,improvised,5815,V00,improvised,train,ipc_conversation,random draw from files passing all three detectors; participant not in the recheck cohort,"{""clip_anchored_on_fm2_violation"": false, ""flag_count"": 0, ""flags_fired"": """", ""fm1_hip_flexion_deg_p50"": 155.0288375873767, ""fm1_knee_between_torso_p50"": 0.5517881679957807, ""fm1_leg_over_torso_p50"": 1.2721590041905553, ""fm1_reasons"": """", ""fm1_shin_verticality_p50"": 0.9967290568667125, ""fm1_sitting_file"": false, ""fm1_sitting_participant"": false, ""fm1_unit"": ""0229A@0605"", ""fm1_unit_basis"": ""none"", ""fm2_in_frame_and_valid_frac"": 0.9977099236641221, ""fm2_pass_frac_round3_joints_only"": 0.9987277353689568, ""fm2_smplh_valid_frac"": 1.0, ""fm2_surface_correction_px_p50"": 38.37819791434322, ""fm2_vertex_worst_inset_min_px"": -27.566363298877263, ""fm2_violation_run_max_frames"": 11.0, ""fm2_violation_runs"": 4.0, ""fm2_windowed_pass_frac"": 0.875, ""fm3_static_frac"": 0.6372773536895674, ""observed_duration_s"": 262.0, ""reproj_px_p50"": 18.80477878930587, ""reproj_shoulder_widths_p50"": 0.054968133672412545, ""unit_files"": 3.0, ""unit_flagged_frac"": 0.0, ""unit_hip_flexion_min"": 149.24441823258752, ""unit_knee_between_min"": 0.5458678844567256}",render
r4_388,fresh_pass_improvised_388_V00_S1803_I00000684_P1106A_f0001684,V00_S1803_I00000684_P1106A,improvised/train/0045/0033/V00_S1803_I00000684_P1106A,improvised/train/0045/0001/V00_S1803_I00000684_P0893A,fresh_pass_improvised,fresh,improvised,1684,V00,improvised,train,ipc_conversation,random draw from files passing all three detectors; participant not in the recheck cohort,"{""clip_anchored_on_fm2_violation"": false, ""flag_count"": 0, ""flags_fired"": """", ""fm1_hip_flexion_deg_p50"": 160.523018618988, ""fm1_knee_between_torso_p50"": 0.5733773539978557, ""fm1_leg_over_torso_p50"": 1.2406362753016658, ""fm1_reasons"": """", ""fm1_shin_verticality_p50"": 0.9983713451116116, ""fm1_sitting_file"": false, ""fm1_sitting_participant"": false, ""fm1_unit"": ""1106A@1803"", ""fm1_unit_basis"": ""none"", ""fm2_in_frame_and_valid_frac"": 0.9944903581267218, ""fm2_pass_frac_round3_joints_only"": 0.9949035812672177, ""fm2_smplh_valid_frac"": 1.0, ""fm2_surface_correction_px_p50"": 33.41663243275474, ""fm2_vertex_worst_inset_min_px"": -40.68234280351692, ""fm2_violation_run_max_frames"": 15.0, ""fm2_violation_runs"": 5.0, ""fm2_windowed_pass_frac"": 0.5, ""fm3_static_frac"": 0.22548209366391184, ""observed_duration_s"": 242.0, ""reproj_px_p50"": 17.036055888758337, ""reproj_shoulder_widths_p50"": 0.053633401128184696, ""unit_files"": 3.0, ""unit_flagged_frac"": 0.0, ""unit_hip_flexion_min"": 154.0550152060505, ""unit_knee_between_min"": 0.5612028507879965}",render
r4_389,fresh_pass_improvised_389_V00_S1583_I00000082_P0546_f0006071,V00_S1583_I00000082_P0546,improvised/train/0038/0004/V00_S1583_I00000082_P0546,improvised/train/0038/0065/V00_S1583_I00000082_P1114A,fresh_pass_improvised,fresh,improvised,6071,V00,improvised,train,ipc_conversation,random draw from files passing all three detectors; participant not in the recheck cohort,"{""clip_anchored_on_fm2_violation"": false, ""flag_count"": 0, ""flags_fired"": """", ""fm1_hip_flexion_deg_p50"": 165.20202112314308, ""fm1_knee_between_torso_p50"": 0.5618347290063305, ""fm1_leg_over_torso_p50"": 1.4387036603675627, ""fm1_reasons"": """", ""fm1_shin_verticality_p50"": 0.9996539147655004, ""fm1_sitting_file"": false, ""fm1_sitting_participant"": false, ""fm1_unit"": ""0546@1583"", ""fm1_unit_basis"": ""none"", ""fm2_in_frame_and_valid_frac"": 0.9974561403508772, ""fm2_pass_frac_round3_joints_only"": 0.997719298245614, ""fm2_smplh_valid_frac"": 1.0, ""fm2_surface_correction_px_p50"": 35.335824682233124, ""fm2_vertex_worst_inset_min_px"": -68.01037503857219, ""fm2_violation_run_max_frames"": 11.0, ""fm2_violation_runs"": 4.0, ""fm2_windowed_pass_frac"": 0.8333333333333334, ""fm3_static_frac"": 0.036491228070175435, ""observed_duration_s"": 380.0, ""reproj_px_p50"": 22.14516118215907, ""reproj_shoulder_widths_p50"": 0.07894399371654254, ""unit_files"": 2.0, ""unit_flagged_frac"": 0.0, ""unit_hip_flexion_min"": 165.20202112314308, ""unit_knee_between_min"": 0.5618347290063305}",render
r4_390,fresh_pass_improvised_390_V00_S0613_I00000502_P0229A_f0003232,V00_S0613_I00000502_P0229A,improvised/train/0012/0001/V00_S0613_I00000502_P0229A,improvised/train/0012/0023/V00_S0613_I00000502_P0765,fresh_pass_improvised,fresh,improvised,3232,V00,improvised,train,ipc_conversation,random draw from files passing all three detectors; participant not in the recheck cohort,"{""clip_anchored_on_fm2_violation"": false, ""flag_count"": 0, ""flags_fired"": """", ""fm1_hip_flexion_deg_p50"": 150.03315940054065, ""fm1_knee_between_torso_p50"": 0.5576569431616312, ""fm1_leg_over_torso_p50"": 1.2972030806300392, ""fm1_reasons"": """", ""fm1_shin_verticality_p50"": 0.9718501288298454, ""fm1_sitting_file"": false, ""fm1_sitting_participant"": false, ""fm1_unit"": ""0229A@0613"", ""fm1_unit_basis"": ""none"", ""fm2_in_frame_and_valid_frac"": 0.9966386554621849, ""fm2_pass_frac_round3_joints_only"": 0.9970588235294118, ""fm2_smplh_valid_frac"": 1.0, ""fm2_surface_correction_px_p50"": 37.31126665523925, ""fm2_vertex_worst_inset_min_px"": -50.80077822589567, ""fm2_violation_run_max_frames"": 20.0, ""fm2_violation_runs"": 2.0, ""fm2_windowed_pass_frac"": 0.7142857142857143, ""fm3_static_frac"": 0.7413165266106443, ""observed_duration_s"": 238.0, ""reproj_px_p50"": 19.791425502953558, ""reproj_shoulder_widths_p50"": 0.05922364780926212, ""unit_files"": 1.0, ""unit_flagged_frac"": 0.0, ""unit_hip_flexion_min"": 150.03315940054065, ""unit_knee_between_min"": 0.5576569431616312}",render
r4_391,fresh_pass_improvised_391_V00_S2047_I00001046_P1305A_f0002490,V00_S2047_I00001046_P1305A,improvised/test/0000/0040/V00_S2047_I00001046_P1305A,improvised/test/0000/0058/V00_S2047_I00001046_P1304A,fresh_pass_improvised,fresh,improvised,2490,V00,improvised,test,ipc_conversation,random draw from files passing all three detectors; participant not in the recheck cohort,"{""clip_anchored_on_fm2_violation"": false, ""flag_count"": 0, ""flags_fired"": """", ""fm1_hip_flexion_deg_p50"": 144.1884106172888, ""fm1_knee_between_torso_p50"": 0.5407328064570087, ""fm1_leg_over_torso_p50"": 1.1826378590357076, ""fm1_reasons"": """", ""fm1_shin_verticality_p50"": 0.9854601023498583, ""fm1_sitting_file"": false, ""fm1_sitting_participant"": false, ""fm1_unit"": ""1305A@2047"", ""fm1_unit_basis"": ""none"", ""fm2_in_frame_and_valid_frac"": 0.9961333333333333, ""fm2_pass_frac_round3_joints_only"": 0.9977333333333334, ""fm2_smplh_valid_frac"": 1.0, ""fm2_surface_correction_px_p50"": 44.72127137563257, ""fm2_vertex_worst_inset_min_px"": -29.15498580719259, ""fm2_violation_run_max_frames"": 12.0, ""fm2_violation_runs"": 5.0, ""fm2_windowed_pass_frac"": 0.75, ""fm3_static_frac"": 0.07786666666666667, ""observed_duration_s"": 250.0, ""reproj_px_p50"": 15.518794965831216, ""reproj_shoulder_widths_p50"": 0.04944798359549857, ""unit_files"": 2.0, ""unit_flagged_frac"": 0.0, ""unit_hip_flexion_min"": 140.4673045401948, ""unit_knee_between_min"": 0.5305756527067191}",render
