review_item_id,clip_id,file_id,source_relbase,partner_source_relbase,sample_group,cohort,label_stratum,start_frame,vendor,label,split,activity_type,selection_reason,signals_json,render_policy
r4_000,recheck_pass_000_V00_S0126_I00000580_P0003A_f0000168,V00_S0126_I00000580_P0003A,improvised/train/0002/0042/V00_S0126_I00000580_P0003A,improvised/train/0002/0014/V00_S0126_I00000580_P0187,recheck_pass,recheck,improvised,168,V00,improvised,train,ipc_conversation,shown in Round 3 as pass_improvised; re-judged under the Round-4 detectors,"{""clip_anchored_on_fm2_violation"": false, ""flag_count"": 0, ""flags_fired"": """", ""fm1_hip_flexion_deg_p50"": 132.01323148174586, ""fm1_knee_between_torso_p50"": 0.5137708643676744, ""fm1_leg_over_torso_p50"": 1.2293433336738169, ""fm1_reasons"": """", ""fm1_shin_verticality_p50"": 0.9984603545733718, ""fm1_sitting_file"": false, ""fm1_sitting_participant"": false, ""fm1_unit"": ""0003A@0126"", ""fm1_unit_basis"": ""none"", ""fm2_in_frame_and_valid_frac"": 1.0, ""fm2_pass_frac_round3_joints_only"": 1.0, ""fm2_smplh_valid_frac"": 1.0, ""fm2_surface_correction_px_p50"": 37.38336730119528, ""fm2_vertex_worst_inset_min_px"": 119.49466272784116, ""fm2_violation_run_max_frames"": 0.0, ""fm2_violation_runs"": 0.0, ""fm2_windowed_pass_frac"": 1.0, ""fm3_static_frac"": 0.0004761904761904762, ""observed_duration_s"": 140.0, ""reproj_px_p50"": 18.18516728349116, ""reproj_shoulder_widths_p50"": 0.051885373071505675, ""round3_gallery_group"": ""pass_improvised"", ""unit_files"": 2.0, ""unit_flagged_frac"": 0.0, ""unit_hip_flexion_min"": 130.55223463472348, ""unit_knee_between_min"": 0.5076342056206389}",render
r4_001,recheck_pass_001_V00_S0544_I00000770_P0691_f0000902,V00_S0544_I00000770_P0691,improvised/train/0011/0020/V00_S0544_I00000770_P0691,improvised/train/0011/0033/V00_S0544_I00000770_P0658A,recheck_pass,recheck,improvised,902,V00,improvised,train,ipc_conversation,shown in Round 3 as pass_improvised; re-judged under the Round-4 detectors,"{""clip_anchored_on_fm2_violation"": false, ""flag_count"": 0, ""flags_fired"": """", ""fm1_hip_flexion_deg_p50"": 147.41097380816018, ""fm1_knee_between_torso_p50"": 0.5647899036663435, ""fm1_leg_over_torso_p50"": 1.2405189829306997, ""fm1_reasons"": """", ""fm1_shin_verticality_p50"": 0.9662349677863146, ""fm1_sitting_file"": false, ""fm1_sitting_participant"": false, ""fm1_unit"": ""0691@0544"", ""fm1_unit_basis"": ""none"", ""fm2_in_frame_and_valid_frac"": 1.0, ""fm2_pass_frac_round3_joints_only"": 1.0, ""fm2_smplh_valid_frac"": 1.0, ""fm2_surface_correction_px_p50"": 46.60765188866844, ""fm2_vertex_worst_inset_min_px"": 37.39879069815561, ""fm2_violation_run_max_frames"": 0.0, ""fm2_violation_runs"": 0.0, ""fm2_windowed_pass_frac"": 1.0, ""fm3_static_frac"": 0.6833333333333333, ""observed_duration_s"": 62.0, ""reproj_px_p50"": 20.8157367506397, ""reproj_shoulder_widths_p50"": 0.05561727930586492, ""round3_gallery_group"": ""pass_improvised"", ""unit_files"": 2.0, ""unit_flagged_frac"": 0.0, ""unit_hip_flexion_min"": 147.41097380816018, ""unit_knee_between_min"": 0.5647899036663435}",render
r4_002,recheck_pass_002_V00_S0675_I00000377_P0831_f0001553,V00_S0675_I00000377_P0831,naturalistic/test/0000/0037/V00_S0675_I00000377_P0831,naturalistic/test/0000/0015/V00_S0675_I00000377_P0832,recheck_pass,recheck,naturalistic,1553,V00,naturalistic,test,ipc_conversation,shown in Round 3 as flagged_fm1_sitting; re-judged under the Round-4 detectors,"{""clip_anchored_on_fm2_violation"": false, ""flag_count"": 0, ""flags_fired"": """", ""fm1_hip_flexion_deg_p50"": 121.0241705137607, ""fm1_knee_between_torso_p50"": 0.5511816319448453, ""fm1_leg_over_torso_p50"": 0.759813567678325, ""fm1_reasons"": """", ""fm1_shin_verticality_p50"": 0.9989685402102997, ""fm1_sitting_file"": false, ""fm1_sitting_participant"": false, ""fm1_unit"": ""0831@0675"", ""fm1_unit_basis"": ""none"", ""fm2_in_frame_and_valid_frac"": 1.0, ""fm2_pass_frac_round3_joints_only"": 1.0, ""fm2_smplh_valid_frac"": 1.0, ""fm2_surface_correction_px_p50"": 46.91714163676909, ""fm2_vertex_worst_inset_min_px"": 49.77710623046892, ""fm2_violation_run_max_frames"": 0.0, ""fm2_violation_runs"": 0.0, ""fm2_windowed_pass_frac"": 1.0, ""fm3_static_frac"": 0.6624521072796935, ""observed_duration_s"": 174.0, ""reproj_px_p50"": 58.79438347945296, ""reproj_shoulder_widths_p50"": 0.1384260834966884, ""round3_gallery_group"": ""flagged_fm1_sitting"", ""unit_files"": 1.0, ""unit_flagged_frac"": 0.0, ""unit_hip_flexion_min"": 121.0241705137607, ""unit_knee_between_min"": 0.5511816319448453}",render
r4_003,recheck_pass_003_V00_S0762_I00000373_P0897_f0000487,V00_S0762_I00000373_P0897,naturalistic/train/0021/0035/V00_S0762_I00000373_P0897,naturalistic/train/0021/0022/V00_S0762_I00000373_P0806,recheck_pass,recheck,naturalistic,487,V00,naturalistic,train,ipc_conversation,shown in Round 3 as pass_naturalistic; re-judged under the Round-4 detectors,"{""clip_anchored_on_fm2_violation"": false, ""flag_count"": 0, ""flags_fired"": """", ""fm1_hip_flexion_deg_p50"": 136.08818564693473, ""fm1_knee_between_torso_p50"": 0.5227448986752867, ""fm1_leg_over_torso_p50"": 1.2133945609902774, ""fm1_reasons"": """", ""fm1_shin_verticality_p50"": 0.9996144206527183, ""fm1_sitting_file"": false, ""fm1_sitting_participant"": false, ""fm1_unit"": ""0897@0762"", ""fm1_unit_basis"": ""none"", ""fm2_in_frame_and_valid_frac"": 1.0, ""fm2_pass_frac_round3_joints_only"": 1.0, ""fm2_smplh_valid_frac"": 1.0, ""fm2_surface_correction_px_p50"": 37.43011279391294, ""fm2_vertex_worst_inset_min_px"": 89.13835512490061, ""fm2_violation_run_max_frames"": 0.0, ""fm2_violation_runs"": 0.0, ""fm2_windowed_pass_frac"": 1.0, ""fm3_static_frac"": 0.40206422018348625, ""observed_duration_s"": 436.0, ""reproj_px_p50"": 33.58515744754021, ""reproj_shoulder_widths_p50"": 0.10412121335071432, ""round3_gallery_group"": ""pass_naturalistic"", ""unit_files"": 3.0, ""unit_flagged_frac"": 0.0, ""unit_hip_flexion_min"": 135.88489964996555, ""unit_knee_between_min"": 0.5227448986752867}",render
r4_004,recheck_pass_004_V00_S1486_I00000723_P0040A_f0006958,V00_S1486_I00000723_P0040A,improvised/train/0034/0016/V00_S1486_I00000723_P0040A,improvised/train/0034/0066/V00_S1486_I00000723_P0397A,recheck_pass,recheck,improvised,6958,V00,improvised,train,ipc_conversation,shown in Round 3 as flagged_fm2_framing; re-judged under the Round-4 detectors,"{""clip_anchored_on_fm2_violation"": false, ""flag_count"": 0, ""flags_fired"": """", ""fm1_hip_flexion_deg_p50"": 139.30273201055488, ""fm1_knee_between_torso_p50"": 0.5619862646154209, ""fm1_leg_over_torso_p50"": 1.1056571316161987, ""fm1_reasons"": """", ""fm1_shin_verticality_p50"": 0.9995411713469987, ""fm1_sitting_file"": false, ""fm1_sitting_participant"": false, ""fm1_unit"": ""0040A@1486"", ""fm1_unit_basis"": ""none"", ""fm2_in_frame_and_valid_frac"": 0.9993288590604027, ""fm2_pass_frac_round3_joints_only"": 0.9994407158836689, ""fm2_smplh_valid_frac"": 1.0, ""fm2_surface_correction_px_p50"": 42.59987139278758, ""fm2_vertex_worst_inset_min_px"": -23.92289097324897, ""fm2_violation_run_max_frames"": 6.0, ""fm2_violation_runs"": 1.0, ""fm2_windowed_pass_frac"": 0.8888888888888888, ""fm3_static_frac"": 0.0065995525727069355, ""observed_duration_s"": 298.0, ""reproj_px_p50"": 40.412296992298636, ""reproj_shoulder_widths_p50"": 0.11937574251288122, ""round3_gallery_group"": ""flagged_fm2_framing"", ""unit_files"": 1.0, ""unit_flagged_frac"": 0.0, ""unit_hip_flexion_min"": 139.30273201055488, ""unit_knee_between_min"": 0.5619862646154209}",render
r4_005,recheck_pass_005_V00_S1855_I00000396_P0332_f0001880,V00_S1855_I00000396_P0332,naturalistic/train/0029/0042/V00_S1855_I00000396_P0332,naturalistic/train/0029/0047/V00_S1855_I00000396_P1183,recheck_pass,recheck,naturalistic,1880,V00,naturalistic,train,ipc_conversation,shown in Round 3 as pass_naturalistic; re-judged under the Round-4 detectors,"{""clip_anchored_on_fm2_violation"": false, ""flag_count"": 0, ""flags_fired"": """", ""fm1_hip_flexion_deg_p50"": 158.2727922992353, ""fm1_knee_between_torso_p50"": 0.5295904195704105, ""fm1_leg_over_torso_p50"": 1.5363949633146916, ""fm1_reasons"": """", ""fm1_shin_verticality_p50"": 0.9989200860780658, ""fm1_sitting_file"": false, ""fm1_sitting_participant"": false, ""fm1_unit"": ""0332@1855"", ""fm1_unit_basis"": ""none"", ""fm2_in_frame_and_valid_frac"": 1.0, ""fm2_pass_frac_round3_joints_only"": 1.0, ""fm2_smplh_valid_frac"": 1.0, ""fm2_surface_correction_px_p50"": 19.448952164934553, ""fm2_vertex_worst_inset_min_px"": 94.55542338599224, ""fm2_violation_run_max_frames"": 0.0, ""fm2_violation_runs"": 0.0, ""fm2_windowed_pass_frac"": 1.0, ""fm3_static_frac"": 0.26728395061728394, ""observed_duration_s"": 162.0, ""reproj_px_p50"": 27.31719281057871, ""reproj_shoulder_widths_p50"": 0.10186808345892548, ""round3_gallery_group"": ""pass_naturalistic"", ""unit_files"": 1.0, ""unit_flagged_frac"": 0.0, ""unit_hip_flexion_min"": 158.2727922992353, ""unit_knee_between_min"": 0.5295904195704105}",render
r4_006,recheck_pass_006_V00_S0825_I00000313_P0500_f0002933,V00_S0825_I00000313_P0500,naturalistic/dev/0000/0039/V00_S0825_I00000313_P0500,naturalistic/dev/0000/0030/V00_S0825_I00000313_P0959,recheck_pass,recheck,naturalistic,2933,V00,naturalistic,dev,ipc_conversation,shown in Round 3 as pass_naturalistic; re-judged under the Round-4 detectors,"{""clip_anchored_on_fm2_violation"": false, ""flag_count"": 0, ""flags_fired"": """", ""fm1_hip_flexion_deg_p50"": 140.5139869669357, ""fm1_knee_between_torso_p50"": 0.5369708859168062, ""fm1_leg_over_torso_p50"": 1.2499376456822284, ""fm1_reasons"": """", ""fm1_shin_verticality_p50"": 0.9996144245765981, ""fm1_sitting_file"": false, ""fm1_sitting_participant"": false, ""fm1_unit"": ""0500@0825"", ""fm1_unit_basis"": ""none"", ""fm2_in_frame_and_valid_frac"": 0.9990049751243781, ""fm2_pass_frac_round3_joints_only"": 1.0, ""fm2_smplh_valid_frac"": 1.0, ""fm2_surface_correction_px_p50"": 42.8511033980044, ""fm2_vertex_worst_inset_min_px"": 14.372522402812137, ""fm2_violation_run_max_frames"": 4.0, ""fm2_violation_runs"": 1.0, ""fm2_windowed_pass_frac"": 1.0, ""fm3_static_frac"": 0.5922885572139304, ""observed_duration_s"": 134.0, ""reproj_px_p50"": 21.83553421637025, ""reproj_shoulder_widths_p50"": 0.0677567278279517, ""round3_gallery_group"": ""pass_naturalistic"", ""unit_files"": 2.0, ""unit_flagged_frac"": 0.0, ""unit_hip_flexion_min"": 140.5139869669357, ""unit_knee_between_min"": 0.5277112465702067}",render
r4_007,recheck_pass_007_V00_S1621_I00001114_P1099A_f0001616,V00_S1621_I00001114_P1099A,improvised/train/0039/0024/V00_S1621_I00001114_P1099A,improvised/train/0039/0025/V00_S1621_I00001114_P1155A,recheck_pass,recheck,improvised,1616,V00,improvised,train,ipc_conversation,shown in Round 3 as flagged_fm1_sitting; re-judged under the Round-4 detectors,"{""clip_anchored_on_fm2_violation"": false, ""flag_count"": 0, ""flags_fired"": """", ""fm1_hip_flexion_deg_p50"": 121.16087646967588, ""fm1_knee_between_torso_p50"": 0.539085074666632, ""fm1_leg_over_torso_p50"": 0.7776019138542203, ""fm1_reasons"": """", ""fm1_shin_verticality_p50"": 0.9988681418337317, ""fm1_sitting_file"": false, ""fm1_sitting_participant"": false, ""fm1_unit"": ""1099A@1621"", ""fm1_unit_basis"": ""none"", ""fm2_in_frame_and_valid_frac"": 0.9988461538461538, ""fm2_pass_frac_round3_joints_only"": 1.0, ""fm2_smplh_valid_frac"": 1.0, ""fm2_surface_correction_px_p50"": 27.54281496770102, ""fm2_vertex_worst_inset_min_px"": 22.5144223485529, ""fm2_violation_run_max_frames"": 5.0, ""fm2_violation_runs"": 4.0, ""fm2_windowed_pass_frac"": 1.0, ""fm3_static_frac"": 0.16243589743589743, ""observed_duration_s"": 260.0, ""reproj_px_p50"": 27.689193284606993, ""reproj_shoulder_widths_p50"": 0.07368752954997193, ""round3_gallery_group"": ""flagged_fm1_sitting"", ""unit_files"": 1.0, ""unit_flagged_frac"": 0.0, ""unit_hip_flexion_min"": 121.16087646967588, ""unit_knee_between_min"": 0.539085074666632}",render
r4_008,recheck_fm3_static_hands_008_V00_S0227_I00000542_P0313_f0001560,V00_S0227_I00000542_P0313,improvised/train/0005/0030/V00_S0227_I00000542_P0313,improvised/train/0005/0019/V00_S0227_I00000542_P0006A,recheck_fm3_static_hands,recheck,improvised,1560,V00,improvised,train,ipc_conversation,shown in Round 3 as flagged_fm3_static_hands; re-judged under the Round-4 detectors,"{""clip_anchored_on_fm2_violation"": false, ""flag_count"": 1, ""flags_fired"": ""fm3_static_hands"", ""fm1_hip_flexion_deg_p50"": 165.65123477514493, ""fm1_knee_between_torso_p50"": 0.5803102176794286, ""fm1_leg_over_torso_p50"": 1.2973697878219408, ""fm1_reasons"": """", ""fm1_shin_verticality_p50"": 0.9965457751844677, ""fm1_sitting_file"": false, ""fm1_sitting_participant"": false, ""fm1_unit"": ""0313@0227"", ""fm1_unit_basis"": ""none"", ""fm2_in_frame_and_valid_frac"": 1.0, ""fm2_pass_frac_round3_joints_only"": 1.0, ""fm2_smplh_valid_frac"": 1.0, ""fm2_surface_correction_px_p50"": 39.10725646119033, ""fm2_vertex_worst_inset_min_px"": 48.48018103823301, ""fm2_violation_run_max_frames"": 0.0, ""fm2_violation_runs"": 0.0, ""fm2_windowed_pass_frac"": 1.0, ""fm3_static_frac"": 0.7935897435897435, ""observed_duration_s"": 182.0, ""reproj_px_p50"": 17.976148805043877, ""reproj_shoulder_widths_p50"": 0.057301676944913976, ""round3_gallery_group"": ""flagged_fm3_static_hands"", ""unit_files"": 2.0, ""unit_flagged_frac"": 0.0, ""unit_hip_flexion_min"": 164.75342920368374, ""unit_knee_between_min"": 0.5803102176794286}",render
r4_009,recheck_pass_009_V00_S0274_I00000126_P0371_f0002806,V00_S0274_I00000126_P0371,naturalistic/dev/0000/0003/V00_S0274_I00000126_P0371,naturalistic/dev/0000/0039/V00_S0274_I00000126_P0370,recheck_pass,recheck,naturalistic,2806,V00,naturalistic,dev,ipc_conversation,shown in Round 3 as pass_naturalistic; re-judged under the Round-4 detectors,"{""clip_anchored_on_fm2_violation"": false, ""flag_count"": 0, ""flags_fired"": """", ""fm1_hip_flexion_deg_p50"": 134.50384253358993, ""fm1_knee_between_torso_p50"": 0.5565535824590312, ""fm1_leg_over_torso_p50"": 1.033018249980717, ""fm1_reasons"": """", ""fm1_shin_verticality_p50"": 0.9974587115688581, ""fm1_sitting_file"": false, ""fm1_sitting_participant"": false, ""fm1_unit"": ""0371@0274"", ""fm1_unit_basis"": ""none"", ""fm2_in_frame_and_valid_frac"": 1.0, ""fm2_pass_frac_round3_joints_only"": 1.0, ""fm2_smplh_valid_frac"": 1.0, ""fm2_surface_correction_px_p50"": 46.79116055346003, ""fm2_vertex_worst_inset_min_px"": 13.823654095687857, ""fm2_violation_run_max_frames"": 0.0, ""fm2_violation_runs"": 0.0, ""fm2_windowed_pass_frac"": 1.0, ""fm3_static_frac"": 0.015447154471544716, ""observed_duration_s"": 164.0, ""reproj_px_p50"": 20.50349915690437, ""reproj_shoulder_widths_p50"": 0.05861427220864084, ""round3_gallery_group"": ""pass_naturalistic"", ""unit_files"": 4.0, ""unit_flagged_frac"": 0.0, ""unit_hip_flexion_min"": 128.675558641936, ""unit_knee_between_min"": 0.54185979571859}",render
r4_010,recheck_pass_010_V00_S0933_I00000371_P1026_f0000737,V00_S0933_I00000371_P1026,naturalistic/train/0024/0035/V00_S0933_I00000371_P1026,naturalistic/train/0024/0024/V00_S0933_I00000371_P0144,recheck_pass,recheck,naturalistic,737,V00,naturalistic,train,ipc_conversation,shown in Round 3 as pass_naturalistic; re-judged under the Round-4 detectors,"{""clip_anchored_on_fm2_violation"": false, ""flag_count"": 0, ""flags_fired"": """", ""fm1_hip_flexion_deg_p50"": 139.59429658158646, ""fm1_knee_between_torso_p50"": 0.4865435942553253, ""fm1_leg_over_torso_p50"": 1.6280661088966997, ""fm1_reasons"": """", ""fm1_shin_verticality_p50"": 1.0, ""fm1_sitting_file"": false, ""fm1_sitting_participant"": false, ""fm1_unit"": ""1026@0933"", ""fm1_unit_basis"": ""none"", ""fm2_in_frame_and_valid_frac"": 1.0, ""fm2_pass_frac_round3_joints_only"": 1.0, ""fm2_smplh_valid_frac"": 1.0, ""fm2_surface_correction_px_p50"": 30.884790732889655, ""fm2_vertex_worst_inset_min_px"": 134.8479427568193, ""fm2_violation_run_max_frames"": 0.0, ""fm2_violation_runs"": 0.0, ""fm2_windowed_pass_frac"": 1.0, ""fm3_static_frac"": 0.6323899371069183, ""observed_duration_s"": 106.0, ""reproj_px_p50"": 16.28160006454601, ""reproj_shoulder_widths_p50"": 0.04992217335883839, ""round3_gallery_group"": ""pass_naturalistic"", ""unit_files"": 5.0, ""unit_flagged_frac"": 0.0, ""unit_hip_flexion_min"": 137.21615752366216, ""unit_knee_between_min"": 0.47968957029139814}",render
r4_011,recheck_pass_011_V00_S1883_I00000068_P1194_f0003165,V00_S1883_I00000068_P1194,naturalistic/train/0030/0006/V00_S1883_I00000068_P1194,naturalistic/train/0030/0045/V00_S1883_I00000068_P0058,recheck_pass,recheck,naturalistic,3165,V00,naturalistic,train,ipc_conversation,shown in Round 3 as pass_naturalistic; re-judged under the Round-4 detectors,"{""clip_anchored_on_fm2_violation"": false, ""flag_count"": 0, ""flags_fired"": """", ""fm1_hip_flexion_deg_p50"": 158.01742153844478, ""fm1_knee_between_torso_p50"": 0.5445499996159073, ""fm1_leg_over_torso_p50"": 1.3502242040647117, ""fm1_reasons"": """", ""fm1_shin_verticality_p50"": 0.9996714309094812, ""fm1_sitting_file"": false, ""fm1_sitting_participant"": false, ""fm1_unit"": ""1194@1883"", ""fm1_unit_basis"": ""none"", ""fm2_in_frame_and_valid_frac"": 1.0, ""fm2_pass_frac_round3_joints_only"": 1.0, ""fm2_smplh_valid_frac"": 1.0, ""fm2_surface_correction_px_p50"": 28.220542454999645, ""fm2_vertex_worst_inset_min_px"": 94.42311527798705, ""fm2_violation_run_max_frames"": 0.0, ""fm2_violation_runs"": 0.0, ""fm2_windowed_pass_frac"": 1.0, ""fm3_static_frac"": 0.28252032520325204, ""observed_duration_s"": 246.0, ""reproj_px_p50"": 42.18846130029553, ""reproj_shoulder_widths_p50"": 0.13876714062580423, ""round3_gallery_group"": ""pass_naturalistic"", ""unit_files"": 3.0, ""unit_flagged_frac"": 0.0, ""unit_hip_flexion_min"": 155.69295415962318, ""unit_knee_between_min"": 0.5445499996159073}",render
r4_012,recheck_pass_012_V00_S1967_I00000118_P0306_f0000667,V00_S1967_I00000118_P0306,naturalistic/train/0032/0020/V00_S1967_I00000118_P0306,naturalistic/train/0032/0022/V00_S1967_I00000118_P1235,recheck_pass,recheck,naturalistic,667,V00,naturalistic,train,ipc_conversation,shown in Round 3 as pass_naturalistic; re-judged under the Round-4 detectors,"{""clip_anchored_on_fm2_violation"": false, ""flag_count"": 0, ""flags_fired"": """", ""fm1_hip_flexion_deg_p50"": 162.2166922739636, ""fm1_knee_between_torso_p50"": 0.5991032808299405, ""fm1_leg_over_torso_p50"": 1.1695422791380083, ""fm1_reasons"": """", ""fm1_shin_verticality_p50"": 0.9995120740919922, ""fm1_sitting_file"": false, ""fm1_sitting_participant"": false, ""fm1_unit"": ""0306@1967"", ""fm1_unit_basis"": ""none"", ""fm2_in_frame_and_valid_frac"": 1.0, ""fm2_pass_frac_round3_joints_only"": 1.0, ""fm2_smplh_valid_frac"": 1.0, ""fm2_surface_correction_px_p50"": 38.655716614048174, ""fm2_vertex_worst_inset_min_px"": 108.63491106424362, ""fm2_violation_run_max_frames"": 0.0, ""fm2_violation_runs"": 0.0, ""fm2_windowed_pass_frac"": 1.0, ""fm3_static_frac"": 0.015476190476190477, ""observed_duration_s"": 112.0, ""reproj_px_p50"": 43.53291615409201, ""reproj_shoulder_widths_p50"": 0.13936128381649554, ""round3_gallery_group"": ""pass_naturalistic"", ""unit_files"": 4.0, ""unit_flagged_frac"": 0.0, ""unit_hip_flexion_min"": 162.2166922739636, ""unit_knee_between_min"": 0.5880862439218062}",render
r4_013,recheck_multi_013_V00_S2059_I00001184_P1316A_f0003634,V00_S2059_I00001184_P1316A,improvised/train/0049/0043/V00_S2059_I00001184_P1316A,improvised/train/0049/0038/V00_S2059_I00001184_P1317A,recheck_multi,recheck,improvised,3634,V00,improvised,train,ipc_conversation,shown in Round 3 as flagged_fm1_sitting; re-judged under the Round-4 detectors,"{""clip_anchored_on_fm2_violation"": true, ""flag_count"": 2, ""flags_fired"": ""fm1_sitting+fm2_smplh_invalid"", ""fm1_hip_flexion_deg_p50"": 112.37664406405375, ""fm1_knee_between_torso_p50"": 0.3723289695935128, ""fm1_leg_over_torso_p50"": 1.5448117465650868, ""fm1_reasons"": ""knee_between"", ""fm1_shin_verticality_p50"": 0.9877629344866665, ""fm1_sitting_file"": true, ""fm1_sitting_participant"": true, ""fm1_unit"": ""1316A@2059"", ""fm1_unit_basis"": ""majority"", ""fm2_in_frame_and_valid_frac"": 0.9568807339449541, ""fm2_pass_frac_round3_joints_only"": 0.9637614678899082, ""fm2_smplh_valid_frac"": 0.9733944954128441, ""fm2_surface_correction_px_p50"": 46.08553339796782, ""fm2_vertex_worst_inset_min_px"": -163.61904123398313, ""fm2_violation_run_max_frames"": 125.0, ""fm2_violation_runs"": 18.0, ""fm2_windowed_pass_frac"": 0.5714285714285714, ""fm3_static_frac"": 0.20229357798165137, ""observed_duration_s"": 218.0, ""reproj_px_p50"": 15.660016527623082, ""reproj_shoulder_widths_p50"": 0.04447604479314727, ""round3_gallery_group"": ""flagged_fm1_sitting"", ""unit_files"": 2.0, ""unit_flagged_frac"": 1.0, ""unit_hip_flexion_min"": 112.37664406405375, ""unit_knee_between_min"": 0.3723289695935128}",render
r4_014,recheck_pass_014_V00_S0594_I00000135_P0752_f0001949,V00_S0594_I00000135_P0752,naturalistic/train/0017/0017/V00_S0594_I00000135_P0752,naturalistic/train/0017/0027/V00_S0594_I00000135_P0210,recheck_pass,recheck,naturalistic,1949,V00,naturalistic,train,collaborative_storytelling,shown in Round 3 as pass_naturalistic; re-judged under the Round-4 detectors,"{""clip_anchored_on_fm2_violation"": false, ""flag_count"": 0, ""flags_fired"": """", ""fm1_hip_flexion_deg_p50"": 160.82423054399823, ""fm1_knee_between_torso_p50"": 0.5408413146713646, ""fm1_leg_over_torso_p50"": 1.4826384047673313, ""fm1_reasons"": """", ""fm1_shin_verticality_p50"": 0.9997418445724804, ""fm1_sitting_file"": false, ""fm1_sitting_participant"": false, ""fm1_unit"": ""0752@0594"", ""fm1_unit_basis"": ""none"", ""fm2_in_frame_and_valid_frac"": 1.0, ""fm2_pass_frac_round3_joints_only"": 1.0, ""fm2_smplh_valid_frac"": 1.0, ""fm2_surface_correction_px_p50"": 26.544427128409325, ""fm2_vertex_worst_inset_min_px"": 34.007678553542405, ""fm2_violation_run_max_frames"": 0.0, ""fm2_violation_runs"": 0.0, ""fm2_windowed_pass_frac"": 1.0, ""fm3_static_frac"": 0.5026315789473684, ""observed_duration_s"": 152.0, ""reproj_px_p50"": 38.4200969529098, ""reproj_shoulder_widths_p50"": 0.12323026704672976, ""round3_gallery_group"": ""pass_naturalistic"", ""unit_files"": 3.0, ""unit_flagged_frac"": 0.0, ""unit_hip_flexion_min"": 158.71306282285656, ""unit_knee_between_min"": 0.5399428551730521}",render
r4_015,recheck_pass_015_V00_S0708_I00000377_P0866_f0002187,V00_S0708_I00000377_P0866,naturalistic/train/0020/0043/V00_S0708_I00000377_P0866,naturalistic/train/0020/0013/V00_S0708_I00000377_P0864,recheck_pass,recheck,naturalistic,2187,V00,naturalistic,train,ipc_conversation,shown in Round 3 as pass_naturalistic; re-judged under the Round-4 detectors,"{""clip_anchored_on_fm2_violation"": false, ""flag_count"": 0, ""flags_fired"": """", ""fm1_hip_flexion_deg_p50"": 153.60331724250526, ""fm1_knee_between_torso_p50"": 0.557525871808572, ""fm1_leg_over_torso_p50"": 1.315097472727428, ""fm1_reasons"": """", ""fm1_shin_verticality_p50"": 0.9996144206527182, ""fm1_sitting_file"": false, ""fm1_sitting_participant"": false, ""fm1_unit"": ""0866@0708"", ""fm1_unit_basis"": ""none"", ""fm2_in_frame_and_valid_frac"": 0.9810699588477366, ""fm2_pass_frac_round3_joints_only"": 1.0, ""fm2_smplh_valid_frac"": 1.0, ""fm2_surface_correction_px_p50"": 36.685435979021804, ""fm2_vertex_worst_inset_min_px"": -5.759641652914297, ""fm2_violation_run_max_frames"": 6.0, ""fm2_violation_runs"": 47.0, ""fm2_windowed_pass_frac"": 1.0, ""fm3_static_frac"": 0.0012345679012345679, ""observed_duration_s"": 162.0, ""reproj_px_p50"": 20.99051102592984, ""reproj_shoulder_widths_p50"": 0.06466112151991922, ""round3_gallery_group"": ""pass_naturalistic"", ""unit_files"": 3.0, ""unit_flagged_frac"": 0.0, ""unit_hip_flexion_min"": 137.20920507107593, ""unit_knee_between_min"": 0.557525871808572}",render
r4_016,recheck_pass_016_V00_S1781_I00000712_P1099A_f0001512,V00_S1781_I00000712_P1099A,improvised/train/0044/0040/V00_S1781_I00000712_P1099A,improvised/train/0044/0038/V00_S1781_I00000712_P0893A,recheck_pass,recheck,improvised,1512,V00,improvised,train,ipc_conversation,shown in Round 3 as flagged_fm1_sitting; re-judged under the Round-4 detectors,"{""clip_anchored_on_fm2_violation"": false, ""flag_count"": 0, ""flags_fired"": """", ""fm1_hip_flexion_deg_p50"": 119.8671100099488, ""fm1_knee_between_torso_p50"": 0.5073335584690619, ""fm1_leg_over_torso_p50"": 0.8170627369791528, ""fm1_reasons"": """", ""fm1_shin_verticality_p50"": 0.9989685378184354, ""fm1_sitting_file"": false, ""fm1_sitting_participant"": false, ""fm1_unit"": ""1099A@1781"", ""fm1_unit_basis"": ""none"", ""fm2_in_frame_and_valid_frac"": 1.0, ""fm2_pass_frac_round3_joints_only"": 1.0, ""fm2_smplh_valid_frac"": 1.0, ""fm2_surface_correction_px_p50"": 29.476478638725297, ""fm2_vertex_worst_inset_min_px"": 19.779796175779666, ""fm2_violation_run_max_frames"": 0.0, ""fm2_violation_runs"": 0.0, ""fm2_windowed_pass_frac"": 1.0, ""fm3_static_frac"": 0.032697201017811706, ""observed_duration_s"": 262.0, ""reproj_px_p50"": 49.16873491539956, ""reproj_shoulder_widths_p50"": 0.14859671744240388, ""round3_gallery_group"": ""flagged_fm1_sitting"", ""unit_files"": 1.0, ""unit_flagged_frac"": 0.0, ""unit_hip_flexion_min"": 119.8671100099488, ""unit_knee_between_min"": 0.5073335584690619}",render
r4_017,recheck_pass_017_V00_S1857_I00000314_P1185_f0004053,V00_S1857_I00000314_P1185,naturalistic/train/0029/0027/V00_S1857_I00000314_P1185,naturalistic/train/0029/0024/V00_S1857_I00000314_P0495,recheck_pass,recheck,naturalistic,4053,V00,naturalistic,train,ipc_conversation,shown in Round 3 as pass_naturalistic; re-judged under the Round-4 detectors,"{""clip_anchored_on_fm2_violation"": false, ""flag_count"": 0, ""flags_fired"": """", ""fm1_hip_flexion_deg_p50"": 155.78756795859357, ""fm1_knee_between_torso_p50"": 0.5283499695102625, ""fm1_leg_over_torso_p50"": 1.526484546264644, ""fm1_reasons"": """", ""fm1_shin_verticality_p50"": 0.9988123491581363, ""fm1_sitting_file"": false, ""fm1_sitting_participant"": false, ""fm1_unit"": ""1185@1857"", ""fm1_unit_basis"": ""none"", ""fm2_in_frame_and_valid_frac"": 1.0, ""fm2_pass_frac_round3_joints_only"": 1.0, ""fm2_smplh_valid_frac"": 1.0, ""fm2_surface_correction_px_p50"": 31.68869493300099, ""fm2_vertex_worst_inset_min_px"": 115.5839588124635, ""fm2_violation_run_max_frames"": 0.0, ""fm2_violation_runs"": 0.0, ""fm2_windowed_pass_frac"": 1.0, ""fm3_static_frac"": 0.40675213675213673, ""observed_duration_s"": 390.0, ""reproj_px_p50"": 11.640803805351066, ""reproj_shoulder_widths_p50"": 0.03992761145365797, ""round3_gallery_group"": ""pass_naturalistic"", ""unit_files"": 2.0, ""unit_flagged_frac"": 0.0, ""unit_hip_flexion_min"": 155.78756795859357, ""unit_knee_between_min"": 0.5283499695102625}",render
r4_018,recheck_pass_018_V00_S1969_I00000411_P0808_f0000209,V00_S1969_I00000411_P0808,naturalistic/train/0032/0007/V00_S1969_I00000411_P0808,naturalistic/train/0032/0012/V00_S1969_I00000411_P1234,recheck_pass,recheck,naturalistic,209,V00,naturalistic,train,ipc_conversation,shown in Round 3 as pass_naturalistic; re-judged under the Round-4 detectors,"{""clip_anchored_on_fm2_violation"": false, ""flag_count"": 0, ""flags_fired"": """", ""fm1_hip_flexion_deg_p50"": 134.29846448294688, ""fm1_knee_between_torso_p50"": 0.5399952760674034, ""fm1_leg_over_torso_p50"": 1.0000001378584842, ""fm1_reasons"": """", ""fm1_shin_verticality_p50"": 0.9950371656206416, ""fm1_sitting_file"": false, ""fm1_sitting_participant"": false, ""fm1_unit"": ""0808@1969"", ""fm1_unit_basis"": ""none"", ""fm2_in_frame_and_valid_frac"": 1.0, ""fm2_pass_frac_round3_joints_only"": 1.0, ""fm2_smplh_valid_frac"": 1.0, ""fm2_surface_correction_px_p50"": 26.9069619594477, ""fm2_vertex_worst_inset_min_px"": 106.90394569271467, ""fm2_violation_run_max_frames"": 0.0, ""fm2_violation_runs"": 0.0, ""fm2_windowed_pass_frac"": 1.0, ""fm3_static_frac"": 0.3307407407407407, ""observed_duration_s"": 90.0, ""reproj_px_p50"": 18.094831690879133, ""reproj_shoulder_widths_p50"": 0.05512470721477321, ""round3_gallery_group"": ""pass_naturalistic"", ""unit_files"": 2.0, ""unit_flagged_frac"": 0.0, ""unit_hip_flexion_min"": 130.42552212181965, ""unit_knee_between_min"": 0.5309333947742342}",render
r4_019,recheck_fm3_static_hands_019_V00_S0032_I00000477_P0049_f0005294,V00_S0032_I00000477_P0049,naturalistic/train/0000/0026/V00_S0032_I00000477_P0049,naturalistic/train/0000/0022/V00_S0032_I00000477_P0050,recheck_fm3_static_hands,recheck,naturalistic,5294,V00,naturalistic,train,ipc_conversation,shown in Round 3 as flagged_fm3_static_hands; re-judged under the Round-4 detectors,"{""clip_anchored_on_fm2_violation"": false, ""flag_count"": 1, ""flags_fired"": ""fm3_static_hands"", ""fm1_hip_flexion_deg_p50"": 153.3491123705716, ""fm1_knee_between_torso_p50"": 0.5855493655878304, ""fm1_leg_over_torso_p50"": 1.196190741670533, ""fm1_reasons"": """", ""fm1_shin_verticality_p50"": 0.9995677566534082, ""fm1_sitting_file"": false, ""fm1_sitting_participant"": false, ""fm1_unit"": ""0049@0032"", ""fm1_unit_basis"": ""none"", ""fm2_in_frame_and_valid_frac"": 1.0, ""fm2_pass_frac_round3_joints_only"": 1.0, ""fm2_smplh_valid_frac"": 1.0, ""fm2_surface_correction_px_p50"": 50.17070087703121, ""fm2_vertex_worst_inset_min_px"": 56.65191717828179, ""fm2_violation_run_max_frames"": 0.0, ""fm2_violation_runs"": 0.0, ""fm2_windowed_pass_frac"": 1.0, ""fm3_static_frac"": 0.8462809917355372, ""observed_duration_s"": 242.0, ""reproj_px_p50"": 19.837198202087748, ""reproj_shoulder_widths_p50"": 0.05348407279063523, ""round3_gallery_group"": ""flagged_fm3_static_hands"", ""unit_files"": 1.0, ""unit_flagged_frac"": 0.0, ""unit_hip_flexion_min"": 153.3491123705716, ""unit_knee_between_min"": 0.5855493655878304}",render
r4_020,recheck_pass_020_V00_S0180_I00000482_P0047_f0006533,V00_S0180_I00000482_P0047,naturalistic/train/0004/0010/V00_S0180_I00000482_P0047,naturalistic/train/0004/0033/V00_S0180_I00000482_P0247,recheck_pass,recheck,naturalistic,6533,V00,naturalistic,train,ipc_conversation,shown in Round 3 as pass_naturalistic; re-judged under the Round-4 detectors,"{""clip_anchored_on_fm2_violation"": false, ""flag_count"": 0, ""flags_fired"": """", ""fm1_hip_flexion_deg_p50"": 140.38496781747517, ""fm1_knee_between_torso_p50"": 0.5399296361514002, ""fm1_leg_over_torso_p50"": 1.1288309296811403, ""fm1_reasons"": """", ""fm1_shin_verticality_p50"": 0.9981684909858274, ""fm1_sitting_file"": false, ""fm1_sitting_participant"": false, ""fm1_unit"": ""0047@0180"", ""fm1_unit_basis"": ""none"", ""fm2_in_frame_and_valid_frac"": 0.9902335456475584, ""fm2_pass_frac_round3_joints_only"": 1.0, ""fm2_smplh_valid_frac"": 1.0, ""fm2_surface_correction_px_p50"": 44.70380456354144, ""fm2_vertex_worst_inset_min_px"": -25.514065701409663, ""fm2_violation_run_max_frames"": 92.0, ""fm2_violation_runs"": 1.0, ""fm2_windowed_pass_frac"": 1.0, ""fm3_static_frac"": 0.14278131634819533, ""observed_duration_s"": 314.0, ""reproj_px_p50"": 18.33278014729982, ""reproj_shoulder_widths_p50"": 0.048969121431444634, ""round3_gallery_group"": ""pass_naturalistic"", ""unit_files"": 3.0, ""unit_flagged_frac"": 0.0, ""unit_hip_flexion_min"": 140.25469854225022, ""unit_knee_between_min"": 0.5305757684746852}",render
r4_021,recheck_fm2_smplh_invalid_021_V00_S1626_I00000995_P1147A_f0003225,V00_S1626_I00000995_P1147A,improvised/train/0039/0045/V00_S1626_I00000995_P1147A,improvised/train/0039/0035/V00_S1626_I00000995_P0320A,recheck_fm2_smplh_invalid,recheck,improvised,3225,V00,improvised,train,ipc_conversation,shown in Round 3 as flagged_fm1_sitting; re-judged under the Round-4 detectors,"{""clip_anchored_on_fm2_violation"": true, ""flag_count"": 1, ""flags_fired"": ""fm2_smplh_invalid"", ""fm1_hip_flexion_deg_p50"": 134.06377265393763, ""fm1_knee_between_torso_p50"": 0.6062321348389196, ""fm1_leg_over_torso_p50"": 0.8168787164603943, ""fm1_reasons"": """", ""fm1_shin_verticality_p50"": 0.9934090050240433, ""fm1_sitting_file"": false, ""fm1_sitting_participant"": false, ""fm1_unit"": ""1147A@1626"", ""fm1_unit_basis"": ""none"", ""fm2_in_frame_and_valid_frac"": 0.9596153846153846, ""fm2_pass_frac_round3_joints_only"": 0.9680769230769231, ""fm2_smplh_valid_frac"": 0.9906410256410256, ""fm2_surface_correction_px_p50"": 29.24001244482048, ""fm2_vertex_worst_inset_min_px"": -101.55845901438408, ""fm2_violation_run_max_frames"": 64.0, ""fm2_violation_runs"": 39.0, ""fm2_windowed_pass_frac"": 0.375, ""fm3_static_frac"": 0.11794871794871795, ""observed_duration_s"": 260.0, ""reproj_px_p50"": 24.787530752347756, ""reproj_shoulder_widths_p50"": 0.06866112198632279, ""round3_gallery_group"": ""flagged_fm1_sitting"", ""unit_files"": 1.0, ""unit_flagged_frac"": 0.0, ""unit_hip_flexion_min"": 134.06377265393763, ""unit_knee_between_min"": 0.6062321348389196}",render
r4_022,recheck_pass_022_V00_S2066_I00001063_P1324A_f0004028,V00_S2066_I00001063_P1324A,improvised/train/0049/0012/V00_S2066_I00001063_P1324A,improvised/train/0049/0020/V00_S2066_I00001063_P1323A,recheck_pass,recheck,improvised,4028,V00,improvised,train,ipc_conversation,shown in Round 3 as pass_improvised; re-judged under the Round-4 detectors,"{""clip_anchored_on_fm2_violation"": false, ""flag_count"": 0, ""flags_fired"": """", ""fm1_hip_flexion_deg_p50"": 132.80411429275745, ""fm1_knee_between_torso_p50"": 0.5690624587812758, ""fm1_leg_over_torso_p50"": 0.9715510647739158, ""fm1_reasons"": """", ""fm1_shin_verticality_p50"": 0.9993628674307373, ""fm1_sitting_file"": false, ""fm1_sitting_participant"": false, ""fm1_unit"": ""1324A@2066"", ""fm1_unit_basis"": ""none"", ""fm2_in_frame_and_valid_frac"": 1.0, ""fm2_pass_frac_round3_joints_only"": 1.0, ""fm2_smplh_valid_frac"": 1.0, ""fm2_surface_correction_px_p50"": 48.71729594128806, ""fm2_vertex_worst_inset_min_px"": 85.03937927879588, ""fm2_violation_run_max_frames"": 0.0, ""fm2_violation_runs"": 0.0, ""fm2_windowed_pass_frac"": 1.0, ""fm3_static_frac"": 0.7383141762452107, ""observed_duration_s"": 174.0, ""reproj_px_p50"": 37.46981153870826, ""reproj_shoulder_widths_p50"": 0.10066320001337918, ""round3_gallery_group"": ""pass_improvised"", ""unit_files"": 2.0, ""unit_flagged_frac"": 0.0, ""unit_hip_flexion_min"": 132.80411429275745, ""unit_knee_between_min"": 0.5690624587812758}",render
r4_023,recheck_fm3_static_hands_023_V00_S0392_I00000377_P0522_f0002236,V00_S0392_I00000377_P0522,naturalistic/train/0010/0036/V00_S0392_I00000377_P0522,naturalistic/train/0010/0023/V00_S0392_I00000377_P0521,recheck_fm3_static_hands,recheck,naturalistic,2236,V00,naturalistic,train,ipc_conversation,shown in Round 3 as flagged_fm3_static_hands; re-judged under the Round-4 detectors,"{""clip_anchored_on_fm2_violation"": false, ""flag_count"": 1, ""flags_fired"": ""fm3_static_hands"", ""fm1_hip_flexion_deg_p50"": 155.95594937246642, ""fm1_knee_between_torso_p50"": 0.5550682190993796, ""fm1_leg_over_torso_p50"": 1.186548665169095, ""fm1_reasons"": """", ""fm1_shin_verticality_p50"": 0.9983713308647227, ""fm1_sitting_file"": false, ""fm1_sitting_participant"": false, ""fm1_unit"": ""0522@0392"", ""fm1_unit_basis"": ""none"", ""fm2_in_frame_and_valid_frac"": 1.0, ""fm2_pass_frac_round3_joints_only"": 1.0, ""fm2_smplh_valid_frac"": 1.0, ""fm2_surface_correction_px_p50"": 38.83978903899924, ""fm2_vertex_worst_inset_min_px"": 81.52997324848138, ""fm2_violation_run_max_frames"": 0.0, ""fm2_violation_runs"": 0.0, ""fm2_windowed_pass_frac"": 1.0, ""fm3_static_frac"": 0.9628930817610063, ""observed_duration_s"": 106.0, ""reproj_px_p50"": 47.175012886677905, ""reproj_shoulder_widths_p50"": 0.1356423067427836, ""round3_gallery_group"": ""flagged_fm3_static_hands"", ""unit_files"": 1.0, ""unit_flagged_frac"": 0.0, ""unit_hip_flexion_min"": 155.95594937246642, ""unit_knee_between_min"": 0.5550682190993796}",render
r4_024,recheck_fm1_sitting_024_V00_S0446_I00000125_P0489_f0003192,V00_S0446_I00000125_P0489,naturalistic/train/0011/0004/V00_S0446_I00000125_P0489,naturalistic/train/0011/0017/V00_S0446_I00000125_P0585,recheck_fm1_sitting,recheck,naturalistic,3192,V00,naturalistic,train,ipc_conversation,shown in Round 3 as flagged_fm1_sitting; re-judged under the Round-4 detectors,"{""clip_anchored_on_fm2_violation"": false, ""flag_count"": 1, ""flags_fired"": ""fm1_sitting"", ""fm1_hip_flexion_deg_p50"": 106.24367634309243, ""fm1_knee_between_torso_p50"": 0.40549144396078574, ""fm1_leg_over_torso_p50"": 0.8813421104254717, ""fm1_reasons"": ""knee_between"", ""fm1_shin_verticality_p50"": 0.976187130563609, ""fm1_sitting_file"": true, ""fm1_sitting_participant"": true, ""fm1_unit"": ""0489@0446"", ""fm1_unit_basis"": ""majority"", ""fm2_in_frame_and_valid_frac"": 0.9984722222222222, ""fm2_pass_frac_round3_joints_only"": 1.0, ""fm2_smplh_valid_frac"": 1.0, ""fm2_surface_correction_px_p50"": 28.434995458030613, ""fm2_vertex_worst_inset_min_px"": 10.050099110435895, ""fm2_violation_run_max_frames"": 10.0, ""fm2_violation_runs"": 2.0, ""fm2_windowed_pass_frac"": 1.0, ""fm3_static_frac"": 0.028055555555555556, ""observed_duration_s"": 240.0, ""reproj_px_p50"": 17.43094147717323, ""reproj_shoulder_widths_p50"": 0.0480281987067183, ""round3_gallery_group"": ""flagged_fm1_sitting"", ""unit_files"": 1.0, ""unit_flagged_frac"": 1.0, ""unit_hip_flexion_min"": 106.24367634309243, ""unit_knee_between_min"": 0.40549144396078574}",render
r4_025,recheck_pass_025_V00_S0708_I00000488_P0866_f0002603,V00_S0708_I00000488_P0866,naturalistic/train/0020/0013/V00_S0708_I00000488_P0866,naturalistic/train/0020/0005/V00_S0708_I00000488_P0864,recheck_pass,recheck,naturalistic,2603,V00,naturalistic,train,ipc_conversation,shown in Round 3 as pass_naturalistic; re-judged under the Round-4 detectors,"{""clip_anchored_on_fm2_violation"": false, ""flag_count"": 0, ""flags_fired"": """", ""fm1_hip_flexion_deg_p50"": 137.20920507107593, ""fm1_knee_between_torso_p50"": 0.5697099365844039, ""fm1_leg_over_torso_p50"": 1.0445616575249068, ""fm1_reasons"": """", ""fm1_shin_verticality_p50"": 0.9984603519427742, ""fm1_sitting_file"": false, ""fm1_sitting_participant"": false, ""fm1_unit"": ""0866@0708"", ""fm1_unit_basis"": ""none"", ""fm2_in_frame_and_valid_frac"": 0.9978927203065134, ""fm2_pass_frac_round3_joints_only"": 1.0, ""fm2_smplh_valid_frac"": 1.0, ""fm2_surface_correction_px_p50"": 41.07315847089603, ""fm2_vertex_worst_inset_min_px"": -6.654318274676257, ""fm2_violation_run_max_frames"": 8.0, ""fm2_violation_runs"": 3.0, ""fm2_windowed_pass_frac"": 1.0, ""fm3_static_frac"": 0.0950191570881226, ""observed_duration_s"": 174.0, ""reproj_px_p50"": 20.0061634797583, ""reproj_shoulder_widths_p50"": 0.05583761581343771, ""round3_gallery_group"": ""pass_naturalistic"", ""unit_files"": 3.0, ""unit_flagged_frac"": 0.0, ""unit_hip_flexion_min"": 137.20920507107593, ""unit_knee_between_min"": 0.557525871808572}",render
r4_026,recheck_pass_026_V00_S1099_I00000660_P0825A_f0002180,V00_S1099_I00000660_P0825A,improvised/train/0024/0014/V00_S1099_I00000660_P0825A,improvised/train/0024/0025/V00_S1099_I00000660_P0682A,recheck_pass,recheck,improvised,2180,V00,improvised,train,ipc_conversation,shown in Round 3 as pass_improvised; re-judged under the Round-4 detectors,"{""clip_anchored_on_fm2_violation"": false, ""flag_count"": 0, ""flags_fired"": """", ""fm1_hip_flexion_deg_p50"": 127.71880543582662, ""fm1_knee_between_torso_p50"": 0.5246263314481453, ""fm1_leg_over_torso_p50"": 0.9567599765465372, ""fm1_reasons"": """", ""fm1_shin_verticality_p50"": 0.9993628503251816, ""fm1_sitting_file"": false, ""fm1_sitting_participant"": false, ""fm1_unit"": ""0825A@1099"", ""fm1_unit_basis"": ""none"", ""fm2_in_frame_and_valid_frac"": 1.0, ""fm2_pass_frac_round3_joints_only"": 1.0, ""fm2_smplh_valid_frac"": 1.0, ""fm2_surface_correction_px_p50"": 42.36076794549592, ""fm2_vertex_worst_inset_min_px"": 171.72266546971514, ""fm2_violation_run_max_frames"": 0.0, ""fm2_violation_runs"": 0.0, ""fm2_windowed_pass_frac"": 1.0, ""fm3_static_frac"": 0.01597222222222222, ""observed_duration_s"": 192.0, ""reproj_px_p50"": 21.518976553688674, ""reproj_shoulder_widths_p50"": 0.06877116285983095, ""round3_gallery_group"": ""pass_improvised"", ""unit_files"": 1.0, ""unit_flagged_frac"": 0.0, ""unit_hip_flexion_min"": 127.71880543582662, ""unit_knee_between_min"": 0.5246263314481453}",render
r4_027,recheck_pass_027_V00_S0231_I00000581_P0006A_f0000755,V00_S0231_I00000581_P0006A,improvised/train/0005/0024/V00_S0231_I00000581_P0006A,improvised/train/0005/0009/V00_S0231_I00000581_P0317,recheck_pass,recheck,improvised,755,V00,improvised,train,ipc_conversation,shown in Round 3 as pass_improvised; re-judged under the Round-4 detectors,"{""clip_anchored_on_fm2_violation"": false, ""flag_count"": 0, ""flags_fired"": """", ""fm1_hip_flexion_deg_p50"": 156.97807520835588, ""fm1_knee_between_torso_p50"": 0.564770114226542, ""fm1_leg_over_torso_p50"": 1.272318522908504, ""fm1_reasons"": """", ""fm1_shin_verticality_p50"": 0.9985422780938983, ""fm1_sitting_file"": false, ""fm1_sitting_participant"": false, ""fm1_unit"": ""0006A@0231"", ""fm1_unit_basis"": ""none"", ""fm2_in_frame_and_valid_frac"": 1.0, ""fm2_pass_frac_round3_joints_only"": 1.0, ""fm2_smplh_valid_frac"": 1.0, ""fm2_surface_correction_px_p50"": 40.63200801389485, ""fm2_vertex_worst_inset_min_px"": 28.481925055667034, ""fm2_violation_run_max_frames"": 0.0, ""fm2_violation_runs"": 0.0, ""fm2_windowed_pass_frac"": 1.0, ""fm3_static_frac"": 0.7316239316239316, ""observed_duration_s"": 156.0, ""reproj_px_p50"": 37.9768752685024, ""reproj_shoulder_widths_p50"": 0.10370079454755315, ""round3_gallery_group"": ""pass_improvised"", ""unit_files"": 3.0, ""unit_flagged_frac"": 0.0, ""unit_hip_flexion_min"": 156.35204206228525, ""unit_knee_between_min"": 0.564770114226542}",render
r4_028,recheck_pass_028_V00_S1404_I00000030_P0300_f0000162,V00_S1404_I00000030_P0300,improvised/train/0032/0035/V00_S1404_I00000030_P0300,improvised/train/0032/0052/V00_S1404_I00000030_P1103A,recheck_pass,recheck,improvised,162,V00,improvised,train,ipc_conversation,shown in Round 3 as pass_improvised; re-judged under the Round-4 detectors,"{""clip_anchored_on_fm2_violation"": false, ""flag_count"": 0, ""flags_fired"": """", ""fm1_hip_flexion_deg_p50"": 139.6819434899324, ""fm1_knee_between_torso_p50"": 0.5297036264172128, ""fm1_leg_over_torso_p50"": 1.2069854912670315, ""fm1_reasons"": """", ""fm1_shin_verticality_p50"": 0.9961298640327825, ""fm1_sitting_file"": false, ""fm1_sitting_participant"": false, ""fm1_unit"": ""0300@1404"", ""fm1_unit_basis"": ""none"", ""fm2_in_frame_and_valid_frac"": 1.0, ""fm2_pass_frac_round3_joints_only"": 1.0, ""fm2_smplh_valid_frac"": 1.0, ""fm2_surface_correction_px_p50"": 27.8840992819662, ""fm2_vertex_worst_inset_min_px"": 81.96420782332223, ""fm2_violation_run_max_frames"": 0.0, ""fm2_violation_runs"": 0.0, ""fm2_windowed_pass_frac"": 1.0, ""fm3_static_frac"": 0.12777777777777777, ""observed_duration_s"": 78.0, ""reproj_px_p50"": 37.19786296994312, ""reproj_shoulder_widths_p50"": 0.12827239812337454, ""round3_gallery_group"": ""pass_improvised"", ""unit_files"": 3.0, ""unit_flagged_frac"": 0.0, ""unit_hip_flexion_min"": 139.33434374557876, ""unit_knee_between_min"": 0.5297036264172128}",render
r4_029,recheck_pass_029_V00_S1580_I00001175_P1103A_f0003903,V00_S1580_I00001175_P1103A,improvised/train/0038/0056/V00_S1580_I00001175_P1103A,improvised/train/0038/0058/V00_S1580_I00001175_P1154A,recheck_pass,recheck,improvised,3903,V00,improvised,train,ipc_conversation,shown in Round 3 as pass_improvised; re-judged under the Round-4 detectors,"{""clip_anchored_on_fm2_violation"": false, ""flag_count"": 0, ""flags_fired"": """", ""fm1_hip_flexion_deg_p50"": 146.88626733892173, ""fm1_knee_between_torso_p50"": 0.5830960857911868, ""fm1_leg_over_torso_p50"": 1.0593352196202879, ""fm1_reasons"": """", ""fm1_shin_verticality_p50"": 0.9995411866677136, ""fm1_sitting_file"": false, ""fm1_sitting_participant"": false, ""fm1_unit"": ""1103A@1580"", ""fm1_unit_basis"": ""none"", ""fm2_in_frame_and_valid_frac"": 0.9997619047619047, ""fm2_pass_frac_round3_joints_only"": 1.0, ""fm2_smplh_valid_frac"": 1.0, ""fm2_surface_correction_px_p50"": 45.04928044618032, ""fm2_vertex_worst_inset_min_px"": 4.811040309591817, ""fm2_violation_run_max_frames"": 3.0, ""fm2_violation_runs"": 1.0, ""fm2_windowed_pass_frac"": 1.0, ""fm3_static_frac"": 0.03484126984126984, ""observed_duration_s"": 420.0, ""reproj_px_p50"": 22.55424792933998, ""reproj_shoulder_widths_p50"": 0.06300463130508593, ""round3_gallery_group"": ""pass_improvised"", ""unit_files"": 1.0, ""unit_flagged_frac"": 0.0, ""unit_hip_flexion_min"": 146.88626733892173, ""unit_knee_between_min"": 0.5830960857911868}",render
r4_030,recheck_pass_030_V00_S0393_I00000479_P0523_f0004228,V00_S0393_I00000479_P0523,naturalistic/train/0010/0032/V00_S0393_I00000479_P0523,naturalistic/train/0010/0022/V00_S0393_I00000479_P0193,recheck_pass,recheck,naturalistic,4228,V00,naturalistic,train,ipc_conversation,shown in Round 3 as pass_naturalistic; re-judged under the Round-4 detectors,"{""clip_anchored_on_fm2_violation"": false, ""flag_count"": 0, ""flags_fired"": """", ""fm1_hip_flexion_deg_p50"": 132.70476300490833, ""fm1_knee_between_torso_p50"": 0.5142981975437422, ""fm1_leg_over_torso_p50"": 1.1139232666123087, ""fm1_reasons"": """", ""fm1_shin_verticality_p50"": 0.9981684894473493, ""fm1_sitting_file"": false, ""fm1_sitting_participant"": false, ""fm1_unit"": ""0523@0393"", ""fm1_unit_basis"": ""none"", ""fm2_in_frame_and_valid_frac"": 1.0, ""fm2_pass_frac_round3_joints_only"": 1.0, ""fm2_smplh_valid_frac"": 1.0, ""fm2_surface_correction_px_p50"": 41.73222406504658, ""fm2_vertex_worst_inset_min_px"": 68.50693237134908, ""fm2_violation_run_max_frames"": 0.0, ""fm2_violation_runs"": 0.0, ""fm2_windowed_pass_frac"": 1.0, ""fm3_static_frac"": 0.0012280701754385965, ""observed_duration_s"": 190.0, ""reproj_px_p50"": 43.96882883257215, ""reproj_shoulder_widths_p50"": 0.11887051360744678, ""round3_gallery_group"": ""pass_naturalistic"", ""unit_files"": 2.0, ""unit_flagged_frac"": 0.0, ""unit_hip_flexion_min"": 132.70476300490833, ""unit_knee_between_min"": 0.5142981975437422}",render
r4_031,recheck_pass_031_V00_S0708_I00000515_P0866_f0001322,V00_S0708_I00000515_P0866,naturalistic/train/0020/0017/V00_S0708_I00000515_P0866,naturalistic/train/0020/0005/V00_S0708_I00000515_P0864,recheck_pass,recheck,naturalistic,1322,V00,naturalistic,train,ipc_conversation,shown in Round 3 as pass_naturalistic; re-judged under the Round-4 detectors,"{""clip_anchored_on_fm2_violation"": false, ""flag_count"": 0, ""flags_fired"": """", ""fm1_hip_flexion_deg_p50"": 151.45399057242582, ""fm1_knee_between_torso_p50"": 0.56113546809235, ""fm1_leg_over_torso_p50"": 1.2206338077233054, ""fm1_reasons"": """", ""fm1_shin_verticality_p50"": 0.9995920815893667, ""fm1_sitting_file"": false, ""fm1_sitting_participant"": false, ""fm1_unit"": ""0866@0708"", ""fm1_unit_basis"": ""none"", ""fm2_in_frame_and_valid_frac"": 1.0, ""fm2_pass_frac_round3_joints_only"": 1.0, ""fm2_smplh_valid_frac"": 1.0, ""fm2_surface_correction_px_p50"": 38.754522924177195, ""fm2_vertex_worst_inset_min_px"": 46.6357094794198, ""fm2_violation_run_max_frames"": 0.0, ""fm2_violation_runs"": 0.0, ""fm2_windowed_pass_frac"": 1.0, ""fm3_static_frac"": 0.2076388888888889, ""observed_duration_s"": 96.0, ""reproj_px_p50"": 16.979814929723787, ""reproj_shoulder_widths_p50"": 0.050091970063692745, ""round3_gallery_group"": ""pass_naturalistic"", ""unit_files"": 3.0, ""unit_flagged_frac"": 0.0, ""unit_hip_flexion_min"": 137.20920507107593, ""unit_knee_between_min"": 0.557525871808572}",render
r4_032,recheck_pass_032_V00_S0524_I00000483_P0669_f0003401,V00_S0524_I00000483_P0669,naturalistic/train/0014/0023/V00_S0524_I00000483_P0669,naturalistic/train/0014/0010/V00_S0524_I00000483_P0668,recheck_pass,recheck,naturalistic,3401,V00,naturalistic,train,ipc_conversation,shown in Round 3 as pass_naturalistic; re-judged under the Round-4 detectors,"{""clip_anchored_on_fm2_violation"": false, ""flag_count"": 0, ""flags_fired"": """", ""fm1_hip_flexion_deg_p50"": 153.21163100658413, ""fm1_knee_between_torso_p50"": 0.53599949463032, ""fm1_leg_over_torso_p50"": 1.3340848168871227, ""fm1_reasons"": """", ""fm1_shin_verticality_p50"": 0.9999999999999786, ""fm1_sitting_file"": false, ""fm1_sitting_participant"": false, ""fm1_unit"": ""0669@0524"", ""fm1_unit_basis"": ""none"", ""fm2_in_frame_and_valid_frac"": 1.0, ""fm2_pass_frac_round3_joints_only"": 1.0, ""fm2_smplh_valid_frac"": 1.0, ""fm2_surface_correction_px_p50"": 30.359614585841427, ""fm2_vertex_worst_inset_min_px"": 88.90822331349602, ""fm2_violation_run_max_frames"": 0.0, ""fm2_violation_runs"": 0.0, ""fm2_windowed_pass_frac"": 1.0, ""fm3_static_frac"": 0.5606770833333333, ""observed_duration_s"": 256.0, ""reproj_px_p50"": 40.8251479912666, ""reproj_shoulder_widths_p50"": 0.13217782334285558, ""round3_gallery_group"": ""pass_naturalistic"", ""unit_files"": 1.0, ""unit_flagged_frac"": 0.0, ""unit_hip_flexion_min"": 153.21163100658413, ""unit_knee_between_min"": 0.53599949463032}",render
r4_033,recheck_pass_033_V00_S1015_I00000706_P0682A_f0003650,V00_S1015_I00000706_P0682A,improvised/train/0021/0027/V00_S1015_I00000706_P0682A,improvised/train/0021/0070/V00_S1015_I00000706_P0825A,recheck_pass,recheck,improvised,3650,V00,improvised,train,ipc_conversation,shown in Round 3 as pass_improvised; re-judged under the Round-4 detectors,"{""clip_anchored_on_fm2_violation"": false, ""flag_count"": 0, ""flags_fired"": """", ""fm1_hip_flexion_deg_p50"": 158.5405979364426, ""fm1_knee_between_torso_p50"": 0.5678828601498678, ""fm1_leg_over_torso_p50"": 1.342646484489418, ""fm1_reasons"": """", ""fm1_shin_verticality_p50"": 0.9922779079836844, ""fm1_sitting_file"": false, ""fm1_sitting_participant"": false, ""fm1_unit"": ""0682A@1015"", ""fm1_unit_basis"": ""none"", ""fm2_in_frame_and_valid_frac"": 1.0, ""fm2_pass_frac_round3_joints_only"": 1.0, ""fm2_smplh_valid_frac"": 1.0, ""fm2_surface_correction_px_p50"": 39.82511301936597, ""fm2_vertex_worst_inset_min_px"": 95.45469579705957, ""fm2_violation_run_max_frames"": 0.0, ""fm2_violation_runs"": 0.0, ""fm2_windowed_pass_frac"": 1.0, ""fm3_static_frac"": 0.3959232613908873, ""observed_duration_s"": 278.0, ""reproj_px_p50"": 34.24041665344229, ""reproj_shoulder_widths_p50"": 0.11366376365321643, ""round3_gallery_group"": ""pass_improvised"", ""unit_files"": 1.0, ""unit_flagged_frac"": 0.0, ""unit_hip_flexion_min"": 158.5405979364426, ""unit_knee_between_min"": 0.5678828601498678}",render
r4_034,recheck_pass_034_V00_S1544_I00000147_P1122_f0003693,V00_S1544_I00000147_P1122,naturalistic/train/0027/0031/V00_S1544_I00000147_P1122,naturalistic/train/0027/0035/V00_S1544_I00000147_P0317,recheck_pass,recheck,naturalistic,3693,V00,naturalistic,train,ipc_conversation,shown in Round 3 as pass_naturalistic; re-judged under the Round-4 detectors,"{""clip_anchored_on_fm2_violation"": false, ""flag_count"": 0, ""flags_fired"": """", ""fm1_hip_flexion_deg_p50"": 150.71220834643646, ""fm1_knee_between_torso_p50"": 0.6070563945262191, ""fm1_leg_over_torso_p50"": 1.1667655738669347, ""fm1_reasons"": """", ""fm1_shin_verticality_p50"": 0.9449859914712684, ""fm1_sitting_file"": false, ""fm1_sitting_participant"": false, ""fm1_unit"": ""1122@1544"", ""fm1_unit_basis"": ""none"", ""fm2_in_frame_and_valid_frac"": 1.0, ""fm2_pass_frac_round3_joints_only"": 1.0, ""fm2_smplh_valid_frac"": 1.0, ""fm2_surface_correction_px_p50"": 29.61368612514491, ""fm2_vertex_worst_inset_min_px"": 55.225014167139875, ""fm2_violation_run_max_frames"": 0.0, ""fm2_violation_runs"": 0.0, ""fm2_windowed_pass_frac"": 1.0, ""fm3_static_frac"": 0.15849673202614378, ""observed_duration_s"": 306.0, ""reproj_px_p50"": 13.976742025716158, ""reproj_shoulder_widths_p50"": 0.05227566995701491, ""round3_gallery_group"": ""pass_naturalistic"", ""unit_files"": 3.0, ""unit_flagged_frac"": 0.0, ""unit_hip_flexion_min"": 139.79083273668368, ""unit_knee_between_min"": 0.5262858182358425}",render
r4_035,recheck_fm1_sitting_035_V00_S1921_I00000264_P1209_f0003468,V00_S1921_I00000264_P1209,naturalistic/train/0030/0027/V00_S1921_I00000264_P1209,naturalistic/train/0030/0004/V00_S1921_I00000264_P1211,recheck_fm1_sitting,recheck,naturalistic,3468,V00,naturalistic,train,ipc_conversation,shown in Round 3 as flagged_multi; re-judged under the Round-4 detectors,"{""clip_anchored_on_fm2_violation"": false, ""flag_count"": 1, ""flags_fired"": ""fm1_sitting"", ""fm1_hip_flexion_deg_p50"": 108.83985401976065, ""fm1_knee_between_torso_p50"": 0.3621646598001038, ""fm1_leg_over_torso_p50"": 1.0452701113346674, ""fm1_reasons"": ""knee_between"", ""fm1_shin_verticality_p50"": 0.9936052746989277, ""fm1_sitting_file"": true, ""fm1_sitting_participant"": true, ""fm1_unit"": ""1209@1921"", ""fm1_unit_basis"": ""majority"", ""fm2_in_frame_and_valid_frac"": 0.9813725490196078, ""fm2_pass_frac_round3_joints_only"": 0.9898692810457517, ""fm2_smplh_valid_frac"": 1.0, ""fm2_surface_correction_px_p50"": 38.48737997472216, ""fm2_vertex_worst_inset_min_px"": -33.686566510432726, ""fm2_violation_run_max_frames"": 61.0, ""fm2_violation_runs"": 18.0, ""fm2_windowed_pass_frac"": 0.8, ""fm3_static_frac"": 0.6270152505446623, ""observed_duration_s"": 306.0, ""reproj_px_p50"": 35.98263029762184, ""reproj_shoulder_widths_p50"": 0.11116123562062291, ""round3_gallery_group"": ""flagged_multi"", ""unit_files"": 2.0, ""unit_flagged_frac"": 1.0, ""unit_hip_flexion_min"": 108.83985401976065, ""unit_knee_between_min"": 0.3621646598001038}",render
r4_036,recheck_fm2_smplh_invalid_036_V00_S0326_I00000520_P0442_f0000000,V00_S0326_I00000520_P0442,improvised/train/0007/0034/V00_S0326_I00000520_P0442,improvised/train/0007/0010/V00_S0326_I00000520_P0026A,recheck_fm2_smplh_invalid,recheck,improvised,0,V00,improvised,train,grounded_gesture,shown in Round 3 as flagged_multi; re-judged under the Round-4 detectors,"{""clip_anchored_on_fm2_violation"": true, ""flag_count"": 1, ""flags_fired"": ""fm2_smplh_invalid"", ""fm1_hip_flexion_deg_p50"": 152.09134295918795, ""fm1_knee_between_torso_p50"": 0.5436585115752945, ""fm1_leg_over_torso_p50"": 1.441046357877276, ""fm1_reasons"": """", ""fm1_shin_verticality_p50"": 0.9958932064677039, ""fm1_sitting_file"": false, ""fm1_sitting_participant"": false, ""fm1_unit"": ""0442@0326"", ""fm1_unit_basis"": ""none"", ""fm2_in_frame_and_valid_frac"": 0.9728070175438597, ""fm2_pass_frac_round3_joints_only"": 0.9734335839598998, ""fm2_smplh_valid_frac"": 0.9893483709273183, ""fm2_surface_correction_px_p50"": 45.74477854185966, ""fm2_vertex_worst_inset_min_px"": -206.286936853548, ""fm2_violation_run_max_frames"": 62.0, ""fm2_violation_runs"": 6.0, ""fm2_windowed_pass_frac"": 0.5, ""fm3_static_frac"": 0.5993964541682384, ""observed_duration_s"": 266.0, ""reproj_px_p50"": 15.889603482386018, ""reproj_shoulder_widths_p50"": 0.04952725541176297, ""round3_gallery_group"": ""flagged_multi"", ""unit_files"": 2.0, ""unit_flagged_frac"": 0.0, ""unit_hip_flexion_min"": 145.25854628987122, ""unit_knee_between_min"": 0.515209182460824}",render
r4_037,recheck_pass_037_V00_S0576_I00000484_P0727_f0001349,V00_S0576_I00000484_P0727,naturalistic/train/0016/0036/V00_S0576_I00000484_P0727,naturalistic/train/0016/0012/V00_S0576_I00000484_P0726,recheck_pass,recheck,naturalistic,1349,V00,naturalistic,train,ipc_conversation,shown in Round 3 as pass_naturalistic; re-judged under the Round-4 detectors,"{""clip_anchored_on_fm2_violation"": false, ""flag_count"": 0, ""flags_fired"": """", ""fm1_hip_flexion_deg_p50"": 141.34250722863703, ""fm1_knee_between_torso_p50"": 0.5436704159508983, ""fm1_leg_over_torso_p50"": 1.1746035028973272, ""fm1_reasons"": """", ""fm1_shin_verticality_p50"": 0.9999999999999708, ""fm1_sitting_file"": false, ""fm1_sitting_participant"": false, ""fm1_unit"": ""0727@0576"", ""fm1_unit_basis"": ""none"", ""fm2_in_frame_and_valid_frac"": 1.0, ""fm2_pass_frac_round3_joints_only"": 1.0, ""fm2_smplh_valid_frac"": 1.0, ""fm2_surface_correction_px_p50"": 39.78427031092315, ""fm2_vertex_worst_inset_min_px"": 111.66345667887276, ""fm2_violation_run_max_frames"": 0.0, ""fm2_violation_runs"": 0.0, ""fm2_windowed_pass_frac"": 1.0, ""fm3_static_frac"": 0.09658119658119659, ""observed_duration_s"": 78.0, ""reproj_px_p50"": 31.407068825404895, ""reproj_shoulder_widths_p50"": 0.08815851665982807, ""round3_gallery_group"": ""pass_naturalistic"", ""unit_files"": 3.0, ""unit_flagged_frac"": 0.0, ""unit_hip_flexion_min"": 139.23769902005938, ""unit_knee_between_min"": 0.5436704159508983}",render
r4_038,recheck_pass_038_V00_S0874_I00000126_P0986_f0002679,V00_S0874_I00000126_P0986,improvised/train/0018/0048/V00_S0874_I00000126_P0986,improvised/train/0018/0045/V00_S0874_I00000126_P0185A,recheck_pass,recheck,improvised,2679,V00,improvised,train,ipc_conversation,shown in Round 3 as pass_improvised; re-judged under the Round-4 detectors,"{""clip_anchored_on_fm2_violation"": false, ""flag_count"": 0, ""flags_fired"": """", ""fm1_hip_flexion_deg_p50"": 154.06413856756066, ""fm1_knee_between_torso_p50"": 0.5677606163739741, ""fm1_leg_over_torso_p50"": 1.277250005620793, ""fm1_reasons"": """", ""fm1_shin_verticality_p50"": 0.9996349700300708, ""fm1_sitting_file"": false, ""fm1_sitting_participant"": false, ""fm1_unit"": ""0986@0874"", ""fm1_unit_basis"": ""none"", ""fm2_in_frame_and_valid_frac"": 1.0, ""fm2_pass_frac_round3_joints_only"": 1.0, ""fm2_smplh_valid_frac"": 1.0, ""fm2_surface_correction_px_p50"": 39.46240496313476, ""fm2_vertex_worst_inset_min_px"": 86.46002803136031, ""fm2_violation_run_max_frames"": 0.0, ""fm2_violation_runs"": 0.0, ""fm2_windowed_pass_frac"": 1.0, ""fm3_static_frac"": 0.7349726775956285, ""observed_duration_s"": 244.0, ""reproj_px_p50"": 35.54349379837447, ""reproj_shoulder_widths_p50"": 0.11178932970557437, ""round3_gallery_group"": ""pass_improvised"", ""unit_files"": 2.0, ""unit_flagged_frac"": 0.0, ""unit_hip_flexion_min"": 154.06413856756066, ""unit_knee_between_min"": 0.5660156107441914}",render
r4_039,recheck_fm1_sitting_039_V00_S0936_I00000477_P1030_f0001714,V00_S0936_I00000477_P1030,naturalistic/train/0024/0001/V00_S0936_I00000477_P1030,naturalistic/train/0024/0034/V00_S0936_I00000477_P1029,recheck_fm1_sitting,recheck,naturalistic,1714,V00,naturalistic,train,ipc_conversation,shown in Round 3 as flagged_fm1_sitting; re-judged under the Round-4 detectors,"{""clip_anchored_on_fm2_violation"": false, ""flag_count"": 1, ""flags_fired"": ""fm1_sitting"", ""fm1_hip_flexion_deg_p50"": 106.4494016580604, ""fm1_knee_between_torso_p50"": 0.35207877614435373, ""fm1_leg_over_torso_p50"": 1.127902898045164, ""fm1_reasons"": ""knee_between"", ""fm1_shin_verticality_p50"": 0.9988123555191648, ""fm1_sitting_file"": true, ""fm1_sitting_participant"": true, ""fm1_unit"": ""1030@0936"", ""fm1_unit_basis"": ""majority"", ""fm2_in_frame_and_valid_frac"": 1.0, ""fm2_pass_frac_round3_joints_only"": 1.0, ""fm2_smplh_valid_frac"": 1.0, ""fm2_surface_correction_px_p50"": 53.47448663298371, ""fm2_vertex_worst_inset_min_px"": 61.25966294474256, ""fm2_violation_run_max_frames"": 0.0, ""fm2_violation_runs"": 0.0, ""fm2_windowed_pass_frac"": 1.0, ""fm3_static_frac"": 0.7302816901408451, ""observed_duration_s"": 142.0, ""reproj_px_p50"": 32.52408105811966, ""reproj_shoulder_widths_p50"": 0.09037763103081836, ""round3_gallery_group"": ""flagged_fm1_sitting"", ""unit_files"": 2.0, ""unit_flagged_frac"": 1.0, ""unit_hip_flexion_min"": 106.4494016580604, ""unit_knee_between_min"": 0.34646916039632997}",render
r4_040,recheck_fm2_smplh_invalid_040_V00_S1628_I00001175_P1147A_f0003013,V00_S1628_I00001175_P1147A,improvised/train/0039/0026/V00_S1628_I00001175_P1147A,improvised/train/0039/0055/V00_S1628_I00001175_P0320A,recheck_fm2_smplh_invalid,recheck,improvised,3013,V00,improvised,train,ipc_conversation,shown in Round 3 as flagged_fm1_sitting; re-judged under the Round-4 detectors,"{""clip_anchored_on_fm2_violation"": true, ""flag_count"": 1, ""flags_fired"": ""fm2_smplh_invalid"", ""fm1_hip_flexion_deg_p50"": 127.31927253156462, ""fm1_knee_between_torso_p50"": 0.5697208926271179, ""fm1_leg_over_torso_p50"": 0.8039876445424234, ""fm1_reasons"": """", ""fm1_shin_verticality_p50"": 0.9990561477176454, ""fm1_sitting_file"": false, ""fm1_sitting_participant"": false, ""fm1_unit"": ""1147A@1628"", ""fm1_unit_basis"": ""none"", ""fm2_in_frame_and_valid_frac"": 0.9523809523809523, ""fm2_pass_frac_round3_joints_only"": 0.9540293040293041, ""fm2_smplh_valid_frac"": 0.9675824175824176, ""fm2_surface_correction_px_p50"": 10.199104880630216, ""fm2_vertex_worst_inset_min_px"": -159.98701429399455, ""fm2_violation_run_max_frames"": 183.0, ""fm2_violation_runs"": 5.0, ""fm2_windowed_pass_frac"": 0.5, ""fm3_static_frac"": 0.02600732600732601, ""observed_duration_s"": 182.0, ""reproj_px_p50"": 26.334775109925786, ""reproj_shoulder_widths_p50"": 0.06982561953831584, ""round3_gallery_group"": ""flagged_fm1_sitting"", ""unit_files"": 1.0, ""unit_flagged_frac"": 0.0, ""unit_hip_flexion_min"": 127.31927253156462, ""unit_knee_between_min"": 0.5697208926271179}",render
r4_041,recheck_fm3_static_hands_041_V00_S0084_I00000486_P0124_f0001159,V00_S0084_I00000486_P0124,naturalistic/train/0001/0030/V00_S0084_I00000486_P0124,naturalistic/train/0001/0018/V00_S0084_I00000486_P0123,recheck_fm3_static_hands,recheck,naturalistic,1159,V00,naturalistic,train,ipc_conversation,shown in Round 3 as flagged_fm3_static_hands; re-judged under the Round-4 detectors,"{""clip_anchored_on_fm2_violation"": false, ""flag_count"": 1, ""flags_fired"": ""fm3_static_hands"", ""fm1_hip_flexion_deg_p50"": 144.72566076512123, ""fm1_knee_between_torso_p50"": 0.5450271007521714, ""fm1_leg_over_torso_p50"": 1.2002897178736573, ""fm1_reasons"": """", ""fm1_shin_verticality_p50"": 0.9995120673548717, ""fm1_sitting_file"": false, ""fm1_sitting_participant"": false, ""fm1_unit"": ""0124@0084"", ""fm1_unit_basis"": ""none"", ""fm2_in_frame_and_valid_frac"": 1.0, ""fm2_pass_frac_round3_joints_only"": 1.0, ""fm2_smplh_valid_frac"": 1.0, ""fm2_surface_correction_px_p50"": 39.09860854205442, ""fm2_vertex_worst_inset_min_px"": 155.34047382606968, ""fm2_violation_run_max_frames"": 0.0, ""fm2_violation_runs"": 0.0, ""fm2_windowed_pass_frac"": 1.0, ""fm3_static_frac"": 0.9323809523809524, ""observed_duration_s"": 210.0, ""reproj_px_p50"": 34.617878817329775, ""reproj_shoulder_widths_p50"": 0.10488101300659822, ""round3_gallery_group"": ""flagged_fm3_static_hands"", ""unit_files"": 1.0, ""unit_flagged_frac"": 0.0, ""unit_hip_flexion_min"": 144.72566076512123, ""unit_knee_between_min"": 0.5450271007521714}",render
r4_042,recheck_pass_042_V00_S0254_I00000382_P0042_f0004630,V00_S0254_I00000382_P0042,naturalistic/train/0006/0037/V00_S0254_I00000382_P0042,naturalistic/train/0006/0014/V00_S0254_I00000382_P0349,recheck_pass,recheck,naturalistic,4630,V00,naturalistic,train,ipc_conversation,shown in Round 3 as pass_naturalistic; re-judged under the Round-4 detectors,"{""clip_anchored_on_fm2_violation"": false, ""flag_count"": 0, ""flags_fired"": """", ""fm1_hip_flexion_deg_p50"": 150.37201499375487, ""fm1_knee_between_torso_p50"": 0.5603813794391375, ""fm1_leg_over_torso_p50"": 1.3567869860924597, ""fm1_reasons"": """", ""fm1_shin_verticality_p50"": 0.983282012593045, ""fm1_sitting_file"": false, ""fm1_sitting_participant"": false, ""fm1_unit"": ""0042@0254"", ""fm1_unit_basis"": ""none"", ""fm2_in_frame_and_valid_frac"": 1.0, ""fm2_pass_frac_round3_joints_only"": 1.0, ""fm2_smplh_valid_frac"": 1.0, ""fm2_surface_correction_px_p50"": 42.747987956626275, ""fm2_vertex_worst_inset_min_px"": 123.08339997206758, ""fm2_violation_run_max_frames"": 0.0, ""fm2_violation_runs"": 0.0, ""fm2_windowed_pass_frac"": 1.0, ""fm3_static_frac"": 0.006862745098039216, ""observed_duration_s"": 238.0, ""reproj_px_p50"": 21.333939950967157, ""reproj_shoulder_widths_p50"": 0.07159638516049441, ""round3_gallery_group"": ""pass_naturalistic"", ""unit_files"": 2.0, ""unit_flagged_frac"": 0.0, ""unit_hip_flexion_min"": 142.59627680882144, ""unit_knee_between_min"": 0.5235983416946974}",render
r4_043,recheck_pass_043_V00_S0347_I00000130_P0467_f0001898,V00_S0347_I00000130_P0467,naturalistic/dev/0000/0014/V00_S0347_I00000130_P0467,naturalistic/dev/0000/0004/V00_S0347_I00000130_P0466,recheck_pass,recheck,naturalistic,1898,V00,naturalistic,dev,ipc_conversation,shown in Round 3 as flagged_fm2_framing; re-judged under the Round-4 detectors,"{""clip_anchored_on_fm2_violation"": false, ""flag_count"": 0, ""flags_fired"": """", ""fm1_hip_flexion_deg_p50"": 135.54461297147236, ""fm1_knee_between_torso_p50"": 0.5495631008707731, ""fm1_leg_over_torso_p50"": 1.022509672588375, ""fm1_reasons"": """", ""fm1_shin_verticality_p50"": 0.9912278764874163, ""fm1_sitting_file"": false, ""fm1_sitting_participant"": false, ""fm1_unit"": ""0467@0347"", ""fm1_unit_basis"": ""none"", ""fm2_in_frame_and_valid_frac"": 0.9981182795698925, ""fm2_pass_frac_round3_joints_only"": 0.9986559139784946, ""fm2_smplh_valid_frac"": 1.0, ""fm2_surface_correction_px_p50"": 45.79308474000277, ""fm2_vertex_worst_inset_min_px"": -9.059140801414514, ""fm2_violation_run_max_frames"": 5.0, ""fm2_violation_runs"": 2.0, ""fm2_windowed_pass_frac"": 0.75, ""fm3_static_frac"": 0.4962365591397849, ""observed_duration_s"": 124.0, ""reproj_px_p50"": 34.00378681335352, ""reproj_shoulder_widths_p50"": 0.08131946663229299, ""round3_gallery_group"": ""flagged_fm2_framing"", ""unit_files"": 5.0, ""unit_flagged_frac"": 0.0, ""unit_hip_flexion_min"": 134.84403798420237, ""unit_knee_between_min"": 0.5448308042323952}",render
r4_044,recheck_pass_044_V00_S0395_I00000140_P0527_f0004073,V00_S0395_I00000140_P0527,naturalistic/train/0010/0000/V00_S0395_I00000140_P0527,naturalistic/train/0010/0042/V00_S0395_I00000140_P0383,recheck_pass,recheck,naturalistic,4073,V00,naturalistic,train,ipc_conversation,shown in Round 3 as pass_naturalistic; re-judged under the Round-4 detectors,"{""clip_anchored_on_fm2_violation"": false, ""flag_count"": 0, ""flags_fired"": """", ""fm1_hip_flexion_deg_p50"": 159.43667162116338, ""fm1_knee_between_torso_p50"": 0.5535280016933184, ""fm1_leg_over_torso_p50"": 1.3840447419139656, ""fm1_reasons"": """", ""fm1_shin_verticality_p50"": 0.9996714242427083, ""fm1_sitting_file"": false, ""fm1_sitting_participant"": false, ""fm1_unit"": ""0527@0395"", ""fm1_unit_basis"": ""none"", ""fm2_in_frame_and_valid_frac"": 1.0, ""fm2_pass_frac_round3_joints_only"": 1.0, ""fm2_smplh_valid_frac"": 1.0, ""fm2_surface_correction_px_p50"": 37.84713804602222, ""fm2_vertex_worst_inset_min_px"": 34.02266445634541, ""fm2_violation_run_max_frames"": 0.0, ""fm2_violation_runs"": 0.0, ""fm2_windowed_pass_frac"": 1.0, ""fm3_static_frac"": 0.47719298245614034, ""observed_duration_s"": 190.0, ""reproj_px_p50"": 34.75954064057521, ""reproj_shoulder_widths_p50"": 0.109877175043013, ""round3_gallery_group"": ""pass_naturalistic"", ""unit_files"": 4.0, ""unit_flagged_frac"": 0.0, ""unit_hip_flexion_min"": 158.69402187833333, ""unit_knee_between_min"": 0.5499519153142292}",render
r4_045,recheck_fm2_smplh_invalid_045_V00_S0595_I00000383_P0298_f0000937,V00_S0595_I00000383_P0298,naturalistic/train/0017/0035/V00_S0595_I00000383_P0298,naturalistic/train/0017/0032/V00_S0595_I00000383_P0751,recheck_fm2_smplh_invalid,recheck,naturalistic,937,V00,naturalistic,train,ipc_conversation,shown in Round 3 as flagged_fm2_framing; re-judged under the Round-4 detectors,"{""clip_anchored_on_fm2_violation"": true, ""flag_count"": 1, ""flags_fired"": ""fm2_smplh_invalid"", ""fm1_hip_flexion_deg_p50"": 148.4206650005904, ""fm1_knee_between_torso_p50"": 0.5814578378323487, ""fm1_leg_over_torso_p50"": 1.260320775929856, ""fm1_reasons"": """", ""fm1_shin_verticality_p50"": 0.9684930075351916, ""fm1_sitting_file"": false, ""fm1_sitting_participant"": false, ""fm1_unit"": ""0298@0595"", ""fm1_unit_basis"": ""none"", ""fm2_in_frame_and_valid_frac"": 0.9869402985074627, ""fm2_pass_frac_round3_joints_only"": 0.9879353233830845, ""fm2_smplh_valid_frac"": 0.9916666666666667, ""fm2_surface_correction_px_p50"": 34.114481492839786, ""fm2_vertex_worst_inset_min_px"": -26.920036151939826, ""fm2_violation_run_max_frames"": 12.0, ""fm2_violation_runs"": 38.0, ""fm2_windowed_pass_frac"": 0.5, ""fm3_static_frac"": 0.010199004975124378, ""observed_duration_s"": 268.0, ""reproj_px_p50"": 23.582191247706653, ""reproj_shoulder_widths_p50"": 0.0703559700170181, ""round3_gallery_group"": ""flagged_fm2_framing"", ""unit_files"": 3.0, ""unit_flagged_frac"": 0.0, ""unit_hip_flexion_min"": 148.4206650005904, ""unit_knee_between_min"": 0.5814578378323487}",render
r4_046,recheck_pass_046_V00_S0874_I00000131_P0185A_f0002781,V00_S0874_I00000131_P0185A,improvised/train/0018/0007/V00_S0874_I00000131_P0185A,improvised/train/0018/0031/V00_S0874_I00000131_P0986,recheck_pass,recheck,improvised,2781,V00,improvised,train,ipc_conversation,shown in Round 3 as pass_improvised; re-judged under the Round-4 detectors,"{""clip_anchored_on_fm2_violation"": false, ""flag_count"": 0, ""flags_fired"": """", ""fm1_hip_flexion_deg_p50"": 143.36433995472703, ""fm1_knee_between_torso_p50"": 0.5671741635848185, ""fm1_leg_over_torso_p50"": 1.0155545769606618, ""fm1_reasons"": """", ""fm1_shin_verticality_p50"": 0.9980525784828886, ""fm1_sitting_file"": false, ""fm1_sitting_participant"": false, ""fm1_unit"": ""0185A@0874"", ""fm1_unit_basis"": ""none"", ""fm2_in_frame_and_valid_frac"": 1.0, ""fm2_pass_frac_round3_joints_only"": 1.0, ""fm2_smplh_valid_frac"": 1.0, ""fm2_surface_correction_px_p50"": 34.27939534567784, ""fm2_vertex_worst_inset_min_px"": 68.29616541926765, ""fm2_violation_run_max_frames"": 0.0, ""fm2_violation_runs"": 0.0, ""fm2_windowed_pass_frac"": 1.0, ""fm3_static_frac"": 0.05134099616858238, ""observed_duration_s"": 174.0, ""reproj_px_p50"": 36.50204042601547, ""reproj_shoulder_widths_p50"": 0.11138571776521537, ""round3_gallery_group"": ""pass_improvised"", ""unit_files"": 2.0, ""unit_flagged_frac"": 0.0, ""unit_hip_flexion_min"": 135.0279014841833, ""unit_knee_between_min"": 0.5299345424531814}",render
r4_047,recheck_pass_047_V00_S1405_I00000659_P0825A_f0002892,V00_S1405_I00000659_P0825A,improvised/train/0032/0003/V00_S1405_I00000659_P0825A,improvised/train/0032/0051/V00_S1405_I00000659_P1024A,recheck_pass,recheck,improvised,2892,V00,improvised,train,ipc_conversation,shown in Round 3 as pass_improvised; re-judged under the Round-4 detectors,"{""clip_anchored_on_fm2_violation"": false, ""flag_count"": 0, ""flags_fired"": """", ""fm1_hip_flexion_deg_p50"": 144.52067098788515, ""fm1_knee_between_torso_p50"": 0.5934932546324797, ""fm1_leg_over_torso_p50"": 1.046143530065898, ""fm1_reasons"": """", ""fm1_shin_verticality_p50"": 0.99948011557767, ""fm1_sitting_file"": false, ""fm1_sitting_participant"": false, ""fm1_unit"": ""0825A@1405"", ""fm1_unit_basis"": ""none"", ""fm2_in_frame_and_valid_frac"": 1.0, ""fm2_pass_frac_round3_joints_only"": 1.0, ""fm2_smplh_valid_frac"": 1.0, ""fm2_surface_correction_px_p50"": 70.67267828906972, ""fm2_vertex_worst_inset_min_px"": 98.37477103816059, ""fm2_violation_run_max_frames"": 0.0, ""fm2_violation_runs"": 0.0, ""fm2_windowed_pass_frac"": 1.0, ""fm3_static_frac"": 0.37620967741935485, ""observed_duration_s"": 248.0, ""reproj_px_p50"": 34.942373473368264, ""reproj_shoulder_widths_p50"": 0.12016513278315018, ""round3_gallery_group"": ""pass_improvised"", ""unit_files"": 1.0, ""unit_flagged_frac"": 0.0, ""unit_hip_flexion_min"": 144.52067098788515, ""unit_knee_between_min"": 0.5934932546324797}",render
r4_048,recheck_fm2_smplh_invalid_048_V00_S1783_I00000723_P0744_f0001748,V00_S1783_I00000723_P0744,improvised/train/0044/0044/V00_S1783_I00000723_P0744,improvised/train/0044/0013/V00_S1783_I00000723_P1115A,recheck_fm2_smplh_invalid,recheck,improvised,1748,V00,improvised,train,ipc_conversation,shown in Round 3 as flagged_fm2_framing; re-judged under the Round-4 detectors,"{""clip_anchored_on_fm2_violation"": true, ""flag_count"": 1, ""flags_fired"": ""fm2_smplh_invalid"", ""fm1_hip_flexion_deg_p50"": 166.4929688731752, ""fm1_knee_between_torso_p50"": 0.546381571025581, ""fm1_leg_over_torso_p50"": 1.5103898498925288, ""fm1_reasons"": """", ""fm1_shin_verticality_p50"": 0.9988123420650481, ""fm1_sitting_file"": false, ""fm1_sitting_participant"": false, ""fm1_unit"": ""0744@1783"", ""fm1_unit_basis"": ""none"", ""fm2_in_frame_and_valid_frac"": 0.9765151515151516, ""fm2_pass_frac_round3_joints_only"": 0.9765151515151516, ""fm2_smplh_valid_frac"": 0.9772727272727273, ""fm2_surface_correction_px_p50"": 26.96916277499008, ""fm2_vertex_worst_inset_min_px"": -21.84492035527137, ""fm2_violation_run_max_frames"": 13.0, ""fm2_violation_runs"": 96.0, ""fm2_windowed_pass_frac"": 0.5, ""fm3_static_frac"": 0.0005411255411255411, ""observed_duration_s"": 308.0, ""reproj_px_p50"": 15.229718968112435, ""reproj_shoulder_widths_p50"": 0.05475611138525214, ""round3_gallery_group"": ""flagged_fm2_framing"", ""unit_files"": 1.0, ""unit_flagged_frac"": 0.0, ""unit_hip_flexion_min"": 166.4929688731752, ""unit_knee_between_min"": 0.546381571025581}",render
r4_049,recheck_pass_049_V00_S2006_I00001211_P1261A_f0003677,V00_S2006_I00001211_P1261A,improvised/train/0048/0015/V00_S2006_I00001211_P1261A,improvised/train/0048/0021/V00_S2006_I00001211_P1262A,recheck_pass,recheck,improvised,3677,V00,improvised,train,ipc_conversation,shown in Round 3 as pass_improvised; re-judged under the Round-4 detectors,"{""clip_anchored_on_fm2_violation"": false, ""flag_count"": 0, ""flags_fired"": """", ""fm1_hip_flexion_deg_p50"": 157.86957120109238, ""fm1_knee_between_torso_p50"": 0.5397336224845912, ""fm1_leg_over_torso_p50"": 1.3604731507731649, ""fm1_reasons"": """", ""fm1_shin_verticality_p50"": 0.999653920211243, ""fm1_sitting_file"": false, ""fm1_sitting_participant"": false, ""fm1_unit"": ""1261A@2006"", ""fm1_unit_basis"": ""none"", ""fm2_in_frame_and_valid_frac"": 0.9995061728395062, ""fm2_pass_frac_round3_joints_only"": 1.0, ""fm2_smplh_valid_frac"": 1.0, ""fm2_surface_correction_px_p50"": 38.14033129322172, ""fm2_vertex_worst_inset_min_px"": 5.481245550927724, ""fm2_violation_run_max_frames"": 3.0, ""fm2_violation_runs"": 2.0, ""fm2_windowed_pass_frac"": 1.0, ""fm3_static_frac"": 0.34444444444444444, ""observed_duration_s"": 270.0, ""reproj_px_p50"": 17.539585050460758, ""reproj_shoulder_widths_p50"": 0.05758673628296416, ""round3_gallery_group"": ""pass_improvised"", ""unit_files"": 3.0, ""unit_flagged_frac"": 0.0, ""unit_hip_flexion_min"": 156.50506304607865, ""unit_knee_between_min"": 0.5383941981645569}",render
r4_050,recheck_pass_050_V00_S0624_I00000139_P0560_f0000482,V00_S0624_I00000139_P0560,naturalistic/train/0018/0004/V00_S0624_I00000139_P0560,naturalistic/train/0018/0044/V00_S0624_I00000139_P0777,recheck_pass,recheck,naturalistic,482,V00,naturalistic,train,ipc_conversation,shown in Round 3 as pass_naturalistic; re-judged under the Round-4 detectors,"{""clip_anchored_on_fm2_violation"": false, ""flag_count"": 0, ""flags_fired"": """", ""fm1_hip_flexion_deg_p50"": 140.44923891234396, ""fm1_knee_between_torso_p50"": 0.5008636328419709, ""fm1_leg_over_torso_p50"": 1.462663294482574, ""fm1_reasons"": """", ""fm1_shin_verticality_p50"": 0.9996144249515272, ""fm1_sitting_file"": false, ""fm1_sitting_participant"": false, ""fm1_unit"": ""0560@0624"", ""fm1_unit_basis"": ""none"", ""fm2_in_frame_and_valid_frac"": 1.0, ""fm2_pass_frac_round3_joints_only"": 1.0, ""fm2_smplh_valid_frac"": 1.0, ""fm2_surface_correction_px_p50"": 49.67886684266227, ""fm2_vertex_worst_inset_min_px"": 62.7127931783607, ""fm2_violation_run_max_frames"": 0.0, ""fm2_violation_runs"": 0.0, ""fm2_windowed_pass_frac"": 1.0, ""fm3_static_frac"": 0.46226415094339623, ""observed_duration_s"": 106.0, ""reproj_px_p50"": 19.181966644403616, ""reproj_shoulder_widths_p50"": 0.0586536333945602, ""round3_gallery_group"": ""pass_naturalistic"", ""unit_files"": 4.0, ""unit_flagged_frac"": 0.0, ""unit_hip_flexion_min"": 138.11899093857465, ""unit_knee_between_min"": 0.4890839403805033}",render
r4_051,recheck_pass_051_V00_S0503_I00000381_P0120_f0000007,V00_S0503_I00000381_P0120,naturalistic/train/0013/0027/V00_S0503_I00000381_P0120,naturalistic/train/0013/0012/V00_S0503_I00000381_P0645,recheck_pass,recheck,naturalistic,7,V00,naturalistic,train,ipc_conversation,shown in Round 3 as pass_naturalistic; re-judged under the Round-4 detectors,"{""clip_anchored_on_fm2_violation"": false, ""flag_count"": 0, ""flags_fired"": """", ""fm1_hip_flexion_deg_p50"": 156.4900025940259, ""fm1_knee_between_torso_p50"": 0.582868658408344, ""fm1_leg_over_torso_p50"": 1.2200824569395756, ""fm1_reasons"": """", ""fm1_shin_verticality_p50"": 0.9748584655871041, ""fm1_sitting_file"": false, ""fm1_sitting_participant"": false, ""fm1_unit"": ""0120@0503"", ""fm1_unit_basis"": ""none"", ""fm2_in_frame_and_valid_frac"": 1.0, ""fm2_pass_frac_round3_joints_only"": 1.0, ""fm2_smplh_valid_frac"": 1.0, ""fm2_surface_correction_px_p50"": 37.45447275532308, ""fm2_vertex_worst_inset_min_px"": 107.34080562204508, ""fm2_violation_run_max_frames"": 0.0, ""fm2_violation_runs"": 0.0, ""fm2_windowed_pass_frac"": 1.0, ""fm3_static_frac"": 0.5609289617486338, ""observed_duration_s"": 122.0, ""reproj_px_p50"": 39.75535181011085, ""reproj_shoulder_widths_p50"": 0.12825872973008356, ""round3_gallery_group"": ""pass_naturalistic"", ""unit_files"": 2.0, ""unit_flagged_frac"": 0.0, ""unit_hip_flexion_min"": 154.43489095846627, ""unit_knee_between_min"": 0.5647024097686992}",render
r4_052,recheck_pass_052_V00_S1670_I00001153_P1151A_f0004033,V00_S1670_I00001153_P1151A,improvised/train/0041/0038/V00_S1670_I00001153_P1151A,improvised/train/0041/0002/V00_S1670_I00001153_P1114A,recheck_pass,recheck,improvised,4033,V00,improvised,train,ipc_conversation,shown in Round 3 as pass_improvised; re-judged under the Round-4 detectors,"{""clip_anchored_on_fm2_violation"": false, ""flag_count"": 0, ""flags_fired"": """", ""fm1_hip_flexion_deg_p50"": 156.85182932115885, ""fm1_knee_between_torso_p50"": 0.5323755657718595, ""fm1_leg_over_torso_p50"": 1.4639283455467542, ""fm1_reasons"": """", ""fm1_shin_verticality_p50"": 0.9988123556400571, ""fm1_sitting_file"": false, ""fm1_sitting_participant"": false, ""fm1_unit"": ""1151A@1670"", ""fm1_unit_basis"": ""none"", ""fm2_in_frame_and_valid_frac"": 1.0, ""fm2_pass_frac_round3_joints_only"": 1.0, ""fm2_smplh_valid_frac"": 1.0, ""fm2_surface_correction_px_p50"": 29.491710797489645, ""fm2_vertex_worst_inset_min_px"": 16.057791835582975, ""fm2_violation_run_max_frames"": 0.0, ""fm2_violation_runs"": 0.0, ""fm2_windowed_pass_frac"": 1.0, ""fm3_static_frac"": 0.1719047619047619, ""observed_duration_s"": 280.0, ""reproj_px_p50"": 11.731597879477823, ""reproj_shoulder_widths_p50"": 0.03918950652409792, ""round3_gallery_group"": ""pass_improvised"", ""unit_files"": 1.0, ""unit_flagged_frac"": 0.0, ""unit_hip_flexion_min"": 156.85182932115885, ""unit_knee_between_min"": 0.5323755657718595}",render
r4_053,recheck_pass_053_V00_S0058_I00000479_P0027A_f0000003,V00_S0058_I00000479_P0027A,improvised/train/0000/0030/V00_S0058_I00000479_P0027A,improvised/train/0000/0031/V00_S0058_I00000479_P0088,recheck_pass,recheck,improvised,3,V00,improvised,train,ipc_conversation,shown in Round 3 as pass_improvised; re-judged under the Round-4 detectors,"{""clip_anchored_on_fm2_violation"": false, ""flag_count"": 0, ""flags_fired"": """", ""fm1_hip_flexion_deg_p50"": 136.83587891313033, ""fm1_knee_between_torso_p50"": 0.4853403179382408, ""fm1_leg_over_torso_p50"": 1.372050424028218, ""fm1_reasons"": """", ""fm1_shin_verticality_p50"": 0.9986876677240853, ""fm1_sitting_file"": false, ""fm1_sitting_participant"": false, ""fm1_unit"": ""0027A@0058"", ""fm1_unit_basis"": ""none"", ""fm2_in_frame_and_valid_frac"": 1.0, ""fm2_pass_frac_round3_joints_only"": 1.0, ""fm2_smplh_valid_frac"": 1.0, ""fm2_surface_correction_px_p50"": 41.052966373180425, ""fm2_vertex_worst_inset_min_px"": 63.52280925471746, ""fm2_violation_run_max_frames"": 0.0, ""fm2_violation_runs"": 0.0, ""fm2_windowed_pass_frac"": 1.0, ""fm3_static_frac"": 0.39316666666666666, ""observed_duration_s"": 200.0, ""reproj_px_p50"": 17.866265488360412, ""reproj_shoulder_widths_p50"": 0.05756226248882476, ""round3_gallery_group"": ""pass_improvised"", ""unit_files"": 2.0, ""unit_flagged_frac"": 0.0, ""unit_hip_flexion_min"": 136.83587891313033, ""unit_knee_between_min"": 0.4853403179382408}",render
r4_054,recheck_pass_054_V00_S0134_I00000484_P0003A_f0003328,V00_S0134_I00000484_P0003A,improvised/train/0002/0003/V00_S0134_I00000484_P0003A,improvised/train/0002/0025/V00_S0134_I00000484_P0195,recheck_pass,recheck,improvised,3328,V00,improvised,train,ipc_conversation,shown in Round 3 as pass_improvised; re-judged under the Round-4 detectors,"{""clip_anchored_on_fm2_violation"": false, ""flag_count"": 0, ""flags_fired"": """", ""fm1_hip_flexion_deg_p50"": 140.51784310594712, ""fm1_knee_between_torso_p50"": 0.5099163692923748, ""fm1_leg_over_torso_p50"": 1.3368790942576447, ""fm1_reasons"": """", ""fm1_shin_verticality_p50"": 0.9985422783645331, ""fm1_sitting_file"": false, ""fm1_sitting_participant"": false, ""fm1_unit"": ""0003A@0134"", ""fm1_unit_basis"": ""none"", ""fm2_in_frame_and_valid_frac"": 1.0, ""fm2_pass_frac_round3_joints_only"": 1.0, ""fm2_smplh_valid_frac"": 1.0, ""fm2_surface_correction_px_p50"": 36.82362006100084, ""fm2_vertex_worst_inset_min_px"": 135.0143440362574, ""fm2_violation_run_max_frames"": 0.0, ""fm2_violation_runs"": 0.0, ""fm2_windowed_pass_frac"": 1.0, ""fm3_static_frac"": 0.5468888888888889, ""observed_duration_s"": 150.0, ""reproj_px_p50"": 15.576584466807516, ""reproj_shoulder_widths_p50"": 0.046579286253411276, ""round3_gallery_group"": ""pass_improvised"", ""unit_files"": 2.0, ""unit_flagged_frac"": 0.0, ""unit_hip_flexion_min"": 140.51784310594712, ""unit_knee_between_min"": 0.5099163692923748}",render
r4_055,recheck_fm3_static_hands_055_V00_S0158_I00000484_P0228_f0000547,V00_S0158_I00000484_P0228,improvised/train/0003/0014/V00_S0158_I00000484_P0228,improvised/train/0003/0034/V00_S0158_I00000484_P0004A,recheck_fm3_static_hands,recheck,improvised,547,V00,improvised,train,ipc_conversation,shown in Round 3 as flagged_fm3_static_hands; re-judged under the Round-4 detectors,"{""clip_anchored_on_fm2_violation"": false, ""flag_count"": 1, ""flags_fired"": ""fm3_static_hands"", ""fm1_hip_flexion_deg_p50"": 128.80875308749847, ""fm1_knee_between_torso_p50"": 0.5140294232289702, ""fm1_leg_over_torso_p50"": 1.111004858487429, ""fm1_reasons"": """", ""fm1_shin_verticality_p50"": 0.9981685005286217, ""fm1_sitting_file"": false, ""fm1_sitting_participant"": false, ""fm1_unit"": ""0228@0158"", ""fm1_unit_basis"": ""none"", ""fm2_in_frame_and_valid_frac"": 1.0, ""fm2_pass_frac_round3_joints_only"": 1.0, ""fm2_smplh_valid_frac"": 1.0, ""fm2_surface_correction_px_p50"": 39.96516883017097, ""fm2_vertex_worst_inset_min_px"": 156.89420639165837, ""fm2_violation_run_max_frames"": 0.0, ""fm2_violation_runs"": 0.0, ""fm2_windowed_pass_frac"": 1.0, ""fm3_static_frac"": 0.7636574074074074, ""observed_duration_s"": 144.0, ""reproj_px_p50"": 20.342429803070218, ""reproj_shoulder_widths_p50"": 0.06491025042979308, ""round3_gallery_group"": ""flagged_fm3_static_hands"", ""unit_files"": 1.0, ""unit_flagged_frac"": 0.0, ""unit_hip_flexion_min"": 128.80875308749847, ""unit_knee_between_min"": 0.5140294232289702}",render
r4_056,recheck_pass_056_V00_S1670_I00001159_P1114A_f0001118,V00_S1670_I00001159_P1114A,improvised/train/0041/0020/V00_S1670_I00001159_P1114A,improvised/train/0041/0053/V00_S1670_I00001159_P1151A,recheck_pass,recheck,improvised,1118,V00,improvised,train,ipc_conversation,shown in Round 3 as pass_improvised; re-judged under the Round-4 detectors,"{""clip_anchored_on_fm2_violation"": false, ""flag_count"": 0, ""flags_fired"": """", ""fm1_hip_flexion_deg_p50"": 156.90043682050833, ""fm1_knee_between_torso_p50"": 0.5793643660759292, ""fm1_leg_over_torso_p50"": 1.1541197395631946, ""fm1_reasons"": """", ""fm1_shin_verticality_p50"": 0.9999999999999732, ""fm1_sitting_file"": false, ""fm1_sitting_participant"": false, ""fm1_unit"": ""1114A@1670"", ""fm1_unit_basis"": ""none"", ""fm2_in_frame_and_valid_frac"": 1.0, ""fm2_pass_frac_round3_joints_only"": 1.0, ""fm2_smplh_valid_frac"": 1.0, ""fm2_surface_correction_px_p50"": 39.527011850269105, ""fm2_vertex_worst_inset_min_px"": 61.28374494728064, ""fm2_violation_run_max_frames"": 0.0, ""fm2_violation_runs"": 0.0, ""fm2_windowed_pass_frac"": 1.0, ""fm3_static_frac"": 0.004279279279279279, ""observed_duration_s"": 148.0, ""reproj_px_p50"": 48.066840220090114, ""reproj_shoulder_widths_p50"": 0.1399479696098485, ""round3_gallery_group"": ""pass_improvised"", ""unit_files"": 1.0, ""unit_flagged_frac"": 0.0, ""unit_hip_flexion_min"": 156.90043682050833, ""unit_knee_between_min"": 0.5793643660759292}",render
r4_057,recheck_fm2_smplh_invalid_057_V00_S0422_I00000497_P0556_f0000133,V00_S0422_I00000497_P0556,naturalistic/train/0011/0026/V00_S0422_I00000497_P0556,naturalistic/train/0011/0036/V00_S0422_I00000497_P0557,recheck_fm2_smplh_invalid,recheck,naturalistic,133,V00,naturalistic,train,grounded_gesture,shown in Round 3 as flagged_multi; re-judged under the Round-4 detectors,"{""clip_anchored_on_fm2_violation"": true, ""flag_count"": 1, ""flags_fired"": ""fm2_smplh_invalid"", ""fm1_hip_flexion_deg_p50"": 142.5457408271581, ""fm1_knee_between_torso_p50"": 0.5919399192959084, ""fm1_leg_over_torso_p50"": 1.061524188762168, ""fm1_reasons"": """", ""fm1_shin_verticality_p50"": 0.9994449116619353, ""fm1_sitting_file"": false, ""fm1_sitting_participant"": false, ""fm1_unit"": ""0556@0422"", ""fm1_unit_basis"": ""none"", ""fm2_in_frame_and_valid_frac"": 0.9775599128540305, ""fm2_pass_frac_round3_joints_only"": 0.9785403050108933, ""fm2_smplh_valid_frac"": 0.9891067538126361, ""fm2_surface_correction_px_p50"": 44.070674494792, ""fm2_vertex_worst_inset_min_px"": -230.706662213478, ""fm2_violation_run_max_frames"": 59.0, ""fm2_violation_runs"": 11.0, ""fm2_windowed_pass_frac"": 0.3, ""fm3_static_frac"": 0.33061002178649235, ""observed_duration_s"": 306.0, ""reproj_px_p50"": 42.04271977684682, ""reproj_shoulder_widths_p50"": 0.12545121292379452, ""round3_gallery_group"": ""flagged_multi"", ""unit_files"": 2.0, ""unit_flagged_frac"": 0.0, ""unit_hip_flexion_min"": 142.5457408271581, ""unit_knee_between_min"": 0.5882950859539662}",render
r4_058,recheck_pass_058_V00_S0801_I00000130_P0942_f0000959,V00_S0801_I00000130_P0942,naturalistic/train/0022/0005/V00_S0801_I00000130_P0942,naturalistic/train/0022/0030/V00_S0801_I00000130_P0941,recheck_pass,recheck,naturalistic,959,V00,naturalistic,train,ipc_conversation,shown in Round 3 as flagged_fm4_mutual_silence; re-judged under the Round-4 detectors,"{""clip_anchored_on_fm2_violation"": false, ""flag_count"": 0, ""flags_fired"": """", ""fm1_hip_flexion_deg_p50"": 156.2573286562583, ""fm1_knee_between_torso_p50"": 0.5530744191643235, ""fm1_leg_over_torso_p50"": 1.411505864529647, ""fm1_reasons"": """", ""fm1_shin_verticality_p50"": 0.9958932311218243, ""fm1_sitting_file"": false, ""fm1_sitting_participant"": false, ""fm1_unit"": ""0942@0801"", ""fm1_unit_basis"": ""none"", ""fm2_in_frame_and_valid_frac"": 1.0, ""fm2_pass_frac_round3_joints_only"": 1.0, ""fm2_smplh_valid_frac"": 1.0, ""fm2_surface_correction_px_p50"": 38.36412481034779, ""fm2_vertex_worst_inset_min_px"": 160.57190586720685, ""fm2_violation_run_max_frames"": 0.0, ""fm2_violation_runs"": 0.0, ""fm2_windowed_pass_frac"": 1.0, ""fm3_static_frac"": 0.7184615384615385, ""observed_duration_s"": 130.0, ""reproj_px_p50"": 15.974112680641852, ""reproj_shoulder_widths_p50"": 0.05200052906080058, ""round3_gallery_group"": ""flagged_fm4_mutual_silence"", ""unit_files"": 2.0, ""unit_flagged_frac"": 0.0, ""unit_hip_flexion_min"": 151.81349696408097, ""unit_knee_between_min"": 0.5346723082379574}",render
r4_059,recheck_pass_059_V00_S0877_I00000535_P0989_f0000301,V00_S0877_I00000535_P0989,improvised/train/0018/0002/V00_S0877_I00000535_P0989,improvised/train/0018/0011/V00_S0877_I00000535_P0028A,recheck_pass,recheck,improvised,301,V00,improvised,train,ipc_conversation,shown in Round 3 as flagged_fm4_mutual_silence; re-judged under the Round-4 detectors,"{""clip_anchored_on_fm2_violation"": false, ""flag_count"": 0, ""flags_fired"": """", ""fm1_hip_flexion_deg_p50"": 147.00322037470264, ""fm1_knee_between_torso_p50"": 0.602026157159107, ""fm1_leg_over_torso_p50"": 1.0616500631721473, ""fm1_reasons"": """", ""fm1_shin_verticality_p50"": 1.0, ""fm1_sitting_file"": false, ""fm1_sitting_participant"": false, ""fm1_unit"": ""0989@0877"", ""fm1_unit_basis"": ""none"", ""fm2_in_frame_and_valid_frac"": 1.0, ""fm2_pass_frac_round3_joints_only"": 1.0, ""fm2_smplh_valid_frac"": 1.0, ""fm2_surface_correction_px_p50"": 42.844582628398825, ""fm2_vertex_worst_inset_min_px"": 20.309851674234096, ""fm2_violation_run_max_frames"": 0.0, ""fm2_violation_runs"": 0.0, ""fm2_windowed_pass_frac"": 1.0, ""fm3_static_frac"": 0.7356540084388186, ""observed_duration_s"": 158.0, ""reproj_px_p50"": 37.604888090562795, ""reproj_shoulder_widths_p50"": 0.11344800406976456, ""round3_gallery_group"": ""flagged_fm4_mutual_silence"", ""unit_files"": 1.0, ""unit_flagged_frac"": 0.0, ""unit_hip_flexion_min"": 147.00322037470264, ""unit_knee_between_min"": 0.602026157159107}",render
r4_060,recheck_pass_060_V00_S1408_I00000526_P1103A_f0002957,V00_S1408_I00000526_P1103A,improvised/train/0032/0015/V00_S1408_I00000526_P1103A,improvised/train/0032/0000/V00_S1408_I00000526_P0476,recheck_pass,recheck,improvised,2957,V00,improvised,train,grounded_gesture,shown in Round 3 as flagged_fm4_mutual_silence; re-judged under the Round-4 detectors,"{""clip_anchored_on_fm2_violation"": false, ""flag_count"": 0, ""flags_fired"": """", ""fm1_hip_flexion_deg_p50"": 123.47114386385854, ""fm1_knee_between_torso_p50"": 0.5177626349048896, ""fm1_leg_over_torso_p50"": 0.9999995826992227, ""fm1_reasons"": """", ""fm1_shin_verticality_p50"": 0.9993628559758063, ""fm1_sitting_file"": false, ""fm1_sitting_participant"": false, ""fm1_unit"": ""1103A@1408"", ""fm1_unit_basis"": ""none"", ""fm2_in_frame_and_valid_frac"": 1.0, ""fm2_pass_frac_round3_joints_only"": 1.0, ""fm2_smplh_valid_frac"": 1.0, ""fm2_surface_correction_px_p50"": 45.00385185744028, ""fm2_vertex_worst_inset_min_px"": 214.04185775422025, ""fm2_violation_run_max_frames"": 0.0, ""fm2_violation_runs"": 0.0, ""fm2_windowed_pass_frac"": 1.0, ""fm3_static_frac"": 0.6140845070422535, ""observed_duration_s"": 142.0, ""reproj_px_p50"": 12.78957992319627, ""reproj_shoulder_widths_p50"": 0.0386744675714782, ""round3_gallery_group"": ""flagged_fm4_mutual_silence"", ""unit_files"": 1.0, ""unit_flagged_frac"": 0.0, ""unit_hip_flexion_min"": 123.47114386385854, ""unit_knee_between_min"": 0.5177626349048896}",render
r4_061,recheck_pass_061_V00_S0597_I00000484_P0756_f0004451,V00_S0597_I00000484_P0756,naturalistic/train/0017/0022/V00_S0597_I00000484_P0756,naturalistic/train/0017/0033/V00_S0597_I00000484_P0755,recheck_pass,recheck,naturalistic,4451,V00,naturalistic,train,ipc_conversation,shown in Round 3 as pass_naturalistic; re-judged under the Round-4 detectors,"{""clip_anchored_on_fm2_violation"": false, ""flag_count"": 0, ""flags_fired"": """", ""fm1_hip_flexion_deg_p50"": 162.69104961721845, ""fm1_knee_between_torso_p50"": 0.6086271787592827, ""fm1_leg_over_torso_p50"": 1.2262309073964337, ""fm1_reasons"": """", ""fm1_shin_verticality_p50"": 0.9995920861117699, ""fm1_sitting_file"": false, ""fm1_sitting_participant"": false, ""fm1_unit"": ""0756@0597"", ""fm1_unit_basis"": ""none"", ""fm2_in_frame_and_valid_frac"": 1.0, ""fm2_pass_frac_round3_joints_only"": 1.0, ""fm2_smplh_valid_frac"": 1.0, ""fm2_surface_correction_px_p50"": 45.576887262776836, ""fm2_vertex_worst_inset_min_px"": 99.23206876943345, ""fm2_violation_run_max_frames"": 0.0, ""fm2_violation_runs"": 0.0, ""fm2_windowed_pass_frac"": 1.0, ""fm3_static_frac"": 0.747411003236246, ""observed_duration_s"": 206.0, ""reproj_px_p50"": 43.61306994366855, ""reproj_shoulder_widths_p50"": 0.13461838433739942, ""round3_gallery_group"": ""pass_naturalistic"", ""unit_files"": 3.0, ""unit_flagged_frac"": 0.0, ""unit_hip_flexion_min"": 156.5617321508264, ""unit_knee_between_min"": 0.6086271787592827}",render
r4_062,recheck_pass_062_V00_S0625_I00000138_P0782_f0000676,V00_S0625_I00000138_P0782,naturalistic/train/0018/0037/V00_S0625_I00000138_P0782,naturalistic/train/0018/0043/V00_S0625_I00000138_P0781,recheck_pass,recheck,naturalistic,676,V00,naturalistic,train,ipc_conversation,shown in Round 3 as pass_naturalistic; re-judged under the Round-4 detectors,"{""clip_anchored_on_fm2_violation"": false, ""flag_count"": 0, ""flags_fired"": """", ""fm1_hip_flexion_deg_p50"": 149.30766991454686, ""fm1_knee_between_torso_p50"": 0.522089057990427, ""fm1_leg_over_torso_p50"": 1.5853550163674304, ""fm1_reasons"": """", ""fm1_shin_verticality_p50"": 0.999567761022734, ""fm1_sitting_file"": false, ""fm1_sitting_participant"": false, ""fm1_unit"": ""0782@0625"", ""fm1_unit_basis"": ""none"", ""fm2_in_frame_and_valid_frac"": 1.0, ""fm2_pass_frac_round3_joints_only"": 1.0, ""fm2_smplh_valid_frac"": 1.0, ""fm2_surface_correction_px_p50"": 123.3171911272261, ""fm2_vertex_worst_inset_min_px"": 198.77000186585337, ""fm2_violation_run_max_frames"": 0.0, ""fm2_violation_runs"": 0.0, ""fm2_windowed_pass_frac"": 1.0, ""fm3_static_frac"": 0.4479166666666667, ""observed_duration_s"": 64.0, ""reproj_px_p50"": 11.865821823710812, ""reproj_shoulder_widths_p50"": 0.04569973067164652, ""round3_gallery_group"": ""pass_naturalistic"", ""unit_files"": 2.0, ""unit_flagged_frac"": 0.0, ""unit_hip_flexion_min"": 149.30766991454686, ""unit_knee_between_min"": 0.522089057990427}",render
r4_063,recheck_fm3_static_hands_063_V00_S1104_I00001229_P0845A_f0000124,V00_S1104_I00001229_P0845A,improvised/train/0024/0008/V00_S1104_I00001229_P0845A,improvised/train/0024/0045/V00_S1104_I00001229_P0328A,recheck_fm3_static_hands,recheck,improvised,124,V00,improvised,train,ipc_conversation,shown in Round 3 as flagged_multi; re-judged under the Round-4 detectors,"{""clip_anchored_on_fm2_violation"": false, ""flag_count"": 1, ""flags_fired"": ""fm3_static_hands"", ""fm1_hip_flexion_deg_p50"": 142.38931702390724, ""fm1_knee_between_torso_p50"": 0.5512204333402975, ""fm1_leg_over_torso_p50"": 1.0587715716687425, ""fm1_reasons"": """", ""fm1_shin_verticality_p50"": 0.9995120688414582, ""fm1_sitting_file"": false, ""fm1_sitting_participant"": false, ""fm1_unit"": ""0845A@1104"", ""fm1_unit_basis"": ""none"", ""fm2_in_frame_and_valid_frac"": 1.0, ""fm2_pass_frac_round3_joints_only"": 1.0, ""fm2_smplh_valid_frac"": 1.0, ""fm2_surface_correction_px_p50"": 41.387894599194965, ""fm2_vertex_worst_inset_min_px"": 56.29858448707273, ""fm2_violation_run_max_frames"": 0.0, ""fm2_violation_runs"": 0.0, ""fm2_windowed_pass_frac"": 1.0, ""fm3_static_frac"": 0.8890070921985815, ""observed_duration_s"": 282.0, ""reproj_px_p50"": 19.163015706975834, ""reproj_shoulder_widths_p50"": 0.06095771347080793, ""round3_gallery_group"": ""flagged_multi"", ""unit_files"": 3.0, ""unit_flagged_frac"": 0.0, ""unit_hip_flexion_min"": 141.61904991996704, ""unit_knee_between_min"": 0.5512204333402975}",render
r4_064,recheck_pass_064_V00_S1457_I00001115_P1124A_f0005798,V00_S1457_I00001115_P1124A,improvised/train/0034/0064/V00_S1457_I00001115_P1124A,improvised/train/0034/0047/V00_S1457_I00001115_P0921A,recheck_pass,recheck,improvised,5798,V00,improvised,train,ipc_conversation,shown in Round 3 as pass_improvised; re-judged under the Round-4 detectors,"{""clip_anchored_on_fm2_violation"": false, ""flag_count"": 0, ""flags_fired"": """", ""fm1_hip_flexion_deg_p50"": 133.77474389709727, ""fm1_knee_between_torso_p50"": 0.5187586489680573, ""fm1_leg_over_torso_p50"": 1.107595342932178, ""fm1_reasons"": """", ""fm1_shin_verticality_p50"": 0.9828722816437803, ""fm1_sitting_file"": false, ""fm1_sitting_participant"": false, ""fm1_unit"": ""1124A@1457"", ""fm1_unit_basis"": ""none"", ""fm2_in_frame_and_valid_frac"": 0.9967991169977924, ""fm2_pass_frac_round3_joints_only"": 1.0, ""fm2_smplh_valid_frac"": 1.0, ""fm2_surface_correction_px_p50"": 26.34554453654357, ""fm2_vertex_worst_inset_min_px"": -1.8781465147126255, ""fm2_violation_run_max_frames"": 26.0, ""fm2_violation_runs"": 3.0, ""fm2_windowed_pass_frac"": 1.0, ""fm3_static_frac"": 0.23233995584988962, ""observed_duration_s"": 302.0, ""reproj_px_p50"": 34.10242608550854, ""reproj_shoulder_widths_p50"": 0.10599992786214452, ""round3_gallery_group"": ""pass_improvised"", ""unit_files"": 2.0, ""unit_flagged_frac"": 0.0, ""unit_hip_flexion_min"": 130.9171643951275, ""unit_knee_between_min"": 0.5160741442987243}",render
r4_065,recheck_pass_065_V00_S2012_I00000690_P1268A_f0001627,V00_S2012_I00000690_P1268A,improvised/train/0048/0048/V00_S2012_I00000690_P1268A,improvised/train/0048/0016/V00_S2012_I00000690_P1267A,recheck_pass,recheck,improvised,1627,V00,improvised,train,ipc_conversation,shown in Round 3 as pass_improvised; re-judged under the Round-4 detectors,"{""clip_anchored_on_fm2_violation"": false, ""flag_count"": 0, ""flags_fired"": """", ""fm1_hip_flexion_deg_p50"": 148.17468848273973, ""fm1_knee_between_torso_p50"": 0.5361315841735587, ""fm1_leg_over_torso_p50"": 1.2427163352285824, ""fm1_reasons"": """", ""fm1_shin_verticality_p50"": 0.9986178199128581, ""fm1_sitting_file"": false, ""fm1_sitting_participant"": false, ""fm1_unit"": ""1268A@2012"", ""fm1_unit_basis"": ""none"", ""fm2_in_frame_and_valid_frac"": 1.0, ""fm2_pass_frac_round3_joints_only"": 1.0, ""fm2_smplh_valid_frac"": 1.0, ""fm2_surface_correction_px_p50"": 34.73785108104744, ""fm2_vertex_worst_inset_min_px"": 74.48872664885971, ""fm2_violation_run_max_frames"": 0.0, ""fm2_violation_runs"": 0.0, ""fm2_windowed_pass_frac"": 1.0, ""fm3_static_frac"": 0.4537712895377129, ""observed_duration_s"": 274.0, ""reproj_px_p50"": 46.97445424384499, ""reproj_shoulder_widths_p50"": 0.14790359101735653, ""round3_gallery_group"": ""pass_improvised"", ""unit_files"": 2.0, ""unit_flagged_frac"": 0.0, ""unit_hip_flexion_min"": 143.28486293804195, ""unit_knee_between_min"": 0.516364546173663}",render
r4_066,recheck_fm3_static_hands_066_V00_S0161_I00000535_P0150A_f0001207,V00_S0161_I00000535_P0150A,improvised/train/0003/0020/V00_S0161_I00000535_P0150A,improvised/train/0003/0037/V00_S0161_I00000535_P0231,recheck_fm3_static_hands,recheck,improvised,1207,V00,improvised,train,ipc_conversation,shown in Round 3 as flagged_fm3_static_hands; re-judged under the Round-4 detectors,"{""clip_anchored_on_fm2_violation"": false, ""flag_count"": 1, ""flags_fired"": ""fm3_static_hands"", ""fm1_hip_flexion_deg_p50"": 132.70686595771133, ""fm1_knee_between_torso_p50"": 0.466116404444886, ""fm1_leg_over_torso_p50"": 1.5471040121981066, ""fm1_reasons"": """", ""fm1_shin_verticality_p50"": 0.9986178362593443, ""fm1_sitting_file"": false, ""fm1_sitting_participant"": false, ""fm1_unit"": ""0150A@0161"", ""fm1_unit_basis"": ""none"", ""fm2_in_frame_and_valid_frac"": 1.0, ""fm2_pass_frac_round3_joints_only"": 1.0, ""fm2_smplh_valid_frac"": 1.0, ""fm2_surface_correction_px_p50"": 97.19894835255286, ""fm2_vertex_worst_inset_min_px"": 183.30618606123795, ""fm2_violation_run_max_frames"": 0.0, ""fm2_violation_runs"": 0.0, ""fm2_windowed_pass_frac"": 1.0, ""fm3_static_frac"": 0.9670634920634921, ""observed_duration_s"": 84.0, ""reproj_px_p50"": 29.651972417278735, ""reproj_shoulder_widths_p50"": 0.10091784827415547, ""round3_gallery_group"": ""flagged_fm3_static_hands"", ""unit_files"": 3.0, ""unit_flagged_frac"": 0.0, ""unit_hip_flexion_min"": 132.70686595771133, ""unit_knee_between_min"": 0.466116404444886}",render
r4_067,recheck_fm3_static_hands_067_V00_S0234_I00000488_P0150A_f0002035,V00_S0234_I00000488_P0150A,improvised/train/0005/0027/V00_S0234_I00000488_P0150A,improvised/train/0005/0006/V00_S0234_I00000488_P0320,recheck_fm3_static_hands,recheck,improvised,2035,V00,improvised,train,ipc_conversation,shown in Round 3 as flagged_fm3_static_hands; re-judged under the Round-4 detectors,"{""clip_anchored_on_fm2_violation"": false, ""flag_count"": 1, ""flags_fired"": ""fm3_static_hands"", ""fm1_hip_flexion_deg_p50"": 130.4846864360526, ""fm1_knee_between_torso_p50"": 0.46995448753587094, ""fm1_leg_over_torso_p50"": 1.3685913323367895, ""fm1_reasons"": """", ""fm1_shin_verticality_p50"": 0.9995677634264197, ""fm1_sitting_file"": false, ""fm1_sitting_participant"": false, ""fm1_unit"": ""0150A@0234"", ""fm1_unit_basis"": ""none"", ""fm2_in_frame_and_valid_frac"": 1.0, ""fm2_pass_frac_round3_joints_only"": 1.0, ""fm2_smplh_valid_frac"": 1.0, ""fm2_surface_correction_px_p50"": 41.45169798326947, ""fm2_vertex_worst_inset_min_px"": 4.369762933863967, ""fm2_violation_run_max_frames"": 0.0, ""fm2_violation_runs"": 0.0, ""fm2_windowed_pass_frac"": 1.0, ""fm3_static_frac"": 0.7517543859649123, ""observed_duration_s"": 190.0, ""reproj_px_p50"": 16.868237230816767, ""reproj_shoulder_widths_p50"": 0.05327610237596216, ""round3_gallery_group"": ""flagged_fm3_static_hands"", ""unit_files"": 4.0, ""unit_flagged_frac"": 0.0, ""unit_hip_flexion_min"": 125.85001849164354, ""unit_knee_between_min"": 0.4533996735524877}",render
r4_068,recheck_pass_068_V00_S0688_I00000126_P0737_f0000994,V00_S0688_I00000126_P0737,improvised/train/0013/0043/V00_S0688_I00000126_P0737,improvised/train/0013/0049/V00_S0688_I00000126_P0658A,recheck_pass,recheck,improvised,994,V00,improvised,train,ipc_conversation,shown in Round 3 as pass_improvised; re-judged under the Round-4 detectors,"{""clip_anchored_on_fm2_violation"": false, ""flag_count"": 0, ""flags_fired"": """", ""fm1_hip_flexion_deg_p50"": 159.66363062453092, ""fm1_knee_between_torso_p50"": 0.5681562469047619, ""fm1_leg_over_torso_p50"": 1.3499156179767593, ""fm1_reasons"": """", ""fm1_shin_verticality_p50"": 0.999999999999975, ""fm1_sitting_file"": false, ""fm1_sitting_participant"": false, ""fm1_unit"": ""0737@0688"", ""fm1_unit_basis"": ""none"", ""fm2_in_frame_and_valid_frac"": 1.0, ""fm2_pass_frac_round3_joints_only"": 1.0, ""fm2_smplh_valid_frac"": 1.0, ""fm2_surface_correction_px_p50"": 40.574233442100876, ""fm2_vertex_worst_inset_min_px"": 12.919319990784857, ""fm2_violation_run_max_frames"": 0.0, ""fm2_violation_runs"": 0.0, ""fm2_windowed_pass_frac"": 1.0, ""fm3_static_frac"": 0.33151515151515154, ""observed_duration_s"": 110.0, ""reproj_px_p50"": 38.26139989678953, ""reproj_shoulder_widths_p50"": 0.12597073602124287, ""round3_gallery_group"": ""pass_improvised"", ""unit_files"": 3.0, ""unit_flagged_frac"": 0.0, ""unit_hip_flexion_min"": 159.66363062453092, ""unit_knee_between_min"": 0.5681562469047619}",render
r4_069,recheck_fm3_static_hands_069_V00_S0801_I00000307_P0941_f0002242,V00_S0801_I00000307_P0941,naturalistic/train/0022/0010/V00_S0801_I00000307_P0941,naturalistic/train/0022/0012/V00_S0801_I00000307_P0942,recheck_fm3_static_hands,recheck,naturalistic,2242,V00,naturalistic,train,ipc_conversation,shown in Round 3 as flagged_fm3_static_hands; re-judged under the Round-4 detectors,"{""clip_anchored_on_fm2_violation"": false, ""flag_count"": 1, ""flags_fired"": ""fm3_static_hands"", ""fm1_hip_flexion_deg_p50"": 145.63254562442302, ""fm1_knee_between_torso_p50"": 0.5140020597632056, ""fm1_leg_over_torso_p50"": 1.3891357335157224, ""fm1_reasons"": """", ""fm1_shin_verticality_p50"": 0.9996714322388696, ""fm1_sitting_file"": false, ""fm1_sitting_participant"": false, ""fm1_unit"": ""0941@0801"", ""fm1_unit_basis"": ""none"", ""fm2_in_frame_and_valid_frac"": 1.0, ""fm2_pass_frac_round3_joints_only"": 1.0, ""fm2_smplh_valid_frac"": 1.0, ""fm2_surface_correction_px_p50"": 37.306339606235724, ""fm2_vertex_worst_inset_min_px"": 159.92340481531437, ""fm2_violation_run_max_frames"": 0.0, ""fm2_violation_runs"": 0.0, ""fm2_windowed_pass_frac"": 1.0, ""fm3_static_frac"": 0.9861581920903955, ""observed_duration_s"": 118.0, ""reproj_px_p50"": 22.309088946087588, ""reproj_shoulder_widths_p50"": 0.07146764354121046, ""round3_gallery_group"": ""flagged_fm3_static_hands"", ""unit_files"": 2.0, ""unit_flagged_frac"": 0.0, ""unit_hip_flexion_min"": 145.14726683286304, ""unit_knee_between_min"": 0.5140020597632056}",render
r4_070,recheck_pass_070_V00_S0161_I00000537_P0150A_f0004995,V00_S0161_I00000537_P0150A,improvised/train/0003/0037/V00_S0161_I00000537_P0150A,improvised/train/0003/0000/V00_S0161_I00000537_P0231,recheck_pass,recheck,improvised,4995,V00,improvised,train,ipc_conversation,shown in Round 3 as pass_improvised; re-judged under the Round-4 detectors,"{""clip_anchored_on_fm2_violation"": false, ""flag_count"": 0, ""flags_fired"": """", ""fm1_hip_flexion_deg_p50"": 137.4250827029106, ""fm1_knee_between_torso_p50"": 0.483118073187077, ""fm1_leg_over_torso_p50"": 1.5977102866474246, ""fm1_reasons"": """", ""fm1_shin_verticality_p50"": 0.9996539187430602, ""fm1_sitting_file"": false, ""fm1_sitting_participant"": false, ""fm1_unit"": ""0150A@0161"", ""fm1_unit_basis"": ""none"", ""fm2_in_frame_and_valid_frac"": 1.0, ""fm2_pass_frac_round3_joints_only"": 1.0, ""fm2_smplh_valid_frac"": 1.0, ""fm2_surface_correction_px_p50"": 86.07889306288911, ""fm2_vertex_worst_inset_min_px"": 117.38058614830226, ""fm2_violation_run_max_frames"": 0.0, ""fm2_violation_runs"": 0.0, ""fm2_windowed_pass_frac"": 1.0, ""fm3_static_frac"": 0.6228855721393035, ""observed_duration_s"": 268.0, ""reproj_px_p50"": 24.903479394789525, ""reproj_shoulder_widths_p50"": 0.085144088911476, ""round3_gallery_group"": ""pass_improvised"", ""unit_files"": 3.0, ""unit_flagged_frac"": 0.0, ""unit_hip_flexion_min"": 132.70686595771133, ""unit_knee_between_min"": 0.466116404444886}",render
r4_071,recheck_fm3_static_hands_071_V00_S1283_I00001073_P1100A_f0002046,V00_S1283_I00001073_P1100A,improvised/train/0029/0041/V00_S1283_I00001073_P1100A,improvised/train/0029/0037/V00_S1283_I00001073_P0002A,recheck_fm3_static_hands,recheck,improvised,2046,V00,improvised,train,ipc_conversation,shown in Round 3 as flagged_fm3_static_hands; re-judged under the Round-4 detectors,"{""clip_anchored_on_fm2_violation"": false, ""flag_count"": 1, ""flags_fired"": ""fm3_static_hands"", ""fm1_hip_flexion_deg_p50"": 154.75046048744792, ""fm1_knee_between_torso_p50"": 0.5524836190452991, ""fm1_leg_over_torso_p50"": 1.3334370864502834, ""fm1_reasons"": """", ""fm1_shin_verticality_p50"": 0.9999999999999741, ""fm1_sitting_file"": false, ""fm1_sitting_participant"": false, ""fm1_unit"": ""1100A@1283"", ""fm1_unit_basis"": ""none"", ""fm2_in_frame_and_valid_frac"": 1.0, ""fm2_pass_frac_round3_joints_only"": 1.0, ""fm2_smplh_valid_frac"": 1.0, ""fm2_surface_correction_px_p50"": 90.62454687911583, ""fm2_vertex_worst_inset_min_px"": 5.215984149473002, ""fm2_violation_run_max_frames"": 0.0, ""fm2_violation_runs"": 0.0, ""fm2_windowed_pass_frac"": 1.0, ""fm3_static_frac"": 0.823069105691057, ""observed_duration_s"": 328.0, ""reproj_px_p50"": 14.151181552523404, ""reproj_shoulder_widths_p50"": 0.04515675114644165, ""round3_gallery_group"": ""flagged_fm3_static_hands"", ""unit_files"": 3.0, ""unit_flagged_frac"": 0.0, ""unit_hip_flexion_min"": 152.88046139250912, ""unit_knee_between_min"": 0.5395911864307487}",render
r4_072,recheck_pass_072_V00_S1633_I00000391_P0929_f0000625,V00_S1633_I00000391_P0929,naturalistic/train/0028/0015/V00_S1633_I00000391_P0929,naturalistic/train/0028/0016/V00_S1633_I00000391_P0556,recheck_pass,recheck,naturalistic,625,V00,naturalistic,train,ipc_conversation,shown in Round 3 as flagged_fm4_mutual_silence; re-judged under the Round-4 detectors,"{""clip_anchored_on_fm2_violation"": false, ""flag_count"": 0, ""flags_fired"": """", ""fm1_hip_flexion_deg_p50"": 148.16415240934782, ""fm1_knee_between_torso_p50"": 0.5379427004551649, ""fm1_leg_over_torso_p50"": 1.2978935053273872, ""fm1_reasons"": """", ""fm1_shin_verticality_p50"": 0.994781459681664, ""fm1_sitting_file"": false, ""fm1_sitting_participant"": false, ""fm1_unit"": ""0929@1633"", ""fm1_unit_basis"": ""none"", ""fm2_in_frame_and_valid_frac"": 1.0, ""fm2_pass_frac_round3_joints_only"": 1.0, ""fm2_smplh_valid_frac"": 1.0, ""fm2_surface_correction_px_p50"": 63.5759663265157, ""fm2_vertex_worst_inset_min_px"": 44.97898958674136, ""fm2_violation_run_max_frames"": 0.0, ""fm2_violation_runs"": 0.0, ""fm2_windowed_pass_frac"": 1.0, ""fm3_static_frac"": 0.004662004662004662, ""observed_duration_s"": 286.0, ""reproj_px_p50"": 35.582553119158035, ""reproj_shoulder_widths_p50"": 0.13149501942277336, ""round3_gallery_group"": ""flagged_fm4_mutual_silence"", ""unit_files"": 1.0, ""unit_flagged_frac"": 0.0, ""unit_hip_flexion_min"": 148.16415240934782, ""unit_knee_between_min"": 0.5379427004551649}",render
r4_073,recheck_pass_073_V00_S1862_I00000614_P0710_f0004024,V00_S1862_I00000614_P0710,naturalistic/train/0029/0031/V00_S1862_I00000614_P0710,naturalistic/train/0029/0036/V00_S1862_I00000614_P1192,recheck_pass,recheck,naturalistic,4024,V00,naturalistic,train,grounded_gesture,shown in Round 3 as flagged_fm4_mutual_silence; re-judged under the Round-4 detectors,"{""clip_anchored_on_fm2_violation"": false, ""flag_count"": 0, ""flags_fired"": """", ""fm1_hip_flexion_deg_p50"": 148.96523026360197, ""fm1_knee_between_torso_p50"": 0.5544553922075566, ""fm1_leg_over_torso_p50"": 1.3019452185046494, ""fm1_reasons"": """", ""fm1_shin_verticality_p50"": 0.9996144242558787, ""fm1_sitting_file"": false, ""fm1_sitting_participant"": false, ""fm1_unit"": ""0710@1862"", ""fm1_unit_basis"": ""none"", ""fm2_in_frame_and_valid_frac"": 1.0, ""fm2_pass_frac_round3_joints_only"": 1.0, ""fm2_smplh_valid_frac"": 1.0, ""fm2_surface_correction_px_p50"": 125.2062979570382, ""fm2_vertex_worst_inset_min_px"": 14.532146578355423, ""fm2_violation_run_max_frames"": 0.0, ""fm2_violation_runs"": 0.0, ""fm2_windowed_pass_frac"": 1.0, ""fm3_static_frac"": 0.675095785440613, ""observed_duration_s"": 174.0, ""reproj_px_p50"": 20.31742337559784, ""reproj_shoulder_widths_p50"": 0.07008255960538322, ""round3_gallery_group"": ""flagged_fm4_mutual_silence"", ""unit_files"": 3.0, ""unit_flagged_frac"": 0.0, ""unit_hip_flexion_min"": 143.46274353714028, ""unit_knee_between_min"": 0.5544553922075566}",render
r4_074,recheck_pass_074_V00_S0234_I00000536_P0320_f0000487,V00_S0234_I00000536_P0320,improvised/train/0005/0014/V00_S0234_I00000536_P0320,improvised/train/0005/0003/V00_S0234_I00000536_P0150A,recheck_pass,recheck,improvised,487,V00,improvised,train,ipc_conversation,shown in Round 3 as flagged_fm4_mutual_silence; re-judged under the Round-4 detectors,"{""clip_anchored_on_fm2_violation"": false, ""flag_count"": 0, ""flags_fired"": """", ""fm1_hip_flexion_deg_p50"": 163.80862614183224, ""fm1_knee_between_torso_p50"": 0.594772649157304, ""fm1_leg_over_torso_p50"": 1.2933700836867503, ""fm1_reasons"": """", ""fm1_shin_verticality_p50"": 0.983869870196928, ""fm1_sitting_file"": false, ""fm1_sitting_participant"": false, ""fm1_unit"": ""0320@0234"", ""fm1_unit_basis"": ""none"", ""fm2_in_frame_and_valid_frac"": 1.0, ""fm2_pass_frac_round3_joints_only"": 1.0, ""fm2_smplh_valid_frac"": 1.0, ""fm2_surface_correction_px_p50"": 41.24218200087489, ""fm2_vertex_worst_inset_min_px"": 38.631872646582224, ""fm2_violation_run_max_frames"": 0.0, ""fm2_violation_runs"": 0.0, ""fm2_windowed_pass_frac"": 1.0, ""fm3_static_frac"": 0.1429553264604811, ""observed_duration_s"": 194.0, ""reproj_px_p50"": 16.16614795017501, ""reproj_shoulder_widths_p50"": 0.052646909746624934, ""round3_gallery_group"": ""flagged_fm4_mutual_silence"", ""unit_files"": 3.0, ""unit_flagged_frac"": 0.0, ""unit_hip_flexion_min"": 158.09899825410542, ""unit_knee_between_min"": 0.5787129868733942}",render
r4_075,recheck_fm2_smplh_invalid_075_V00_S0477_I00000462_P0611_f0001659,V00_S0477_I00000462_P0611,naturalistic/train/0013/0016/V00_S0477_I00000462_P0611,naturalistic/train/0013/0035/V00_S0477_I00000462_P0071,recheck_fm2_smplh_invalid,recheck,naturalistic,1659,V00,naturalistic,train,ipc_conversation,shown in Round 3 as flagged_fm2_framing; re-judged under the Round-4 detectors,"{""clip_anchored_on_fm2_violation"": true, ""flag_count"": 1, ""flags_fired"": ""fm2_smplh_invalid"", ""fm1_hip_flexion_deg_p50"": 149.8477987753952, ""fm1_knee_between_torso_p50"": 0.5123073690706541, ""fm1_leg_over_torso_p50"": 1.5343965021134722, ""fm1_reasons"": """", ""fm1_shin_verticality_p50"": 0.9957012248348676, ""fm1_sitting_file"": false, ""fm1_sitting_participant"": false, ""fm1_unit"": ""0611@0477"", ""fm1_unit_basis"": ""none"", ""fm2_in_frame_and_valid_frac"": 0.9914529914529915, ""fm2_pass_frac_round3_joints_only"": 0.9918803418803419, ""fm2_smplh_valid_frac"": 0.9931623931623932, ""fm2_surface_correction_px_p50"": 26.773097012202243, ""fm2_vertex_worst_inset_min_px"": -25.108705304146497, ""fm2_violation_run_max_frames"": 32.0, ""fm2_violation_runs"": 2.0, ""fm2_windowed_pass_frac"": 0.6, ""fm3_static_frac"": 0.2726495726495726, ""observed_duration_s"": 156.0, ""reproj_px_p50"": 16.044034430457387, ""reproj_shoulder_widths_p50"": 0.05084073466074559, ""round3_gallery_group"": ""flagged_fm2_framing"", ""unit_files"": 3.0, ""unit_flagged_frac"": 0.0, ""unit_hip_flexion_min"": 146.8872245920469, ""unit_knee_between_min"": 0.5069337662990542}",render
r4_076,recheck_fm2_smplh_invalid_076_V00_S0504_I00000520_P0572_f0001746,V00_S0504_I00000520_P0572,naturalistic/train/0014/0009/V00_S0504_I00000520_P0572,naturalistic/train/0014/0037/V00_S0504_I00000520_P0047,recheck_fm2_smplh_invalid,recheck,naturalistic,1746,V00,naturalistic,train,grounded_gesture,shown in Round 3 as flagged_multi; re-judged under the Round-4 detectors,"{""clip_anchored_on_fm2_violation"": true, ""flag_count"": 1, ""flags_fired"": ""fm2_smplh_invalid"", ""fm1_hip_flexion_deg_p50"": 141.63332072404302, ""fm1_knee_between_torso_p50"": 0.6062626682861931, ""fm1_leg_over_torso_p50"": 1.0153467357144654, ""fm1_reasons"": """", ""fm1_shin_verticality_p50"": 0.9993628503615644, ""fm1_sitting_file"": false, ""fm1_sitting_participant"": false, ""fm1_unit"": ""0572@0504"", ""fm1_unit_basis"": ""none"", ""fm2_in_frame_and_valid_frac"": 0.9379690949227373, ""fm2_pass_frac_round3_joints_only"": 0.9444812362030905, ""fm2_smplh_valid_frac"": 0.9669977924944813, ""fm2_surface_correction_px_p50"": 51.36533157094868, ""fm2_vertex_worst_inset_min_px"": -162.14003779256007, ""fm2_violation_run_max_frames"": 148.0, ""fm2_violation_runs"": 33.0, ""fm2_windowed_pass_frac"": 0.4, ""fm3_static_frac"": 0.15849889624724062, ""observed_duration_s"": 302.0, ""reproj_px_p50"": 28.253140264323502, ""reproj_shoulder_widths_p50"": 0.07441939367865721, ""round3_gallery_group"": ""flagged_multi"", ""unit_files"": 5.0, ""unit_flagged_frac"": 0.0, ""unit_hip_flexion_min"": 141.63332072404302, ""unit_knee_between_min"": 0.6062626682861931}",render
r4_077,recheck_fm2_smplh_invalid_077_V00_S1283_I00001076_P0002A_f0001461,V00_S1283_I00001076_P0002A,improvised/train/0029/0007/V00_S1283_I00001076_P0002A,improvised/train/0029/0014/V00_S1283_I00001076_P1100A,recheck_fm2_smplh_invalid,recheck,improvised,1461,V00,improvised,train,ipc_conversation,shown in Round 3 as flagged_fm2_framing; re-judged under the Round-4 detectors,"{""clip_anchored_on_fm2_violation"": true, ""flag_count"": 1, ""flags_fired"": ""fm2_smplh_invalid"", ""fm1_hip_flexion_deg_p50"": 165.16312752132328, ""fm1_knee_between_torso_p50"": 0.5885234065964509, ""fm1_leg_over_torso_p50"": 1.2986370534210532, ""fm1_reasons"": """", ""fm1_shin_verticality_p50"": 0.9965457331747696, ""fm1_sitting_file"": false, ""fm1_sitting_participant"": false, ""fm1_unit"": ""0002A@1283"", ""fm1_unit_basis"": ""none"", ""fm2_in_frame_and_valid_frac"": 0.9747222222222223, ""fm2_pass_frac_round3_joints_only"": 0.9779166666666667, ""fm2_smplh_valid_frac"": 0.9894444444444445, ""fm2_surface_correction_px_p50"": 31.01522047333424, ""fm2_vertex_worst_inset_min_px"": -152.08407471187604, ""fm2_violation_run_max_frames"": 52.0, ""fm2_violation_runs"": 10.0, ""fm2_windowed_pass_frac"": 0.5, ""fm3_static_frac"": 0.010694444444444444, ""observed_duration_s"": 240.0, ""reproj_px_p50"": 29.098637772623878, ""reproj_shoulder_widths_p50"": 0.09786136002297419, ""round3_gallery_group"": ""flagged_fm2_framing"", ""unit_files"": 2.0, ""unit_flagged_frac"": 0.0, ""unit_hip_flexion_min"": 148.76734075707873, ""unit_knee_between_min"": 0.5885234065964509}",render
r4_078,recheck_pass_078_V00_S1751_I00001167_P0230A_f0000320,V00_S1751_I00001167_P0230A,improvised/train/0043/0017/V00_S1751_I00001167_P0230A,improvised/train/0043/0027/V00_S1751_I00001167_P1115A,recheck_pass,recheck,improvised,320,V00,improvised,train,ipc_conversation,shown in Round 3 as pass_improvised; re-judged under the Round-4 detectors,"{""clip_anchored_on_fm2_violation"": false, ""flag_count"": 0, ""flags_fired"": """", ""fm1_hip_flexion_deg_p50"": 165.9199545889733, ""fm1_knee_between_torso_p50"": 0.5800851345346719, ""fm1_leg_over_torso_p50"": 1.294907983908283, ""fm1_reasons"": """", ""fm1_shin_verticality_p50"": 0.9986178274746422, ""fm1_sitting_file"": false, ""fm1_sitting_participant"": false, ""fm1_unit"": ""0230A@1751"", ""fm1_unit_basis"": ""none"", ""fm2_in_frame_and_valid_frac"": 1.0, ""fm2_pass_frac_round3_joints_only"": 1.0, ""fm2_smplh_valid_frac"": 1.0, ""fm2_surface_correction_px_p50"": 30.39856143580687, ""fm2_vertex_worst_inset_min_px"": 45.25667526328152, ""fm2_violation_run_max_frames"": 0.0, ""fm2_violation_runs"": 0.0, ""fm2_windowed_pass_frac"": 1.0, ""fm3_static_frac"": 0.05058823529411765, ""observed_duration_s"": 170.0, ""reproj_px_p50"": 27.15205712230617, ""reproj_shoulder_widths_p50"": 0.09806033522251298, ""round3_gallery_group"": ""pass_improvised"", ""unit_files"": 1.0, ""unit_flagged_frac"": 0.0, ""unit_hip_flexion_min"": 165.9199545889733, ""unit_knee_between_min"": 0.5800851345346719}",render
r4_079,recheck_fm3_static_hands_079_V00_S0283_I00000135_P0382_f0000324,V00_S0283_I00000135_P0382,naturalistic/train/0006/0020/V00_S0283_I00000135_P0382,naturalistic/train/0006/0007/V00_S0283_I00000135_P0300,recheck_fm3_static_hands,recheck,naturalistic,324,V00,naturalistic,train,collaborative_storytelling,shown in Round 3 as flagged_fm3_static_hands; re-judged under the Round-4 detectors,"{""clip_anchored_on_fm2_violation"": false, ""flag_count"": 1, ""flags_fired"": ""fm3_static_hands"", ""fm1_hip_flexion_deg_p50"": 135.9120055876316, ""fm1_knee_between_torso_p50"": 0.5598787047930884, ""fm1_leg_over_torso_p50"": 0.9859821712850281, ""fm1_reasons"": """", ""fm1_shin_verticality_p50"": 0.999405997796919, ""fm1_sitting_file"": false, ""fm1_sitting_participant"": false, ""fm1_unit"": ""0382@0283"", ""fm1_unit_basis"": ""none"", ""fm2_in_frame_and_valid_frac"": 1.0, ""fm2_pass_frac_round3_joints_only"": 1.0, ""fm2_smplh_valid_frac"": 1.0, ""fm2_surface_correction_px_p50"": 50.899958621118, ""fm2_vertex_worst_inset_min_px"": 36.99485155236471, ""fm2_violation_run_max_frames"": 0.0, ""fm2_violation_runs"": 0.0, ""fm2_windowed_pass_frac"": 1.0, ""fm3_static_frac"": 1.0, ""observed_duration_s"": 188.0, ""reproj_px_p50"": 51.18262762933708, ""reproj_shoulder_widths_p50"": 0.13647635286462695, ""round3_gallery_group"": ""flagged_fm3_static_hands"", ""unit_files"": 3.0, ""unit_flagged_frac"": 0.0, ""unit_hip_flexion_min"": 135.9120055876316, ""unit_knee_between_min"": 0.5537161122605759}",render
r4_080,recheck_fm1_sitting_080_V00_S0112_I00000483_P0163_f0000902,V00_S0112_I00000483_P0163,naturalistic/train/0002/0000/V00_S0112_I00000483_P0163,naturalistic/train/0002/0012/V00_S0112_I00000483_P0162,recheck_fm1_sitting,recheck,naturalistic,902,V00,naturalistic,train,ipc_conversation,shown in Round 3 as pass_naturalistic; re-judged under the Round-4 detectors,"{""clip_anchored_on_fm2_violation"": false, ""flag_count"": 1, ""flags_fired"": ""fm1_sitting"", ""fm1_hip_flexion_deg_p50"": 109.59172957404881, ""fm1_knee_between_torso_p50"": 0.35823190007032274, ""fm1_leg_over_torso_p50"": 1.6855165121612978, ""fm1_reasons"": ""knee_between"", ""fm1_shin_verticality_p50"": 0.9980525881660331, ""fm1_sitting_file"": true, ""fm1_sitting_participant"": true, ""fm1_unit"": ""0163@0112"", ""fm1_unit_basis"": ""majority"", ""fm2_in_frame_and_valid_frac"": 0.9990740740740741, ""fm2_pass_frac_round3_joints_only"": 1.0, ""fm2_smplh_valid_frac"": 1.0, ""fm2_surface_correction_px_p50"": 21.72834179653455, ""fm2_vertex_worst_inset_min_px"": 6.121792721895531, ""fm2_violation_run_max_frames"": 3.0, ""fm2_violation_runs"": 2.0, ""fm2_windowed_pass_frac"": 1.0, ""fm3_static_frac"": 0.5520833333333334, ""observed_duration_s"": 144.0, ""reproj_px_p50"": 19.763991664216107, ""reproj_shoulder_widths_p50"": 0.06002762773259913, ""round3_gallery_group"": ""pass_naturalistic"", ""unit_files"": 1.0, ""unit_flagged_frac"": 1.0, ""unit_hip_flexion_min"": 109.59172957404881, ""unit_knee_between_min"": 0.35823190007032274}",render
r4_081,recheck_pass_081_V00_S0350_I00000477_P0470_f0001561,V00_S0350_I00000477_P0470,naturalistic/test/0000/0012/V00_S0350_I00000477_P0470,naturalistic/test/0000/0027/V00_S0350_I00000477_P0469,recheck_pass,recheck,naturalistic,1561,V00,naturalistic,test,ipc_conversation,shown in Round 3 as flagged_fm4_mutual_silence; re-judged under the Round-4 detectors,"{""clip_anchored_on_fm2_violation"": false, ""flag_count"": 0, ""flags_fired"": """", ""fm1_hip_flexion_deg_p50"": 145.0822454793706, ""fm1_knee_between_torso_p50"": 0.5840860900092866, ""fm1_leg_over_torso_p50"": 1.0604844573305967, ""fm1_reasons"": """", ""fm1_shin_verticality_p50"": 0.9994801102175281, ""fm1_sitting_file"": false, ""fm1_sitting_participant"": false, ""fm1_unit"": ""0470@0350"", ""fm1_unit_basis"": ""none"", ""fm2_in_frame_and_valid_frac"": 1.0, ""fm2_pass_frac_round3_joints_only"": 1.0, ""fm2_smplh_valid_frac"": 1.0, ""fm2_surface_correction_px_p50"": 45.09515303765522, ""fm2_vertex_worst_inset_min_px"": 83.06448638971142, ""fm2_violation_run_max_frames"": 0.0, ""fm2_violation_runs"": 0.0, ""fm2_windowed_pass_frac"": 1.0, ""fm3_static_frac"": 0.546124031007752, ""observed_duration_s"": 86.0, ""reproj_px_p50"": 38.594834075935566, ""reproj_shoulder_widths_p50"": 0.111651410170412, ""round3_gallery_group"": ""flagged_fm4_mutual_silence"", ""unit_files"": 5.0, ""unit_flagged_frac"": 0.0, ""unit_hip_flexion_min"": 145.0822454793706, ""unit_knee_between_min"": 0.5621139912681216}",render
r4_082,recheck_fm1_sitting_082_V00_S0555_I00000126_P0698_f0002584,V00_S0555_I00000126_P0698,naturalistic/train/0015/0004/V00_S0555_I00000126_P0698,naturalistic/train/0015/0001/V00_S0555_I00000126_P0699,recheck_fm1_sitting,recheck,naturalistic,2584,V00,naturalistic,train,ipc_conversation,shown in Round 3 as flagged_fm1_sitting; re-judged under the Round-4 detectors,"{""clip_anchored_on_fm2_violation"": false, ""flag_count"": 1, ""flags_fired"": ""fm1_sitting"", ""fm1_hip_flexion_deg_p50"": 99.70783779325136, ""fm1_knee_between_torso_p50"": 0.2751632963639708, ""fm1_leg_over_torso_p50"": 1.6086088020455755, ""fm1_reasons"": ""knee_between"", ""fm1_shin_verticality_p50"": 0.999753174221111, ""fm1_sitting_file"": true, ""fm1_sitting_participant"": true, ""fm1_unit"": ""0698@0555"", ""fm1_unit_basis"": ""majority"", ""fm2_in_frame_and_valid_frac"": 1.0, ""fm2_pass_frac_round3_joints_only"": 1.0, ""fm2_smplh_valid_frac"": 1.0, ""fm2_surface_correction_px_p50"": 26.22565331627436, ""fm2_vertex_worst_inset_min_px"": 120.83689296846592, ""fm2_violation_run_max_frames"": 0.0, ""fm2_violation_runs"": 0.0, ""fm2_windowed_pass_frac"": 1.0, ""fm3_static_frac"": 0.17772435897435898, ""observed_duration_s"": 208.0, ""reproj_px_p50"": 23.40003620886014, ""reproj_shoulder_widths_p50"": 0.07336348595212666, ""round3_gallery_group"": ""flagged_fm1_sitting"", ""unit_files"": 3.0, ""unit_flagged_frac"": 1.0, ""unit_hip_flexion_min"": 99.70783779325136, ""unit_knee_between_min"": 0.2751632963639708}",render
r4_083,recheck_pass_083_V00_S0628_I00000477_P0783_f0000749,V00_S0628_I00000477_P0783,naturalistic/train/0018/0007/V00_S0628_I00000477_P0783,naturalistic/train/0018/0044/V00_S0628_I00000477_P0784,recheck_pass,recheck,naturalistic,749,V00,naturalistic,train,ipc_conversation,shown in Round 3 as pass_naturalistic; re-judged under the Round-4 detectors,"{""clip_anchored_on_fm2_violation"": false, ""flag_count"": 0, ""flags_fired"": """", ""fm1_hip_flexion_deg_p50"": 152.909650509007, ""fm1_knee_between_torso_p50"": 0.5507962952740695, ""fm1_leg_over_torso_p50"": 1.2677165858327406, ""fm1_reasons"": """", ""fm1_shin_verticality_p50"": 0.9996144200106213, ""fm1_sitting_file"": false, ""fm1_sitting_participant"": false, ""fm1_unit"": ""0783@0628"", ""fm1_unit_basis"": ""none"", ""fm2_in_frame_and_valid_frac"": 1.0, ""fm2_pass_frac_round3_joints_only"": 1.0, ""fm2_smplh_valid_frac"": 1.0, ""fm2_surface_correction_px_p50"": 36.57840121305708, ""fm2_vertex_worst_inset_min_px"": 44.29792905222803, ""fm2_violation_run_max_frames"": 0.0, ""fm2_violation_runs"": 0.0, ""fm2_windowed_pass_frac"": 1.0, ""fm3_static_frac"": 0.04173228346456693, ""observed_duration_s"": 254.0, ""reproj_px_p50"": 25.96882717236308, ""reproj_shoulder_widths_p50"": 0.07436131287101388, ""round3_gallery_group"": ""pass_naturalistic"", ""unit_files"": 3.0, ""unit_flagged_frac"": 0.0, ""unit_hip_flexion_min"": 152.909650509007, ""unit_knee_between_min"": 0.5507962952740695}",render
r4_084,recheck_multi_084_V00_S0112_I00000495_P0162_f0002122,V00_S0112_I00000495_P0162,naturalistic/train/0002/0036/V00_S0112_I00000495_P0162,naturalistic/train/0002/0026/V00_S0112_I00000495_P0163,recheck_multi,recheck,naturalistic,2122,V00,naturalistic,train,ipc_conversation,shown in Round 3 as flagged_fm3_static_hands; re-judged under the Round-4 detectors,"{""clip_anchored_on_fm2_violation"": false, ""flag_count"": 2, ""flags_fired"": ""fm1_sitting+fm3_static_hands"", ""fm1_hip_flexion_deg_p50"": 113.79670397238166, ""fm1_knee_between_torso_p50"": 0.3933411620002778, ""fm1_leg_over_torso_p50"": 1.3824503028811952, ""fm1_reasons"": ""knee_between"", ""fm1_shin_verticality_p50"": 0.9963466613538035, ""fm1_sitting_file"": true, ""fm1_sitting_participant"": true, ""fm1_unit"": ""0162@0112"", ""fm1_unit_basis"": ""majority"", ""fm2_in_frame_and_valid_frac"": 0.9994047619047619, ""fm2_pass_frac_round3_joints_only"": 1.0, ""fm2_smplh_valid_frac"": 1.0, ""fm2_surface_correction_px_p50"": 50.2854745982566, ""fm2_vertex_worst_inset_min_px"": 8.740208929564233, ""fm2_violation_run_max_frames"": 4.0, ""fm2_violation_runs"": 1.0, ""fm2_windowed_pass_frac"": 1.0, ""fm3_static_frac"": 0.8700892857142857, ""observed_duration_s"": 224.0, ""reproj_px_p50"": 15.15731668473532, ""reproj_shoulder_widths_p50"": 0.046929587965192504, ""round3_gallery_group"": ""flagged_fm3_static_hands"", ""unit_files"": 6.0, ""unit_flagged_frac"": 1.0, ""unit_hip_flexion_min"": 113.79670397238166, ""unit_knee_between_min"": 0.39301916785518864}",render
r4_085,recheck_pass_085_V00_S0530_I00000375_P0210_f0002830,V00_S0530_I00000375_P0210,naturalistic/train/0014/0015/V00_S0530_I00000375_P0210,naturalistic/train/0014/0022/V00_S0530_I00000375_P0677,recheck_pass,recheck,naturalistic,2830,V00,naturalistic,train,ipc_conversation,shown in Round 3 as flagged_fm2_framing; re-judged under the Round-4 detectors,"{""clip_anchored_on_fm2_violation"": false, ""flag_count"": 0, ""flags_fired"": """", ""fm1_hip_flexion_deg_p50"": 153.8159731111793, ""fm1_knee_between_torso_p50"": 0.532592688673005, ""fm1_leg_over_torso_p50"": 1.3363199830523573, ""fm1_reasons"": """", ""fm1_shin_verticality_p50"": 0.9997418362803396, ""fm1_sitting_file"": false, ""fm1_sitting_participant"": false, ""fm1_unit"": ""0210@0530"", ""fm1_unit_basis"": ""none"", ""fm2_in_frame_and_valid_frac"": 0.9985074626865672, ""fm2_pass_frac_round3_joints_only"": 0.9992537313432835, ""fm2_smplh_valid_frac"": 1.0, ""fm2_surface_correction_px_p50"": 29.82326400453894, ""fm2_vertex_worst_inset_min_px"": -47.775111579361806, ""fm2_violation_run_max_frames"": 6.0, ""fm2_violation_runs"": 7.0, ""fm2_windowed_pass_frac"": 0.9230769230769231, ""fm3_static_frac"": 0.5992537313432836, ""observed_duration_s"": 402.0, ""reproj_px_p50"": 38.07329407271367, ""reproj_shoulder_widths_p50"": 0.11567318631850862, ""round3_gallery_group"": ""flagged_fm2_framing"", ""unit_files"": 2.0, ""unit_flagged_frac"": 0.0, ""unit_hip_flexion_min"": 153.51438158796128, ""unit_knee_between_min"": 0.5299121879250179}",render
r4_086,recheck_pass_086_V00_S0598_I00000480_P0641_f0000261,V00_S0598_I00000480_P0641,naturalistic/train/0017/0021/V00_S0598_I00000480_P0641,naturalistic/train/0017/0002/V00_S0598_I00000480_P0047,recheck_pass,recheck,naturalistic,261,V00,naturalistic,train,ipc_conversation,shown in Round 3 as pass_naturalistic; re-judged under the Round-4 detectors,"{""clip_anchored_on_fm2_violation"": false, ""flag_count"": 0, ""flags_fired"": """", ""fm1_hip_flexion_deg_p50"": 151.51267254352067, ""fm1_knee_between_torso_p50"": 0.532487797775383, ""fm1_leg_over_torso_p50"": 1.4452133364418287, ""fm1_reasons"": """", ""fm1_shin_verticality_p50"": 0.9814905835328374, ""fm1_sitting_file"": false, ""fm1_sitting_participant"": false, ""fm1_unit"": ""0641@0598"", ""fm1_unit_basis"": ""none"", ""fm2_in_frame_and_valid_frac"": 0.9978395061728395, ""fm2_pass_frac_round3_joints_only"": 1.0, ""fm2_smplh_valid_frac"": 1.0, ""fm2_surface_correction_px_p50"": 34.66237671802344, ""fm2_vertex_worst_inset_min_px"": -11.290864841397024, ""fm2_violation_run_max_frames"": 1.0, ""fm2_violation_runs"": 7.0, ""fm2_windowed_pass_frac"": 1.0, ""fm3_static_frac"": 0.3506172839506173, ""observed_duration_s"": 108.0, ""reproj_px_p50"": 34.5713848633087, ""reproj_shoulder_widths_p50"": 0.09615993046284864, ""round3_gallery_group"": ""pass_naturalistic"", ""unit_files"": 3.0, ""unit_flagged_frac"": 0.0, ""unit_hip_flexion_min"": 151.02986924396137, ""unit_knee_between_min"": 0.5168203537932101}",render
r4_087,recheck_pass_087_V00_S2089_I00001167_P1281A_f0001272,V00_S2089_I00001167_P1281A,improvised/dev/0000/0017/V00_S2089_I00001167_P1281A,improvised/dev/0000/0039/V00_S2089_I00001167_P1346A,recheck_pass,recheck,improvised,1272,V00,improvised,dev,ipc_conversation,shown in Round 3 as pass_improvised; re-judged under the Round-4 detectors,"{""clip_anchored_on_fm2_violation"": false, ""flag_count"": 0, ""flags_fired"": """", ""fm1_hip_flexion_deg_p50"": 129.29547654225252, ""fm1_knee_between_torso_p50"": 0.49135359928229283, ""fm1_leg_over_torso_p50"": 1.1469459924940508, ""fm1_reasons"": """", ""fm1_shin_verticality_p50"": 0.9980525949112048, ""fm1_sitting_file"": false, ""fm1_sitting_participant"": false, ""fm1_unit"": ""1281A@2089"", ""fm1_unit_basis"": ""none"", ""fm2_in_frame_and_valid_frac"": 1.0, ""fm2_pass_frac_round3_joints_only"": 1.0, ""fm2_smplh_valid_frac"": 1.0, ""fm2_surface_correction_px_p50"": 42.65428818786472, ""fm2_vertex_worst_inset_min_px"": 63.398320549124264, ""fm2_violation_run_max_frames"": 0.0, ""fm2_violation_runs"": 0.0, ""fm2_windowed_pass_frac"": 1.0, ""fm3_static_frac"": 0.06691176470588235, ""observed_duration_s"": 136.0, ""reproj_px_p50"": 16.231746204484892, ""reproj_shoulder_widths_p50"": 0.04525952304249739, ""round3_gallery_group"": ""pass_improvised"", ""unit_files"": 1.0, ""unit_flagged_frac"": 0.0, ""unit_hip_flexion_min"": 129.29547654225252, ""unit_knee_between_min"": 0.49135359928229283}",render
r4_088,recheck_pass_088_V00_S0164_I00000377_P0027A_f0003127,V00_S0164_I00000377_P0027A,improvised/train/0003/0034/V00_S0164_I00000377_P0027A,improvised/train/0003/0020/V00_S0164_I00000377_P0234,recheck_pass,recheck,improvised,3127,V00,improvised,train,ipc_conversation,shown in Round 3 as flagged_fm4_mutual_silence; re-judged under the Round-4 detectors,"{""clip_anchored_on_fm2_violation"": false, ""flag_count"": 0, ""flags_fired"": """", ""fm1_hip_flexion_deg_p50"": 143.78173833368777, ""fm1_knee_between_torso_p50"": 0.5043565055815016, ""fm1_leg_over_torso_p50"": 1.4336409784351924, ""fm1_reasons"": """", ""fm1_shin_verticality_p50"": 0.9942070445503987, ""fm1_sitting_file"": false, ""fm1_sitting_participant"": false, ""fm1_unit"": ""0027A@0164"", ""fm1_unit_basis"": ""none"", ""fm2_in_frame_and_valid_frac"": 1.0, ""fm2_pass_frac_round3_joints_only"": 1.0, ""fm2_smplh_valid_frac"": 1.0, ""fm2_surface_correction_px_p50"": 38.33882221099293, ""fm2_vertex_worst_inset_min_px"": 174.33476503399652, ""fm2_violation_run_max_frames"": 0.0, ""fm2_violation_runs"": 0.0, ""fm2_windowed_pass_frac"": 1.0, ""fm3_static_frac"": 0.1350210970464135, ""observed_duration_s"": 158.0, ""reproj_px_p50"": 16.963853640555307, ""reproj_shoulder_widths_p50"": 0.056709553594703296, ""round3_gallery_group"": ""flagged_fm4_mutual_silence"", ""unit_files"": 1.0, ""unit_flagged_frac"": 0.0, ""unit_hip_flexion_min"": 143.78173833368777, ""unit_knee_between_min"": 0.5043565055815016}",render
r4_089,recheck_pass_089_V00_S0310_I00000135_P0417_f0001551,V00_S0310_I00000135_P0417,naturalistic/train/0007/0025/V00_S0310_I00000135_P0417,naturalistic/train/0007/0002/V00_S0310_I00000135_P0042,recheck_pass,recheck,naturalistic,1551,V00,naturalistic,train,collaborative_storytelling,shown in Round 3 as flagged_fm4_mutual_silence; re-judged under the Round-4 detectors,"{""clip_anchored_on_fm2_violation"": false, ""flag_count"": 0, ""flags_fired"": """", ""fm1_hip_flexion_deg_p50"": 151.5842682182531, ""fm1_knee_between_torso_p50"": 0.6209630834541788, ""fm1_leg_over_torso_p50"": 1.0361315306421945, ""fm1_reasons"": """", ""fm1_shin_verticality_p50"": 0.9991330630859093, ""fm1_sitting_file"": false, ""fm1_sitting_participant"": false, ""fm1_unit"": ""0417@0310"", ""fm1_unit_basis"": ""none"", ""fm2_in_frame_and_valid_frac"": 0.8239035087719299, ""fm2_pass_frac_round3_joints_only"": 1.0, ""fm2_smplh_valid_frac"": 1.0, ""fm2_surface_correction_px_p50"": 41.33743939037197, ""fm2_vertex_worst_inset_min_px"": -29.49176309095901, ""fm2_violation_run_max_frames"": 431.0, ""fm2_violation_runs"": 27.0, ""fm2_windowed_pass_frac"": 1.0, ""fm3_static_frac"": 0.11513157894736842, ""observed_duration_s"": 152.0, ""reproj_px_p50"": 42.96604750768205, ""reproj_shoulder_widths_p50"": 0.11803890073948711, ""round3_gallery_group"": ""flagged_fm4_mutual_silence"", ""unit_files"": 4.0, ""unit_flagged_frac"": 0.0, ""unit_hip_flexion_min"": 145.08962894053383, ""unit_knee_between_min"": 0.5456779592561491}",render
r4_090,recheck_pass_090_V00_S0427_I00000478_P0210_f0000690,V00_S0427_I00000478_P0210,naturalistic/train/0011/0037/V00_S0427_I00000478_P0210,naturalistic/train/0011/0025/V00_S0427_I00000478_P0560,recheck_pass,recheck,naturalistic,690,V00,naturalistic,train,ipc_conversation,shown in Round 3 as pass_naturalistic; re-judged under the Round-4 detectors,"{""clip_anchored_on_fm2_violation"": false, ""flag_count"": 0, ""flags_fired"": """", ""fm1_hip_flexion_deg_p50"": 156.79827255008854, ""fm1_knee_between_torso_p50"": 0.5651598804866439, ""fm1_leg_over_torso_p50"": 1.252332736909627, ""fm1_reasons"": """", ""fm1_shin_verticality_p50"": 0.9914543214980939, ""fm1_sitting_file"": false, ""fm1_sitting_participant"": false, ""fm1_unit"": ""0210@0427"", ""fm1_unit_basis"": ""none"", ""fm2_in_frame_and_valid_frac"": 0.6807511737089202, ""fm2_pass_frac_round3_joints_only"": 1.0, ""fm2_smplh_valid_frac"": 1.0, ""fm2_surface_correction_px_p50"": 36.599583668347464, ""fm2_vertex_worst_inset_min_px"": -14.457398757033161, ""fm2_violation_run_max_frames"": 45.0, ""fm2_violation_runs"": 382.0, ""fm2_windowed_pass_frac"": 1.0, ""fm3_static_frac"": 0.67981220657277, ""observed_duration_s"": 142.0, ""reproj_px_p50"": 51.80569239534694, ""reproj_shoulder_widths_p50"": 0.14167764229256574, ""round3_gallery_group"": ""pass_naturalistic"", ""unit_files"": 4.0, ""unit_flagged_frac"": 0.0, ""unit_hip_flexion_min"": 149.94419273927716, ""unit_knee_between_min"": 0.5446235676427659}",render
r4_091,recheck_fm1_sitting_091_V00_S0555_I00000134_P0698_f0000565,V00_S0555_I00000134_P0698,naturalistic/train/0015/0023/V00_S0555_I00000134_P0698,naturalistic/train/0015/0030/V00_S0555_I00000134_P0699,recheck_fm1_sitting,recheck,naturalistic,565,V00,naturalistic,train,ipc_conversation,shown in Round 3 as flagged_fm1_sitting; re-judged under the Round-4 detectors,"{""clip_anchored_on_fm2_violation"": false, ""flag_count"": 1, ""flags_fired"": ""fm1_sitting"", ""fm1_hip_flexion_deg_p50"": 102.00759733797726, ""fm1_knee_between_torso_p50"": 0.2946516690513367, ""fm1_leg_over_torso_p50"": 1.471647574892495, ""fm1_reasons"": ""knee_between"", ""fm1_shin_verticality_p50"": 0.999013810108271, ""fm1_sitting_file"": true, ""fm1_sitting_participant"": true, ""fm1_unit"": ""0698@0555"", ""fm1_unit_basis"": ""majority"", ""fm2_in_frame_and_valid_frac"": 1.0, ""fm2_pass_frac_round3_joints_only"": 1.0, ""fm2_smplh_valid_frac"": 1.0, ""fm2_surface_correction_px_p50"": 25.830831613072405, ""fm2_vertex_worst_inset_min_px"": 183.03086199486825, ""fm2_violation_run_max_frames"": 0.0, ""fm2_violation_runs"": 0.0, ""fm2_windowed_pass_frac"": 1.0, ""fm3_static_frac"": 0.24053030303030304, ""observed_duration_s"": 264.0, ""reproj_px_p50"": 26.632514843670403, ""reproj_shoulder_widths_p50"": 0.08452435700219187, ""round3_gallery_group"": ""flagged_fm1_sitting"", ""unit_files"": 3.0, ""unit_flagged_frac"": 1.0, ""unit_hip_flexion_min"": 99.70783779325136, ""unit_knee_between_min"": 0.2751632963639708}",render
r4_092,recheck_pass_092_V00_S1953_I00001098_P0196A_f0004163,V00_S1953_I00001098_P0196A,improvised/train/0047/0015/V00_S1953_I00001098_P0196A,improvised/train/0047/0033/V00_S1953_I00001098_P1151A,recheck_pass,recheck,improvised,4163,V00,improvised,train,ipc_conversation,shown in Round 3 as pass_improvised; re-judged under the Round-4 detectors,"{""clip_anchored_on_fm2_violation"": false, ""flag_count"": 0, ""flags_fired"": """", ""fm1_hip_flexion_deg_p50"": 128.32014930590577, ""fm1_knee_between_torso_p50"": 0.5634931005779436, ""fm1_leg_over_torso_p50"": 0.9553403406039249, ""fm1_reasons"": """", ""fm1_shin_verticality_p50"": 0.9994060012290674, ""fm1_sitting_file"": false, ""fm1_sitting_participant"": false, ""fm1_unit"": ""0196A@1953"", ""fm1_unit_basis"": ""none"", ""fm2_in_frame_and_valid_frac"": 1.0, ""fm2_pass_frac_round3_joints_only"": 1.0, ""fm2_smplh_valid_frac"": 1.0, ""fm2_surface_correction_px_p50"": 94.72796388989457, ""fm2_vertex_worst_inset_min_px"": 93.47677937347373, ""fm2_violation_run_max_frames"": 0.0, ""fm2_violation_runs"": 0.0, ""fm2_windowed_pass_frac"": 1.0, ""fm3_static_frac"": 0.6119205298013245, ""observed_duration_s"": 302.0, ""reproj_px_p50"": 17.434636278078145, ""reproj_shoulder_widths_p50"": 0.051916789915901124, ""round3_gallery_group"": ""pass_improvised"", ""unit_files"": 1.0, ""unit_flagged_frac"": 0.0, ""unit_hip_flexion_min"": 128.32014930590577, ""unit_knee_between_min"": 0.5634931005779436}",render
r4_093,recheck_pass_093_V00_S1551_I00001094_P0921A_f0006015,V00_S1551_I00001094_P0921A,improvised/train/0037/0060/V00_S1551_I00001094_P0921A,improvised/train/0037/0044/V00_S1551_I00001094_P0799A,recheck_pass,recheck,improvised,6015,V00,improvised,train,ipc_conversation,shown in Round 3 as pass_improvised; re-judged under the Round-4 detectors,"{""clip_anchored_on_fm2_violation"": false, ""flag_count"": 0, ""flags_fired"": """", ""fm1_hip_flexion_deg_p50"": 135.6717211027796, ""fm1_knee_between_torso_p50"": 0.4858889070294536, ""fm1_leg_over_torso_p50"": 1.3513951944944982, ""fm1_reasons"": """", ""fm1_shin_verticality_p50"": 0.9996349693433519, ""fm1_sitting_file"": false, ""fm1_sitting_participant"": false, ""fm1_unit"": ""0921A@1551"", ""fm1_unit_basis"": ""none"", ""fm2_in_frame_and_valid_frac"": 1.0, ""fm2_pass_frac_round3_joints_only"": 1.0, ""fm2_smplh_valid_frac"": 1.0, ""fm2_surface_correction_px_p50"": 27.312767488990403, ""fm2_vertex_worst_inset_min_px"": 88.52525379256963, ""fm2_violation_run_max_frames"": 0.0, ""fm2_violation_runs"": 0.0, ""fm2_windowed_pass_frac"": 1.0, ""fm3_static_frac"": 0.06434343434343434, ""observed_duration_s"": 330.0, ""reproj_px_p50"": 25.310177927555355, ""reproj_shoulder_widths_p50"": 0.08797680159975017, ""round3_gallery_group"": ""pass_improvised"", ""unit_files"": 1.0, ""unit_flagged_frac"": 0.0, ""unit_hip_flexion_min"": 135.6717211027796, ""unit_knee_between_min"": 0.4858889070294536}",render
r4_094,recheck_fm3_static_hands_094_V00_S0238_I00000542_P0316_f0002273,V00_S0238_I00000542_P0316,improvised/train/0005/0028/V00_S0238_I00000542_P0316,improvised/train/0005/0039/V00_S0238_I00000542_P0150A,recheck_fm3_static_hands,recheck,improvised,2273,V00,improvised,train,ipc_conversation,shown in Round 3 as flagged_multi; re-judged under the Round-4 detectors,"{""clip_anchored_on_fm2_violation"": false, ""flag_count"": 1, ""flags_fired"": ""fm3_static_hands"", ""fm1_hip_flexion_deg_p50"": 137.5779691505623, ""fm1_knee_between_torso_p50"": 0.5252747390661029, ""fm1_leg_over_torso_p50"": 1.1904318807223415, ""fm1_reasons"": """", ""fm1_shin_verticality_p50"": 0.9999999999999759, ""fm1_sitting_file"": false, ""fm1_sitting_participant"": false, ""fm1_unit"": ""0316@0238"", ""fm1_unit_basis"": ""none"", ""fm2_in_frame_and_valid_frac"": 1.0, ""fm2_pass_frac_round3_joints_only"": 1.0, ""fm2_smplh_valid_frac"": 1.0, ""fm2_surface_correction_px_p50"": 41.821032429604315, ""fm2_vertex_worst_inset_min_px"": 35.34869730380933, ""fm2_violation_run_max_frames"": 0.0, ""fm2_violation_runs"": 0.0, ""fm2_windowed_pass_frac"": 1.0, ""fm3_static_frac"": 0.7763440860215054, ""observed_duration_s"": 124.0, ""reproj_px_p50"": 49.628411791789205, ""reproj_shoulder_widths_p50"": 0.14176685792345095, ""round3_gallery_group"": ""flagged_multi"", ""unit_files"": 3.0, ""unit_flagged_frac"": 0.0, ""unit_hip_flexion_min"": 137.5779691505623, ""unit_knee_between_min"": 0.5252747390661029}",render
r4_095,recheck_pass_095_V00_S0310_I00000374_P0417_f0002798,V00_S0310_I00000374_P0417,naturalistic/train/0007/0034/V00_S0310_I00000374_P0417,naturalistic/train/0007/0023/V00_S0310_I00000374_P0042,recheck_pass,recheck,naturalistic,2798,V00,naturalistic,train,ipc_conversation,shown in Round 3 as flagged_fm4_mutual_silence; re-judged under the Round-4 detectors,"{""clip_anchored_on_fm2_violation"": false, ""flag_count"": 0, ""flags_fired"": """", ""fm1_hip_flexion_deg_p50"": 148.70254503328664, ""fm1_knee_between_torso_p50"": 0.6329116516434317, ""fm1_leg_over_torso_p50"": 1.002086361472875, ""fm1_reasons"": """", ""fm1_shin_verticality_p50"": 0.9962405732028216, ""fm1_sitting_file"": false, ""fm1_sitting_participant"": false, ""fm1_unit"": ""0417@0310"", ""fm1_unit_basis"": ""none"", ""fm2_in_frame_and_valid_frac"": 0.9994252873563219, ""fm2_pass_frac_round3_joints_only"": 1.0, ""fm2_smplh_valid_frac"": 1.0, ""fm2_surface_correction_px_p50"": 42.0565560530971, ""fm2_vertex_worst_inset_min_px"": -3.03213546865436, ""fm2_violation_run_max_frames"": 1.0, ""fm2_violation_runs"": 3.0, ""fm2_windowed_pass_frac"": 1.0, ""fm3_static_frac"": 0.1735632183908046, ""observed_duration_s"": 174.0, ""reproj_px_p50"": 44.722865136011954, ""reproj_shoulder_widths_p50"": 0.12116166771086889, ""round3_gallery_group"": ""flagged_fm4_mutual_silence"", ""unit_files"": 4.0, ""unit_flagged_frac"": 0.0, ""unit_hip_flexion_min"": 145.08962894053383, ""unit_knee_between_min"": 0.5456779592561491}",render
r4_096,recheck_pass_096_V00_S0331_I00000477_P0447_f0000900,V00_S0331_I00000477_P0447,naturalistic/train/0008/0005/V00_S0331_I00000477_P0447,naturalistic/train/0008/0026/V00_S0331_I00000477_P0193,recheck_pass,recheck,naturalistic,900,V00,naturalistic,train,ipc_conversation,shown in Round 3 as flagged_fm4_mutual_silence; re-judged under the Round-4 detectors,"{""clip_anchored_on_fm2_violation"": false, ""flag_count"": 0, ""flags_fired"": """", ""fm1_hip_flexion_deg_p50"": 150.30271652268834, ""fm1_knee_between_torso_p50"": 0.5502642185011877, ""fm1_leg_over_torso_p50"": 1.2413941548729093, ""fm1_reasons"": """", ""fm1_shin_verticality_p50"": 0.9996144246402601, ""fm1_sitting_file"": false, ""fm1_sitting_participant"": false, ""fm1_unit"": ""0447@0331"", ""fm1_unit_basis"": ""none"", ""fm2_in_frame_and_valid_frac"": 0.9983606557377049, ""fm2_pass_frac_round3_joints_only"": 1.0, ""fm2_smplh_valid_frac"": 1.0, ""fm2_surface_correction_px_p50"": 38.56210560303259, ""fm2_vertex_worst_inset_min_px"": 0.8315253337839295, ""fm2_violation_run_max_frames"": 4.0, ""fm2_violation_runs"": 2.0, ""fm2_windowed_pass_frac"": 1.0, ""fm3_static_frac"": 0.6177595628415301, ""observed_duration_s"": 122.0, ""reproj_px_p50"": 47.29477538784809, ""reproj_shoulder_widths_p50"": 0.12983301518739465, ""round3_gallery_group"": ""flagged_fm4_mutual_silence"", ""unit_files"": 2.0, ""unit_flagged_frac"": 0.0, ""unit_hip_flexion_min"": 150.30271652268834, ""unit_knee_between_min"": 0.5502642185011877}",render
r4_097,recheck_pass_097_V00_S0581_I00000135_P0732_f0002517,V00_S0581_I00000135_P0732,naturalistic/train/0016/0037/V00_S0581_I00000135_P0732,naturalistic/train/0016/0001/V00_S0581_I00000135_P0731,recheck_pass,recheck,naturalistic,2517,V00,naturalistic,train,collaborative_storytelling,shown in Round 3 as flagged_fm1_sitting; re-judged under the Round-4 detectors,"{""clip_anchored_on_fm2_violation"": false, ""flag_count"": 0, ""flags_fired"": """", ""fm1_hip_flexion_deg_p50"": 141.58303656351015, ""fm1_knee_between_torso_p50"": 0.613338458904909, ""fm1_leg_over_torso_p50"": 0.8397588338581821, ""fm1_reasons"": """", ""fm1_shin_verticality_p50"": 0.9992009552934455, ""fm1_sitting_file"": false, ""fm1_sitting_participant"": false, ""fm1_unit"": ""0732@0581"", ""fm1_unit_basis"": ""none"", ""fm2_in_frame_and_valid_frac"": 1.0, ""fm2_pass_frac_round3_joints_only"": 1.0, ""fm2_smplh_valid_frac"": 1.0, ""fm2_surface_correction_px_p50"": 53.234803280300184, ""fm2_vertex_worst_inset_min_px"": 1.9814154092857734, ""fm2_violation_run_max_frames"": 0.0, ""fm2_violation_runs"": 0.0, ""fm2_windowed_pass_frac"": 1.0, ""fm3_static_frac"": 0.635593220338983, ""observed_duration_s"": 118.0, ""reproj_px_p50"": 53.9319570520433, ""reproj_shoulder_widths_p50"": 0.13674232248379492, ""round3_gallery_group"": ""flagged_fm1_sitting"", ""unit_files"": 3.0, ""unit_flagged_frac"": 0.0, ""unit_hip_flexion_min"": 141.58303656351015, ""unit_knee_between_min"": 0.613338458904909}",render
r4_098,recheck_fm2_smplh_invalid_098_V00_S0842_I00000861_P0092_f0000815,V00_S0842_I00000861_P0092,improvised/train/0017/0047/V00_S0842_I00000861_P0092,improvised/train/0017/0027/V00_S0842_I00000861_P0185,recheck_fm2_smplh_invalid,recheck,improvised,815,V00,improvised,train,ipc_conversation,shown in Round 3 as flagged_fm2_framing; re-judged under the Round-4 detectors,"{""clip_anchored_on_fm2_violation"": true, ""flag_count"": 1, ""flags_fired"": ""fm2_smplh_invalid"", ""fm1_hip_flexion_deg_p50"": 156.0516396472517, ""fm1_knee_between_torso_p50"": 0.5988017170154911, ""fm1_leg_over_torso_p50"": 1.074219692343417, ""fm1_reasons"": """", ""fm1_shin_verticality_p50"": 0.9996144206527183, ""fm1_sitting_file"": false, ""fm1_sitting_participant"": false, ""fm1_unit"": ""0092@0842"", ""fm1_unit_basis"": ""none"", ""fm2_in_frame_and_valid_frac"": 0.9625827814569536, ""fm2_pass_frac_round3_joints_only"": 0.9634657836644591, ""fm2_smplh_valid_frac"": 0.9846578366445916, ""fm2_surface_correction_px_p50"": 40.76381667679209, ""fm2_vertex_worst_inset_min_px"": -612.7490695626293, ""fm2_violation_run_max_frames"": 150.0, ""fm2_violation_runs"": 10.0, ""fm2_windowed_pass_frac"": 0.5, ""fm3_static_frac"": 0.001555728414268252, ""observed_duration_s"": 302.0, ""reproj_px_p50"": 18.026553677619734, ""reproj_shoulder_widths_p50"": 0.05127598729723534, ""round3_gallery_group"": ""flagged_fm2_framing"", ""unit_files"": 2.0, ""unit_flagged_frac"": 0.0, ""unit_hip_flexion_min"": 156.0516396472517, ""unit_knee_between_min"": 0.577149863480681}",render
r4_099,recheck_pass_099_V00_S0880_I00000487_P0967_f0002690,V00_S0880_I00000487_P0967,naturalistic/train/0023/0020/V00_S0880_I00000487_P0967,naturalistic/train/0023/0019/V00_S0880_I00000487_P0658A,recheck_pass,recheck,naturalistic,2690,V00,naturalistic,train,ipc_conversation,shown in Round 3 as flagged_fm2_framing; re-judged under the Round-4 detectors,"{""clip_anchored_on_fm2_violation"": false, ""flag_count"": 0, ""flags_fired"": """", ""fm1_hip_flexion_deg_p50"": 158.24145876855866, ""fm1_knee_between_torso_p50"": 0.5576044950068321, ""fm1_leg_over_torso_p50"": 1.2599908698285907, ""fm1_reasons"": """", ""fm1_shin_verticality_p50"": 0.99875233363487, ""fm1_sitting_file"": false, ""fm1_sitting_participant"": false, ""fm1_unit"": ""0967@0880"", ""fm1_unit_basis"": ""none"", ""fm2_in_frame_and_valid_frac"": 0.9969806763285024, ""fm2_pass_frac_round3_joints_only"": 0.9984299516908213, ""fm2_smplh_valid_frac"": 1.0, ""fm2_surface_correction_px_p50"": 31.583728330822282, ""fm2_vertex_worst_inset_min_px"": -34.36898215361862, ""fm2_violation_run_max_frames"": 7.0, ""fm2_violation_runs"": 10.0, ""fm2_windowed_pass_frac"": 0.8888888888888888, ""fm3_static_frac"": 0.3033816425120773, ""observed_duration_s"": 276.0, ""reproj_px_p50"": 12.02037440738604, ""reproj_shoulder_widths_p50"": 0.03954015906737299, ""round3_gallery_group"": ""flagged_fm2_framing"", ""unit_files"": 4.0, ""unit_flagged_frac"": 0.0, ""unit_hip_flexion_min"": 151.68930689620692, ""unit_knee_between_min"": 0.557351124445991}",render
r4_100,recheck_pass_100_V00_S0981_I00000527_P0845A_f0003597,V00_S0981_I00000527_P0845A,improvised/train/0020/0031/V00_S0981_I00000527_P0845A,improvised/train/0020/0034/V00_S0981_I00000527_P1049,recheck_pass,recheck,improvised,3597,V00,improvised,train,grounded_gesture,shown in Round 3 as flagged_fm4_mutual_silence; re-judged under the Round-4 detectors,"{""clip_anchored_on_fm2_violation"": false, ""flag_count"": 0, ""flags_fired"": """", ""fm1_hip_flexion_deg_p50"": 161.74342145944115, ""fm1_knee_between_torso_p50"": 0.574011341410737, ""fm1_leg_over_torso_p50"": 1.278622315970667, ""fm1_reasons"": """", ""fm1_shin_verticality_p50"": 0.9996349691030348, ""fm1_sitting_file"": false, ""fm1_sitting_participant"": false, ""fm1_unit"": ""0845A@0981"", ""fm1_unit_basis"": ""none"", ""fm2_in_frame_and_valid_frac"": 1.0, ""fm2_pass_frac_round3_joints_only"": 1.0, ""fm2_smplh_valid_frac"": 1.0, ""fm2_surface_correction_px_p50"": 37.14236238103865, ""fm2_vertex_worst_inset_min_px"": 53.30904269754711, ""fm2_violation_run_max_frames"": 0.0, ""fm2_violation_runs"": 0.0, ""fm2_windowed_pass_frac"": 1.0, ""fm3_static_frac"": 0.5606060606060606, ""observed_duration_s"": 176.0, ""reproj_px_p50"": 23.678902170585573, ""reproj_shoulder_widths_p50"": 0.07990553849850718, ""round3_gallery_group"": ""flagged_fm4_mutual_silence"", ""unit_files"": 2.0, ""unit_flagged_frac"": 0.0, ""unit_hip_flexion_min"": 161.74342145944115, ""unit_knee_between_min"": 0.574011341410737}",render
r4_101,recheck_pass_101_V00_S1463_I00000421_P0556_f0002487,V00_S1463_I00000421_P0556,naturalistic/train/0027/0043/V00_S1463_I00000421_P0556,naturalistic/train/0027/0047/V00_S1463_I00000421_P0758,recheck_pass,recheck,naturalistic,2487,V00,naturalistic,train,ipc_conversation,shown in Round 3 as pass_naturalistic; re-judged under the Round-4 detectors,"{""clip_anchored_on_fm2_violation"": false, ""flag_count"": 0, ""flags_fired"": """", ""fm1_hip_flexion_deg_p50"": 156.89755082278015, ""fm1_knee_between_torso_p50"": 0.5562985453928835, ""fm1_leg_over_torso_p50"": 1.3566260095155271, ""fm1_reasons"": """", ""fm1_shin_verticality_p50"": 0.9963466778350685, ""fm1_sitting_file"": false, ""fm1_sitting_participant"": false, ""fm1_unit"": ""0556@1463"", ""fm1_unit_basis"": ""none"", ""fm2_in_frame_and_valid_frac"": 1.0, ""fm2_pass_frac_round3_joints_only"": 1.0, ""fm2_smplh_valid_frac"": 1.0, ""fm2_surface_correction_px_p50"": 30.367595575124597, ""fm2_vertex_worst_inset_min_px"": 75.4269318010248, ""fm2_violation_run_max_frames"": 0.0, ""fm2_violation_runs"": 0.0, ""fm2_windowed_pass_frac"": 1.0, ""fm3_static_frac"": 0.7233739837398374, ""observed_duration_s"": 164.0, ""reproj_px_p50"": 27.692122552147445, ""reproj_shoulder_widths_p50"": 0.09698809829225313, ""round3_gallery_group"": ""pass_naturalistic"", ""unit_files"": 1.0, ""unit_flagged_frac"": 0.0, ""unit_hip_flexion_min"": 156.89755082278015, ""unit_knee_between_min"": 0.5562985453928835}",render
r4_102,recheck_fm3_static_hands_102_V00_S1866_I00000680_P0861A_f0005321,V00_S1866_I00000680_P0861A,improvised/train/0046/0061/V00_S1866_I00000680_P0861A,improvised/train/0046/0066/V00_S1866_I00000680_P0027A,recheck_fm3_static_hands,recheck,improvised,5321,V00,improvised,train,ipc_conversation,shown in Round 3 as flagged_fm3_static_hands; re-judged under the Round-4 detectors,"{""clip_anchored_on_fm2_violation"": false, ""flag_count"": 1, ""flags_fired"": ""fm3_static_hands"", ""fm1_hip_flexion_deg_p50"": 169.38600423323692, ""fm1_knee_between_torso_p50"": 0.543088829689334, ""fm1_leg_over_torso_p50"": 1.64346877267007, ""fm1_reasons"": """", ""fm1_shin_verticality_p50"": 0.9997830572822617, ""fm1_sitting_file"": false, ""fm1_sitting_participant"": false, ""fm1_unit"": ""0861A@1866"", ""fm1_unit_basis"": ""none"", ""fm2_in_frame_and_valid_frac"": 1.0, ""fm2_pass_frac_round3_joints_only"": 1.0, ""fm2_smplh_valid_frac"": 1.0, ""fm2_surface_correction_px_p50"": 22.211960191784897, ""fm2_vertex_worst_inset_min_px"": 150.46325880084078, ""fm2_violation_run_max_frames"": 0.0, ""fm2_violation_runs"": 0.0, ""fm2_windowed_pass_frac"": 1.0, ""fm3_static_frac"": 0.8431434599156118, ""observed_duration_s"": 316.0, ""reproj_px_p50"": 16.99614858231774, ""reproj_shoulder_widths_p50"": 0.05930922946059365, ""round3_gallery_group"": ""flagged_fm3_static_hands"", ""unit_files"": 2.0, ""unit_flagged_frac"": 0.0, ""unit_hip_flexion_min"": 163.8980958314391, ""unit_knee_between_min"": 0.5353183992945147}",render
r4_103,recheck_pass_103_V00_S0166_I00000537_P0004A_f0003132,V00_S0166_I00000537_P0004A,improvised/train/0003/0000/V00_S0166_I00000537_P0004A,improvised/train/0003/0011/V00_S0166_I00000537_P0011,recheck_pass,recheck,improvised,3132,V00,improvised,train,ipc_conversation,shown in Round 3 as pass_improvised; re-judged under the Round-4 detectors,"{""clip_anchored_on_fm2_violation"": false, ""flag_count"": 0, ""flags_fired"": """", ""fm1_hip_flexion_deg_p50"": 143.61881937514107, ""fm1_knee_between_torso_p50"": 0.5149876638836727, ""fm1_leg_over_torso_p50"": 1.4036864657724513, ""fm1_reasons"": """", ""fm1_shin_verticality_p50"": 0.9963466580487035, ""fm1_sitting_file"": false, ""fm1_sitting_participant"": false, ""fm1_unit"": ""0004A@0166"", ""fm1_unit_basis"": ""none"", ""fm2_in_frame_and_valid_frac"": 1.0, ""fm2_pass_frac_round3_joints_only"": 1.0, ""fm2_smplh_valid_frac"": 1.0, ""fm2_surface_correction_px_p50"": 39.18710496336075, ""fm2_vertex_worst_inset_min_px"": 60.24689938209394, ""fm2_violation_run_max_frames"": 0.0, ""fm2_violation_runs"": 0.0, ""fm2_windowed_pass_frac"": 1.0, ""fm3_static_frac"": 0.07444444444444444, ""observed_duration_s"": 150.0, ""reproj_px_p50"": 20.198355575034142, ""reproj_shoulder_widths_p50"": 0.06430436369091683, ""round3_gallery_group"": ""pass_improvised"", ""unit_files"": 2.0, ""unit_flagged_frac"": 0.0, ""unit_hip_flexion_min"": 143.61881937514107, ""unit_knee_between_min"": 0.5149876638836727}",render
r4_104,recheck_fm2_smplh_invalid_104_V00_S0721_I00000956_P0359A_f0004416,V00_S0721_I00000956_P0359A,improvised/train/0014/0047/V00_S0721_I00000956_P0359A,improvised/train/0014/0054/V00_S0721_I00000956_P0196A,recheck_fm2_smplh_invalid,recheck,improvised,4416,V00,improvised,train,ipc_conversation,shown in Round 3 as flagged_multi; re-judged under the Round-4 detectors,"{""clip_anchored_on_fm2_violation"": true, ""flag_count"": 1, ""flags_fired"": ""fm2_smplh_invalid"", ""fm1_hip_flexion_deg_p50"": 147.16973795440015, ""fm1_knee_between_torso_p50"": 0.5692155022349971, ""fm1_leg_over_torso_p50"": 1.0571819609855375, ""fm1_reasons"": """", ""fm1_shin_verticality_p50"": 0.9994449113209893, ""fm1_sitting_file"": false, ""fm1_sitting_participant"": false, ""fm1_unit"": ""0359A@0721"", ""fm1_unit_basis"": ""none"", ""fm2_in_frame_and_valid_frac"": 0.6007670850767085, ""fm2_pass_frac_round3_joints_only"": 0.9875174337517434, ""fm2_smplh_valid_frac"": 0.9953974895397489, ""fm2_surface_correction_px_p50"": 46.25633828854063, ""fm2_vertex_worst_inset_min_px"": -162.96344554611926, ""fm2_violation_run_max_frames"": 293.0, ""fm2_violation_runs"": 916.0, ""fm2_windowed_pass_frac"": 0.5333333333333333, ""fm3_static_frac"": 0.02705718270571827, ""observed_duration_s"": 478.0, ""reproj_px_p50"": 52.00916089064354, ""reproj_shoulder_widths_p50"": 0.1314816986361821, ""round3_gallery_group"": ""flagged_multi"", ""unit_files"": 1.0, ""unit_flagged_frac"": 0.0, ""unit_hip_flexion_min"": 147.16973795440015, ""unit_knee_between_min"": 0.5692155022349971}",render
r4_105,recheck_pass_105_V00_S1156_I00001175_P0042A_f0002482,V00_S1156_I00001175_P0042A,improvised/train/0025/0029/V00_S1156_I00001175_P0042A,improvised/train/0025/0022/V00_S1156_I00001175_P0004A,recheck_pass,recheck,improvised,2482,V00,improvised,train,ipc_conversation,shown in Round 3 as pass_improvised; re-judged under the Round-4 detectors,"{""clip_anchored_on_fm2_violation"": false, ""flag_count"": 0, ""flags_fired"": """", ""fm1_hip_flexion_deg_p50"": 158.22088785555968, ""fm1_knee_between_torso_p50"": 0.5510138225265697, ""fm1_leg_over_torso_p50"": 1.4977399024998301, ""fm1_reasons"": """", ""fm1_shin_verticality_p50"": 0.9967290526970471, ""fm1_sitting_file"": false, ""fm1_sitting_participant"": false, ""fm1_unit"": ""0042A@1156"", ""fm1_unit_basis"": ""none"", ""fm2_in_frame_and_valid_frac"": 1.0, ""fm2_pass_frac_round3_joints_only"": 1.0, ""fm2_smplh_valid_frac"": 1.0, ""fm2_surface_correction_px_p50"": 29.544989454088295, ""fm2_vertex_worst_inset_min_px"": 46.279057169756015, ""fm2_violation_run_max_frames"": 0.0, ""fm2_violation_runs"": 0.0, ""fm2_windowed_pass_frac"": 1.0, ""fm3_static_frac"": 0.02142857142857143, ""observed_duration_s"": 210.0, ""reproj_px_p50"": 13.21398712505239, ""reproj_shoulder_widths_p50"": 0.0486895688354462, ""round3_gallery_group"": ""pass_improvised"", ""unit_files"": 2.0, ""unit_flagged_frac"": 0.0, ""unit_hip_flexion_min"": 158.22088785555968, ""unit_knee_between_min"": 0.5510138225265697}",render
r4_106,recheck_fm3_static_hands_106_V00_S1759_I00001045_P1024A_f0005013,V00_S1759_I00001045_P1024A,improvised/train/0043/0041/V00_S1759_I00001045_P1024A,improvised/train/0043/0019/V00_S1759_I00001045_P1099A,recheck_fm3_static_hands,recheck,improvised,5013,V00,improvised,train,ipc_conversation,shown in Round 3 as flagged_fm3_static_hands; re-judged under the Round-4 detectors,"{""clip_anchored_on_fm2_violation"": false, ""flag_count"": 1, ""flags_fired"": ""fm3_static_hands"", ""fm1_hip_flexion_deg_p50"": 160.6388123232011, ""fm1_knee_between_torso_p50"": 0.5385582233533107, ""fm1_leg_over_torso_p50"": 1.4928868092497944, ""fm1_reasons"": """", ""fm1_shin_verticality_p50"": 0.9987523309066497, ""fm1_sitting_file"": false, ""fm1_sitting_participant"": false, ""fm1_unit"": ""1024A@1759"", ""fm1_unit_basis"": ""none"", ""fm2_in_frame_and_valid_frac"": 1.0, ""fm2_pass_frac_round3_joints_only"": 1.0, ""fm2_smplh_valid_frac"": 1.0, ""fm2_surface_correction_px_p50"": 28.318710327248937, ""fm2_vertex_worst_inset_min_px"": 161.7432107029299, ""fm2_violation_run_max_frames"": 0.0, ""fm2_violation_runs"": 0.0, ""fm2_windowed_pass_frac"": 1.0, ""fm3_static_frac"": 0.8607677902621723, ""observed_duration_s"": 356.0, ""reproj_px_p50"": 14.190250491756101, ""reproj_shoulder_widths_p50"": 0.049294951718959756, ""round3_gallery_group"": ""flagged_fm3_static_hands"", ""unit_files"": 1.0, ""unit_flagged_frac"": 0.0, ""unit_hip_flexion_min"": 160.6388123232011, ""unit_knee_between_min"": 0.5385582233533107}",render
r4_107,recheck_pass_107_V00_S0091_I00000480_P0040A_f0002430,V00_S0091_I00000480_P0040A,improvised/train/0001/0015/V00_S0091_I00000480_P0040A,improvised/train/0001/0010/V00_S0091_I00000480_P0132,recheck_pass,recheck,improvised,2430,V00,improvised,train,ipc_conversation,shown in Round 3 as pass_improvised; re-judged under the Round-4 detectors,"{""clip_anchored_on_fm2_violation"": false, ""flag_count"": 0, ""flags_fired"": """", ""fm1_hip_flexion_deg_p50"": 150.2171925203738, ""fm1_knee_between_torso_p50"": 0.5706166772041419, ""fm1_leg_over_torso_p50"": 1.1587452881831892, ""fm1_reasons"": """", ""fm1_shin_verticality_p50"": 0.9982743701575792, ""fm1_sitting_file"": false, ""fm1_sitting_participant"": false, ""fm1_unit"": ""0040A@0091"", ""fm1_unit_basis"": ""none"", ""fm2_in_frame_and_valid_frac"": 0.9993333333333333, ""fm2_pass_frac_round3_joints_only"": 1.0, ""fm2_smplh_valid_frac"": 1.0, ""fm2_surface_correction_px_p50"": 45.31101940336475, ""fm2_vertex_worst_inset_min_px"": 3.8281513038848516, ""fm2_violation_run_max_frames"": 4.0, ""fm2_violation_runs"": 1.0, ""fm2_windowed_pass_frac"": 1.0, ""fm3_static_frac"": 0.7096666666666667, ""observed_duration_s"": 200.0, ""reproj_px_p50"": 16.69352853911722, ""reproj_shoulder_widths_p50"": 0.04633348126672712, ""round3_gallery_group"": ""pass_improvised"", ""unit_files"": 1.0, ""unit_flagged_frac"": 0.0, ""unit_hip_flexion_min"": 150.2171925203738, ""unit_knee_between_min"": 0.5706166772041419}",render
r4_108,recheck_pass_108_V00_S0285_I00000484_P0386_f0003246,V00_S0285_I00000484_P0386,naturalistic/train/0007/0013/V00_S0285_I00000484_P0386,naturalistic/train/0007/0015/V00_S0285_I00000484_P0387,recheck_pass,recheck,naturalistic,3246,V00,naturalistic,train,ipc_conversation,shown in Round 3 as flagged_multi; re-judged under the Round-4 detectors,"{""clip_anchored_on_fm2_violation"": false, ""flag_count"": 0, ""flags_fired"": """", ""fm1_hip_flexion_deg_p50"": 134.17260772245442, ""fm1_knee_between_torso_p50"": 0.5581875635617171, ""fm1_leg_over_torso_p50"": 1.127493136578722, ""fm1_reasons"": """", ""fm1_shin_verticality_p50"": 0.9982743716257492, ""fm1_sitting_file"": false, ""fm1_sitting_participant"": false, ""fm1_unit"": ""0386@0285"", ""fm1_unit_basis"": ""none"", ""fm2_in_frame_and_valid_frac"": 0.9966856060606061, ""fm2_pass_frac_round3_joints_only"": 0.9993371212121213, ""fm2_smplh_valid_frac"": 1.0, ""fm2_surface_correction_px_p50"": 48.64888583863808, ""fm2_vertex_worst_inset_min_px"": -28.971698133047084, ""fm2_violation_run_max_frames"": 8.0, ""fm2_violation_runs"": 24.0, ""fm2_windowed_pass_frac"": 0.9090909090909091, ""fm3_static_frac"": 0.4028409090909091, ""observed_duration_s"": 352.0, ""reproj_px_p50"": 22.011379259396914, ""reproj_shoulder_widths_p50"": 0.06306073953591342, ""round3_gallery_group"": ""flagged_multi"", ""unit_files"": 4.0, ""unit_flagged_frac"": 0.0, ""unit_hip_flexion_min"": 130.30472419267667, ""unit_knee_between_min"": 0.544112171473281}",render
r4_109,recheck_fm2_smplh_invalid_109_V00_S1517_I00000691_P0933A_f0005149,V00_S1517_I00000691_P0933A,improvised/train/0036/0039/V00_S1517_I00000691_P0933A,improvised/train/0036/0039/V00_S1517_I00000691_P0004A,recheck_fm2_smplh_invalid,recheck,improvised,5149,V00,improvised,train,ipc_conversation,shown in Round 3 as flagged_fm2_framing; re-judged under the Round-4 detectors,"{""clip_anchored_on_fm2_violation"": true, ""flag_count"": 1, ""flags_fired"": ""fm2_smplh_invalid"", ""fm1_hip_flexion_deg_p50"": 146.6833928315312, ""fm1_knee_between_torso_p50"": 0.5771644382989969, ""fm1_leg_over_torso_p50"": 1.1119866235212261, ""fm1_reasons"": """", ""fm1_shin_verticality_p50"": 0.9994449044288434, ""fm1_sitting_file"": false, ""fm1_sitting_participant"": false, ""fm1_unit"": ""0933A@1517"", ""fm1_unit_basis"": ""none"", ""fm2_in_frame_and_valid_frac"": 0.9929824561403509, ""fm2_pass_frac_round3_joints_only"": 0.9946271929824562, ""fm2_smplh_valid_frac"": 0.9949561403508772, ""fm2_surface_correction_px_p50"": 36.68802949765916, ""fm2_vertex_worst_inset_min_px"": -59.46276675693673, ""fm2_violation_run_max_frames"": 30.0, ""fm2_violation_runs"": 7.0, ""fm2_windowed_pass_frac"": 0.6, ""fm3_static_frac"": 0.04078947368421053, ""observed_duration_s"": 304.0, ""reproj_px_p50"": 34.22705305650413, ""reproj_shoulder_widths_p50"": 0.11027132247605126, ""round3_gallery_group"": ""flagged_fm2_framing"", ""unit_files"": 1.0, ""unit_flagged_frac"": 0.0, ""unit_hip_flexion_min"": 146.6833928315312, ""unit_knee_between_min"": 0.5771644382989969}",render
r4_110,recheck_pass_110_V00_S1597_I00000723_P0040A_f0002159,V00_S1597_I00000723_P0040A,improvised/train/0038/0064/V00_S1597_I00000723_P0040A,improvised/train/0038/0034/V00_S1597_I00000723_P1149A,recheck_pass,recheck,improvised,2159,V00,improvised,train,ipc_conversation,shown in Round 3 as pass_improvised; re-judged under the Round-4 detectors,"{""clip_anchored_on_fm2_violation"": false, ""flag_count"": 0, ""flags_fired"": """", ""fm1_hip_flexion_deg_p50"": 144.34918949174408, ""fm1_knee_between_torso_p50"": 0.5434834204213945, ""fm1_leg_over_torso_p50"": 1.2012588764998031, ""fm1_reasons"": """", ""fm1_shin_verticality_p50"": 0.9996144225257051, ""fm1_sitting_file"": false, ""fm1_sitting_participant"": false, ""fm1_unit"": ""0040A@1597"", ""fm1_unit_basis"": ""none"", ""fm2_in_frame_and_valid_frac"": 0.9954268292682927, ""fm2_pass_frac_round3_joints_only"": 1.0, ""fm2_smplh_valid_frac"": 1.0, ""fm2_surface_correction_px_p50"": 37.51199452908145, ""fm2_vertex_worst_inset_min_px"": 4.243124134400205, ""fm2_violation_run_max_frames"": 16.0, ""fm2_violation_runs"": 5.0, ""fm2_windowed_pass_frac"": 1.0, ""fm3_static_frac"": 0.4503048780487805, ""observed_duration_s"": 328.0, ""reproj_px_p50"": 29.996313416451322, ""reproj_shoulder_widths_p50"": 0.09664190029872767, ""round3_gallery_group"": ""pass_improvised"", ""unit_files"": 3.0, ""unit_flagged_frac"": 0.0, ""unit_hip_flexion_min"": 144.34918949174408, ""unit_knee_between_min"": 0.5411558644934177}",render
r4_111,recheck_fm2_smplh_invalid_111_V00_S1678_I00001055_P0989A_f0009995,V00_S1678_I00001055_P0989A,improvised/train/0041/0023/V00_S1678_I00001055_P0989A,improvised/train/0041/0024/V00_S1678_I00001055_P0789A,recheck_fm2_smplh_invalid,recheck,improvised,9995,V00,improvised,train,ipc_conversation,shown in Round 3 as flagged_fm2_framing; re-judged under the Round-4 detectors,"{""clip_anchored_on_fm2_violation"": true, ""flag_count"": 1, ""flags_fired"": ""fm2_smplh_invalid"", ""fm1_hip_flexion_deg_p50"": 167.49212754959711, ""fm1_knee_between_torso_p50"": 0.5568367888476311, ""fm1_leg_over_torso_p50"": 1.391457876560492, ""fm1_reasons"": """", ""fm1_shin_verticality_p50"": 0.998812347633572, ""fm1_sitting_file"": false, ""fm1_sitting_participant"": false, ""fm1_unit"": ""0989A@1678"", ""fm1_unit_basis"": ""none"", ""fm2_in_frame_and_valid_frac"": 0.9875, ""fm2_pass_frac_round3_joints_only"": 0.9881205673758865, ""fm2_smplh_valid_frac"": 0.9908687943262411, ""fm2_surface_correction_px_p50"": 26.93778130933015, ""fm2_vertex_worst_inset_min_px"": -212.5996367507796, ""fm2_violation_run_max_frames"": 44.0, ""fm2_violation_runs"": 10.0, ""fm2_windowed_pass_frac"": 0.6666666666666666, ""fm3_static_frac"": 0.18776595744680852, ""observed_duration_s"": 376.0, ""reproj_px_p50"": 30.386432204095563, ""reproj_shoulder_widths_p50"": 0.10911836948030657, ""round3_gallery_group"": ""flagged_fm2_framing"", ""unit_files"": 3.0, ""unit_flagged_frac"": 0.0, ""unit_hip_flexion_min"": 156.57994436222816, ""unit_knee_between_min"": 0.5568367888476311}",render
r4_112,recheck_pass_112_V00_S0483_I00000135_P0250A_f0001092,V00_S0483_I00000135_P0250A,improvised/train/0010/0002/V00_S0483_I00000135_P0250A,improvised/train/0010/0015/V00_S0483_I00000135_P0070,recheck_pass,recheck,improvised,1092,V00,improvised,train,collaborative_storytelling,shown in Round 3 as pass_improvised; re-judged under the Round-4 detectors,"{""clip_anchored_on_fm2_violation"": false, ""flag_count"": 0, ""flags_fired"": """", ""fm1_hip_flexion_deg_p50"": 156.43651513818864, ""fm1_knee_between_torso_p50"": 0.5357940723376493, ""fm1_leg_over_torso_p50"": 1.4490553676168263, ""fm1_reasons"": """", ""fm1_shin_verticality_p50"": 0.9973336956799437, ""fm1_sitting_file"": false, ""fm1_sitting_participant"": false, ""fm1_unit"": ""0250A@0483"", ""fm1_unit_basis"": ""none"", ""fm2_in_frame_and_valid_frac"": 1.0, ""fm2_pass_frac_round3_joints_only"": 1.0, ""fm2_smplh_valid_frac"": 1.0, ""fm2_surface_correction_px_p50"": 36.822766276623156, ""fm2_vertex_worst_inset_min_px"": 130.87589193829535, ""fm2_violation_run_max_frames"": 0.0, ""fm2_violation_runs"": 0.0, ""fm2_windowed_pass_frac"": 1.0, ""fm3_static_frac"": 0.0, ""observed_duration_s"": 116.0, ""reproj_px_p50"": 18.194879578345216, ""reproj_shoulder_widths_p50"": 0.06245371314219435, ""round3_gallery_group"": ""pass_improvised"", ""unit_files"": 3.0, ""unit_flagged_frac"": 0.0, ""unit_hip_flexion_min"": 155.209297416446, ""unit_knee_between_min"": 0.5341414395575987}",render
r4_113,recheck_fm2_smplh_invalid_113_V00_S0532_I00000307_P0557_f0003185,V00_S0532_I00000307_P0557,naturalistic/train/0014/0029/V00_S0532_I00000307_P0557,naturalistic/train/0014/0004/V00_S0532_I00000307_P0679,recheck_fm2_smplh_invalid,recheck,naturalistic,3185,V00,naturalistic,train,ipc_conversation,shown in Round 3 as flagged_fm2_framing; re-judged under the Round-4 detectors,"{""clip_anchored_on_fm2_violation"": true, ""flag_count"": 1, ""flags_fired"": ""fm2_smplh_invalid"", ""fm1_hip_flexion_deg_p50"": 141.68369817850896, ""fm1_knee_between_torso_p50"": 0.5916730520598762, ""fm1_leg_over_torso_p50"": 1.0288194531499646, ""fm1_reasons"": """", ""fm1_shin_verticality_p50"": 0.9994801060406289, ""fm1_sitting_file"": false, ""fm1_sitting_participant"": false, ""fm1_unit"": ""0557@0532"", ""fm1_unit_basis"": ""none"", ""fm2_in_frame_and_valid_frac"": 0.9163333333333333, ""fm2_pass_frac_round3_joints_only"": 0.9458333333333333, ""fm2_smplh_valid_frac"": 0.9731666666666666, ""fm2_surface_correction_px_p50"": 45.89277820422478, ""fm2_vertex_worst_inset_min_px"": -142.60388867253778, ""fm2_violation_run_max_frames"": 66.0, ""fm2_violation_runs"": 47.0, ""fm2_windowed_pass_frac"": 0.16666666666666666, ""fm3_static_frac"": 0.0003333333333333333, ""observed_duration_s"": 200.0, ""reproj_px_p50"": 37.33406971220303, ""reproj_shoulder_widths_p50"": 0.10098802986536837, ""round3_gallery_group"": ""flagged_fm2_framing"", ""unit_files"": 2.0, ""unit_flagged_frac"": 0.0, ""unit_hip_flexion_min"": 137.39330612528946, ""unit_knee_between_min"": 0.5591518208129087}",render
r4_114,recheck_pass_114_V00_S1205_I00001200_P0397A_f0006384,V00_S1205_I00001200_P0397A,improvised/train/0027/0026/V00_S1205_I00001200_P0397A,improvised/train/0027/0008/V00_S1205_I00001200_P0210A,recheck_pass,recheck,improvised,6384,V00,improvised,train,ipc_conversation,shown in Round 3 as pass_improvised; re-judged under the Round-4 detectors,"{""clip_anchored_on_fm2_violation"": false, ""flag_count"": 0, ""flags_fired"": """", ""fm1_hip_flexion_deg_p50"": 134.27533585254525, ""fm1_knee_between_torso_p50"": 0.5621949338028794, ""fm1_leg_over_torso_p50"": 1.0810539870287788, ""fm1_reasons"": """", ""fm1_shin_verticality_p50"": 0.999512082667395, ""fm1_sitting_file"": false, ""fm1_sitting_participant"": false, ""fm1_unit"": ""0397A@1205"", ""fm1_unit_basis"": ""none"", ""fm2_in_frame_and_valid_frac"": 1.0, ""fm2_pass_frac_round3_joints_only"": 1.0, ""fm2_smplh_valid_frac"": 1.0, ""fm2_surface_correction_px_p50"": 34.47742534472829, ""fm2_vertex_worst_inset_min_px"": 98.17420941323746, ""fm2_violation_run_max_frames"": 0.0, ""fm2_violation_runs"": 0.0, ""fm2_windowed_pass_frac"": 1.0, ""fm3_static_frac"": 0.5422690763052209, ""observed_duration_s"": 332.0, ""reproj_px_p50"": 37.09413383562314, ""reproj_shoulder_widths_p50"": 0.11297204003728781, ""round3_gallery_group"": ""pass_improvised"", ""unit_files"": 1.0, ""unit_flagged_frac"": 0.0, ""unit_hip_flexion_min"": 134.27533585254525, ""unit_knee_between_min"": 0.5621949338028794}",render
r4_115,recheck_pass_115_V00_S1426_I00000401_P0460_f0003086,V00_S1426_I00000401_P0460,naturalistic/train/0027/0007/V00_S1426_I00000401_P0460,naturalistic/train/0027/0005/V00_S1426_I00000401_P1135,recheck_pass,recheck,naturalistic,3086,V00,naturalistic,train,ipc_conversation,shown in Round 3 as pass_naturalistic; re-judged under the Round-4 detectors,"{""clip_anchored_on_fm2_violation"": false, ""flag_count"": 0, ""flags_fired"": """", ""fm1_hip_flexion_deg_p50"": 127.78207101800427, ""fm1_knee_between_torso_p50"": 0.4769443409735685, ""fm1_leg_over_torso_p50"": 1.3275863997246768, ""fm1_reasons"": """", ""fm1_shin_verticality_p50"": 0.9997026866083643, ""fm1_sitting_file"": false, ""fm1_sitting_participant"": false, ""fm1_unit"": ""0460@1426"", ""fm1_unit_basis"": ""none"", ""fm2_in_frame_and_valid_frac"": 1.0, ""fm2_pass_frac_round3_joints_only"": 1.0, ""fm2_smplh_valid_frac"": 1.0, ""fm2_surface_correction_px_p50"": 87.98978765477807, ""fm2_vertex_worst_inset_min_px"": 51.78252154012779, ""fm2_violation_run_max_frames"": 0.0, ""fm2_violation_runs"": 0.0, ""fm2_windowed_pass_frac"": 1.0, ""fm3_static_frac"": 0.01634199134199134, ""observed_duration_s"": 308.0, ""reproj_px_p50"": 18.81186804123819, ""reproj_shoulder_widths_p50"": 0.05988787436754679, ""round3_gallery_group"": ""pass_naturalistic"", ""unit_files"": 2.0, ""unit_flagged_frac"": 0.0, ""unit_hip_flexion_min"": 121.16248749080404, ""unit_knee_between_min"": 0.4485453126170166}",render
r4_116,recheck_pass_116_V00_S1929_I00000216_P0409_f0002203,V00_S1929_I00000216_P0409,naturalistic/train/0031/0007/V00_S1929_I00000216_P0409,naturalistic/train/0031/0032/V00_S1929_I00000216_P0775,recheck_pass,recheck,naturalistic,2203,V00,naturalistic,train,ipc_conversation,shown in Round 3 as pass_naturalistic; re-judged under the Round-4 detectors,"{""clip_anchored_on_fm2_violation"": false, ""flag_count"": 0, ""flags_fired"": """", ""fm1_hip_flexion_deg_p50"": 115.79551853998274, ""fm1_knee_between_torso_p50"": 0.43681161067318813, ""fm1_leg_over_torso_p50"": 1.1010818912435005, ""fm1_reasons"": """", ""fm1_shin_verticality_p50"": 0.9979253348190084, ""fm1_sitting_file"": false, ""fm1_sitting_participant"": false, ""fm1_unit"": ""0409@1929"", ""fm1_unit_basis"": ""none"", ""fm2_in_frame_and_valid_frac"": 1.0, ""fm2_pass_frac_round3_joints_only"": 1.0, ""fm2_smplh_valid_frac"": 1.0, ""fm2_surface_correction_px_p50"": 31.59755074431189, ""fm2_vertex_worst_inset_min_px"": 3.9678645026317554, ""fm2_violation_run_max_frames"": 0.0, ""fm2_violation_runs"": 0.0, ""fm2_windowed_pass_frac"": 1.0, ""fm3_static_frac"": 0.5108108108108108, ""observed_duration_s"": 148.0, ""reproj_px_p50"": 20.330439663697426, ""reproj_shoulder_widths_p50"": 0.06655545208358574, ""round3_gallery_group"": ""pass_naturalistic"", ""unit_files"": 1.0, ""unit_flagged_frac"": 0.0, ""unit_hip_flexion_min"": 115.79551853998274, ""unit_knee_between_min"": 0.43681161067318813}",render
r4_117,recheck_pass_117_V00_S0884_I00000375_P0967_f0001392,V00_S0884_I00000375_P0967,improvised/train/0018/0038/V00_S0884_I00000375_P0967,improvised/train/0018/0044/V00_S0884_I00000375_P0028A,recheck_pass,recheck,improvised,1392,V00,improvised,train,ipc_conversation,shown in Round 3 as flagged_fm4_mutual_silence; re-judged under the Round-4 detectors,"{""clip_anchored_on_fm2_violation"": false, ""flag_count"": 0, ""flags_fired"": """", ""fm1_hip_flexion_deg_p50"": 154.4395221427721, ""fm1_knee_between_torso_p50"": 0.5561455587969928, ""fm1_leg_over_torso_p50"": 1.2611249971146452, ""fm1_reasons"": """", ""fm1_shin_verticality_p50"": 0.9984603364174391, ""fm1_sitting_file"": false, ""fm1_sitting_participant"": false, ""fm1_unit"": ""0967@0884"", ""fm1_unit_basis"": ""none"", ""fm2_in_frame_and_valid_frac"": 1.0, ""fm2_pass_frac_round3_joints_only"": 1.0, ""fm2_smplh_valid_frac"": 1.0, ""fm2_surface_correction_px_p50"": 34.60410287943287, ""fm2_vertex_worst_inset_min_px"": 134.45966630969002, ""fm2_violation_run_max_frames"": 0.0, ""fm2_violation_runs"": 0.0, ""fm2_windowed_pass_frac"": 1.0, ""fm3_static_frac"": 0.0009009009009009009, ""observed_duration_s"": 148.0, ""reproj_px_p50"": 11.862838279807484, ""reproj_shoulder_widths_p50"": 0.03831334886120081, ""round3_gallery_group"": ""flagged_fm4_mutual_silence"", ""unit_files"": 1.0, ""unit_flagged_frac"": 0.0, ""unit_hip_flexion_min"": 154.4395221427721, ""unit_knee_between_min"": 0.5561455587969928}",render
r4_118,recheck_fm3_static_hands_118_V00_S0045_I00000125_P0067A_f0002319,V00_S0045_I00000125_P0067A,improvised/train/0000/0005/V00_S0045_I00000125_P0067A,improvised/train/0000/0027/V00_S0045_I00000125_P0068,recheck_fm3_static_hands,recheck,improvised,2319,V00,improvised,train,ipc_conversation,shown in Round 3 as flagged_fm3_static_hands; re-judged under the Round-4 detectors,"{""clip_anchored_on_fm2_violation"": false, ""flag_count"": 1, ""flags_fired"": ""fm3_static_hands"", ""fm1_hip_flexion_deg_p50"": 142.35465436673215, ""fm1_knee_between_torso_p50"": 0.5790553532920333, ""fm1_leg_over_torso_p50"": 1.0773948705773402, ""fm1_reasons"": """", ""fm1_shin_verticality_p50"": 0.9999999999999615, ""fm1_sitting_file"": false, ""fm1_sitting_participant"": false, ""fm1_unit"": ""0067A@0045"", ""fm1_unit_basis"": ""none"", ""fm2_in_frame_and_valid_frac"": 1.0, ""fm2_pass_frac_round3_joints_only"": 1.0, ""fm2_smplh_valid_frac"": 1.0, ""fm2_surface_correction_px_p50"": 43.68094061047714, ""fm2_vertex_worst_inset_min_px"": 134.68570705428147, ""fm2_violation_run_max_frames"": 0.0, ""fm2_violation_runs"": 0.0, ""fm2_windowed_pass_frac"": 1.0, ""fm3_static_frac"": 0.7666666666666667, ""observed_duration_s"": 134.0, ""reproj_px_p50"": 24.79992266530317, ""reproj_shoulder_widths_p50"": 0.07073939884901989, ""round3_gallery_group"": ""flagged_fm3_static_hands"", ""unit_files"": 3.0, ""unit_flagged_frac"": 0.0, ""unit_hip_flexion_min"": 142.35465436673215, ""unit_knee_between_min"": 0.5790553532920333}",render
r4_119,recheck_fm3_static_hands_119_V00_S0311_I00000383_P0418_f0002630,V00_S0311_I00000383_P0418,naturalistic/train/0007/0019/V00_S0311_I00000383_P0418,naturalistic/train/0007/0010/V00_S0311_I00000383_P0419,recheck_fm3_static_hands,recheck,naturalistic,2630,V00,naturalistic,train,ipc_conversation,shown in Round 3 as flagged_fm3_static_hands; re-judged under the Round-4 detectors,"{""clip_anchored_on_fm2_violation"": false, ""flag_count"": 1, ""flags_fired"": ""fm3_static_hands"", ""fm1_hip_flexion_deg_p50"": 149.37642238668565, ""fm1_knee_between_torso_p50"": 0.5194896659822712, ""fm1_leg_over_torso_p50"": 1.5457303060586853, ""fm1_reasons"": """", ""fm1_shin_verticality_p50"": 0.9996876447534178, ""fm1_sitting_file"": false, ""fm1_sitting_participant"": false, ""fm1_unit"": ""0418@0311"", ""fm1_unit_basis"": ""none"", ""fm2_in_frame_and_valid_frac"": 1.0, ""fm2_pass_frac_round3_joints_only"": 1.0, ""fm2_smplh_valid_frac"": 1.0, ""fm2_surface_correction_px_p50"": 36.609660654185745, ""fm2_vertex_worst_inset_min_px"": 99.04992829942375, ""fm2_violation_run_max_frames"": 0.0, ""fm2_violation_runs"": 0.0, ""fm2_windowed_pass_frac"": 1.0, ""fm3_static_frac"": 0.8124413145539906, ""observed_duration_s"": 142.0, ""reproj_px_p50"": 19.470765934190084, ""reproj_shoulder_widths_p50"": 0.06613089559656316, ""round3_gallery_group"": ""flagged_fm3_static_hands"", ""unit_files"": 2.0, ""unit_flagged_frac"": 0.0, ""unit_hip_flexion_min"": 149.37642238668565, ""unit_knee_between_min"": 0.5194896659822712}",render
r4_120,recheck_fm2_smplh_invalid_120_V00_S1338_I00000704_P0388A_f0011100,V00_S1338_I00000704_P0388A,improvised/train/0030/0000/V00_S1338_I00000704_P0388A,improvised/train/0030/0022/V00_S1338_I00000704_P0241A,recheck_fm2_smplh_invalid,recheck,improvised,11100,V00,improvised,train,ipc_conversation,shown in Round 3 as flagged_fm2_framing; re-judged under the Round-4 detectors,"{""clip_anchored_on_fm2_violation"": true, ""flag_count"": 1, ""flags_fired"": ""fm2_smplh_invalid"", ""fm1_hip_flexion_deg_p50"": 148.9661438590513, ""fm1_knee_between_torso_p50"": 0.5328058994640508, ""fm1_leg_over_torso_p50"": 1.3871871008996157, ""fm1_reasons"": """", ""fm1_shin_verticality_p50"": 0.9973337235915657, ""fm1_sitting_file"": false, ""fm1_sitting_participant"": false, ""fm1_unit"": ""0388A@1338"", ""fm1_unit_basis"": ""none"", ""fm2_in_frame_and_valid_frac"": 0.9761666666666666, ""fm2_pass_frac_round3_joints_only"": 0.9774166666666667, ""fm2_smplh_valid_frac"": 0.9950833333333333, ""fm2_surface_correction_px_p50"": 33.18100320725358, ""fm2_vertex_worst_inset_min_px"": -131.8984549950835, ""fm2_violation_run_max_frames"": 81.0, ""fm2_violation_runs"": 9.0, ""fm2_windowed_pass_frac"": 0.6923076923076923, ""fm3_static_frac"": 0.013833333333333333, ""observed_duration_s"": 400.0, ""reproj_px_p50"": 13.543701244867217, ""reproj_shoulder_widths_p50"": 0.04755191372044898, ""round3_gallery_group"": ""flagged_fm2_framing"", ""unit_files"": 1.0, ""unit_flagged_frac"": 0.0, ""unit_hip_flexion_min"": 148.9661438590513, ""unit_knee_between_min"": 0.5328058994640508}",render
r4_121,recheck_pass_121_V00_S0242_I00000486_P0328_f0001030,V00_S0242_I00000486_P0328,naturalistic/train/0005/0033/V00_S0242_I00000486_P0328,naturalistic/train/0005/0021/V00_S0242_I00000486_P0329,recheck_pass,recheck,naturalistic,1030,V00,naturalistic,train,ipc_conversation,shown in Round 3 as pass_naturalistic; re-judged under the Round-4 detectors,"{""clip_anchored_on_fm2_violation"": false, ""flag_count"": 0, ""flags_fired"": """", ""fm1_hip_flexion_deg_p50"": 127.14998325145528, ""fm1_knee_between_torso_p50"": 0.48039571719941027, ""fm1_leg_over_torso_p50"": 1.2497501100863764, ""fm1_reasons"": """", ""fm1_shin_verticality_p50"": 0.9995920864606946, ""fm1_sitting_file"": false, ""fm1_sitting_participant"": false, ""fm1_unit"": ""0328@0242"", ""fm1_unit_basis"": ""none"", ""fm2_in_frame_and_valid_frac"": 1.0, ""fm2_pass_frac_round3_joints_only"": 1.0, ""fm2_smplh_valid_frac"": 1.0, ""fm2_surface_correction_px_p50"": 41.78463181638949, ""fm2_vertex_worst_inset_min_px"": 79.55444326564248, ""fm2_violation_run_max_frames"": 0.0, ""fm2_violation_runs"": 0.0, ""fm2_windowed_pass_frac"": 1.0, ""fm3_static_frac"": 0.041666666666666664, ""observed_duration_s"": 72.0, ""reproj_px_p50"": 30.605274435977176, ""reproj_shoulder_widths_p50"": 0.09441118910936813, ""round3_gallery_group"": ""pass_naturalistic"", ""unit_files"": 5.0, ""unit_flagged_frac"": 0.0, ""unit_hip_flexion_min"": 127.14998325145528, ""unit_knee_between_min"": 0.48039571719941027}",render
r4_122,recheck_fm2_smplh_invalid_122_V00_S1761_I00000724_P1147A_f0003933,V00_S1761_I00000724_P1147A,improvised/train/0043/0021/V00_S1761_I00000724_P1147A,improvised/train/0043/0024/V00_S1761_I00000724_P1155A,recheck_fm2_smplh_invalid,recheck,improvised,3933,V00,improvised,train,ipc_conversation,shown in Round 3 as flagged_fm1_sitting; re-judged under the Round-4 detectors,"{""clip_anchored_on_fm2_violation"": true, ""flag_count"": 1, ""flags_fired"": ""fm2_smplh_invalid"", ""fm1_hip_flexion_deg_p50"": 123.89011347696109, ""fm1_knee_between_torso_p50"": 0.5723523508208547, ""fm1_leg_over_torso_p50"": 0.7634945510826314, ""fm1_reasons"": """", ""fm1_shin_verticality_p50"": 0.9986178254721378, ""fm1_sitting_file"": false, ""fm1_sitting_participant"": false, ""fm1_unit"": ""1147A@1761"", ""fm1_unit_basis"": ""none"", ""fm2_in_frame_and_valid_frac"": 0.765, ""fm2_pass_frac_round3_joints_only"": 0.77, ""fm2_smplh_valid_frac"": 0.8475641025641025, ""fm2_surface_correction_px_p50"": 20.963361561215464, ""fm2_vertex_worst_inset_min_px"": -198.14998466899192, ""fm2_violation_run_max_frames"": 274.0, ""fm2_violation_runs"": 49.0, ""fm2_windowed_pass_frac"": 0.125, ""fm3_static_frac"": 0.015512820512820514, ""observed_duration_s"": 260.0, ""reproj_px_p50"": 29.40316085417993, ""reproj_shoulder_widths_p50"": 0.08031764989809438, ""round3_gallery_group"": ""flagged_fm1_sitting"", ""unit_files"": 3.0, ""unit_flagged_frac"": 0.0, ""unit_hip_flexion_min"": 121.08486453737785, ""unit_knee_between_min"": 0.5504710086278346}",render
r4_123,recheck_pass_123_V00_S0045_I00000313_P0067A_f0001374,V00_S0045_I00000313_P0067A,improvised/train/0000/0007/V00_S0045_I00000313_P0067A,improvised/train/0000/0011/V00_S0045_I00000313_P0068,recheck_pass,recheck,improvised,1374,V00,improvised,train,ipc_conversation,shown in Round 3 as flagged_fm4_mutual_silence; re-judged under the Round-4 detectors,"{""clip_anchored_on_fm2_violation"": false, ""flag_count"": 0, ""flags_fired"": """", ""fm1_hip_flexion_deg_p50"": 144.76428980535454, ""fm1_knee_between_torso_p50"": 0.5848433033100932, ""fm1_leg_over_torso_p50"": 1.091731608871644, ""fm1_reasons"": """", ""fm1_shin_verticality_p50"": 0.9999999999999647, ""fm1_sitting_file"": false, ""fm1_sitting_participant"": false, ""fm1_unit"": ""0067A@0045"", ""fm1_unit_basis"": ""none"", ""fm2_in_frame_and_valid_frac"": 1.0, ""fm2_pass_frac_round3_joints_only"": 1.0, ""fm2_smplh_valid_frac"": 1.0, ""fm2_surface_correction_px_p50"": 43.22974774637362, ""fm2_vertex_worst_inset_min_px"": 9.79316577045472, ""fm2_violation_run_max_frames"": 0.0, ""fm2_violation_runs"": 0.0, ""fm2_windowed_pass_frac"": 1.0, ""fm3_static_frac"": 0.666025641025641, ""observed_duration_s"": 156.0, ""reproj_px_p50"": 21.24552787203001, ""reproj_shoulder_widths_p50"": 0.06035625399462377, ""round3_gallery_group"": ""flagged_fm4_mutual_silence"", ""unit_files"": 3.0, ""unit_flagged_frac"": 0.0, ""unit_hip_flexion_min"": 142.35465436673215, ""unit_knee_between_min"": 0.5790553532920333}",render
r4_124,recheck_pass_124_V00_S0431_I00000131_P0570_f0000337,V00_S0431_I00000131_P0570,improvised/train/0009/0024/V00_S0431_I00000131_P0570,improvised/train/0009/0038/V00_S0431_I00000131_P0006A,recheck_pass,recheck,improvised,337,V00,improvised,train,ipc_conversation,shown in Round 3 as pass_improvised; re-judged under the Round-4 detectors,"{""clip_anchored_on_fm2_violation"": false, ""flag_count"": 0, ""flags_fired"": """", ""fm1_hip_flexion_deg_p50"": 146.59510056975904, ""fm1_knee_between_torso_p50"": 0.5390645647381473, ""fm1_leg_over_torso_p50"": 1.255557696783919, ""fm1_reasons"": """", ""fm1_shin_verticality_p50"": 0.999653919933196, ""fm1_sitting_file"": false, ""fm1_sitting_participant"": false, ""fm1_unit"": ""0570@0431"", ""fm1_unit_basis"": ""none"", ""fm2_in_frame_and_valid_frac"": 1.0, ""fm2_pass_frac_round3_joints_only"": 1.0, ""fm2_smplh_valid_frac"": 1.0, ""fm2_surface_correction_px_p50"": 34.75790822982685, ""fm2_vertex_worst_inset_min_px"": 104.62883067868006, ""fm2_violation_run_max_frames"": 0.0, ""fm2_violation_runs"": 0.0, ""fm2_windowed_pass_frac"": 1.0, ""fm3_static_frac"": 0.007017543859649123, ""observed_duration_s"": 152.0, ""reproj_px_p50"": 36.39102162436167, ""reproj_shoulder_widths_p50"": 0.10946104576683185, ""round3_gallery_group"": ""pass_improvised"", ""unit_files"": 2.0, ""unit_flagged_frac"": 0.0, ""unit_hip_flexion_min"": 138.34692233949627, ""unit_knee_between_min"": 0.521974118774537}",render
r4_125,recheck_fm2_smplh_invalid_125_V00_S1803_I00000688_P0893A_f0000468,V00_S1803_I00000688_P0893A,improvised/train/0045/0049/V00_S1803_I00000688_P0893A,improvised/train/0045/0006/V00_S1803_I00000688_P1106A,recheck_fm2_smplh_invalid,recheck,improvised,468,V00,improvised,train,grounded_gesture,shown in Round 3 as flagged_multi; re-judged under the Round-4 detectors,"{""clip_anchored_on_fm2_violation"": true, ""flag_count"": 1, ""flags_fired"": ""fm2_smplh_invalid"", ""fm1_hip_flexion_deg_p50"": 159.46904741745573, ""fm1_knee_between_torso_p50"": 0.5836972495297335, ""fm1_leg_over_torso_p50"": 1.2831546635223305, ""fm1_reasons"": """", ""fm1_shin_verticality_p50"": 0.999653926005081, ""fm1_sitting_file"": false, ""fm1_sitting_participant"": false, ""fm1_unit"": ""0893A@1803"", ""fm1_unit_basis"": ""none"", ""fm2_in_frame_and_valid_frac"": 0.9847670250896058, ""fm2_pass_frac_round3_joints_only"": 0.9853046594982079, ""fm2_smplh_valid_frac"": 0.9896057347670251, ""fm2_surface_correction_px_p50"": 41.718689184291975, ""fm2_vertex_worst_inset_min_px"": -80.12610394808871, ""fm2_violation_run_max_frames"": 84.0, ""fm2_violation_runs"": 2.0, ""fm2_windowed_pass_frac"": 0.6666666666666666, ""fm3_static_frac"": 0.03530465949820789, ""observed_duration_s"": 186.0, ""reproj_px_p50"": 14.90507818375616, ""reproj_shoulder_widths_p50"": 0.04622183402052073, ""round3_gallery_group"": ""flagged_multi"", ""unit_files"": 2.0, ""unit_flagged_frac"": 0.0, ""unit_hip_flexion_min"": 159.46904741745573, ""unit_knee_between_min"": 0.5829374412999782}",render
r4_126,recheck_pass_126_V00_S1869_I00001095_P1154A_f0007159,V00_S1869_I00001095_P1154A,improvised/train/0046/0060/V00_S1869_I00001095_P1154A,improvised/train/0046/0028/V00_S1869_I00001095_P1155A,recheck_pass,recheck,improvised,7159,V00,improvised,train,ipc_conversation,shown in Round 3 as pass_improvised; re-judged under the Round-4 detectors,"{""clip_anchored_on_fm2_violation"": false, ""flag_count"": 0, ""flags_fired"": """", ""fm1_hip_flexion_deg_p50"": 133.2503301963155, ""fm1_knee_between_torso_p50"": 0.5483205354950607, ""fm1_leg_over_torso_p50"": 0.9865453864116822, ""fm1_reasons"": """", ""fm1_shin_verticality_p50"": 0.9994059896815239, ""fm1_sitting_file"": false, ""fm1_sitting_participant"": false, ""fm1_unit"": ""1154A@1869"", ""fm1_unit_basis"": ""none"", ""fm2_in_frame_and_valid_frac"": 0.9999118165784833, ""fm2_pass_frac_round3_joints_only"": 1.0, ""fm2_smplh_valid_frac"": 1.0, ""fm2_surface_correction_px_p50"": 42.972291362996884, ""fm2_vertex_worst_inset_min_px"": 15.342358316380682, ""fm2_violation_run_max_frames"": 1.0, ""fm2_violation_runs"": 1.0, ""fm2_windowed_pass_frac"": 1.0, ""fm3_static_frac"": 0.734920634920635, ""observed_duration_s"": 378.0, ""reproj_px_p50"": 23.93291135496255, ""reproj_shoulder_widths_p50"": 0.07388110205672255, ""round3_gallery_group"": ""pass_improvised"", ""unit_files"": 2.0, ""unit_flagged_frac"": 0.0, ""unit_hip_flexion_min"": 133.2503301963155, ""unit_knee_between_min"": 0.5483205354950607}",render
r4_127,recheck_pass_127_V00_S0169_I00000537_P0150A_f0000618,V00_S0169_I00000537_P0150A,improvised/train/0003/0013/V00_S0169_I00000537_P0150A,improvised/train/0003/0020/V00_S0169_I00000537_P0238,recheck_pass,recheck,improvised,618,V00,improvised,train,ipc_conversation,shown in Round 3 as flagged_fm4_mutual_silence; re-judged under the Round-4 detectors,"{""clip_anchored_on_fm2_violation"": false, ""flag_count"": 0, ""flags_fired"": """", ""fm1_hip_flexion_deg_p50"": 145.3698596683711, ""fm1_knee_between_torso_p50"": 0.5065761534754964, ""fm1_leg_over_torso_p50"": 1.6233397280800563, ""fm1_reasons"": """", ""fm1_shin_verticality_p50"": 0.9999999999999746, ""fm1_sitting_file"": false, ""fm1_sitting_participant"": false, ""fm1_unit"": ""0150A@0169"", ""fm1_unit_basis"": ""none"", ""fm2_in_frame_and_valid_frac"": 1.0, ""fm2_pass_frac_round3_joints_only"": 1.0, ""fm2_smplh_valid_frac"": 1.0, ""fm2_surface_correction_px_p50"": 36.911885615417646, ""fm2_vertex_worst_inset_min_px"": 15.700671246157867, ""fm2_violation_run_max_frames"": 0.0, ""fm2_violation_runs"": 0.0, ""fm2_windowed_pass_frac"": 1.0, ""fm3_static_frac"": 0.41431623931623934, ""observed_duration_s"": 156.0, ""reproj_px_p50"": 22.2688635400962, ""reproj_shoulder_widths_p50"": 0.07648133619716363, ""round3_gallery_group"": ""flagged_fm4_mutual_silence"", ""unit_files"": 3.0, ""unit_flagged_frac"": 0.0, ""unit_hip_flexion_min"": 140.41768377449142, ""unit_knee_between_min"": 0.49445895402472806}",render
r4_128,recheck_pass_128_V00_S0752_I00000913_P0241A_f0000452,V00_S0752_I00000913_P0241A,improvised/train/0014/0055/V00_S0752_I00000913_P0241A,improvised/train/0014/0025/V00_S0752_I00000913_P0229A,recheck_pass,recheck,improvised,452,V00,improvised,train,ipc_conversation,shown in Round 3 as pass_improvised; re-judged under the Round-4 detectors,"{""clip_anchored_on_fm2_violation"": false, ""flag_count"": 0, ""flags_fired"": """", ""fm1_hip_flexion_deg_p50"": 151.02749832543327, ""fm1_knee_between_torso_p50"": 0.5236523918964264, ""fm1_leg_over_torso_p50"": 1.537219368349231, ""fm1_reasons"": """", ""fm1_shin_verticality_p50"": 0.9996714298864084, ""fm1_sitting_file"": false, ""fm1_sitting_participant"": false, ""fm1_unit"": ""0241A@0752"", ""fm1_unit_basis"": ""none"", ""fm2_in_frame_and_valid_frac"": 0.9997835497835498, ""fm2_pass_frac_round3_joints_only"": 1.0, ""fm2_smplh_valid_frac"": 1.0, ""fm2_surface_correction_px_p50"": 36.86103779043634, ""fm2_vertex_worst_inset_min_px"": 3.7456242371681583, ""fm2_violation_run_max_frames"": 2.0, ""fm2_violation_runs"": 1.0, ""fm2_windowed_pass_frac"": 1.0, ""fm3_static_frac"": 0.15497835497835497, ""observed_duration_s"": 308.0, ""reproj_px_p50"": 16.351940791635876, ""reproj_shoulder_widths_p50"": 0.05181606010265202, ""round3_gallery_group"": ""pass_improvised"", ""unit_files"": 1.0, ""unit_flagged_frac"": 0.0, ""unit_hip_flexion_min"": 151.02749832543327, ""unit_knee_between_min"": 0.5236523918964264}",render
r4_129,recheck_pass_129_V00_S0946_I00000535_P0042A_f0000009,V00_S0946_I00000535_P0042A,improvised/train/0020/0014/V00_S0946_I00000535_P0042A,improvised/train/0020/0061/V00_S0946_I00000535_P1038,recheck_pass,recheck,improvised,9,V00,improvised,train,ipc_conversation,shown in Round 3 as pass_improvised; re-judged under the Round-4 detectors,"{""clip_anchored_on_fm2_violation"": false, ""flag_count"": 0, ""flags_fired"": """", ""fm1_hip_flexion_deg_p50"": 164.69004352933626, ""fm1_knee_between_torso_p50"": 0.5848036527130823, ""fm1_leg_over_torso_p50"": 1.291402318246214, ""fm1_reasons"": """", ""fm1_shin_verticality_p50"": 0.9982743626381548, ""fm1_sitting_file"": false, ""fm1_sitting_participant"": false, ""fm1_unit"": ""0042A@0946"", ""fm1_unit_basis"": ""none"", ""fm2_in_frame_and_valid_frac"": 1.0, ""fm2_pass_frac_round3_joints_only"": 1.0, ""fm2_smplh_valid_frac"": 1.0, ""fm2_surface_correction_px_p50"": 36.1373453176991, ""fm2_vertex_worst_inset_min_px"": 78.66236741645776, ""fm2_violation_run_max_frames"": 0.0, ""fm2_violation_runs"": 0.0, ""fm2_windowed_pass_frac"": 1.0, ""fm3_static_frac"": 0.01156156156156156, ""observed_duration_s"": 222.0, ""reproj_px_p50"": 15.35540835306631, ""reproj_shoulder_widths_p50"": 0.05309244992445873, ""round3_gallery_group"": ""pass_improvised"", ""unit_files"": 1.0, ""unit_flagged_frac"": 0.0, ""unit_hip_flexion_min"": 164.69004352933626, ""unit_knee_between_min"": 0.5848036527130823}",render
r4_130,recheck_fm2_smplh_invalid_130_V00_S1293_I00000401_P0752_f0001707,V00_S1293_I00000401_P0752,naturalistic/train/0026/0021/V00_S1293_I00000401_P0752,naturalistic/train/0026/0011/V00_S1293_I00000401_P1083,recheck_fm2_smplh_invalid,recheck,naturalistic,1707,V00,naturalistic,train,ipc_conversation,shown in Round 3 as flagged_fm2_framing; re-judged under the Round-4 detectors,"{""clip_anchored_on_fm2_violation"": true, ""flag_count"": 1, ""flags_fired"": ""fm2_smplh_invalid"", ""fm1_hip_flexion_deg_p50"": 154.4831934290813, ""fm1_knee_between_torso_p50"": 0.5233867642609733, ""fm1_leg_over_torso_p50"": 1.573803442803799, ""fm1_reasons"": """", ""fm1_shin_verticality_p50"": 0.9999999999999838, ""fm1_sitting_file"": false, ""fm1_sitting_participant"": false, ""fm1_unit"": ""0752@1293"", ""fm1_unit_basis"": ""none"", ""fm2_in_frame_and_valid_frac"": 0.9987730061349693, ""fm2_pass_frac_round3_joints_only"": 0.9995910020449897, ""fm2_smplh_valid_frac"": 0.9998977505112474, ""fm2_surface_correction_px_p50"": 31.514153009965412, ""fm2_vertex_worst_inset_min_px"": -3.700110850878673, ""fm2_violation_run_max_frames"": 3.0, ""fm2_violation_runs"": 6.0, ""fm2_windowed_pass_frac"": 0.7, ""fm3_static_frac"": 0.004294478527607362, ""observed_duration_s"": 326.0, ""reproj_px_p50"": 16.911861455411987, ""reproj_shoulder_widths_p50"": 0.05444722491163334, ""round3_gallery_group"": ""flagged_fm2_framing"", ""unit_files"": 2.0, ""unit_flagged_frac"": 0.0, ""unit_hip_flexion_min"": 154.41058141905285, ""unit_knee_between_min"": 0.5233867642609733}",render
r4_131,recheck_pass_131_V00_S1846_I00000608_P0888_f0002931,V00_S1846_I00000608_P0888,naturalistic/train/0029/0007/V00_S1846_I00000608_P0888,naturalistic/train/0029/0048/V00_S1846_I00000608_P0317,recheck_pass,recheck,naturalistic,2931,V00,naturalistic,train,grounded_gesture,shown in Round 3 as flagged_fm4_mutual_silence; re-judged under the Round-4 detectors,"{""clip_anchored_on_fm2_violation"": false, ""flag_count"": 0, ""flags_fired"": """", ""fm1_hip_flexion_deg_p50"": 140.34657644985336, ""fm1_knee_between_torso_p50"": 0.5078984230282166, ""fm1_leg_over_torso_p50"": 1.405045706565174, ""fm1_reasons"": """", ""fm1_shin_verticality_p50"": 0.9981685043191693, ""fm1_sitting_file"": false, ""fm1_sitting_participant"": false, ""fm1_unit"": ""0888@1846"", ""fm1_unit_basis"": ""none"", ""fm2_in_frame_and_valid_frac"": 1.0, ""fm2_pass_frac_round3_joints_only"": 1.0, ""fm2_smplh_valid_frac"": 1.0, ""fm2_surface_correction_px_p50"": 96.71341475966346, ""fm2_vertex_worst_inset_min_px"": 171.5563776487453, ""fm2_violation_run_max_frames"": 0.0, ""fm2_violation_runs"": 0.0, ""fm2_windowed_pass_frac"": 1.0, ""fm3_static_frac"": 0.71318407960199, ""observed_duration_s"": 134.0, ""reproj_px_p50"": 14.258594946878716, ""reproj_shoulder_widths_p50"": 0.05089206422553372, ""round3_gallery_group"": ""flagged_fm4_mutual_silence"", ""unit_files"": 3.0, ""unit_flagged_frac"": 0.0, ""unit_hip_flexion_min"": 140.34657644985336, ""unit_knee_between_min"": 0.5078984230282166}",render
r4_132,recheck_pass_132_V00_S0336_I00000131_P0451_f0000944,V00_S0336_I00000131_P0451,improvised/train/0007/0027/V00_S0336_I00000131_P0451,improvised/train/0007/0007/V00_S0336_I00000131_P0040A,recheck_pass,recheck,improvised,944,V00,improvised,train,ipc_conversation,shown in Round 3 as pass_improvised; re-judged under the Round-4 detectors,"{""clip_anchored_on_fm2_violation"": false, ""flag_count"": 0, ""flags_fired"": """", ""fm1_hip_flexion_deg_p50"": 145.168822337169, ""fm1_knee_between_torso_p50"": 0.5978082711448442, ""fm1_leg_over_torso_p50"": 0.9991746077824946, ""fm1_reasons"": """", ""fm1_shin_verticality_p50"": 0.999405998160309, ""fm1_sitting_file"": false, ""fm1_sitting_participant"": false, ""fm1_unit"": ""0451@0336"", ""fm1_unit_basis"": ""none"", ""fm2_in_frame_and_valid_frac"": 0.9993827160493827, ""fm2_pass_frac_round3_joints_only"": 1.0, ""fm2_smplh_valid_frac"": 1.0, ""fm2_surface_correction_px_p50"": 42.92737799436361, ""fm2_vertex_worst_inset_min_px"": -2.6292685555154094, ""fm2_violation_run_max_frames"": 1.0, ""fm2_violation_runs"": 2.0, ""fm2_windowed_pass_frac"": 1.0, ""fm3_static_frac"": 0.20771604938271604, ""observed_duration_s"": 108.0, ""reproj_px_p50"": 48.712423226245804, ""reproj_shoulder_widths_p50"": 0.13093678761828403, ""round3_gallery_group"": ""pass_improvised"", ""unit_files"": 1.0, ""unit_flagged_frac"": 0.0, ""unit_hip_flexion_min"": 145.168822337169, ""unit_knee_between_min"": 0.5978082711448442}",render
r4_133,recheck_fm2_smplh_invalid_133_V00_S1765_I00001191_P1147A_f0008763,V00_S1765_I00001191_P1147A,improvised/train/0043/0043/V00_S1765_I00001191_P1147A,improvised/train/0043/0048/V00_S1765_I00001191_P1155A,recheck_fm2_smplh_invalid,recheck,improvised,8763,V00,improvised,train,ipc_conversation,shown in Round 3 as flagged_fm1_sitting; re-judged under the Round-4 detectors,"{""clip_anchored_on_fm2_violation"": true, ""flag_count"": 1, ""flags_fired"": ""fm2_smplh_invalid"", ""fm1_hip_flexion_deg_p50"": 126.96587272693023, ""fm1_knee_between_torso_p50"": 0.590258403870456, ""fm1_leg_over_torso_p50"": 0.7762427656341064, ""fm1_reasons"": """", ""fm1_shin_verticality_p50"": 0.9838699133160775, ""fm1_sitting_file"": false, ""fm1_sitting_participant"": false, ""fm1_unit"": ""1147A@1765"", ""fm1_unit_basis"": ""none"", ""fm2_in_frame_and_valid_frac"": 0.9541666666666667, ""fm2_pass_frac_round3_joints_only"": 0.9558531746031746, ""fm2_smplh_valid_frac"": 0.9801587301587301, ""fm2_surface_correction_px_p50"": 16.54757205969429, ""fm2_vertex_worst_inset_min_px"": -104.94904664042406, ""fm2_violation_run_max_frames"": 117.0, ""fm2_violation_runs"": 31.0, ""fm2_windowed_pass_frac"": 0.18181818181818182, ""fm3_static_frac"": 0.0248015873015873, ""observed_duration_s"": 336.0, ""reproj_px_p50"": 32.07907436002624, ""reproj_shoulder_widths_p50"": 0.09031838369090052, ""round3_gallery_group"": ""flagged_fm1_sitting"", ""unit_files"": 1.0, ""unit_flagged_frac"": 0.0, ""unit_hip_flexion_min"": 126.96587272693023, ""unit_knee_between_min"": 0.590258403870456}",render
r4_134,recheck_fm2_smplh_invalid_134_V00_S0147_I00000135_P0209_f0000291,V00_S0147_I00000135_P0209,naturalistic/train/0003/0011/V00_S0147_I00000135_P0209,naturalistic/train/0003/0008/V00_S0147_I00000135_P0070,recheck_fm2_smplh_invalid,recheck,naturalistic,291,V00,naturalistic,train,collaborative_storytelling,shown in Round 3 as flagged_fm2_framing; re-judged under the Round-4 detectors,"{""clip_anchored_on_fm2_violation"": true, ""flag_count"": 1, ""flags_fired"": ""fm2_smplh_invalid"", ""fm1_hip_flexion_deg_p50"": 152.18371768103125, ""fm1_knee_between_torso_p50"": 0.6209211116592424, ""fm1_leg_over_torso_p50"": 1.1189990455886538, ""fm1_reasons"": """", ""fm1_shin_verticality_p50"": 0.926092300627259, ""fm1_sitting_file"": false, ""fm1_sitting_participant"": false, ""fm1_unit"": ""0209@0147"", ""fm1_unit_basis"": ""none"", ""fm2_in_frame_and_valid_frac"": 0.9743333333333334, ""fm2_pass_frac_round3_joints_only"": 0.988, ""fm2_smplh_valid_frac"": 0.998, ""fm2_surface_correction_px_p50"": 51.629840605369054, ""fm2_vertex_worst_inset_min_px"": -71.53876290070843, ""fm2_violation_run_max_frames"": 19.0, ""fm2_violation_runs"": 12.0, ""fm2_windowed_pass_frac"": 0.3333333333333333, ""fm3_static_frac"": 0.6393333333333333, ""observed_duration_s"": 100.0, ""reproj_px_p50"": 22.694379532188282, ""reproj_shoulder_widths_p50"": 0.06343817283404785, ""round3_gallery_group"": ""flagged_fm2_framing"", ""unit_files"": 3.0, ""unit_flagged_frac"": 0.0, ""unit_hip_flexion_min"": 152.18371768103125, ""unit_knee_between_min"": 0.6209211116592424}",render
r4_135,recheck_fm1_sitting_135_V00_S1685_I00000415_P1160_f0004997,V00_S1685_I00000415_P1160,naturalistic/train/0028/0007/V00_S1685_I00000415_P1160,naturalistic/train/0028/0035/V00_S1685_I00000415_P0205,recheck_fm1_sitting,recheck,naturalistic,4997,V00,naturalistic,train,ipc_conversation,shown in Round 3 as flagged_fm1_sitting; re-judged under the Round-4 detectors,"{""clip_anchored_on_fm2_violation"": false, ""flag_count"": 1, ""flags_fired"": ""fm1_sitting"", ""fm1_hip_flexion_deg_p50"": 101.94135741895138, ""fm1_knee_between_torso_p50"": 0.31063023294097875, ""fm1_leg_over_torso_p50"": 1.4790602349607014, ""fm1_reasons"": ""knee_between"", ""fm1_shin_verticality_p50"": 0.9417418755019711, ""fm1_sitting_file"": true, ""fm1_sitting_participant"": true, ""fm1_unit"": ""1160@1685"", ""fm1_unit_basis"": ""majority"", ""fm2_in_frame_and_valid_frac"": 0.9993527508090615, ""fm2_pass_frac_round3_joints_only"": 1.0, ""fm2_smplh_valid_frac"": 1.0, ""fm2_surface_correction_px_p50"": 38.214852481284225, ""fm2_vertex_worst_inset_min_px"": -1.0461189655920862, ""fm2_violation_run_max_frames"": 4.0, ""fm2_violation_runs"": 1.0, ""fm2_windowed_pass_frac"": 1.0, ""fm3_static_frac"": 0.00016181229773462783, ""observed_duration_s"": 206.0, ""reproj_px_p50"": 19.351303446758152, ""reproj_shoulder_widths_p50"": 0.06406343946158428, ""round3_gallery_group"": ""flagged_fm1_sitting"", ""unit_files"": 1.0, ""unit_flagged_frac"": 1.0, ""unit_hip_flexion_min"": 101.94135741895138, ""unit_knee_between_min"": 0.31063023294097875}",render
r4_136,recheck_fm2_smplh_invalid_136_V00_S1724_I00001133_P1147A_f0002803,V00_S1724_I00001133_P1147A,improvised/train/0042/0053/V00_S1724_I00001133_P1147A,improvised/train/0042/0039/V00_S1724_I00001133_P1155A,recheck_fm2_smplh_invalid,recheck,improvised,2803,V00,improvised,train,ipc_conversation,shown in Round 3 as flagged_fm1_sitting; re-judged under the Round-4 detectors,"{""clip_anchored_on_fm2_violation"": true, ""flag_count"": 1, ""flags_fired"": ""fm2_smplh_invalid"", ""fm1_hip_flexion_deg_p50"": 130.83901957937428, ""fm1_knee_between_torso_p50"": 0.5757257809575753, ""fm1_leg_over_torso_p50"": 0.822635922826911, ""fm1_reasons"": """", ""fm1_shin_verticality_p50"": 0.9965457631717528, ""fm1_sitting_file"": false, ""fm1_sitting_participant"": false, ""fm1_unit"": ""1147A@1724"", ""fm1_unit_basis"": ""none"", ""fm2_in_frame_and_valid_frac"": 0.9430799220272904, ""fm2_pass_frac_round3_joints_only"": 0.9478557504873294, ""fm2_smplh_valid_frac"": 0.9767056530214425, ""fm2_surface_correction_px_p50"": 27.16179023867784, ""fm2_vertex_worst_inset_min_px"": -129.1694181045018, ""fm2_violation_run_max_frames"": 88.0, ""fm2_violation_runs"": 47.0, ""fm2_windowed_pass_frac"": 0.09090909090909091, ""fm3_static_frac"": 0.008674463937621833, ""observed_duration_s"": 342.0, ""reproj_px_p50"": 40.53454951520678, ""reproj_shoulder_widths_p50"": 0.11266361907388786, ""round3_gallery_group"": ""flagged_fm1_sitting"", ""unit_files"": 1.0, ""unit_flagged_frac"": 0.0, ""unit_hip_flexion_min"": 130.83901957937428, ""unit_knee_between_min"": 0.5757257809575753}",render
r4_137,recheck_pass_137_V00_S0067_I00000373_P0101_f0000670,V00_S0067_I00000373_P0101,naturalistic/train/0001/0036/V00_S0067_I00000373_P0101,naturalistic/train/0001/0026/V00_S0067_I00000373_P0073,recheck_pass,recheck,naturalistic,670,V00,naturalistic,train,ipc_conversation,shown in Round 3 as pass_naturalistic; re-judged under the Round-4 detectors,"{""clip_anchored_on_fm2_violation"": false, ""flag_count"": 0, ""flags_fired"": """", ""fm1_hip_flexion_deg_p50"": 153.30722921020006, ""fm1_knee_between_torso_p50"": 0.5450734086440416, ""fm1_leg_over_torso_p50"": 1.3933150560999912, ""fm1_reasons"": """", ""fm1_shin_verticality_p50"": 0.9983713408104504, ""fm1_sitting_file"": false, ""fm1_sitting_participant"": false, ""fm1_unit"": ""0101@0067"", ""fm1_unit_basis"": ""none"", ""fm2_in_frame_and_valid_frac"": 0.9951977401129943, ""fm2_pass_frac_round3_joints_only"": 1.0, ""fm2_smplh_valid_frac"": 1.0, ""fm2_surface_correction_px_p50"": 30.88321932083511, ""fm2_vertex_worst_inset_min_px"": 3.7484477054740637, ""fm2_violation_run_max_frames"": 7.0, ""fm2_violation_runs"": 5.0, ""fm2_windowed_pass_frac"": 1.0, ""fm3_static_frac"": 0.03672316384180791, ""observed_duration_s"": 118.0, ""reproj_px_p50"": 37.186780726097325, ""reproj_shoulder_widths_p50"": 0.11584208745980179, ""round3_gallery_group"": ""pass_naturalistic"", ""unit_files"": 2.0, ""unit_flagged_frac"": 0.0, ""unit_hip_flexion_min"": 151.85655079501237, ""unit_knee_between_min"": 0.5438277592256326}",render
r4_138,recheck_pass_138_V00_S0353_I00000482_P0474_f0000056,V00_S0353_I00000482_P0474,naturalistic/train/0009/0034/V00_S0353_I00000482_P0474,naturalistic/train/0009/0036/V00_S0353_I00000482_P0473,recheck_pass,recheck,naturalistic,56,V00,naturalistic,train,ipc_conversation,shown in Round 3 as flagged_fm1_sitting; re-judged under the Round-4 detectors,"{""clip_anchored_on_fm2_violation"": false, ""flag_count"": 0, ""flags_fired"": """", ""fm1_hip_flexion_deg_p50"": 122.90520453633732, ""fm1_knee_between_torso_p50"": 0.536535316550139, ""fm1_leg_over_torso_p50"": 0.8387268903949271, ""fm1_reasons"": """", ""fm1_shin_verticality_p50"": 0.9992611728375246, ""fm1_sitting_file"": false, ""fm1_sitting_participant"": false, ""fm1_unit"": ""0474@0353"", ""fm1_unit_basis"": ""none"", ""fm2_in_frame_and_valid_frac"": 1.0, ""fm2_pass_frac_round3_joints_only"": 1.0, ""fm2_smplh_valid_frac"": 1.0, ""fm2_surface_correction_px_p50"": 43.58468561742541, ""fm2_vertex_worst_inset_min_px"": 56.05079341076976, ""fm2_violation_run_max_frames"": 0.0, ""fm2_violation_runs"": 0.0, ""fm2_windowed_pass_frac"": 1.0, ""fm3_static_frac"": 0.5554852320675105, ""observed_duration_s"": 158.0, ""reproj_px_p50"": 52.71979584297229, ""reproj_shoulder_widths_p50"": 0.13080214927371347, ""round3_gallery_group"": ""flagged_fm1_sitting"", ""unit_files"": 2.0, ""unit_flagged_frac"": 0.0, ""unit_hip_flexion_min"": 121.59046773491956, ""unit_knee_between_min"": 0.5254689050940318}",render
r4_139,recheck_pass_139_V00_S0851_I00000482_P0972_f0001529,V00_S0851_I00000482_P0972,naturalistic/train/0023/0039/V00_S0851_I00000482_P0972,naturalistic/train/0023/0026/V00_S0851_I00000482_P0971,recheck_pass,recheck,naturalistic,1529,V00,naturalistic,train,ipc_conversation,shown in Round 3 as pass_naturalistic; re-judged under the Round-4 detectors,"{""clip_anchored_on_fm2_violation"": false, ""flag_count"": 0, ""flags_fired"": """", ""fm1_hip_flexion_deg_p50"": 139.82920208049416, ""fm1_knee_between_torso_p50"": 0.6103487662791599, ""fm1_leg_over_torso_p50"": 0.9551718409292989, ""fm1_reasons"": """", ""fm1_shin_verticality_p50"": 0.9992611750555862, ""fm1_sitting_file"": false, ""fm1_sitting_participant"": false, ""fm1_unit"": ""0972@0851"", ""fm1_unit_basis"": ""none"", ""fm2_in_frame_and_valid_frac"": 0.9995934959349594, ""fm2_pass_frac_round3_joints_only"": 1.0, ""fm2_smplh_valid_frac"": 1.0, ""fm2_surface_correction_px_p50"": 46.47970075233002, ""fm2_vertex_worst_inset_min_px"": -1.0971086747731533, ""fm2_violation_run_max_frames"": 2.0, ""fm2_violation_runs"": 1.0, ""fm2_windowed_pass_frac"": 1.0, ""fm3_static_frac"": 0.003048780487804878, ""observed_duration_s"": 164.0, ""reproj_px_p50"": 37.56440258421028, ""reproj_shoulder_widths_p50"": 0.10511164539796086, ""round3_gallery_group"": ""pass_naturalistic"", ""unit_files"": 3.0, ""unit_flagged_frac"": 0.0, ""unit_hip_flexion_min"": 135.93288962341197, ""unit_knee_between_min"": 0.6061217337043838}",render
r4_140,recheck_pass_140_V00_S1120_I00001213_P0682A_f0001975,V00_S1120_I00001213_P0682A,improvised/train/0024/0005/V00_S1120_I00001213_P0682A,improvised/train/0024/0048/V00_S1120_I00001213_P0241A,recheck_pass,recheck,improvised,1975,V00,improvised,train,ipc_conversation,shown in Round 3 as pass_improvised; re-judged under the Round-4 detectors,"{""clip_anchored_on_fm2_violation"": false, ""flag_count"": 0, ""flags_fired"": """", ""fm1_hip_flexion_deg_p50"": 151.10958952975528, ""fm1_knee_between_torso_p50"": 0.5354503486897865, ""fm1_leg_over_torso_p50"": 1.405627600980264, ""fm1_reasons"": """", ""fm1_shin_verticality_p50"": 0.9996714229798958, ""fm1_sitting_file"": false, ""fm1_sitting_participant"": false, ""fm1_unit"": ""0682A@1120"", ""fm1_unit_basis"": ""none"", ""fm2_in_frame_and_valid_frac"": 1.0, ""fm2_pass_frac_round3_joints_only"": 1.0, ""fm2_smplh_valid_frac"": 1.0, ""fm2_surface_correction_px_p50"": 32.22883237509552, ""fm2_vertex_worst_inset_min_px"": 74.66403834818641, ""fm2_violation_run_max_frames"": 0.0, ""fm2_violation_runs"": 0.0, ""fm2_windowed_pass_frac"": 1.0, ""fm3_static_frac"": 0.2920886075949367, ""observed_duration_s"": 316.0, ""reproj_px_p50"": 19.623173423787815, ""reproj_shoulder_widths_p50"": 0.06870695176742134, ""round3_gallery_group"": ""pass_improvised"", ""unit_files"": 1.0, ""unit_flagged_frac"": 0.0, ""unit_hip_flexion_min"": 151.10958952975528, ""unit_knee_between_min"": 0.5354503486897865}",render
r4_141,recheck_pass_141_V00_S1211_I00001139_P0869A_f0001201,V00_S1211_I00001139_P0869A,improvised/train/0027/0013/V00_S1211_I00001139_P0869A,improvised/train/0027/0011/V00_S1211_I00001139_P0464A,recheck_pass,recheck,improvised,1201,V00,improvised,train,ipc_conversation,shown in Round 3 as pass_improvised; re-judged under the Round-4 detectors,"{""clip_anchored_on_fm2_violation"": false, ""flag_count"": 0, ""flags_fired"": """", ""fm1_hip_flexion_deg_p50"": 136.04151546646222, ""fm1_knee_between_torso_p50"": 0.57187183399751, ""fm1_leg_over_torso_p50"": 0.9848485135791397, ""fm1_reasons"": """", ""fm1_shin_verticality_p50"": 0.9993628604219629, ""fm1_sitting_file"": false, ""fm1_sitting_participant"": false, ""fm1_unit"": ""0869A@1211"", ""fm1_unit_basis"": ""none"", ""fm2_in_frame_and_valid_frac"": 1.0, ""fm2_pass_frac_round3_joints_only"": 1.0, ""fm2_smplh_valid_frac"": 1.0, ""fm2_surface_correction_px_p50"": 49.045592725311735, ""fm2_vertex_worst_inset_min_px"": 38.03823012075782, ""fm2_violation_run_max_frames"": 0.0, ""fm2_violation_runs"": 0.0, ""fm2_windowed_pass_frac"": 1.0, ""fm3_static_frac"": 0.27970297029702973, ""observed_duration_s"": 202.0, ""reproj_px_p50"": 26.49158092704479, ""reproj_shoulder_widths_p50"": 0.07585560399645097, ""round3_gallery_group"": ""pass_improvised"", ""unit_files"": 4.0, ""unit_flagged_frac"": 0.0, ""unit_hip_flexion_min"": 136.04151546646222, ""unit_knee_between_min"": 0.5489460617858479}",render
r4_142,recheck_fm3_static_hands_142_V00_S0487_I00000504_P0621_f0000013,V00_S0487_I00000504_P0621,improvised/train/0010/0006/V00_S0487_I00000504_P0621,improvised/train/0010/0015/V00_S0487_I00000504_P0042A,recheck_fm3_static_hands,recheck,improvised,13,V00,improvised,train,ipc_conversation,shown in Round 3 as flagged_fm3_static_hands; re-judged under the Round-4 detectors,"{""clip_anchored_on_fm2_violation"": false, ""flag_count"": 1, ""flags_fired"": ""fm3_static_hands"", ""fm1_hip_flexion_deg_p50"": 168.2221868735997, ""fm1_knee_between_torso_p50"": 0.5956691145029045, ""fm1_leg_over_torso_p50"": 1.3154444887886105, ""fm1_reasons"": """", ""fm1_shin_verticality_p50"": 0.9996144206527183, ""fm1_sitting_file"": false, ""fm1_sitting_participant"": false, ""fm1_unit"": ""0621@0487"", ""fm1_unit_basis"": ""none"", ""fm2_in_frame_and_valid_frac"": 1.0, ""fm2_pass_frac_round3_joints_only"": 1.0, ""fm2_smplh_valid_frac"": 1.0, ""fm2_surface_correction_px_p50"": 42.31117722133422, ""fm2_vertex_worst_inset_min_px"": 56.66234299222788, ""fm2_violation_run_max_frames"": 0.0, ""fm2_violation_runs"": 0.0, ""fm2_windowed_pass_frac"": 1.0, ""fm3_static_frac"": 0.9950819672131147, ""observed_duration_s"": 122.0, ""reproj_px_p50"": 41.570241552874954, ""reproj_shoulder_widths_p50"": 0.1308897587878579, ""round3_gallery_group"": ""flagged_fm3_static_hands"", ""unit_files"": 1.0, ""unit_flagged_frac"": 0.0, ""unit_hip_flexion_min"": 168.2221868735997, ""unit_knee_between_min"": 0.5956691145029045}",render
r4_143,recheck_pass_143_V00_S0665_I00000132_P0300_f0000971,V00_S0665_I00000132_P0300,naturalistic/train/0019/0025/V00_S0665_I00000132_P0300,naturalistic/train/0019/0023/V00_S0665_I00000132_P0424,recheck_pass,recheck,naturalistic,971,V00,naturalistic,train,ipc_conversation,shown in Round 3 as flagged_fm2_framing; re-judged under the Round-4 detectors,"{""clip_anchored_on_fm2_violation"": false, ""flag_count"": 0, ""flags_fired"": """", ""fm1_hip_flexion_deg_p50"": 158.8192990873274, ""fm1_knee_between_torso_p50"": 0.5907318375449685, ""fm1_leg_over_torso_p50"": 1.2361448920690374, ""fm1_reasons"": """", ""fm1_shin_verticality_p50"": 0.9982743664336952, ""fm1_sitting_file"": false, ""fm1_sitting_participant"": false, ""fm1_unit"": ""0300@0665"", ""fm1_unit_basis"": ""none"", ""fm2_in_frame_and_valid_frac"": 0.9936011904761904, ""fm2_pass_frac_round3_joints_only"": 0.9953869047619047, ""fm2_smplh_valid_frac"": 1.0, ""fm2_surface_correction_px_p50"": 38.49468970934004, ""fm2_vertex_worst_inset_min_px"": -42.87131105546143, ""fm2_violation_run_max_frames"": 20.0, ""fm2_violation_runs"": 9.0, ""fm2_windowed_pass_frac"": 0.5714285714285714, ""fm3_static_frac"": 0.21964285714285714, ""observed_duration_s"": 224.0, ""reproj_px_p50"": 21.144071446425578, ""reproj_shoulder_widths_p50"": 0.06539415061531788, ""round3_gallery_group"": ""flagged_fm2_framing"", ""unit_files"": 1.0, ""unit_flagged_frac"": 0.0, ""unit_hip_flexion_min"": 158.8192990873274, ""unit_knee_between_min"": 0.5907318375449685}",render
r4_144,recheck_pass_144_V00_S0783_I00000137_P0922_f0000442,V00_S0783_I00000137_P0922,naturalistic/train/0022/0019/V00_S0783_I00000137_P0922,naturalistic/train/0022/0034/V00_S0783_I00000137_P0437,recheck_pass,recheck,naturalistic,442,V00,naturalistic,train,ipc_conversation,shown in Round 3 as flagged_fm4_mutual_silence; re-judged under the Round-4 detectors,"{""clip_anchored_on_fm2_violation"": false, ""flag_count"": 0, ""flags_fired"": """", ""fm1_hip_flexion_deg_p50"": 124.49449443691313, ""fm1_knee_between_torso_p50"": 0.47812687810677806, ""fm1_leg_over_torso_p50"": 1.0367285652653306, ""fm1_reasons"": """", ""fm1_shin_verticality_p50"": 0.997785154359495, ""fm1_sitting_file"": false, ""fm1_sitting_participant"": false, ""fm1_unit"": ""0922@0783"", ""fm1_unit_basis"": ""none"", ""fm2_in_frame_and_valid_frac"": 1.0, ""fm2_pass_frac_round3_joints_only"": 1.0, ""fm2_smplh_valid_frac"": 1.0, ""fm2_surface_correction_px_p50"": 47.01507630853939, ""fm2_vertex_worst_inset_min_px"": 30.280263476106484, ""fm2_violation_run_max_frames"": 0.0, ""fm2_violation_runs"": 0.0, ""fm2_windowed_pass_frac"": 1.0, ""fm3_static_frac"": 0.6013513513513513, ""observed_duration_s"": 148.0, ""reproj_px_p50"": 19.866077055862867, ""reproj_shoulder_widths_p50"": 0.05545964528430443, ""round3_gallery_group"": ""flagged_fm4_mutual_silence"", ""unit_files"": 1.0, ""unit_flagged_frac"": 0.0, ""unit_hip_flexion_min"": 124.49449443691313, ""unit_knee_between_min"": 0.47812687810677806}",render
r4_145,recheck_pass_145_V00_S1563_I00000663_P0185A_f0001886,V00_S1563_I00000663_P0185A,improvised/train/0037/0014/V00_S1563_I00000663_P0185A,improvised/train/0037/0012/V00_S1563_I00000663_P1148A,recheck_pass,recheck,improvised,1886,V00,improvised,train,ipc_conversation,shown in Round 3 as flagged_fm4_mutual_silence; re-judged under the Round-4 detectors,"{""clip_anchored_on_fm2_violation"": false, ""flag_count"": 0, ""flags_fired"": """", ""fm1_hip_flexion_deg_p50"": 154.75110786226614, ""fm1_knee_between_torso_p50"": 0.5698634385309815, ""fm1_leg_over_torso_p50"": 1.209478688599368, ""fm1_reasons"": """", ""fm1_shin_verticality_p50"": 0.9996144198612866, ""fm1_sitting_file"": false, ""fm1_sitting_participant"": false, ""fm1_unit"": ""0185A@1563"", ""fm1_unit_basis"": ""none"", ""fm2_in_frame_and_valid_frac"": 1.0, ""fm2_pass_frac_round3_joints_only"": 1.0, ""fm2_smplh_valid_frac"": 1.0, ""fm2_surface_correction_px_p50"": 64.54913163447361, ""fm2_vertex_worst_inset_min_px"": 81.17077826252563, ""fm2_violation_run_max_frames"": 0.0, ""fm2_violation_runs"": 0.0, ""fm2_windowed_pass_frac"": 1.0, ""fm3_static_frac"": 0.010873015873015873, ""observed_duration_s"": 420.0, ""reproj_px_p50"": 39.817498402741755, ""reproj_shoulder_widths_p50"": 0.14117553048372117, ""round3_gallery_group"": ""flagged_fm4_mutual_silence"", ""unit_files"": 3.0, ""unit_flagged_frac"": 0.0, ""unit_hip_flexion_min"": 149.4812759146193, ""unit_knee_between_min"": 0.5677306161349339}",render
r4_146,recheck_pass_146_V00_S1163_I00001061_P0878A_f0004668,V00_S1163_I00001061_P0878A,improvised/train/0025/0039/V00_S1163_I00001061_P0878A,improvised/train/0025/0017/V00_S1163_I00001061_P0012,recheck_pass,recheck,improvised,4668,V00,improvised,train,ipc_conversation,shown in Round 3 as flagged_fm4_mutual_silence; re-judged under the Round-4 detectors,"{""clip_anchored_on_fm2_violation"": false, ""flag_count"": 0, ""flags_fired"": """", ""fm1_hip_flexion_deg_p50"": 142.8816577714427, ""fm1_knee_between_torso_p50"": 0.5936770401413974, ""fm1_leg_over_torso_p50"": 1.0153844354763992, ""fm1_reasons"": """", ""fm1_shin_verticality_p50"": 1.0, ""fm1_sitting_file"": false, ""fm1_sitting_participant"": false, ""fm1_unit"": ""0878A@1163"", ""fm1_unit_basis"": ""none"", ""fm2_in_frame_and_valid_frac"": 1.0, ""fm2_pass_frac_round3_joints_only"": 1.0, ""fm2_smplh_valid_frac"": 1.0, ""fm2_surface_correction_px_p50"": 43.86082797145093, ""fm2_vertex_worst_inset_min_px"": 35.932077753390104, ""fm2_violation_run_max_frames"": 0.0, ""fm2_violation_runs"": 0.0, ""fm2_windowed_pass_frac"": 1.0, ""fm3_static_frac"": 0.6603082851637765, ""observed_duration_s"": 346.0, ""reproj_px_p50"": 29.634273492746015, ""reproj_shoulder_widths_p50"": 0.08369365212004962, ""round3_gallery_group"": ""flagged_fm4_mutual_silence"", ""unit_files"": 1.0, ""unit_flagged_frac"": 0.0, ""unit_hip_flexion_min"": 142.8816577714427, ""unit_knee_between_min"": 0.5936770401413974}",render
r4_147,recheck_pass_147_V00_S0147_I00000504_P0070_f0000064,V00_S0147_I00000504_P0070,naturalistic/train/0003/0034/V00_S0147_I00000504_P0070,naturalistic/train/0003/0027/V00_S0147_I00000504_P0209,recheck_pass,recheck,naturalistic,64,V00,naturalistic,train,ipc_conversation,shown in Round 3 as pass_naturalistic; re-judged under the Round-4 detectors,"{""clip_anchored_on_fm2_violation"": false, ""flag_count"": 0, ""flags_fired"": """", ""fm1_hip_flexion_deg_p50"": 144.58327569606615, ""fm1_knee_between_torso_p50"": 0.5532613526431176, ""fm1_leg_over_torso_p50"": 1.2078662351650093, ""fm1_reasons"": """", ""fm1_shin_verticality_p50"": 0.9982743724039469, ""fm1_sitting_file"": false, ""fm1_sitting_participant"": false, ""fm1_unit"": ""0070@0147"", ""fm1_unit_basis"": ""none"", ""fm2_in_frame_and_valid_frac"": 0.998062015503876, ""fm2_pass_frac_round3_joints_only"": 1.0, ""fm2_smplh_valid_frac"": 1.0, ""fm2_surface_correction_px_p50"": 44.58804865841023, ""fm2_vertex_worst_inset_min_px"": 7.072956586212285, ""fm2_violation_run_max_frames"": 5.0, ""fm2_violation_runs"": 1.0, ""fm2_windowed_pass_frac"": 1.0, ""fm3_static_frac"": 0.7232558139534884, ""observed_duration_s"": 86.0, ""reproj_px_p50"": 18.004152507992508, ""reproj_shoulder_widths_p50"": 0.05060820458608653, ""round3_gallery_group"": ""pass_naturalistic"", ""unit_files"": 3.0, ""unit_flagged_frac"": 0.0, ""unit_hip_flexion_min"": 139.00122018710948, ""unit_knee_between_min"": 0.5472410133203769}",render
r4_148,recheck_multi_148_V00_S0172_I00000543_P0012_f0010440,V00_S0172_I00000543_P0012,improvised/train/0004/0034/V00_S0172_I00000543_P0012,improvised/train/0004/0023/V00_S0172_I00000543_P0027A,recheck_multi,recheck,improvised,10440,V00,improvised,train,grounded_gesture,shown in Round 3 as flagged_multi; re-judged under the Round-4 detectors,"{""clip_anchored_on_fm2_violation"": true, ""flag_count"": 2, ""flags_fired"": ""fm2_smplh_invalid+fm3_static_hands"", ""fm1_hip_flexion_deg_p50"": 123.90787581982681, ""fm1_knee_between_torso_p50"": 0.43915988907728865, ""fm1_leg_over_torso_p50"": 1.428308016360213, ""fm1_reasons"": """", ""fm1_shin_verticality_p50"": 0.9986178247796202, ""fm1_sitting_file"": false, ""fm1_sitting_participant"": false, ""fm1_unit"": ""0012@0172"", ""fm1_unit_basis"": ""none"", ""fm2_in_frame_and_valid_frac"": 0.9872134038800705, ""fm2_pass_frac_round3_joints_only"": 0.9886243386243386, ""fm2_smplh_valid_frac"": 0.9951499118165785, ""fm2_surface_correction_px_p50"": 47.028610837179485, ""fm2_vertex_worst_inset_min_px"": -139.67936836836452, ""fm2_violation_run_max_frames"": 39.0, ""fm2_violation_runs"": 20.0, ""fm2_windowed_pass_frac"": 0.3333333333333333, ""fm3_static_frac"": 0.777336860670194, ""observed_duration_s"": 378.0, ""reproj_px_p50"": 18.783717556150602, ""reproj_shoulder_widths_p50"": 0.052573308825422424, ""round3_gallery_group"": ""flagged_multi"", ""unit_files"": 1.0, ""unit_flagged_frac"": 0.0, ""unit_hip_flexion_min"": 123.90787581982681, ""unit_knee_between_min"": 0.43915988907728865}",render
r4_149,recheck_pass_149_V00_S0244_I00000483_P0333_f0004169,V00_S0244_I00000483_P0333,naturalistic/train/0005/0036/V00_S0244_I00000483_P0333,naturalistic/train/0005/0035/V00_S0244_I00000483_P0332,recheck_pass,recheck,naturalistic,4169,V00,naturalistic,train,ipc_conversation,shown in Round 3 as pass_naturalistic; re-judged under the Round-4 detectors,"{""clip_anchored_on_fm2_violation"": false, ""flag_count"": 0, ""flags_fired"": """", ""fm1_hip_flexion_deg_p50"": 150.38194886291961, ""fm1_knee_between_torso_p50"": 0.5563011773390307, ""fm1_leg_over_torso_p50"": 1.131320336902664, ""fm1_reasons"": """", ""fm1_shin_verticality_p50"": 0.9980525748109575, ""fm1_sitting_file"": false, ""fm1_sitting_participant"": false, ""fm1_unit"": ""0333@0244"", ""fm1_unit_basis"": ""none"", ""fm2_in_frame_and_valid_frac"": 1.0, ""fm2_pass_frac_round3_joints_only"": 1.0, ""fm2_smplh_valid_frac"": 1.0, ""fm2_surface_correction_px_p50"": 42.80108179480817, ""fm2_vertex_worst_inset_min_px"": 54.253421782918394, ""fm2_violation_run_max_frames"": 0.0, ""fm2_violation_runs"": 0.0, ""fm2_windowed_pass_frac"": 1.0, ""fm3_static_frac"": 0.36666666666666664, ""observed_duration_s"": 216.0, ""reproj_px_p50"": 24.059345251442338, ""reproj_shoulder_widths_p50"": 0.07268712017887131, ""round3_gallery_group"": ""pass_naturalistic"", ""unit_files"": 2.0, ""unit_flagged_frac"": 0.0, ""unit_hip_flexion_min"": 149.57556293818902, ""unit_knee_between_min"": 0.5563011773390307}",render
r4_150,recheck_fm1_sitting_150_V00_S0700_I00000579_P0844A_f0000419,V00_S0700_I00000579_P0844A,improvised/dev/0000/0044/V00_S0700_I00000579_P0844A,improvised/dev/0000/0011/V00_S0700_I00000579_P0852,recheck_fm1_sitting,recheck,improvised,419,V00,improvised,dev,ipc_conversation,shown in Round 3 as flagged_fm1_sitting; re-judged under the Round-4 detectors,"{""clip_anchored_on_fm2_violation"": false, ""flag_count"": 1, ""flags_fired"": ""fm1_sitting"", ""fm1_hip_flexion_deg_p50"": 99.0379527778387, ""fm1_knee_between_torso_p50"": 0.30387815733599854, ""fm1_leg_over_torso_p50"": 1.6099685099515653, ""fm1_reasons"": ""knee_between"", ""fm1_shin_verticality_p50"": 0.948683258202311, ""fm1_sitting_file"": true, ""fm1_sitting_participant"": true, ""fm1_unit"": ""0844A@0700"", ""fm1_unit_basis"": ""majority"", ""fm2_in_frame_and_valid_frac"": 1.0, ""fm2_pass_frac_round3_joints_only"": 1.0, ""fm2_smplh_valid_frac"": 1.0, ""fm2_surface_correction_px_p50"": 48.19331495165528, ""fm2_vertex_worst_inset_min_px"": 9.968409427541246, ""fm2_violation_run_max_frames"": 0.0, ""fm2_violation_runs"": 0.0, ""fm2_windowed_pass_frac"": 1.0, ""fm3_static_frac"": 0.35532646048109967, ""observed_duration_s"": 194.0, ""reproj_px_p50"": 25.68591150889545, ""reproj_shoulder_widths_p50"": 0.07839225073796212, ""round3_gallery_group"": ""flagged_fm1_sitting"", ""unit_files"": 1.0, ""unit_flagged_frac"": 1.0, ""unit_hip_flexion_min"": 99.0379527778387, ""unit_knee_between_min"": 0.30387815733599854}",render
r4_151,recheck_fm3_static_hands_151_V00_S1121_I00000249_P0871_f0000245,V00_S1121_I00000249_P0871,naturalistic/train/0026/0040/V00_S1121_I00000249_P0871,naturalistic/train/0026/0037/V00_S1121_I00000249_P1090,recheck_fm3_static_hands,recheck,naturalistic,245,V00,naturalistic,train,ipc_conversation,shown in Round 3 as flagged_fm3_static_hands; re-judged under the Round-4 detectors,"{""clip_anchored_on_fm2_violation"": false, ""flag_count"": 1, ""flags_fired"": ""fm3_static_hands"", ""fm1_hip_flexion_deg_p50"": 154.3879662715637, ""fm1_knee_between_torso_p50"": 0.57876269895984, ""fm1_leg_over_torso_p50"": 1.1749759594837839, ""fm1_reasons"": """", ""fm1_shin_verticality_p50"": 0.9983713354349586, ""fm1_sitting_file"": false, ""fm1_sitting_participant"": false, ""fm1_unit"": ""0871@1121"", ""fm1_unit_basis"": ""none"", ""fm2_in_frame_and_valid_frac"": 1.0, ""fm2_pass_frac_round3_joints_only"": 1.0, ""fm2_smplh_valid_frac"": 1.0, ""fm2_surface_correction_px_p50"": 42.6032757092313, ""fm2_vertex_worst_inset_min_px"": 6.173012264425552, ""fm2_violation_run_max_frames"": 0.0, ""fm2_violation_runs"": 0.0, ""fm2_windowed_pass_frac"": 1.0, ""fm3_static_frac"": 0.7556737588652482, ""observed_duration_s"": 94.0, ""reproj_px_p50"": 17.42355001399057, ""reproj_shoulder_widths_p50"": 0.04700788956928642, ""round3_gallery_group"": ""flagged_fm3_static_hands"", ""unit_files"": 3.0, ""unit_flagged_frac"": 0.0, ""unit_hip_flexion_min"": 152.76697383884016, ""unit_knee_between_min"": 0.57876269895984}",render
r4_152,recheck_pass_152_V00_S1393_I00000104_P1134_f0003098,V00_S1393_I00000104_P1134,naturalistic/train/0027/0044/V00_S1393_I00000104_P1134,naturalistic/train/0027/0023/V00_S1393_I00000104_P0576,recheck_pass,recheck,naturalistic,3098,V00,naturalistic,train,ipc_conversation,shown in Round 3 as pass_naturalistic; re-judged under the Round-4 detectors,"{""clip_anchored_on_fm2_violation"": false, ""flag_count"": 0, ""flags_fired"": """", ""fm1_hip_flexion_deg_p50"": 141.70519216687063, ""fm1_knee_between_torso_p50"": 0.5754170618754427, ""fm1_leg_over_torso_p50"": 1.0325507414417847, ""fm1_reasons"": """", ""fm1_shin_verticality_p50"": 0.9994449140724275, ""fm1_sitting_file"": false, ""fm1_sitting_participant"": false, ""fm1_unit"": ""1134@1393"", ""fm1_unit_basis"": ""none"", ""fm2_in_frame_and_valid_frac"": 1.0, ""fm2_pass_frac_round3_joints_only"": 1.0, ""fm2_smplh_valid_frac"": 1.0, ""fm2_surface_correction_px_p50"": 40.69939315207239, ""fm2_vertex_worst_inset_min_px"": 59.77108310809581, ""fm2_violation_run_max_frames"": 0.0, ""fm2_violation_runs"": 0.0, ""fm2_windowed_pass_frac"": 1.0, ""fm3_static_frac"": 0.2057017543859649, ""observed_duration_s"": 228.0, ""reproj_px_p50"": 39.76802226681122, ""reproj_shoulder_widths_p50"": 0.12732311516916356, ""round3_gallery_group"": ""pass_naturalistic"", ""unit_files"": 4.0, ""unit_flagged_frac"": 0.0, ""unit_hip_flexion_min"": 138.8131821429675, ""unit_knee_between_min"": 0.5608690271324126}",render
r4_153,recheck_fm2_smplh_invalid_153_V00_S1564_I00001111_P1099A_f0010699,V00_S1564_I00001111_P1099A,improvised/train/0037/0032/V00_S1564_I00001111_P1099A,improvised/train/0037/0025/V00_S1564_I00001111_P0041A,recheck_fm2_smplh_invalid,recheck,improvised,10699,V00,improvised,train,ipc_conversation,shown in Round 3 as flagged_fm1_sitting; re-judged under the Round-4 detectors,"{""clip_anchored_on_fm2_violation"": true, ""flag_count"": 1, ""flags_fired"": ""fm2_smplh_invalid"", ""fm1_hip_flexion_deg_p50"": 123.49189788341627, ""fm1_knee_between_torso_p50"": 0.5387243535070905, ""fm1_leg_over_torso_p50"": 0.7986854899700341, ""fm1_reasons"": """", ""fm1_shin_verticality_p50"": 0.9916004348401402, ""fm1_sitting_file"": false, ""fm1_sitting_participant"": false, ""fm1_unit"": ""1099A@1564"", ""fm1_unit_basis"": ""none"", ""fm2_in_frame_and_valid_frac"": 0.9716076696165191, ""fm2_pass_frac_round3_joints_only"": 0.9763274336283185, ""fm2_smplh_valid_frac"": 0.9853982300884956, ""fm2_surface_correction_px_p50"": 35.343342892212064, ""fm2_vertex_worst_inset_min_px"": -208.14667818741532, ""fm2_violation_run_max_frames"": 174.0, ""fm2_violation_runs"": 13.0, ""fm2_windowed_pass_frac"": 0.6, ""fm3_static_frac"": 0.05103244837758112, ""observed_duration_s"": 452.0, ""reproj_px_p50"": 21.481168149606653, ""reproj_shoulder_widths_p50"": 0.05650698853584268, ""round3_gallery_group"": ""flagged_fm1_sitting"", ""unit_files"": 1.0, ""unit_flagged_frac"": 0.0, ""unit_hip_flexion_min"": 123.49189788341627, ""unit_knee_between_min"": 0.5387243535070905}",render
r4_154,recheck_fm3_static_hands_154_V00_S1875_I00001029_P0180A_f0003958,V00_S1875_I00001029_P0180A,improvised/train/0046/0006/V00_S1875_I00001029_P0180A,improvised/train/0046/0045/V00_S1875_I00001029_P0933A,recheck_fm3_static_hands,recheck,improvised,3958,V00,improvised,train,ipc_conversation,shown in Round 3 as flagged_fm3_static_hands; re-judged under the Round-4 detectors,"{""clip_anchored_on_fm2_violation"": false, ""flag_count"": 1, ""flags_fired"": ""fm3_static_hands"", ""fm1_hip_flexion_deg_p50"": 152.6762032950699, ""fm1_knee_between_torso_p50"": 0.5583596550910528, ""fm1_leg_over_torso_p50"": 1.274754612044072, ""fm1_reasons"": """", ""fm1_shin_verticality_p50"": 0.9961298512451394, ""fm1_sitting_file"": false, ""fm1_sitting_participant"": false, ""fm1_unit"": ""0180A@1875"", ""fm1_unit_basis"": ""none"", ""fm2_in_frame_and_valid_frac"": 1.0, ""fm2_pass_frac_round3_joints_only"": 1.0, ""fm2_smplh_valid_frac"": 1.0, ""fm2_surface_correction_px_p50"": 36.059470574206216, ""fm2_vertex_worst_inset_min_px"": 130.40040685481097, ""fm2_violation_run_max_frames"": 0.0, ""fm2_violation_runs"": 0.0, ""fm2_windowed_pass_frac"": 1.0, ""fm3_static_frac"": 0.8192786069651742, ""observed_duration_s"": 268.0, ""reproj_px_p50"": 15.810344840781497, ""reproj_shoulder_widths_p50"": 0.05320599213242234, ""round3_gallery_group"": ""flagged_fm3_static_hands"", ""unit_files"": 1.0, ""unit_flagged_frac"": 0.0, ""unit_hip_flexion_min"": 152.6762032950699, ""unit_knee_between_min"": 0.5583596550910528}",render
r4_155,recheck_pass_155_V00_S1992_I00000197_P1255_f0001755,V00_S1992_I00000197_P1255,naturalistic/train/0032/0001/V00_S1992_I00000197_P1255,naturalistic/train/0032/0047/V00_S1992_I00000197_P0462,recheck_pass,recheck,naturalistic,1755,V00,naturalistic,train,ipc_conversation,shown in Round 3 as flagged_fm4_mutual_silence; re-judged under the Round-4 detectors,"{""clip_anchored_on_fm2_violation"": false, ""flag_count"": 0, ""flags_fired"": """", ""fm1_hip_flexion_deg_p50"": 152.37907483053533, ""fm1_knee_between_torso_p50"": 0.5366471577531302, ""fm1_leg_over_torso_p50"": 1.322580467106093, ""fm1_reasons"": """", ""fm1_shin_verticality_p50"": 0.9996714362209644, ""fm1_sitting_file"": false, ""fm1_sitting_participant"": false, ""fm1_unit"": ""1255@1992"", ""fm1_unit_basis"": ""none"", ""fm2_in_frame_and_valid_frac"": 1.0, ""fm2_pass_frac_round3_joints_only"": 1.0, ""fm2_smplh_valid_frac"": 1.0, ""fm2_surface_correction_px_p50"": 47.16431564803372, ""fm2_vertex_worst_inset_min_px"": 122.68584673750894, ""fm2_violation_run_max_frames"": 0.0, ""fm2_violation_runs"": 0.0, ""fm2_windowed_pass_frac"": 1.0, ""fm3_static_frac"": 0.7031963470319634, ""observed_duration_s"": 146.0, ""reproj_px_p50"": 19.626030554949843, ""reproj_shoulder_widths_p50"": 0.06734545525107613, ""round3_gallery_group"": ""flagged_fm4_mutual_silence"", ""unit_files"": 3.0, ""unit_flagged_frac"": 0.0, ""unit_hip_flexion_min"": 149.63879121889397, ""unit_knee_between_min"": 0.5366471577531302}",render
r4_156,recheck_pass_156_V00_S0728_I00000498_P0876_f0004571,V00_S0728_I00000498_P0876,naturalistic/train/0020/0030/V00_S0728_I00000498_P0876,naturalistic/train/0020/0015/V00_S0728_I00000498_P0877,recheck_pass,recheck,naturalistic,4571,V00,naturalistic,train,ipc_conversation,shown in Round 3 as flagged_fm1_sitting; re-judged under the Round-4 detectors,"{""clip_anchored_on_fm2_violation"": false, ""flag_count"": 0, ""flags_fired"": """", ""fm1_hip_flexion_deg_p50"": 137.98729117677294, ""fm1_knee_between_torso_p50"": 0.5941090308659293, ""fm1_leg_over_torso_p50"": 0.8479197573623465, ""fm1_reasons"": """", ""fm1_shin_verticality_p50"": 0.999261169372929, ""fm1_sitting_file"": false, ""fm1_sitting_participant"": false, ""fm1_unit"": ""0876@0728"", ""fm1_unit_basis"": ""none"", ""fm2_in_frame_and_valid_frac"": 1.0, ""fm2_pass_frac_round3_joints_only"": 1.0, ""fm2_smplh_valid_frac"": 1.0, ""fm2_surface_correction_px_p50"": 48.04925794426663, ""fm2_vertex_worst_inset_min_px"": 4.218626818503708, ""fm2_violation_run_max_frames"": 0.0, ""fm2_violation_runs"": 0.0, ""fm2_windowed_pass_frac"": 1.0, ""fm3_static_frac"": 0.46683673469387754, ""observed_duration_s"": 196.0, ""reproj_px_p50"": 39.43549687298398, ""reproj_shoulder_widths_p50"": 0.10582408787618691, ""round3_gallery_group"": ""flagged_fm1_sitting"", ""unit_files"": 6.0, ""unit_flagged_frac"": 0.0, ""unit_hip_flexion_min"": 136.338827287528, ""unit_knee_between_min"": 0.5762377137979516}",render
r4_157,recheck_pass_157_V00_S1686_I00000606_P1161_f0002026,V00_S1686_I00000606_P1161,naturalistic/train/0028/0020/V00_S1686_I00000606_P1161,naturalistic/train/0028/0015/V00_S1686_I00000606_P0205,recheck_pass,recheck,naturalistic,2026,V00,naturalistic,train,grounded_gesture,shown in Round 3 as flagged_fm4_mutual_silence; re-judged under the Round-4 detectors,"{""clip_anchored_on_fm2_violation"": false, ""flag_count"": 0, ""flags_fired"": """", ""fm1_hip_flexion_deg_p50"": 157.24146094386953, ""fm1_knee_between_torso_p50"": 0.5785532814426729, ""fm1_leg_over_torso_p50"": 1.2413950446963447, ""fm1_reasons"": """", ""fm1_shin_verticality_p50"": 0.9995677477018703, ""fm1_sitting_file"": false, ""fm1_sitting_participant"": false, ""fm1_unit"": ""1161@1686"", ""fm1_unit_basis"": ""none"", ""fm2_in_frame_and_valid_frac"": 1.0, ""fm2_pass_frac_round3_joints_only"": 1.0, ""fm2_smplh_valid_frac"": 1.0, ""fm2_surface_correction_px_p50"": 30.618100147104883, ""fm2_vertex_worst_inset_min_px"": 168.94078800693472, ""fm2_violation_run_max_frames"": 0.0, ""fm2_violation_runs"": 0.0, ""fm2_windowed_pass_frac"": 1.0, ""fm3_static_frac"": 0.4884408602150538, ""observed_duration_s"": 124.0, ""reproj_px_p50"": 34.66558586032936, ""reproj_shoulder_widths_p50"": 0.12246491225157297, ""round3_gallery_group"": ""flagged_fm4_mutual_silence"", ""unit_files"": 4.0, ""unit_flagged_frac"": 0.0, ""unit_hip_flexion_min"": 157.24146094386953, ""unit_knee_between_min"": 0.57578339787307}",render
r4_158,recheck_fm3_static_hands_158_V00_S0288_I00000125_P0390_f0000522,V00_S0288_I00000125_P0390,naturalistic/train/0007/0006/V00_S0288_I00000125_P0390,naturalistic/train/0007/0011/V00_S0288_I00000125_P0391,recheck_fm3_static_hands,recheck,naturalistic,522,V00,naturalistic,train,ipc_conversation,shown in Round 3 as flagged_multi; re-judged under the Round-4 detectors,"{""clip_anchored_on_fm2_violation"": false, ""flag_count"": 1, ""flags_fired"": ""fm3_static_hands"", ""fm1_hip_flexion_deg_p50"": 120.98508038041723, ""fm1_knee_between_torso_p50"": 0.4969212562114147, ""fm1_leg_over_torso_p50"": 0.9300416908596426, ""fm1_reasons"": """", ""fm1_shin_verticality_p50"": 0.9946917797054784, ""fm1_sitting_file"": false, ""fm1_sitting_participant"": false, ""fm1_unit"": ""0390@0288"", ""fm1_unit_basis"": ""none"", ""fm2_in_frame_and_valid_frac"": 1.0, ""fm2_pass_frac_round3_joints_only"": 1.0, ""fm2_smplh_valid_frac"": 1.0, ""fm2_surface_correction_px_p50"": 54.50125851964117, ""fm2_vertex_worst_inset_min_px"": 37.01359672122453, ""fm2_violation_run_max_frames"": 0.0, ""fm2_violation_runs"": 0.0, ""fm2_windowed_pass_frac"": 1.0, ""fm3_static_frac"": 0.9936507936507937, ""observed_duration_s"": 84.0, ""reproj_px_p50"": 17.412461529341, ""reproj_shoulder_widths_p50"": 0.041012144729416534, ""round3_gallery_group"": ""flagged_multi"", ""unit_files"": 1.0, ""unit_flagged_frac"": 0.0, ""unit_hip_flexion_min"": 120.98508038041723, ""unit_knee_between_min"": 0.4969212562114147}",render
r4_159,recheck_pass_159_V00_S0785_I00000384_P0464A_f0000458,V00_S0785_I00000384_P0464A,improvised/train/0015/0001/V00_S0785_I00000384_P0464A,improvised/train/0015/0010/V00_S0785_I00000384_P0924,recheck_pass,recheck,improvised,458,V00,improvised,train,ipc_conversation,shown in Round 3 as pass_improvised; re-judged under the Round-4 detectors,"{""clip_anchored_on_fm2_violation"": false, ""flag_count"": 0, ""flags_fired"": """", ""fm1_hip_flexion_deg_p50"": 157.50113475837588, ""fm1_knee_between_torso_p50"": 0.5582920352314478, ""fm1_leg_over_torso_p50"": 1.277595028947695, ""fm1_reasons"": """", ""fm1_shin_verticality_p50"": 0.9996144247580518, ""fm1_sitting_file"": false, ""fm1_sitting_participant"": false, ""fm1_unit"": ""0464A@0785"", ""fm1_unit_basis"": ""none"", ""fm2_in_frame_and_valid_frac"": 1.0, ""fm2_pass_frac_round3_joints_only"": 1.0, ""fm2_smplh_valid_frac"": 1.0, ""fm2_surface_correction_px_p50"": 31.67060798800344, ""fm2_vertex_worst_inset_min_px"": 34.429219416558965, ""fm2_violation_run_max_frames"": 0.0, ""fm2_violation_runs"": 0.0, ""fm2_windowed_pass_frac"": 1.0, ""fm3_static_frac"": 0.2964646464646465, ""observed_duration_s"": 132.0, ""reproj_px_p50"": 41.1121726526291, ""reproj_shoulder_widths_p50"": 0.12501853013339487, ""round3_gallery_group"": ""pass_improvised"", ""unit_files"": 4.0, ""unit_flagged_frac"": 0.0, ""unit_hip_flexion_min"": 157.50113475837588, ""unit_knee_between_min"": 0.5568625873336317}",render
r4_160,recheck_pass_160_V00_S1959_I00000250_P1228_f0002992,V00_S1959_I00000250_P1228,naturalistic/train/0032/0017/V00_S1959_I00000250_P1228,naturalistic/train/0032/0029/V00_S1959_I00000250_P0984,recheck_pass,recheck,naturalistic,2992,V00,naturalistic,train,ipc_conversation,shown in Round 3 as flagged_fm2_framing; re-judged under the Round-4 detectors,"{""clip_anchored_on_fm2_violation"": false, ""flag_count"": 0, ""flags_fired"": """", ""fm1_hip_flexion_deg_p50"": 132.20360939907354, ""fm1_knee_between_torso_p50"": 0.519477946277745, ""fm1_leg_over_torso_p50"": 1.0984187773750822, ""fm1_reasons"": """", ""fm1_shin_verticality_p50"": 0.992277908923154, ""fm1_sitting_file"": false, ""fm1_sitting_participant"": false, ""fm1_unit"": ""1228@1959"", ""fm1_unit_basis"": ""none"", ""fm2_in_frame_and_valid_frac"": 0.9992753623188406, ""fm2_pass_frac_round3_joints_only"": 0.9995169082125603, ""fm2_smplh_valid_frac"": 1.0, ""fm2_surface_correction_px_p50"": 40.98015393980711, ""fm2_vertex_worst_inset_min_px"": -6.352885533596577, ""fm2_violation_run_max_frames"": 3.0, ""fm2_violation_runs"": 1.0, ""fm2_windowed_pass_frac"": 0.75, ""fm3_static_frac"": 0.18985507246376812, ""observed_duration_s"": 138.0, ""reproj_px_p50"": 42.903346261243655, ""reproj_shoulder_widths_p50"": 0.12378185139899055, ""round3_gallery_group"": ""flagged_fm2_framing"", ""unit_files"": 4.0, ""unit_flagged_frac"": 0.0, ""unit_hip_flexion_min"": 125.22852947864604, ""unit_knee_between_min"": 0.49944864867230215}",render
r4_161,recheck_pass_161_V00_S2034_I00000719_P1289A_f0001579,V00_S2034_I00000719_P1289A,improvised/train/0049/0019/V00_S2034_I00000719_P1289A,improvised/train/0049/0021/V00_S2034_I00000719_P1291A,recheck_pass,recheck,improvised,1579,V00,improvised,train,ipc_conversation,shown in Round 3 as flagged_fm4_mutual_silence; re-judged under the Round-4 detectors,"{""clip_anchored_on_fm2_violation"": false, ""flag_count"": 0, ""flags_fired"": """", ""fm1_hip_flexion_deg_p50"": 152.65509833277687, ""fm1_knee_between_torso_p50"": 0.5705636873587236, ""fm1_leg_over_torso_p50"": 1.233612444254554, ""fm1_reasons"": """", ""fm1_shin_verticality_p50"": 0.9982743697892431, ""fm1_sitting_file"": false, ""fm1_sitting_participant"": false, ""fm1_unit"": ""1289A@2034"", ""fm1_unit_basis"": ""none"", ""fm2_in_frame_and_valid_frac"": 1.0, ""fm2_pass_frac_round3_joints_only"": 1.0, ""fm2_smplh_valid_frac"": 1.0, ""fm2_surface_correction_px_p50"": 41.43086797683293, ""fm2_vertex_worst_inset_min_px"": 166.51456820745665, ""fm2_violation_run_max_frames"": 0.0, ""fm2_violation_runs"": 0.0, ""fm2_windowed_pass_frac"": 1.0, ""fm3_static_frac"": 0.16825396825396827, ""observed_duration_s"": 252.0, ""reproj_px_p50"": 28.1671963396154, ""reproj_shoulder_widths_p50"": 0.09260622169527721, ""round3_gallery_group"": ""flagged_fm4_mutual_silence"", ""unit_files"": 1.0, ""unit_flagged_frac"": 0.0, ""unit_hip_flexion_min"": 152.65509833277687, ""unit_knee_between_min"": 0.5705636873587236}",render
r4_162,recheck_pass_162_V00_S0385_I00000371_P0510_f0002529,V00_S0385_I00000371_P0510,naturalistic/train/0010/0028/V00_S0385_I00000371_P0510,naturalistic/train/0010/0043/V00_S0385_I00000371_P0119,recheck_pass,recheck,naturalistic,2529,V00,naturalistic,train,ipc_conversation,shown in Round 3 as pass_naturalistic; re-judged under the Round-4 detectors,"{""clip_anchored_on_fm2_violation"": false, ""flag_count"": 0, ""flags_fired"": """", ""fm1_hip_flexion_deg_p50"": 120.89849463636952, ""fm1_knee_between_torso_p50"": 0.4833749466511462, ""fm1_leg_over_torso_p50"": 1.0164921507850502, ""fm1_reasons"": """", ""fm1_shin_verticality_p50"": 0.9994449000839116, ""fm1_sitting_file"": false, ""fm1_sitting_participant"": false, ""fm1_unit"": ""0510@0385"", ""fm1_unit_basis"": ""none"", ""fm2_in_frame_and_valid_frac"": 0.9998575498575498, ""fm2_pass_frac_round3_joints_only"": 1.0, ""fm2_smplh_valid_frac"": 1.0, ""fm2_surface_correction_px_p50"": 49.93707430482846, ""fm2_vertex_worst_inset_min_px"": 30.278714970195722, ""fm2_violation_run_max_frames"": 1.0, ""fm2_violation_runs"": 1.0, ""fm2_windowed_pass_frac"": 1.0, ""fm3_static_frac"": 0.6914529914529914, ""observed_duration_s"": 234.0, ""reproj_px_p50"": 27.601368761401957, ""reproj_shoulder_widths_p50"": 0.07270738597334328, ""round3_gallery_group"": ""pass_naturalistic"", ""unit_files"": 1.0, ""unit_flagged_frac"": 0.0, ""unit_hip_flexion_min"": 120.89849463636952, ""unit_knee_between_min"": 0.4833749466511462}",render
r4_163,recheck_fm3_static_hands_163_V00_S0071_I00000307_P0106_f0001253,V00_S0071_I00000307_P0106,improvised/train/0001/0010/V00_S0071_I00000307_P0106,,recheck_fm3_static_hands,recheck,improvised,1253,V00,improvised,train,ipc_conversation,shown in Round 3 as flagged_fm3_static_hands; re-judged under the Round-4 detectors,"{""clip_anchored_on_fm2_violation"": false, ""flag_count"": 1, ""flags_fired"": ""fm3_static_hands"", ""fm1_hip_flexion_deg_p50"": 154.76933377155592, ""fm1_knee_between_torso_p50"": 0.5448263448337722, ""fm1_leg_over_torso_p50"": 1.3574306536647949, ""fm1_reasons"": """", ""fm1_shin_verticality_p50"": 0.9996144220552925, ""fm1_sitting_file"": false, ""fm1_sitting_participant"": false, ""fm1_unit"": ""0106@0071"", ""fm1_unit_basis"": ""none"", ""fm2_in_frame_and_valid_frac"": 1.0, ""fm2_pass_frac_round3_joints_only"": 1.0, ""fm2_smplh_valid_frac"": 1.0, ""fm2_surface_correction_px_p50"": 36.82956482944428, ""fm2_vertex_worst_inset_min_px"": 130.37954268758403, ""fm2_violation_run_max_frames"": 0.0, ""fm2_violation_runs"": 0.0, ""fm2_windowed_pass_frac"": 1.0, ""fm3_static_frac"": 0.8182051282051283, ""observed_duration_s"": 130.0, ""reproj_px_p50"": 30.20091494061957, ""reproj_shoulder_widths_p50"": 0.10569579909501683, ""round3_gallery_group"": ""flagged_fm3_static_hands"", ""unit_files"": 3.0, ""unit_flagged_frac"": 0.0, ""unit_hip_flexion_min"": 154.76933377155592, ""unit_knee_between_min"": 0.5448263448337722}",render
r4_164,recheck_pass_164_V00_S0516_I00000379_P0027A_f0001293,V00_S0516_I00000379_P0027A,naturalistic/train/0014/0041/V00_S0516_I00000379_P0027A,naturalistic/train/0014/0038/V00_S0516_I00000379_P0658A,recheck_pass,recheck,naturalistic,1293,V00,naturalistic,train,ipc_conversation,shown in Round 3 as pass_naturalistic; re-judged under the Round-4 detectors,"{""clip_anchored_on_fm2_violation"": false, ""flag_count"": 0, ""flags_fired"": """", ""fm1_hip_flexion_deg_p50"": 149.66518914847956, ""fm1_knee_between_torso_p50"": 0.5143433640841314, ""fm1_leg_over_torso_p50"": 1.4490561741449601, ""fm1_reasons"": """", ""fm1_shin_verticality_p50"": 0.9988123522299989, ""fm1_sitting_file"": false, ""fm1_sitting_participant"": false, ""fm1_unit"": ""0027A@0516"", ""fm1_unit_basis"": ""none"", ""fm2_in_frame_and_valid_frac"": 1.0, ""fm2_pass_frac_round3_joints_only"": 1.0, ""fm2_smplh_valid_frac"": 1.0, ""fm2_surface_correction_px_p50"": 32.88692741927798, ""fm2_vertex_worst_inset_min_px"": 107.71441082196861, ""fm2_violation_run_max_frames"": 0.0, ""fm2_violation_runs"": 0.0, ""fm2_windowed_pass_frac"": 1.0, ""fm3_static_frac"": 0.4335748792270531, ""observed_duration_s"": 138.0, ""reproj_px_p50"": 16.404106140488928, ""reproj_shoulder_widths_p50"": 0.05444975107991426, ""round3_gallery_group"": ""pass_naturalistic"", ""unit_files"": 1.0, ""unit_flagged_frac"": 0.0, ""unit_hip_flexion_min"": 149.66518914847956, ""unit_knee_between_min"": 0.5143433640841314}",render
r4_165,recheck_pass_165_V00_S0786_I00000535_P0806_f0003166,V00_S0786_I00000535_P0806,improvised/train/0015/0009/V00_S0786_I00000535_P0806,improvised/train/0015/0028/V00_S0786_I00000535_P0920A,recheck_pass,recheck,improvised,3166,V00,improvised,train,ipc_conversation,shown in Round 3 as pass_improvised; re-judged under the Round-4 detectors,"{""clip_anchored_on_fm2_violation"": false, ""flag_count"": 0, ""flags_fired"": """", ""fm1_hip_flexion_deg_p50"": 146.6012351244388, ""fm1_knee_between_torso_p50"": 0.5170352397337243, ""fm1_leg_over_torso_p50"": 1.5457306815358764, ""fm1_reasons"": """", ""fm1_shin_verticality_p50"": 0.9996714331726191, ""fm1_sitting_file"": false, ""fm1_sitting_participant"": false, ""fm1_unit"": ""0806@0786"", ""fm1_unit_basis"": ""none"", ""fm2_in_frame_and_valid_frac"": 0.9998062015503876, ""fm2_pass_frac_round3_joints_only"": 1.0, ""fm2_smplh_valid_frac"": 1.0, ""fm2_surface_correction_px_p50"": 38.69181845606465, ""fm2_vertex_worst_inset_min_px"": 16.685734552444956, ""fm2_violation_run_max_frames"": 1.0, ""fm2_violation_runs"": 1.0, ""fm2_windowed_pass_frac"": 1.0, ""fm3_static_frac"": 0.5327519379844962, ""observed_duration_s"": 172.0, ""reproj_px_p50"": 14.554569646243852, ""reproj_shoulder_widths_p50"": 0.04518341822427053, ""round3_gallery_group"": ""pass_improvised"", ""unit_files"": 1.0, ""unit_flagged_frac"": 0.0, ""unit_hip_flexion_min"": 146.6012351244388, ""unit_knee_between_min"": 0.5170352397337243}",render
r4_166,recheck_fm3_static_hands_166_V00_S1771_I00000108_P0509_f0004319,V00_S1771_I00000108_P0509,naturalistic/train/0028/0023/V00_S1771_I00000108_P0509,naturalistic/train/0028/0017/V00_S1771_I00000108_P0332,recheck_fm3_static_hands,recheck,naturalistic,4319,V00,naturalistic,train,ipc_conversation,shown in Round 3 as flagged_multi; re-judged under the Round-4 detectors,"{""clip_anchored_on_fm2_violation"": false, ""flag_count"": 1, ""flags_fired"": ""fm3_static_hands"", ""fm1_hip_flexion_deg_p50"": 157.62093851086132, ""fm1_knee_between_torso_p50"": 0.5526854733757245, ""fm1_leg_over_torso_p50"": 1.3980461845508434, ""fm1_reasons"": """", ""fm1_shin_verticality_p50"": 0.997199296911438, ""fm1_sitting_file"": false, ""fm1_sitting_participant"": false, ""fm1_unit"": ""0509@1771"", ""fm1_unit_basis"": ""none"", ""fm2_in_frame_and_valid_frac"": 1.0, ""fm2_pass_frac_round3_joints_only"": 1.0, ""fm2_smplh_valid_frac"": 1.0, ""fm2_surface_correction_px_p50"": 32.73306670816078, ""fm2_vertex_worst_inset_min_px"": 71.69675925925924, ""fm2_violation_run_max_frames"": 0.0, ""fm2_violation_runs"": 0.0, ""fm2_windowed_pass_frac"": 1.0, ""fm3_static_frac"": 0.9384469696969697, ""observed_duration_s"": 176.0, ""reproj_px_p50"": 40.295499175876245, ""reproj_shoulder_widths_p50"": 0.1275375282496462, ""round3_gallery_group"": ""flagged_multi"", ""unit_files"": 3.0, ""unit_flagged_frac"": 0.0, ""unit_hip_flexion_min"": 155.98967691257053, ""unit_knee_between_min"": 0.5516428550456625}",render
r4_167,recheck_pass_167_V00_S0491_I00000785_P0042A_f0003978,V00_S0491_I00000785_P0042A,improvised/train/0010/0050/V00_S0491_I00000785_P0042A,improvised/train/0010/0024/V00_S0491_I00000785_P0626,recheck_pass,recheck,improvised,3978,V00,improvised,train,grounded_gesture,shown in Round 3 as flagged_fm4_mutual_silence; re-judged under the Round-4 detectors,"{""clip_anchored_on_fm2_violation"": false, ""flag_count"": 0, ""flags_fired"": """", ""fm1_hip_flexion_deg_p50"": 149.45099381535744, ""fm1_knee_between_torso_p50"": 0.5226289712460561, ""fm1_leg_over_torso_p50"": 1.6389366934757463, ""fm1_reasons"": """", ""fm1_shin_verticality_p50"": 0.9945054626750784, ""fm1_sitting_file"": false, ""fm1_sitting_participant"": false, ""fm1_unit"": ""0042A@0491"", ""fm1_unit_basis"": ""none"", ""fm2_in_frame_and_valid_frac"": 1.0, ""fm2_pass_frac_round3_joints_only"": 1.0, ""fm2_smplh_valid_frac"": 1.0, ""fm2_surface_correction_px_p50"": 39.011738364536654, ""fm2_vertex_worst_inset_min_px"": 67.51145471217978, ""fm2_violation_run_max_frames"": 0.0, ""fm2_violation_runs"": 0.0, ""fm2_windowed_pass_frac"": 1.0, ""fm3_static_frac"": 0.15919540229885057, ""observed_duration_s"": 290.0, ""reproj_px_p50"": 21.734020681987975, ""reproj_shoulder_widths_p50"": 0.07400573626973622, ""round3_gallery_group"": ""flagged_fm4_mutual_silence"", ""unit_files"": 3.0, ""unit_flagged_frac"": 0.0, ""unit_hip_flexion_min"": 143.94464680021198, ""unit_knee_between_min"": 0.5044763837482}",render
r4_168,recheck_fm2_smplh_invalid_168_V00_S1531_I00001211_P1149A_f0005580,V00_S1531_I00001211_P1149A,improvised/train/0036/0058/V00_S1531_I00001211_P1149A,improvised/train/0036/0039/V00_S1531_I00001211_P0059A,recheck_fm2_smplh_invalid,recheck,improvised,5580,V00,improvised,train,ipc_conversation,shown in Round 3 as flagged_multi; re-judged under the Round-4 detectors,"{""clip_anchored_on_fm2_violation"": true, ""flag_count"": 1, ""flags_fired"": ""fm2_smplh_invalid"", ""fm1_hip_flexion_deg_p50"": 136.94472975246012, ""fm1_knee_between_torso_p50"": 0.5753347217629924, ""fm1_leg_over_torso_p50"": 0.976437803744209, ""fm1_reasons"": """", ""fm1_shin_verticality_p50"": 0.9943091771007051, ""fm1_sitting_file"": false, ""fm1_sitting_participant"": false, ""fm1_unit"": ""1149A@1531"", ""fm1_unit_basis"": ""none"", ""fm2_in_frame_and_valid_frac"": 0.9529320987654321, ""fm2_pass_frac_round3_joints_only"": 0.9631172839506172, ""fm2_smplh_valid_frac"": 0.9729938271604939, ""fm2_surface_correction_px_p50"": 39.864970219249585, ""fm2_vertex_worst_inset_min_px"": -211.68057956309588, ""fm2_violation_run_max_frames"": 82.0, ""fm2_violation_runs"": 19.0, ""fm2_windowed_pass_frac"": 0.42857142857142855, ""fm3_static_frac"": 0.01712962962962963, ""observed_duration_s"": 216.0, ""reproj_px_p50"": 46.08497332978283, ""reproj_shoulder_widths_p50"": 0.13544659797108238, ""round3_gallery_group"": ""flagged_multi"", ""unit_files"": 1.0, ""unit_flagged_frac"": 0.0, ""unit_hip_flexion_min"": 136.94472975246012, ""unit_knee_between_min"": 0.5753347217629924}",render
r4_169,recheck_fm3_static_hands_169_V00_S0316_I00000313_P0427_f0000289,V00_S0316_I00000313_P0427,naturalistic/train/0007/0015/V00_S0316_I00000313_P0427,naturalistic/train/0007/0029/V00_S0316_I00000313_P0426,recheck_fm3_static_hands,recheck,naturalistic,289,V00,naturalistic,train,ipc_conversation,shown in Round 3 as flagged_fm3_static_hands; re-judged under the Round-4 detectors,"{""clip_anchored_on_fm2_violation"": false, ""flag_count"": 1, ""flags_fired"": ""fm3_static_hands"", ""fm1_hip_flexion_deg_p50"": 147.90716090029264, ""fm1_knee_between_torso_p50"": 0.5313077809950177, ""fm1_leg_over_torso_p50"": 1.303083446524441, ""fm1_reasons"": """", ""fm1_shin_verticality_p50"": 0.9995677539011868, ""fm1_sitting_file"": false, ""fm1_sitting_participant"": false, ""fm1_unit"": ""0427@0316"", ""fm1_unit_basis"": ""none"", ""fm2_in_frame_and_valid_frac"": 1.0, ""fm2_pass_frac_round3_joints_only"": 1.0, ""fm2_smplh_valid_frac"": 1.0, ""fm2_surface_correction_px_p50"": 38.19259326493784, ""fm2_vertex_worst_inset_min_px"": 42.37849681133412, ""fm2_violation_run_max_frames"": 0.0, ""fm2_violation_runs"": 0.0, ""fm2_windowed_pass_frac"": 1.0, ""fm3_static_frac"": 0.8020833333333334, ""observed_duration_s"": 64.0, ""reproj_px_p50"": 27.868368961108935, ""reproj_shoulder_widths_p50"": 0.08501912669183749, ""round3_gallery_group"": ""flagged_fm3_static_hands"", ""unit_files"": 2.0, ""unit_flagged_frac"": 0.0, ""unit_hip_flexion_min"": 144.30398268657012, ""unit_knee_between_min"": 0.5213710351565243}",render
r4_170,recheck_pass_170_V00_S0342_I00000477_P0456_f0000967,V00_S0342_I00000477_P0456,naturalistic/train/0008/0024/V00_S0342_I00000477_P0456,naturalistic/train/0008/0015/V00_S0342_I00000477_P0455,recheck_pass,recheck,naturalistic,967,V00,naturalistic,train,ipc_conversation,shown in Round 3 as flagged_fm1_sitting; re-judged under the Round-4 detectors,"{""clip_anchored_on_fm2_violation"": false, ""flag_count"": 0, ""flags_fired"": """", ""fm1_hip_flexion_deg_p50"": 128.10441632562055, ""fm1_knee_between_torso_p50"": 0.6044828804709134, ""fm1_leg_over_torso_p50"": 0.8147038875080479, ""fm1_reasons"": """", ""fm1_shin_verticality_p50"": 0.9962406077895375, ""fm1_sitting_file"": false, ""fm1_sitting_participant"": false, ""fm1_unit"": ""0456@0342"", ""fm1_unit_basis"": ""none"", ""fm2_in_frame_and_valid_frac"": 1.0, ""fm2_pass_frac_round3_joints_only"": 1.0, ""fm2_smplh_valid_frac"": 1.0, ""fm2_surface_correction_px_p50"": 44.925027505983394, ""fm2_vertex_worst_inset_min_px"": 76.12274087741929, ""fm2_violation_run_max_frames"": 0.0, ""fm2_violation_runs"": 0.0, ""fm2_windowed_pass_frac"": 1.0, ""fm3_static_frac"": 0.21764705882352942, ""observed_duration_s"": 68.0, ""reproj_px_p50"": 39.37694591955969, ""reproj_shoulder_widths_p50"": 0.10431466580092642, ""round3_gallery_group"": ""flagged_fm1_sitting"", ""unit_files"": 5.0, ""unit_flagged_frac"": 0.0, ""unit_hip_flexion_min"": 125.83138193989714, ""unit_knee_between_min"": 0.5731492062359914}",render
r4_171,recheck_fm2_smplh_invalid_171_V00_S1532_I00001037_P1099A_f0007800,V00_S1532_I00001037_P1099A,improvised/train/0036/0000/V00_S1532_I00001037_P1099A,improvised/train/0036/0056/V00_S1532_I00001037_P0041A,recheck_fm2_smplh_invalid,recheck,improvised,7800,V00,improvised,train,ipc_conversation,shown in Round 3 as flagged_fm1_sitting; re-judged under the Round-4 detectors,"{""clip_anchored_on_fm2_violation"": true, ""flag_count"": 1, ""flags_fired"": ""fm2_smplh_invalid"", ""fm1_hip_flexion_deg_p50"": 120.30843303304837, ""fm1_knee_between_torso_p50"": 0.5088508046578132, ""fm1_leg_over_torso_p50"": 0.8409092263935611, ""fm1_reasons"": """", ""fm1_shin_verticality_p50"": 0.9965457681295471, ""fm1_sitting_file"": false, ""fm1_sitting_participant"": false, ""fm1_unit"": ""1099A@1532"", ""fm1_unit_basis"": ""none"", ""fm2_in_frame_and_valid_frac"": 0.9042528735632184, ""fm2_pass_frac_round3_joints_only"": 0.9158620689655173, ""fm2_smplh_valid_frac"": 0.9464367816091954, ""fm2_surface_correction_px_p50"": 34.56025807145272, ""fm2_vertex_worst_inset_min_px"": -347.45906493732207, ""fm2_violation_run_max_frames"": 231.0, ""fm2_violation_runs"": 36.0, ""fm2_windowed_pass_frac"": 0.2222222222222222, ""fm3_static_frac"": 0.020804597701149424, ""observed_duration_s"": 290.0, ""reproj_px_p50"": 44.86134645781097, ""reproj_shoulder_widths_p50"": 0.11336659674012828, ""round3_gallery_group"": ""flagged_fm1_sitting"", ""unit_files"": 1.0, ""unit_flagged_frac"": 0.0, ""unit_hip_flexion_min"": 120.30843303304837, ""unit_knee_between_min"": 0.5088508046578132}",render
r4_172,recheck_pass_172_V00_S1569_I00001029_P0193A_f0000630,V00_S1569_I00001029_P0193A,improvised/train/0037/0033/V00_S1569_I00001029_P0193A,improvised/train/0037/0051/V00_S1569_I00001029_P1104A,recheck_pass,recheck,improvised,630,V00,improvised,train,ipc_conversation,shown in Round 3 as pass_improvised; re-judged under the Round-4 detectors,"{""clip_anchored_on_fm2_violation"": false, ""flag_count"": 0, ""flags_fired"": """", ""fm1_hip_flexion_deg_p50"": 147.39653568857727, ""fm1_knee_between_torso_p50"": 0.5602782561905659, ""fm1_leg_over_torso_p50"": 1.2094931751023092, ""fm1_reasons"": """", ""fm1_shin_verticality_p50"": 0.9965457656284804, ""fm1_sitting_file"": false, ""fm1_sitting_participant"": false, ""fm1_unit"": ""0193A@1569"", ""fm1_unit_basis"": ""none"", ""fm2_in_frame_and_valid_frac"": 1.0, ""fm2_pass_frac_round3_joints_only"": 1.0, ""fm2_smplh_valid_frac"": 1.0, ""fm2_surface_correction_px_p50"": 25.4684912696668, ""fm2_vertex_worst_inset_min_px"": 46.81433174014853, ""fm2_violation_run_max_frames"": 0.0, ""fm2_violation_runs"": 0.0, ""fm2_windowed_pass_frac"": 1.0, ""fm3_static_frac"": 0.16763085399449035, ""observed_duration_s"": 242.0, ""reproj_px_p50"": 37.38479749852105, ""reproj_shoulder_widths_p50"": 0.13413325657397324, ""round3_gallery_group"": ""pass_improvised"", ""unit_files"": 2.0, ""unit_flagged_frac"": 0.0, ""unit_hip_flexion_min"": 147.36333338962368, ""unit_knee_between_min"": 0.5550050821520426}",render
r4_173,recheck_fm2_smplh_invalid_173_V00_S1880_I00001019_P1147A_f0007916,V00_S1880_I00001019_P1147A,improvised/train/0046/0058/V00_S1880_I00001019_P1147A,improvised/train/0046/0057/V00_S1880_I00001019_P1106A,recheck_fm2_smplh_invalid,recheck,improvised,7916,V00,improvised,train,ipc_conversation,shown in Round 3 as flagged_fm1_sitting; re-judged under the Round-4 detectors,"{""clip_anchored_on_fm2_violation"": true, ""flag_count"": 1, ""flags_fired"": ""fm2_smplh_invalid"", ""fm1_hip_flexion_deg_p50"": 130.74547638492632, ""fm1_knee_between_torso_p50"": 0.5795757629418945, ""fm1_leg_over_torso_p50"": 0.8290640703738181, ""fm1_reasons"": """", ""fm1_shin_verticality_p50"": 0.9991330767482812, ""fm1_sitting_file"": false, ""fm1_sitting_participant"": false, ""fm1_unit"": ""1147A@1880"", ""fm1_unit_basis"": ""none"", ""fm2_in_frame_and_valid_frac"": 0.8718120805369127, ""fm2_pass_frac_round3_joints_only"": 0.8914988814317674, ""fm2_smplh_valid_frac"": 0.9246085011185682, ""fm2_surface_correction_px_p50"": 9.557716655913737, ""fm2_vertex_worst_inset_min_px"": -235.67269027332281, ""fm2_violation_run_max_frames"": 265.0, ""fm2_violation_runs"": 55.0, ""fm2_windowed_pass_frac"": 0.0, ""fm3_static_frac"": 0.00492665994849401, ""observed_duration_s"": 298.0, ""reproj_px_p50"": 20.584522457488436, ""reproj_shoulder_widths_p50"": 0.0569296660175673, ""round3_gallery_group"": ""flagged_fm1_sitting"", ""unit_files"": 1.0, ""unit_flagged_frac"": 0.0, ""unit_hip_flexion_min"": 130.74547638492632, ""unit_knee_between_min"": 0.5795757629418945}",render
r4_174,recheck_pass_174_V00_S0050_I00000128_P0077_f0000801,V00_S0050_I00000128_P0077,naturalistic/train/0000/0025/V00_S0050_I00000128_P0077,naturalistic/train/0000/0020/V00_S0050_I00000128_P0078,recheck_pass,recheck,naturalistic,801,V00,naturalistic,train,ipc_conversation,shown in Round 3 as pass_naturalistic; re-judged under the Round-4 detectors,"{""clip_anchored_on_fm2_violation"": false, ""flag_count"": 0, ""flags_fired"": """", ""fm1_hip_flexion_deg_p50"": 145.74545561631015, ""fm1_knee_between_torso_p50"": 0.5161482874103978, ""fm1_leg_over_torso_p50"": 1.3272551334049003, ""fm1_reasons"": """", ""fm1_shin_verticality_p50"": 0.9918816714097367, ""fm1_sitting_file"": false, ""fm1_sitting_participant"": false, ""fm1_unit"": ""0077@0050"", ""fm1_unit_basis"": ""none"", ""fm2_in_frame_and_valid_frac"": 1.0, ""fm2_pass_frac_round3_joints_only"": 1.0, ""fm2_smplh_valid_frac"": 1.0, ""fm2_surface_correction_px_p50"": 39.70487601486673, ""fm2_vertex_worst_inset_min_px"": 68.21537251051382, ""fm2_violation_run_max_frames"": 0.0, ""fm2_violation_runs"": 0.0, ""fm2_windowed_pass_frac"": 1.0, ""fm3_static_frac"": 0.7166666666666667, ""observed_duration_s"": 68.0, ""reproj_px_p50"": 33.64221153030072, ""reproj_shoulder_widths_p50"": 0.1054552521013079, ""round3_gallery_group"": ""pass_naturalistic"", ""unit_files"": 2.0, ""unit_flagged_frac"": 0.0, ""unit_hip_flexion_min"": 145.74545561631015, ""unit_knee_between_min"": 0.5161482874103978}",render
r4_175,recheck_pass_175_V00_S0317_I00000478_P0428_f0000974,V00_S0317_I00000478_P0428,naturalistic/train/0007/0010/V00_S0317_I00000478_P0428,naturalistic/train/0007/0035/V00_S0317_I00000478_P0360,recheck_pass,recheck,naturalistic,974,V00,naturalistic,train,ipc_conversation,shown in Round 3 as pass_naturalistic; re-judged under the Round-4 detectors,"{""clip_anchored_on_fm2_violation"": false, ""flag_count"": 0, ""flags_fired"": """", ""fm1_hip_flexion_deg_p50"": 149.33162872658886, ""fm1_knee_between_torso_p50"": 0.5461398393714418, ""fm1_leg_over_torso_p50"": 1.2474527724577407, ""fm1_reasons"": """", ""fm1_shin_verticality_p50"": 0.9999999999999676, ""fm1_sitting_file"": false, ""fm1_sitting_participant"": false, ""fm1_unit"": ""0428@0317"", ""fm1_unit_basis"": ""none"", ""fm2_in_frame_and_valid_frac"": 1.0, ""fm2_pass_frac_round3_joints_only"": 1.0, ""fm2_smplh_valid_frac"": 1.0, ""fm2_surface_correction_px_p50"": 37.925096210371294, ""fm2_vertex_worst_inset_min_px"": 28.182392981669636, ""fm2_violation_run_max_frames"": 0.0, ""fm2_violation_runs"": 0.0, ""fm2_windowed_pass_frac"": 1.0, ""fm3_static_frac"": 0.000273224043715847, ""observed_duration_s"": 122.0, ""reproj_px_p50"": 18.251972475644767, ""reproj_shoulder_widths_p50"": 0.05367220991992051, ""round3_gallery_group"": ""pass_naturalistic"", ""unit_files"": 2.0, ""unit_flagged_frac"": 0.0, ""unit_hip_flexion_min"": 149.33162872658886, ""unit_knee_between_min"": 0.5461398393714418}",render
r4_176,recheck_pass_176_V00_S1258_I00000689_P0328A_f0007233,V00_S1258_I00000689_P0328A,improvised/train/0028/0026/V00_S1258_I00000689_P0328A,improvised/train/0028/0026/V00_S1258_I00000689_P0602A,recheck_pass,recheck,improvised,7233,V00,improvised,train,ipc_conversation,shown in Round 3 as pass_improvised; re-judged under the Round-4 detectors,"{""clip_anchored_on_fm2_violation"": false, ""flag_count"": 0, ""flags_fired"": """", ""fm1_hip_flexion_deg_p50"": 143.71194088371996, ""fm1_knee_between_torso_p50"": 0.5634313953543109, ""fm1_leg_over_torso_p50"": 1.1064760145281238, ""fm1_reasons"": """", ""fm1_shin_verticality_p50"": 0.9995920858702625, ""fm1_sitting_file"": false, ""fm1_sitting_participant"": false, ""fm1_unit"": ""0328A@1258"", ""fm1_unit_basis"": ""none"", ""fm2_in_frame_and_valid_frac"": 1.0, ""fm2_pass_frac_round3_joints_only"": 1.0, ""fm2_smplh_valid_frac"": 1.0, ""fm2_surface_correction_px_p50"": 33.9636647477447, ""fm2_vertex_worst_inset_min_px"": 40.96877062782096, ""fm2_violation_run_max_frames"": 0.0, ""fm2_violation_runs"": 0.0, ""fm2_windowed_pass_frac"": 1.0, ""fm3_static_frac"": 0.11104166666666666, ""observed_duration_s"": 320.0, ""reproj_px_p50"": 40.95750622488232, ""reproj_shoulder_widths_p50"": 0.12397279072179584, ""round3_gallery_group"": ""pass_improvised"", ""unit_files"": 1.0, ""unit_flagged_frac"": 0.0, ""unit_hip_flexion_min"": 143.71194088371996, ""unit_knee_between_min"": 0.5634313953543109}",render
r4_177,recheck_fm2_smplh_invalid_177_V00_S1303_I00001204_P0682A_f0011640,V00_S1303_I00001204_P0682A,improvised/train/0029/0009/V00_S1303_I00001204_P0682A,improvised/train/0029/0006/V00_S1303_I00001204_P0241A,recheck_fm2_smplh_invalid,recheck,improvised,11640,V00,improvised,train,ipc_conversation,shown in Round 3 as flagged_multi; re-judged under the Round-4 detectors,"{""clip_anchored_on_fm2_violation"": true, ""flag_count"": 1, ""flags_fired"": ""fm2_smplh_invalid"", ""fm1_hip_flexion_deg_p50"": 153.75660853480258, ""fm1_knee_between_torso_p50"": 0.5352454759805662, ""fm1_leg_over_torso_p50"": 1.482873745431089, ""fm1_reasons"": """", ""fm1_shin_verticality_p50"": 0.998752345195163, ""fm1_sitting_file"": false, ""fm1_sitting_participant"": false, ""fm1_unit"": ""0682A@1303"", ""fm1_unit_basis"": ""none"", ""fm2_in_frame_and_valid_frac"": 0.966267942583732, ""fm2_pass_frac_round3_joints_only"": 0.9666666666666667, ""fm2_smplh_valid_frac"": 0.9674641148325359, ""fm2_surface_correction_px_p50"": 34.73798204491834, ""fm2_vertex_worst_inset_min_px"": -301.87611459207017, ""fm2_violation_run_max_frames"": 315.0, ""fm2_violation_runs"": 9.0, ""fm2_windowed_pass_frac"": 0.9230769230769231, ""fm3_static_frac"": 0.2160992734100743, ""observed_duration_s"": 418.0, ""reproj_px_p50"": 17.72074852495154, ""reproj_shoulder_widths_p50"": 0.06088896789437364, ""round3_gallery_group"": ""flagged_multi"", ""unit_files"": 1.0, ""unit_flagged_frac"": 0.0, ""unit_hip_flexion_min"": 153.75660853480258, ""unit_knee_between_min"": 0.5352454759805662}",render
r4_178,recheck_pass_178_V00_S1351_I00000635_P0180A_f0000085,V00_S1351_I00000635_P0180A,improvised/train/0031/0024/V00_S1351_I00000635_P0180A,improvised/train/0031/0017/V00_S1351_I00000635_P0323A,recheck_pass,recheck,improvised,85,V00,improvised,train,ipc_conversation,shown in Round 3 as pass_improvised; re-judged under the Round-4 detectors,"{""clip_anchored_on_fm2_violation"": false, ""flag_count"": 0, ""flags_fired"": """", ""fm1_hip_flexion_deg_p50"": 140.3204069937055, ""fm1_knee_between_torso_p50"": 0.5418612217609411, ""fm1_leg_over_torso_p50"": 1.0884225944630948, ""fm1_reasons"": """", ""fm1_shin_verticality_p50"": 0.9854601504093765, ""fm1_sitting_file"": false, ""fm1_sitting_participant"": false, ""fm1_unit"": ""0180A@1351"", ""fm1_unit_basis"": ""none"", ""fm2_in_frame_and_valid_frac"": 0.9980815347721822, ""fm2_pass_frac_round3_joints_only"": 1.0, ""fm2_smplh_valid_frac"": 1.0, ""fm2_surface_correction_px_p50"": 38.91548815385613, ""fm2_vertex_worst_inset_min_px"": -0.840139341783015, ""fm2_violation_run_max_frames"": 16.0, ""fm2_violation_runs"": 1.0, ""fm2_windowed_pass_frac"": 1.0, ""fm3_static_frac"": 0.06366906474820144, ""observed_duration_s"": 278.0, ""reproj_px_p50"": 45.38022692814921, ""reproj_shoulder_widths_p50"": 0.14428434495189807, ""round3_gallery_group"": ""pass_improvised"", ""unit_files"": 1.0, ""unit_flagged_frac"": 0.0, ""unit_hip_flexion_min"": 140.3204069937055, ""unit_knee_between_min"": 0.5418612217609411}",render
r4_179,recheck_fm3_static_hands_179_V00_S1962_I00000055_P0139_f0001335,V00_S1962_I00000055_P0139,naturalistic/train/0032/0032/V00_S1962_I00000055_P0139,naturalistic/train/0032/0042/V00_S1962_I00000055_P0055,recheck_fm3_static_hands,recheck,naturalistic,1335,V00,naturalistic,train,ipc_conversation,shown in Round 3 as flagged_fm3_static_hands; re-judged under the Round-4 detectors,"{""clip_anchored_on_fm2_violation"": false, ""flag_count"": 1, ""flags_fired"": ""fm3_static_hands"", ""fm1_hip_flexion_deg_p50"": 157.54390774756567, ""fm1_knee_between_torso_p50"": 0.5530003575635988, ""fm1_leg_over_torso_p50"": 1.3790556819029913, ""fm1_reasons"": """", ""fm1_shin_verticality_p50"": 0.9996349722501632, ""fm1_sitting_file"": false, ""fm1_sitting_participant"": false, ""fm1_unit"": ""0139@1962"", ""fm1_unit_basis"": ""none"", ""fm2_in_frame_and_valid_frac"": 1.0, ""fm2_pass_frac_round3_joints_only"": 1.0, ""fm2_smplh_valid_frac"": 1.0, ""fm2_surface_correction_px_p50"": 45.40520484290289, ""fm2_vertex_worst_inset_min_px"": 112.24810583902052, ""fm2_violation_run_max_frames"": 0.0, ""fm2_violation_runs"": 0.0, ""fm2_windowed_pass_frac"": 1.0, ""fm3_static_frac"": 0.7601449275362319, ""observed_duration_s"": 138.0, ""reproj_px_p50"": 36.316055366097075, ""reproj_shoulder_widths_p50"": 0.13553632402053858, ""round3_gallery_group"": ""flagged_fm3_static_hands"", ""unit_files"": 1.0, ""unit_flagged_frac"": 0.0, ""unit_hip_flexion_min"": 157.54390774756567, ""unit_knee_between_min"": 0.5530003575635988}",render
r4_180,recheck_pass_180_V00_S0151_I00000495_P0215_f0000360,V00_S0151_I00000495_P0215,naturalistic/train/0003/0001/V00_S0151_I00000495_P0215,naturalistic/train/0003/0010/V00_S0151_I00000495_P0214,recheck_pass,recheck,naturalistic,360,V00,naturalistic,train,ipc_conversation,shown in Round 3 as pass_naturalistic; re-judged under the Round-4 detectors,"{""clip_anchored_on_fm2_violation"": false, ""flag_count"": 0, ""flags_fired"": """", ""fm1_hip_flexion_deg_p50"": 131.32671915434278, ""fm1_knee_between_torso_p50"": 0.49823199108603455, ""fm1_leg_over_torso_p50"": 1.1600878382509578, ""fm1_reasons"": """", ""fm1_shin_verticality_p50"": 0.9995411800523725, ""fm1_sitting_file"": false, ""fm1_sitting_participant"": false, ""fm1_unit"": ""0215@0151"", ""fm1_unit_basis"": ""none"", ""fm2_in_frame_and_valid_frac"": 1.0, ""fm2_pass_frac_round3_joints_only"": 1.0, ""fm2_smplh_valid_frac"": 1.0, ""fm2_surface_correction_px_p50"": 40.929483327521666, ""fm2_vertex_worst_inset_min_px"": 86.02926602667026, ""fm2_violation_run_max_frames"": 0.0, ""fm2_violation_runs"": 0.0, ""fm2_windowed_pass_frac"": 1.0, ""fm3_static_frac"": 0.23397435897435898, ""observed_duration_s"": 52.0, ""reproj_px_p50"": 26.769642409638635, ""reproj_shoulder_widths_p50"": 0.07868103132696246, ""round3_gallery_group"": ""pass_naturalistic"", ""unit_files"": 2.0, ""unit_flagged_frac"": 0.0, ""unit_hip_flexion_min"": 131.32671915434278, ""unit_knee_between_min"": 0.49823199108603455}",render
r4_181,recheck_pass_181_V00_S0151_I00000515_P0214_f0000705,V00_S0151_I00000515_P0214,naturalistic/train/0003/0033/V00_S0151_I00000515_P0214,naturalistic/train/0003/0040/V00_S0151_I00000515_P0215,recheck_pass,recheck,naturalistic,705,V00,naturalistic,train,ipc_conversation,shown in Round 3 as flagged_fm4_mutual_silence; re-judged under the Round-4 detectors,"{""clip_anchored_on_fm2_violation"": false, ""flag_count"": 0, ""flags_fired"": """", ""fm1_hip_flexion_deg_p50"": 160.73216634837326, ""fm1_knee_between_torso_p50"": 0.6118413484509103, ""fm1_leg_over_torso_p50"": 1.0964699270205316, ""fm1_reasons"": """", ""fm1_shin_verticality_p50"": 0.9977851681734471, ""fm1_sitting_file"": false, ""fm1_sitting_participant"": false, ""fm1_unit"": ""0214@0151"", ""fm1_unit_basis"": ""none"", ""fm2_in_frame_and_valid_frac"": 1.0, ""fm2_pass_frac_round3_joints_only"": 1.0, ""fm2_smplh_valid_frac"": 1.0, ""fm2_surface_correction_px_p50"": 43.91433197495769, ""fm2_vertex_worst_inset_min_px"": 108.09580535175837, ""fm2_violation_run_max_frames"": 0.0, ""fm2_violation_runs"": 0.0, ""fm2_windowed_pass_frac"": 1.0, ""fm3_static_frac"": 0.6333333333333333, ""observed_duration_s"": 56.0, ""reproj_px_p50"": 13.792503078375445, ""reproj_shoulder_widths_p50"": 0.04127300613815034, ""round3_gallery_group"": ""flagged_fm4_mutual_silence"", ""unit_files"": 2.0, ""unit_flagged_frac"": 0.0, ""unit_hip_flexion_min"": 159.7612514070804, ""unit_knee_between_min"": 0.6118413484509103}",render
r4_182,recheck_fm2_smplh_invalid_182_V00_S0176_I00000126_P0119_f0002740,V00_S0176_I00000126_P0119,naturalistic/train/0003/0008/V00_S0176_I00000126_P0119,naturalistic/train/0003/0023/V00_S0176_I00000126_P0242,recheck_fm2_smplh_invalid,recheck,naturalistic,2740,V00,naturalistic,train,ipc_conversation,shown in Round 3 as flagged_multi; re-judged under the Round-4 detectors,"{""clip_anchored_on_fm2_violation"": true, ""flag_count"": 1, ""flags_fired"": ""fm2_smplh_invalid"", ""fm1_hip_flexion_deg_p50"": 138.01495803702818, ""fm1_knee_between_torso_p50"": 0.5814198753246443, ""fm1_leg_over_torso_p50"": 1.0040195196847135, ""fm1_reasons"": """", ""fm1_shin_verticality_p50"": 0.9950371757674241, ""fm1_sitting_file"": false, ""fm1_sitting_participant"": false, ""fm1_unit"": ""0119@0176"", ""fm1_unit_basis"": ""none"", ""fm2_in_frame_and_valid_frac"": 0.9560416666666667, ""fm2_pass_frac_round3_joints_only"": 0.9658333333333333, ""fm2_smplh_valid_frac"": 0.975, ""fm2_surface_correction_px_p50"": 46.331301928096536, ""fm2_vertex_worst_inset_min_px"": -141.15643358838997, ""fm2_violation_run_max_frames"": 180.0, ""fm2_violation_runs"": 4.0, ""fm2_windowed_pass_frac"": 0.8, ""fm3_static_frac"": 0.440625, ""observed_duration_s"": 160.0, ""reproj_px_p50"": 22.11905286456898, ""reproj_shoulder_widths_p50"": 0.05594259066794435, ""round3_gallery_group"": ""flagged_multi"", ""unit_files"": 3.0, ""unit_flagged_frac"": 0.0, ""unit_hip_flexion_min"": 124.8123426275672, ""unit_knee_between_min"": 0.5315226232380633}",render
r4_183,recheck_pass_183_V00_S0318_I00000488_P0089_f0003773,V00_S0318_I00000488_P0089,naturalistic/train/0008/0013/V00_S0318_I00000488_P0089,naturalistic/train/0008/0007/V00_S0318_I00000488_P0430,recheck_pass,recheck,naturalistic,3773,V00,naturalistic,train,ipc_conversation,shown in Round 3 as flagged_multi; re-judged under the Round-4 detectors,"{""clip_anchored_on_fm2_violation"": false, ""flag_count"": 0, ""flags_fired"": """", ""fm1_hip_flexion_deg_p50"": 147.6063453745292, ""fm1_knee_between_torso_p50"": 0.5475648153908683, ""fm1_leg_over_torso_p50"": 1.2263535002741124, ""fm1_reasons"": """", ""fm1_shin_verticality_p50"": 0.992277890399392, ""fm1_sitting_file"": false, ""fm1_sitting_participant"": false, ""fm1_unit"": ""0089@0318"", ""fm1_unit_basis"": ""none"", ""fm2_in_frame_and_valid_frac"": 0.9904255319148936, ""fm2_pass_frac_round3_joints_only"": 0.999113475177305, ""fm2_smplh_valid_frac"": 1.0, ""fm2_surface_correction_px_p50"": 43.59990534296958, ""fm2_vertex_worst_inset_min_px"": -26.651231872172048, ""fm2_violation_run_max_frames"": 12.0, ""fm2_violation_runs"": 11.0, ""fm2_windowed_pass_frac"": 0.8333333333333334, ""fm3_static_frac"": 0.021631205673758865, ""observed_duration_s"": 188.0, ""reproj_px_p50"": 18.270302064311043, ""reproj_shoulder_widths_p50"": 0.04555448481145179, ""round3_gallery_group"": ""flagged_multi"", ""unit_files"": 2.0, ""unit_flagged_frac"": 0.0, ""unit_hip_flexion_min"": 147.6063453745292, ""unit_knee_between_min"": 0.5379529827334599}",render
r4_184,recheck_fm2_smplh_invalid_184_V00_S0822_I00000923_P0196A_f0009162,V00_S0822_I00000923_P0196A,improvised/train/0016/0044/V00_S0822_I00000923_P0196A,improvised/train/0016/0029/V00_S0822_I00000923_P0359A,recheck_fm2_smplh_invalid,recheck,improvised,9162,V00,improvised,train,ipc_conversation,shown in Round 3 as flagged_fm2_framing; re-judged under the Round-4 detectors,"{""clip_anchored_on_fm2_violation"": true, ""flag_count"": 1, ""flags_fired"": ""fm2_smplh_invalid"", ""fm1_hip_flexion_deg_p50"": 146.9942151033719, ""fm1_knee_between_torso_p50"": 0.5562128876568613, ""fm1_leg_over_torso_p50"": 1.1538118298082225, ""fm1_reasons"": """", ""fm1_shin_verticality_p50"": 0.9995677458899112, ""fm1_sitting_file"": false, ""fm1_sitting_participant"": false, ""fm1_unit"": ""0196A@0822"", ""fm1_unit_basis"": ""none"", ""fm2_in_frame_and_valid_frac"": 0.823121387283237, ""fm2_pass_frac_round3_joints_only"": 0.9081888246628131, ""fm2_smplh_valid_frac"": 0.9567437379576108, ""fm2_surface_correction_px_p50"": 41.61063860994716, ""fm2_vertex_worst_inset_min_px"": -390.8324235765813, ""fm2_violation_run_max_frames"": 363.0, ""fm2_violation_runs"": 251.0, ""fm2_windowed_pass_frac"": 0.09090909090909091, ""fm3_static_frac"": 0.005684555352153386, ""observed_duration_s"": 346.0, ""reproj_px_p50"": 50.63369414499009, ""reproj_shoulder_widths_p50"": 0.13592341151249743, ""round3_gallery_group"": ""flagged_fm2_framing"", ""unit_files"": 1.0, ""unit_flagged_frac"": 0.0, ""unit_hip_flexion_min"": 146.9942151033719, ""unit_knee_between_min"": 0.5562128876568613}",render
r4_185,recheck_fm1_sitting_185_V00_S0200_I00000307_P0003A_f0003622,V00_S0200_I00000307_P0003A,improvised/train/0004/0022/V00_S0200_I00000307_P0003A,improvised/train/0004/0039/V00_S0200_I00000307_P0271,recheck_fm1_sitting,recheck,improvised,3622,V00,improvised,train,ipc_conversation,shown in Round 3 as pass_improvised; re-judged under the Round-4 detectors,"{""clip_anchored_on_fm2_violation"": false, ""flag_count"": 1, ""flags_fired"": ""fm1_sitting"", ""fm1_hip_flexion_deg_p50"": 88.23453169293626, ""fm1_knee_between_torso_p50"": 0.12056750768879207, ""fm1_leg_over_torso_p50"": 1.4604238861100214, ""fm1_reasons"": ""knee_between"", ""fm1_shin_verticality_p50"": 0.964403992179888, ""fm1_sitting_file"": true, ""fm1_sitting_participant"": true, ""fm1_unit"": ""0003A@0200"", ""fm1_unit_basis"": ""majority"", ""fm2_in_frame_and_valid_frac"": 1.0, ""fm2_pass_frac_round3_joints_only"": 1.0, ""fm2_smplh_valid_frac"": 1.0, ""fm2_surface_correction_px_p50"": 28.14908105249981, ""fm2_vertex_worst_inset_min_px"": 73.06428070464608, ""fm2_violation_run_max_frames"": 0.0, ""fm2_violation_runs"": 0.0, ""fm2_windowed_pass_frac"": 1.0, ""fm3_static_frac"": 0.4613053613053613, ""observed_duration_s"": 286.0, ""reproj_px_p50"": 28.57174353730682, ""reproj_shoulder_widths_p50"": 0.08239873553197216, ""round3_gallery_group"": ""pass_improvised"", ""unit_files"": 1.0, ""unit_flagged_frac"": 1.0, ""unit_hip_flexion_min"": 88.23453169293626, ""unit_knee_between_min"": 0.12056750768879207}",render
r4_186,recheck_fm2_smplh_invalid_186_V00_S0293_I00000537_P0028A_f0005607,V00_S0293_I00000537_P0028A,improvised/train/0007/0044/V00_S0293_I00000537_P0028A,improvised/train/0007/0042/V00_S0293_I00000537_P0310,recheck_fm2_smplh_invalid,recheck,improvised,5607,V00,improvised,train,ipc_conversation,shown in Round 3 as flagged_fm2_framing; re-judged under the Round-4 detectors,"{""clip_anchored_on_fm2_violation"": true, ""flag_count"": 1, ""flags_fired"": ""fm2_smplh_invalid"", ""fm1_hip_flexion_deg_p50"": 137.18129634900706, ""fm1_knee_between_torso_p50"": 0.5545159428706921, ""fm1_leg_over_torso_p50"": 1.007094589896207, ""fm1_reasons"": """", ""fm1_shin_verticality_p50"": 0.9805805662815955, ""fm1_sitting_file"": false, ""fm1_sitting_participant"": false, ""fm1_unit"": ""0028A@0293"", ""fm1_unit_basis"": ""none"", ""fm2_in_frame_and_valid_frac"": 0.9783088235294117, ""fm2_pass_frac_round3_joints_only"": 0.9803921568627451, ""fm2_smplh_valid_frac"": 0.9917892156862745, ""fm2_surface_correction_px_p50"": 47.28488712859087, ""fm2_vertex_worst_inset_min_px"": -161.94985303534338, ""fm2_violation_run_max_frames"": 44.0, ""fm2_violation_runs"": 14.0, ""fm2_windowed_pass_frac"": 0.7777777777777778, ""fm3_static_frac"": 0.05808823529411765, ""observed_duration_s"": 272.0, ""reproj_px_p50"": 49.407267500603794, ""reproj_shoulder_widths_p50"": 0.1394849821254129, ""round3_gallery_group"": ""flagged_fm2_framing"", ""unit_files"": 1.0, ""unit_flagged_frac"": 0.0, ""unit_hip_flexion_min"": 137.18129634900706, ""unit_knee_between_min"": 0.5545159428706921}",render
r4_187,recheck_fm1_sitting_187_V00_S0360_I00000371_P0485_f0006603,V00_S0360_I00000371_P0485,naturalistic/dev/0000/0041/V00_S0360_I00000371_P0485,naturalistic/dev/0000/0037/V00_S0360_I00000371_P0484,recheck_fm1_sitting,recheck,naturalistic,6603,V00,naturalistic,dev,ipc_conversation,shown in Round 3 as flagged_fm1_sitting; re-judged under the Round-4 detectors,"{""clip_anchored_on_fm2_violation"": false, ""flag_count"": 1, ""flags_fired"": ""fm1_sitting"", ""fm1_hip_flexion_deg_p50"": 100.76276770728396, ""fm1_knee_between_torso_p50"": 0.3571965687046373, ""fm1_leg_over_torso_p50"": 0.8637711854240093, ""fm1_reasons"": ""knee_between"", ""fm1_shin_verticality_p50"": 0.948683389377344, ""fm1_sitting_file"": true, ""fm1_sitting_participant"": true, ""fm1_unit"": ""0485@0360"", ""fm1_unit_basis"": ""majority"", ""fm2_in_frame_and_valid_frac"": 1.0, ""fm2_pass_frac_round3_joints_only"": 1.0, ""fm2_smplh_valid_frac"": 1.0, ""fm2_surface_correction_px_p50"": 32.77930090653484, ""fm2_vertex_worst_inset_min_px"": 116.7789284138878, ""fm2_violation_run_max_frames"": 0.0, ""fm2_violation_runs"": 0.0, ""fm2_windowed_pass_frac"": 1.0, ""fm3_static_frac"": 0.35945273631840796, ""observed_duration_s"": 268.0, ""reproj_px_p50"": 38.50219028618662, ""reproj_shoulder_widths_p50"": 0.0961904629612183, ""round3_gallery_group"": ""flagged_fm1_sitting"", ""unit_files"": 2.0, ""unit_flagged_frac"": 1.0, ""unit_hip_flexion_min"": 91.60720344364228, ""unit_knee_between_min"": 0.23406900166710454}",render
r4_188,recheck_fm3_static_hands_188_V00_S0792_I00000377_P0800_f0000890,V00_S0792_I00000377_P0800,naturalistic/train/0022/0033/V00_S0792_I00000377_P0800,naturalistic/train/0022/0039/V00_S0792_I00000377_P0929,recheck_fm3_static_hands,recheck,naturalistic,890,V00,naturalistic,train,ipc_conversation,shown in Round 3 as flagged_fm3_static_hands; re-judged under the Round-4 detectors,"{""clip_anchored_on_fm2_violation"": false, ""flag_count"": 1, ""flags_fired"": ""fm3_static_hands"", ""fm1_hip_flexion_deg_p50"": 124.99223315503664, ""fm1_knee_between_torso_p50"": 0.45560095256750976, ""fm1_leg_over_torso_p50"": 1.2873960831391722, ""fm1_reasons"": """", ""fm1_shin_verticality_p50"": 0.9995920968174148, ""fm1_sitting_file"": false, ""fm1_sitting_participant"": false, ""fm1_unit"": ""0800@0792"", ""fm1_unit_basis"": ""none"", ""fm2_in_frame_and_valid_frac"": 1.0, ""fm2_pass_frac_round3_joints_only"": 1.0, ""fm2_smplh_valid_frac"": 1.0, ""fm2_surface_correction_px_p50"": 43.69384512112845, ""fm2_vertex_worst_inset_min_px"": 129.26505693575336, ""fm2_violation_run_max_frames"": 0.0, ""fm2_violation_runs"": 0.0, ""fm2_windowed_pass_frac"": 1.0, ""fm3_static_frac"": 0.9401041666666666, ""observed_duration_s"": 192.0, ""reproj_px_p50"": 17.651087652507876, ""reproj_shoulder_widths_p50"": 0.04882008396024745, ""round3_gallery_group"": ""flagged_fm3_static_hands"", ""unit_files"": 1.0, ""unit_flagged_frac"": 0.0, ""unit_hip_flexion_min"": 124.99223315503664, ""unit_knee_between_min"": 0.45560095256750976}",render
r4_189,recheck_fm2_smplh_invalid_189_V00_S1044_I00000652_P0185A_f0002451,V00_S1044_I00000652_P0185A,improvised/train/0022/0012/V00_S1044_I00000652_P0185A,improvised/train/0022/0029/V00_S1044_I00000652_P0210A,recheck_fm2_smplh_invalid,recheck,improvised,2451,V00,improvised,train,ipc_conversation,shown in Round 3 as flagged_fm2_framing; re-judged under the Round-4 detectors,"{""clip_anchored_on_fm2_violation"": true, ""flag_count"": 1, ""flags_fired"": ""fm2_smplh_invalid"", ""fm1_hip_flexion_deg_p50"": 130.30503364233488, ""fm1_knee_between_torso_p50"": 0.5440988746428923, ""fm1_leg_over_torso_p50"": 0.9423756520556009, ""fm1_reasons"": """", ""fm1_shin_verticality_p50"": 0.9993628568053249, ""fm1_sitting_file"": false, ""fm1_sitting_participant"": false, ""fm1_unit"": ""0185A@1044"", ""fm1_unit_basis"": ""none"", ""fm2_in_frame_and_valid_frac"": 0.9404347826086956, ""fm2_pass_frac_round3_joints_only"": 0.9547826086956521, ""fm2_smplh_valid_frac"": 0.982463768115942, ""fm2_surface_correction_px_p50"": 39.19647596190566, ""fm2_vertex_worst_inset_min_px"": -158.58494287283418, ""fm2_violation_run_max_frames"": 93.0, ""fm2_violation_runs"": 22.0, ""fm2_windowed_pass_frac"": 0.2857142857142857, ""fm3_static_frac"": 0.014347826086956521, ""observed_duration_s"": 230.0, ""reproj_px_p50"": 41.356774186055695, ""reproj_shoulder_widths_p50"": 0.12091970592960997, ""round3_gallery_group"": ""flagged_fm2_framing"", ""unit_files"": 1.0, ""unit_flagged_frac"": 0.0, ""unit_hip_flexion_min"": 130.30503364233488, ""unit_knee_between_min"": 0.5440988746428923}",render
r4_190,recheck_fm2_smplh_invalid_190_V00_S1962_I00000065_P0055_f0010500,V00_S1962_I00000065_P0055,naturalistic/train/0032/0002/V00_S1962_I00000065_P0055,naturalistic/train/0032/0022/V00_S1962_I00000065_P0139,recheck_fm2_smplh_invalid,recheck,naturalistic,10500,V00,naturalistic,train,ipc_conversation,shown in Round 3 as flagged_fm2_framing; re-judged under the Round-4 detectors,"{""clip_anchored_on_fm2_violation"": true, ""flag_count"": 1, ""flags_fired"": ""fm2_smplh_invalid"", ""fm1_hip_flexion_deg_p50"": 144.51746903443214, ""fm1_knee_between_torso_p50"": 0.5025356401134234, ""fm1_leg_over_torso_p50"": 1.573131772200541, ""fm1_reasons"": """", ""fm1_shin_verticality_p50"": 0.9970544848656615, ""fm1_sitting_file"": false, ""fm1_sitting_participant"": false, ""fm1_unit"": ""0055@1962"", ""fm1_unit_basis"": ""none"", ""fm2_in_frame_and_valid_frac"": 0.9696491228070175, ""fm2_pass_frac_round3_joints_only"": 0.9707894736842105, ""fm2_smplh_valid_frac"": 0.9914035087719298, ""fm2_surface_correction_px_p50"": 26.78478646116787, ""fm2_vertex_worst_inset_min_px"": -175.35134731740175, ""fm2_violation_run_max_frames"": 97.0, ""fm2_violation_runs"": 29.0, ""fm2_windowed_pass_frac"": 0.4166666666666667, ""fm3_static_frac"": 0.015438596491228071, ""observed_duration_s"": 380.0, ""reproj_px_p50"": 20.240254891959772, ""reproj_shoulder_widths_p50"": 0.0731634097578556, ""round3_gallery_group"": ""flagged_fm2_framing"", ""unit_files"": 4.0, ""unit_flagged_frac"": 0.0, ""unit_hip_flexion_min"": 143.4234464372437, ""unit_knee_between_min"": 0.4986589639384595}",render
r4_191,recheck_pass_191_V00_S0101_I00000495_P0149_f0002743,V00_S0101_I00000495_P0149,naturalistic/train/0001/0001/V00_S0101_I00000495_P0149,naturalistic/train/0001/0009/V00_S0101_I00000495_P0148,recheck_pass,recheck,naturalistic,2743,V00,naturalistic,train,ipc_conversation,shown in Round 3 as pass_naturalistic; re-judged under the Round-4 detectors,"{""clip_anchored_on_fm2_violation"": false, ""flag_count"": 0, ""flags_fired"": """", ""fm1_hip_flexion_deg_p50"": 157.64342830492933, ""fm1_knee_between_torso_p50"": 0.574753779490675, ""fm1_leg_over_torso_p50"": 1.3390897852442256, ""fm1_reasons"": """", ""fm1_shin_verticality_p50"": 0.9996349670342075, ""fm1_sitting_file"": false, ""fm1_sitting_participant"": false, ""fm1_unit"": ""0149@0101"", ""fm1_unit_basis"": ""none"", ""fm2_in_frame_and_valid_frac"": 1.0, ""fm2_pass_frac_round3_joints_only"": 1.0, ""fm2_smplh_valid_frac"": 1.0, ""fm2_surface_correction_px_p50"": 40.22824770594639, ""fm2_vertex_worst_inset_min_px"": 62.988288549548315, ""fm2_violation_run_max_frames"": 0.0, ""fm2_violation_runs"": 0.0, ""fm2_windowed_pass_frac"": 1.0, ""fm3_static_frac"": 0.007004830917874396, ""observed_duration_s"": 138.0, ""reproj_px_p50"": 24.453107663456883, ""reproj_shoulder_widths_p50"": 0.07997809715475974, ""round3_gallery_group"": ""pass_naturalistic"", ""unit_files"": 2.0, ""unit_flagged_frac"": 0.0, ""unit_hip_flexion_min"": 157.64342830492933, ""unit_knee_between_min"": 0.574753779490675}",render
r4_192,recheck_multi_192_V00_S0200_I00000309_P0271_f0005529,V00_S0200_I00000309_P0271,improvised/train/0004/0013/V00_S0200_I00000309_P0271,improvised/train/0004/0020/V00_S0200_I00000309_P0003A,recheck_multi,recheck,improvised,5529,V00,improvised,train,ipc_conversation,shown in Round 3 as flagged_fm3_static_hands; re-judged under the Round-4 detectors,"{""clip_anchored_on_fm2_violation"": false, ""flag_count"": 2, ""flags_fired"": ""fm1_sitting+fm3_static_hands"", ""fm1_hip_flexion_deg_p50"": 109.31154903987111, ""fm1_knee_between_torso_p50"": 0.3801604674813373, ""fm1_leg_over_torso_p50"": 1.2731644349523603, ""fm1_reasons"": ""knee_between"", ""fm1_shin_verticality_p50"": 0.9205818264675649, ""fm1_sitting_file"": true, ""fm1_sitting_participant"": true, ""fm1_unit"": ""0271@0200"", ""fm1_unit_basis"": ""majority"", ""fm2_in_frame_and_valid_frac"": 1.0, ""fm2_pass_frac_round3_joints_only"": 1.0, ""fm2_smplh_valid_frac"": 1.0, ""fm2_surface_correction_px_p50"": 36.84424218205561, ""fm2_vertex_worst_inset_min_px"": 60.79773359056708, ""fm2_violation_run_max_frames"": 0.0, ""fm2_violation_runs"": 0.0, ""fm2_windowed_pass_frac"": 1.0, ""fm3_static_frac"": 0.808879781420765, ""observed_duration_s"": 244.0, ""reproj_px_p50"": 23.494073313188466, ""reproj_shoulder_widths_p50"": 0.07059096275092294, ""round3_gallery_group"": ""flagged_fm3_static_hands"", ""unit_files"": 2.0, ""unit_flagged_frac"": 1.0, ""unit_hip_flexion_min"": 109.31154903987111, ""unit_knee_between_min"": 0.3698159710160548}",render
r4_193,recheck_fm1_sitting_193_V00_S0360_I00000373_P0485_f0001528,V00_S0360_I00000373_P0485,naturalistic/dev/0000/0023/V00_S0360_I00000373_P0485,naturalistic/dev/0000/0034/V00_S0360_I00000373_P0484,recheck_fm1_sitting,recheck,naturalistic,1528,V00,naturalistic,dev,ipc_conversation,shown in Round 3 as flagged_fm1_sitting; re-judged under the Round-4 detectors,"{""clip_anchored_on_fm2_violation"": false, ""flag_count"": 1, ""flags_fired"": ""fm1_sitting"", ""fm1_hip_flexion_deg_p50"": 91.60720344364228, ""fm1_knee_between_torso_p50"": 0.23406900166710454, ""fm1_leg_over_torso_p50"": 0.8790794855303974, ""fm1_reasons"": ""knee_between"", ""fm1_shin_verticality_p50"": 0.9785498519189941, ""fm1_sitting_file"": true, ""fm1_sitting_participant"": true, ""fm1_unit"": ""0485@0360"", ""fm1_unit_basis"": ""majority"", ""fm2_in_frame_and_valid_frac"": 1.0, ""fm2_pass_frac_round3_joints_only"": 1.0, ""fm2_smplh_valid_frac"": 1.0, ""fm2_surface_correction_px_p50"": 47.36865994230112, ""fm2_vertex_worst_inset_min_px"": 110.6842387229351, ""fm2_violation_run_max_frames"": 0.0, ""fm2_violation_runs"": 0.0, ""fm2_windowed_pass_frac"": 1.0, ""fm3_static_frac"": 0.20927230046948356, ""observed_duration_s"": 284.0, ""reproj_px_p50"": 31.699424231271323, ""reproj_shoulder_widths_p50"": 0.07762526010111095, ""round3_gallery_group"": ""flagged_fm1_sitting"", ""unit_files"": 2.0, ""unit_flagged_frac"": 1.0, ""unit_hip_flexion_min"": 91.60720344364228, ""unit_knee_between_min"": 0.23406900166710454}",render
r4_194,recheck_fm3_static_hands_194_V00_S0415_I00000374_P0545_f0003543,V00_S0415_I00000374_P0545,naturalistic/train/0011/0019/V00_S0415_I00000374_P0545,naturalistic/train/0011/0040/V00_S0415_I00000374_P0544,recheck_fm3_static_hands,recheck,naturalistic,3543,V00,naturalistic,train,ipc_conversation,shown in Round 3 as flagged_fm3_static_hands; re-judged under the Round-4 detectors,"{""clip_anchored_on_fm2_violation"": false, ""flag_count"": 1, ""flags_fired"": ""fm3_static_hands"", ""fm1_hip_flexion_deg_p50"": 154.21894768210137, ""fm1_knee_between_torso_p50"": 0.5714429716607612, ""fm1_leg_over_torso_p50"": 1.246704418075653, ""fm1_reasons"": """", ""fm1_shin_verticality_p50"": 0.9996144213191072, ""fm1_sitting_file"": false, ""fm1_sitting_participant"": false, ""fm1_unit"": ""0545@0415"", ""fm1_unit_basis"": ""none"", ""fm2_in_frame_and_valid_frac"": 1.0, ""fm2_pass_frac_round3_joints_only"": 1.0, ""fm2_smplh_valid_frac"": 1.0, ""fm2_surface_correction_px_p50"": 40.12932144666729, ""fm2_vertex_worst_inset_min_px"": 135.13934559629888, ""fm2_violation_run_max_frames"": 0.0, ""fm2_violation_runs"": 0.0, ""fm2_windowed_pass_frac"": 1.0, ""fm3_static_frac"": 0.9625396825396826, ""observed_duration_s"": 210.0, ""reproj_px_p50"": 18.815604026366053, ""reproj_shoulder_widths_p50"": 0.05715784306026535, ""round3_gallery_group"": ""flagged_fm3_static_hands"", ""unit_files"": 3.0, ""unit_flagged_frac"": 0.0, ""unit_hip_flexion_min"": 154.21894768210137, ""unit_knee_between_min"": 0.5714429716607612}",render
r4_195,recheck_fm2_smplh_invalid_195_V00_S0639_I00000385_P0728_f0002250,V00_S0639_I00000385_P0728,naturalistic/train/0018/0013/V00_S0639_I00000385_P0728,naturalistic/train/0018/0034/V00_S0639_I00000385_P0123,recheck_fm2_smplh_invalid,recheck,naturalistic,2250,V00,naturalistic,train,ipc_conversation,shown in Round 3 as flagged_fm2_framing; re-judged under the Round-4 detectors,"{""clip_anchored_on_fm2_violation"": true, ""flag_count"": 1, ""flags_fired"": ""fm2_smplh_invalid"", ""fm1_hip_flexion_deg_p50"": 146.3488082956291, ""fm1_knee_between_torso_p50"": 0.5429416089792272, ""fm1_leg_over_torso_p50"": 1.217111396602561, ""fm1_reasons"": """", ""fm1_shin_verticality_p50"": 0.9748585677660577, ""fm1_sitting_file"": false, ""fm1_sitting_participant"": false, ""fm1_unit"": ""0728@0639"", ""fm1_unit_basis"": ""none"", ""fm2_in_frame_and_valid_frac"": 0.9123737373737374, ""fm2_pass_frac_round3_joints_only"": 0.932070707070707, ""fm2_smplh_valid_frac"": 0.9742424242424242, ""fm2_surface_correction_px_p50"": 35.63800422857423, ""fm2_vertex_worst_inset_min_px"": -166.15703719524208, ""fm2_violation_run_max_frames"": 74.0, ""fm2_violation_runs"": 37.0, ""fm2_windowed_pass_frac"": 0.25, ""fm3_static_frac"": 0.15353535353535352, ""observed_duration_s"": 132.0, ""reproj_px_p50"": 15.676124567542615, ""reproj_shoulder_widths_p50"": 0.04261385505889377, ""round3_gallery_group"": ""flagged_fm2_framing"", ""unit_files"": 3.0, ""unit_flagged_frac"": 0.0, ""unit_hip_flexion_min"": 140.61340819148944, ""unit_knee_between_min"": 0.5171337585405968}",render
r4_196,recheck_fm2_smplh_invalid_196_V00_S1440_I00000663_P0241A_f0009900,V00_S1440_I00000663_P0241A,improvised/train/0033/0031/V00_S1440_I00000663_P0241A,improvised/train/0033/0009/V00_S1440_I00000663_P0388A,recheck_fm2_smplh_invalid,recheck,improvised,9900,V00,improvised,train,ipc_conversation,shown in Round 3 as flagged_fm2_framing; re-judged under the Round-4 detectors,"{""clip_anchored_on_fm2_violation"": true, ""flag_count"": 1, ""flags_fired"": ""fm2_smplh_invalid"", ""fm1_hip_flexion_deg_p50"": 149.90274236370345, ""fm1_knee_between_torso_p50"": 0.5159622503402638, ""fm1_leg_over_torso_p50"": 1.5670605030891567, ""fm1_reasons"": """", ""fm1_shin_verticality_p50"": 0.9996539187466289, ""fm1_sitting_file"": false, ""fm1_sitting_participant"": false, ""fm1_unit"": ""0241A@1440"", ""fm1_unit_basis"": ""none"", ""fm2_in_frame_and_valid_frac"": 0.9938888888888889, ""fm2_pass_frac_round3_joints_only"": 0.9938888888888889, ""fm2_smplh_valid_frac"": 0.9938888888888889, ""fm2_surface_correction_px_p50"": 31.455632016585923, ""fm2_vertex_worst_inset_min_px"": 73.58150591914551, ""fm2_violation_run_max_frames"": 15.0, ""fm2_violation_runs"": 20.0, ""fm2_windowed_pass_frac"": 0.5833333333333334, ""fm3_static_frac"": 0.0687962962962963, ""observed_duration_s"": 360.0, ""reproj_px_p50"": 11.89163716305151, ""reproj_shoulder_widths_p50"": 0.040854406972990476, ""round3_gallery_group"": ""flagged_fm2_framing"", ""unit_files"": 2.0, ""unit_flagged_frac"": 0.0, ""unit_hip_flexion_min"": 149.90274236370345, ""unit_knee_between_min"": 0.5159622503402638}",render
r4_197,recheck_pass_197_V00_S1882_I00000034_P0439_f0004771,V00_S1882_I00000034_P0439,naturalistic/train/0030/0016/V00_S1882_I00000034_P0439,naturalistic/train/0030/0028/V00_S1882_I00000034_P1195,recheck_pass,recheck,naturalistic,4771,V00,naturalistic,train,ipc_conversation,shown in Round 3 as pass_naturalistic; re-judged under the Round-4 detectors,"{""clip_anchored_on_fm2_violation"": false, ""flag_count"": 0, ""flags_fired"": """", ""fm1_hip_flexion_deg_p50"": 159.1441961658338, ""fm1_knee_between_torso_p50"": 0.5862109869699571, ""fm1_leg_over_torso_p50"": 1.20962820828648, ""fm1_reasons"": """", ""fm1_shin_verticality_p50"": 0.9995920816369868, ""fm1_sitting_file"": false, ""fm1_sitting_participant"": false, ""fm1_unit"": ""0439@1882"", ""fm1_unit_basis"": ""none"", ""fm2_in_frame_and_valid_frac"": 1.0, ""fm2_pass_frac_round3_joints_only"": 1.0, ""fm2_smplh_valid_frac"": 1.0, ""fm2_surface_correction_px_p50"": 37.83533761246247, ""fm2_vertex_worst_inset_min_px"": 54.82216578479847, ""fm2_violation_run_max_frames"": 0.0, ""fm2_violation_runs"": 0.0, ""fm2_windowed_pass_frac"": 1.0, ""fm3_static_frac"": 0.17484276729559747, ""observed_duration_s"": 318.0, ""reproj_px_p50"": 41.074898444102914, ""reproj_shoulder_widths_p50"": 0.13464717048907274, ""round3_gallery_group"": ""pass_naturalistic"", ""unit_files"": 2.0, ""unit_flagged_frac"": 0.0, ""unit_hip_flexion_min"": 159.1441961658338, ""unit_knee_between_min"": 0.5850556604195268}",render
r4_198,recheck_fm2_smplh_invalid_198_V00_S0270_I00000578_P0369_f0002042,V00_S0270_I00000578_P0369,improvised/train/0006/0010/V00_S0270_I00000578_P0369,improvised/train/0006/0041/V00_S0270_I00000578_P0006A,recheck_fm2_smplh_invalid,recheck,improvised,2042,V00,improvised,train,ipc_conversation,shown in Round 3 as flagged_fm2_framing; re-judged under the Round-4 detectors,"{""clip_anchored_on_fm2_violation"": true, ""flag_count"": 1, ""flags_fired"": ""fm2_smplh_invalid"", ""fm1_hip_flexion_deg_p50"": 160.871925058591, ""fm1_knee_between_torso_p50"": 0.5695342053918457, ""fm1_leg_over_torso_p50"": 1.2580646311507806, ""fm1_reasons"": """", ""fm1_shin_verticality_p50"": 0.9996349710593527, ""fm1_sitting_file"": false, ""fm1_sitting_participant"": false, ""fm1_unit"": ""0369@0270"", ""fm1_unit_basis"": ""none"", ""fm2_in_frame_and_valid_frac"": 0.9715789473684211, ""fm2_pass_frac_round3_joints_only"": 0.9794736842105263, ""fm2_smplh_valid_frac"": 0.9996491228070176, ""fm2_surface_correction_px_p50"": 34.79011139457657, ""fm2_vertex_worst_inset_min_px"": -88.0323261581816, ""fm2_violation_run_max_frames"": 23.0, ""fm2_violation_runs"": 14.0, ""fm2_windowed_pass_frac"": 0.16666666666666666, ""fm3_static_frac"": 0.03263157894736842, ""observed_duration_s"": 190.0, ""reproj_px_p50"": 26.647941517251617, ""reproj_shoulder_widths_p50"": 0.08060608441683262, ""round3_gallery_group"": ""flagged_fm2_framing"", ""unit_files"": 1.0, ""unit_flagged_frac"": 0.0, ""unit_hip_flexion_min"": 160.871925058591, ""unit_knee_between_min"": 0.5695342053918457}",render
r4_199,recheck_pass_199_V00_S0441_I00000375_P0579_f0003159,V00_S0441_I00000375_P0579,naturalistic/train/0011/0022/V00_S0441_I00000375_P0579,naturalistic/train/0011/0010/V00_S0441_I00000375_P0578,recheck_pass,recheck,naturalistic,3159,V00,naturalistic,train,ipc_conversation,shown in Round 3 as pass_naturalistic; re-judged under the Round-4 detectors,"{""clip_anchored_on_fm2_violation"": false, ""flag_count"": 0, ""flags_fired"": """", ""fm1_hip_flexion_deg_p50"": 153.1772187013624, ""fm1_knee_between_torso_p50"": 0.5778768770595362, ""fm1_leg_over_torso_p50"": 1.2017667492662962, ""fm1_reasons"": """", ""fm1_shin_verticality_p50"": 0.9994449112977397, ""fm1_sitting_file"": false, ""fm1_sitting_participant"": false, ""fm1_unit"": ""0579@0441"", ""fm1_unit_basis"": ""none"", ""fm2_in_frame_and_valid_frac"": 1.0, ""fm2_pass_frac_round3_joints_only"": 1.0, ""fm2_smplh_valid_frac"": 1.0, ""fm2_surface_correction_px_p50"": 37.576139100310684, ""fm2_vertex_worst_inset_min_px"": 76.32211467846344, ""fm2_violation_run_max_frames"": 0.0, ""fm2_violation_runs"": 0.0, ""fm2_windowed_pass_frac"": 1.0, ""fm3_static_frac"": 0.009501557632398754, ""observed_duration_s"": 214.0, ""reproj_px_p50"": 41.381466160621734, ""reproj_shoulder_widths_p50"": 0.1268240632070124, ""round3_gallery_group"": ""pass_naturalistic"", ""unit_files"": 2.0, ""unit_flagged_frac"": 0.0, ""unit_hip_flexion_min"": 152.93997351743994, ""unit_knee_between_min"": 0.5680020470597715}",render
r4_200,recheck_pass_200_V00_S1129_I00001000_P0185A_f0004940,V00_S1129_I00001000_P0185A,improvised/train/0024/0062/V00_S1129_I00001000_P0185A,improvised/train/0024/0030/V00_S1129_I00001000_P0230A,recheck_pass,recheck,improvised,4940,V00,improvised,train,ipc_conversation,shown in Round 3 as pass_improvised; re-judged under the Round-4 detectors,"{""clip_anchored_on_fm2_violation"": false, ""flag_count"": 0, ""flags_fired"": """", ""fm1_hip_flexion_deg_p50"": 143.50044970202947, ""fm1_knee_between_torso_p50"": 0.5545330388639108, ""fm1_leg_over_torso_p50"": 1.1056004606156407, ""fm1_reasons"": """", ""fm1_shin_verticality_p50"": 0.9981685017330244, ""fm1_sitting_file"": false, ""fm1_sitting_participant"": false, ""fm1_unit"": ""0185A@1129"", ""fm1_unit_basis"": ""none"", ""fm2_in_frame_and_valid_frac"": 1.0, ""fm2_pass_frac_round3_joints_only"": 1.0, ""fm2_smplh_valid_frac"": 1.0, ""fm2_surface_correction_px_p50"": 33.75590446811228, ""fm2_vertex_worst_inset_min_px"": 100.05348097100119, ""fm2_violation_run_max_frames"": 0.0, ""fm2_violation_runs"": 0.0, ""fm2_windowed_pass_frac"": 1.0, ""fm3_static_frac"": 0.08246376811594203, ""observed_duration_s"": 230.0, ""reproj_px_p50"": 24.62494160894743, ""reproj_shoulder_widths_p50"": 0.0788175476342809, ""round3_gallery_group"": ""pass_improvised"", ""unit_files"": 2.0, ""unit_flagged_frac"": 0.0, ""unit_hip_flexion_min"": 141.01855924215585, ""unit_knee_between_min"": 0.5456720360845317}",render
r4_201,recheck_pass_201_V00_S0126_I00000126_P0003A_f0000464,V00_S0126_I00000126_P0003A,improvised/train/0002/0031/V00_S0126_I00000126_P0003A,improvised/train/0002/0010/V00_S0126_I00000126_P0187,recheck_pass,recheck,improvised,464,V00,improvised,train,ipc_conversation,shown in Round 3 as pass_improvised; re-judged under the Round-4 detectors,"{""clip_anchored_on_fm2_violation"": false, ""flag_count"": 0, ""flags_fired"": """", ""fm1_hip_flexion_deg_p50"": 130.55223463472348, ""fm1_knee_between_torso_p50"": 0.5076342056206389, ""fm1_leg_over_torso_p50"": 1.2125734008648323, ""fm1_reasons"": """", ""fm1_shin_verticality_p50"": 0.998274379749079, ""fm1_sitting_file"": false, ""fm1_sitting_participant"": false, ""fm1_unit"": ""0003A@0126"", ""fm1_unit_basis"": ""none"", ""fm2_in_frame_and_valid_frac"": 1.0, ""fm2_pass_frac_round3_joints_only"": 1.0, ""fm2_smplh_valid_frac"": 1.0, ""fm2_surface_correction_px_p50"": 101.61910755619067, ""fm2_vertex_worst_inset_min_px"": 97.64048741472743, ""fm2_violation_run_max_frames"": 0.0, ""fm2_violation_runs"": 0.0, ""fm2_windowed_pass_frac"": 1.0, ""fm3_static_frac"": 0.5803763440860215, ""observed_duration_s"": 124.0, ""reproj_px_p50"": 18.199377616645485, ""reproj_shoulder_widths_p50"": 0.05234731714893979, ""round3_gallery_group"": ""pass_improvised"", ""unit_files"": 2.0, ""unit_flagged_frac"": 0.0, ""unit_hip_flexion_min"": 130.55223463472348, ""unit_knee_between_min"": 0.5076342056206389}",render
