review_item_id,clip_id,file_id,source_relbase,partner_source_relbase,sample_group,cohort,label_stratum,start_frame,vendor,label,split,activity_type,selection_reason,signals_json,render_policy
r4_004,recheck_fm2_framing_004_V00_S1486_I00000723_P0040A_f0007946,V00_S1486_I00000723_P0040A,improvised/train/0034/0016/V00_S1486_I00000723_P0040A,improvised/train/0034/0066/V00_S1486_I00000723_P0397A,recheck_fm2_framing,recheck,improvised,7946,V00,improvised,train,ipc_conversation,shown in Round 3 as flagged_fm2_framing; re-judged under the Round-4 detectors,"{""clip_anchored_on_fm2_violation"": true, ""flag_count"": 1, ""flags_fired"": ""fm2_framing"", ""fm1_hip_flexion_deg_p50"": 139.30273201055488, ""fm1_knee_between_torso_p50"": 0.5619862646154209, ""fm1_leg_over_torso_p50"": 1.1056571316161987, ""fm1_reasons"": """", ""fm1_shin_verticality_p50"": 0.9995411713469987, ""fm1_sitting_file"": false, ""fm1_sitting_participant"": false, ""fm1_unit"": ""0040A@1486"", ""fm1_unit_basis"": ""none"", ""fm2_in_frame_and_valid_frac"": 0.9993288590604027, ""fm2_pass_frac_round3_joints_only"": 0.9994407158836689, ""fm2_surface_correction_px_p50"": 42.59987139278758, ""fm2_vertex_worst_inset_min_px"": -23.92289097324897, ""fm2_violation_run_max_frames"": 6.0, ""fm2_violation_runs"": 1.0, ""fm2_windowed_pass_frac"": 0.8888888888888888, ""fm3_static_frac"": 0.0065995525727069355, ""observed_duration_s"": 298.0, ""round3_gallery_group"": ""flagged_fm2_framing"", ""unit_files"": 1.0, ""unit_flagged_frac"": 0.0, ""unit_hip_flexion_min"": 139.30273201055488, ""unit_knee_between_min"": 0.5619862646154209}",render
r4_006,recheck_fm2_framing_006_V00_S0825_I00000313_P0500_f0003120,V00_S0825_I00000313_P0500,naturalistic/dev/0000/0039/V00_S0825_I00000313_P0500,naturalistic/dev/0000/0030/V00_S0825_I00000313_P0959,recheck_fm2_framing,recheck,naturalistic,3120,V00,naturalistic,dev,ipc_conversation,shown in Round 3 as pass_naturalistic; re-judged under the Round-4 detectors,"{""clip_anchored_on_fm2_violation"": true, ""flag_count"": 1, ""flags_fired"": ""fm2_framing"", ""fm1_hip_flexion_deg_p50"": 140.5139869669357, ""fm1_knee_between_torso_p50"": 0.5369708859168062, ""fm1_leg_over_torso_p50"": 1.2499376456822284, ""fm1_reasons"": """", ""fm1_shin_verticality_p50"": 0.9996144245765981, ""fm1_sitting_file"": false, ""fm1_sitting_participant"": false, ""fm1_unit"": ""0500@0825"", ""fm1_unit_basis"": ""none"", ""fm2_in_frame_and_valid_frac"": 0.9990049751243781, ""fm2_pass_frac_round3_joints_only"": 1.0, ""fm2_surface_correction_px_p50"": 42.8511033980044, ""fm2_vertex_worst_inset_min_px"": 14.372522402812137, ""fm2_violation_run_max_frames"": 4.0, ""fm2_violation_runs"": 1.0, ""fm2_windowed_pass_frac"": 1.0, ""fm3_static_frac"": 0.5922885572139304, ""observed_duration_s"": 134.0, ""round3_gallery_group"": ""pass_naturalistic"", ""unit_files"": 2.0, ""unit_flagged_frac"": 0.0, ""unit_hip_flexion_min"": 140.5139869669357, ""unit_knee_between_min"": 0.5277112465702067}",render
r4_007,recheck_fm2_framing_007_V00_S1621_I00001114_P1099A_f0003587,V00_S1621_I00001114_P1099A,improvised/train/0039/0024/V00_S1621_I00001114_P1099A,improvised/train/0039/0025/V00_S1621_I00001114_P1155A,recheck_fm2_framing,recheck,improvised,3587,V00,improvised,train,ipc_conversation,shown in Round 3 as flagged_fm1_sitting; re-judged under the Round-4 detectors,"{""clip_anchored_on_fm2_violation"": true, ""flag_count"": 1, ""flags_fired"": ""fm2_framing"", ""fm1_hip_flexion_deg_p50"": 121.16087646967588, ""fm1_knee_between_torso_p50"": 0.539085074666632, ""fm1_leg_over_torso_p50"": 0.7776019138542203, ""fm1_reasons"": """", ""fm1_shin_verticality_p50"": 0.9988681418337317, ""fm1_sitting_file"": false, ""fm1_sitting_participant"": false, ""fm1_unit"": ""1099A@1621"", ""fm1_unit_basis"": ""none"", ""fm2_in_frame_and_valid_frac"": 0.9988461538461538, ""fm2_pass_frac_round3_joints_only"": 1.0, ""fm2_surface_correction_px_p50"": 27.54281496770102, ""fm2_vertex_worst_inset_min_px"": 22.5144223485529, ""fm2_violation_run_max_frames"": 5.0, ""fm2_violation_runs"": 4.0, ""fm2_windowed_pass_frac"": 1.0, ""fm3_static_frac"": 0.16243589743589743, ""observed_duration_s"": 260.0, ""round3_gallery_group"": ""flagged_fm1_sitting"", ""unit_files"": 1.0, ""unit_flagged_frac"": 0.0, ""unit_hip_flexion_min"": 121.16087646967588, ""unit_knee_between_min"": 0.539085074666632}",render
r4_015,recheck_fm2_framing_015_V00_S0708_I00000377_P0866_f0001411,V00_S0708_I00000377_P0866,naturalistic/train/0020/0043/V00_S0708_I00000377_P0866,naturalistic/train/0020/0013/V00_S0708_I00000377_P0864,recheck_fm2_framing,recheck,naturalistic,1411,V00,naturalistic,train,ipc_conversation,shown in Round 3 as pass_naturalistic; re-judged under the Round-4 detectors,"{""clip_anchored_on_fm2_violation"": true, ""flag_count"": 1, ""flags_fired"": ""fm2_framing"", ""fm1_hip_flexion_deg_p50"": 153.60331724250526, ""fm1_knee_between_torso_p50"": 0.557525871808572, ""fm1_leg_over_torso_p50"": 1.315097472727428, ""fm1_reasons"": """", ""fm1_shin_verticality_p50"": 0.9996144206527182, ""fm1_sitting_file"": false, ""fm1_sitting_participant"": false, ""fm1_unit"": ""0866@0708"", ""fm1_unit_basis"": ""none"", ""fm2_in_frame_and_valid_frac"": 0.9810699588477366, ""fm2_pass_frac_round3_joints_only"": 1.0, ""fm2_surface_correction_px_p50"": 36.685435979021804, ""fm2_vertex_worst_inset_min_px"": -5.759641652914297, ""fm2_violation_run_max_frames"": 6.0, ""fm2_violation_runs"": 47.0, ""fm2_windowed_pass_frac"": 1.0, ""fm3_static_frac"": 0.0012345679012345679, ""observed_duration_s"": 162.0, ""round3_gallery_group"": ""pass_naturalistic"", ""unit_files"": 3.0, ""unit_flagged_frac"": 0.0, ""unit_hip_flexion_min"": 137.20920507107593, ""unit_knee_between_min"": 0.557525871808572}",render
r4_020,recheck_fm2_framing_020_V00_S0180_I00000482_P0047_f0006499,V00_S0180_I00000482_P0047,naturalistic/train/0004/0010/V00_S0180_I00000482_P0047,naturalistic/train/0004/0033/V00_S0180_I00000482_P0247,recheck_fm2_framing,recheck,naturalistic,6499,V00,naturalistic,train,ipc_conversation,shown in Round 3 as pass_naturalistic; re-judged under the Round-4 detectors,"{""clip_anchored_on_fm2_violation"": true, ""flag_count"": 1, ""flags_fired"": ""fm2_framing"", ""fm1_hip_flexion_deg_p50"": 140.38496781747517, ""fm1_knee_between_torso_p50"": 0.5399296361514002, ""fm1_leg_over_torso_p50"": 1.1288309296811403, ""fm1_reasons"": """", ""fm1_shin_verticality_p50"": 0.9981684909858274, ""fm1_sitting_file"": false, ""fm1_sitting_participant"": false, ""fm1_unit"": ""0047@0180"", ""fm1_unit_basis"": ""none"", ""fm2_in_frame_and_valid_frac"": 0.9902335456475584, ""fm2_pass_frac_round3_joints_only"": 1.0, ""fm2_surface_correction_px_p50"": 44.70380456354144, ""fm2_vertex_worst_inset_min_px"": -25.514065701409663, ""fm2_violation_run_max_frames"": 92.0, ""fm2_violation_runs"": 1.0, ""fm2_windowed_pass_frac"": 1.0, ""fm3_static_frac"": 0.14278131634819533, ""observed_duration_s"": 314.0, ""round3_gallery_group"": ""pass_naturalistic"", ""unit_files"": 3.0, ""unit_flagged_frac"": 0.0, ""unit_hip_flexion_min"": 140.25469854225022, ""unit_knee_between_min"": 0.5305757684746852}",render
r4_021,recheck_fm2_framing_021_V00_S1626_I00000995_P1147A_f0003225,V00_S1626_I00000995_P1147A,improvised/train/0039/0045/V00_S1626_I00000995_P1147A,improvised/train/0039/0035/V00_S1626_I00000995_P0320A,recheck_fm2_framing,recheck,improvised,3225,V00,improvised,train,ipc_conversation,shown in Round 3 as flagged_fm1_sitting; re-judged under the Round-4 detectors,"{""clip_anchored_on_fm2_violation"": true, ""flag_count"": 1, ""flags_fired"": ""fm2_framing"", ""fm1_hip_flexion_deg_p50"": 134.06377265393763, ""fm1_knee_between_torso_p50"": 0.6062321348389196, ""fm1_leg_over_torso_p50"": 0.8168787164603943, ""fm1_reasons"": """", ""fm1_shin_verticality_p50"": 0.9934090050240433, ""fm1_sitting_file"": false, ""fm1_sitting_participant"": false, ""fm1_unit"": ""1147A@1626"", ""fm1_unit_basis"": ""none"", ""fm2_in_frame_and_valid_frac"": 0.9596153846153846, ""fm2_pass_frac_round3_joints_only"": 0.9680769230769231, ""fm2_surface_correction_px_p50"": 29.24001244482048, ""fm2_vertex_worst_inset_min_px"": -101.55845901438408, ""fm2_violation_run_max_frames"": 64.0, ""fm2_violation_runs"": 39.0, ""fm2_windowed_pass_frac"": 0.375, ""fm3_static_frac"": 0.11794871794871795, ""observed_duration_s"": 260.0, ""round3_gallery_group"": ""flagged_fm1_sitting"", ""unit_files"": 1.0, ""unit_flagged_frac"": 0.0, ""unit_hip_flexion_min"": 134.06377265393763, ""unit_knee_between_min"": 0.6062321348389196}",render
r4_025,recheck_fm2_framing_025_V00_S0708_I00000488_P0866_f0000644,V00_S0708_I00000488_P0866,naturalistic/train/0020/0013/V00_S0708_I00000488_P0866,naturalistic/train/0020/0005/V00_S0708_I00000488_P0864,recheck_fm2_framing,recheck,naturalistic,644,V00,naturalistic,train,ipc_conversation,shown in Round 3 as pass_naturalistic; re-judged under the Round-4 detectors,"{""clip_anchored_on_fm2_violation"": true, ""flag_count"": 1, ""flags_fired"": ""fm2_framing"", ""fm1_hip_flexion_deg_p50"": 137.20920507107593, ""fm1_knee_between_torso_p50"": 0.5697099365844039, ""fm1_leg_over_torso_p50"": 1.0445616575249068, ""fm1_reasons"": """", ""fm1_shin_verticality_p50"": 0.9984603519427742, ""fm1_sitting_file"": false, ""fm1_sitting_participant"": false, ""fm1_unit"": ""0866@0708"", ""fm1_unit_basis"": ""none"", ""fm2_in_frame_and_valid_frac"": 0.9978927203065134, ""fm2_pass_frac_round3_joints_only"": 1.0, ""fm2_surface_correction_px_p50"": 41.07315847089603, ""fm2_vertex_worst_inset_min_px"": -6.654318274676257, ""fm2_violation_run_max_frames"": 8.0, ""fm2_violation_runs"": 3.0, ""fm2_windowed_pass_frac"": 1.0, ""fm3_static_frac"": 0.0950191570881226, ""observed_duration_s"": 174.0, ""round3_gallery_group"": ""pass_naturalistic"", ""unit_files"": 3.0, ""unit_flagged_frac"": 0.0, ""unit_hip_flexion_min"": 137.20920507107593, ""unit_knee_between_min"": 0.557525871808572}",render
r4_029,recheck_fm2_framing_029_V00_S1580_I00001175_P1103A_f0005714,V00_S1580_I00001175_P1103A,improvised/train/0038/0056/V00_S1580_I00001175_P1103A,improvised/train/0038/0058/V00_S1580_I00001175_P1154A,recheck_fm2_framing,recheck,improvised,5714,V00,improvised,train,ipc_conversation,shown in Round 3 as pass_improvised; re-judged under the Round-4 detectors,"{""clip_anchored_on_fm2_violation"": true, ""flag_count"": 1, ""flags_fired"": ""fm2_framing"", ""fm1_hip_flexion_deg_p50"": 146.88626733892173, ""fm1_knee_between_torso_p50"": 0.5830960857911868, ""fm1_leg_over_torso_p50"": 1.0593352196202879, ""fm1_reasons"": """", ""fm1_shin_verticality_p50"": 0.9995411866677136, ""fm1_sitting_file"": false, ""fm1_sitting_participant"": false, ""fm1_unit"": ""1103A@1580"", ""fm1_unit_basis"": ""none"", ""fm2_in_frame_and_valid_frac"": 0.9997619047619047, ""fm2_pass_frac_round3_joints_only"": 1.0, ""fm2_surface_correction_px_p50"": 45.04928044618032, ""fm2_vertex_worst_inset_min_px"": 4.811040309591817, ""fm2_violation_run_max_frames"": 3.0, ""fm2_violation_runs"": 1.0, ""fm2_windowed_pass_frac"": 1.0, ""fm3_static_frac"": 0.03484126984126984, ""observed_duration_s"": 420.0, ""round3_gallery_group"": ""pass_improvised"", ""unit_files"": 1.0, ""unit_flagged_frac"": 0.0, ""unit_hip_flexion_min"": 146.88626733892173, ""unit_knee_between_min"": 0.5830960857911868}",render
r4_036,recheck_fm2_framing_036_V00_S0326_I00000520_P0442_f0000000,V00_S0326_I00000520_P0442,improvised/train/0007/0034/V00_S0326_I00000520_P0442,improvised/train/0007/0010/V00_S0326_I00000520_P0026A,recheck_fm2_framing,recheck,improvised,0,V00,improvised,train,grounded_gesture,shown in Round 3 as flagged_multi; re-judged under the Round-4 detectors,"{""clip_anchored_on_fm2_violation"": true, ""flag_count"": 1, ""flags_fired"": ""fm2_framing"", ""fm1_hip_flexion_deg_p50"": 152.09134295918795, ""fm1_knee_between_torso_p50"": 0.5436585115752945, ""fm1_leg_over_torso_p50"": 1.441046357877276, ""fm1_reasons"": """", ""fm1_shin_verticality_p50"": 0.9958932064677039, ""fm1_sitting_file"": false, ""fm1_sitting_participant"": false, ""fm1_unit"": ""0442@0326"", ""fm1_unit_basis"": ""none"", ""fm2_in_frame_and_valid_frac"": 0.9728070175438597, ""fm2_pass_frac_round3_joints_only"": 0.9734335839598998, ""fm2_surface_correction_px_p50"": 45.74477854185966, ""fm2_vertex_worst_inset_min_px"": -206.286936853548, ""fm2_violation_run_max_frames"": 62.0, ""fm2_violation_runs"": 6.0, ""fm2_windowed_pass_frac"": 0.5, ""fm3_static_frac"": 0.5993964541682384, ""observed_duration_s"": 266.0, ""round3_gallery_group"": ""flagged_multi"", ""unit_files"": 2.0, ""unit_flagged_frac"": 0.0, ""unit_hip_flexion_min"": 145.25854628987122, ""unit_knee_between_min"": 0.515209182460824}",render
r4_040,recheck_fm2_framing_040_V00_S1628_I00001175_P1147A_f0003013,V00_S1628_I00001175_P1147A,improvised/train/0039/0026/V00_S1628_I00001175_P1147A,improvised/train/0039/0055/V00_S1628_I00001175_P0320A,recheck_fm2_framing,recheck,improvised,3013,V00,improvised,train,ipc_conversation,shown in Round 3 as flagged_fm1_sitting; re-judged under the Round-4 detectors,"{""clip_anchored_on_fm2_violation"": true, ""flag_count"": 1, ""flags_fired"": ""fm2_framing"", ""fm1_hip_flexion_deg_p50"": 127.31927253156462, ""fm1_knee_between_torso_p50"": 0.5697208926271179, ""fm1_leg_over_torso_p50"": 0.8039876445424234, ""fm1_reasons"": """", ""fm1_shin_verticality_p50"": 0.9990561477176454, ""fm1_sitting_file"": false, ""fm1_sitting_participant"": false, ""fm1_unit"": ""1147A@1628"", ""fm1_unit_basis"": ""none"", ""fm2_in_frame_and_valid_frac"": 0.9523809523809523, ""fm2_pass_frac_round3_joints_only"": 0.9540293040293041, ""fm2_surface_correction_px_p50"": 10.199104880630216, ""fm2_vertex_worst_inset_min_px"": -159.98701429399455, ""fm2_violation_run_max_frames"": 183.0, ""fm2_violation_runs"": 5.0, ""fm2_windowed_pass_frac"": 0.5, ""fm3_static_frac"": 0.02600732600732601, ""observed_duration_s"": 182.0, ""round3_gallery_group"": ""flagged_fm1_sitting"", ""unit_files"": 1.0, ""unit_flagged_frac"": 0.0, ""unit_hip_flexion_min"": 127.31927253156462, ""unit_knee_between_min"": 0.5697208926271179}",render
r4_043,recheck_fm2_framing_043_V00_S0347_I00000130_P0467_f0000016,V00_S0347_I00000130_P0467,naturalistic/dev/0000/0014/V00_S0347_I00000130_P0467,naturalistic/dev/0000/0004/V00_S0347_I00000130_P0466,recheck_fm2_framing,recheck,naturalistic,16,V00,naturalistic,dev,ipc_conversation,shown in Round 3 as flagged_fm2_framing; re-judged under the Round-4 detectors,"{""clip_anchored_on_fm2_violation"": true, ""flag_count"": 1, ""flags_fired"": ""fm2_framing"", ""fm1_hip_flexion_deg_p50"": 135.54461297147236, ""fm1_knee_between_torso_p50"": 0.5495631008707731, ""fm1_leg_over_torso_p50"": 1.022509672588375, ""fm1_reasons"": """", ""fm1_shin_verticality_p50"": 0.9912278764874163, ""fm1_sitting_file"": false, ""fm1_sitting_participant"": false, ""fm1_unit"": ""0467@0347"", ""fm1_unit_basis"": ""none"", ""fm2_in_frame_and_valid_frac"": 0.9981182795698925, ""fm2_pass_frac_round3_joints_only"": 0.9986559139784946, ""fm2_surface_correction_px_p50"": 45.79308474000277, ""fm2_vertex_worst_inset_min_px"": -9.059140801414514, ""fm2_violation_run_max_frames"": 5.0, ""fm2_violation_runs"": 2.0, ""fm2_windowed_pass_frac"": 0.75, ""fm3_static_frac"": 0.4962365591397849, ""observed_duration_s"": 124.0, ""round3_gallery_group"": ""flagged_fm2_framing"", ""unit_files"": 5.0, ""unit_flagged_frac"": 0.0, ""unit_hip_flexion_min"": 134.84403798420237, ""unit_knee_between_min"": 0.5448308042323952}",render
r4_045,recheck_fm2_framing_045_V00_S0595_I00000383_P0298_f0000937,V00_S0595_I00000383_P0298,naturalistic/train/0017/0035/V00_S0595_I00000383_P0298,naturalistic/train/0017/0032/V00_S0595_I00000383_P0751,recheck_fm2_framing,recheck,naturalistic,937,V00,naturalistic,train,ipc_conversation,shown in Round 3 as flagged_fm2_framing; re-judged under the Round-4 detectors,"{""clip_anchored_on_fm2_violation"": true, ""flag_count"": 1, ""flags_fired"": ""fm2_framing"", ""fm1_hip_flexion_deg_p50"": 148.4206650005904, ""fm1_knee_between_torso_p50"": 0.5814578378323487, ""fm1_leg_over_torso_p50"": 1.260320775929856, ""fm1_reasons"": """", ""fm1_shin_verticality_p50"": 0.9684930075351916, ""fm1_sitting_file"": false, ""fm1_sitting_participant"": false, ""fm1_unit"": ""0298@0595"", ""fm1_unit_basis"": ""none"", ""fm2_in_frame_and_valid_frac"": 0.9869402985074627, ""fm2_pass_frac_round3_joints_only"": 0.9879353233830845, ""fm2_surface_correction_px_p50"": 34.114481492839786, ""fm2_vertex_worst_inset_min_px"": -26.920036151939826, ""fm2_violation_run_max_frames"": 12.0, ""fm2_violation_runs"": 38.0, ""fm2_windowed_pass_frac"": 0.5, ""fm3_static_frac"": 0.010199004975124378, ""observed_duration_s"": 268.0, ""round3_gallery_group"": ""flagged_fm2_framing"", ""unit_files"": 3.0, ""unit_flagged_frac"": 0.0, ""unit_hip_flexion_min"": 148.4206650005904, ""unit_knee_between_min"": 0.5814578378323487}",render
r4_048,recheck_fm2_framing_048_V00_S1783_I00000723_P0744_f0001748,V00_S1783_I00000723_P0744,improvised/train/0044/0044/V00_S1783_I00000723_P0744,improvised/train/0044/0013/V00_S1783_I00000723_P1115A,recheck_fm2_framing,recheck,improvised,1748,V00,improvised,train,ipc_conversation,shown in Round 3 as flagged_fm2_framing; re-judged under the Round-4 detectors,"{""clip_anchored_on_fm2_violation"": true, ""flag_count"": 1, ""flags_fired"": ""fm2_framing"", ""fm1_hip_flexion_deg_p50"": 166.4929688731752, ""fm1_knee_between_torso_p50"": 0.546381571025581, ""fm1_leg_over_torso_p50"": 1.5103898498925288, ""fm1_reasons"": """", ""fm1_shin_verticality_p50"": 0.9988123420650481, ""fm1_sitting_file"": false, ""fm1_sitting_participant"": false, ""fm1_unit"": ""0744@1783"", ""fm1_unit_basis"": ""none"", ""fm2_in_frame_and_valid_frac"": 0.9765151515151516, ""fm2_pass_frac_round3_joints_only"": 0.9765151515151516, ""fm2_surface_correction_px_p50"": 26.96916277499008, ""fm2_vertex_worst_inset_min_px"": -21.84492035527137, ""fm2_violation_run_max_frames"": 13.0, ""fm2_violation_runs"": 96.0, ""fm2_windowed_pass_frac"": 0.5, ""fm3_static_frac"": 0.0005411255411255411, ""observed_duration_s"": 308.0, ""round3_gallery_group"": ""flagged_fm2_framing"", ""unit_files"": 1.0, ""unit_flagged_frac"": 0.0, ""unit_hip_flexion_min"": 166.4929688731752, ""unit_knee_between_min"": 0.546381571025581}",render
r4_049,recheck_fm2_framing_049_V00_S2006_I00001211_P1261A_f0005753,V00_S2006_I00001211_P1261A,improvised/train/0048/0015/V00_S2006_I00001211_P1261A,improvised/train/0048/0021/V00_S2006_I00001211_P1262A,recheck_fm2_framing,recheck,improvised,5753,V00,improvised,train,ipc_conversation,shown in Round 3 as pass_improvised; re-judged under the Round-4 detectors,"{""clip_anchored_on_fm2_violation"": true, ""flag_count"": 1, ""flags_fired"": ""fm2_framing"", ""fm1_hip_flexion_deg_p50"": 157.86957120109238, ""fm1_knee_between_torso_p50"": 0.5397336224845912, ""fm1_leg_over_torso_p50"": 1.3604731507731649, ""fm1_reasons"": """", ""fm1_shin_verticality_p50"": 0.999653920211243, ""fm1_sitting_file"": false, ""fm1_sitting_participant"": false, ""fm1_unit"": ""1261A@2006"", ""fm1_unit_basis"": ""none"", ""fm2_in_frame_and_valid_frac"": 0.9995061728395062, ""fm2_pass_frac_round3_joints_only"": 1.0, ""fm2_surface_correction_px_p50"": 38.14033129322172, ""fm2_vertex_worst_inset_min_px"": 5.481245550927724, ""fm2_violation_run_max_frames"": 3.0, ""fm2_violation_runs"": 2.0, ""fm2_windowed_pass_frac"": 1.0, ""fm3_static_frac"": 0.34444444444444444, ""observed_duration_s"": 270.0, ""round3_gallery_group"": ""pass_improvised"", ""unit_files"": 3.0, ""unit_flagged_frac"": 0.0, ""unit_hip_flexion_min"": 156.50506304607865, ""unit_knee_between_min"": 0.5383941981645569}",render
r4_057,recheck_fm2_framing_057_V00_S0422_I00000497_P0556_f0000133,V00_S0422_I00000497_P0556,naturalistic/train/0011/0026/V00_S0422_I00000497_P0556,naturalistic/train/0011/0036/V00_S0422_I00000497_P0557,recheck_fm2_framing,recheck,naturalistic,133,V00,naturalistic,train,grounded_gesture,shown in Round 3 as flagged_multi; re-judged under the Round-4 detectors,"{""clip_anchored_on_fm2_violation"": true, ""flag_count"": 1, ""flags_fired"": ""fm2_framing"", ""fm1_hip_flexion_deg_p50"": 142.5457408271581, ""fm1_knee_between_torso_p50"": 0.5919399192959084, ""fm1_leg_over_torso_p50"": 1.061524188762168, ""fm1_reasons"": """", ""fm1_shin_verticality_p50"": 0.9994449116619353, ""fm1_sitting_file"": false, ""fm1_sitting_participant"": false, ""fm1_unit"": ""0556@0422"", ""fm1_unit_basis"": ""none"", ""fm2_in_frame_and_valid_frac"": 0.9775599128540305, ""fm2_pass_frac_round3_joints_only"": 0.9785403050108933, ""fm2_surface_correction_px_p50"": 44.070674494792, ""fm2_vertex_worst_inset_min_px"": -230.706662213478, ""fm2_violation_run_max_frames"": 59.0, ""fm2_violation_runs"": 11.0, ""fm2_windowed_pass_frac"": 0.3, ""fm3_static_frac"": 0.33061002178649235, ""observed_duration_s"": 306.0, ""round3_gallery_group"": ""flagged_multi"", ""unit_files"": 2.0, ""unit_flagged_frac"": 0.0, ""unit_hip_flexion_min"": 142.5457408271581, ""unit_knee_between_min"": 0.5882950859539662}",render
r4_064,recheck_fm2_framing_064_V00_S1457_I00001115_P1124A_f0002960,V00_S1457_I00001115_P1124A,improvised/train/0034/0064/V00_S1457_I00001115_P1124A,improvised/train/0034/0047/V00_S1457_I00001115_P0921A,recheck_fm2_framing,recheck,improvised,2960,V00,improvised,train,ipc_conversation,shown in Round 3 as pass_improvised; re-judged under the Round-4 detectors,"{""clip_anchored_on_fm2_violation"": true, ""flag_count"": 1, ""flags_fired"": ""fm2_framing"", ""fm1_hip_flexion_deg_p50"": 133.77474389709727, ""fm1_knee_between_torso_p50"": 0.5187586489680573, ""fm1_leg_over_torso_p50"": 1.107595342932178, ""fm1_reasons"": """", ""fm1_shin_verticality_p50"": 0.9828722816437803, ""fm1_sitting_file"": false, ""fm1_sitting_participant"": false, ""fm1_unit"": ""1124A@1457"", ""fm1_unit_basis"": ""none"", ""fm2_in_frame_and_valid_frac"": 0.9967991169977924, ""fm2_pass_frac_round3_joints_only"": 1.0, ""fm2_surface_correction_px_p50"": 26.34554453654357, ""fm2_vertex_worst_inset_min_px"": -1.8781465147126255, ""fm2_violation_run_max_frames"": 26.0, ""fm2_violation_runs"": 3.0, ""fm2_windowed_pass_frac"": 1.0, ""fm3_static_frac"": 0.23233995584988962, ""observed_duration_s"": 302.0, ""round3_gallery_group"": ""pass_improvised"", ""unit_files"": 2.0, ""unit_flagged_frac"": 0.0, ""unit_hip_flexion_min"": 130.9171643951275, ""unit_knee_between_min"": 0.5160741442987243}",render
r4_075,recheck_fm2_framing_075_V00_S0477_I00000462_P0611_f0001659,V00_S0477_I00000462_P0611,naturalistic/train/0013/0016/V00_S0477_I00000462_P0611,naturalistic/train/0013/0035/V00_S0477_I00000462_P0071,recheck_fm2_framing,recheck,naturalistic,1659,V00,naturalistic,train,ipc_conversation,shown in Round 3 as flagged_fm2_framing; re-judged under the Round-4 detectors,"{""clip_anchored_on_fm2_violation"": true, ""flag_count"": 1, ""flags_fired"": ""fm2_framing"", ""fm1_hip_flexion_deg_p50"": 149.8477987753952, ""fm1_knee_between_torso_p50"": 0.5123073690706541, ""fm1_leg_over_torso_p50"": 1.5343965021134722, ""fm1_reasons"": """", ""fm1_shin_verticality_p50"": 0.9957012248348676, ""fm1_sitting_file"": false, ""fm1_sitting_participant"": false, ""fm1_unit"": ""0611@0477"", ""fm1_unit_basis"": ""none"", ""fm2_in_frame_and_valid_frac"": 0.9914529914529915, ""fm2_pass_frac_round3_joints_only"": 0.9918803418803419, ""fm2_surface_correction_px_p50"": 26.773097012202243, ""fm2_vertex_worst_inset_min_px"": -25.108705304146497, ""fm2_violation_run_max_frames"": 32.0, ""fm2_violation_runs"": 2.0, ""fm2_windowed_pass_frac"": 0.6, ""fm3_static_frac"": 0.2726495726495726, ""observed_duration_s"": 156.0, ""round3_gallery_group"": ""flagged_fm2_framing"", ""unit_files"": 3.0, ""unit_flagged_frac"": 0.0, ""unit_hip_flexion_min"": 146.8872245920469, ""unit_knee_between_min"": 0.5069337662990542}",render
r4_076,recheck_fm2_framing_076_V00_S0504_I00000520_P0572_f0001746,V00_S0504_I00000520_P0572,naturalistic/train/0014/0009/V00_S0504_I00000520_P0572,naturalistic/train/0014/0037/V00_S0504_I00000520_P0047,recheck_fm2_framing,recheck,naturalistic,1746,V00,naturalistic,train,grounded_gesture,shown in Round 3 as flagged_multi; re-judged under the Round-4 detectors,"{""clip_anchored_on_fm2_violation"": true, ""flag_count"": 1, ""flags_fired"": ""fm2_framing"", ""fm1_hip_flexion_deg_p50"": 141.63332072404302, ""fm1_knee_between_torso_p50"": 0.6062626682861931, ""fm1_leg_over_torso_p50"": 1.0153467357144654, ""fm1_reasons"": """", ""fm1_shin_verticality_p50"": 0.9993628503615644, ""fm1_sitting_file"": false, ""fm1_sitting_participant"": false, ""fm1_unit"": ""0572@0504"", ""fm1_unit_basis"": ""none"", ""fm2_in_frame_and_valid_frac"": 0.9379690949227373, ""fm2_pass_frac_round3_joints_only"": 0.9444812362030905, ""fm2_surface_correction_px_p50"": 51.36533157094868, ""fm2_vertex_worst_inset_min_px"": -162.14003779256007, ""fm2_violation_run_max_frames"": 148.0, ""fm2_violation_runs"": 33.0, ""fm2_windowed_pass_frac"": 0.4, ""fm3_static_frac"": 0.15849889624724062, ""observed_duration_s"": 302.0, ""round3_gallery_group"": ""flagged_multi"", ""unit_files"": 5.0, ""unit_flagged_frac"": 0.0, ""unit_hip_flexion_min"": 141.63332072404302, ""unit_knee_between_min"": 0.6062626682861931}",render
r4_077,recheck_fm2_framing_077_V00_S1283_I00001076_P0002A_f0001461,V00_S1283_I00001076_P0002A,improvised/train/0029/0007/V00_S1283_I00001076_P0002A,improvised/train/0029/0014/V00_S1283_I00001076_P1100A,recheck_fm2_framing,recheck,improvised,1461,V00,improvised,train,ipc_conversation,shown in Round 3 as flagged_fm2_framing; re-judged under the Round-4 detectors,"{""clip_anchored_on_fm2_violation"": true, ""flag_count"": 1, ""flags_fired"": ""fm2_framing"", ""fm1_hip_flexion_deg_p50"": 165.16312752132328, ""fm1_knee_between_torso_p50"": 0.5885234065964509, ""fm1_leg_over_torso_p50"": 1.2986370534210532, ""fm1_reasons"": """", ""fm1_shin_verticality_p50"": 0.9965457331747696, ""fm1_sitting_file"": false, ""fm1_sitting_participant"": false, ""fm1_unit"": ""0002A@1283"", ""fm1_unit_basis"": ""none"", ""fm2_in_frame_and_valid_frac"": 0.9747222222222223, ""fm2_pass_frac_round3_joints_only"": 0.9779166666666667, ""fm2_surface_correction_px_p50"": 31.01522047333424, ""fm2_vertex_worst_inset_min_px"": -152.08407471187604, ""fm2_violation_run_max_frames"": 52.0, ""fm2_violation_runs"": 10.0, ""fm2_windowed_pass_frac"": 0.5, ""fm3_static_frac"": 0.010694444444444444, ""observed_duration_s"": 240.0, ""round3_gallery_group"": ""flagged_fm2_framing"", ""unit_files"": 2.0, ""unit_flagged_frac"": 0.0, ""unit_hip_flexion_min"": 148.76734075707873, ""unit_knee_between_min"": 0.5885234065964509}",render
r4_085,recheck_fm2_framing_085_V00_S0530_I00000375_P0210_f0009620,V00_S0530_I00000375_P0210,naturalistic/train/0014/0015/V00_S0530_I00000375_P0210,naturalistic/train/0014/0022/V00_S0530_I00000375_P0677,recheck_fm2_framing,recheck,naturalistic,9620,V00,naturalistic,train,ipc_conversation,shown in Round 3 as flagged_fm2_framing; re-judged under the Round-4 detectors,"{""clip_anchored_on_fm2_violation"": true, ""flag_count"": 1, ""flags_fired"": ""fm2_framing"", ""fm1_hip_flexion_deg_p50"": 153.8159731111793, ""fm1_knee_between_torso_p50"": 0.532592688673005, ""fm1_leg_over_torso_p50"": 1.3363199830523573, ""fm1_reasons"": """", ""fm1_shin_verticality_p50"": 0.9997418362803396, ""fm1_sitting_file"": false, ""fm1_sitting_participant"": false, ""fm1_unit"": ""0210@0530"", ""fm1_unit_basis"": ""none"", ""fm2_in_frame_and_valid_frac"": 0.9985074626865672, ""fm2_pass_frac_round3_joints_only"": 0.9992537313432835, ""fm2_surface_correction_px_p50"": 29.82326400453894, ""fm2_vertex_worst_inset_min_px"": -47.775111579361806, ""fm2_violation_run_max_frames"": 6.0, ""fm2_violation_runs"": 7.0, ""fm2_windowed_pass_frac"": 0.9230769230769231, ""fm3_static_frac"": 0.5992537313432836, ""observed_duration_s"": 402.0, ""round3_gallery_group"": ""flagged_fm2_framing"", ""unit_files"": 2.0, ""unit_flagged_frac"": 0.0, ""unit_hip_flexion_min"": 153.51438158796128, ""unit_knee_between_min"": 0.5299121879250179}",render
r4_086,recheck_fm2_framing_086_V00_S0598_I00000480_P0641_f0001585,V00_S0598_I00000480_P0641,naturalistic/train/0017/0021/V00_S0598_I00000480_P0641,naturalistic/train/0017/0002/V00_S0598_I00000480_P0047,recheck_fm2_framing,recheck,naturalistic,1585,V00,naturalistic,train,ipc_conversation,shown in Round 3 as pass_naturalistic; re-judged under the Round-4 detectors,"{""clip_anchored_on_fm2_violation"": true, ""flag_count"": 1, ""flags_fired"": ""fm2_framing"", ""fm1_hip_flexion_deg_p50"": 151.51267254352067, ""fm1_knee_between_torso_p50"": 0.532487797775383, ""fm1_leg_over_torso_p50"": 1.4452133364418287, ""fm1_reasons"": """", ""fm1_shin_verticality_p50"": 0.9814905835328374, ""fm1_sitting_file"": false, ""fm1_sitting_participant"": false, ""fm1_unit"": ""0641@0598"", ""fm1_unit_basis"": ""none"", ""fm2_in_frame_and_valid_frac"": 0.9978395061728395, ""fm2_pass_frac_round3_joints_only"": 1.0, ""fm2_surface_correction_px_p50"": 34.66237671802344, ""fm2_vertex_worst_inset_min_px"": -11.290864841397024, ""fm2_violation_run_max_frames"": 1.0, ""fm2_violation_runs"": 7.0, ""fm2_windowed_pass_frac"": 1.0, ""fm3_static_frac"": 0.3506172839506173, ""observed_duration_s"": 108.0, ""round3_gallery_group"": ""pass_naturalistic"", ""unit_files"": 3.0, ""unit_flagged_frac"": 0.0, ""unit_hip_flexion_min"": 151.02986924396137, ""unit_knee_between_min"": 0.5168203537932101}",render
r4_089,recheck_fm2_framing_089_V00_S0310_I00000135_P0417_f0000005,V00_S0310_I00000135_P0417,naturalistic/train/0007/0025/V00_S0310_I00000135_P0417,naturalistic/train/0007/0002/V00_S0310_I00000135_P0042,recheck_fm2_framing,recheck,naturalistic,5,V00,naturalistic,train,collaborative_storytelling,shown in Round 3 as flagged_fm4_mutual_silence; re-judged under the Round-4 detectors,"{""clip_anchored_on_fm2_violation"": true, ""flag_count"": 1, ""flags_fired"": ""fm2_framing"", ""fm1_hip_flexion_deg_p50"": 151.5842682182531, ""fm1_knee_between_torso_p50"": 0.6209630834541788, ""fm1_leg_over_torso_p50"": 1.0361315306421945, ""fm1_reasons"": """", ""fm1_shin_verticality_p50"": 0.9991330630859093, ""fm1_sitting_file"": false, ""fm1_sitting_participant"": false, ""fm1_unit"": ""0417@0310"", ""fm1_unit_basis"": ""none"", ""fm2_in_frame_and_valid_frac"": 0.8239035087719299, ""fm2_pass_frac_round3_joints_only"": 1.0, ""fm2_surface_correction_px_p50"": 41.33743939037197, ""fm2_vertex_worst_inset_min_px"": -29.49176309095901, ""fm2_violation_run_max_frames"": 431.0, ""fm2_violation_runs"": 27.0, ""fm2_windowed_pass_frac"": 1.0, ""fm3_static_frac"": 0.11513157894736842, ""observed_duration_s"": 152.0, ""round3_gallery_group"": ""flagged_fm4_mutual_silence"", ""unit_files"": 4.0, ""unit_flagged_frac"": 0.0, ""unit_hip_flexion_min"": 145.08962894053383, ""unit_knee_between_min"": 0.5456779592561491}",render
r4_090,recheck_fm2_framing_090_V00_S0427_I00000478_P0210_f0001985,V00_S0427_I00000478_P0210,naturalistic/train/0011/0037/V00_S0427_I00000478_P0210,naturalistic/train/0011/0025/V00_S0427_I00000478_P0560,recheck_fm2_framing,recheck,naturalistic,1985,V00,naturalistic,train,ipc_conversation,shown in Round 3 as pass_naturalistic; re-judged under the Round-4 detectors,"{""clip_anchored_on_fm2_violation"": true, ""flag_count"": 1, ""flags_fired"": ""fm2_framing"", ""fm1_hip_flexion_deg_p50"": 156.79827255008854, ""fm1_knee_between_torso_p50"": 0.5651598804866439, ""fm1_leg_over_torso_p50"": 1.252332736909627, ""fm1_reasons"": """", ""fm1_shin_verticality_p50"": 0.9914543214980939, ""fm1_sitting_file"": false, ""fm1_sitting_participant"": false, ""fm1_unit"": ""0210@0427"", ""fm1_unit_basis"": ""none"", ""fm2_in_frame_and_valid_frac"": 0.6807511737089202, ""fm2_pass_frac_round3_joints_only"": 1.0, ""fm2_surface_correction_px_p50"": 36.599583668347464, ""fm2_vertex_worst_inset_min_px"": -14.457398757033161, ""fm2_violation_run_max_frames"": 45.0, ""fm2_violation_runs"": 382.0, ""fm2_windowed_pass_frac"": 1.0, ""fm3_static_frac"": 0.67981220657277, ""observed_duration_s"": 142.0, ""round3_gallery_group"": ""pass_naturalistic"", ""unit_files"": 4.0, ""unit_flagged_frac"": 0.0, ""unit_hip_flexion_min"": 149.94419273927716, ""unit_knee_between_min"": 0.5446235676427659}",render
r4_095,recheck_fm2_framing_095_V00_S0310_I00000374_P0417_f0002964,V00_S0310_I00000374_P0417,naturalistic/train/0007/0034/V00_S0310_I00000374_P0417,naturalistic/train/0007/0023/V00_S0310_I00000374_P0042,recheck_fm2_framing,recheck,naturalistic,2964,V00,naturalistic,train,ipc_conversation,shown in Round 3 as flagged_fm4_mutual_silence; re-judged under the Round-4 detectors,"{""clip_anchored_on_fm2_violation"": true, ""flag_count"": 1, ""flags_fired"": ""fm2_framing"", ""fm1_hip_flexion_deg_p50"": 148.70254503328664, ""fm1_knee_between_torso_p50"": 0.6329116516434317, ""fm1_leg_over_torso_p50"": 1.002086361472875, ""fm1_reasons"": """", ""fm1_shin_verticality_p50"": 0.9962405732028216, ""fm1_sitting_file"": false, ""fm1_sitting_participant"": false, ""fm1_unit"": ""0417@0310"", ""fm1_unit_basis"": ""none"", ""fm2_in_frame_and_valid_frac"": 0.9994252873563219, ""fm2_pass_frac_round3_joints_only"": 1.0, ""fm2_surface_correction_px_p50"": 42.0565560530971, ""fm2_vertex_worst_inset_min_px"": -3.03213546865436, ""fm2_violation_run_max_frames"": 1.0, ""fm2_violation_runs"": 3.0, ""fm2_windowed_pass_frac"": 1.0, ""fm3_static_frac"": 0.1735632183908046, ""observed_duration_s"": 174.0, ""round3_gallery_group"": ""flagged_fm4_mutual_silence"", ""unit_files"": 4.0, ""unit_flagged_frac"": 0.0, ""unit_hip_flexion_min"": 145.08962894053383, ""unit_knee_between_min"": 0.5456779592561491}",render
r4_096,recheck_fm2_framing_096_V00_S0331_I00000477_P0447_f0000269,V00_S0331_I00000477_P0447,naturalistic/train/0008/0005/V00_S0331_I00000477_P0447,naturalistic/train/0008/0026/V00_S0331_I00000477_P0193,recheck_fm2_framing,recheck,naturalistic,269,V00,naturalistic,train,ipc_conversation,shown in Round 3 as flagged_fm4_mutual_silence; re-judged under the Round-4 detectors,"{""clip_anchored_on_fm2_violation"": true, ""flag_count"": 1, ""flags_fired"": ""fm2_framing"", ""fm1_hip_flexion_deg_p50"": 150.30271652268834, ""fm1_knee_between_torso_p50"": 0.5502642185011877, ""fm1_leg_over_torso_p50"": 1.2413941548729093, ""fm1_reasons"": """", ""fm1_shin_verticality_p50"": 0.9996144246402601, ""fm1_sitting_file"": false, ""fm1_sitting_participant"": false, ""fm1_unit"": ""0447@0331"", ""fm1_unit_basis"": ""none"", ""fm2_in_frame_and_valid_frac"": 0.9983606557377049, ""fm2_pass_frac_round3_joints_only"": 1.0, ""fm2_surface_correction_px_p50"": 38.56210560303259, ""fm2_vertex_worst_inset_min_px"": 0.8315253337839295, ""fm2_violation_run_max_frames"": 4.0, ""fm2_violation_runs"": 2.0, ""fm2_windowed_pass_frac"": 1.0, ""fm3_static_frac"": 0.6177595628415301, ""observed_duration_s"": 122.0, ""round3_gallery_group"": ""flagged_fm4_mutual_silence"", ""unit_files"": 2.0, ""unit_flagged_frac"": 0.0, ""unit_hip_flexion_min"": 150.30271652268834, ""unit_knee_between_min"": 0.5502642185011877}",render
r4_098,recheck_fm2_framing_098_V00_S0842_I00000861_P0092_f0000815,V00_S0842_I00000861_P0092,improvised/train/0017/0047/V00_S0842_I00000861_P0092,improvised/train/0017/0027/V00_S0842_I00000861_P0185,recheck_fm2_framing,recheck,improvised,815,V00,improvised,train,ipc_conversation,shown in Round 3 as flagged_fm2_framing; re-judged under the Round-4 detectors,"{""clip_anchored_on_fm2_violation"": true, ""flag_count"": 1, ""flags_fired"": ""fm2_framing"", ""fm1_hip_flexion_deg_p50"": 156.0516396472517, ""fm1_knee_between_torso_p50"": 0.5988017170154911, ""fm1_leg_over_torso_p50"": 1.074219692343417, ""fm1_reasons"": """", ""fm1_shin_verticality_p50"": 0.9996144206527183, ""fm1_sitting_file"": false, ""fm1_sitting_participant"": false, ""fm1_unit"": ""0092@0842"", ""fm1_unit_basis"": ""none"", ""fm2_in_frame_and_valid_frac"": 0.9625827814569536, ""fm2_pass_frac_round3_joints_only"": 0.9634657836644591, ""fm2_surface_correction_px_p50"": 40.76381667679209, ""fm2_vertex_worst_inset_min_px"": -612.7490695626293, ""fm2_violation_run_max_frames"": 150.0, ""fm2_violation_runs"": 10.0, ""fm2_windowed_pass_frac"": 0.5, ""fm3_static_frac"": 0.001555728414268252, ""observed_duration_s"": 302.0, ""round3_gallery_group"": ""flagged_fm2_framing"", ""unit_files"": 2.0, ""unit_flagged_frac"": 0.0, ""unit_hip_flexion_min"": 156.0516396472517, ""unit_knee_between_min"": 0.577149863480681}",render
r4_099,recheck_fm2_framing_099_V00_S0880_I00000487_P0967_f0007254,V00_S0880_I00000487_P0967,naturalistic/train/0023/0020/V00_S0880_I00000487_P0967,naturalistic/train/0023/0019/V00_S0880_I00000487_P0658A,recheck_fm2_framing,recheck,naturalistic,7254,V00,naturalistic,train,ipc_conversation,shown in Round 3 as flagged_fm2_framing; re-judged under the Round-4 detectors,"{""clip_anchored_on_fm2_violation"": true, ""flag_count"": 1, ""flags_fired"": ""fm2_framing"", ""fm1_hip_flexion_deg_p50"": 158.24145876855866, ""fm1_knee_between_torso_p50"": 0.5576044950068321, ""fm1_leg_over_torso_p50"": 1.2599908698285907, ""fm1_reasons"": """", ""fm1_shin_verticality_p50"": 0.99875233363487, ""fm1_sitting_file"": false, ""fm1_sitting_participant"": false, ""fm1_unit"": ""0967@0880"", ""fm1_unit_basis"": ""none"", ""fm2_in_frame_and_valid_frac"": 0.9969806763285024, ""fm2_pass_frac_round3_joints_only"": 0.9984299516908213, ""fm2_surface_correction_px_p50"": 31.583728330822282, ""fm2_vertex_worst_inset_min_px"": -34.36898215361862, ""fm2_violation_run_max_frames"": 7.0, ""fm2_violation_runs"": 10.0, ""fm2_windowed_pass_frac"": 0.8888888888888888, ""fm3_static_frac"": 0.3033816425120773, ""observed_duration_s"": 276.0, ""round3_gallery_group"": ""flagged_fm2_framing"", ""unit_files"": 4.0, ""unit_flagged_frac"": 0.0, ""unit_hip_flexion_min"": 151.68930689620692, ""unit_knee_between_min"": 0.557351124445991}",render
r4_104,recheck_fm2_framing_104_V00_S0721_I00000956_P0359A_f0004416,V00_S0721_I00000956_P0359A,improvised/train/0014/0047/V00_S0721_I00000956_P0359A,improvised/train/0014/0054/V00_S0721_I00000956_P0196A,recheck_fm2_framing,recheck,improvised,4416,V00,improvised,train,ipc_conversation,shown in Round 3 as flagged_multi; re-judged under the Round-4 detectors,"{""clip_anchored_on_fm2_violation"": true, ""flag_count"": 1, ""flags_fired"": ""fm2_framing"", ""fm1_hip_flexion_deg_p50"": 147.16973795440015, ""fm1_knee_between_torso_p50"": 0.5692155022349971, ""fm1_leg_over_torso_p50"": 1.0571819609855375, ""fm1_reasons"": """", ""fm1_shin_verticality_p50"": 0.9994449113209893, ""fm1_sitting_file"": false, ""fm1_sitting_participant"": false, ""fm1_unit"": ""0359A@0721"", ""fm1_unit_basis"": ""none"", ""fm2_in_frame_and_valid_frac"": 0.6007670850767085, ""fm2_pass_frac_round3_joints_only"": 0.9875174337517434, ""fm2_surface_correction_px_p50"": 46.25633828854063, ""fm2_vertex_worst_inset_min_px"": -162.96344554611926, ""fm2_violation_run_max_frames"": 293.0, ""fm2_violation_runs"": 916.0, ""fm2_windowed_pass_frac"": 0.5333333333333333, ""fm3_static_frac"": 0.02705718270571827, ""observed_duration_s"": 478.0, ""round3_gallery_group"": ""flagged_multi"", ""unit_files"": 1.0, ""unit_flagged_frac"": 0.0, ""unit_hip_flexion_min"": 147.16973795440015, ""unit_knee_between_min"": 0.5692155022349971}",render
r4_107,recheck_fm2_framing_107_V00_S0091_I00000480_P0040A_f0000130,V00_S0091_I00000480_P0040A,improvised/train/0001/0015/V00_S0091_I00000480_P0040A,improvised/train/0001/0010/V00_S0091_I00000480_P0132,recheck_fm2_framing,recheck,improvised,130,V00,improvised,train,ipc_conversation,shown in Round 3 as pass_improvised; re-judged under the Round-4 detectors,"{""clip_anchored_on_fm2_violation"": true, ""flag_count"": 1, ""flags_fired"": ""fm2_framing"", ""fm1_hip_flexion_deg_p50"": 150.2171925203738, ""fm1_knee_between_torso_p50"": 0.5706166772041419, ""fm1_leg_over_torso_p50"": 1.1587452881831892, ""fm1_reasons"": """", ""fm1_shin_verticality_p50"": 0.9982743701575792, ""fm1_sitting_file"": false, ""fm1_sitting_participant"": false, ""fm1_unit"": ""0040A@0091"", ""fm1_unit_basis"": ""none"", ""fm2_in_frame_and_valid_frac"": 0.9993333333333333, ""fm2_pass_frac_round3_joints_only"": 1.0, ""fm2_surface_correction_px_p50"": 45.31101940336475, ""fm2_vertex_worst_inset_min_px"": 3.8281513038848516, ""fm2_violation_run_max_frames"": 4.0, ""fm2_violation_runs"": 1.0, ""fm2_windowed_pass_frac"": 1.0, ""fm3_static_frac"": 0.7096666666666667, ""observed_duration_s"": 200.0, ""round3_gallery_group"": ""pass_improvised"", ""unit_files"": 1.0, ""unit_flagged_frac"": 0.0, ""unit_hip_flexion_min"": 150.2171925203738, ""unit_knee_between_min"": 0.5706166772041419}",render
r4_108,recheck_fm2_framing_108_V00_S0285_I00000484_P0386_f0007981,V00_S0285_I00000484_P0386,naturalistic/train/0007/0013/V00_S0285_I00000484_P0386,naturalistic/train/0007/0015/V00_S0285_I00000484_P0387,recheck_fm2_framing,recheck,naturalistic,7981,V00,naturalistic,train,ipc_conversation,shown in Round 3 as flagged_multi; re-judged under the Round-4 detectors,"{""clip_anchored_on_fm2_violation"": true, ""flag_count"": 1, ""flags_fired"": ""fm2_framing"", ""fm1_hip_flexion_deg_p50"": 134.17260772245442, ""fm1_knee_between_torso_p50"": 0.5581875635617171, ""fm1_leg_over_torso_p50"": 1.127493136578722, ""fm1_reasons"": """", ""fm1_shin_verticality_p50"": 0.9982743716257492, ""fm1_sitting_file"": false, ""fm1_sitting_participant"": false, ""fm1_unit"": ""0386@0285"", ""fm1_unit_basis"": ""none"", ""fm2_in_frame_and_valid_frac"": 0.9966856060606061, ""fm2_pass_frac_round3_joints_only"": 0.9993371212121213, ""fm2_surface_correction_px_p50"": 48.64888583863808, ""fm2_vertex_worst_inset_min_px"": -28.971698133047084, ""fm2_violation_run_max_frames"": 8.0, ""fm2_violation_runs"": 24.0, ""fm2_windowed_pass_frac"": 0.9090909090909091, ""fm3_static_frac"": 0.4028409090909091, ""observed_duration_s"": 352.0, ""round3_gallery_group"": ""flagged_multi"", ""unit_files"": 4.0, ""unit_flagged_frac"": 0.0, ""unit_hip_flexion_min"": 130.30472419267667, ""unit_knee_between_min"": 0.544112171473281}",render
r4_109,recheck_fm2_framing_109_V00_S1517_I00000691_P0933A_f0005149,V00_S1517_I00000691_P0933A,improvised/train/0036/0039/V00_S1517_I00000691_P0933A,improvised/train/0036/0039/V00_S1517_I00000691_P0004A,recheck_fm2_framing,recheck,improvised,5149,V00,improvised,train,ipc_conversation,shown in Round 3 as flagged_fm2_framing; re-judged under the Round-4 detectors,"{""clip_anchored_on_fm2_violation"": true, ""flag_count"": 1, ""flags_fired"": ""fm2_framing"", ""fm1_hip_flexion_deg_p50"": 146.6833928315312, ""fm1_knee_between_torso_p50"": 0.5771644382989969, ""fm1_leg_over_torso_p50"": 1.1119866235212261, ""fm1_reasons"": """", ""fm1_shin_verticality_p50"": 0.9994449044288434, ""fm1_sitting_file"": false, ""fm1_sitting_participant"": false, ""fm1_unit"": ""0933A@1517"", ""fm1_unit_basis"": ""none"", ""fm2_in_frame_and_valid_frac"": 0.9929824561403509, ""fm2_pass_frac_round3_joints_only"": 0.9946271929824562, ""fm2_surface_correction_px_p50"": 36.68802949765916, ""fm2_vertex_worst_inset_min_px"": -59.46276675693673, ""fm2_violation_run_max_frames"": 30.0, ""fm2_violation_runs"": 7.0, ""fm2_windowed_pass_frac"": 0.6, ""fm3_static_frac"": 0.04078947368421053, ""observed_duration_s"": 304.0, ""round3_gallery_group"": ""flagged_fm2_framing"", ""unit_files"": 1.0, ""unit_flagged_frac"": 0.0, ""unit_hip_flexion_min"": 146.6833928315312, ""unit_knee_between_min"": 0.5771644382989969}",render
r4_110,recheck_fm2_framing_110_V00_S1597_I00000723_P0040A_f0004925,V00_S1597_I00000723_P0040A,improvised/train/0038/0064/V00_S1597_I00000723_P0040A,improvised/train/0038/0034/V00_S1597_I00000723_P1149A,recheck_fm2_framing,recheck,improvised,4925,V00,improvised,train,ipc_conversation,shown in Round 3 as pass_improvised; re-judged under the Round-4 detectors,"{""clip_anchored_on_fm2_violation"": true, ""flag_count"": 1, ""flags_fired"": ""fm2_framing"", ""fm1_hip_flexion_deg_p50"": 144.34918949174408, ""fm1_knee_between_torso_p50"": 0.5434834204213945, ""fm1_leg_over_torso_p50"": 1.2012588764998031, ""fm1_reasons"": """", ""fm1_shin_verticality_p50"": 0.9996144225257051, ""fm1_sitting_file"": false, ""fm1_sitting_participant"": false, ""fm1_unit"": ""0040A@1597"", ""fm1_unit_basis"": ""none"", ""fm2_in_frame_and_valid_frac"": 0.9954268292682927, ""fm2_pass_frac_round3_joints_only"": 1.0, ""fm2_surface_correction_px_p50"": 37.51199452908145, ""fm2_vertex_worst_inset_min_px"": 4.243124134400205, ""fm2_violation_run_max_frames"": 16.0, ""fm2_violation_runs"": 5.0, ""fm2_windowed_pass_frac"": 1.0, ""fm3_static_frac"": 0.4503048780487805, ""observed_duration_s"": 328.0, ""round3_gallery_group"": ""pass_improvised"", ""unit_files"": 3.0, ""unit_flagged_frac"": 0.0, ""unit_hip_flexion_min"": 144.34918949174408, ""unit_knee_between_min"": 0.5411558644934177}",render
r4_111,recheck_fm2_framing_111_V00_S1678_I00001055_P0989A_f0009995,V00_S1678_I00001055_P0989A,improvised/train/0041/0023/V00_S1678_I00001055_P0989A,improvised/train/0041/0024/V00_S1678_I00001055_P0789A,recheck_fm2_framing,recheck,improvised,9995,V00,improvised,train,ipc_conversation,shown in Round 3 as flagged_fm2_framing; re-judged under the Round-4 detectors,"{""clip_anchored_on_fm2_violation"": true, ""flag_count"": 1, ""flags_fired"": ""fm2_framing"", ""fm1_hip_flexion_deg_p50"": 167.49212754959711, ""fm1_knee_between_torso_p50"": 0.5568367888476311, ""fm1_leg_over_torso_p50"": 1.391457876560492, ""fm1_reasons"": """", ""fm1_shin_verticality_p50"": 0.998812347633572, ""fm1_sitting_file"": false, ""fm1_sitting_participant"": false, ""fm1_unit"": ""0989A@1678"", ""fm1_unit_basis"": ""none"", ""fm2_in_frame_and_valid_frac"": 0.9875, ""fm2_pass_frac_round3_joints_only"": 0.9881205673758865, ""fm2_surface_correction_px_p50"": 26.93778130933015, ""fm2_vertex_worst_inset_min_px"": -212.5996367507796, ""fm2_violation_run_max_frames"": 44.0, ""fm2_violation_runs"": 10.0, ""fm2_windowed_pass_frac"": 0.6666666666666666, ""fm3_static_frac"": 0.18776595744680852, ""observed_duration_s"": 376.0, ""round3_gallery_group"": ""flagged_fm2_framing"", ""unit_files"": 3.0, ""unit_flagged_frac"": 0.0, ""unit_hip_flexion_min"": 156.57994436222816, ""unit_knee_between_min"": 0.5568367888476311}",render
r4_113,recheck_fm2_framing_113_V00_S0532_I00000307_P0557_f0003185,V00_S0532_I00000307_P0557,naturalistic/train/0014/0029/V00_S0532_I00000307_P0557,naturalistic/train/0014/0004/V00_S0532_I00000307_P0679,recheck_fm2_framing,recheck,naturalistic,3185,V00,naturalistic,train,ipc_conversation,shown in Round 3 as flagged_fm2_framing; re-judged under the Round-4 detectors,"{""clip_anchored_on_fm2_violation"": true, ""flag_count"": 1, ""flags_fired"": ""fm2_framing"", ""fm1_hip_flexion_deg_p50"": 141.68369817850896, ""fm1_knee_between_torso_p50"": 0.5916730520598762, ""fm1_leg_over_torso_p50"": 1.0288194531499646, ""fm1_reasons"": """", ""fm1_shin_verticality_p50"": 0.9994801060406289, ""fm1_sitting_file"": false, ""fm1_sitting_participant"": false, ""fm1_unit"": ""0557@0532"", ""fm1_unit_basis"": ""none"", ""fm2_in_frame_and_valid_frac"": 0.9163333333333333, ""fm2_pass_frac_round3_joints_only"": 0.9458333333333333, ""fm2_surface_correction_px_p50"": 45.89277820422478, ""fm2_vertex_worst_inset_min_px"": -142.60388867253778, ""fm2_violation_run_max_frames"": 66.0, ""fm2_violation_runs"": 47.0, ""fm2_windowed_pass_frac"": 0.16666666666666666, ""fm3_static_frac"": 0.0003333333333333333, ""observed_duration_s"": 200.0, ""round3_gallery_group"": ""flagged_fm2_framing"", ""unit_files"": 2.0, ""unit_flagged_frac"": 0.0, ""unit_hip_flexion_min"": 137.39330612528946, ""unit_knee_between_min"": 0.5591518208129087}",render
r4_120,recheck_fm2_framing_120_V00_S1338_I00000704_P0388A_f0011100,V00_S1338_I00000704_P0388A,improvised/train/0030/0000/V00_S1338_I00000704_P0388A,improvised/train/0030/0022/V00_S1338_I00000704_P0241A,recheck_fm2_framing,recheck,improvised,11100,V00,improvised,train,ipc_conversation,shown in Round 3 as flagged_fm2_framing; re-judged under the Round-4 detectors,"{""clip_anchored_on_fm2_violation"": true, ""flag_count"": 1, ""flags_fired"": ""fm2_framing"", ""fm1_hip_flexion_deg_p50"": 148.9661438590513, ""fm1_knee_between_torso_p50"": 0.5328058994640508, ""fm1_leg_over_torso_p50"": 1.3871871008996157, ""fm1_reasons"": """", ""fm1_shin_verticality_p50"": 0.9973337235915657, ""fm1_sitting_file"": false, ""fm1_sitting_participant"": false, ""fm1_unit"": ""0388A@1338"", ""fm1_unit_basis"": ""none"", ""fm2_in_frame_and_valid_frac"": 0.9761666666666666, ""fm2_pass_frac_round3_joints_only"": 0.9774166666666667, ""fm2_surface_correction_px_p50"": 33.18100320725358, ""fm2_vertex_worst_inset_min_px"": -131.8984549950835, ""fm2_violation_run_max_frames"": 81.0, ""fm2_violation_runs"": 9.0, ""fm2_windowed_pass_frac"": 0.6923076923076923, ""fm3_static_frac"": 0.013833333333333333, ""observed_duration_s"": 400.0, ""round3_gallery_group"": ""flagged_fm2_framing"", ""unit_files"": 1.0, ""unit_flagged_frac"": 0.0, ""unit_hip_flexion_min"": 148.9661438590513, ""unit_knee_between_min"": 0.5328058994640508}",render
r4_122,recheck_fm2_framing_122_V00_S1761_I00000724_P1147A_f0003933,V00_S1761_I00000724_P1147A,improvised/train/0043/0021/V00_S1761_I00000724_P1147A,improvised/train/0043/0024/V00_S1761_I00000724_P1155A,recheck_fm2_framing,recheck,improvised,3933,V00,improvised,train,ipc_conversation,shown in Round 3 as flagged_fm1_sitting; re-judged under the Round-4 detectors,"{""clip_anchored_on_fm2_violation"": true, ""flag_count"": 1, ""flags_fired"": ""fm2_framing"", ""fm1_hip_flexion_deg_p50"": 123.89011347696109, ""fm1_knee_between_torso_p50"": 0.5723523508208547, ""fm1_leg_over_torso_p50"": 0.7634945510826314, ""fm1_reasons"": """", ""fm1_shin_verticality_p50"": 0.9986178254721378, ""fm1_sitting_file"": false, ""fm1_sitting_participant"": false, ""fm1_unit"": ""1147A@1761"", ""fm1_unit_basis"": ""none"", ""fm2_in_frame_and_valid_frac"": 0.765, ""fm2_pass_frac_round3_joints_only"": 0.77, ""fm2_surface_correction_px_p50"": 20.963361561215464, ""fm2_vertex_worst_inset_min_px"": -198.14998466899192, ""fm2_violation_run_max_frames"": 274.0, ""fm2_violation_runs"": 49.0, ""fm2_windowed_pass_frac"": 0.125, ""fm3_static_frac"": 0.015512820512820514, ""observed_duration_s"": 260.0, ""round3_gallery_group"": ""flagged_fm1_sitting"", ""unit_files"": 3.0, ""unit_flagged_frac"": 0.0, ""unit_hip_flexion_min"": 121.08486453737785, ""unit_knee_between_min"": 0.5504710086278346}",render
r4_125,recheck_fm2_framing_125_V00_S1803_I00000688_P0893A_f0000468,V00_S1803_I00000688_P0893A,improvised/train/0045/0049/V00_S1803_I00000688_P0893A,improvised/train/0045/0006/V00_S1803_I00000688_P1106A,recheck_fm2_framing,recheck,improvised,468,V00,improvised,train,grounded_gesture,shown in Round 3 as flagged_multi; re-judged under the Round-4 detectors,"{""clip_anchored_on_fm2_violation"": true, ""flag_count"": 1, ""flags_fired"": ""fm2_framing"", ""fm1_hip_flexion_deg_p50"": 159.46904741745573, ""fm1_knee_between_torso_p50"": 0.5836972495297335, ""fm1_leg_over_torso_p50"": 1.2831546635223305, ""fm1_reasons"": """", ""fm1_shin_verticality_p50"": 0.999653926005081, ""fm1_sitting_file"": false, ""fm1_sitting_participant"": false, ""fm1_unit"": ""0893A@1803"", ""fm1_unit_basis"": ""none"", ""fm2_in_frame_and_valid_frac"": 0.9847670250896058, ""fm2_pass_frac_round3_joints_only"": 0.9853046594982079, ""fm2_surface_correction_px_p50"": 41.718689184291975, ""fm2_vertex_worst_inset_min_px"": -80.12610394808871, ""fm2_violation_run_max_frames"": 84.0, ""fm2_violation_runs"": 2.0, ""fm2_windowed_pass_frac"": 0.6666666666666666, ""fm3_static_frac"": 0.03530465949820789, ""observed_duration_s"": 186.0, ""round3_gallery_group"": ""flagged_multi"", ""unit_files"": 2.0, ""unit_flagged_frac"": 0.0, ""unit_hip_flexion_min"": 159.46904741745573, ""unit_knee_between_min"": 0.5829374412999782}",render
r4_126,recheck_fm2_framing_126_V00_S1869_I00001095_P1154A_f0010440,V00_S1869_I00001095_P1154A,improvised/train/0046/0060/V00_S1869_I00001095_P1154A,improvised/train/0046/0028/V00_S1869_I00001095_P1155A,recheck_fm2_framing,recheck,improvised,10440,V00,improvised,train,ipc_conversation,shown in Round 3 as pass_improvised; re-judged under the Round-4 detectors,"{""clip_anchored_on_fm2_violation"": true, ""flag_count"": 1, ""flags_fired"": ""fm2_framing"", ""fm1_hip_flexion_deg_p50"": 133.2503301963155, ""fm1_knee_between_torso_p50"": 0.5483205354950607, ""fm1_leg_over_torso_p50"": 0.9865453864116822, ""fm1_reasons"": """", ""fm1_shin_verticality_p50"": 0.9994059896815239, ""fm1_sitting_file"": false, ""fm1_sitting_participant"": false, ""fm1_unit"": ""1154A@1869"", ""fm1_unit_basis"": ""none"", ""fm2_in_frame_and_valid_frac"": 0.9999118165784833, ""fm2_pass_frac_round3_joints_only"": 1.0, ""fm2_surface_correction_px_p50"": 42.972291362996884, ""fm2_vertex_worst_inset_min_px"": 15.342358316380682, ""fm2_violation_run_max_frames"": 1.0, ""fm2_violation_runs"": 1.0, ""fm2_windowed_pass_frac"": 1.0, ""fm3_static_frac"": 0.734920634920635, ""observed_duration_s"": 378.0, ""round3_gallery_group"": ""pass_improvised"", ""unit_files"": 2.0, ""unit_flagged_frac"": 0.0, ""unit_hip_flexion_min"": 133.2503301963155, ""unit_knee_between_min"": 0.5483205354950607}",render
r4_128,recheck_fm2_framing_128_V00_S0752_I00000913_P0241A_f0000000,V00_S0752_I00000913_P0241A,improvised/train/0014/0055/V00_S0752_I00000913_P0241A,improvised/train/0014/0025/V00_S0752_I00000913_P0229A,recheck_fm2_framing,recheck,improvised,0,V00,improvised,train,ipc_conversation,shown in Round 3 as pass_improvised; re-judged under the Round-4 detectors,"{""clip_anchored_on_fm2_violation"": true, ""flag_count"": 1, ""flags_fired"": ""fm2_framing"", ""fm1_hip_flexion_deg_p50"": 151.02749832543327, ""fm1_knee_between_torso_p50"": 0.5236523918964264, ""fm1_leg_over_torso_p50"": 1.537219368349231, ""fm1_reasons"": """", ""fm1_shin_verticality_p50"": 0.9996714298864084, ""fm1_sitting_file"": false, ""fm1_sitting_participant"": false, ""fm1_unit"": ""0241A@0752"", ""fm1_unit_basis"": ""none"", ""fm2_in_frame_and_valid_frac"": 0.9997835497835498, ""fm2_pass_frac_round3_joints_only"": 1.0, ""fm2_surface_correction_px_p50"": 36.86103779043634, ""fm2_vertex_worst_inset_min_px"": 3.7456242371681583, ""fm2_violation_run_max_frames"": 2.0, ""fm2_violation_runs"": 1.0, ""fm2_windowed_pass_frac"": 1.0, ""fm3_static_frac"": 0.15497835497835497, ""observed_duration_s"": 308.0, ""round3_gallery_group"": ""pass_improvised"", ""unit_files"": 1.0, ""unit_flagged_frac"": 0.0, ""unit_hip_flexion_min"": 151.02749832543327, ""unit_knee_between_min"": 0.5236523918964264}",render
r4_130,recheck_fm2_framing_130_V00_S1293_I00000401_P0752_f0001707,V00_S1293_I00000401_P0752,naturalistic/train/0026/0021/V00_S1293_I00000401_P0752,naturalistic/train/0026/0011/V00_S1293_I00000401_P1083,recheck_fm2_framing,recheck,naturalistic,1707,V00,naturalistic,train,ipc_conversation,shown in Round 3 as flagged_fm2_framing; re-judged under the Round-4 detectors,"{""clip_anchored_on_fm2_violation"": true, ""flag_count"": 1, ""flags_fired"": ""fm2_framing"", ""fm1_hip_flexion_deg_p50"": 154.4831934290813, ""fm1_knee_between_torso_p50"": 0.5233867642609733, ""fm1_leg_over_torso_p50"": 1.573803442803799, ""fm1_reasons"": """", ""fm1_shin_verticality_p50"": 0.9999999999999838, ""fm1_sitting_file"": false, ""fm1_sitting_participant"": false, ""fm1_unit"": ""0752@1293"", ""fm1_unit_basis"": ""none"", ""fm2_in_frame_and_valid_frac"": 0.9987730061349693, ""fm2_pass_frac_round3_joints_only"": 0.9995910020449897, ""fm2_surface_correction_px_p50"": 31.514153009965412, ""fm2_vertex_worst_inset_min_px"": -3.700110850878673, ""fm2_violation_run_max_frames"": 3.0, ""fm2_violation_runs"": 6.0, ""fm2_windowed_pass_frac"": 0.7, ""fm3_static_frac"": 0.004294478527607362, ""observed_duration_s"": 326.0, ""round3_gallery_group"": ""flagged_fm2_framing"", ""unit_files"": 2.0, ""unit_flagged_frac"": 0.0, ""unit_hip_flexion_min"": 154.41058141905285, ""unit_knee_between_min"": 0.5233867642609733}",render
r4_132,recheck_fm2_framing_132_V00_S0336_I00000131_P0451_f0002340,V00_S0336_I00000131_P0451,improvised/train/0007/0027/V00_S0336_I00000131_P0451,improvised/train/0007/0007/V00_S0336_I00000131_P0040A,recheck_fm2_framing,recheck,improvised,2340,V00,improvised,train,ipc_conversation,shown in Round 3 as pass_improvised; re-judged under the Round-4 detectors,"{""clip_anchored_on_fm2_violation"": true, ""flag_count"": 1, ""flags_fired"": ""fm2_framing"", ""fm1_hip_flexion_deg_p50"": 145.168822337169, ""fm1_knee_between_torso_p50"": 0.5978082711448442, ""fm1_leg_over_torso_p50"": 0.9991746077824946, ""fm1_reasons"": """", ""fm1_shin_verticality_p50"": 0.999405998160309, ""fm1_sitting_file"": false, ""fm1_sitting_participant"": false, ""fm1_unit"": ""0451@0336"", ""fm1_unit_basis"": ""none"", ""fm2_in_frame_and_valid_frac"": 0.9993827160493827, ""fm2_pass_frac_round3_joints_only"": 1.0, ""fm2_surface_correction_px_p50"": 42.92737799436361, ""fm2_vertex_worst_inset_min_px"": -2.6292685555154094, ""fm2_violation_run_max_frames"": 1.0, ""fm2_violation_runs"": 2.0, ""fm2_windowed_pass_frac"": 1.0, ""fm3_static_frac"": 0.20771604938271604, ""observed_duration_s"": 108.0, ""round3_gallery_group"": ""pass_improvised"", ""unit_files"": 1.0, ""unit_flagged_frac"": 0.0, ""unit_hip_flexion_min"": 145.168822337169, ""unit_knee_between_min"": 0.5978082711448442}",render
r4_133,recheck_fm2_framing_133_V00_S1765_I00001191_P1147A_f0008763,V00_S1765_I00001191_P1147A,improvised/train/0043/0043/V00_S1765_I00001191_P1147A,improvised/train/0043/0048/V00_S1765_I00001191_P1155A,recheck_fm2_framing,recheck,improvised,8763,V00,improvised,train,ipc_conversation,shown in Round 3 as flagged_fm1_sitting; re-judged under the Round-4 detectors,"{""clip_anchored_on_fm2_violation"": true, ""flag_count"": 1, ""flags_fired"": ""fm2_framing"", ""fm1_hip_flexion_deg_p50"": 126.96587272693023, ""fm1_knee_between_torso_p50"": 0.590258403870456, ""fm1_leg_over_torso_p50"": 0.7762427656341064, ""fm1_reasons"": """", ""fm1_shin_verticality_p50"": 0.9838699133160775, ""fm1_sitting_file"": false, ""fm1_sitting_participant"": false, ""fm1_unit"": ""1147A@1765"", ""fm1_unit_basis"": ""none"", ""fm2_in_frame_and_valid_frac"": 0.9541666666666667, ""fm2_pass_frac_round3_joints_only"": 0.9558531746031746, ""fm2_surface_correction_px_p50"": 16.54757205969429, ""fm2_vertex_worst_inset_min_px"": -104.94904664042406, ""fm2_violation_run_max_frames"": 117.0, ""fm2_violation_runs"": 31.0, ""fm2_windowed_pass_frac"": 0.18181818181818182, ""fm3_static_frac"": 0.0248015873015873, ""observed_duration_s"": 336.0, ""round3_gallery_group"": ""flagged_fm1_sitting"", ""unit_files"": 1.0, ""unit_flagged_frac"": 0.0, ""unit_hip_flexion_min"": 126.96587272693023, ""unit_knee_between_min"": 0.590258403870456}",render
r4_134,recheck_fm2_framing_134_V00_S0147_I00000135_P0209_f0000291,V00_S0147_I00000135_P0209,naturalistic/train/0003/0011/V00_S0147_I00000135_P0209,naturalistic/train/0003/0008/V00_S0147_I00000135_P0070,recheck_fm2_framing,recheck,naturalistic,291,V00,naturalistic,train,collaborative_storytelling,shown in Round 3 as flagged_fm2_framing; re-judged under the Round-4 detectors,"{""clip_anchored_on_fm2_violation"": true, ""flag_count"": 1, ""flags_fired"": ""fm2_framing"", ""fm1_hip_flexion_deg_p50"": 152.18371768103125, ""fm1_knee_between_torso_p50"": 0.6209211116592424, ""fm1_leg_over_torso_p50"": 1.1189990455886538, ""fm1_reasons"": """", ""fm1_shin_verticality_p50"": 0.926092300627259, ""fm1_sitting_file"": false, ""fm1_sitting_participant"": false, ""fm1_unit"": ""0209@0147"", ""fm1_unit_basis"": ""none"", ""fm2_in_frame_and_valid_frac"": 0.9743333333333334, ""fm2_pass_frac_round3_joints_only"": 0.988, ""fm2_surface_correction_px_p50"": 51.629840605369054, ""fm2_vertex_worst_inset_min_px"": -71.53876290070843, ""fm2_violation_run_max_frames"": 19.0, ""fm2_violation_runs"": 12.0, ""fm2_windowed_pass_frac"": 0.3333333333333333, ""fm3_static_frac"": 0.6393333333333333, ""observed_duration_s"": 100.0, ""round3_gallery_group"": ""flagged_fm2_framing"", ""unit_files"": 3.0, ""unit_flagged_frac"": 0.0, ""unit_hip_flexion_min"": 152.18371768103125, ""unit_knee_between_min"": 0.6209211116592424}",render
r4_136,recheck_fm2_framing_136_V00_S1724_I00001133_P1147A_f0002803,V00_S1724_I00001133_P1147A,improvised/train/0042/0053/V00_S1724_I00001133_P1147A,improvised/train/0042/0039/V00_S1724_I00001133_P1155A,recheck_fm2_framing,recheck,improvised,2803,V00,improvised,train,ipc_conversation,shown in Round 3 as flagged_fm1_sitting; re-judged under the Round-4 detectors,"{""clip_anchored_on_fm2_violation"": true, ""flag_count"": 1, ""flags_fired"": ""fm2_framing"", ""fm1_hip_flexion_deg_p50"": 130.83901957937428, ""fm1_knee_between_torso_p50"": 0.5757257809575753, ""fm1_leg_over_torso_p50"": 0.822635922826911, ""fm1_reasons"": """", ""fm1_shin_verticality_p50"": 0.9965457631717528, ""fm1_sitting_file"": false, ""fm1_sitting_participant"": false, ""fm1_unit"": ""1147A@1724"", ""fm1_unit_basis"": ""none"", ""fm2_in_frame_and_valid_frac"": 0.9430799220272904, ""fm2_pass_frac_round3_joints_only"": 0.9478557504873294, ""fm2_surface_correction_px_p50"": 27.16179023867784, ""fm2_vertex_worst_inset_min_px"": -129.1694181045018, ""fm2_violation_run_max_frames"": 88.0, ""fm2_violation_runs"": 47.0, ""fm2_windowed_pass_frac"": 0.09090909090909091, ""fm3_static_frac"": 0.008674463937621833, ""observed_duration_s"": 342.0, ""round3_gallery_group"": ""flagged_fm1_sitting"", ""unit_files"": 1.0, ""unit_flagged_frac"": 0.0, ""unit_hip_flexion_min"": 130.83901957937428, ""unit_knee_between_min"": 0.5757257809575753}",render
r4_137,recheck_fm2_framing_137_V00_S0067_I00000373_P0101_f0001983,V00_S0067_I00000373_P0101,naturalistic/train/0001/0036/V00_S0067_I00000373_P0101,naturalistic/train/0001/0026/V00_S0067_I00000373_P0073,recheck_fm2_framing,recheck,naturalistic,1983,V00,naturalistic,train,ipc_conversation,shown in Round 3 as pass_naturalistic; re-judged under the Round-4 detectors,"{""clip_anchored_on_fm2_violation"": true, ""flag_count"": 1, ""flags_fired"": ""fm2_framing"", ""fm1_hip_flexion_deg_p50"": 153.30722921020006, ""fm1_knee_between_torso_p50"": 0.5450734086440416, ""fm1_leg_over_torso_p50"": 1.3933150560999912, ""fm1_reasons"": """", ""fm1_shin_verticality_p50"": 0.9983713408104504, ""fm1_sitting_file"": false, ""fm1_sitting_participant"": false, ""fm1_unit"": ""0101@0067"", ""fm1_unit_basis"": ""none"", ""fm2_in_frame_and_valid_frac"": 0.9951977401129943, ""fm2_pass_frac_round3_joints_only"": 1.0, ""fm2_surface_correction_px_p50"": 30.88321932083511, ""fm2_vertex_worst_inset_min_px"": 3.7484477054740637, ""fm2_violation_run_max_frames"": 7.0, ""fm2_violation_runs"": 5.0, ""fm2_windowed_pass_frac"": 1.0, ""fm3_static_frac"": 0.03672316384180791, ""observed_duration_s"": 118.0, ""round3_gallery_group"": ""pass_naturalistic"", ""unit_files"": 2.0, ""unit_flagged_frac"": 0.0, ""unit_hip_flexion_min"": 151.85655079501237, ""unit_knee_between_min"": 0.5438277592256326}",render
r4_139,recheck_fm2_framing_139_V00_S0851_I00000482_P0972_f0002859,V00_S0851_I00000482_P0972,naturalistic/train/0023/0039/V00_S0851_I00000482_P0972,naturalistic/train/0023/0026/V00_S0851_I00000482_P0971,recheck_fm2_framing,recheck,naturalistic,2859,V00,naturalistic,train,ipc_conversation,shown in Round 3 as pass_naturalistic; re-judged under the Round-4 detectors,"{""clip_anchored_on_fm2_violation"": true, ""flag_count"": 1, ""flags_fired"": ""fm2_framing"", ""fm1_hip_flexion_deg_p50"": 139.82920208049416, ""fm1_knee_between_torso_p50"": 0.6103487662791599, ""fm1_leg_over_torso_p50"": 0.9551718409292989, ""fm1_reasons"": """", ""fm1_shin_verticality_p50"": 0.9992611750555862, ""fm1_sitting_file"": false, ""fm1_sitting_participant"": false, ""fm1_unit"": ""0972@0851"", ""fm1_unit_basis"": ""none"", ""fm2_in_frame_and_valid_frac"": 0.9995934959349594, ""fm2_pass_frac_round3_joints_only"": 1.0, ""fm2_surface_correction_px_p50"": 46.47970075233002, ""fm2_vertex_worst_inset_min_px"": -1.0971086747731533, ""fm2_violation_run_max_frames"": 2.0, ""fm2_violation_runs"": 1.0, ""fm2_windowed_pass_frac"": 1.0, ""fm3_static_frac"": 0.003048780487804878, ""observed_duration_s"": 164.0, ""round3_gallery_group"": ""pass_naturalistic"", ""unit_files"": 3.0, ""unit_flagged_frac"": 0.0, ""unit_hip_flexion_min"": 135.93288962341197, ""unit_knee_between_min"": 0.6061217337043838}",render
r4_143,recheck_fm2_framing_143_V00_S0665_I00000132_P0300_f0005011,V00_S0665_I00000132_P0300,naturalistic/train/0019/0025/V00_S0665_I00000132_P0300,naturalistic/train/0019/0023/V00_S0665_I00000132_P0424,recheck_fm2_framing,recheck,naturalistic,5011,V00,naturalistic,train,ipc_conversation,shown in Round 3 as flagged_fm2_framing; re-judged under the Round-4 detectors,"{""clip_anchored_on_fm2_violation"": true, ""flag_count"": 1, ""flags_fired"": ""fm2_framing"", ""fm1_hip_flexion_deg_p50"": 158.8192990873274, ""fm1_knee_between_torso_p50"": 0.5907318375449685, ""fm1_leg_over_torso_p50"": 1.2361448920690374, ""fm1_reasons"": """", ""fm1_shin_verticality_p50"": 0.9982743664336952, ""fm1_sitting_file"": false, ""fm1_sitting_participant"": false, ""fm1_unit"": ""0300@0665"", ""fm1_unit_basis"": ""none"", ""fm2_in_frame_and_valid_frac"": 0.9936011904761904, ""fm2_pass_frac_round3_joints_only"": 0.9953869047619047, ""fm2_surface_correction_px_p50"": 38.49468970934004, ""fm2_vertex_worst_inset_min_px"": -42.87131105546143, ""fm2_violation_run_max_frames"": 20.0, ""fm2_violation_runs"": 9.0, ""fm2_windowed_pass_frac"": 0.5714285714285714, ""fm3_static_frac"": 0.21964285714285714, ""observed_duration_s"": 224.0, ""round3_gallery_group"": ""flagged_fm2_framing"", ""unit_files"": 1.0, ""unit_flagged_frac"": 0.0, ""unit_hip_flexion_min"": 158.8192990873274, ""unit_knee_between_min"": 0.5907318375449685}",render
r4_147,recheck_fm2_framing_147_V00_S0147_I00000504_P0070_f0000575,V00_S0147_I00000504_P0070,naturalistic/train/0003/0034/V00_S0147_I00000504_P0070,naturalistic/train/0003/0027/V00_S0147_I00000504_P0209,recheck_fm2_framing,recheck,naturalistic,575,V00,naturalistic,train,ipc_conversation,shown in Round 3 as pass_naturalistic; re-judged under the Round-4 detectors,"{""clip_anchored_on_fm2_violation"": true, ""flag_count"": 1, ""flags_fired"": ""fm2_framing"", ""fm1_hip_flexion_deg_p50"": 144.58327569606615, ""fm1_knee_between_torso_p50"": 0.5532613526431176, ""fm1_leg_over_torso_p50"": 1.2078662351650093, ""fm1_reasons"": """", ""fm1_shin_verticality_p50"": 0.9982743724039469, ""fm1_sitting_file"": false, ""fm1_sitting_participant"": false, ""fm1_unit"": ""0070@0147"", ""fm1_unit_basis"": ""none"", ""fm2_in_frame_and_valid_frac"": 0.998062015503876, ""fm2_pass_frac_round3_joints_only"": 1.0, ""fm2_surface_correction_px_p50"": 44.58804865841023, ""fm2_vertex_worst_inset_min_px"": 7.072956586212285, ""fm2_violation_run_max_frames"": 5.0, ""fm2_violation_runs"": 1.0, ""fm2_windowed_pass_frac"": 1.0, ""fm3_static_frac"": 0.7232558139534884, ""observed_duration_s"": 86.0, ""round3_gallery_group"": ""pass_naturalistic"", ""unit_files"": 3.0, ""unit_flagged_frac"": 0.0, ""unit_hip_flexion_min"": 139.00122018710948, ""unit_knee_between_min"": 0.5472410133203769}",render
r4_153,recheck_fm2_framing_153_V00_S1564_I00001111_P1099A_f0010699,V00_S1564_I00001111_P1099A,improvised/train/0037/0032/V00_S1564_I00001111_P1099A,improvised/train/0037/0025/V00_S1564_I00001111_P0041A,recheck_fm2_framing,recheck,improvised,10699,V00,improvised,train,ipc_conversation,shown in Round 3 as flagged_fm1_sitting; re-judged under the Round-4 detectors,"{""clip_anchored_on_fm2_violation"": true, ""flag_count"": 1, ""flags_fired"": ""fm2_framing"", ""fm1_hip_flexion_deg_p50"": 123.49189788341627, ""fm1_knee_between_torso_p50"": 0.5387243535070905, ""fm1_leg_over_torso_p50"": 0.7986854899700341, ""fm1_reasons"": """", ""fm1_shin_verticality_p50"": 0.9916004348401402, ""fm1_sitting_file"": false, ""fm1_sitting_participant"": false, ""fm1_unit"": ""1099A@1564"", ""fm1_unit_basis"": ""none"", ""fm2_in_frame_and_valid_frac"": 0.9716076696165191, ""fm2_pass_frac_round3_joints_only"": 0.9763274336283185, ""fm2_surface_correction_px_p50"": 35.343342892212064, ""fm2_vertex_worst_inset_min_px"": -208.14667818741532, ""fm2_violation_run_max_frames"": 174.0, ""fm2_violation_runs"": 13.0, ""fm2_windowed_pass_frac"": 0.6, ""fm3_static_frac"": 0.05103244837758112, ""observed_duration_s"": 452.0, ""round3_gallery_group"": ""flagged_fm1_sitting"", ""unit_files"": 1.0, ""unit_flagged_frac"": 0.0, ""unit_hip_flexion_min"": 123.49189788341627, ""unit_knee_between_min"": 0.5387243535070905}",render
r4_160,recheck_fm2_framing_160_V00_S1959_I00000250_P1228_f0002515,V00_S1959_I00000250_P1228,naturalistic/train/0032/0017/V00_S1959_I00000250_P1228,naturalistic/train/0032/0029/V00_S1959_I00000250_P0984,recheck_fm2_framing,recheck,naturalistic,2515,V00,naturalistic,train,ipc_conversation,shown in Round 3 as flagged_fm2_framing; re-judged under the Round-4 detectors,"{""clip_anchored_on_fm2_violation"": true, ""flag_count"": 1, ""flags_fired"": ""fm2_framing"", ""fm1_hip_flexion_deg_p50"": 132.20360939907354, ""fm1_knee_between_torso_p50"": 0.519477946277745, ""fm1_leg_over_torso_p50"": 1.0984187773750822, ""fm1_reasons"": """", ""fm1_shin_verticality_p50"": 0.992277908923154, ""fm1_sitting_file"": false, ""fm1_sitting_participant"": false, ""fm1_unit"": ""1228@1959"", ""fm1_unit_basis"": ""none"", ""fm2_in_frame_and_valid_frac"": 0.9992753623188406, ""fm2_pass_frac_round3_joints_only"": 0.9995169082125603, ""fm2_surface_correction_px_p50"": 40.98015393980711, ""fm2_vertex_worst_inset_min_px"": -6.352885533596577, ""fm2_violation_run_max_frames"": 3.0, ""fm2_violation_runs"": 1.0, ""fm2_windowed_pass_frac"": 0.75, ""fm3_static_frac"": 0.18985507246376812, ""observed_duration_s"": 138.0, ""round3_gallery_group"": ""flagged_fm2_framing"", ""unit_files"": 4.0, ""unit_flagged_frac"": 0.0, ""unit_hip_flexion_min"": 125.22852947864604, ""unit_knee_between_min"": 0.49944864867230215}",render
r4_162,recheck_fm2_framing_162_V00_S0385_I00000371_P0510_f0005700,V00_S0385_I00000371_P0510,naturalistic/train/0010/0028/V00_S0385_I00000371_P0510,naturalistic/train/0010/0043/V00_S0385_I00000371_P0119,recheck_fm2_framing,recheck,naturalistic,5700,V00,naturalistic,train,ipc_conversation,shown in Round 3 as pass_naturalistic; re-judged under the Round-4 detectors,"{""clip_anchored_on_fm2_violation"": true, ""flag_count"": 1, ""flags_fired"": ""fm2_framing"", ""fm1_hip_flexion_deg_p50"": 120.89849463636952, ""fm1_knee_between_torso_p50"": 0.4833749466511462, ""fm1_leg_over_torso_p50"": 1.0164921507850502, ""fm1_reasons"": """", ""fm1_shin_verticality_p50"": 0.9994449000839116, ""fm1_sitting_file"": false, ""fm1_sitting_participant"": false, ""fm1_unit"": ""0510@0385"", ""fm1_unit_basis"": ""none"", ""fm2_in_frame_and_valid_frac"": 0.9998575498575498, ""fm2_pass_frac_round3_joints_only"": 1.0, ""fm2_surface_correction_px_p50"": 49.93707430482846, ""fm2_vertex_worst_inset_min_px"": 30.278714970195722, ""fm2_violation_run_max_frames"": 1.0, ""fm2_violation_runs"": 1.0, ""fm2_windowed_pass_frac"": 1.0, ""fm3_static_frac"": 0.6914529914529914, ""observed_duration_s"": 234.0, ""round3_gallery_group"": ""pass_naturalistic"", ""unit_files"": 1.0, ""unit_flagged_frac"": 0.0, ""unit_hip_flexion_min"": 120.89849463636952, ""unit_knee_between_min"": 0.4833749466511462}",render
r4_165,recheck_fm2_framing_165_V00_S0786_I00000535_P0806_f0004260,V00_S0786_I00000535_P0806,improvised/train/0015/0009/V00_S0786_I00000535_P0806,improvised/train/0015/0028/V00_S0786_I00000535_P0920A,recheck_fm2_framing,recheck,improvised,4260,V00,improvised,train,ipc_conversation,shown in Round 3 as pass_improvised; re-judged under the Round-4 detectors,"{""clip_anchored_on_fm2_violation"": true, ""flag_count"": 1, ""flags_fired"": ""fm2_framing"", ""fm1_hip_flexion_deg_p50"": 146.6012351244388, ""fm1_knee_between_torso_p50"": 0.5170352397337243, ""fm1_leg_over_torso_p50"": 1.5457306815358764, ""fm1_reasons"": """", ""fm1_shin_verticality_p50"": 0.9996714331726191, ""fm1_sitting_file"": false, ""fm1_sitting_participant"": false, ""fm1_unit"": ""0806@0786"", ""fm1_unit_basis"": ""none"", ""fm2_in_frame_and_valid_frac"": 0.9998062015503876, ""fm2_pass_frac_round3_joints_only"": 1.0, ""fm2_surface_correction_px_p50"": 38.69181845606465, ""fm2_vertex_worst_inset_min_px"": 16.685734552444956, ""fm2_violation_run_max_frames"": 1.0, ""fm2_violation_runs"": 1.0, ""fm2_windowed_pass_frac"": 1.0, ""fm3_static_frac"": 0.5327519379844962, ""observed_duration_s"": 172.0, ""round3_gallery_group"": ""pass_improvised"", ""unit_files"": 1.0, ""unit_flagged_frac"": 0.0, ""unit_hip_flexion_min"": 146.6012351244388, ""unit_knee_between_min"": 0.5170352397337243}",render
r4_168,recheck_fm2_framing_168_V00_S1531_I00001211_P1149A_f0005580,V00_S1531_I00001211_P1149A,improvised/train/0036/0058/V00_S1531_I00001211_P1149A,improvised/train/0036/0039/V00_S1531_I00001211_P0059A,recheck_fm2_framing,recheck,improvised,5580,V00,improvised,train,ipc_conversation,shown in Round 3 as flagged_multi; re-judged under the Round-4 detectors,"{""clip_anchored_on_fm2_violation"": true, ""flag_count"": 1, ""flags_fired"": ""fm2_framing"", ""fm1_hip_flexion_deg_p50"": 136.94472975246012, ""fm1_knee_between_torso_p50"": 0.5753347217629924, ""fm1_leg_over_torso_p50"": 0.976437803744209, ""fm1_reasons"": """", ""fm1_shin_verticality_p50"": 0.9943091771007051, ""fm1_sitting_file"": false, ""fm1_sitting_participant"": false, ""fm1_unit"": ""1149A@1531"", ""fm1_unit_basis"": ""none"", ""fm2_in_frame_and_valid_frac"": 0.9529320987654321, ""fm2_pass_frac_round3_joints_only"": 0.9631172839506172, ""fm2_surface_correction_px_p50"": 39.864970219249585, ""fm2_vertex_worst_inset_min_px"": -211.68057956309588, ""fm2_violation_run_max_frames"": 82.0, ""fm2_violation_runs"": 19.0, ""fm2_windowed_pass_frac"": 0.42857142857142855, ""fm3_static_frac"": 0.01712962962962963, ""observed_duration_s"": 216.0, ""round3_gallery_group"": ""flagged_multi"", ""unit_files"": 1.0, ""unit_flagged_frac"": 0.0, ""unit_hip_flexion_min"": 136.94472975246012, ""unit_knee_between_min"": 0.5753347217629924}",render
r4_171,recheck_fm2_framing_171_V00_S1532_I00001037_P1099A_f0007800,V00_S1532_I00001037_P1099A,improvised/train/0036/0000/V00_S1532_I00001037_P1099A,improvised/train/0036/0056/V00_S1532_I00001037_P0041A,recheck_fm2_framing,recheck,improvised,7800,V00,improvised,train,ipc_conversation,shown in Round 3 as flagged_fm1_sitting; re-judged under the Round-4 detectors,"{""clip_anchored_on_fm2_violation"": true, ""flag_count"": 1, ""flags_fired"": ""fm2_framing"", ""fm1_hip_flexion_deg_p50"": 120.30843303304837, ""fm1_knee_between_torso_p50"": 0.5088508046578132, ""fm1_leg_over_torso_p50"": 0.8409092263935611, ""fm1_reasons"": """", ""fm1_shin_verticality_p50"": 0.9965457681295471, ""fm1_sitting_file"": false, ""fm1_sitting_participant"": false, ""fm1_unit"": ""1099A@1532"", ""fm1_unit_basis"": ""none"", ""fm2_in_frame_and_valid_frac"": 0.9042528735632184, ""fm2_pass_frac_round3_joints_only"": 0.9158620689655173, ""fm2_surface_correction_px_p50"": 34.56025807145272, ""fm2_vertex_worst_inset_min_px"": -347.45906493732207, ""fm2_violation_run_max_frames"": 231.0, ""fm2_violation_runs"": 36.0, ""fm2_windowed_pass_frac"": 0.2222222222222222, ""fm3_static_frac"": 0.020804597701149424, ""observed_duration_s"": 290.0, ""round3_gallery_group"": ""flagged_fm1_sitting"", ""unit_files"": 1.0, ""unit_flagged_frac"": 0.0, ""unit_hip_flexion_min"": 120.30843303304837, ""unit_knee_between_min"": 0.5088508046578132}",render
r4_173,recheck_fm2_framing_173_V00_S1880_I00001019_P1147A_f0007916,V00_S1880_I00001019_P1147A,improvised/train/0046/0058/V00_S1880_I00001019_P1147A,improvised/train/0046/0057/V00_S1880_I00001019_P1106A,recheck_fm2_framing,recheck,improvised,7916,V00,improvised,train,ipc_conversation,shown in Round 3 as flagged_fm1_sitting; re-judged under the Round-4 detectors,"{""clip_anchored_on_fm2_violation"": true, ""flag_count"": 1, ""flags_fired"": ""fm2_framing"", ""fm1_hip_flexion_deg_p50"": 130.74547638492632, ""fm1_knee_between_torso_p50"": 0.5795757629418945, ""fm1_leg_over_torso_p50"": 0.8290640703738181, ""fm1_reasons"": """", ""fm1_shin_verticality_p50"": 0.9991330767482812, ""fm1_sitting_file"": false, ""fm1_sitting_participant"": false, ""fm1_unit"": ""1147A@1880"", ""fm1_unit_basis"": ""none"", ""fm2_in_frame_and_valid_frac"": 0.8718120805369127, ""fm2_pass_frac_round3_joints_only"": 0.8914988814317674, ""fm2_surface_correction_px_p50"": 9.557716655913737, ""fm2_vertex_worst_inset_min_px"": -235.67269027332281, ""fm2_violation_run_max_frames"": 265.0, ""fm2_violation_runs"": 55.0, ""fm2_windowed_pass_frac"": 0.0, ""fm3_static_frac"": 0.00492665994849401, ""observed_duration_s"": 298.0, ""round3_gallery_group"": ""flagged_fm1_sitting"", ""unit_files"": 1.0, ""unit_flagged_frac"": 0.0, ""unit_hip_flexion_min"": 130.74547638492632, ""unit_knee_between_min"": 0.5795757629418945}",render
r4_177,recheck_fm2_framing_177_V00_S1303_I00001204_P0682A_f0011640,V00_S1303_I00001204_P0682A,improvised/train/0029/0009/V00_S1303_I00001204_P0682A,improvised/train/0029/0006/V00_S1303_I00001204_P0241A,recheck_fm2_framing,recheck,improvised,11640,V00,improvised,train,ipc_conversation,shown in Round 3 as flagged_multi; re-judged under the Round-4 detectors,"{""clip_anchored_on_fm2_violation"": true, ""flag_count"": 1, ""flags_fired"": ""fm2_framing"", ""fm1_hip_flexion_deg_p50"": 153.75660853480258, ""fm1_knee_between_torso_p50"": 0.5352454759805662, ""fm1_leg_over_torso_p50"": 1.482873745431089, ""fm1_reasons"": """", ""fm1_shin_verticality_p50"": 0.998752345195163, ""fm1_sitting_file"": false, ""fm1_sitting_participant"": false, ""fm1_unit"": ""0682A@1303"", ""fm1_unit_basis"": ""none"", ""fm2_in_frame_and_valid_frac"": 0.966267942583732, ""fm2_pass_frac_round3_joints_only"": 0.9666666666666667, ""fm2_surface_correction_px_p50"": 34.73798204491834, ""fm2_vertex_worst_inset_min_px"": -301.87611459207017, ""fm2_violation_run_max_frames"": 315.0, ""fm2_violation_runs"": 9.0, ""fm2_windowed_pass_frac"": 0.9230769230769231, ""fm3_static_frac"": 0.2160992734100743, ""observed_duration_s"": 418.0, ""round3_gallery_group"": ""flagged_multi"", ""unit_files"": 1.0, ""unit_flagged_frac"": 0.0, ""unit_hip_flexion_min"": 153.75660853480258, ""unit_knee_between_min"": 0.5352454759805662}",render
r4_178,recheck_fm2_framing_178_V00_S1351_I00000635_P0180A_f0006502,V00_S1351_I00000635_P0180A,improvised/train/0031/0024/V00_S1351_I00000635_P0180A,improvised/train/0031/0017/V00_S1351_I00000635_P0323A,recheck_fm2_framing,recheck,improvised,6502,V00,improvised,train,ipc_conversation,shown in Round 3 as pass_improvised; re-judged under the Round-4 detectors,"{""clip_anchored_on_fm2_violation"": true, ""flag_count"": 1, ""flags_fired"": ""fm2_framing"", ""fm1_hip_flexion_deg_p50"": 140.3204069937055, ""fm1_knee_between_torso_p50"": 0.5418612217609411, ""fm1_leg_over_torso_p50"": 1.0884225944630948, ""fm1_reasons"": """", ""fm1_shin_verticality_p50"": 0.9854601504093765, ""fm1_sitting_file"": false, ""fm1_sitting_participant"": false, ""fm1_unit"": ""0180A@1351"", ""fm1_unit_basis"": ""none"", ""fm2_in_frame_and_valid_frac"": 0.9980815347721822, ""fm2_pass_frac_round3_joints_only"": 1.0, ""fm2_surface_correction_px_p50"": 38.91548815385613, ""fm2_vertex_worst_inset_min_px"": -0.840139341783015, ""fm2_violation_run_max_frames"": 16.0, ""fm2_violation_runs"": 1.0, ""fm2_windowed_pass_frac"": 1.0, ""fm3_static_frac"": 0.06366906474820144, ""observed_duration_s"": 278.0, ""round3_gallery_group"": ""pass_improvised"", ""unit_files"": 1.0, ""unit_flagged_frac"": 0.0, ""unit_hip_flexion_min"": 140.3204069937055, ""unit_knee_between_min"": 0.5418612217609411}",render
r4_182,recheck_fm2_framing_182_V00_S0176_I00000126_P0119_f0002740,V00_S0176_I00000126_P0119,naturalistic/train/0003/0008/V00_S0176_I00000126_P0119,naturalistic/train/0003/0023/V00_S0176_I00000126_P0242,recheck_fm2_framing,recheck,naturalistic,2740,V00,naturalistic,train,ipc_conversation,shown in Round 3 as flagged_multi; re-judged under the Round-4 detectors,"{""clip_anchored_on_fm2_violation"": true, ""flag_count"": 1, ""flags_fired"": ""fm2_framing"", ""fm1_hip_flexion_deg_p50"": 138.01495803702818, ""fm1_knee_between_torso_p50"": 0.5814198753246443, ""fm1_leg_over_torso_p50"": 1.0040195196847135, ""fm1_reasons"": """", ""fm1_shin_verticality_p50"": 0.9950371757674241, ""fm1_sitting_file"": false, ""fm1_sitting_participant"": false, ""fm1_unit"": ""0119@0176"", ""fm1_unit_basis"": ""none"", ""fm2_in_frame_and_valid_frac"": 0.9560416666666667, ""fm2_pass_frac_round3_joints_only"": 0.9658333333333333, ""fm2_surface_correction_px_p50"": 46.331301928096536, ""fm2_vertex_worst_inset_min_px"": -141.15643358838997, ""fm2_violation_run_max_frames"": 180.0, ""fm2_violation_runs"": 4.0, ""fm2_windowed_pass_frac"": 0.8, ""fm3_static_frac"": 0.440625, ""observed_duration_s"": 160.0, ""round3_gallery_group"": ""flagged_multi"", ""unit_files"": 3.0, ""unit_flagged_frac"": 0.0, ""unit_hip_flexion_min"": 124.8123426275672, ""unit_knee_between_min"": 0.5315226232380633}",render
r4_183,recheck_fm2_framing_183_V00_S0318_I00000488_P0089_f0002510,V00_S0318_I00000488_P0089,naturalistic/train/0008/0013/V00_S0318_I00000488_P0089,naturalistic/train/0008/0007/V00_S0318_I00000488_P0430,recheck_fm2_framing,recheck,naturalistic,2510,V00,naturalistic,train,ipc_conversation,shown in Round 3 as flagged_multi; re-judged under the Round-4 detectors,"{""clip_anchored_on_fm2_violation"": true, ""flag_count"": 1, ""flags_fired"": ""fm2_framing"", ""fm1_hip_flexion_deg_p50"": 147.6063453745292, ""fm1_knee_between_torso_p50"": 0.5475648153908683, ""fm1_leg_over_torso_p50"": 1.2263535002741124, ""fm1_reasons"": """", ""fm1_shin_verticality_p50"": 0.992277890399392, ""fm1_sitting_file"": false, ""fm1_sitting_participant"": false, ""fm1_unit"": ""0089@0318"", ""fm1_unit_basis"": ""none"", ""fm2_in_frame_and_valid_frac"": 0.9904255319148936, ""fm2_pass_frac_round3_joints_only"": 0.999113475177305, ""fm2_surface_correction_px_p50"": 43.59990534296958, ""fm2_vertex_worst_inset_min_px"": -26.651231872172048, ""fm2_violation_run_max_frames"": 12.0, ""fm2_violation_runs"": 11.0, ""fm2_windowed_pass_frac"": 0.8333333333333334, ""fm3_static_frac"": 0.021631205673758865, ""observed_duration_s"": 188.0, ""round3_gallery_group"": ""flagged_multi"", ""unit_files"": 2.0, ""unit_flagged_frac"": 0.0, ""unit_hip_flexion_min"": 147.6063453745292, ""unit_knee_between_min"": 0.5379529827334599}",render
r4_184,recheck_fm2_framing_184_V00_S0822_I00000923_P0196A_f0009162,V00_S0822_I00000923_P0196A,improvised/train/0016/0044/V00_S0822_I00000923_P0196A,improvised/train/0016/0029/V00_S0822_I00000923_P0359A,recheck_fm2_framing,recheck,improvised,9162,V00,improvised,train,ipc_conversation,shown in Round 3 as flagged_fm2_framing; re-judged under the Round-4 detectors,"{""clip_anchored_on_fm2_violation"": true, ""flag_count"": 1, ""flags_fired"": ""fm2_framing"", ""fm1_hip_flexion_deg_p50"": 146.9942151033719, ""fm1_knee_between_torso_p50"": 0.5562128876568613, ""fm1_leg_over_torso_p50"": 1.1538118298082225, ""fm1_reasons"": """", ""fm1_shin_verticality_p50"": 0.9995677458899112, ""fm1_sitting_file"": false, ""fm1_sitting_participant"": false, ""fm1_unit"": ""0196A@0822"", ""fm1_unit_basis"": ""none"", ""fm2_in_frame_and_valid_frac"": 0.823121387283237, ""fm2_pass_frac_round3_joints_only"": 0.9081888246628131, ""fm2_surface_correction_px_p50"": 41.61063860994716, ""fm2_vertex_worst_inset_min_px"": -390.8324235765813, ""fm2_violation_run_max_frames"": 363.0, ""fm2_violation_runs"": 251.0, ""fm2_windowed_pass_frac"": 0.09090909090909091, ""fm3_static_frac"": 0.005684555352153386, ""observed_duration_s"": 346.0, ""round3_gallery_group"": ""flagged_fm2_framing"", ""unit_files"": 1.0, ""unit_flagged_frac"": 0.0, ""unit_hip_flexion_min"": 146.9942151033719, ""unit_knee_between_min"": 0.5562128876568613}",render
r4_186,recheck_fm2_framing_186_V00_S0293_I00000537_P0028A_f0005607,V00_S0293_I00000537_P0028A,improvised/train/0007/0044/V00_S0293_I00000537_P0028A,improvised/train/0007/0042/V00_S0293_I00000537_P0310,recheck_fm2_framing,recheck,improvised,5607,V00,improvised,train,ipc_conversation,shown in Round 3 as flagged_fm2_framing; re-judged under the Round-4 detectors,"{""clip_anchored_on_fm2_violation"": true, ""flag_count"": 1, ""flags_fired"": ""fm2_framing"", ""fm1_hip_flexion_deg_p50"": 137.18129634900706, ""fm1_knee_between_torso_p50"": 0.5545159428706921, ""fm1_leg_over_torso_p50"": 1.007094589896207, ""fm1_reasons"": """", ""fm1_shin_verticality_p50"": 0.9805805662815955, ""fm1_sitting_file"": false, ""fm1_sitting_participant"": false, ""fm1_unit"": ""0028A@0293"", ""fm1_unit_basis"": ""none"", ""fm2_in_frame_and_valid_frac"": 0.9783088235294117, ""fm2_pass_frac_round3_joints_only"": 0.9803921568627451, ""fm2_surface_correction_px_p50"": 47.28488712859087, ""fm2_vertex_worst_inset_min_px"": -161.94985303534338, ""fm2_violation_run_max_frames"": 44.0, ""fm2_violation_runs"": 14.0, ""fm2_windowed_pass_frac"": 0.7777777777777778, ""fm3_static_frac"": 0.05808823529411765, ""observed_duration_s"": 272.0, ""round3_gallery_group"": ""flagged_fm2_framing"", ""unit_files"": 1.0, ""unit_flagged_frac"": 0.0, ""unit_hip_flexion_min"": 137.18129634900706, ""unit_knee_between_min"": 0.5545159428706921}",render
r4_189,recheck_fm2_framing_189_V00_S1044_I00000652_P0185A_f0002451,V00_S1044_I00000652_P0185A,improvised/train/0022/0012/V00_S1044_I00000652_P0185A,improvised/train/0022/0029/V00_S1044_I00000652_P0210A,recheck_fm2_framing,recheck,improvised,2451,V00,improvised,train,ipc_conversation,shown in Round 3 as flagged_fm2_framing; re-judged under the Round-4 detectors,"{""clip_anchored_on_fm2_violation"": true, ""flag_count"": 1, ""flags_fired"": ""fm2_framing"", ""fm1_hip_flexion_deg_p50"": 130.30503364233488, ""fm1_knee_between_torso_p50"": 0.5440988746428923, ""fm1_leg_over_torso_p50"": 0.9423756520556009, ""fm1_reasons"": """", ""fm1_shin_verticality_p50"": 0.9993628568053249, ""fm1_sitting_file"": false, ""fm1_sitting_participant"": false, ""fm1_unit"": ""0185A@1044"", ""fm1_unit_basis"": ""none"", ""fm2_in_frame_and_valid_frac"": 0.9404347826086956, ""fm2_pass_frac_round3_joints_only"": 0.9547826086956521, ""fm2_surface_correction_px_p50"": 39.19647596190566, ""fm2_vertex_worst_inset_min_px"": -158.58494287283418, ""fm2_violation_run_max_frames"": 93.0, ""fm2_violation_runs"": 22.0, ""fm2_windowed_pass_frac"": 0.2857142857142857, ""fm3_static_frac"": 0.014347826086956521, ""observed_duration_s"": 230.0, ""round3_gallery_group"": ""flagged_fm2_framing"", ""unit_files"": 1.0, ""unit_flagged_frac"": 0.0, ""unit_hip_flexion_min"": 130.30503364233488, ""unit_knee_between_min"": 0.5440988746428923}",render
r4_190,recheck_fm2_framing_190_V00_S1962_I00000065_P0055_f0010500,V00_S1962_I00000065_P0055,naturalistic/train/0032/0002/V00_S1962_I00000065_P0055,naturalistic/train/0032/0022/V00_S1962_I00000065_P0139,recheck_fm2_framing,recheck,naturalistic,10500,V00,naturalistic,train,ipc_conversation,shown in Round 3 as flagged_fm2_framing; re-judged under the Round-4 detectors,"{""clip_anchored_on_fm2_violation"": true, ""flag_count"": 1, ""flags_fired"": ""fm2_framing"", ""fm1_hip_flexion_deg_p50"": 144.51746903443214, ""fm1_knee_between_torso_p50"": 0.5025356401134234, ""fm1_leg_over_torso_p50"": 1.573131772200541, ""fm1_reasons"": """", ""fm1_shin_verticality_p50"": 0.9970544848656615, ""fm1_sitting_file"": false, ""fm1_sitting_participant"": false, ""fm1_unit"": ""0055@1962"", ""fm1_unit_basis"": ""none"", ""fm2_in_frame_and_valid_frac"": 0.9696491228070175, ""fm2_pass_frac_round3_joints_only"": 0.9707894736842105, ""fm2_surface_correction_px_p50"": 26.78478646116787, ""fm2_vertex_worst_inset_min_px"": -175.35134731740175, ""fm2_violation_run_max_frames"": 97.0, ""fm2_violation_runs"": 29.0, ""fm2_windowed_pass_frac"": 0.4166666666666667, ""fm3_static_frac"": 0.015438596491228071, ""observed_duration_s"": 380.0, ""round3_gallery_group"": ""flagged_fm2_framing"", ""unit_files"": 4.0, ""unit_flagged_frac"": 0.0, ""unit_hip_flexion_min"": 143.4234464372437, ""unit_knee_between_min"": 0.4986589639384595}",render
r4_195,recheck_fm2_framing_195_V00_S0639_I00000385_P0728_f0002250,V00_S0639_I00000385_P0728,naturalistic/train/0018/0013/V00_S0639_I00000385_P0728,naturalistic/train/0018/0034/V00_S0639_I00000385_P0123,recheck_fm2_framing,recheck,naturalistic,2250,V00,naturalistic,train,ipc_conversation,shown in Round 3 as flagged_fm2_framing; re-judged under the Round-4 detectors,"{""clip_anchored_on_fm2_violation"": true, ""flag_count"": 1, ""flags_fired"": ""fm2_framing"", ""fm1_hip_flexion_deg_p50"": 146.3488082956291, ""fm1_knee_between_torso_p50"": 0.5429416089792272, ""fm1_leg_over_torso_p50"": 1.217111396602561, ""fm1_reasons"": """", ""fm1_shin_verticality_p50"": 0.9748585677660577, ""fm1_sitting_file"": false, ""fm1_sitting_participant"": false, ""fm1_unit"": ""0728@0639"", ""fm1_unit_basis"": ""none"", ""fm2_in_frame_and_valid_frac"": 0.9123737373737374, ""fm2_pass_frac_round3_joints_only"": 0.932070707070707, ""fm2_surface_correction_px_p50"": 35.63800422857423, ""fm2_vertex_worst_inset_min_px"": -166.15703719524208, ""fm2_violation_run_max_frames"": 74.0, ""fm2_violation_runs"": 37.0, ""fm2_windowed_pass_frac"": 0.25, ""fm3_static_frac"": 0.15353535353535352, ""observed_duration_s"": 132.0, ""round3_gallery_group"": ""flagged_fm2_framing"", ""unit_files"": 3.0, ""unit_flagged_frac"": 0.0, ""unit_hip_flexion_min"": 140.61340819148944, ""unit_knee_between_min"": 0.5171337585405968}",render
r4_196,recheck_fm2_framing_196_V00_S1440_I00000663_P0241A_f0009900,V00_S1440_I00000663_P0241A,improvised/train/0033/0031/V00_S1440_I00000663_P0241A,improvised/train/0033/0009/V00_S1440_I00000663_P0388A,recheck_fm2_framing,recheck,improvised,9900,V00,improvised,train,ipc_conversation,shown in Round 3 as flagged_fm2_framing; re-judged under the Round-4 detectors,"{""clip_anchored_on_fm2_violation"": true, ""flag_count"": 1, ""flags_fired"": ""fm2_framing"", ""fm1_hip_flexion_deg_p50"": 149.90274236370345, ""fm1_knee_between_torso_p50"": 0.5159622503402638, ""fm1_leg_over_torso_p50"": 1.5670605030891567, ""fm1_reasons"": """", ""fm1_shin_verticality_p50"": 0.9996539187466289, ""fm1_sitting_file"": false, ""fm1_sitting_participant"": false, ""fm1_unit"": ""0241A@1440"", ""fm1_unit_basis"": ""none"", ""fm2_in_frame_and_valid_frac"": 0.9938888888888889, ""fm2_pass_frac_round3_joints_only"": 0.9938888888888889, ""fm2_surface_correction_px_p50"": 31.455632016585923, ""fm2_vertex_worst_inset_min_px"": 73.58150591914551, ""fm2_violation_run_max_frames"": 15.0, ""fm2_violation_runs"": 20.0, ""fm2_windowed_pass_frac"": 0.5833333333333334, ""fm3_static_frac"": 0.0687962962962963, ""observed_duration_s"": 360.0, ""round3_gallery_group"": ""flagged_fm2_framing"", ""unit_files"": 2.0, ""unit_flagged_frac"": 0.0, ""unit_hip_flexion_min"": 149.90274236370345, ""unit_knee_between_min"": 0.5159622503402638}",render
r4_198,recheck_fm2_framing_198_V00_S0270_I00000578_P0369_f0002042,V00_S0270_I00000578_P0369,improvised/train/0006/0010/V00_S0270_I00000578_P0369,improvised/train/0006/0041/V00_S0270_I00000578_P0006A,recheck_fm2_framing,recheck,improvised,2042,V00,improvised,train,ipc_conversation,shown in Round 3 as flagged_fm2_framing; re-judged under the Round-4 detectors,"{""clip_anchored_on_fm2_violation"": true, ""flag_count"": 1, ""flags_fired"": ""fm2_framing"", ""fm1_hip_flexion_deg_p50"": 160.871925058591, ""fm1_knee_between_torso_p50"": 0.5695342053918457, ""fm1_leg_over_torso_p50"": 1.2580646311507806, ""fm1_reasons"": """", ""fm1_shin_verticality_p50"": 0.9996349710593527, ""fm1_sitting_file"": false, ""fm1_sitting_participant"": false, ""fm1_unit"": ""0369@0270"", ""fm1_unit_basis"": ""none"", ""fm2_in_frame_and_valid_frac"": 0.9715789473684211, ""fm2_pass_frac_round3_joints_only"": 0.9794736842105263, ""fm2_surface_correction_px_p50"": 34.79011139457657, ""fm2_vertex_worst_inset_min_px"": -88.0323261581816, ""fm2_violation_run_max_frames"": 23.0, ""fm2_violation_runs"": 14.0, ""fm2_windowed_pass_frac"": 0.16666666666666666, ""fm3_static_frac"": 0.03263157894736842, ""observed_duration_s"": 190.0, ""round3_gallery_group"": ""flagged_fm2_framing"", ""unit_files"": 1.0, ""unit_flagged_frac"": 0.0, ""unit_hip_flexion_min"": 160.871925058591, ""unit_knee_between_min"": 0.5695342053918457}",render
r4_232,fresh_flagged_fm2_framing_232_V00_S0500_I00000514_P0640_f0000524,V00_S0500_I00000514_P0640,naturalistic/train/0013/0006/V00_S0500_I00000514_P0640,naturalistic/train/0013/0038/V00_S0500_I00000514_P0639,fresh_flagged_fm2_framing,fresh,naturalistic,524,V00,naturalistic,train,ipc_conversation,fm2_framing: only this mode fired; participant not in the recheck cohort,"{""clip_anchored_on_fm2_violation"": true, ""flag_count"": 1, ""flags_fired"": ""fm2_framing"", ""fm1_hip_flexion_deg_p50"": 138.62886825805325, ""fm1_knee_between_torso_p50"": 0.5138763335320978, ""fm1_leg_over_torso_p50"": 1.2104871730299522, ""fm1_reasons"": """", ""fm1_shin_verticality_p50"": 0.9995677592793462, ""fm1_sitting_file"": false, ""fm1_sitting_participant"": false, ""fm1_unit"": ""0640@0500"", ""fm1_unit_basis"": ""none"", ""fm2_in_frame_and_valid_frac"": 0.9706896551724138, ""fm2_pass_frac_round3_joints_only"": 0.9741379310344828, ""fm2_surface_correction_px_p50"": 42.08018369259776, ""fm2_vertex_worst_inset_min_px"": -59.64405531963871, ""fm2_violation_run_max_frames"": 47.0, ""fm2_violation_runs"": 10.0, ""fm2_windowed_pass_frac"": 0.3333333333333333, ""fm3_static_frac"": 0.0617816091954023, ""observed_duration_s"": 116.0, ""unit_files"": 1.0, ""unit_flagged_frac"": 0.0, ""unit_hip_flexion_min"": 138.62886825805325, ""unit_knee_between_min"": 0.5138763335320978}",render
r4_233,fresh_flagged_fm2_framing_233_V00_S0356_I00000383_P0479_f0004352,V00_S0356_I00000383_P0479,naturalistic/train/0009/0022/V00_S0356_I00000383_P0479,naturalistic/train/0009/0004/V00_S0356_I00000383_P0478,fresh_flagged_fm2_framing,fresh,naturalistic,4352,V00,naturalistic,train,ipc_conversation,fm2_framing: only this mode fired; participant not in the recheck cohort,"{""clip_anchored_on_fm2_violation"": true, ""flag_count"": 1, ""flags_fired"": ""fm2_framing"", ""fm1_hip_flexion_deg_p50"": 134.28232410992618, ""fm1_knee_between_torso_p50"": 0.5020741195600442, ""fm1_leg_over_torso_p50"": 1.2106284902138278, ""fm1_reasons"": """", ""fm1_shin_verticality_p50"": 0.9995920843806352, ""fm1_sitting_file"": false, ""fm1_sitting_participant"": false, ""fm1_unit"": ""0479@0356"", ""fm1_unit_basis"": ""none"", ""fm2_in_frame_and_valid_frac"": 0.9574074074074074, ""fm2_pass_frac_round3_joints_only"": 0.9601234567901235, ""fm2_surface_correction_px_p50"": 36.68166944111556, ""fm2_vertex_worst_inset_min_px"": -161.44357816658612, ""fm2_violation_run_max_frames"": 88.0, ""fm2_violation_runs"": 17.0, ""fm2_windowed_pass_frac"": 0.3333333333333333, ""fm3_static_frac"": 0.5501234567901234, ""observed_duration_s"": 270.0, ""unit_files"": 1.0, ""unit_flagged_frac"": 0.0, ""unit_hip_flexion_min"": 134.28232410992618, ""unit_knee_between_min"": 0.5020741195600442}",render
r4_234,fresh_flagged_fm2_framing_234_V00_S0212_I00000486_P0288_f0000082,V00_S0212_I00000486_P0288,naturalistic/train/0004/0014/V00_S0212_I00000486_P0288,naturalistic/train/0004/0004/V00_S0212_I00000486_P0287,fresh_flagged_fm2_framing,fresh,naturalistic,82,V00,naturalistic,train,ipc_conversation,fm2_framing: only this mode fired; participant not in the recheck cohort,"{""clip_anchored_on_fm2_violation"": true, ""flag_count"": 1, ""flags_fired"": ""fm2_framing"", ""fm1_hip_flexion_deg_p50"": 118.43874479027835, ""fm1_knee_between_torso_p50"": 0.5091550984820176, ""fm1_leg_over_torso_p50"": 0.8785028662750711, ""fm1_reasons"": """", ""fm1_shin_verticality_p50"": 0.9965457672177478, ""fm1_sitting_file"": false, ""fm1_sitting_participant"": false, ""fm1_unit"": ""0288@0212"", ""fm1_unit_basis"": ""none"", ""fm2_in_frame_and_valid_frac"": 0.9868627450980392, ""fm2_pass_frac_round3_joints_only"": 0.9890196078431372, ""fm2_surface_correction_px_p50"": 48.16428356924405, ""fm2_vertex_worst_inset_min_px"": -60.85654398909492, ""fm2_violation_run_max_frames"": 27.0, ""fm2_violation_runs"": 6.0, ""fm2_windowed_pass_frac"": 0.4, ""fm3_static_frac"": 0.00980392156862745, ""observed_duration_s"": 170.0, ""unit_files"": 3.0, ""unit_flagged_frac"": 0.3333333333333333, ""unit_hip_flexion_min"": 113.97179740243917, ""unit_knee_between_min"": 0.4632227052773861}",render
r4_235,fresh_flagged_fm2_framing_235_V00_S1901_I00000516_P0279_f0001064,V00_S1901_I00000516_P0279,naturalistic/train/0030/0029/V00_S1901_I00000516_P0279,naturalistic/train/0030/0043/V00_S1901_I00000516_P0139,fresh_flagged_fm2_framing,fresh,naturalistic,1064,V00,naturalistic,train,grounded_gesture,fm2_framing: only this mode fired; participant not in the recheck cohort,"{""clip_anchored_on_fm2_violation"": true, ""flag_count"": 1, ""flags_fired"": ""fm2_framing"", ""fm1_hip_flexion_deg_p50"": 129.00152979282325, ""fm1_knee_between_torso_p50"": 0.5581919424663332, ""fm1_leg_over_torso_p50"": 0.9613053128032156, ""fm1_reasons"": """", ""fm1_shin_verticality_p50"": 0.9844275793207639, ""fm1_sitting_file"": false, ""fm1_sitting_participant"": false, ""fm1_unit"": ""0279@1901"", ""fm1_unit_basis"": ""none"", ""fm2_in_frame_and_valid_frac"": 0.9754820936639118, ""fm2_pass_frac_round3_joints_only"": 0.9769972451790634, ""fm2_surface_correction_px_p50"": 37.14966145944868, ""fm2_vertex_worst_inset_min_px"": -290.33646342054544, ""fm2_violation_run_max_frames"": 102.0, ""fm2_violation_runs"": 4.0, ""fm2_windowed_pass_frac"": 0.625, ""fm3_static_frac"": 0.07741046831955922, ""observed_duration_s"": 242.0, ""unit_files"": 1.0, ""unit_flagged_frac"": 0.0, ""unit_hip_flexion_min"": 129.00152979282325, ""unit_knee_between_min"": 0.5581919424663332}",render
r4_236,fresh_flagged_fm2_framing_236_V00_S0659_I00000495_P0377_f0002664,V00_S0659_I00000495_P0377,naturalistic/train/0019/0038/V00_S0659_I00000495_P0377,naturalistic/train/0019/0017/V00_S0659_I00000495_P0811,fresh_flagged_fm2_framing,fresh,naturalistic,2664,V00,naturalistic,train,ipc_conversation,fm2_framing: only this mode fired; participant not in the recheck cohort,"{""clip_anchored_on_fm2_violation"": true, ""flag_count"": 1, ""flags_fired"": ""fm2_framing"", ""fm1_hip_flexion_deg_p50"": 133.6358267426969, ""fm1_knee_between_torso_p50"": 0.4744685627894837, ""fm1_leg_over_torso_p50"": 1.4657934621780653, ""fm1_reasons"": """", ""fm1_shin_verticality_p50"": 0.9996539171059591, ""fm1_sitting_file"": false, ""fm1_sitting_participant"": false, ""fm1_unit"": ""0377@0659"", ""fm1_unit_basis"": ""none"", ""fm2_in_frame_and_valid_frac"": 0.9887139107611549, ""fm2_pass_frac_round3_joints_only"": 0.9908136482939632, ""fm2_surface_correction_px_p50"": 38.19797170903598, ""fm2_vertex_worst_inset_min_px"": -75.72085895685677, ""fm2_violation_run_max_frames"": 38.0, ""fm2_violation_runs"": 12.0, ""fm2_windowed_pass_frac"": 0.625, ""fm3_static_frac"": 0.16036745406824146, ""observed_duration_s"": 254.0, ""unit_files"": 1.0, ""unit_flagged_frac"": 0.0, ""unit_hip_flexion_min"": 133.6358267426969, ""unit_knee_between_min"": 0.4744685627894837}",render
r4_237,fresh_flagged_fm2_framing_237_V00_S0030_I00000497_P0045_f0000281,V00_S0030_I00000497_P0045,naturalistic/train/0000/0016/V00_S0030_I00000497_P0045,naturalistic/train/0000/0019/V00_S0030_I00000497_P0046,fresh_flagged_fm2_framing,fresh,naturalistic,281,V00,naturalistic,train,grounded_gesture,fm2_framing: only this mode fired; participant not in the recheck cohort,"{""clip_anchored_on_fm2_violation"": true, ""flag_count"": 1, ""flags_fired"": ""fm2_framing"", ""fm1_hip_flexion_deg_p50"": 126.52746536639215, ""fm1_knee_between_torso_p50"": 0.5040201522472612, ""fm1_leg_over_torso_p50"": 1.1264174098708972, ""fm1_reasons"": """", ""fm1_shin_verticality_p50"": 0.9999999999999548, ""fm1_sitting_file"": false, ""fm1_sitting_participant"": false, ""fm1_unit"": ""0045@0030"", ""fm1_unit_basis"": ""none"", ""fm2_in_frame_and_valid_frac"": 0.6791962174940899, ""fm2_pass_frac_round3_joints_only"": 0.6804964539007092, ""fm2_surface_correction_px_p50"": 37.91676215823702, ""fm2_vertex_worst_inset_min_px"": -105.76260866209464, ""fm2_violation_run_max_frames"": 483.0, ""fm2_violation_runs"": 92.0, ""fm2_windowed_pass_frac"": 0.1111111111111111, ""fm3_static_frac"": 0.2230496453900709, ""observed_duration_s"": 282.0, ""unit_files"": 2.0, ""unit_flagged_frac"": 0.0, ""unit_hip_flexion_min"": 124.88884897829976, ""unit_knee_between_min"": 0.4897041782238801}",render
r4_238,fresh_flagged_fm2_framing_238_V00_S1934_I00000419_P0625_f0003763,V00_S1934_I00000419_P0625,naturalistic/train/0031/0032/V00_S1934_I00000419_P0625,naturalistic/train/0031/0042/V00_S1934_I00000419_P1225,fresh_flagged_fm2_framing,fresh,naturalistic,3763,V00,naturalistic,train,ipc_conversation,fm2_framing: only this mode fired; participant not in the recheck cohort,"{""clip_anchored_on_fm2_violation"": true, ""flag_count"": 1, ""flags_fired"": ""fm2_framing"", ""fm1_hip_flexion_deg_p50"": 156.61430405346522, ""fm1_knee_between_torso_p50"": 0.5880993747601011, ""fm1_leg_over_torso_p50"": 1.1599331954046166, ""fm1_reasons"": """", ""fm1_shin_verticality_p50"": 0.9999999999999692, ""fm1_sitting_file"": false, ""fm1_sitting_participant"": false, ""fm1_unit"": ""0625@1934"", ""fm1_unit_basis"": ""none"", ""fm2_in_frame_and_valid_frac"": 0.9932098765432099, ""fm2_pass_frac_round3_joints_only"": 0.9934156378600824, ""fm2_surface_correction_px_p50"": 41.35866893700427, ""fm2_vertex_worst_inset_min_px"": -107.52770717512908, ""fm2_violation_run_max_frames"": 20.0, ""fm2_violation_runs"": 3.0, ""fm2_windowed_pass_frac"": 0.8, ""fm3_static_frac"": 0.668724279835391, ""observed_duration_s"": 162.0, ""unit_files"": 3.0, ""unit_flagged_frac"": 0.0, ""unit_hip_flexion_min"": 154.6171803507001, ""unit_knee_between_min"": 0.5876121194688979}",render
r4_239,fresh_flagged_fm2_framing_239_V00_S0329_I00000495_P0445_f0004560,V00_S0329_I00000495_P0445,naturalistic/train/0008/0002/V00_S0329_I00000495_P0445,naturalistic/train/0008/0036/V00_S0329_I00000495_P0446,fresh_flagged_fm2_framing,fresh,naturalistic,4560,V00,naturalistic,train,ipc_conversation,fm2_framing: only this mode fired; participant not in the recheck cohort,"{""clip_anchored_on_fm2_violation"": true, ""flag_count"": 1, ""flags_fired"": ""fm2_framing"", ""fm1_hip_flexion_deg_p50"": 145.24488279028728, ""fm1_knee_between_torso_p50"": 0.548532131049732, ""fm1_leg_over_torso_p50"": 1.1611390280118887, ""fm1_reasons"": """", ""fm1_shin_verticality_p50"": 0.9995677577826405, ""fm1_sitting_file"": false, ""fm1_sitting_participant"": false, ""fm1_unit"": ""0445@0329"", ""fm1_unit_basis"": ""none"", ""fm2_in_frame_and_valid_frac"": 0.9320512820512821, ""fm2_pass_frac_round3_joints_only"": 0.9340659340659341, ""fm2_surface_correction_px_p50"": 40.07999532906183, ""fm2_vertex_worst_inset_min_px"": -370.8371058155225, ""fm2_violation_run_max_frames"": 363.0, ""fm2_violation_runs"": 4.0, ""fm2_windowed_pass_frac"": 0.8333333333333334, ""fm3_static_frac"": 0.20034978624174116, ""observed_duration_s"": 182.0, ""unit_files"": 3.0, ""unit_flagged_frac"": 0.0, ""unit_hip_flexion_min"": 142.12928684897935, ""unit_knee_between_min"": 0.548532131049732}",render
r4_240,fresh_flagged_fm2_framing_240_V00_S1320_I00000554_P0252_f0002220,V00_S1320_I00000554_P0252,naturalistic/train/0027/0024/V00_S1320_I00000554_P0252,naturalistic/train/0027/0004/V00_S1320_I00000554_P1125,fresh_flagged_fm2_framing,fresh,naturalistic,2220,V00,naturalistic,train,grounded_gesture,fm2_framing: only this mode fired; participant not in the recheck cohort,"{""clip_anchored_on_fm2_violation"": true, ""flag_count"": 1, ""flags_fired"": ""fm2_framing"", ""fm1_hip_flexion_deg_p50"": 141.87203161900072, ""fm1_knee_between_torso_p50"": 0.5849443336100739, ""fm1_leg_over_torso_p50"": 1.0601190102685099, ""fm1_reasons"": """", ""fm1_shin_verticality_p50"": 0.9994801216760827, ""fm1_sitting_file"": false, ""fm1_sitting_participant"": false, ""fm1_unit"": ""0252@1320"", ""fm1_unit_basis"": ""none"", ""fm2_in_frame_and_valid_frac"": 0.9621794871794872, ""fm2_pass_frac_round3_joints_only"": 0.9628205128205128, ""fm2_surface_correction_px_p50"": 44.184511564272725, ""fm2_vertex_worst_inset_min_px"": -224.08308110568623, ""fm2_violation_run_max_frames"": 111.0, ""fm2_violation_runs"": 2.0, ""fm2_windowed_pass_frac"": 0.6666666666666666, ""fm3_static_frac"": 0.014102564102564103, ""observed_duration_s"": 104.0, ""unit_files"": 3.0, ""unit_flagged_frac"": 0.0, ""unit_hip_flexion_min"": 138.91969246009427, ""unit_knee_between_min"": 0.555496641465248}",render
r4_241,fresh_flagged_fm2_framing_241_V00_S0701_I00000487_P0857_f0000479,V00_S0701_I00000487_P0857,naturalistic/train/0020/0017/V00_S0701_I00000487_P0857,naturalistic/train/0020/0022/V00_S0701_I00000487_P0856,fresh_flagged_fm2_framing,fresh,naturalistic,479,V00,naturalistic,train,ipc_conversation,fm2_framing: only this mode fired; participant not in the recheck cohort,"{""clip_anchored_on_fm2_violation"": true, ""flag_count"": 1, ""flags_fired"": ""fm2_framing"", ""fm1_hip_flexion_deg_p50"": 136.1164335603255, ""fm1_knee_between_torso_p50"": 0.5746832183526993, ""fm1_leg_over_torso_p50"": 1.0139119973743886, ""fm1_reasons"": """", ""fm1_shin_verticality_p50"": 0.9999999999999677, ""fm1_sitting_file"": false, ""fm1_sitting_participant"": false, ""fm1_unit"": ""0857@0701"", ""fm1_unit_basis"": ""none"", ""fm2_in_frame_and_valid_frac"": 0.9908333333333333, ""fm2_pass_frac_round3_joints_only"": 0.9930555555555556, ""fm2_surface_correction_px_p50"": 48.39885635441226, ""fm2_vertex_worst_inset_min_px"": -115.0248847755737, ""fm2_violation_run_max_frames"": 13.0, ""fm2_violation_runs"": 3.0, ""fm2_windowed_pass_frac"": 0.5, ""fm3_static_frac"": 0.025277777777777777, ""observed_duration_s"": 120.0, ""unit_files"": 2.0, ""unit_flagged_frac"": 0.0, ""unit_hip_flexion_min"": 129.72484819449517, ""unit_knee_between_min"": 0.5378949735505087}",render
r4_242,fresh_flagged_fm2_framing_242_V00_S1955_I00000306_P1226_f0001514,V00_S1955_I00000306_P1226,naturalistic/train/0031/0018/V00_S1955_I00000306_P1226,naturalistic/train/0031/0035/V00_S1955_I00000306_P0444,fresh_flagged_fm2_framing,fresh,naturalistic,1514,V00,naturalistic,train,ipc_conversation,fm2_framing: only this mode fired; participant not in the recheck cohort,"{""clip_anchored_on_fm2_violation"": true, ""flag_count"": 1, ""flags_fired"": ""fm2_framing"", ""fm1_hip_flexion_deg_p50"": 145.0295162034586, ""fm1_knee_between_torso_p50"": 0.5130833854341484, ""fm1_leg_over_torso_p50"": 1.474605666564572, ""fm1_reasons"": """", ""fm1_shin_verticality_p50"": 0.9990138028312276, ""fm1_sitting_file"": false, ""fm1_sitting_participant"": false, ""fm1_unit"": ""1226@1955"", ""fm1_unit_basis"": ""none"", ""fm2_in_frame_and_valid_frac"": 0.9967836257309941, ""fm2_pass_frac_round3_joints_only"": 0.9970760233918129, ""fm2_surface_correction_px_p50"": 10.637758659756201, ""fm2_vertex_worst_inset_min_px"": -18.095433484603973, ""fm2_violation_run_max_frames"": 10.0, ""fm2_violation_runs"": 2.0, ""fm2_windowed_pass_frac"": 0.6666666666666666, ""fm3_static_frac"": 0.6286549707602339, ""observed_duration_s"": 114.0, ""unit_files"": 2.0, ""unit_flagged_frac"": 0.0, ""unit_hip_flexion_min"": 145.0295162034586, ""unit_knee_between_min"": 0.5130833854341484}",render
r4_243,fresh_flagged_fm2_framing_243_V00_S0830_I00000503_P0792_f0002964,V00_S0830_I00000503_P0792,naturalistic/train/0023/0023/V00_S0830_I00000503_P0792,naturalistic/train/0023/0017/V00_S0830_I00000503_P0433,fresh_flagged_fm2_framing,fresh,naturalistic,2964,V00,naturalistic,train,grounded_gesture,fm2_framing: only this mode fired; participant not in the recheck cohort,"{""clip_anchored_on_fm2_violation"": true, ""flag_count"": 1, ""flags_fired"": ""fm2_framing"", ""fm1_hip_flexion_deg_p50"": 146.23511339626447, ""fm1_knee_between_torso_p50"": 0.5387290452466287, ""fm1_leg_over_torso_p50"": 1.3223035849581324, ""fm1_reasons"": """", ""fm1_shin_verticality_p50"": 0.998274362671298, ""fm1_sitting_file"": false, ""fm1_sitting_participant"": false, ""fm1_unit"": ""0792@0830"", ""fm1_unit_basis"": ""none"", ""fm2_in_frame_and_valid_frac"": 0.9838541666666667, ""fm2_pass_frac_round3_joints_only"": 0.9859375, ""fm2_surface_correction_px_p50"": 39.75905408541655, ""fm2_vertex_worst_inset_min_px"": -157.87771858843143, ""fm2_violation_run_max_frames"": 58.0, ""fm2_violation_runs"": 7.0, ""fm2_windowed_pass_frac"": 0.7, ""fm3_static_frac"": 0.1834375, ""observed_duration_s"": 320.0, ""unit_files"": 2.0, ""unit_flagged_frac"": 0.0, ""unit_hip_flexion_min"": 146.23511339626447, ""unit_knee_between_min"": 0.5387290452466287}",render
r4_244,fresh_flagged_fm2_framing_244_V00_S1932_I00000324_P0973_f0003969,V00_S1932_I00000324_P0973,naturalistic/train/0031/0011/V00_S1932_I00000324_P0973,naturalistic/train/0031/0023/V00_S1932_I00000324_P1217,fresh_flagged_fm2_framing,fresh,naturalistic,3969,V00,naturalistic,train,ipc_conversation,fm2_framing: only this mode fired; participant not in the recheck cohort,"{""clip_anchored_on_fm2_violation"": true, ""flag_count"": 1, ""flags_fired"": ""fm2_framing"", ""fm1_hip_flexion_deg_p50"": 131.3543954603325, ""fm1_knee_between_torso_p50"": 0.46855513995656023, ""fm1_leg_over_torso_p50"": 1.4884638468323543, ""fm1_reasons"": """", ""fm1_shin_verticality_p50"": 0.9904922536192404, ""fm1_sitting_file"": false, ""fm1_sitting_participant"": false, ""fm1_unit"": ""0973@1932"", ""fm1_unit_basis"": ""none"", ""fm2_in_frame_and_valid_frac"": 0.9769892473118279, ""fm2_pass_frac_round3_joints_only"": 0.98, ""fm2_surface_correction_px_p50"": 27.420085145390942, ""fm2_vertex_worst_inset_min_px"": -155.60661587022514, ""fm2_violation_run_max_frames"": 46.0, ""fm2_violation_runs"": 18.0, ""fm2_windowed_pass_frac"": 0.5, ""fm3_static_frac"": 0.00978494623655914, ""observed_duration_s"": 310.0, ""unit_files"": 1.0, ""unit_flagged_frac"": 0.0, ""unit_hip_flexion_min"": 131.3543954603325, ""unit_knee_between_min"": 0.46855513995656023}",render
r4_245,fresh_flagged_fm2_framing_245_V00_S0287_I00000462_P0011_f0001271,V00_S0287_I00000462_P0011,naturalistic/train/0007/0017/V00_S0287_I00000462_P0011,naturalistic/train/0007/0020/V00_S0287_I00000462_P0389,fresh_flagged_fm2_framing,fresh,naturalistic,1271,V00,naturalistic,train,ipc_conversation,fm2_framing: only this mode fired; participant not in the recheck cohort,"{""clip_anchored_on_fm2_violation"": true, ""flag_count"": 1, ""flags_fired"": ""fm2_framing"", ""fm1_hip_flexion_deg_p50"": 134.61248860626011, ""fm1_knee_between_torso_p50"": 0.48047105371749876, ""fm1_leg_over_torso_p50"": 1.379418059641539, ""fm1_reasons"": """", ""fm1_shin_verticality_p50"": 0.9996539207392953, ""fm1_sitting_file"": false, ""fm1_sitting_participant"": false, ""fm1_unit"": ""0011@0287"", ""fm1_unit_basis"": ""none"", ""fm2_in_frame_and_valid_frac"": 0.9820833333333333, ""fm2_pass_frac_round3_joints_only"": 0.9854166666666667, ""fm2_surface_correction_px_p50"": 45.896640325201645, ""fm2_vertex_worst_inset_min_px"": -86.20274050858825, ""fm2_violation_run_max_frames"": 30.0, ""fm2_violation_runs"": 10.0, ""fm2_windowed_pass_frac"": 0.4, ""fm3_static_frac"": 0.110625, ""observed_duration_s"": 160.0, ""unit_files"": 5.0, ""unit_flagged_frac"": 0.0, ""unit_hip_flexion_min"": 131.791136726834, ""unit_knee_between_min"": 0.4661610254715217}",render
r4_246,fresh_flagged_fm2_framing_246_V00_S1097_I00000019_P1080_f0007140,V00_S1097_I00000019_P1080,naturalistic/train/0025/0017/V00_S1097_I00000019_P1080,naturalistic/train/0025/0047/V00_S1097_I00000019_P0347,fresh_flagged_fm2_framing,fresh,naturalistic,7140,V00,naturalistic,train,ipc_conversation,fm2_framing: only this mode fired; participant not in the recheck cohort,"{""clip_anchored_on_fm2_violation"": true, ""flag_count"": 1, ""flags_fired"": ""fm2_framing"", ""fm1_hip_flexion_deg_p50"": 125.04295862034033, ""fm1_knee_between_torso_p50"": 0.5238105197902899, ""fm1_leg_over_torso_p50"": 0.9726926761602365, ""fm1_reasons"": """", ""fm1_shin_verticality_p50"": 0.9974586806277559, ""fm1_sitting_file"": false, ""fm1_sitting_participant"": false, ""fm1_unit"": ""1080@1097"", ""fm1_unit_basis"": ""none"", ""fm2_in_frame_and_valid_frac"": 0.9507462686567164, ""fm2_pass_frac_round3_joints_only"": 0.952363184079602, ""fm2_surface_correction_px_p50"": 49.45681746073501, ""fm2_vertex_worst_inset_min_px"": -126.16858361333675, ""fm2_violation_run_max_frames"": 285.0, ""fm2_violation_runs"": 11.0, ""fm2_windowed_pass_frac"": 0.625, ""fm3_static_frac"": 0.22524875621890547, ""observed_duration_s"": 268.0, ""unit_files"": 1.0, ""unit_flagged_frac"": 0.0, ""unit_hip_flexion_min"": 125.04295862034033, ""unit_knee_between_min"": 0.5238105197902899}",render
r4_247,fresh_flagged_fm2_framing_247_V00_S0720_I00000537_P0870_f0002580,V00_S0720_I00000537_P0870,improvised/train/0014/0040/V00_S0720_I00000537_P0870,improvised/train/0014/0055/V00_S0720_I00000537_P0397A,fresh_flagged_fm2_framing,fresh,improvised,2580,V00,improvised,train,ipc_conversation,fm2_framing: only this mode fired; participant not in the recheck cohort,"{""clip_anchored_on_fm2_violation"": true, ""flag_count"": 1, ""flags_fired"": ""fm2_framing"", ""fm1_hip_flexion_deg_p50"": 129.13725752079426, ""fm1_knee_between_torso_p50"": 0.49306937792079447, ""fm1_leg_over_torso_p50"": 1.1115646196706022, ""fm1_reasons"": """", ""fm1_shin_verticality_p50"": 0.9995120770545507, ""fm1_sitting_file"": false, ""fm1_sitting_participant"": false, ""fm1_unit"": ""0870@0720"", ""fm1_unit_basis"": ""none"", ""fm2_in_frame_and_valid_frac"": 0.7666666666666667, ""fm2_pass_frac_round3_joints_only"": 0.767816091954023, ""fm2_surface_correction_px_p50"": 43.57485478651313, ""fm2_vertex_worst_inset_min_px"": -33.17492688617244, ""fm2_violation_run_max_frames"": 322.0, ""fm2_violation_runs"": 36.0, ""fm2_windowed_pass_frac"": 0.3333333333333333, ""fm3_static_frac"": 0.04454022988505747, ""observed_duration_s"": 116.0, ""unit_files"": 2.0, ""unit_flagged_frac"": 0.0, ""unit_hip_flexion_min"": 129.13725752079426, ""unit_knee_between_min"": 0.49306937792079447}",render
r4_248,fresh_flagged_fm2_framing_248_V00_S2020_I00000685_P1276A_f0006600,V00_S2020_I00000685_P1276A,improvised/dev/0000/0027/V00_S2020_I00000685_P1276A,improvised/dev/0000/0038/V00_S2020_I00000685_P1275A,fresh_flagged_fm2_framing,fresh,improvised,6600,V00,improvised,dev,ipc_conversation,fm2_framing: only this mode fired; participant not in the recheck cohort,"{""clip_anchored_on_fm2_violation"": true, ""flag_count"": 1, ""flags_fired"": ""fm2_framing"", ""fm1_hip_flexion_deg_p50"": 163.29022230064368, ""fm1_knee_between_torso_p50"": 0.5925216545030997, ""fm1_leg_over_torso_p50"": 1.1554860364636066, ""fm1_reasons"": """", ""fm1_shin_verticality_p50"": 0.9995411793682288, ""fm1_sitting_file"": false, ""fm1_sitting_participant"": false, ""fm1_unit"": ""1276A@2020"", ""fm1_unit_basis"": ""none"", ""fm2_in_frame_and_valid_frac"": 0.9998666666666667, ""fm2_pass_frac_round3_joints_only"": 1.0, ""fm2_surface_correction_px_p50"": 41.67259732119351, ""fm2_vertex_worst_inset_min_px"": 10.488082089150225, ""fm2_violation_run_max_frames"": 1.0, ""fm2_violation_runs"": 1.0, ""fm2_windowed_pass_frac"": 1.0, ""fm3_static_frac"": 0.27786666666666665, ""observed_duration_s"": 250.0, ""unit_files"": 1.0, ""unit_flagged_frac"": 0.0, ""unit_hip_flexion_min"": 163.29022230064368, ""unit_knee_between_min"": 0.5925216545030997}",render
r4_249,fresh_flagged_fm2_framing_249_V00_S2088_I00000640_P1343A_f0000000,V00_S2088_I00000640_P1343A,improvised/train/0049/0045/V00_S2088_I00000640_P1343A,improvised/train/0049/0023/V00_S2088_I00000640_P1345A,fresh_flagged_fm2_framing,fresh,improvised,0,V00,improvised,train,ipc_conversation,fm2_framing: only this mode fired; participant not in the recheck cohort,"{""clip_anchored_on_fm2_violation"": true, ""flag_count"": 1, ""flags_fired"": ""fm2_framing"", ""fm1_hip_flexion_deg_p50"": 158.2445291965582, ""fm1_knee_between_torso_p50"": 0.5895853532009026, ""fm1_leg_over_torso_p50"": 1.2219813397192707, ""fm1_reasons"": """", ""fm1_shin_verticality_p50"": 0.9927337338511071, ""fm1_sitting_file"": false, ""fm1_sitting_participant"": false, ""fm1_unit"": ""1343A@2088"", ""fm1_unit_basis"": ""none"", ""fm2_in_frame_and_valid_frac"": 0.9955555555555555, ""fm2_pass_frac_round3_joints_only"": 0.9974074074074074, ""fm2_surface_correction_px_p50"": 38.215857558270045, ""fm2_vertex_worst_inset_min_px"": -109.44594598177036, ""fm2_violation_run_max_frames"": 24.0, ""fm2_violation_runs"": 1.0, ""fm2_windowed_pass_frac"": 0.8333333333333334, ""fm3_static_frac"": 0.25222222222222224, ""observed_duration_s"": 180.0, ""unit_files"": 1.0, ""unit_flagged_frac"": 0.0, ""unit_hip_flexion_min"": 158.2445291965582, ""unit_knee_between_min"": 0.5895853532009026}",render
r4_250,fresh_flagged_fm2_framing_250_V00_S1236_I00001162_P0229A_f0008177,V00_S1236_I00001162_P0229A,improvised/train/0027/0066/V00_S1236_I00001162_P0229A,improvised/train/0027/0040/V00_S1236_I00001162_P0085A,fresh_flagged_fm2_framing,fresh,improvised,8177,V00,improvised,train,ipc_conversation,fm2_framing: only this mode fired; participant not in the recheck cohort,"{""clip_anchored_on_fm2_violation"": true, ""flag_count"": 1, ""flags_fired"": ""fm2_framing"", ""fm1_hip_flexion_deg_p50"": 126.21444634303927, ""fm1_knee_between_torso_p50"": 0.5197624498468782, ""fm1_leg_over_torso_p50"": 1.0152490735348132, ""fm1_reasons"": """", ""fm1_shin_verticality_p50"": 0.9994449029737569, ""fm1_sitting_file"": false, ""fm1_sitting_participant"": false, ""fm1_unit"": ""0229A@1236"", ""fm1_unit_basis"": ""none"", ""fm2_in_frame_and_valid_frac"": 0.9388888888888889, ""fm2_pass_frac_round3_joints_only"": 0.9502777777777778, ""fm2_surface_correction_px_p50"": 50.27142163585347, ""fm2_vertex_worst_inset_min_px"": -142.75824848317598, ""fm2_violation_run_max_frames"": 60.0, ""fm2_violation_runs"": 63.0, ""fm2_windowed_pass_frac"": 0.16666666666666666, ""fm3_static_frac"": 0.09324074074074074, ""observed_duration_s"": 360.0, ""unit_files"": 2.0, ""unit_flagged_frac"": 0.0, ""unit_hip_flexion_min"": 126.21444634303927, ""unit_knee_between_min"": 0.5197624498468782}",render
r4_251,fresh_flagged_fm2_framing_251_V00_S0072_I00000382_P0107_f0004150,V00_S0072_I00000382_P0107,improvised/train/0001/0016/V00_S0072_I00000382_P0107,,fresh_flagged_fm2_framing,fresh,improvised,4150,V00,improvised,train,ipc_conversation,fm2_framing: only this mode fired; participant not in the recheck cohort,"{""clip_anchored_on_fm2_violation"": true, ""flag_count"": 1, ""flags_fired"": ""fm2_framing"", ""fm1_hip_flexion_deg_p50"": 139.1473964513695, ""fm1_knee_between_torso_p50"": 0.5261228118315537, ""fm1_leg_over_torso_p50"": 1.2096773658742646, ""fm1_reasons"": """", ""fm1_shin_verticality_p50"": 0.9995920940026929, ""fm1_sitting_file"": false, ""fm1_sitting_participant"": false, ""fm1_unit"": ""0107@0072"", ""fm1_unit_basis"": ""none"", ""fm2_in_frame_and_valid_frac"": 0.9970238095238095, ""fm2_pass_frac_round3_joints_only"": 0.9986607142857142, ""fm2_surface_correction_px_p50"": 37.61312780446792, ""fm2_vertex_worst_inset_min_px"": -35.77113466920446, ""fm2_violation_run_max_frames"": 17.0, ""fm2_violation_runs"": 2.0, ""fm2_windowed_pass_frac"": 0.8571428571428571, ""fm3_static_frac"": 0.007589285714285714, ""observed_duration_s"": 224.0, ""unit_files"": 3.0, ""unit_flagged_frac"": 0.0, ""unit_hip_flexion_min"": 136.7280980965255, ""unit_knee_between_min"": 0.513072561613475}",render
r4_252,fresh_flagged_fm2_framing_252_V00_S1236_I00001160_P0229A_f0010105,V00_S1236_I00001160_P0229A,improvised/train/0027/0063/V00_S1236_I00001160_P0229A,improvised/train/0027/0065/V00_S1236_I00001160_P0085A,fresh_flagged_fm2_framing,fresh,improvised,10105,V00,improvised,train,ipc_conversation,fm2_framing: only this mode fired; participant not in the recheck cohort,"{""clip_anchored_on_fm2_violation"": true, ""flag_count"": 1, ""flags_fired"": ""fm2_framing"", ""fm1_hip_flexion_deg_p50"": 132.44589507277928, ""fm1_knee_between_torso_p50"": 0.5400547123247106, ""fm1_leg_over_torso_p50"": 1.032188810264517, ""fm1_reasons"": """", ""fm1_shin_verticality_p50"": 0.9994449058202762, ""fm1_sitting_file"": false, ""fm1_sitting_participant"": false, ""fm1_unit"": ""0229A@1236"", ""fm1_unit_basis"": ""none"", ""fm2_in_frame_and_valid_frac"": 0.9935567010309279, ""fm2_pass_frac_round3_joints_only"": 0.9970790378006873, ""fm2_surface_correction_px_p50"": 48.508186871003886, ""fm2_vertex_worst_inset_min_px"": -80.59539021310877, ""fm2_violation_run_max_frames"": 15.0, ""fm2_violation_runs"": 15.0, ""fm2_windowed_pass_frac"": 0.8333333333333334, ""fm3_static_frac"": 0.04218213058419244, ""observed_duration_s"": 388.0, ""unit_files"": 2.0, ""unit_flagged_frac"": 0.0, ""unit_hip_flexion_min"": 126.21444634303927, ""unit_knee_between_min"": 0.5197624498468782}",render
r4_253,fresh_flagged_fm2_framing_253_V00_S1306_I00000724_P0059A_f0004800,V00_S1306_I00000724_P0059A,improvised/train/0029/0030/V00_S1306_I00000724_P0059A,improvised/train/0029/0045/V00_S1306_I00000724_P0006A,fresh_flagged_fm2_framing,fresh,improvised,4800,V00,improvised,train,ipc_conversation,fm2_framing: only this mode fired; participant not in the recheck cohort,"{""clip_anchored_on_fm2_violation"": true, ""flag_count"": 1, ""flags_fired"": ""fm2_framing"", ""fm1_hip_flexion_deg_p50"": 151.89033583480784, ""fm1_knee_between_torso_p50"": 0.5492893700498379, ""fm1_leg_over_torso_p50"": 1.3637545104540614, ""fm1_reasons"": """", ""fm1_shin_verticality_p50"": 0.9996876405938829, ""fm1_sitting_file"": false, ""fm1_sitting_participant"": false, ""fm1_unit"": ""0059A@1306"", ""fm1_unit_basis"": ""none"", ""fm2_in_frame_and_valid_frac"": 0.9935087719298246, ""fm2_pass_frac_round3_joints_only"": 0.9935087719298246, ""fm2_surface_correction_px_p50"": 26.582643093675273, ""fm2_vertex_worst_inset_min_px"": -371.11534163611987, ""fm2_violation_run_max_frames"": 31.0, ""fm2_violation_runs"": 6.0, ""fm2_windowed_pass_frac"": 0.5, ""fm3_static_frac"": 0.033514651693279524, ""observed_duration_s"": 190.0, ""unit_files"": 2.0, ""unit_flagged_frac"": 0.0, ""unit_hip_flexion_min"": 151.89033583480784, ""unit_knee_between_min"": 0.5492893700498379}",render
r4_254,fresh_flagged_fm2_framing_254_V00_S0103_I00000309_P0152_f0004200,V00_S0103_I00000309_P0152,improvised/train/0001/0023/V00_S0103_I00000309_P0152,improvised/train/0001/0029/V00_S0103_I00000309_P0059A,fresh_flagged_fm2_framing,fresh,improvised,4200,V00,improvised,train,ipc_conversation,fm2_framing: only this mode fired; participant not in the recheck cohort,"{""clip_anchored_on_fm2_violation"": true, ""flag_count"": 1, ""flags_fired"": ""fm2_framing"", ""fm1_hip_flexion_deg_p50"": 143.1188868039722, ""fm1_knee_between_torso_p50"": 0.5413961227043338, ""fm1_leg_over_torso_p50"": 1.1438232982938605, ""fm1_reasons"": """", ""fm1_shin_verticality_p50"": 0.9999999999999698, ""fm1_sitting_file"": false, ""fm1_sitting_participant"": false, ""fm1_unit"": ""0152@0103"", ""fm1_unit_basis"": ""none"", ""fm2_in_frame_and_valid_frac"": 0.8854901960784314, ""fm2_pass_frac_round3_joints_only"": 0.8903921568627451, ""fm2_surface_correction_px_p50"": 42.69753579000883, ""fm2_vertex_worst_inset_min_px"": -72.60225210354395, ""fm2_violation_run_max_frames"": 75.0, ""fm2_violation_runs"": 66.0, ""fm2_windowed_pass_frac"": 0.6, ""fm3_static_frac"": 0.4264705882352941, ""observed_duration_s"": 170.0, ""unit_files"": 3.0, ""unit_flagged_frac"": 0.0, ""unit_hip_flexion_min"": 138.19810249526165, ""unit_knee_between_min"": 0.5380097877126011}",render
r4_255,fresh_flagged_fm2_framing_255_V00_S0453_I00000910_P0262A_f0007500,V00_S0453_I00000910_P0262A,improvised/train/0010/0049/V00_S0453_I00000910_P0262A,improvised/train/0010/0038/V00_S0453_I00000910_P0323A,fresh_flagged_fm2_framing,fresh,improvised,7500,V00,improvised,train,ipc_conversation,fm2_framing: only this mode fired; participant not in the recheck cohort,"{""clip_anchored_on_fm2_violation"": true, ""flag_count"": 1, ""flags_fired"": ""fm2_framing"", ""fm1_hip_flexion_deg_p50"": 131.38561254224123, ""fm1_knee_between_torso_p50"": 0.5036121861665228, ""fm1_leg_over_torso_p50"": 1.0798714802140181, ""fm1_reasons"": """", ""fm1_shin_verticality_p50"": 0.9994801140714196, ""fm1_sitting_file"": false, ""fm1_sitting_participant"": false, ""fm1_unit"": ""0262A@0453"", ""fm1_unit_basis"": ""none"", ""fm2_in_frame_and_valid_frac"": 0.9863095238095239, ""fm2_pass_frac_round3_joints_only"": 0.9886904761904762, ""fm2_surface_correction_px_p50"": 39.2621895275704, ""fm2_vertex_worst_inset_min_px"": -78.70450883877197, ""fm2_violation_run_max_frames"": 48.0, ""fm2_violation_runs"": 12.0, ""fm2_windowed_pass_frac"": 0.7777777777777778, ""fm3_static_frac"": 0.006547619047619048, ""observed_duration_s"": 280.0, ""unit_files"": 2.0, ""unit_flagged_frac"": 0.0, ""unit_hip_flexion_min"": 131.38561254224123, ""unit_knee_between_min"": 0.5036121861665228}",render
r4_256,fresh_flagged_fm2_framing_256_V00_S1218_I00001161_P0707A_f0000368,V00_S1218_I00001161_P0707A,improvised/train/0027/0017/V00_S1218_I00001161_P0707A,improvised/train/0027/0048/V00_S1218_I00001161_P0658A,fresh_flagged_fm2_framing,fresh,improvised,368,V00,improvised,train,ipc_conversation,fm2_framing: only this mode fired; participant not in the recheck cohort,"{""clip_anchored_on_fm2_violation"": true, ""flag_count"": 1, ""flags_fired"": ""fm2_framing"", ""fm1_hip_flexion_deg_p50"": 142.85417337332052, ""fm1_knee_between_torso_p50"": 0.5370641732818042, ""fm1_leg_over_torso_p50"": 1.3185745074658355, ""fm1_reasons"": """", ""fm1_shin_verticality_p50"": 0.9979253135081301, ""fm1_sitting_file"": false, ""fm1_sitting_participant"": false, ""fm1_unit"": ""0707A@1218"", ""fm1_unit_basis"": ""none"", ""fm2_in_frame_and_valid_frac"": 0.9348399246704332, ""fm2_pass_frac_round3_joints_only"": 0.9348399246704332, ""fm2_surface_correction_px_p50"": 41.773961155076904, ""fm2_vertex_worst_inset_min_px"": -0.04513167216555303, ""fm2_violation_run_max_frames"": 604.0, ""fm2_violation_runs"": 24.0, ""fm2_windowed_pass_frac"": 0.45454545454545453, ""fm3_static_frac"": 0.0015065913370998117, ""observed_duration_s"": 354.0, ""unit_files"": 1.0, ""unit_flagged_frac"": 0.0, ""unit_hip_flexion_min"": 142.85417337332052, ""unit_knee_between_min"": 0.5370641732818042}",render
r4_257,fresh_flagged_fm2_framing_257_V00_S1881_I00000682_P0920A_f0003288,V00_S1881_I00000682_P0920A,improvised/train/0046/0005/V00_S1881_I00000682_P0920A,improvised/train/0046/0058/V00_S1881_I00000682_P0106A,fresh_flagged_fm2_framing,fresh,improvised,3288,V00,improvised,train,ipc_conversation,fm2_framing: only this mode fired; participant not in the recheck cohort,"{""clip_anchored_on_fm2_violation"": true, ""flag_count"": 1, ""flags_fired"": ""fm2_framing"", ""fm1_hip_flexion_deg_p50"": 145.67616287540108, ""fm1_knee_between_torso_p50"": 0.5611220121365534, ""fm1_leg_over_torso_p50"": 1.1428235821786439, ""fm1_reasons"": """", ""fm1_shin_verticality_p50"": 0.9994801174995702, ""fm1_sitting_file"": false, ""fm1_sitting_participant"": false, ""fm1_unit"": ""0920A@1881"", ""fm1_unit_basis"": ""none"", ""fm2_in_frame_and_valid_frac"": 0.9935897435897436, ""fm2_pass_frac_round3_joints_only"": 0.9939316239316239, ""fm2_surface_correction_px_p50"": 72.4946630988737, ""fm2_vertex_worst_inset_min_px"": -1.8423768292011573, ""fm2_violation_run_max_frames"": 37.0, ""fm2_violation_runs"": 5.0, ""fm2_windowed_pass_frac"": 0.8461538461538461, ""fm3_static_frac"": 0.005982905982905983, ""observed_duration_s"": 390.0, ""unit_files"": 1.0, ""unit_flagged_frac"": 0.0, ""unit_hip_flexion_min"": 145.67616287540108, ""unit_knee_between_min"": 0.5611220121365534}",render
r4_258,fresh_flagged_fm2_framing_258_V00_S1868_I00001156_P0935A_f0008460,V00_S1868_I00001156_P0935A,improvised/train/0046/0023/V00_S1868_I00001156_P0935A,improvised/train/0046/0050/V00_S1868_I00001156_P0180A,fresh_flagged_fm2_framing,fresh,improvised,8460,V00,improvised,train,ipc_conversation,fm2_framing: only this mode fired; participant not in the recheck cohort,"{""clip_anchored_on_fm2_violation"": true, ""flag_count"": 1, ""flags_fired"": ""fm2_framing"", ""fm1_hip_flexion_deg_p50"": 137.51033533849167, ""fm1_knee_between_torso_p50"": 0.5166434485306075, ""fm1_leg_over_torso_p50"": 1.266600755587398, ""fm1_reasons"": """", ""fm1_shin_verticality_p50"": 0.9982743833554306, ""fm1_sitting_file"": false, ""fm1_sitting_participant"": false, ""fm1_unit"": ""0935A@1868"", ""fm1_unit_basis"": ""none"", ""fm2_in_frame_and_valid_frac"": 0.9893162393162394, ""fm2_pass_frac_round3_joints_only"": 0.9893162393162394, ""fm2_surface_correction_px_p50"": 38.40991010761741, ""fm2_vertex_worst_inset_min_px"": 40.76461443770472, ""fm2_violation_run_max_frames"": 100.0, ""fm2_violation_runs"": 1.0, ""fm2_windowed_pass_frac"": 1.0, ""fm3_static_frac"": 0.01581196581196581, ""observed_duration_s"": 312.0, ""unit_files"": 1.0, ""unit_flagged_frac"": 0.0, ""unit_hip_flexion_min"": 137.51033533849167, ""unit_knee_between_min"": 0.5166434485306075}",render
r4_259,fresh_flagged_fm2_framing_259_V00_S1431_I00000666_P1115A_f0005345,V00_S1431_I00000666_P1115A,improvised/train/0033/0062/V00_S1431_I00000666_P1115A,improvised/train/0033/0056/V00_S1431_I00000666_P0955A,fresh_flagged_fm2_framing,fresh,improvised,5345,V00,improvised,train,ipc_conversation,fm2_framing: only this mode fired; participant not in the recheck cohort,"{""clip_anchored_on_fm2_violation"": true, ""flag_count"": 1, ""flags_fired"": ""fm2_framing"", ""fm1_hip_flexion_deg_p50"": 165.98520671857315, ""fm1_knee_between_torso_p50"": 0.5884614127731442, ""fm1_leg_over_torso_p50"": 1.2367956805690579, ""fm1_reasons"": """", ""fm1_shin_verticality_p50"": 1.0, ""fm1_sitting_file"": false, ""fm1_sitting_participant"": false, ""fm1_unit"": ""1115A@1431"", ""fm1_unit_basis"": ""none"", ""fm2_in_frame_and_valid_frac"": 0.999537037037037, ""fm2_pass_frac_round3_joints_only"": 0.999537037037037, ""fm2_surface_correction_px_p50"": 35.107592479020354, ""fm2_vertex_worst_inset_min_px"": 1.18679348815715, ""fm2_violation_run_max_frames"": 3.0, ""fm2_violation_runs"": 1.0, ""fm2_windowed_pass_frac"": 0.8571428571428571, ""fm3_static_frac"": 0.0, ""observed_duration_s"": 216.0, ""unit_files"": 2.0, ""unit_flagged_frac"": 0.0, ""unit_hip_flexion_min"": 150.37780934872387, ""unit_knee_between_min"": 0.5757141707995173}",render
r4_260,fresh_flagged_fm2_framing_260_V00_S1518_I00001125_P1115A_f0000000,V00_S1518_I00001125_P1115A,improvised/train/0036/0006/V00_S1518_I00001125_P1115A,improvised/train/0036/0020/V00_S1518_I00001125_P0789A,fresh_flagged_fm2_framing,fresh,improvised,0,V00,improvised,train,ipc_conversation,fm2_framing: only this mode fired; participant not in the recheck cohort,"{""clip_anchored_on_fm2_violation"": true, ""flag_count"": 1, ""flags_fired"": ""fm2_framing"", ""fm1_hip_flexion_deg_p50"": 140.84412980534262, ""fm1_knee_between_torso_p50"": 0.5903886985534983, ""fm1_leg_over_torso_p50"": 1.0611473617290015, ""fm1_reasons"": """", ""fm1_shin_verticality_p50"": 0.9994449110973145, ""fm1_sitting_file"": false, ""fm1_sitting_participant"": false, ""fm1_unit"": ""1115A@1518"", ""fm1_unit_basis"": ""none"", ""fm2_in_frame_and_valid_frac"": 0.8796296296296297, ""fm2_pass_frac_round3_joints_only"": 0.8837231968810916, ""fm2_surface_correction_px_p50"": 41.33951158959735, ""fm2_vertex_worst_inset_min_px"": -193.98880314542635, ""fm2_violation_run_max_frames"": 537.0, ""fm2_violation_runs"": 35.0, ""fm2_windowed_pass_frac"": 0.2727272727272727, ""fm3_static_frac"": 0.023099415204678363, ""observed_duration_s"": 342.0, ""unit_files"": 2.0, ""unit_flagged_frac"": 0.0, ""unit_hip_flexion_min"": 139.87128845736356, ""unit_knee_between_min"": 0.5903886985534983}",render
r4_261,fresh_flagged_fm2_framing_261_V00_S0520_I00000785_P0662_f0006951,V00_S0520_I00000785_P0662,improvised/train/0011/0014/V00_S0520_I00000785_P0662,improvised/train/0011/0048/V00_S0520_I00000785_P0658A,fresh_flagged_fm2_framing,fresh,improvised,6951,V00,improvised,train,grounded_gesture,fm2_framing: only this mode fired; participant not in the recheck cohort,"{""clip_anchored_on_fm2_violation"": true, ""flag_count"": 1, ""flags_fired"": ""fm2_framing"", ""fm1_hip_flexion_deg_p50"": 149.75033087692165, ""fm1_knee_between_torso_p50"": 0.5421727480980567, ""fm1_leg_over_torso_p50"": 1.3603594298884079, ""fm1_reasons"": """", ""fm1_shin_verticality_p50"": 0.9995920811870624, ""fm1_sitting_file"": false, ""fm1_sitting_participant"": false, ""fm1_unit"": ""0662@0520"", ""fm1_unit_basis"": ""none"", ""fm2_in_frame_and_valid_frac"": 0.9758658008658009, ""fm2_pass_frac_round3_joints_only"": 0.9783549783549783, ""fm2_surface_correction_px_p50"": 42.38408498326987, ""fm2_vertex_worst_inset_min_px"": -161.7989558417804, ""fm2_violation_run_max_frames"": 78.0, ""fm2_violation_runs"": 10.0, ""fm2_windowed_pass_frac"": 0.4, ""fm3_static_frac"": 0.02132034632034632, ""observed_duration_s"": 308.0, ""unit_files"": 2.0, ""unit_flagged_frac"": 0.0, ""unit_hip_flexion_min"": 149.75033087692165, ""unit_knee_between_min"": 0.5421727480980567}",render
