review_item_id,clip_id,file_id,source_relbase,partner_source_relbase,sample_group,label_stratum,start_frame,vendor,label,split,activity_type,selection_reason,signals_json,render_policy
brief_000,pass_improvised_000_V00_S0127_I00000307_P0029A_f0000224,V00_S0127_I00000307_P0029A,improvised/train/0002/0023/V00_S0127_I00000307_P0029A,improvised/train/0002/0027/V00_S0127_I00000307_P0188,pass_improvised,improvised,224,V00,improvised,train,ipc_conversation,random draw from improvised files that passed all three checks,"{""clip_note"": """", ""fm1_knee_between_torso_p50"": 0.4700702709174007, ""fm2_longest_invalid_run_s"": 0.0, ""fm2_smplh_valid_frac"": 1.0, ""fm3_static_frac"": 0.46564625850340136, ""observed_duration_s"": 98.0, ""unit_flagged_frac"": 0.0}",render
brief_001,pass_improvised_001_V00_S1695_I00000710_P0789A_f0002426,V00_S1695_I00000710_P0789A,improvised/train/0041/0058/V00_S1695_I00000710_P0789A,improvised/train/0041/0025/V00_S1695_I00000710_P1104A,pass_improvised,improvised,2426,V00,improvised,train,ipc_conversation,random draw from improvised files that passed all three checks,"{""clip_note"": """", ""fm1_knee_between_torso_p50"": 0.5954039853959952, ""fm2_longest_invalid_run_s"": 0.0, ""fm2_smplh_valid_frac"": 1.0, ""fm3_static_frac"": 0.5510135135135135, ""observed_duration_s"": 296.0, ""unit_flagged_frac"": 0.0}",render
brief_002,pass_improvised_002_V00_S0545_I00000135_P0682A_f0003835,V00_S0545_I00000135_P0682A,improvised/train/0011/0034/V00_S0545_I00000135_P0682A,improvised/train/0011/0037/V00_S0545_I00000135_P0058,pass_improvised,improvised,3835,V00,improvised,train,collaborative_storytelling,random draw from improvised files that passed all three checks,"{""clip_note"": """", ""fm1_knee_between_torso_p50"": 0.5235835823626432, ""fm2_longest_invalid_run_s"": 0.0, ""fm2_smplh_valid_frac"": 1.0, ""fm3_static_frac"": 0.1863157894736842, ""observed_duration_s"": 190.0, ""unit_flagged_frac"": 0.0}",render
brief_003,pass_improvised_003_V00_S1504_I00000666_P0707A_f0004194,V00_S1504_I00000666_P0707A,improvised/train/0035/0061/V00_S1504_I00000666_P0707A,improvised/train/0035/0059/V00_S1504_I00000666_P0041A,pass_improvised,improvised,4194,V00,improvised,train,ipc_conversation,random draw from improvised files that passed all three checks,"{""clip_note"": """", ""fm1_knee_between_torso_p50"": 0.5285208602456112, ""fm2_longest_invalid_run_s"": 0.0, ""fm2_smplh_valid_frac"": 1.0, ""fm3_static_frac"": 0.0018115942028985507, ""observed_duration_s"": 184.0, ""unit_flagged_frac"": 0.0}",render
brief_004,pass_improvised_004_V00_S2086_I00001131_P1343A_f0004231,V00_S2086_I00001131_P1343A,improvised/train/0049/0047/V00_S2086_I00001131_P1343A,improvised/train/0049/0012/V00_S2086_I00001131_P1344A,pass_improvised,improvised,4231,V00,improvised,train,ipc_conversation,random draw from improvised files that passed all three checks,"{""clip_note"": """", ""fm1_knee_between_torso_p50"": 0.5892406764236022, ""fm2_longest_invalid_run_s"": 0.0, ""fm2_smplh_valid_frac"": 1.0, ""fm3_static_frac"": 0.6336309523809524, ""observed_duration_s"": 224.0, ""unit_flagged_frac"": 0.0}",render
brief_005,pass_improvised_005_V00_S1953_I00001102_P1151A_f0007207,V00_S1953_I00001102_P1151A,improvised/train/0047/0050/V00_S1953_I00001102_P1151A,improvised/train/0047/0054/V00_S1953_I00001102_P0196A,pass_improvised,improvised,7207,V00,improvised,train,ipc_conversation,random draw from improvised files that passed all three checks,"{""clip_note"": """", ""fm1_knee_between_torso_p50"": 0.47226878895995206, ""fm2_longest_invalid_run_s"": 0.0, ""fm2_smplh_valid_frac"": 1.0, ""fm3_static_frac"": 0.0392156862745098, ""observed_duration_s"": 272.0, ""unit_flagged_frac"": 0.0}",render
brief_006,pass_improvised_006_V00_S1333_I00001224_P1103A_f0007203,V00_S1333_I00001224_P1103A,improvised/train/0030/0048/V00_S1333_I00001224_P1103A,improvised/train/0030/0036/V00_S1333_I00001224_P0921A,pass_improvised,improvised,7203,V00,improvised,train,ipc_conversation,random draw from improvised files that passed all three checks,"{""clip_note"": """", ""fm1_knee_between_torso_p50"": 0.6096427840177561, ""fm2_longest_invalid_run_s"": 0.0, ""fm2_smplh_valid_frac"": 1.0, ""fm3_static_frac"": 0.21735632183908046, ""observed_duration_s"": 290.0, ""unit_flagged_frac"": 0.0}",render
brief_007,pass_improvised_007_V00_S1621_I00001120_P1155A_f0004784,V00_S1621_I00001120_P1155A,improvised/train/0039/0019/V00_S1621_I00001120_P1155A,improvised/train/0039/0039/V00_S1621_I00001120_P1099A,pass_improvised,improvised,4784,V00,improvised,train,ipc_conversation,random draw from improvised files that passed all three checks,"{""clip_note"": """", ""fm1_knee_between_torso_p50"": 0.47202106158412493, ""fm2_longest_invalid_run_s"": 0.0, ""fm2_smplh_valid_frac"": 1.0, ""fm3_static_frac"": 0.13656462585034013, ""observed_duration_s"": 196.0, ""unit_flagged_frac"": 0.0}",render
brief_008,pass_improvised_008_V00_S0917_I00000309_P0012A_f0001945,V00_S0917_I00000309_P0012A,improvised/train/0019/0058/V00_S0917_I00000309_P0012A,improvised/train/0019/0057/V00_S0917_I00000309_P1017,pass_improvised,improvised,1945,V00,improvised,train,ipc_conversation,random draw from improvised files that passed all three checks,"{""clip_note"": """", ""fm1_knee_between_torso_p50"": 0.49531678383177985, ""fm2_longest_invalid_run_s"": 0.0, ""fm2_smplh_valid_frac"": 1.0, ""fm3_static_frac"": 0.26003787878787876, ""observed_duration_s"": 176.0, ""unit_flagged_frac"": 0.0}",render
brief_009,pass_improvised_009_V00_S0092_I00000307_P0029A_f0001768,V00_S0092_I00000307_P0029A,improvised/train/0001/0025/V00_S0092_I00000307_P0029A,improvised/train/0001/0016/V00_S0092_I00000307_P0133,pass_improvised,improvised,1768,V00,improvised,train,ipc_conversation,random draw from improvised files that passed all three checks,"{""clip_note"": """", ""fm1_knee_between_torso_p50"": 0.5197241684031446, ""fm2_longest_invalid_run_s"": 0.0, ""fm2_smplh_valid_frac"": 1.0, ""fm3_static_frac"": 0.3886904761904762, ""observed_duration_s"": 168.0, ""unit_flagged_frac"": 0.0}",render
brief_010,pass_improvised_010_V00_S1582_I00001167_P0989A_f0005223,V00_S1582_I00001167_P0989A,improvised/train/0038/0014/V00_S1582_I00001167_P0989A,improvised/train/0038/0041/V00_S1582_I00001167_P0893A,pass_improvised,improvised,5223,V00,improvised,train,ipc_conversation,random draw from improvised files that passed all three checks,"{""clip_note"": """", ""fm1_knee_between_torso_p50"": 0.5570942645349016, ""fm2_longest_invalid_run_s"": 0.0, ""fm2_smplh_valid_frac"": 1.0, ""fm3_static_frac"": 0.553125, ""observed_duration_s"": 288.0, ""unit_flagged_frac"": 0.0}",render
brief_011,pass_improvised_011_V00_S2086_I00001125_P1343A_f0000913,V00_S2086_I00001125_P1343A,improvised/train/0049/0008/V00_S2086_I00001125_P1343A,improvised/train/0049/0024/V00_S2086_I00001125_P1344A,pass_improvised,improvised,913,V00,improvised,train,ipc_conversation,random draw from improvised files that passed all three checks,"{""clip_note"": """", ""fm1_knee_between_torso_p50"": 0.5772505825867464, ""fm2_longest_invalid_run_s"": 0.0, ""fm2_smplh_valid_frac"": 1.0, ""fm3_static_frac"": 0.0033625730994152046, ""observed_duration_s"": 228.0, ""unit_flagged_frac"": 0.0}",render
brief_012,pass_improvised_012_V00_S0195_I00000538_P0150A_f0002250,V00_S0195_I00000538_P0150A,improvised/train/0004/0027/V00_S0195_I00000538_P0150A,improvised/train/0004/0004/V00_S0195_I00000538_P0267,pass_improvised,improvised,2250,V00,improvised,train,ipc_conversation,random draw from improvised files that passed all three checks,"{""clip_note"": """", ""fm1_knee_between_torso_p50"": 0.4800203510669908, ""fm2_longest_invalid_run_s"": 0.0, ""fm2_smplh_valid_frac"": 1.0, ""fm3_static_frac"": 0.6364197530864197, ""observed_duration_s"": 108.0, ""unit_flagged_frac"": 0.0}",render
brief_013,pass_improvised_013_V00_S1583_I00000074_P1114A_f0005923,V00_S1583_I00000074_P1114A,improvised/train/0038/0048/V00_S1583_I00000074_P1114A,improvised/train/0038/0030/V00_S1583_I00000074_P0546,pass_improvised,improvised,5923,V00,improvised,train,ipc_conversation,random draw from improvised files that passed all three checks,"{""clip_note"": """", ""fm1_knee_between_torso_p50"": 0.5643089043373881, ""fm2_longest_invalid_run_s"": 0.0, ""fm2_smplh_valid_frac"": 1.0, ""fm3_static_frac"": 0.43728813559322033, ""observed_duration_s"": 236.0, ""unit_flagged_frac"": 0.0}",render
brief_014,pass_improvised_014_V00_S1944_I00000671_P1154A_f0002849,V00_S1944_I00000671_P1154A,improvised/train/0047/0015/V00_S1944_I00000671_P1154A,improvised/train/0047/0060/V00_S1944_I00000671_P1139A,pass_improvised,improvised,2849,V00,improvised,train,ipc_conversation,random draw from improvised files that passed all three checks,"{""clip_note"": """", ""fm1_knee_between_torso_p50"": 0.5303559758106982, ""fm2_longest_invalid_run_s"": 0.0, ""fm2_smplh_valid_frac"": 1.0, ""fm3_static_frac"": 0.09017660044150111, ""observed_duration_s"": 302.0, ""unit_flagged_frac"": 0.0}",render
brief_015,pass_improvised_015_V00_S0924_I00000125_P0145_f0007133,V00_S0924_I00000125_P0145,improvised/train/0019/0053/V00_S0924_I00000125_P0145,improvised/train/0019/0019/V00_S0924_I00000125_P0229A,pass_improvised,improvised,7133,V00,improvised,train,ipc_conversation,random draw from improvised files that passed all three checks,"{""clip_note"": """", ""fm1_knee_between_torso_p50"": 0.5656375307044123, ""fm2_longest_invalid_run_s"": 0.0, ""fm2_smplh_valid_frac"": 1.0, ""fm3_static_frac"": 0.3308531746031746, ""observed_duration_s"": 336.0, ""unit_flagged_frac"": 0.0}",render
brief_016,pass_improvised_016_V00_S0228_I00000576_P0027A_f0004134,V00_S0228_I00000576_P0027A,improvised/train/0005/0020/V00_S0228_I00000576_P0027A,improvised/train/0005/0016/V00_S0228_I00000576_P0314,pass_improvised,improvised,4134,V00,improvised,train,ipc_conversation,random draw from improvised files that passed all three checks,"{""clip_note"": """", ""fm1_knee_between_torso_p50"": 0.5268430090261361, ""fm2_longest_invalid_run_s"": 0.0, ""fm2_smplh_valid_frac"": 1.0, ""fm3_static_frac"": 0.16053639846743295, ""observed_duration_s"": 174.0, ""unit_flagged_frac"": 0.0}",render
brief_017,pass_improvised_017_V00_S1177_I00001117_P0976A_f0006795,V00_S1177_I00001117_P0976A,improvised/train/0026/0024/V00_S1177_I00001117_P0976A,improvised/train/0026/0032/V00_S1177_I00001117_P0744,pass_improvised,improvised,6795,V00,improvised,train,ipc_conversation,random draw from improvised files that passed all three checks,"{""clip_note"": """", ""fm1_knee_between_torso_p50"": 0.5341179962216027, ""fm2_longest_invalid_run_s"": 0.0, ""fm2_smplh_valid_frac"": 1.0, ""fm3_static_frac"": 0.05451197053406998, ""observed_duration_s"": 362.0, ""unit_flagged_frac"": 0.0}",render
brief_018,pass_improvised_018_V00_S0871_I00000848_P0120A_f0004277,V00_S0871_I00000848_P0120A,improvised/train/0018/0007/V00_S0871_I00000848_P0120A,improvised/train/0018/0019/V00_S0871_I00000848_P0921A,pass_improvised,improvised,4277,V00,improvised,train,ipc_conversation,random draw from improvised files that passed all three checks,"{""clip_note"": """", ""fm1_knee_between_torso_p50"": 0.5268948185901441, ""fm2_longest_invalid_run_s"": 0.0, ""fm2_smplh_valid_frac"": 1.0, ""fm3_static_frac"": 0.0011784511784511784, ""observed_duration_s"": 198.0, ""unit_flagged_frac"": 0.0}",render
brief_019,pass_improvised_019_V00_S1352_I00001180_P0085A_f0009229,V00_S1352_I00001180_P0085A,improvised/train/0031/0014/V00_S1352_I00001180_P0085A,improvised/train/0031/0035/V00_S1352_I00001180_P0955A,pass_improvised,improvised,9229,V00,improvised,train,ipc_conversation,random draw from improvised files that passed all three checks,"{""clip_note"": """", ""fm1_knee_between_torso_p50"": 0.5674502838483293, ""fm2_longest_invalid_run_s"": 0.0, ""fm2_smplh_valid_frac"": 1.0, ""fm3_static_frac"": 0.35224171539961013, ""observed_duration_s"": 342.0, ""unit_flagged_frac"": 0.0}",render
brief_020,pass_improvised_020_V00_S1831_I00000414_P0791_f0002302,V00_S1831_I00000414_P0791,improvised/train/0045/0017/V00_S1831_I00000414_P0791,improvised/train/0045/0018/V00_S1831_I00000414_P0106A,pass_improvised,improvised,2302,V00,improvised,train,ipc_conversation,random draw from improvised files that passed all three checks,"{""clip_note"": """", ""fm1_knee_between_torso_p50"": 0.5321387771023026, ""fm2_longest_invalid_run_s"": 0.0, ""fm2_smplh_valid_frac"": 1.0, ""fm3_static_frac"": 0.030894308943089432, ""observed_duration_s"": 246.0, ""unit_flagged_frac"": 0.0}",render
brief_021,pass_improvised_021_V00_S0233_I00000504_P0029A_f0001897,V00_S0233_I00000504_P0029A,improvised/train/0005/0002/V00_S0233_I00000504_P0029A,improvised/train/0005/0009/V00_S0233_I00000504_P0319,pass_improvised,improvised,1897,V00,improvised,train,ipc_conversation,random draw from improvised files that passed all three checks,"{""clip_note"": """", ""fm1_knee_between_torso_p50"": 0.5017990558925716, ""fm2_longest_invalid_run_s"": 0.0, ""fm2_smplh_valid_frac"": 1.0, ""fm3_static_frac"": 0.0, ""observed_duration_s"": 130.0, ""unit_flagged_frac"": 0.0}",render
brief_022,pass_improvised_022_V00_S0785_I00000375_P0464A_f0002469,V00_S0785_I00000375_P0464A,improvised/train/0015/0008/V00_S0785_I00000375_P0464A,improvised/train/0015/0033/V00_S0785_I00000375_P0924,pass_improvised,improvised,2469,V00,improvised,train,ipc_conversation,random draw from improvised files that passed all three checks,"{""clip_note"": """", ""fm1_knee_between_torso_p50"": 0.5674428349617674, ""fm2_longest_invalid_run_s"": 0.0, ""fm2_smplh_valid_frac"": 1.0, ""fm3_static_frac"": 0.6158227848101265, ""observed_duration_s"": 158.0, ""unit_flagged_frac"": 0.0}",render
brief_023,pass_improvised_023_V00_S0877_I00000488_P0989_f0002703,V00_S0877_I00000488_P0989,improvised/train/0018/0029/V00_S0877_I00000488_P0989,improvised/train/0018/0016/V00_S0877_I00000488_P0028A,pass_improvised,improvised,2703,V00,improvised,train,ipc_conversation,random draw from improvised files that passed all three checks,"{""clip_note"": """", ""fm1_knee_between_torso_p50"": 0.6072721228954118, ""fm2_longest_invalid_run_s"": 0.0, ""fm2_smplh_valid_frac"": 1.0, ""fm3_static_frac"": 0.00040160642570281126, ""observed_duration_s"": 166.0, ""unit_flagged_frac"": 0.0}",render
brief_024,pass_improvised_024_V00_S1267_I00001219_P0825A_f0002927,V00_S1267_I00001219_P0825A,improvised/train/0028/0051/V00_S1267_I00001219_P0825A,improvised/train/0028/0034/V00_S1267_I00001219_P1102A,pass_improvised,improvised,2927,V00,improvised,train,ipc_conversation,random draw from improvised files that passed all three checks,"{""clip_note"": """", ""fm1_knee_between_torso_p50"": 0.5147424592171479, ""fm2_longest_invalid_run_s"": 0.0, ""fm2_smplh_valid_frac"": 1.0, ""fm3_static_frac"": 0.4478378378378378, ""observed_duration_s"": 370.0, ""unit_flagged_frac"": 0.0}",render
brief_025,pass_improvised_025_V00_S0056_I00000372_P0086_f0000199,V00_S0056_I00000372_P0086,improvised/train/0000/0022/V00_S0056_I00000372_P0086,improvised/train/0000/0014/V00_S0056_I00000372_P0027A,pass_improvised,improvised,199,V00,improvised,train,ipc_conversation,random draw from improvised files that passed all three checks,"{""clip_note"": """", ""fm1_knee_between_torso_p50"": 0.4950952948323858, ""fm2_longest_invalid_run_s"": 0.0, ""fm2_smplh_valid_frac"": 1.0, ""fm3_static_frac"": 0.5784153005464481, ""observed_duration_s"": 122.0, ""unit_flagged_frac"": 0.0}",render
brief_026,pass_improvised_026_V00_S0108_I00000480_P0028A_f0001203,V00_S0108_I00000480_P0028A,improvised/train/0002/0011/V00_S0108_I00000480_P0028A,improvised/train/0002/0037/V00_S0108_I00000480_P0156,pass_improvised,improvised,1203,V00,improvised,train,ipc_conversation,random draw from improvised files that passed all three checks,"{""clip_note"": """", ""fm1_knee_between_torso_p50"": 0.5462093180905468, ""fm2_longest_invalid_run_s"": 0.0, ""fm2_smplh_valid_frac"": 1.0, ""fm3_static_frac"": 0.5736383442265796, ""observed_duration_s"": 306.0, ""unit_flagged_frac"": 0.0}",render
brief_027,pass_improvised_027_V00_S1687_I00001220_P1155A_f0010137,V00_S1687_I00001220_P1155A,improvised/train/0041/0062/V00_S1687_I00001220_P1155A,improvised/train/0041/0065/V00_S1687_I00001220_P1152A,pass_improvised,improvised,10137,V00,improvised,train,ipc_conversation,random draw from improvised files that passed all three checks,"{""clip_note"": """", ""fm1_knee_between_torso_p50"": 0.5363669772978165, ""fm2_longest_invalid_run_s"": 0.0, ""fm2_smplh_valid_frac"": 1.0, ""fm3_static_frac"": 0.10689354275741711, ""observed_duration_s"": 382.0, ""unit_flagged_frac"": 0.0}",render
brief_028,pass_improvised_028_V00_S1036_I00001097_P0229A_f0004044,V00_S1036_I00001097_P0229A,improvised/train/0022/0042/V00_S1036_I00001097_P0229A,improvised/train/0022/0058/V00_S1036_I00001097_P0150A,pass_improvised,improvised,4044,V00,improvised,train,ipc_conversation,random draw from improvised files that passed all three checks,"{""clip_note"": """", ""fm1_knee_between_torso_p50"": 0.5145696763461193, ""fm2_longest_invalid_run_s"": 0.0, ""fm2_smplh_valid_frac"": 1.0, ""fm3_static_frac"": 0.5346456692913386, ""observed_duration_s"": 254.0, ""unit_flagged_frac"": 0.0}",render
brief_029,pass_improvised_029_V00_S0545_I00000309_P0058_f0003714,V00_S0545_I00000309_P0058,improvised/train/0011/0022/V00_S0545_I00000309_P0058,improvised/train/0011/0034/V00_S0545_I00000309_P0682A,pass_improvised,improvised,3714,V00,improvised,train,ipc_conversation,random draw from improvised files that passed all three checks,"{""clip_note"": """", ""fm1_knee_between_torso_p50"": 0.5389583212810116, ""fm2_longest_invalid_run_s"": 0.0, ""fm2_smplh_valid_frac"": 1.0, ""fm3_static_frac"": 0.4947257383966245, ""observed_duration_s"": 158.0, ""unit_flagged_frac"": 0.0}",render
brief_030,pass_improvised_030_V00_S1170_I00001218_P0869A_f0008777,V00_S1170_I00001218_P0869A,improvised/train/0026/0032/V00_S1170_I00001218_P0869A,improvised/train/0026/0034/V00_S1170_I00001218_P0464A,pass_improvised,improvised,8777,V00,improvised,train,ipc_conversation,random draw from improvised files that passed all three checks,"{""clip_note"": """", ""fm1_knee_between_torso_p50"": 0.5713080208990741, ""fm2_longest_invalid_run_s"": 0.0, ""fm2_smplh_valid_frac"": 1.0, ""fm3_static_frac"": 0.5811170212765957, ""observed_duration_s"": 376.0, ""unit_flagged_frac"": 0.0}",render
brief_031,pass_improvised_031_V00_S1401_I00001180_P0005A_f0000385,V00_S1401_I00001180_P0005A,improvised/train/0032/0019/V00_S1401_I00001180_P0005A,improvised/train/0032/0028/V00_S1401_I00001180_P0002A,pass_improvised,improvised,385,V00,improvised,train,ipc_conversation,random draw from improvised files that passed all three checks,"{""clip_note"": """", ""fm1_knee_between_torso_p50"": 0.56950650518544, ""fm2_longest_invalid_run_s"": 0.0, ""fm2_smplh_valid_frac"": 1.0, ""fm3_static_frac"": 0.18123689727463313, ""observed_duration_s"": 318.0, ""unit_flagged_frac"": 0.0}",render
brief_032,pass_improvised_032_V00_S0230_I00000544_P0150A_f0001204,V00_S0230_I00000544_P0150A,improvised/train/0005/0027/V00_S0230_I00000544_P0150A,improvised/train/0005/0026/V00_S0230_I00000544_P0322,pass_improvised,improvised,1204,V00,improvised,train,ipc_conversation,random draw from improvised files that passed all three checks,"{""clip_note"": """", ""fm1_knee_between_torso_p50"": 0.4267849007073058, ""fm2_longest_invalid_run_s"": 0.0, ""fm2_smplh_valid_frac"": 1.0, ""fm3_static_frac"": 0.6216845878136201, ""observed_duration_s"": 186.0, ""unit_flagged_frac"": 0.25}",render
brief_033,pass_improvised_033_V00_S1750_I00001236_P0396A_f0002169,V00_S1750_I00001236_P0396A,improvised/train/0043/0013/V00_S1750_I00001236_P0396A,improvised/train/0043/0059/V00_S1750_I00001236_P0989A,pass_improvised,improvised,2169,V00,improvised,train,ipc_conversation,random draw from improvised files that passed all three checks,"{""clip_note"": """", ""fm1_knee_between_torso_p50"": 0.5651186228365657, ""fm2_longest_invalid_run_s"": 0.0, ""fm2_smplh_valid_frac"": 1.0, ""fm3_static_frac"": 0.24885844748858446, ""observed_duration_s"": 146.0, ""unit_flagged_frac"": 0.0}",render
brief_034,pass_improvised_034_V00_S0071_I00000132_P0106_f0004200,V00_S0071_I00000132_P0106,improvised/train/0001/0021/V00_S0071_I00000132_P0106,,pass_improvised,improvised,4200,V00,improvised,train,ipc_conversation,random draw from improvised files that passed all three checks,"{""clip_note"": """", ""fm1_knee_between_torso_p50"": 0.5498684562907505, ""fm2_longest_invalid_run_s"": 0.0, ""fm2_smplh_valid_frac"": 1.0, ""fm3_static_frac"": 0.6009433962264151, ""observed_duration_s"": 212.0, ""unit_flagged_frac"": 0.0}",render
brief_035,pass_improvised_035_V00_S0884_I00000502_P0028A_f0002933,V00_S0884_I00000502_P0028A,improvised/train/0018/0026/V00_S0884_I00000502_P0028A,improvised/train/0018/0006/V00_S0884_I00000502_P0967,pass_improvised,improvised,2933,V00,improvised,train,ipc_conversation,random draw from improvised files that passed all three checks,"{""clip_note"": """", ""fm1_knee_between_torso_p50"": 0.5581670580369272, ""fm2_longest_invalid_run_s"": 0.0, ""fm2_smplh_valid_frac"": 1.0, ""fm3_static_frac"": 0.11578947368421053, ""observed_duration_s"": 266.0, ""unit_flagged_frac"": 0.0}",render
brief_036,pass_improvised_036_V00_S0893_I00000816_P0869A_f0003799,V00_S0893_I00000816_P0869A,improvised/train/0019/0061/V00_S0893_I00000816_P0869A,improvised/train/0019/0037/V00_S0893_I00000816_P0602A,pass_improvised,improvised,3799,V00,improvised,train,ipc_conversation,random draw from improvised files that passed all three checks,"{""clip_note"": """", ""fm1_knee_between_torso_p50"": 0.5958587403526587, ""fm2_longest_invalid_run_s"": 0.0, ""fm2_smplh_valid_frac"": 1.0, ""fm3_static_frac"": 0.41694756554307116, ""observed_duration_s"": 356.0, ""unit_flagged_frac"": 0.0}",render
brief_037,pass_improvised_037_V00_S0650_I00001292_P0005A_f0004167,V00_S0650_I00001292_P0005A,improvised/train/0012/0026/V00_S0650_I00001292_P0005A,improvised/train/0012/0011/V00_S0650_I00001292_P0658A,pass_improvised,improvised,4167,V00,improvised,train,ipc_conversation,random draw from improvised files that passed all three checks,"{""clip_note"": """", ""fm1_knee_between_torso_p50"": 0.6210939932957927, ""fm2_longest_invalid_run_s"": 0.0, ""fm2_smplh_valid_frac"": 1.0, ""fm3_static_frac"": 0.3579601990049751, ""observed_duration_s"": 268.0, ""unit_flagged_frac"": 0.0}",render
brief_038,pass_improvised_038_V00_S1650_I00001153_P0744A_f0004187,V00_S1650_I00001153_P0744A,improvised/train/0040/0065/V00_S1650_I00001153_P0744A,improvised/train/0040/0054/V00_S1650_I00001153_P1104A,pass_improvised,improvised,4187,V00,improvised,train,ipc_conversation,random draw from improvised files that passed all three checks,"{""clip_note"": """", ""fm1_knee_between_torso_p50"": 0.565512545498188, ""fm2_longest_invalid_run_s"": 0.0, ""fm2_smplh_valid_frac"": 1.0, ""fm3_static_frac"": 0.37830820770519263, ""observed_duration_s"": 398.0, ""unit_flagged_frac"": 0.0}",render
brief_039,pass_improvised_039_V00_S0411_I00000913_P0241A_f0006213,V00_S0411_I00000913_P0241A,improvised/train/0009/0040/V00_S0411_I00000913_P0241A,improvised/train/0009/0045/V00_S0411_I00000913_P0085A,pass_improvised,improvised,6213,V00,improvised,train,ipc_conversation,random draw from improvised files that passed all three checks,"{""clip_note"": """", ""fm1_knee_between_torso_p50"": 0.5297423899028018, ""fm2_longest_invalid_run_s"": 0.0, ""fm2_smplh_valid_frac"": 1.0, ""fm3_static_frac"": 0.1776948590381426, ""observed_duration_s"": 402.0, ""unit_flagged_frac"": 0.0}",render
brief_040,pass_improvised_040_V00_S0785_I00000544_P0924_f0000336,V00_S0785_I00000544_P0924,improvised/train/0015/0038/V00_S0785_I00000544_P0924,improvised/train/0015/0047/V00_S0785_I00000544_P0464A,pass_improvised,improvised,336,V00,improvised,train,ipc_conversation,random draw from improvised files that passed all three checks,"{""clip_note"": """", ""fm1_knee_between_torso_p50"": 0.5648680725891658, ""fm2_longest_invalid_run_s"": 0.0, ""fm2_smplh_valid_frac"": 1.0, ""fm3_static_frac"": 0.11175213675213676, ""observed_duration_s"": 156.0, ""unit_flagged_frac"": 0.0}",render
brief_041,pass_improvised_041_V00_S0432_I00000581_P0569_f0003915,V00_S0432_I00000581_P0569,improvised/train/0009/0001/V00_S0432_I00000581_P0569,improvised/train/0009/0048/V00_S0432_I00000581_P0092A,pass_improvised,improvised,3915,V00,improvised,train,ipc_conversation,random draw from improvised files that passed all three checks,"{""clip_note"": """", ""fm1_knee_between_torso_p50"": 0.5551538518444352, ""fm2_longest_invalid_run_s"": 0.0, ""fm2_smplh_valid_frac"": 1.0, ""fm3_static_frac"": 0.013861386138613862, ""observed_duration_s"": 202.0, ""unit_flagged_frac"": 0.0}",render
brief_042,pass_improvised_042_V00_S0294_I00000544_P0029A_f0004853,V00_S0294_I00000544_P0029A,improvised/train/0007/0041/V00_S0294_I00000544_P0029A,improvised/train/0007/0027/V00_S0294_I00000544_P0397,pass_improvised,improvised,4853,V00,improvised,train,ipc_conversation,random draw from improvised files that passed all three checks,"{""clip_note"": """", ""fm1_knee_between_torso_p50"": 0.4753412149380303, ""fm2_longest_invalid_run_s"": 0.0, ""fm2_smplh_valid_frac"": 1.0, ""fm3_static_frac"": 0.0018900343642611684, ""observed_duration_s"": 194.0, ""unit_flagged_frac"": 0.0}",render
brief_043,pass_improvised_043_V00_S0802_I00000371_P0935A_f0007966,V00_S0802_I00000371_P0935A,improvised/train/0016/0039/V00_S0802_I00000371_P0935A,improvised/train/0016/0038/V00_S0802_I00000371_P0939,pass_improvised,improvised,7966,V00,improvised,train,ipc_conversation,random draw from improvised files that passed all three checks,"{""clip_note"": """", ""fm1_knee_between_torso_p50"": 0.4556988686085409, ""fm2_longest_invalid_run_s"": 0.0, ""fm2_smplh_valid_frac"": 1.0, ""fm3_static_frac"": 0.6366496598639456, ""observed_duration_s"": 392.0, ""unit_flagged_frac"": 0.0}",render
brief_044,pass_improvised_044_V00_S1637_I00001128_P1155A_f0000319,V00_S1637_I00001128_P1155A,improvised/train/0039/0062/V00_S1637_I00001128_P1155A,improvised/train/0039/0026/V00_S1637_I00001128_P0921A,pass_improvised,improvised,319,V00,improvised,train,ipc_conversation,random draw from improvised files that passed all three checks,"{""clip_note"": """", ""fm1_knee_between_torso_p50"": 0.5199332913298376, ""fm2_longest_invalid_run_s"": 0.0, ""fm2_smplh_valid_frac"": 1.0, ""fm3_static_frac"": 0.08990147783251232, ""observed_duration_s"": 406.0, ""unit_flagged_frac"": 0.0}",render
brief_045,pass_improvised_045_V00_S1223_I00001233_P0878A_f0004597,V00_S1223_I00001233_P0878A,improvised/train/0027/0054/V00_S1223_I00001233_P0878A,improvised/train/0027/0035/V00_S1223_I00001233_P0955A,pass_improvised,improvised,4597,V00,improvised,train,ipc_conversation,random draw from improvised files that passed all three checks,"{""clip_note"": """", ""fm1_knee_between_torso_p50"": 0.5406299561715053, ""fm2_longest_invalid_run_s"": 0.0, ""fm2_smplh_valid_frac"": 1.0, ""fm3_static_frac"": 0.2151685393258427, ""observed_duration_s"": 356.0, ""unit_flagged_frac"": 0.0}",render
brief_046,pass_improvised_046_V00_S1249_I00001117_P1100A_f0004110,V00_S1249_I00001117_P1100A,improvised/train/0028/0009/V00_S1249_I00001117_P1100A,improvised/train/0028/0064/V00_S1249_I00001117_P0955A,pass_improvised,improvised,4110,V00,improvised,train,ipc_conversation,random draw from improvised files that passed all three checks,"{""clip_note"": """", ""fm1_knee_between_torso_p50"": 0.5664597246756646, ""fm2_longest_invalid_run_s"": 0.0, ""fm2_smplh_valid_frac"": 1.0, ""fm3_static_frac"": 0.02188295165394402, ""observed_duration_s"": 262.0, ""unit_flagged_frac"": 0.0}",render
brief_047,pass_improvised_047_V00_S0166_I00000488_P0011_f0001558,V00_S0166_I00000488_P0011,improvised/train/0003/0003/V00_S0166_I00000488_P0011,improvised/train/0003/0038/V00_S0166_I00000488_P0004A,pass_improvised,improvised,1558,V00,improvised,train,ipc_conversation,random draw from improvised files that passed all three checks,"{""clip_note"": """", ""fm1_knee_between_torso_p50"": 0.48277230792633474, ""fm2_longest_invalid_run_s"": 0.0, ""fm2_smplh_valid_frac"": 1.0, ""fm3_static_frac"": 0.04666666666666667, ""observed_duration_s"": 100.0, ""unit_flagged_frac"": 0.0}",render
brief_048,pass_improvised_048_V00_S1178_I00001013_P0464A_f0004029,V00_S1178_I00001013_P0464A,improvised/train/0026/0018/V00_S1178_I00001013_P0464A,improvised/train/0026/0045/V00_S1178_I00001013_P0869A,pass_improvised,improvised,4029,V00,improvised,train,ipc_conversation,random draw from improvised files that passed all three checks,"{""clip_note"": """", ""fm1_knee_between_torso_p50"": 0.634655150140008, ""fm2_longest_invalid_run_s"": 0.0, ""fm2_smplh_valid_frac"": 1.0, ""fm3_static_frac"": 0.024633123689727462, ""observed_duration_s"": 318.0, ""unit_flagged_frac"": 0.0}",render
brief_049,pass_improvised_049_V00_S2061_I00001077_P1318A_f0002661,V00_S2061_I00001077_P1318A,improvised/train/0049/0001/V00_S2061_I00001077_P1318A,improvised/train/0049/0042/V00_S2061_I00001077_P1316A,pass_improvised,improvised,2661,V00,improvised,train,ipc_conversation,random draw from improvised files that passed all three checks,"{""clip_note"": """", ""fm1_knee_between_torso_p50"": 0.537052559741259, ""fm2_longest_invalid_run_s"": 0.0, ""fm2_smplh_valid_frac"": 1.0, ""fm3_static_frac"": 0.157183908045977, ""observed_duration_s"": 232.0, ""unit_flagged_frac"": 0.0}",render
brief_050,pass_improvised_050_V00_S0137_I00000487_P0004A_f0004495,V00_S0137_I00000487_P0004A,improvised/train/0003/0033/V00_S0137_I00000487_P0004A,improvised/train/0003/0004/V00_S0137_I00000487_P0198,pass_improvised,improvised,4495,V00,improvised,train,ipc_conversation,random draw from improvised files that passed all three checks,"{""clip_note"": """", ""fm1_knee_between_torso_p50"": 0.5345990074498672, ""fm2_longest_invalid_run_s"": 0.0, ""fm2_smplh_valid_frac"": 1.0, ""fm3_static_frac"": 0.546594982078853, ""observed_duration_s"": 186.0, ""unit_flagged_frac"": 0.0}",render
brief_051,pass_improvised_051_V00_S2009_I00001044_P1264A_f0001220,V00_S2009_I00001044_P1264A,improvised/train/0048/0054/V00_S2009_I00001044_P1264A,improvised/train/0048/0038/V00_S2009_I00001044_P1265A,pass_improvised,improvised,1220,V00,improvised,train,ipc_conversation,random draw from improvised files that passed all three checks,"{""clip_note"": """", ""fm1_knee_between_torso_p50"": 0.5715322650945128, ""fm2_longest_invalid_run_s"": 0.0, ""fm2_smplh_valid_frac"": 1.0, ""fm3_static_frac"": 0.021245421245421246, ""observed_duration_s"": 364.0, ""unit_flagged_frac"": 0.0}",render
brief_052,pass_improvised_052_V00_S0482_I00000135_P0618_f0001688,V00_S0482_I00000135_P0618,improvised/train/0010/0046/V00_S0482_I00000135_P0618,improvised/train/0010/0032/V00_S0482_I00000135_P0229A,pass_improvised,improvised,1688,V00,improvised,train,collaborative_storytelling,random draw from improvised files that passed all three checks,"{""clip_note"": """", ""fm1_knee_between_torso_p50"": 0.5817406091837833, ""fm2_longest_invalid_run_s"": 0.0, ""fm2_smplh_valid_frac"": 1.0, ""fm3_static_frac"": 0.41379310344827586, ""observed_duration_s"": 116.0, ""unit_flagged_frac"": 0.0}",render
brief_053,pass_improvised_053_V00_S0666_I00000126_P0823_f0005418,V00_S0666_I00000126_P0823,improvised/train/0012/0038/V00_S0666_I00000126_P0823,improvised/train/0012/0000/V00_S0666_I00000126_P0825A,pass_improvised,improvised,5418,V00,improvised,train,ipc_conversation,random draw from improvised files that passed all three checks,"{""clip_note"": """", ""fm1_knee_between_torso_p50"": 0.607078499858157, ""fm2_longest_invalid_run_s"": 0.0, ""fm2_smplh_valid_frac"": 1.0, ""fm3_static_frac"": 0.605072463768116, ""observed_duration_s"": 230.0, ""unit_flagged_frac"": 0.0}",render
brief_054,pass_improvised_054_V00_S0290_I00000495_P0029A_f0001952,V00_S0290_I00000495_P0029A,improvised/train/0006/0043/V00_S0290_I00000495_P0029A,improvised/train/0006/0001/V00_S0290_I00000495_P0394,pass_improvised,improvised,1952,V00,improvised,train,ipc_conversation,random draw from improvised files that passed all three checks,"{""clip_note"": """", ""fm1_knee_between_torso_p50"": 0.46727230803348013, ""fm2_longest_invalid_run_s"": 0.0, ""fm2_smplh_valid_frac"": 1.0, ""fm3_static_frac"": 0.31866666666666665, ""observed_duration_s"": 200.0, ""unit_flagged_frac"": 0.0}",render
brief_055,pass_improvised_055_V00_S1971_I00000667_P0946A_f0001868,V00_S1971_I00000667_P0946A,improvised/train/0048/0019/V00_S1971_I00000667_P0946A,improvised/train/0048/0003/V00_S1971_I00000667_P1154A,pass_improvised,improvised,1868,V00,improvised,train,ipc_conversation,random draw from improvised files that passed all three checks,"{""clip_note"": """", ""fm1_knee_between_torso_p50"": 0.49236079432025476, ""fm2_longest_invalid_run_s"": 0.0, ""fm2_smplh_valid_frac"": 1.0, ""fm3_static_frac"": 0.4594771241830065, ""observed_duration_s"": 204.0, ""unit_flagged_frac"": 0.0}",render
brief_056,pass_improvised_056_V00_S0487_I00000384_P0621_f0001211,V00_S0487_I00000384_P0621,improvised/train/0010/0003/V00_S0487_I00000384_P0621,improvised/train/0010/0029/V00_S0487_I00000384_P0042A,pass_improvised,improvised,1211,V00,improvised,train,ipc_conversation,random draw from improvised files that passed all three checks,"{""clip_note"": """", ""fm1_knee_between_torso_p50"": 0.5954306699966048, ""fm2_longest_invalid_run_s"": 0.0, ""fm2_smplh_valid_frac"": 1.0, ""fm3_static_frac"": 0.6691542288557214, ""observed_duration_s"": 134.0, ""unit_flagged_frac"": 0.0}",render
brief_057,pass_improvised_057_V00_S1194_I00001199_P0196A_f0005330,V00_S1194_I00001199_P0196A,improvised/train/0026/0033/V00_S1194_I00001199_P0196A,improvised/train/0026/0025/V00_S1194_I00001199_P0388A,pass_improvised,improvised,5330,V00,improvised,train,ipc_conversation,random draw from improvised files that passed all three checks,"{""clip_note"": """", ""fm1_knee_between_torso_p50"": 0.5435783109361514, ""fm2_longest_invalid_run_s"": 0.0, ""fm2_smplh_valid_frac"": 1.0, ""fm3_static_frac"": 0.040325203252032524, ""observed_duration_s"": 410.0, ""unit_flagged_frac"": 0.0}",render
brief_058,pass_improvised_058_V00_S0126_I00000581_P0187_f0001722,V00_S0126_I00000581_P0187,improvised/train/0002/0019/V00_S0126_I00000581_P0187,improvised/train/0002/0009/V00_S0126_I00000581_P0003A,pass_improvised,improvised,1722,V00,improvised,train,ipc_conversation,random draw from improvised files that passed all three checks,"{""clip_note"": """", ""fm1_knee_between_torso_p50"": 0.5484134267973726, ""fm2_longest_invalid_run_s"": 0.0, ""fm2_smplh_valid_frac"": 1.0, ""fm3_static_frac"": 0.5479166666666667, ""observed_duration_s"": 192.0, ""unit_flagged_frac"": 0.0}",render
brief_059,pass_improvised_059_V00_S1445_I00000709_P0682A_f0000112,V00_S1445_I00000709_P0682A,improvised/train/0033/0013/V00_S1445_I00000709_P0682A,improvised/train/0033/0019/V00_S1445_I00000709_P0557A,pass_improvised,improvised,112,V00,improvised,train,ipc_conversation,random draw from improvised files that passed all three checks,"{""clip_note"": """", ""fm1_knee_between_torso_p50"": 0.5192988891070256, ""fm2_longest_invalid_run_s"": 0.0, ""fm2_smplh_valid_frac"": 1.0, ""fm3_static_frac"": 0.3012280701754386, ""observed_duration_s"": 380.0, ""unit_flagged_frac"": 0.0}",render
brief_060,pass_naturalistic_060_V00_S0779_I00000490_P0917_f0005954,V00_S0779_I00000490_P0917,naturalistic/train/0022/0010/V00_S0779_I00000490_P0917,naturalistic/train/0022/0000/V00_S0779_I00000490_P0918,pass_naturalistic,naturalistic,5954,V00,naturalistic,train,ipc_conversation,random draw from naturalistic files that passed all three checks,"{""clip_note"": """", ""fm1_knee_between_torso_p50"": 0.5119392676703793, ""fm2_longest_invalid_run_s"": 0.0, ""fm2_smplh_valid_frac"": 1.0, ""fm3_static_frac"": 0.2593525179856115, ""observed_duration_s"": 278.0, ""unit_flagged_frac"": 0.0}",render
brief_061,pass_naturalistic_061_V00_S0183_I00000378_P0253_f0001518,V00_S0183_I00000378_P0253,naturalistic/train/0004/0027/V00_S0183_I00000378_P0253,naturalistic/train/0004/0031/V00_S0183_I00000378_P0252,pass_naturalistic,naturalistic,1518,V00,naturalistic,train,ipc_conversation,random draw from naturalistic files that passed all three checks,"{""clip_note"": """", ""fm1_knee_between_torso_p50"": 0.5829933256134967, ""fm2_longest_invalid_run_s"": 0.0, ""fm2_smplh_valid_frac"": 1.0, ""fm3_static_frac"": 0.06754385964912281, ""observed_duration_s"": 114.0, ""unit_flagged_frac"": 0.0}",render
brief_062,pass_naturalistic_062_V00_S0184_I00000490_P0101_f0001761,V00_S0184_I00000490_P0101,naturalistic/train/0004/0016/V00_S0184_I00000490_P0101,naturalistic/train/0004/0006/V00_S0184_I00000490_P0254,pass_naturalistic,naturalistic,1761,V00,naturalistic,train,ipc_conversation,random draw from naturalistic files that passed all three checks,"{""clip_note"": """", ""fm1_knee_between_torso_p50"": 0.5421629283302516, ""fm2_longest_invalid_run_s"": 0.0, ""fm2_smplh_valid_frac"": 1.0, ""fm3_static_frac"": 0.5811704834605598, ""observed_duration_s"": 262.0, ""unit_flagged_frac"": 0.0}",render
brief_063,pass_naturalistic_063_V00_S0597_I00000483_P0756_f0001617,V00_S0597_I00000483_P0756,naturalistic/train/0017/0034/V00_S0597_I00000483_P0756,naturalistic/train/0017/0020/V00_S0597_I00000483_P0755,pass_naturalistic,naturalistic,1617,V00,naturalistic,train,ipc_conversation,random draw from naturalistic files that passed all three checks,"{""clip_note"": """", ""fm1_knee_between_torso_p50"": 0.5998142350152427, ""fm2_longest_invalid_run_s"": 0.0, ""fm2_smplh_valid_frac"": 1.0, ""fm3_static_frac"": 0.7104166666666667, ""observed_duration_s"": 208.0, ""unit_flagged_frac"": 0.0}",render
brief_064,pass_naturalistic_064_V00_S1920_I00000438_P0179_f0001419,V00_S1920_I00000438_P0179,naturalistic/train/0030/0042/V00_S1920_I00000438_P0179,naturalistic/train/0030/0037/V00_S1920_I00000438_P1210,pass_naturalistic,naturalistic,1419,V00,naturalistic,train,ipc_conversation,random draw from naturalistic files that passed all three checks,"{""clip_note"": """", ""fm1_knee_between_torso_p50"": 0.5279799200826207, ""fm2_longest_invalid_run_s"": 0.0, ""fm2_smplh_valid_frac"": 1.0, ""fm3_static_frac"": 0.5542592592592592, ""observed_duration_s"": 180.0, ""unit_flagged_frac"": 0.0}",render
brief_065,pass_naturalistic_065_V00_S1122_I00000249_P1088_f0002773,V00_S1122_I00000249_P1088,naturalistic/train/0026/0017/V00_S1122_I00000249_P1088,naturalistic/train/0026/0043/V00_S1122_I00000249_P1089,pass_naturalistic,naturalistic,2773,V00,naturalistic,train,ipc_conversation,random draw from naturalistic files that passed all three checks,"{""clip_note"": """", ""fm1_knee_between_torso_p50"": 0.5123233317834665, ""fm2_longest_invalid_run_s"": 0.0, ""fm2_smplh_valid_frac"": 1.0, ""fm3_static_frac"": 0.012222222222222223, ""observed_duration_s"": 180.0, ""unit_flagged_frac"": 0.0}",render
brief_066,pass_naturalistic_066_V00_S0033_I00000477_P0051_f0000450,V00_S0033_I00000477_P0051,naturalistic/train/0000/0010/V00_S0033_I00000477_P0051,naturalistic/train/0000/0005/V00_S0033_I00000477_P0052,pass_naturalistic,naturalistic,450,V00,naturalistic,train,ipc_conversation,random draw from naturalistic files that passed all three checks,"{""clip_note"": """", ""fm1_knee_between_torso_p50"": 0.530133878222163, ""fm2_longest_invalid_run_s"": 0.0, ""fm2_smplh_valid_frac"": 1.0, ""fm3_static_frac"": 0.3661111111111111, ""observed_duration_s"": 60.0, ""unit_flagged_frac"": 0.0}",render
brief_067,pass_naturalistic_067_V00_S0772_I00000482_P0910_f0003261,V00_S0772_I00000482_P0910,naturalistic/train/0021/0027/V00_S0772_I00000482_P0910,naturalistic/train/0021/0018/V00_S0772_I00000482_P0556,pass_naturalistic,naturalistic,3261,V00,naturalistic,train,ipc_conversation,random draw from naturalistic files that passed all three checks,"{""clip_note"": """", ""fm1_knee_between_torso_p50"": 0.5306283377505305, ""fm2_longest_invalid_run_s"": 0.0, ""fm2_smplh_valid_frac"": 1.0, ""fm3_static_frac"": 0.05211864406779661, ""observed_duration_s"": 236.0, ""unit_flagged_frac"": 0.0}",render
brief_068,pass_naturalistic_068_V00_S0556_I00000378_P0700_f0001507,V00_S0556_I00000378_P0700,naturalistic/train/0015/0039/V00_S0556_I00000378_P0700,naturalistic/train/0015/0022/V00_S0556_I00000378_P0701,pass_naturalistic,naturalistic,1507,V00,naturalistic,train,ipc_conversation,random draw from naturalistic files that passed all three checks,"{""clip_note"": """", ""fm1_knee_between_torso_p50"": 0.5327540592648174, ""fm2_longest_invalid_run_s"": 0.0, ""fm2_smplh_valid_frac"": 1.0, ""fm3_static_frac"": 0.5441919191919192, ""observed_duration_s"": 132.0, ""unit_flagged_frac"": 0.0}",render
brief_069,pass_naturalistic_069_V00_S0157_I00000482_P0227_f0003301,V00_S0157_I00000482_P0227,naturalistic/train/0003/0015/V00_S0157_I00000482_P0227,naturalistic/train/0003/0014/V00_S0157_I00000482_P0226,pass_naturalistic,naturalistic,3301,V00,naturalistic,train,ipc_conversation,random draw from naturalistic files that passed all three checks,"{""clip_note"": """", ""fm1_knee_between_torso_p50"": 0.5015333505414157, ""fm2_longest_invalid_run_s"": 0.0, ""fm2_smplh_valid_frac"": 1.0, ""fm3_static_frac"": 0.39464285714285713, ""observed_duration_s"": 168.0, ""unit_flagged_frac"": 0.0}",render
brief_070,pass_naturalistic_070_V00_S0461_I00000504_P0457_f0000255,V00_S0461_I00000504_P0457,naturalistic/train/0012/0012/V00_S0461_I00000504_P0457,naturalistic/train/0012/0011/V00_S0461_I00000504_P0139,pass_naturalistic,naturalistic,255,V00,naturalistic,train,ipc_conversation,random draw from naturalistic files that passed all three checks,"{""clip_note"": """", ""fm1_knee_between_torso_p50"": 0.4900128189372978, ""fm2_longest_invalid_run_s"": 0.0, ""fm2_smplh_valid_frac"": 1.0, ""fm3_static_frac"": 0.45846994535519126, ""observed_duration_s"": 122.0, ""unit_flagged_frac"": 0.0}",render
brief_071,pass_naturalistic_071_V00_S0768_I00000130_P0907_f0000036,V00_S0768_I00000130_P0907,naturalistic/train/0021/0021/V00_S0768_I00000130_P0907,naturalistic/train/0021/0021/V00_S0768_I00000130_P0117,pass_naturalistic,naturalistic,36,V00,naturalistic,train,ipc_conversation,random draw from naturalistic files that passed all three checks,"{""clip_note"": """", ""fm1_knee_between_torso_p50"": 0.5520486700188366, ""fm2_longest_invalid_run_s"": 0.0, ""fm2_smplh_valid_frac"": 1.0, ""fm3_static_frac"": 0.2624183006535948, ""observed_duration_s"": 102.0, ""unit_flagged_frac"": 0.0}",render
brief_072,pass_naturalistic_072_V00_S1862_I00000403_P0710_f0004594,V00_S1862_I00000403_P0710,naturalistic/train/0029/0013/V00_S1862_I00000403_P0710,naturalistic/train/0029/0053/V00_S1862_I00000403_P1192,pass_naturalistic,naturalistic,4594,V00,naturalistic,train,ipc_conversation,random draw from naturalistic files that passed all three checks,"{""clip_note"": """", ""fm1_knee_between_torso_p50"": 0.5726042003294063, ""fm2_longest_invalid_run_s"": 0.0, ""fm2_smplh_valid_frac"": 1.0, ""fm3_static_frac"": 0.004861111111111111, ""observed_duration_s"": 240.0, ""unit_flagged_frac"": 0.0}",render
brief_073,pass_naturalistic_073_V00_S1686_I00000153_P0205_f0000585,V00_S1686_I00000153_P0205,naturalistic/train/0028/0006/V00_S1686_I00000153_P0205,naturalistic/train/0028/0027/V00_S1686_I00000153_P1161,pass_naturalistic,naturalistic,585,V00,naturalistic,train,ipc_conversation,random draw from naturalistic files that passed all three checks,"{""clip_note"": """", ""fm1_knee_between_torso_p50"": 0.5472072694958876, ""fm2_longest_invalid_run_s"": 0.0, ""fm2_smplh_valid_frac"": 1.0, ""fm3_static_frac"": 0.0005995203836930455, ""observed_duration_s"": 278.0, ""unit_flagged_frac"": 0.0}",render
brief_074,pass_naturalistic_074_V00_S0285_I00000478_P0386_f0003305,V00_S0285_I00000478_P0386,naturalistic/train/0007/0011/V00_S0285_I00000478_P0386,naturalistic/train/0007/0018/V00_S0285_I00000478_P0387,pass_naturalistic,naturalistic,3305,V00,naturalistic,train,ipc_conversation,random draw from naturalistic files that passed all three checks,"{""clip_note"": """", ""fm1_knee_between_torso_p50"": 0.5668915116984109, ""fm2_longest_invalid_run_s"": 0.0, ""fm2_smplh_valid_frac"": 1.0, ""fm3_static_frac"": 0.6225071225071225, ""observed_duration_s"": 234.0, ""unit_flagged_frac"": 0.0}",render
brief_075,pass_naturalistic_075_V00_S1927_I00000201_P1215_f0001871,V00_S1927_I00000201_P1215,naturalistic/train/0031/0024/V00_S1927_I00000201_P1215,naturalistic/train/0031/0038/V00_S1927_I00000201_P0334,pass_naturalistic,naturalistic,1871,V00,naturalistic,train,ipc_conversation,random draw from naturalistic files that passed all three checks,"{""clip_note"": """", ""fm1_knee_between_torso_p50"": 0.584419062565644, ""fm2_longest_invalid_run_s"": 0.0, ""fm2_smplh_valid_frac"": 1.0, ""fm3_static_frac"": 0.024074074074074074, ""observed_duration_s"": 198.0, ""unit_flagged_frac"": 0.0}",render
brief_076,pass_naturalistic_076_V00_S1111_I00000160_P1083_f0005806,V00_S1111_I00000160_P1083,naturalistic/train/0026/0005/V00_S1111_I00000160_P1083,naturalistic/train/0026/0044/V00_S1111_I00000160_P0693,pass_naturalistic,naturalistic,5806,V00,naturalistic,train,ipc_conversation,random draw from naturalistic files that passed all three checks,"{""clip_note"": """", ""fm1_knee_between_torso_p50"": 0.5650079432995475, ""fm2_longest_invalid_run_s"": 0.0, ""fm2_smplh_valid_frac"": 1.0, ""fm3_static_frac"": 0.5953781512605042, ""observed_duration_s"": 238.0, ""unit_flagged_frac"": 0.0}",render
brief_077,pass_naturalistic_077_V00_S0821_I00000482_P0957_f0000507,V00_S0821_I00000482_P0957,naturalistic/train/0023/0028/V00_S0821_I00000482_P0957,naturalistic/train/0023/0037/V00_S0821_I00000482_P0956,pass_naturalistic,naturalistic,507,V00,naturalistic,train,ipc_conversation,random draw from naturalistic files that passed all three checks,"{""clip_note"": """", ""fm1_knee_between_torso_p50"": 0.5266193280076782, ""fm2_longest_invalid_run_s"": 0.0, ""fm2_smplh_valid_frac"": 1.0, ""fm3_static_frac"": 0.2351449275362319, ""observed_duration_s"": 184.0, ""unit_flagged_frac"": 0.0}",render
brief_078,pass_naturalistic_078_V00_S0724_I00000373_P0358_f0001336,V00_S0724_I00000373_P0358,naturalistic/train/0020/0013/V00_S0724_I00000373_P0358,naturalistic/train/0020/0019/V00_S0724_I00000373_P0871,pass_naturalistic,naturalistic,1336,V00,naturalistic,train,ipc_conversation,random draw from naturalistic files that passed all three checks,"{""clip_note"": """", ""fm1_knee_between_torso_p50"": 0.5395870172971662, ""fm2_longest_invalid_run_s"": 0.0, ""fm2_smplh_valid_frac"": 1.0, ""fm3_static_frac"": 0.00402930402930403, ""observed_duration_s"": 182.0, ""unit_flagged_frac"": 0.0}",render
brief_079,pass_naturalistic_079_V00_S1289_I00000154_P1120_f0003356,V00_S1289_I00000154_P1120,naturalistic/train/0026/0004/V00_S1289_I00000154_P1120,naturalistic/train/0026/0009/V00_S1289_I00000154_P0709,pass_naturalistic,naturalistic,3356,V00,naturalistic,train,ipc_conversation,random draw from naturalistic files that passed all three checks,"{""clip_note"": """", ""fm1_knee_between_torso_p50"": 0.6035289038317189, ""fm2_longest_invalid_run_s"": 0.0, ""fm2_smplh_valid_frac"": 1.0, ""fm3_static_frac"": 0.7281666666666666, ""observed_duration_s"": 200.0, ""unit_flagged_frac"": 0.0}",render
brief_080,pass_naturalistic_080_V00_S0475_I00000132_P0413_f0003056,V00_S0475_I00000132_P0413,naturalistic/train/0013/0030/V00_S0475_I00000132_P0413,naturalistic/train/0013/0008/V00_S0475_I00000132_P0612,pass_naturalistic,naturalistic,3056,V00,naturalistic,train,ipc_conversation,random draw from naturalistic files that passed all three checks,"{""clip_note"": """", ""fm1_knee_between_torso_p50"": 0.6101494732930542, ""fm2_longest_invalid_run_s"": 0.0, ""fm2_smplh_valid_frac"": 1.0, ""fm3_static_frac"": 0.6032679738562091, ""observed_duration_s"": 204.0, ""unit_flagged_frac"": 0.0}",render
brief_081,pass_naturalistic_081_V00_S1195_I00000274_P0752_f0004146,V00_S1195_I00000274_P0752,naturalistic/train/0026/0043/V00_S1195_I00000274_P0752,naturalistic/train/0026/0041/V00_S1195_I00000274_P1108,pass_naturalistic,naturalistic,4146,V00,naturalistic,train,ipc_conversation,random draw from naturalistic files that passed all three checks,"{""clip_note"": """", ""fm1_knee_between_torso_p50"": 0.5366848182736453, ""fm2_longest_invalid_run_s"": 0.0, ""fm2_smplh_valid_frac"": 1.0, ""fm3_static_frac"": 0.021768707482993196, ""observed_duration_s"": 196.0, ""unit_flagged_frac"": 0.0}",render
brief_082,pass_naturalistic_082_V00_S0085_I00000489_P0126_f0002031,V00_S0085_I00000489_P0126,naturalistic/train/0001/0023/V00_S0085_I00000489_P0126,naturalistic/train/0001/0025/V00_S0085_I00000489_P0125,pass_naturalistic,naturalistic,2031,V00,naturalistic,train,ipc_conversation,random draw from naturalistic files that passed all three checks,"{""clip_note"": """", ""fm1_knee_between_torso_p50"": 0.5870035766299244, ""fm2_longest_invalid_run_s"": 0.0, ""fm2_smplh_valid_frac"": 1.0, ""fm3_static_frac"": 0.12452830188679245, ""observed_duration_s"": 212.0, ""unit_flagged_frac"": 0.0}",render
brief_083,pass_naturalistic_083_V00_S0564_I00000515_P0317_f0001273,V00_S0564_I00000515_P0317,naturalistic/train/0015/0008/V00_S0564_I00000515_P0317,naturalistic/train/0015/0011/V00_S0564_I00000515_P0703,pass_naturalistic,naturalistic,1273,V00,naturalistic,train,ipc_conversation,random draw from naturalistic files that passed all three checks,"{""clip_note"": """", ""fm1_knee_between_torso_p50"": 0.5629452854397436, ""fm2_longest_invalid_run_s"": 0.0, ""fm2_smplh_valid_frac"": 1.0, ""fm3_static_frac"": 0.2276255707762557, ""observed_duration_s"": 146.0, ""unit_flagged_frac"": 0.0}",render
brief_084,pass_naturalistic_084_V00_S0316_I00000126_P0427_f0002247,V00_S0316_I00000126_P0427,naturalistic/train/0007/0036/V00_S0316_I00000126_P0427,naturalistic/train/0007/0024/V00_S0316_I00000126_P0426,pass_naturalistic,naturalistic,2247,V00,naturalistic,train,ipc_conversation,random draw from naturalistic files that passed all three checks,"{""clip_note"": """", ""fm1_knee_between_torso_p50"": 0.5392197514065624, ""fm2_longest_invalid_run_s"": 0.0, ""fm2_smplh_valid_frac"": 1.0, ""fm3_static_frac"": 0.7178571428571429, ""observed_duration_s"": 196.0, ""unit_flagged_frac"": 0.0}",render
brief_085,pass_naturalistic_085_V00_S1986_I00000274_P1241_f0000587,V00_S1986_I00000274_P1241,naturalistic/train/0032/0025/V00_S1986_I00000274_P1241,naturalistic/train/0032/0042/V00_S1986_I00000274_P0544,pass_naturalistic,naturalistic,587,V00,naturalistic,train,ipc_conversation,random draw from naturalistic files that passed all three checks,"{""clip_note"": """", ""fm1_knee_between_torso_p50"": 0.5973769869179781, ""fm2_longest_invalid_run_s"": 0.0, ""fm2_smplh_valid_frac"": 1.0, ""fm3_static_frac"": 0.46872427983539094, ""observed_duration_s"": 162.0, ""unit_flagged_frac"": 0.0}",render
brief_086,pass_naturalistic_086_V00_S1960_I00000103_P1229_f0004503,V00_S1960_I00000103_P1229,naturalistic/train/0032/0018/V00_S1960_I00000103_P1229,naturalistic/train/0032/0003/V00_S1960_I00000103_P0498,pass_naturalistic,naturalistic,4503,V00,naturalistic,train,ipc_conversation,random draw from naturalistic files that passed all three checks,"{""clip_note"": """", ""fm1_knee_between_torso_p50"": 0.543487331872582, ""fm2_longest_invalid_run_s"": 0.0, ""fm2_smplh_valid_frac"": 1.0, ""fm3_static_frac"": 0.08177966101694915, ""observed_duration_s"": 236.0, ""unit_flagged_frac"": 0.0}",render
brief_087,pass_naturalistic_087_V00_S1426_I00000406_P1135_f0002132,V00_S1426_I00000406_P1135,naturalistic/train/0027/0047/V00_S1426_I00000406_P1135,naturalistic/train/0027/0026/V00_S1426_I00000406_P0460,pass_naturalistic,naturalistic,2132,V00,naturalistic,train,ipc_conversation,random draw from naturalistic files that passed all three checks,"{""clip_note"": """", ""fm1_knee_between_torso_p50"": 0.6286861982854912, ""fm2_longest_invalid_run_s"": 0.0, ""fm2_smplh_valid_frac"": 1.0, ""fm3_static_frac"": 0.0090625, ""observed_duration_s"": 320.0, ""unit_flagged_frac"": 0.0}",render
brief_088,pass_naturalistic_088_V00_S0320_I00000313_P0434_f0001530,V00_S0320_I00000313_P0434,naturalistic/train/0008/0017/V00_S0320_I00000313_P0434,naturalistic/train/0008/0023/V00_S0320_I00000313_P0432,pass_naturalistic,naturalistic,1530,V00,naturalistic,train,ipc_conversation,random draw from naturalistic files that passed all three checks,"{""clip_note"": """", ""fm1_knee_between_torso_p50"": 0.5514316326831983, ""fm2_longest_invalid_run_s"": 0.0, ""fm2_smplh_valid_frac"": 1.0, ""fm3_static_frac"": 0.17575757575757575, ""observed_duration_s"": 88.0, ""unit_flagged_frac"": 0.0}",render
brief_089,pass_naturalistic_089_V00_S1955_I00000286_P0444_f0003204,V00_S1955_I00000286_P0444,naturalistic/train/0031/0020/V00_S1955_I00000286_P0444,naturalistic/train/0031/0045/V00_S1955_I00000286_P1226,pass_naturalistic,naturalistic,3204,V00,naturalistic,train,ipc_conversation,random draw from naturalistic files that passed all three checks,"{""clip_note"": """", ""fm1_knee_between_torso_p50"": 0.6147870568947256, ""fm2_longest_invalid_run_s"": 0.0, ""fm2_smplh_valid_frac"": 1.0, ""fm3_static_frac"": 0.6043290043290044, ""observed_duration_s"": 154.0, ""unit_flagged_frac"": 0.0}",render
brief_090,pass_naturalistic_090_V00_S0574_I00000126_P0724_f0006564,V00_S0574_I00000126_P0724,naturalistic/train/0016/0001/V00_S0574_I00000126_P0724,naturalistic/train/0016/0037/V00_S0574_I00000126_P0725,pass_naturalistic,naturalistic,6564,V00,naturalistic,train,ipc_conversation,random draw from naturalistic files that passed all three checks,"{""clip_note"": """", ""fm1_knee_between_torso_p50"": 0.5205415052943764, ""fm2_longest_invalid_run_s"": 0.0, ""fm2_smplh_valid_frac"": 1.0, ""fm3_static_frac"": 0.33226666666666665, ""observed_duration_s"": 250.0, ""unit_flagged_frac"": 0.0}",render
brief_091,pass_naturalistic_091_V00_S0566_I00000374_P0710_f0002110,V00_S0566_I00000374_P0710,naturalistic/train/0015/0040/V00_S0566_I00000374_P0710,naturalistic/train/0015/0029/V00_S0566_I00000374_P0711,pass_naturalistic,naturalistic,2110,V00,naturalistic,train,ipc_conversation,random draw from naturalistic files that passed all three checks,"{""clip_note"": """", ""fm1_knee_between_torso_p50"": 0.509960312510668, ""fm2_longest_invalid_run_s"": 0.0, ""fm2_smplh_valid_frac"": 1.0, ""fm3_static_frac"": 0.5381278538812785, ""observed_duration_s"": 292.0, ""unit_flagged_frac"": 0.0}",render
brief_092,pass_naturalistic_092_V00_S0679_I00000486_P0834_f0000155,V00_S0679_I00000486_P0834,naturalistic/train/0019/0028/V00_S0679_I00000486_P0834,naturalistic/train/0019/0025/V00_S0679_I00000486_P0775,pass_naturalistic,naturalistic,155,V00,naturalistic,train,ipc_conversation,random draw from naturalistic files that passed all three checks,"{""clip_note"": """", ""fm1_knee_between_torso_p50"": 0.47704200594189833, ""fm2_longest_invalid_run_s"": 0.0, ""fm2_smplh_valid_frac"": 1.0, ""fm3_static_frac"": 0.5244117647058824, ""observed_duration_s"": 340.0, ""unit_flagged_frac"": 0.0}",render
brief_093,pass_naturalistic_093_V00_S0908_I00000374_P1007_f0000985,V00_S0908_I00000374_P1007,naturalistic/test/0000/0009/V00_S0908_I00000374_P1007,naturalistic/test/0000/0000/V00_S0908_I00000374_P1009,pass_naturalistic,naturalistic,985,V00,naturalistic,test,ipc_conversation,random draw from naturalistic files that passed all three checks,"{""clip_note"": """", ""fm1_knee_between_torso_p50"": 0.5278516365657557, ""fm2_longest_invalid_run_s"": 0.0, ""fm2_smplh_valid_frac"": 1.0, ""fm3_static_frac"": 0.0013565891472868217, ""observed_duration_s"": 172.0, ""unit_flagged_frac"": 0.0}",render
brief_094,pass_naturalistic_094_V00_S1893_I00000280_P1160_f0007652,V00_S1893_I00000280_P1160,naturalistic/train/0030/0022/V00_S1893_I00000280_P1160,naturalistic/train/0030/0019/V00_S1893_I00000280_P1200,pass_naturalistic,naturalistic,7652,V00,naturalistic,train,ipc_conversation,random draw from naturalistic files that passed all three checks,"{""clip_note"": """", ""fm1_knee_between_torso_p50"": 0.5129497480250604, ""fm2_longest_invalid_run_s"": 0.0, ""fm2_smplh_valid_frac"": 1.0, ""fm3_static_frac"": 0.6947154471544715, ""observed_duration_s"": 328.0, ""unit_flagged_frac"": 0.0}",render
brief_095,pass_naturalistic_095_V00_S0176_I00000132_P0119_f0007514,V00_S0176_I00000132_P0119,naturalistic/train/0003/0010/V00_S0176_I00000132_P0119,naturalistic/train/0003/0019/V00_S0176_I00000132_P0242,pass_naturalistic,naturalistic,7514,V00,naturalistic,train,ipc_conversation,random draw from naturalistic files that passed all three checks,"{""clip_note"": """", ""fm1_knee_between_torso_p50"": 0.5339618153052371, ""fm2_longest_invalid_run_s"": 0.0, ""fm2_smplh_valid_frac"": 1.0, ""fm3_static_frac"": 0.6877853881278538, ""observed_duration_s"": 292.0, ""unit_flagged_frac"": 0.0}",render
brief_096,pass_naturalistic_096_V00_S1771_I00000119_P0509_f0004916,V00_S1771_I00000119_P0509,naturalistic/train/0028/0008/V00_S1771_I00000119_P0509,naturalistic/train/0028/0003/V00_S1771_I00000119_P0332,pass_naturalistic,naturalistic,4916,V00,naturalistic,train,ipc_conversation,random draw from naturalistic files that passed all three checks,"{""clip_note"": """", ""fm1_knee_between_torso_p50"": 0.5406029508532241, ""fm2_longest_invalid_run_s"": 0.0, ""fm2_smplh_valid_frac"": 1.0, ""fm3_static_frac"": 0.631264367816092, ""observed_duration_s"": 290.0, ""unit_flagged_frac"": 0.0}",render
brief_097,pass_naturalistic_097_V00_S0654_I00000138_P0806_f0000570,V00_S0654_I00000138_P0806,naturalistic/train/0019/0001/V00_S0654_I00000138_P0806,naturalistic/train/0019/0043/V00_S0654_I00000138_P0805,pass_naturalistic,naturalistic,570,V00,naturalistic,train,ipc_conversation,random draw from naturalistic files that passed all three checks,"{""clip_note"": """", ""fm1_knee_between_torso_p50"": 0.5127653194635062, ""fm2_longest_invalid_run_s"": 0.0, ""fm2_smplh_valid_frac"": 1.0, ""fm3_static_frac"": 0.0808641975308642, ""observed_duration_s"": 54.0, ""unit_flagged_frac"": 0.0}",render
brief_098,pass_naturalistic_098_V00_S1081_I00000200_P1074_f0002590,V00_S1081_I00000200_P1074,naturalistic/train/0025/0022/V00_S1081_I00000200_P1074,naturalistic/train/0025/0040/V00_S1081_I00000200_P1075,pass_naturalistic,naturalistic,2590,V00,naturalistic,train,ipc_conversation,random draw from naturalistic files that passed all three checks,"{""clip_note"": """", ""fm1_knee_between_torso_p50"": 0.5510568906141802, ""fm2_longest_invalid_run_s"": 0.0, ""fm2_smplh_valid_frac"": 1.0, ""fm3_static_frac"": 0.48781094527363184, ""observed_duration_s"": 268.0, ""unit_flagged_frac"": 0.0}",render
brief_099,pass_naturalistic_099_V00_S0062_I00000128_P0093_f0002394,V00_S0062_I00000128_P0093,naturalistic/test/0000/0007/V00_S0062_I00000128_P0093,naturalistic/test/0000/0025/V00_S0062_I00000128_P0092,pass_naturalistic,naturalistic,2394,V00,naturalistic,test,ipc_conversation,random draw from naturalistic files that passed all three checks,"{""clip_note"": """", ""fm1_knee_between_torso_p50"": 0.542459581376987, ""fm2_longest_invalid_run_s"": 0.0, ""fm2_smplh_valid_frac"": 1.0, ""fm3_static_frac"": 0.5245934959349593, ""observed_duration_s"": 164.0, ""unit_flagged_frac"": 0.0}",render
brief_100,pass_naturalistic_100_V00_S0573_I00000126_P0723_f0004041,V00_S0573_I00000126_P0723,naturalistic/train/0016/0036/V00_S0573_I00000126_P0723,naturalistic/train/0016/0027/V00_S0573_I00000126_P0722,pass_naturalistic,naturalistic,4041,V00,naturalistic,train,ipc_conversation,random draw from naturalistic files that passed all three checks,"{""clip_note"": """", ""fm1_knee_between_torso_p50"": 0.5890540073002501, ""fm2_longest_invalid_run_s"": 0.0, ""fm2_smplh_valid_frac"": 1.0, ""fm3_static_frac"": 0.5878415300546448, ""observed_duration_s"": 244.0, ""unit_flagged_frac"": 0.0}",render
brief_101,pass_naturalistic_101_V00_S0222_I00000372_P0304_f0004470,V00_S0222_I00000372_P0304,naturalistic/train/0005/0021/V00_S0222_I00000372_P0304,naturalistic/train/0005/0030/V00_S0222_I00000372_P0305,pass_naturalistic,naturalistic,4470,V00,naturalistic,train,ipc_conversation,random draw from naturalistic files that passed all three checks,"{""clip_note"": """", ""fm1_knee_between_torso_p50"": 0.5107508432873498, ""fm2_longest_invalid_run_s"": 0.0, ""fm2_smplh_valid_frac"": 1.0, ""fm3_static_frac"": 0.3381720430107527, ""observed_duration_s"": 186.0, ""unit_flagged_frac"": 0.0}",render
brief_102,pass_naturalistic_102_V00_S0101_I00000486_P0148_f0002865,V00_S0101_I00000486_P0148,naturalistic/train/0001/0008/V00_S0101_I00000486_P0148,naturalistic/train/0001/0008/V00_S0101_I00000486_P0149,pass_naturalistic,naturalistic,2865,V00,naturalistic,train,ipc_conversation,random draw from naturalistic files that passed all three checks,"{""clip_note"": """", ""fm1_knee_between_torso_p50"": 0.5328377526815754, ""fm2_longest_invalid_run_s"": 0.0, ""fm2_smplh_valid_frac"": 1.0, ""fm3_static_frac"": 0.06346153846153846, ""observed_duration_s"": 156.0, ""unit_flagged_frac"": 0.0}",render
brief_103,pass_naturalistic_103_V00_S0358_I00000125_P0465_f0001445,V00_S0358_I00000125_P0465,naturalistic/train/0009/0044/V00_S0358_I00000125_P0465,naturalistic/train/0009/0024/V00_S0358_I00000125_P0481,pass_naturalistic,naturalistic,1445,V00,naturalistic,train,ipc_conversation,random draw from naturalistic files that passed all three checks,"{""clip_note"": """", ""fm1_knee_between_torso_p50"": 0.5711194953940054, ""fm2_longest_invalid_run_s"": 0.0, ""fm2_smplh_valid_frac"": 1.0, ""fm3_static_frac"": 0.6478723404255319, ""observed_duration_s"": 282.0, ""unit_flagged_frac"": 0.0}",render
brief_104,pass_naturalistic_104_V00_S0652_I00000134_P0810_f0001627,V00_S0652_I00000134_P0810,naturalistic/train/0019/0012/V00_S0652_I00000134_P0810,naturalistic/train/0019/0040/V00_S0652_I00000134_P0809,pass_naturalistic,naturalistic,1627,V00,naturalistic,train,ipc_conversation,random draw from naturalistic files that passed all three checks,"{""clip_note"": """", ""fm1_knee_between_torso_p50"": 0.5743715899611861, ""fm2_longest_invalid_run_s"": 0.0, ""fm2_smplh_valid_frac"": 1.0, ""fm3_static_frac"": 0.06129032258064516, ""observed_duration_s"": 124.0, ""unit_flagged_frac"": 0.0}",render
brief_105,pass_naturalistic_105_V00_S1081_I00000209_P1075_f0000364,V00_S1081_I00000209_P1075,naturalistic/train/0025/0006/V00_S1081_I00000209_P1075,naturalistic/train/0025/0017/V00_S1081_I00000209_P1074,pass_naturalistic,naturalistic,364,V00,naturalistic,train,ipc_conversation,random draw from naturalistic files that passed all three checks,"{""clip_note"": """", ""fm1_knee_between_torso_p50"": 0.5838568062909257, ""fm2_longest_invalid_run_s"": 0.0, ""fm2_smplh_valid_frac"": 1.0, ""fm3_static_frac"": 0.45866666666666667, ""observed_duration_s"": 150.0, ""unit_flagged_frac"": 0.0}",render
brief_106,pass_naturalistic_106_V00_S0033_I00000483_P0052_f0001535,V00_S0033_I00000483_P0052,naturalistic/train/0000/0004/V00_S0033_I00000483_P0052,naturalistic/train/0000/0000/V00_S0033_I00000483_P0051,pass_naturalistic,naturalistic,1535,V00,naturalistic,train,ipc_conversation,random draw from naturalistic files that passed all three checks,"{""clip_note"": """", ""fm1_knee_between_torso_p50"": 0.5144933632473072, ""fm2_longest_invalid_run_s"": 0.0, ""fm2_smplh_valid_frac"": 1.0, ""fm3_static_frac"": 0.26704119850187263, ""observed_duration_s"": 178.0, ""unit_flagged_frac"": 0.0}",render
brief_107,pass_naturalistic_107_V00_S0554_I00000128_P0697_f0001833,V00_S0554_I00000128_P0697,naturalistic/dev/0000/0028/V00_S0554_I00000128_P0697,naturalistic/dev/0000/0039/V00_S0554_I00000128_P0467,pass_naturalistic,naturalistic,1833,V00,naturalistic,dev,ipc_conversation,random draw from naturalistic files that passed all three checks,"{""clip_note"": """", ""fm1_knee_between_torso_p50"": 0.5788358646959482, ""fm2_longest_invalid_run_s"": 0.0, ""fm2_smplh_valid_frac"": 1.0, ""fm3_static_frac"": 0.2916666666666667, ""observed_duration_s"": 228.0, ""unit_flagged_frac"": 0.0}",render
brief_108,pass_naturalistic_108_V00_S0179_I00000384_P0245_f0002618,V00_S0179_I00000384_P0245,naturalistic/train/0004/0015/V00_S0179_I00000384_P0245,naturalistic/train/0004/0027/V00_S0179_I00000384_P0246,pass_naturalistic,naturalistic,2618,V00,naturalistic,train,ipc_conversation,random draw from naturalistic files that passed all three checks,"{""clip_note"": """", ""fm1_knee_between_torso_p50"": 0.5362296286331282, ""fm2_longest_invalid_run_s"": 0.0, ""fm2_smplh_valid_frac"": 1.0, ""fm3_static_frac"": 0.3319672131147541, ""observed_duration_s"": 122.0, ""unit_flagged_frac"": 0.0}",render
brief_109,pass_naturalistic_109_V00_S0387_I00000130_P0513_f0003637,V00_S0387_I00000130_P0513,naturalistic/train/0010/0000/V00_S0387_I00000130_P0513,naturalistic/train/0010/0036/V00_S0387_I00000130_P0512,pass_naturalistic,naturalistic,3637,V00,naturalistic,train,ipc_conversation,random draw from naturalistic files that passed all three checks,"{""clip_note"": """", ""fm1_knee_between_torso_p50"": 0.4680321654195575, ""fm2_longest_invalid_run_s"": 0.0, ""fm2_smplh_valid_frac"": 1.0, ""fm3_static_frac"": 0.5128571428571429, ""observed_duration_s"": 210.0, ""unit_flagged_frac"": 0.0}",render
brief_110,pass_naturalistic_110_V00_S0344_I00000487_P0461_f0002475,V00_S0344_I00000487_P0461,naturalistic/train/0008/0003/V00_S0344_I00000487_P0461,naturalistic/train/0008/0016/V00_S0344_I00000487_P0460,pass_naturalistic,naturalistic,2475,V00,naturalistic,train,ipc_conversation,random draw from naturalistic files that passed all three checks,"{""clip_note"": """", ""fm1_knee_between_torso_p50"": 0.48511875214572525, ""fm2_longest_invalid_run_s"": 0.0, ""fm2_smplh_valid_frac"": 1.0, ""fm3_static_frac"": 0.6714689265536723, ""observed_duration_s"": 118.0, ""unit_flagged_frac"": 0.0}",render
brief_111,pass_naturalistic_111_V00_S0548_I00000461_P0694_f0001136,V00_S0548_I00000461_P0694,naturalistic/test/0000/0038/V00_S0548_I00000461_P0694,naturalistic/test/0000/0033/V00_S0548_I00000461_P0695,pass_naturalistic,naturalistic,1136,V00,naturalistic,test,ipc_conversation,random draw from naturalistic files that passed all three checks,"{""clip_note"": """", ""fm1_knee_between_torso_p50"": 0.5774246355669088, ""fm2_longest_invalid_run_s"": 0.0, ""fm2_smplh_valid_frac"": 1.0, ""fm3_static_frac"": 0.38680555555555557, ""observed_duration_s"": 240.0, ""unit_flagged_frac"": 0.0}",render
brief_112,pass_naturalistic_112_V00_S0495_I00000125_P0574_f0002272,V00_S0495_I00000125_P0574,naturalistic/train/0013/0029/V00_S0495_I00000125_P0574,naturalistic/train/0013/0025/V00_S0495_I00000125_P0630,pass_naturalistic,naturalistic,2272,V00,naturalistic,train,ipc_conversation,random draw from naturalistic files that passed all three checks,"{""clip_note"": """", ""fm1_knee_between_torso_p50"": 0.582773753946624, ""fm2_longest_invalid_run_s"": 0.0, ""fm2_smplh_valid_frac"": 1.0, ""fm3_static_frac"": 0.5497747747747748, ""observed_duration_s"": 148.0, ""unit_flagged_frac"": 0.0}",render
brief_113,pass_naturalistic_113_V00_S0067_I00000504_P0073_f0001925,V00_S0067_I00000504_P0073,naturalistic/train/0001/0008/V00_S0067_I00000504_P0073,naturalistic/train/0001/0040/V00_S0067_I00000504_P0101,pass_naturalistic,naturalistic,1925,V00,naturalistic,train,ipc_conversation,random draw from naturalistic files that passed all three checks,"{""clip_note"": """", ""fm1_knee_between_torso_p50"": 0.5554175271823174, ""fm2_longest_invalid_run_s"": 0.0, ""fm2_smplh_valid_frac"": 1.0, ""fm3_static_frac"": 0.38352713178294573, ""observed_duration_s"": 172.0, ""unit_flagged_frac"": 0.0}",render
brief_114,pass_naturalistic_114_V00_S0222_I00000502_P0304_f0002838,V00_S0222_I00000502_P0304,naturalistic/train/0005/0028/V00_S0222_I00000502_P0304,naturalistic/train/0005/0039/V00_S0222_I00000502_P0305,pass_naturalistic,naturalistic,2838,V00,naturalistic,train,ipc_conversation,random draw from naturalistic files that passed all three checks,"{""clip_note"": """", ""fm1_knee_between_torso_p50"": 0.5059630966329947, ""fm2_longest_invalid_run_s"": 0.0, ""fm2_smplh_valid_frac"": 1.0, ""fm3_static_frac"": 0.5671253822629969, ""observed_duration_s"": 218.0, ""unit_flagged_frac"": 0.0}",render
brief_115,pass_naturalistic_115_V00_S1823_I00000273_P1174_f0001784,V00_S1823_I00000273_P1174,naturalistic/dev/0001/0035/V00_S1823_I00000273_P1174,naturalistic/dev/0001/0038/V00_S1823_I00000273_P0115,pass_naturalistic,naturalistic,1784,V00,naturalistic,dev,ipc_conversation,random draw from naturalistic files that passed all three checks,"{""clip_note"": """", ""fm1_knee_between_torso_p50"": 0.5973981781306901, ""fm2_longest_invalid_run_s"": 0.0, ""fm2_smplh_valid_frac"": 1.0, ""fm3_static_frac"": 0.5517241379310345, ""observed_duration_s"": 174.0, ""unit_flagged_frac"": 0.0}",render
brief_116,pass_naturalistic_116_V00_S0576_I00000486_P0727_f0001009,V00_S0576_I00000486_P0727,naturalistic/train/0016/0003/V00_S0576_I00000486_P0727,naturalistic/train/0016/0009/V00_S0576_I00000486_P0726,pass_naturalistic,naturalistic,1009,V00,naturalistic,train,ipc_conversation,random draw from naturalistic files that passed all three checks,"{""clip_note"": """", ""fm1_knee_between_torso_p50"": 0.5550991567208092, ""fm2_longest_invalid_run_s"": 0.0, ""fm2_smplh_valid_frac"": 1.0, ""fm3_static_frac"": 0.00018726591760299626, ""observed_duration_s"": 178.0, ""unit_flagged_frac"": 0.0}",render
brief_117,pass_naturalistic_117_V00_S0248_I00000371_P0339_f0002653,V00_S0248_I00000371_P0339,naturalistic/train/0005/0038/V00_S0248_I00000371_P0339,naturalistic/train/0005/0013/V00_S0248_I00000371_P0338,pass_naturalistic,naturalistic,2653,V00,naturalistic,train,ipc_conversation,random draw from naturalistic files that passed all three checks,"{""clip_note"": """", ""fm1_knee_between_torso_p50"": 0.5299306047910175, ""fm2_longest_invalid_run_s"": 0.0, ""fm2_smplh_valid_frac"": 1.0, ""fm3_static_frac"": 0.5225177304964539, ""observed_duration_s"": 188.0, ""unit_flagged_frac"": 0.0}",render
brief_118,pass_naturalistic_118_V00_S0099_I00000373_P0144_f0005446,V00_S0099_I00000373_P0144,naturalistic/train/0001/0026/V00_S0099_I00000373_P0144,naturalistic/train/0001/0019/V00_S0099_I00000373_P0145,pass_naturalistic,naturalistic,5446,V00,naturalistic,train,ipc_conversation,random draw from naturalistic files that passed all three checks,"{""clip_note"": """", ""fm1_knee_between_torso_p50"": 0.522138257833357, ""fm2_longest_invalid_run_s"": 0.0, ""fm2_smplh_valid_frac"": 1.0, ""fm3_static_frac"": 0.0027989821882951653, ""observed_duration_s"": 262.0, ""unit_flagged_frac"": 0.0}",render
brief_119,pass_naturalistic_119_V00_S0616_I00000134_P0768_f0000636,V00_S0616_I00000134_P0768,naturalistic/train/0017/0005/V00_S0616_I00000134_P0768,naturalistic/train/0017/0034/V00_S0616_I00000134_P0558,pass_naturalistic,naturalistic,636,V00,naturalistic,train,ipc_conversation,random draw from naturalistic files that passed all three checks,"{""clip_note"": """", ""fm1_knee_between_torso_p50"": 0.547249224869723, ""fm2_longest_invalid_run_s"": 0.0, ""fm2_smplh_valid_frac"": 1.0, ""fm3_static_frac"": 0.18936781609195402, ""observed_duration_s"": 116.0, ""unit_flagged_frac"": 0.0}",render
brief_120,flagged_fm1_120_V00_S0936_I00000477_P1030_f0003062,V00_S0936_I00000477_P1030,naturalistic/train/0024/0001/V00_S0936_I00000477_P1030,naturalistic/train/0024/0034/V00_S0936_I00000477_P1029,flagged_fm1,naturalistic,3062,V00,naturalistic,train,ipc_conversation,random draw from files where only fm1_sitting fired,"{""clip_note"": """", ""fm1_knee_between_torso_p50"": 0.35207877614435373, ""fm2_longest_invalid_run_s"": 0.0, ""fm2_smplh_valid_frac"": 1.0, ""fm3_static_frac"": 0.7302816901408451, ""observed_duration_s"": 142.0, ""unit_flagged_frac"": 1.0}",render
brief_121,flagged_fm1_121_V00_S0562_I00000132_P0706_f0000869,V00_S0562_I00000132_P0706,naturalistic/train/0015/0043/V00_S0562_I00000132_P0706,naturalistic/train/0015/0009/V00_S0562_I00000132_P0705,flagged_fm1,naturalistic,869,V00,naturalistic,train,ipc_conversation,random draw from files where only fm1_sitting fired,"{""clip_note"": """", ""fm1_knee_between_torso_p50"": 0.35616029020022844, ""fm2_longest_invalid_run_s"": 0.0, ""fm2_smplh_valid_frac"": 1.0, ""fm3_static_frac"": 0.4962962962962963, ""observed_duration_s"": 72.0, ""unit_flagged_frac"": 1.0}",render
brief_122,flagged_fm1_122_V00_S0446_I00000131_P0489_f0001439,V00_S0446_I00000131_P0489,naturalistic/train/0012/0031/V00_S0446_I00000131_P0489,naturalistic/train/0012/0019/V00_S0446_I00000131_P0585,flagged_fm1,naturalistic,1439,V00,naturalistic,train,ipc_conversation,random draw from files where only fm1_sitting fired,"{""clip_note"": """", ""fm1_knee_between_torso_p50"": 0.3958645048927763, ""fm2_longest_invalid_run_s"": 0.0, ""fm2_smplh_valid_frac"": 1.0, ""fm3_static_frac"": 0.01990740740740741, ""observed_duration_s"": 144.0, ""unit_flagged_frac"": 1.0}",render
brief_123,flagged_fm1_123_V00_S0366_I00000538_P0059A_f0002754,V00_S0366_I00000538_P0059A,improvised/train/0008/0020/V00_S0366_I00000538_P0059A,improvised/train/0008/0002/V00_S0366_I00000538_P0489,flagged_fm1,improvised,2754,V00,improvised,train,ipc_conversation,random draw from files where only fm1_sitting fired,"{""clip_note"": """", ""fm1_knee_between_torso_p50"": 0.42674962121998367, ""fm2_longest_invalid_run_s"": 0.0, ""fm2_smplh_valid_frac"": 1.0, ""fm3_static_frac"": 0.00032362459546925567, ""observed_duration_s"": 206.0, ""unit_flagged_frac"": 1.0}",render
brief_124,flagged_fm1_124_V00_S0316_I00000137_P0426_f0000137,V00_S0316_I00000137_P0426,naturalistic/train/0007/0030/V00_S0316_I00000137_P0426,naturalistic/train/0007/0016/V00_S0316_I00000137_P0427,flagged_fm1,naturalistic,137,V00,naturalistic,train,ipc_conversation,random draw from files where only fm1_sitting fired,"{""clip_note"": """", ""fm1_knee_between_torso_p50"": 0.5267605185057358, ""fm2_longest_invalid_run_s"": 0.0, ""fm2_smplh_valid_frac"": 1.0, ""fm3_static_frac"": 0.005158730158730159, ""observed_duration_s"": 168.0, ""unit_flagged_frac"": 0.5}",render
brief_125,flagged_fm1_125_V00_S0200_I00000580_P0271_f0002336,V00_S0200_I00000580_P0271,improvised/train/0004/0015/V00_S0200_I00000580_P0271,improvised/train/0004/0002/V00_S0200_I00000580_P0003A,flagged_fm1,improvised,2336,V00,improvised,train,ipc_conversation,random draw from files where only fm1_sitting fired,"{""clip_note"": """", ""fm1_knee_between_torso_p50"": 0.3353171773803224, ""fm2_longest_invalid_run_s"": 0.0, ""fm2_smplh_valid_frac"": 1.0, ""fm3_static_frac"": 0.5270833333333333, ""observed_duration_s"": 224.0, ""unit_flagged_frac"": 1.0}",render
brief_126,flagged_fm1_126_V00_S1219_I00000160_P1111_f0001331,V00_S1219_I00000160_P1111,naturalistic/train/0026/0037/V00_S1219_I00000160_P1111,naturalistic/train/0026/0038/V00_S1219_I00000160_P1057,flagged_fm1,naturalistic,1331,V00,naturalistic,train,ipc_conversation,random draw from files where only fm1_sitting fired,"{""clip_note"": """", ""fm1_knee_between_torso_p50"": 0.28921043606616315, ""fm2_longest_invalid_run_s"": 0.0, ""fm2_smplh_valid_frac"": 1.0, ""fm3_static_frac"": 0.6131313131313131, ""observed_duration_s"": 330.0, ""unit_flagged_frac"": 1.0}",render
brief_127,flagged_fm1_127_V00_S0603_I00000382_P0762_f0000041,V00_S0603_I00000382_P0762,naturalistic/train/0017/0043/V00_S0603_I00000382_P0762,naturalistic/train/0017/0004/V00_S0603_I00000382_P0763,flagged_fm1,naturalistic,41,V00,naturalistic,train,ipc_conversation,random draw from files where only fm1_sitting fired,"{""clip_note"": """", ""fm1_knee_between_torso_p50"": 0.3459302737218658, ""fm2_longest_invalid_run_s"": 0.0, ""fm2_smplh_valid_frac"": 1.0, ""fm3_static_frac"": 0.5238831615120275, ""observed_duration_s"": 194.0, ""unit_flagged_frac"": 1.0}",render
brief_128,flagged_fm1_128_V00_S1045_I00000007_P1066_f0002283,V00_S1045_I00000007_P1066,naturalistic/dev/0001/0006/V00_S1045_I00000007_P1066,naturalistic/dev/0001/0008/V00_S1045_I00000007_P1067,flagged_fm1,naturalistic,2283,V00,naturalistic,dev,ipc_conversation,random draw from files where only fm1_sitting fired,"{""clip_note"": """", ""fm1_knee_between_torso_p50"": 0.3186675073957701, ""fm2_longest_invalid_run_s"": 0.0, ""fm2_smplh_valid_frac"": 1.0, ""fm3_static_frac"": 0.7105734767025089, ""observed_duration_s"": 186.0, ""unit_flagged_frac"": 1.0}",render
brief_129,flagged_fm1_129_V00_S0991_I00001057_P0012A_f0008259,V00_S0991_I00001057_P0012A,improvised/train/0021/0045/V00_S0991_I00001057_P0012A,improvised/train/0021/0056/V00_S0991_I00001057_P0323A,flagged_fm1,improvised,8259,V00,improvised,train,ipc_conversation,random draw from files where only fm1_sitting fired,"{""clip_note"": """", ""fm1_knee_between_torso_p50"": 0.4003940898110511, ""fm2_longest_invalid_run_s"": 0.0, ""fm2_smplh_valid_frac"": 1.0, ""fm3_static_frac"": 0.571584699453552, ""observed_duration_s"": 366.0, ""unit_flagged_frac"": 1.0}",render
brief_130,flagged_fm1_130_V00_S0787_I00000309_P0923_f0001165,V00_S0787_I00000309_P0923,naturalistic/train/0022/0013/V00_S0787_I00000309_P0923,naturalistic/train/0022/0022/V00_S0787_I00000309_P0377,flagged_fm1,naturalistic,1165,V00,naturalistic,train,ipc_conversation,random draw from files where only fm1_sitting fired,"{""clip_note"": """", ""fm1_knee_between_torso_p50"": 0.32309629024566694, ""fm2_longest_invalid_run_s"": 0.0, ""fm2_smplh_valid_frac"": 1.0, ""fm3_static_frac"": 0.41138613861386136, ""observed_duration_s"": 202.0, ""unit_flagged_frac"": 1.0}",render
brief_131,flagged_fm1_131_V00_S0936_I00000520_P1030_f0001621,V00_S0936_I00000520_P1030,naturalistic/train/0024/0011/V00_S0936_I00000520_P1030,naturalistic/train/0024/0045/V00_S0936_I00000520_P1029,flagged_fm1,naturalistic,1621,V00,naturalistic,train,grounded_gesture,random draw from files where only fm1_sitting fired,"{""clip_note"": """", ""fm1_knee_between_torso_p50"": 0.34145432563365385, ""fm2_longest_invalid_run_s"": 0.0, ""fm2_smplh_valid_frac"": 1.0, ""fm3_static_frac"": 0.23402203856749312, ""observed_duration_s"": 242.0, ""unit_flagged_frac"": 1.0}",render
brief_132,flagged_fm1_132_V00_S1825_I00000144_P0800_f0003415,V00_S1825_I00000144_P0800,naturalistic/train/0029/0038/V00_S1825_I00000144_P0800,naturalistic/train/0029/0033/V00_S1825_I00000144_P1175,flagged_fm1,naturalistic,3415,V00,naturalistic,train,ipc_conversation,random draw from files where only fm1_sitting fired,"{""clip_note"": """", ""fm1_knee_between_torso_p50"": 0.3822046963338902, ""fm2_longest_invalid_run_s"": 0.0, ""fm2_smplh_valid_frac"": 1.0, ""fm3_static_frac"": 0.2532051282051282, ""observed_duration_s"": 208.0, ""unit_flagged_frac"": 1.0}",render
brief_133,flagged_fm1_133_V00_S0446_I00000137_P0489_f0003075,V00_S0446_I00000137_P0489,naturalistic/train/0012/0003/V00_S0446_I00000137_P0489,naturalistic/train/0012/0037/V00_S0446_I00000137_P0585,flagged_fm1,naturalistic,3075,V00,naturalistic,train,ipc_conversation,random draw from files where only fm1_sitting fired,"{""clip_note"": """", ""fm1_knee_between_torso_p50"": 0.38910327223511076, ""fm2_longest_invalid_run_s"": 0.0, ""fm2_smplh_valid_frac"": 1.0, ""fm3_static_frac"": 0.5642156862745098, ""observed_duration_s"": 136.0, ""unit_flagged_frac"": 1.0}",render
brief_134,flagged_fm1_134_V00_S0349_I00000381_P0468_f0000833,V00_S0349_I00000381_P0468,naturalistic/train/0009/0029/V00_S0349_I00000381_P0468,naturalistic/train/0009/0044/V00_S0349_I00000381_P0139,flagged_fm1,naturalistic,833,V00,naturalistic,train,ipc_conversation,random draw from files where only fm1_sitting fired,"{""clip_note"": """", ""fm1_knee_between_torso_p50"": 0.4180959328770797, ""fm2_longest_invalid_run_s"": 0.0, ""fm2_smplh_valid_frac"": 1.0, ""fm3_static_frac"": 0.5368279569892473, ""observed_duration_s"": 124.0, ""unit_flagged_frac"": 1.0}",render
brief_135,flagged_fm1_135_V00_S0700_I00000126_P0844A_f0000330,V00_S0700_I00000126_P0844A,improvised/dev/0000/0019/V00_S0700_I00000126_P0844A,improvised/dev/0000/0020/V00_S0700_I00000126_P0852,flagged_fm1,improvised,330,V00,improvised,dev,ipc_conversation,random draw from files where only fm1_sitting fired,"{""clip_note"": """", ""fm1_knee_between_torso_p50"": 0.286119661444465, ""fm2_longest_invalid_run_s"": 0.0, ""fm2_smplh_valid_frac"": 1.0, ""fm3_static_frac"": 0.5780392156862745, ""observed_duration_s"": 170.0, ""unit_flagged_frac"": 1.0}",render
brief_136,flagged_fm1_136_V00_S1908_I00001021_P1155A_f0001929,V00_S1908_I00001021_P1155A,improvised/train/0047/0031/V00_S1908_I00001021_P1155A,improvised/train/0047/0007/V00_S1908_I00001021_P0946A,flagged_fm1,improvised,1929,V00,improvised,train,ipc_conversation,random draw from files where only fm1_sitting fired,"{""clip_note"": """", ""fm1_knee_between_torso_p50"": 0.4268101124993865, ""fm2_longest_invalid_run_s"": 0.0, ""fm2_smplh_valid_frac"": 1.0, ""fm3_static_frac"": 0.058333333333333334, ""observed_duration_s"": 344.0, ""unit_flagged_frac"": 1.0}",render
brief_137,flagged_fm1_137_V00_S1925_I00000298_P0070_f0001020,V00_S1925_I00000298_P0070,naturalistic/train/0031/0019/V00_S1925_I00000298_P0070,naturalistic/train/0031/0018/V00_S1925_I00000298_P1213,flagged_fm1,naturalistic,1020,V00,naturalistic,train,ipc_conversation,random draw from files where only fm1_sitting fired,"{""clip_note"": """", ""fm1_knee_between_torso_p50"": 0.1330928941809018, ""fm2_longest_invalid_run_s"": 0.0, ""fm2_smplh_valid_frac"": 1.0, ""fm3_static_frac"": 0.4660590277777778, ""observed_duration_s"": 384.0, ""unit_flagged_frac"": 1.0}",render
brief_138,flagged_fm1_138_V00_S1685_I00000415_P1160_f0003488,V00_S1685_I00000415_P1160,naturalistic/train/0028/0007/V00_S1685_I00000415_P1160,naturalistic/train/0028/0035/V00_S1685_I00000415_P0205,flagged_fm1,naturalistic,3488,V00,naturalistic,train,ipc_conversation,random draw from files where only fm1_sitting fired,"{""clip_note"": """", ""fm1_knee_between_torso_p50"": 0.31063023294097875, ""fm2_longest_invalid_run_s"": 0.0, ""fm2_smplh_valid_frac"": 1.0, ""fm3_static_frac"": 0.00016181229773462783, ""observed_duration_s"": 206.0, ""unit_flagged_frac"": 1.0}",render
brief_139,flagged_fm1_139_V00_S0149_I00000134_P0208_f0000625,V00_S0149_I00000134_P0208,naturalistic/train/0003/0026/V00_S0149_I00000134_P0208,naturalistic/train/0003/0029/V00_S0149_I00000134_P0207,flagged_fm1,naturalistic,625,V00,naturalistic,train,ipc_conversation,random draw from files where only fm1_sitting fired,"{""clip_note"": """", ""fm1_knee_between_torso_p50"": 0.5443578982511583, ""fm2_longest_invalid_run_s"": 0.0, ""fm2_smplh_valid_frac"": 1.0, ""fm3_static_frac"": 0.6251937984496124, ""observed_duration_s"": 172.0, ""unit_flagged_frac"": 0.5}",render
brief_140,flagged_fm1_140_V00_S0446_I00000126_P0585_f0002942,V00_S0446_I00000126_P0585,naturalistic/train/0012/0024/V00_S0446_I00000126_P0585,naturalistic/train/0012/0022/V00_S0446_I00000126_P0489,flagged_fm1,naturalistic,2942,V00,naturalistic,train,ipc_conversation,random draw from files where only fm1_sitting fired,"{""clip_note"": """", ""fm1_knee_between_torso_p50"": 0.407664073023642, ""fm2_longest_invalid_run_s"": 0.0, ""fm2_smplh_valid_frac"": 1.0, ""fm3_static_frac"": 0.11697247706422019, ""observed_duration_s"": 218.0, ""unit_flagged_frac"": 1.0}",render
brief_141,flagged_fm1_141_V00_S0446_I00000307_P0585_f0002000,V00_S0446_I00000307_P0585,naturalistic/train/0012/0022/V00_S0446_I00000307_P0585,naturalistic/train/0012/0004/V00_S0446_I00000307_P0489,flagged_fm1,naturalistic,2000,V00,naturalistic,train,ipc_conversation,random draw from files where only fm1_sitting fired,"{""clip_note"": """", ""fm1_knee_between_torso_p50"": 0.3692891419670379, ""fm2_longest_invalid_run_s"": 0.0, ""fm2_smplh_valid_frac"": 1.0, ""fm3_static_frac"": 0.3734265734265734, ""observed_duration_s"": 286.0, ""unit_flagged_frac"": 1.0}",render
brief_142,flagged_fm1_142_V00_S1925_I00000297_P0070_f0006486,V00_S1925_I00000297_P0070,naturalistic/train/0031/0031/V00_S1925_I00000297_P0070,naturalistic/train/0031/0016/V00_S1925_I00000297_P1213,flagged_fm1,naturalistic,6486,V00,naturalistic,train,ipc_conversation,random draw from files where only fm1_sitting fired,"{""clip_note"": """", ""fm1_knee_between_torso_p50"": 0.1398340947601303, ""fm2_longest_invalid_run_s"": 0.0, ""fm2_smplh_valid_frac"": 1.0, ""fm3_static_frac"": 0.33537414965986395, ""observed_duration_s"": 294.0, ""unit_flagged_frac"": 1.0}",render
brief_143,flagged_fm1_143_V00_S1933_I00000013_P1220_f0003806,V00_S1933_I00000013_P1220,naturalistic/train/0031/0007/V00_S1933_I00000013_P1220,naturalistic/train/0031/0027/V00_S1933_I00000013_P0805,flagged_fm1,naturalistic,3806,V00,naturalistic,train,ipc_conversation,random draw from files where only fm1_sitting fired,"{""clip_note"": """", ""fm1_knee_between_torso_p50"": 0.0798177889215854, ""fm2_longest_invalid_run_s"": 0.0, ""fm2_smplh_valid_frac"": 1.0, ""fm3_static_frac"": 0.3536496350364963, ""observed_duration_s"": 274.0, ""unit_flagged_frac"": 1.0}",render
brief_144,flagged_fm1_144_V00_S0316_I00000125_P0426_f0002850,V00_S0316_I00000125_P0426,naturalistic/train/0007/0040/V00_S0316_I00000125_P0426,naturalistic/train/0007/0027/V00_S0316_I00000125_P0427,flagged_fm1,naturalistic,2850,V00,naturalistic,train,ipc_conversation,random draw from files where only fm1_sitting fired,"{""clip_note"": """", ""fm1_knee_between_torso_p50"": 0.4133402523011502, ""fm2_longest_invalid_run_s"": 0.0, ""fm2_smplh_valid_frac"": 1.0, ""fm3_static_frac"": 0.5595, ""observed_duration_s"": 200.0, ""unit_flagged_frac"": 0.5}",render
brief_145,flagged_fm1_145_V00_S0936_I00000135_P1029_f0000283,V00_S0936_I00000135_P1029,naturalistic/train/0024/0005/V00_S0936_I00000135_P1029,naturalistic/train/0024/0044/V00_S0936_I00000135_P1030,flagged_fm1,naturalistic,283,V00,naturalistic,train,collaborative_storytelling,random draw from files where only fm1_sitting fired,"{""clip_note"": """", ""fm1_knee_between_torso_p50"": 0.2730930323027921, ""fm2_longest_invalid_run_s"": 0.0, ""fm2_smplh_valid_frac"": 1.0, ""fm3_static_frac"": 0.745, ""observed_duration_s"": 140.0, ""unit_flagged_frac"": 1.0}",render
brief_146,flagged_fm1_146_V00_S0555_I00000139_P0699_f0000076,V00_S0555_I00000139_P0699,naturalistic/train/0015/0003/V00_S0555_I00000139_P0699,naturalistic/train/0015/0026/V00_S0555_I00000139_P0698,flagged_fm1,naturalistic,76,V00,naturalistic,train,ipc_conversation,random draw from files where only fm1_sitting fired,"{""clip_note"": """", ""fm1_knee_between_torso_p50"": 0.015560526386182282, ""fm2_longest_invalid_run_s"": 0.0, ""fm2_smplh_valid_frac"": 1.0, ""fm3_static_frac"": 0.7305555555555555, ""observed_duration_s"": 60.0, ""unit_flagged_frac"": 1.0}",render
brief_147,flagged_fm1_147_V00_S1925_I00000281_P1213_f0004377,V00_S1925_I00000281_P1213,naturalistic/train/0031/0017/V00_S1925_I00000281_P1213,naturalistic/train/0031/0005/V00_S1925_I00000281_P0070,flagged_fm1,naturalistic,4377,V00,naturalistic,train,ipc_conversation,random draw from files where fm1_sitting fired,"{""clip_note"": """", ""fm1_knee_between_torso_p50"": 0.20443792505386266, ""fm2_longest_invalid_run_s"": 0.0, ""fm2_smplh_valid_frac"": 1.0, ""fm3_static_frac"": 0.9382246376811594, ""observed_duration_s"": 184.0, ""unit_flagged_frac"": 1.0}",render
brief_148,flagged_fm1_148_V00_S0284_I00000520_P0384_f0003962,V00_S0284_I00000520_P0384,naturalistic/train/0007/0039/V00_S0284_I00000520_P0384,naturalistic/train/0007/0006/V00_S0284_I00000520_P0385,flagged_fm1,naturalistic,3962,V00,naturalistic,train,grounded_gesture,random draw from files where fm1_sitting fired,"{""clip_note"": """", ""fm1_knee_between_torso_p50"": 0.33555070049438607, ""fm2_longest_invalid_run_s"": 5.633333333333334, ""fm2_smplh_valid_frac"": 0.9605072463768116, ""fm3_static_frac"": 0.5308876811594203, ""observed_duration_s"": 368.0, ""unit_flagged_frac"": 1.0}",render
brief_149,flagged_fm1_149_V00_S0555_I00000134_P0699_f0001688,V00_S0555_I00000134_P0699,naturalistic/train/0015/0030/V00_S0555_I00000134_P0699,naturalistic/train/0015/0023/V00_S0555_I00000134_P0698,flagged_fm1,naturalistic,1688,V00,naturalistic,train,ipc_conversation,random draw from files where fm1_sitting fired,"{""clip_note"": """", ""fm1_knee_between_torso_p50"": 0.17770299292202701, ""fm2_longest_invalid_run_s"": 0.23333333333333334, ""fm2_smplh_valid_frac"": 0.9976010101010101, ""fm3_static_frac"": 0.12398989898989898, ""observed_duration_s"": 264.0, ""unit_flagged_frac"": 1.0}",render
brief_150,flagged_fm1_150_V00_S0603_I00000373_P0762_f0005364,V00_S0603_I00000373_P0762,naturalistic/train/0017/0013/V00_S0603_I00000373_P0762,naturalistic/train/0017/0022/V00_S0603_I00000373_P0763,flagged_fm1,naturalistic,5364,V00,naturalistic,train,ipc_conversation,random draw from files where fm1_sitting fired,"{""clip_note"": """", ""fm1_knee_between_torso_p50"": 0.3949366657361269, ""fm2_longest_invalid_run_s"": 0.06666666666666667, ""fm2_smplh_valid_frac"": 0.9997929606625259, ""fm3_static_frac"": 0.3919254658385093, ""observed_duration_s"": 322.0, ""unit_flagged_frac"": 1.0}",render
brief_151,flagged_fm1_151_V00_S0094_I00000126_P0135_f0005720,V00_S0094_I00000126_P0135,naturalistic/train/0001/0003/V00_S0094_I00000126_P0135,naturalistic/train/0001/0041/V00_S0094_I00000126_P0073,flagged_fm1,naturalistic,5720,V00,naturalistic,train,ipc_conversation,random draw from files where fm1_sitting fired,"{""clip_note"": """", ""fm1_knee_between_torso_p50"": 0.4218315880111164, ""fm2_longest_invalid_run_s"": 1.0666666666666667, ""fm2_smplh_valid_frac"": 0.9844282238442822, ""fm3_static_frac"": 0.005717761557177616, ""observed_duration_s"": 274.0, ""unit_flagged_frac"": 1.0}",render
brief_152,flagged_fm1_152_V00_S1921_I00000267_P1209_f0001052,V00_S1921_I00000267_P1209,naturalistic/train/0030/0011/V00_S1921_I00000267_P1209,naturalistic/train/0030/0006/V00_S1921_I00000267_P1211,flagged_fm1,naturalistic,1052,V00,naturalistic,train,ipc_conversation,random draw from files where fm1_sitting fired,"{""clip_note"": """", ""fm1_knee_between_torso_p50"": 0.33971179618535485, ""fm2_longest_invalid_run_s"": 0.0, ""fm2_smplh_valid_frac"": 1.0, ""fm3_static_frac"": 0.8626050420168068, ""observed_duration_s"": 238.0, ""unit_flagged_frac"": 1.0}",render
brief_153,flagged_fm1_153_V00_S1016_I00000273_P1057_f0003474,V00_S1016_I00000273_P1057,naturalistic/train/0025/0014/V00_S1016_I00000273_P1057,naturalistic/train/0025/0035/V00_S1016_I00000273_P1058,flagged_fm1,naturalistic,3474,V00,naturalistic,train,ipc_conversation,random draw from files where fm1_sitting fired,"{""clip_note"": """", ""fm1_knee_between_torso_p50"": 0.2410355683349985, ""fm2_longest_invalid_run_s"": 0.23333333333333334, ""fm2_smplh_valid_frac"": 0.9964285714285714, ""fm3_static_frac"": 0.03908730158730159, ""observed_duration_s"": 168.0, ""unit_flagged_frac"": 1.0}",render
brief_154,flagged_fm1_154_V00_S0626_I00000381_P0778_f0000601,V00_S0626_I00000381_P0778,naturalistic/train/0018/0036/V00_S0626_I00000381_P0778,naturalistic/train/0018/0018/V00_S0626_I00000381_P0094,flagged_fm1,naturalistic,601,V00,naturalistic,train,ipc_conversation,random draw from files where fm1_sitting fired,"{""clip_note"": """", ""fm1_knee_between_torso_p50"": 0.42394507233164735, ""fm2_longest_invalid_run_s"": 36.9, ""fm2_smplh_valid_frac"": 0.6925, ""fm3_static_frac"": 0.0011111111111111111, ""observed_duration_s"": 120.0, ""unit_flagged_frac"": 1.0}",render
brief_155,flagged_fm1_155_V00_S0936_I00000495_P1029_f0002700,V00_S0936_I00000495_P1029,naturalistic/train/0024/0009/V00_S0936_I00000495_P1029,naturalistic/train/0024/0017/V00_S0936_I00000495_P1030,flagged_fm1,naturalistic,2700,V00,naturalistic,train,ipc_conversation,random draw from files where fm1_sitting fired,"{""clip_note"": """", ""fm1_knee_between_torso_p50"": 0.20954299250220726, ""fm2_longest_invalid_run_s"": 0.0, ""fm2_smplh_valid_frac"": 1.0, ""fm3_static_frac"": 0.898876404494382, ""observed_duration_s"": 178.0, ""unit_flagged_frac"": 1.0}",render
brief_156,flagged_fm1_156_V00_S0771_I00000139_P0805_f0006084,V00_S0771_I00000139_P0805,naturalistic/train/0021/0006/V00_S0771_I00000139_P0805,naturalistic/train/0021/0028/V00_S0771_I00000139_P0908,flagged_fm1,naturalistic,6084,V00,naturalistic,train,ipc_conversation,random draw from files where fm1_sitting fired,"{""clip_note"": """", ""fm1_knee_between_torso_p50"": 0.4249257670410749, ""fm2_longest_invalid_run_s"": 0.5666666666666667, ""fm2_smplh_valid_frac"": 0.9970588235294118, ""fm3_static_frac"": 0.46596638655462186, ""observed_duration_s"": 238.0, ""unit_flagged_frac"": 0.5}",render
brief_157,flagged_fm1_157_V00_S0787_I00000138_P0377_f0000182,V00_S0787_I00000138_P0377,naturalistic/train/0022/0032/V00_S0787_I00000138_P0377,naturalistic/train/0022/0000/V00_S0787_I00000138_P0923,flagged_fm1,naturalistic,182,V00,naturalistic,train,ipc_conversation,random draw from files where fm1_sitting fired,"{""clip_note"": """", ""fm1_knee_between_torso_p50"": 0.18814243744104078, ""fm2_longest_invalid_run_s"": 0.0, ""fm2_smplh_valid_frac"": 1.0, ""fm3_static_frac"": 0.8059386973180077, ""observed_duration_s"": 174.0, ""unit_flagged_frac"": 1.0}",render
brief_158,flagged_fm1_158_V00_S1925_I00000280_P1213_f0001090,V00_S1925_I00000280_P1213,naturalistic/train/0031/0022/V00_S1925_I00000280_P1213,naturalistic/train/0031/0039/V00_S1925_I00000280_P0070,flagged_fm1,naturalistic,1090,V00,naturalistic,train,ipc_conversation,random draw from files where fm1_sitting fired,"{""clip_note"": """", ""fm1_knee_between_torso_p50"": 0.255614233450741, ""fm2_longest_invalid_run_s"": 0.0, ""fm2_smplh_valid_frac"": 1.0, ""fm3_static_frac"": 0.7628735632183908, ""observed_duration_s"": 290.0, ""unit_flagged_frac"": 1.0}",render
brief_159,flagged_fm1_159_V00_S0603_I00000374_P0762_f0006468,V00_S0603_I00000374_P0762,naturalistic/train/0017/0034/V00_S0603_I00000374_P0762,naturalistic/train/0017/0025/V00_S0603_I00000374_P0763,flagged_fm1,naturalistic,6468,V00,naturalistic,train,ipc_conversation,random draw from files where fm1_sitting fired,"{""clip_note"": """", ""fm1_knee_between_torso_p50"": 0.3982073062557036, ""fm2_longest_invalid_run_s"": 0.8333333333333334, ""fm2_smplh_valid_frac"": 0.9928571428571429, ""fm3_static_frac"": 0.002631578947368421, ""observed_duration_s"": 266.0, ""unit_flagged_frac"": 1.0}",render
brief_160,flagged_fm1_160_V00_S0691_I00000520_P0840_f0001689,V00_S0691_I00000520_P0840,naturalistic/dev/0000/0028/V00_S0691_I00000520_P0840,naturalistic/dev/0000/0031/V00_S0691_I00000520_P0500,flagged_fm1,naturalistic,1689,V00,naturalistic,dev,grounded_gesture,random draw from files where fm1_sitting fired,"{""clip_note"": """", ""fm1_knee_between_torso_p50"": 0.37874031683152487, ""fm2_longest_invalid_run_s"": 1.5666666666666667, ""fm2_smplh_valid_frac"": 0.9823188405797102, ""fm3_static_frac"": 0.6439130434782608, ""observed_duration_s"": 230.0, ""unit_flagged_frac"": 1.0}",render
brief_161,flagged_fm1_161_V00_S1016_I00000269_P1058_f0000906,V00_S1016_I00000269_P1058,naturalistic/train/0025/0040/V00_S1016_I00000269_P1058,naturalistic/train/0025/0018/V00_S1016_I00000269_P1057,flagged_fm1,naturalistic,906,V00,naturalistic,train,ipc_conversation,random draw from files where fm1_sitting fired,"{""clip_note"": """", ""fm1_knee_between_torso_p50"": -0.027215304449497574, ""fm2_longest_invalid_run_s"": 0.0, ""fm2_smplh_valid_frac"": 1.0, ""fm3_static_frac"": 0.7973333333333333, ""observed_duration_s"": 150.0, ""unit_flagged_frac"": 1.0}",render
brief_162,flagged_fm1_162_V00_S0936_I00000491_P1030_f0000880,V00_S0936_I00000491_P1030,naturalistic/train/0024/0011/V00_S0936_I00000491_P1030,naturalistic/train/0024/0029/V00_S0936_I00000491_P1029,flagged_fm1,naturalistic,880,V00,naturalistic,train,ipc_conversation,random draw from files where fm1_sitting fired,"{""clip_note"": """", ""fm1_knee_between_torso_p50"": 0.4130519351603912, ""fm2_longest_invalid_run_s"": 0.6, ""fm2_smplh_valid_frac"": 0.9974271012006861, ""fm3_static_frac"": 0.5337335620354489, ""observed_duration_s"": 233.205, ""unit_flagged_frac"": 1.0}",render
brief_163,flagged_fm1_163_V00_S1045_I00000605_P1067_f0002262,V00_S1045_I00000605_P1067,naturalistic/dev/0001/0028/V00_S1045_I00000605_P1067,naturalistic/dev/0001/0033/V00_S1045_I00000605_P1066,flagged_fm1,naturalistic,2262,V00,naturalistic,dev,grounded_gesture,random draw from files where fm1_sitting fired,"{""clip_note"": """", ""fm1_knee_between_torso_p50"": 0.07362790281495787, ""fm2_longest_invalid_run_s"": 0.06666666666666667, ""fm2_smplh_valid_frac"": 0.9994666666666666, ""fm3_static_frac"": 0.2736, ""observed_duration_s"": 250.0, ""unit_flagged_frac"": 1.0}",render
brief_164,flagged_fm1_164_V00_S1219_I00000165_P1111_f0005105,V00_S1219_I00000165_P1111,naturalistic/train/0026/0019/V00_S1219_I00000165_P1111,naturalistic/train/0026/0042/V00_S1219_I00000165_P1057,flagged_fm1,naturalistic,5105,V00,naturalistic,train,ipc_conversation,random draw from files where fm1_sitting fired,"{""clip_note"": """", ""fm1_knee_between_torso_p50"": -0.0038527166155845026, ""fm2_longest_invalid_run_s"": 0.4666666666666667, ""fm2_smplh_valid_frac"": 0.996583850931677, ""fm3_static_frac"": 0.39565217391304347, ""observed_duration_s"": 322.0, ""unit_flagged_frac"": 1.0}",render
brief_165,flagged_fm1_165_V00_S0112_I00000483_P0162_f0001799,V00_S0112_I00000483_P0162,naturalistic/train/0002/0012/V00_S0112_I00000483_P0162,naturalistic/train/0002/0000/V00_S0112_I00000483_P0163,flagged_fm1,naturalistic,1799,V00,naturalistic,train,ipc_conversation,random draw from files where fm1_sitting fired,"{""clip_note"": """", ""fm1_knee_between_torso_p50"": 0.39301916785518864, ""fm2_longest_invalid_run_s"": 0.0, ""fm2_smplh_valid_frac"": 1.0, ""fm3_static_frac"": 0.8905092592592593, ""observed_duration_s"": 144.0, ""unit_flagged_frac"": 1.0}",render
brief_166,flagged_fm1_166_V00_S0521_I00000126_P0566_f0002886,V00_S0521_I00000126_P0566,naturalistic/dev/0000/0011/V00_S0521_I00000126_P0566,naturalistic/dev/0000/0031/V00_S0521_I00000126_P0663,flagged_fm1,naturalistic,2886,V00,naturalistic,dev,ipc_conversation,random draw from files where fm1_sitting fired,"{""clip_note"": """", ""fm1_knee_between_torso_p50"": 0.29556248195421075, ""fm2_longest_invalid_run_s"": 0.23333333333333334, ""fm2_smplh_valid_frac"": 0.9988814317673378, ""fm3_static_frac"": 0.042058165548098436, ""observed_duration_s"": 298.0, ""unit_flagged_frac"": 1.0}",render
brief_167,flagged_fm1_167_V00_S0579_I00000503_P0718_f0002508,V00_S0579_I00000503_P0718,naturalistic/train/0016/0018/V00_S0579_I00000503_P0718,naturalistic/train/0016/0007/V00_S0579_I00000503_P0730,flagged_fm1,naturalistic,2508,V00,naturalistic,train,grounded_gesture,random draw from files where fm1_sitting fired,"{""clip_note"": """", ""fm1_knee_between_torso_p50"": 0.36673935696314874, ""fm2_longest_invalid_run_s"": 1.1, ""fm2_smplh_valid_frac"": 0.984065934065934, ""fm3_static_frac"": 0.18461538461538463, ""observed_duration_s"": 182.0, ""unit_flagged_frac"": 1.0}",render
brief_168,flagged_fm1_168_V00_S0579_I00000385_P0718_f0005718,V00_S0579_I00000385_P0718,naturalistic/train/0016/0042/V00_S0579_I00000385_P0718,naturalistic/train/0016/0009/V00_S0579_I00000385_P0730,flagged_fm1,naturalistic,5718,V00,naturalistic,train,ipc_conversation,random draw from files where fm1_sitting fired,"{""clip_note"": """", ""fm1_knee_between_torso_p50"": 0.4173383111324708, ""fm2_longest_invalid_run_s"": 1.3333333333333333, ""fm2_smplh_valid_frac"": 0.8990990990990991, ""fm3_static_frac"": 0.0, ""observed_duration_s"": 222.0, ""unit_flagged_frac"": 1.0}",render
brief_169,flagged_fm1_169_V00_S1685_I00000595_P0205_f0001386,V00_S1685_I00000595_P0205,naturalistic/train/0028/0017/V00_S1685_I00000595_P0205,naturalistic/train/0028/0036/V00_S1685_I00000595_P1160,flagged_fm1,naturalistic,1386,V00,naturalistic,train,grounded_gesture,random draw from files where fm1_sitting fired,"{""clip_note"": """", ""fm1_knee_between_torso_p50"": 0.393306233789183, ""fm2_longest_invalid_run_s"": 0.36666666666666664, ""fm2_smplh_valid_frac"": 0.998377581120944, ""fm3_static_frac"": 0.585693215339233, ""observed_duration_s"": 226.0, ""unit_flagged_frac"": 1.0}",render
brief_170,flagged_fm1_170_V00_S0521_I00000135_P0663_f0000757,V00_S0521_I00000135_P0663,naturalistic/dev/0000/0012/V00_S0521_I00000135_P0663,naturalistic/dev/0000/0038/V00_S0521_I00000135_P0566,flagged_fm1,naturalistic,757,V00,naturalistic,dev,collaborative_storytelling,random draw from files where fm1_sitting fired,"{""clip_note"": """", ""fm1_knee_between_torso_p50"": 0.40912842907663904, ""fm2_longest_invalid_run_s"": 0.0, ""fm2_smplh_valid_frac"": 1.0, ""fm3_static_frac"": 0.8915686274509804, ""observed_duration_s"": 170.0, ""unit_flagged_frac"": 1.0}",render
brief_171,flagged_fm1_171_V00_S1685_I00000421_P0205_f0002510,V00_S1685_I00000421_P0205,naturalistic/train/0028/0038/V00_S1685_I00000421_P0205,naturalistic/train/0028/0000/V00_S1685_I00000421_P1160,flagged_fm1,naturalistic,2510,V00,naturalistic,train,ipc_conversation,random draw from files where fm1_sitting fired,"{""clip_note"": """", ""fm1_knee_between_torso_p50"": 0.294533293340996, ""fm2_longest_invalid_run_s"": 0.8666666666666667, ""fm2_smplh_valid_frac"": 0.996264367816092, ""fm3_static_frac"": 0.5045977011494253, ""observed_duration_s"": 232.0, ""unit_flagged_frac"": 1.0}",render
brief_172,flagged_fm1_172_V00_S0787_I00000461_P0923_f0000426,V00_S0787_I00000461_P0923,naturalistic/train/0022/0021/V00_S0787_I00000461_P0923,naturalistic/train/0022/0005/V00_S0787_I00000461_P0377,flagged_fm1,naturalistic,426,V00,naturalistic,train,ipc_conversation,random draw from files where fm1_sitting fired,"{""clip_note"": """", ""fm1_knee_between_torso_p50"": 0.3757193118643006, ""fm2_longest_invalid_run_s"": 0.0, ""fm2_smplh_valid_frac"": 1.0, ""fm3_static_frac"": 0.9714583333333333, ""observed_duration_s"": 160.0, ""unit_flagged_frac"": 1.0}",render
brief_173,flagged_fm1_173_V00_S0579_I00000384_P0718_f0001436,V00_S0579_I00000384_P0718,naturalistic/train/0016/0019/V00_S0579_I00000384_P0718,naturalistic/train/0016/0028/V00_S0579_I00000384_P0730,flagged_fm1,naturalistic,1436,V00,naturalistic,train,ipc_conversation,random draw from files where fm1_sitting fired,"{""clip_note"": """", ""fm1_knee_between_torso_p50"": 0.3605935843894581, ""fm2_longest_invalid_run_s"": 0.16666666666666666, ""fm2_smplh_valid_frac"": 0.997887323943662, ""fm3_static_frac"": 0.35258215962441314, ""observed_duration_s"": 284.0, ""unit_flagged_frac"": 1.0}",render
brief_174,flagged_fm1_174_V00_S0787_I00000497_P0923_f0005311,V00_S0787_I00000497_P0923,naturalistic/train/0022/0008/V00_S0787_I00000497_P0923,naturalistic/train/0022/0009/V00_S0787_I00000497_P0377,flagged_fm1,naturalistic,5311,V00,naturalistic,train,grounded_gesture,random draw from files where fm1_sitting fired,"{""clip_note"": """", ""fm1_knee_between_torso_p50"": 0.3470872199681676, ""fm2_longest_invalid_run_s"": 0.1, ""fm2_smplh_valid_frac"": 0.9995833333333334, ""fm3_static_frac"": 0.4752777777777778, ""observed_duration_s"": 240.0, ""unit_flagged_frac"": 1.0}",render
brief_175,flagged_fm1_175_V00_S0787_I00000307_P0923_f0002358,V00_S0787_I00000307_P0923,naturalistic/train/0022/0002/V00_S0787_I00000307_P0923,naturalistic/train/0022/0031/V00_S0787_I00000307_P0377,flagged_fm1,naturalistic,2358,V00,naturalistic,train,ipc_conversation,random draw from files where fm1_sitting fired,"{""clip_note"": """", ""fm1_knee_between_torso_p50"": 0.39273479229721764, ""fm2_longest_invalid_run_s"": 0.0, ""fm2_smplh_valid_frac"": 1.0, ""fm3_static_frac"": 0.9675595238095238, ""observed_duration_s"": 112.0, ""unit_flagged_frac"": 1.0}",render
brief_176,flagged_fm1_176_V00_S1016_I00000275_P1058_f0001231,V00_S1016_I00000275_P1058,naturalistic/train/0025/0048/V00_S1016_I00000275_P1058,naturalistic/train/0025/0025/V00_S1016_I00000275_P1057,flagged_fm1,naturalistic,1231,V00,naturalistic,train,ipc_conversation,random draw from files where fm1_sitting fired,"{""clip_note"": """", ""fm1_knee_between_torso_p50"": -0.023559452720344883, ""fm2_longest_invalid_run_s"": 1.4, ""fm2_smplh_valid_frac"": 0.9954248366013072, ""fm3_static_frac"": 0.6604575163398693, ""observed_duration_s"": 306.0, ""unit_flagged_frac"": 1.0}",render
brief_177,flagged_fm1_177_V00_S0284_I00000515_P0385_f0001851,V00_S0284_I00000515_P0385,naturalistic/train/0007/0005/V00_S0284_I00000515_P0385,naturalistic/train/0007/0037/V00_S0284_I00000515_P0384,flagged_fm1,naturalistic,1851,V00,naturalistic,train,ipc_conversation,random draw from files where fm1_sitting fired,"{""clip_note"": """", ""fm1_knee_between_torso_p50"": 0.1954262322601368, ""fm2_longest_invalid_run_s"": 1.5, ""fm2_smplh_valid_frac"": 0.9785057471264368, ""fm3_static_frac"": 0.25873563218390805, ""observed_duration_s"": 290.0, ""unit_flagged_frac"": 1.0}",render
brief_178,flagged_fm1_178_V00_S0360_I00000378_P0485_f0000032,V00_S0360_I00000378_P0485,naturalistic/dev/0000/0002/V00_S0360_I00000378_P0485,naturalistic/dev/0000/0037/V00_S0360_I00000378_P0484,flagged_fm1,naturalistic,32,V00,naturalistic,dev,ipc_conversation,random draw from files where fm1_sitting fired,"{""clip_note"": """", ""fm1_knee_between_torso_p50"": 0.38637317227178025, ""fm2_longest_invalid_run_s"": 0.0, ""fm2_smplh_valid_frac"": 1.0, ""fm3_static_frac"": 0.9115277777777778, ""observed_duration_s"": 240.0, ""unit_flagged_frac"": 1.0}",render
brief_179,flagged_fm1_179_V00_S0341_I00000477_P0452_f0001766,V00_S0341_I00000477_P0452,naturalistic/train/0008/0038/V00_S0341_I00000477_P0452,naturalistic/train/0008/0025/V00_S0341_I00000477_P0348,flagged_fm1,naturalistic,1766,V00,naturalistic,train,ipc_conversation,random draw from files where fm1_sitting fired,"{""clip_note"": """", ""fm1_knee_between_torso_p50"": 0.46194056522170174, ""fm2_longest_invalid_run_s"": 1.7666666666666666, ""fm2_smplh_valid_frac"": 0.9721311475409836, ""fm3_static_frac"": 0.2653005464480874, ""observed_duration_s"": 122.0, ""unit_flagged_frac"": 0.5}",render
brief_180,flagged_fm2_180_V00_S0792_I00000374_P0929_f0000295,V00_S0792_I00000374_P0929,naturalistic/train/0022/0014/V00_S0792_I00000374_P0929,naturalistic/train/0022/0032/V00_S0792_I00000374_P0800,flagged_fm2,naturalistic,295,V00,naturalistic,train,ipc_conversation,random draw from files where only fm2_smplh_invalid fired,"{""clip_note"": ""Clip positioned on the longest untrusted stretch (2.9 s starting at 23 s into the recording)."", ""fm1_knee_between_torso_p50"": 0.5264803887379284, ""fm2_longest_invalid_run_s"": 2.933333333333333, ""fm2_smplh_valid_frac"": 0.9836601307189542, ""fm3_static_frac"": 0.5808823529411765, ""observed_duration_s"": 204.0, ""unit_flagged_frac"": 0.0}",render
brief_181,flagged_fm2_181_V00_S1781_I00000715_P0893A_f0010051,V00_S1781_I00000715_P0893A,improvised/train/0044/0034/V00_S1781_I00000715_P0893A,improvised/train/0044/0040/V00_S1781_I00000715_P1099A,flagged_fm2,improvised,10051,V00,improvised,train,ipc_conversation,random draw from files where only fm2_smplh_invalid fired,"{""clip_note"": ""Clip positioned on the longest untrusted stretch (1.3 s starting at 349 s into the recording)."", ""fm1_knee_between_torso_p50"": 0.6235417843003668, ""fm2_longest_invalid_run_s"": 1.3333333333333333, ""fm2_smplh_valid_frac"": 0.9959390862944163, ""fm3_static_frac"": 0.0012690355329949238, ""observed_duration_s"": 394.0, ""unit_flagged_frac"": 0.0}",render
brief_182,flagged_fm2_182_V00_S1268_I00001138_P0059A_f0000082,V00_S1268_I00001138_P0059A,improvised/train/0028/0018/V00_S1268_I00001138_P0059A,improvised/train/0028/0018/V00_S1268_I00001138_P0006A,flagged_fm2,improvised,82,V00,improvised,train,ipc_conversation,random draw from files where only fm2_smplh_invalid fired,"{""clip_note"": ""Clip positioned on the longest untrusted stretch (37.6 s starting at 5 s into the recording)."", ""fm1_knee_between_torso_p50"": 0.5207967960291524, ""fm2_longest_invalid_run_s"": 37.6, ""fm2_smplh_valid_frac"": 0.8519607843137255, ""fm3_static_frac"": 0.002075098814229249, ""observed_duration_s"": 340.0, ""unit_flagged_frac"": 0.0}",render
brief_183,flagged_fm2_183_V00_S1500_I00000675_P0041A_f0009180,V00_S1500_I00000675_P0041A,improvised/train/0035/0018/V00_S1500_I00000675_P0041A,improvised/train/0035/0017/V00_S1500_I00000675_P0707A,flagged_fm2,improvised,9180,V00,improvised,train,ipc_conversation,random draw from files where only fm2_smplh_invalid fired,"{""clip_note"": ""Clip positioned on the longest untrusted stretch (0.6 s starting at 335 s into the recording)."", ""fm1_knee_between_torso_p50"": 0.6212965921690892, ""fm2_longest_invalid_run_s"": 0.6333333333333333, ""fm2_smplh_valid_frac"": 0.998015873015873, ""fm3_static_frac"": 0.19049508879849192, ""observed_duration_s"": 336.0, ""unit_flagged_frac"": 0.0}",render
brief_184,flagged_fm2_184_V00_S0627_I00000383_P0780_f0000938,V00_S0627_I00000383_P0780,naturalistic/dev/0000/0044/V00_S0627_I00000383_P0780,naturalistic/dev/0000/0003/V00_S0627_I00000383_P0779,flagged_fm2,naturalistic,938,V00,naturalistic,dev,ipc_conversation,random draw from files where only fm2_smplh_invalid fired,"{""clip_note"": ""Clip positioned on the longest untrusted stretch (0.3 s starting at 46 s into the recording)."", ""fm1_knee_between_torso_p50"": 0.5027184814340434, ""fm2_longest_invalid_run_s"": 0.3333333333333333, ""fm2_smplh_valid_frac"": 0.9953453453453454, ""fm3_static_frac"": 0.20225225225225224, ""observed_duration_s"": 222.0, ""unit_flagged_frac"": 0.0}",render
brief_185,flagged_fm2_185_V00_S1702_I00000635_P1099A_f0006062,V00_S1702_I00000635_P1099A,improvised/train/0041/0014/V00_S1702_I00000635_P1099A,improvised/train/0041/0009/V00_S1702_I00000635_P0861A,flagged_fm2,improvised,6062,V00,improvised,train,ipc_conversation,random draw from files where only fm2_smplh_invalid fired,"{""clip_note"": ""Clip positioned on the longest untrusted stretch (0.2 s starting at 217 s into the recording)."", ""fm1_knee_between_torso_p50"": 0.5882455409301371, ""fm2_longest_invalid_run_s"": 0.2, ""fm2_smplh_valid_frac"": 0.999561403508772, ""fm3_static_frac"": 0.27616959064327484, ""observed_duration_s"": 456.0, ""unit_flagged_frac"": 0.0}",render
brief_186,flagged_fm2_186_V00_S1516_I00001038_P0230A_f0005176,V00_S1516_I00001038_P0230A,improvised/train/0035/0032/V00_S1516_I00001038_P0230A,improvised/train/0035/0010/V00_S1516_I00001038_P0799A,flagged_fm2,improvised,5176,V00,improvised,train,ipc_conversation,random draw from files where only fm2_smplh_invalid fired,"{""clip_note"": ""Clip positioned on the longest untrusted stretch (1.3 s starting at 187 s into the recording)."", ""fm1_knee_between_torso_p50"": 0.5958929940341101, ""fm2_longest_invalid_run_s"": 1.3, ""fm2_smplh_valid_frac"": 0.9915074309978769, ""fm3_static_frac"": 0.002760084925690021, ""observed_duration_s"": 314.0, ""unit_flagged_frac"": 0.0}",render
brief_187,flagged_fm2_187_V00_S0623_I00000515_P0776_f0005296,V00_S0623_I00000515_P0776,naturalistic/train/0018/0035/V00_S0623_I00000515_P0776,naturalistic/train/0018/0004/V00_S0623_I00000515_P0737,flagged_fm2,naturalistic,5296,V00,naturalistic,train,ipc_conversation,random draw from files where only fm2_smplh_invalid fired,"{""clip_note"": ""Clip positioned on the longest untrusted stretch (0.2 s starting at 191 s into the recording)."", ""fm1_knee_between_torso_p50"": 0.4982470688981302, ""fm2_longest_invalid_run_s"": 0.2, ""fm2_smplh_valid_frac"": 0.9986904761904762, ""fm3_static_frac"": 0.4679761904761905, ""observed_duration_s"": 280.0, ""unit_flagged_frac"": 0.0}",render
brief_188,flagged_fm2_188_V00_S0887_I00000373_P0180A_f0005638,V00_S0887_I00000373_P0180A,improvised/train/0018/0046/V00_S0887_I00000373_P0180A,improvised/train/0018/0013/V00_S0887_I00000373_P0996,flagged_fm2,improvised,5638,V00,improvised,train,ipc_conversation,random draw from files where only fm2_smplh_invalid fired,"{""clip_note"": ""Clip positioned on the longest untrusted stretch (0.2 s starting at 203 s into the recording)."", ""fm1_knee_between_torso_p50"": 0.5052247276050368, ""fm2_longest_invalid_run_s"": 0.2, ""fm2_smplh_valid_frac"": 0.9987528344671202, ""fm3_static_frac"": 0.029365079365079365, ""observed_duration_s"": 294.0, ""unit_flagged_frac"": 0.0}",render
brief_189,flagged_fm2_189_V00_S0396_I00000619_P0529_f0000000,V00_S0396_I00000619_P0529,naturalistic/train/0010/0021/V00_S0396_I00000619_P0529,naturalistic/train/0010/0001/V00_S0396_I00000619_P0530,flagged_fm2,naturalistic,0,V00,naturalistic,train,grounded_gesture,random draw from files where only fm2_smplh_invalid fired,"{""clip_note"": ""Clip positioned on the longest untrusted stretch (0.2 s starting at 11 s into the recording)."", ""fm1_knee_between_torso_p50"": 0.5157454100454198, ""fm2_longest_invalid_run_s"": 0.16666666666666666, ""fm2_smplh_valid_frac"": 0.9992753623188406, ""fm3_static_frac"": 0.33357487922705314, ""observed_duration_s"": 276.0, ""unit_flagged_frac"": 0.0}",render
brief_190,flagged_fm2_190_V00_S1983_I00000609_P1168_f0003120,V00_S1983_I00000609_P1168,naturalistic/train/0032/0018/V00_S1983_I00000609_P1168,naturalistic/train/0032/0039/V00_S1983_I00000609_P0328A,flagged_fm2,naturalistic,3120,V00,naturalistic,train,grounded_gesture,random draw from files where only fm2_smplh_invalid fired,"{""clip_note"": ""Clip positioned on the longest untrusted stretch (0.1 s starting at 122 s into the recording)."", ""fm1_knee_between_torso_p50"": 0.5652247363325344, ""fm2_longest_invalid_run_s"": 0.13333333333333333, ""fm2_smplh_valid_frac"": 0.9990049751243781, ""fm3_static_frac"": 0.6927860696517413, ""observed_duration_s"": 134.0, ""unit_flagged_frac"": 0.0}",render
brief_191,flagged_fm2_191_V00_S1792_I00001213_P0893A_f0009240,V00_S1792_I00001213_P0893A,improvised/train/0044/0049/V00_S1792_I00001213_P0893A,improvised/train/0044/0022/V00_S1792_I00001213_P0012,flagged_fm2,improvised,9240,V00,improvised,train,ipc_conversation,random draw from files where only fm2_smplh_invalid fired,"{""clip_note"": ""Clip positioned on the longest untrusted stretch (8.9 s starting at 329 s into the recording)."", ""fm1_knee_between_torso_p50"": 0.5791417410303966, ""fm2_longest_invalid_run_s"": 8.933333333333334, ""fm2_smplh_valid_frac"": 0.9659763313609467, ""fm3_static_frac"": 0.028895463510848127, ""observed_duration_s"": 338.0, ""unit_flagged_frac"": 0.0}",render
brief_192,flagged_fm2_192_V00_S0618_I00000385_P0767_f0001972,V00_S0618_I00000385_P0767,naturalistic/train/0017/0009/V00_S0618_I00000385_P0767,naturalistic/train/0017/0014/V00_S0618_I00000385_P0766,flagged_fm2,naturalistic,1972,V00,naturalistic,train,ipc_conversation,random draw from files where only fm2_smplh_invalid fired,"{""clip_note"": ""Clip positioned on the longest untrusted stretch (1.1 s starting at 80 s into the recording)."", ""fm1_knee_between_torso_p50"": 0.4490416684941034, ""fm2_longest_invalid_run_s"": 1.1333333333333333, ""fm2_smplh_valid_frac"": 0.9675555555555555, ""fm3_static_frac"": 0.07177777777777777, ""observed_duration_s"": 150.0, ""unit_flagged_frac"": 0.0}",render
brief_193,flagged_fm2_193_V00_S1970_I00001040_P1155A_f0008989,V00_S1970_I00001040_P1155A,improvised/train/0047/0000/V00_S1970_I00001040_P1155A,improvised/train/0047/0017/V00_S1970_I00001040_P1147A,flagged_fm2,improvised,8989,V00,improvised,train,ipc_conversation,random draw from files where only fm2_smplh_invalid fired,"{""clip_note"": ""Clip positioned on the longest untrusted stretch (0.0 s starting at 315 s into the recording)."", ""fm1_knee_between_torso_p50"": 0.5524933719138752, ""fm2_longest_invalid_run_s"": 0.03333333333333333, ""fm2_smplh_valid_frac"": 0.9997854077253219, ""fm3_static_frac"": 0.0017167381974248926, ""observed_duration_s"": 466.0, ""unit_flagged_frac"": 0.0}",render
brief_194,flagged_fm2_194_V00_S0687_I00000377_P0837_f0002528,V00_S0687_I00000377_P0837,naturalistic/train/0019/0006/V00_S0687_I00000377_P0837,naturalistic/train/0019/0040/V00_S0687_I00000377_P0836,flagged_fm2,naturalistic,2528,V00,naturalistic,train,ipc_conversation,random draw from files where only fm2_smplh_invalid fired,"{""clip_note"": ""Clip positioned on the longest untrusted stretch (0.4 s starting at 99 s into the recording)."", ""fm1_knee_between_torso_p50"": 0.4690599672732218, ""fm2_longest_invalid_run_s"": 0.43333333333333335, ""fm2_smplh_valid_frac"": 0.9982323232323232, ""fm3_static_frac"": 0.005934343434343434, ""observed_duration_s"": 264.0, ""unit_flagged_frac"": 0.0}",render
brief_195,flagged_fm2_195_V00_S1336_I00000663_P0789A_f0008711,V00_S1336_I00000663_P0789A,improvised/train/0030/0045/V00_S1336_I00000663_P0789A,improvised/train/0030/0058/V00_S1336_I00000663_P0557A,flagged_fm2,improvised,8711,V00,improvised,train,ipc_conversation,random draw from files where only fm2_smplh_invalid fired,"{""clip_note"": ""Clip positioned on the longest untrusted stretch (0.9 s starting at 305 s into the recording)."", ""fm1_knee_between_torso_p50"": 0.587826834036226, ""fm2_longest_invalid_run_s"": 0.8666666666666667, ""fm2_smplh_valid_frac"": 0.9973544973544973, ""fm3_static_frac"": 0.036067019400352736, ""observed_duration_s"": 378.0, ""unit_flagged_frac"": 0.0}",render
brief_196,flagged_fm2_196_V00_S0384_I00000503_P0508_f0000000,V00_S0384_I00000503_P0508,naturalistic/train/0010/0045/V00_S0384_I00000503_P0508,naturalistic/train/0010/0020/V00_S0384_I00000503_P0509,flagged_fm2,naturalistic,0,V00,naturalistic,train,grounded_gesture,random draw from files where only fm2_smplh_invalid fired,"{""clip_note"": ""Clip positioned on the longest untrusted stretch (1.8 s starting at 8 s into the recording)."", ""fm1_knee_between_torso_p50"": 0.6041427589116111, ""fm2_longest_invalid_run_s"": 1.8333333333333333, ""fm2_smplh_valid_frac"": 0.9861111111111112, ""fm3_static_frac"": 0.3466503267973856, ""observed_duration_s"": 408.0, ""unit_flagged_frac"": 0.0}",render
brief_197,flagged_fm2_197_V00_S0311_I00000135_P0418_f0000000,V00_S0311_I00000135_P0418,naturalistic/train/0007/0030/V00_S0311_I00000135_P0418,naturalistic/train/0007/0029/V00_S0311_I00000135_P0419,flagged_fm2,naturalistic,0,V00,naturalistic,train,collaborative_storytelling,random draw from files where only fm2_smplh_invalid fired,"{""clip_note"": ""Clip positioned on the longest untrusted stretch (1.1 s starting at 12 s into the recording)."", ""fm1_knee_between_torso_p50"": 0.5307292349753234, ""fm2_longest_invalid_run_s"": 1.0666666666666667, ""fm2_smplh_valid_frac"": 0.9747311827956989, ""fm3_static_frac"": 0.003763440860215054, ""observed_duration_s"": 186.0, ""unit_flagged_frac"": 0.0}",render
brief_198,flagged_fm2_198_V00_S1919_I00000169_P0991_f0004260,V00_S1919_I00000169_P0991,naturalistic/train/0030/0014/V00_S1919_I00000169_P0991,naturalistic/train/0030/0018/V00_S1919_I00000169_P0377,flagged_fm2,naturalistic,4260,V00,naturalistic,train,ipc_conversation,random draw from files where only fm2_smplh_invalid fired,"{""clip_note"": ""Clip positioned on the longest untrusted stretch (9.1 s starting at 163 s into the recording)."", ""fm1_knee_between_torso_p50"": 0.5801616206094298, ""fm2_longest_invalid_run_s"": 9.1, ""fm2_smplh_valid_frac"": 0.5073643410852713, ""fm3_static_frac"": 0.37286821705426354, ""observed_duration_s"": 172.0, ""unit_flagged_frac"": 0.0}",render
brief_199,flagged_fm2_199_V00_S1851_I00000391_P1181_f0006540,V00_S1851_I00000391_P1181,naturalistic/train/0029/0019/V00_S1851_I00000391_P1181,naturalistic/train/0029/0040/V00_S1851_I00000391_P0205,flagged_fm2,naturalistic,6540,V00,naturalistic,train,ipc_conversation,random draw from files where only fm2_smplh_invalid fired,"{""clip_note"": ""Clip positioned on the longest untrusted stretch (0.7 s starting at 239 s into the recording)."", ""fm1_knee_between_torso_p50"": 0.592908762694361, ""fm2_longest_invalid_run_s"": 0.6666666666666666, ""fm2_smplh_valid_frac"": 0.9973118279569892, ""fm3_static_frac"": 0.0939516129032258, ""observed_duration_s"": 248.0, ""unit_flagged_frac"": 0.0}",render
brief_200,flagged_fm2_200_V00_S0584_I00000483_P0737_f0000073,V00_S0584_I00000483_P0737,naturalistic/train/0016/0043/V00_S0584_I00000483_P0737,naturalistic/train/0016/0030/V00_S0584_I00000483_P0736,flagged_fm2,naturalistic,73,V00,naturalistic,train,ipc_conversation,random draw from files where only fm2_smplh_invalid fired,"{""clip_note"": ""Clip positioned on the longest untrusted stretch (1.8 s starting at 17 s into the recording)."", ""fm1_knee_between_torso_p50"": 0.5212428612029284, ""fm2_longest_invalid_run_s"": 1.7666666666666666, ""fm2_smplh_valid_frac"": 0.9817777777777777, ""fm3_static_frac"": 0.0028888888888888888, ""observed_duration_s"": 150.0, ""unit_flagged_frac"": 0.0}",render
brief_201,flagged_fm2_201_V00_S1836_I00000659_P1147A_f0006194,V00_S1836_I00000659_P1147A,improvised/train/0046/0054/V00_S1836_I00000659_P1147A,improvised/train/0046/0001/V00_S1836_I00000659_P0933A,flagged_fm2,improvised,6194,V00,improvised,train,ipc_conversation,random draw from files where only fm2_smplh_invalid fired,"{""clip_note"": ""Clip positioned on the longest untrusted stretch (1.8 s starting at 221 s into the recording)."", ""fm1_knee_between_torso_p50"": 0.6070687275677769, ""fm2_longest_invalid_run_s"": 1.7666666666666666, ""fm2_smplh_valid_frac"": 0.9956053067993367, ""fm3_static_frac"": 0.008872305140961857, ""observed_duration_s"": 402.0, ""unit_flagged_frac"": 0.0}",render
brief_202,flagged_fm2_202_V00_S0352_I00000500_P0471_f0004790,V00_S0352_I00000500_P0471,naturalistic/train/0009/0034/V00_S0352_I00000500_P0471,naturalistic/train/0009/0007/V00_S0352_I00000500_P0472,flagged_fm2,naturalistic,4790,V00,naturalistic,train,ipc_conversation,random draw from files where only fm2_smplh_invalid fired,"{""clip_note"": ""Clip positioned on the longest untrusted stretch (0.2 s starting at 175 s into the recording)."", ""fm1_knee_between_torso_p50"": 0.5273808348144421, ""fm2_longest_invalid_run_s"": 0.16666666666666666, ""fm2_smplh_valid_frac"": 0.9981099656357388, ""fm3_static_frac"": 0.3649484536082474, ""observed_duration_s"": 194.0, ""unit_flagged_frac"": 0.0}",render
brief_203,flagged_fm2_203_V00_S0306_I00000373_P0412_f0001666,V00_S0306_I00000373_P0412,naturalistic/train/0007/0032/V00_S0306_I00000373_P0412,naturalistic/train/0007/0021/V00_S0306_I00000373_P0411,flagged_fm2,naturalistic,1666,V00,naturalistic,train,ipc_conversation,random draw from files where only fm2_smplh_invalid fired,"{""clip_note"": ""Clip positioned on the longest untrusted stretch (0.0 s starting at 70 s into the recording)."", ""fm1_knee_between_torso_p50"": 0.6138559535970531, ""fm2_longest_invalid_run_s"": 0.03333333333333333, ""fm2_smplh_valid_frac"": 0.999862258953168, ""fm3_static_frac"": 0.27796143250688704, ""observed_duration_s"": 242.0, ""unit_flagged_frac"": 0.0}",render
brief_204,flagged_fm2_204_V00_S1544_I00000145_P1122_f0003960,V00_S1544_I00000145_P1122,naturalistic/train/0027/0015/V00_S1544_I00000145_P1122,naturalistic/train/0027/0040/V00_S1544_I00000145_P0317,flagged_fm2,naturalistic,3960,V00,naturalistic,train,ipc_conversation,random draw from files where only fm2_smplh_invalid fired,"{""clip_note"": ""Clip positioned on the longest untrusted stretch (3.4 s starting at 152 s into the recording)."", ""fm1_knee_between_torso_p50"": 0.5991087586919811, ""fm2_longest_invalid_run_s"": 3.4, ""fm2_smplh_valid_frac"": 0.7907407407407407, ""fm3_static_frac"": 0.2654320987654321, ""observed_duration_s"": 162.0, ""unit_flagged_frac"": 0.0}",render
brief_205,flagged_fm2_205_V00_S0793_I00000785_P0027A_f0008048,V00_S0793_I00000785_P0027A,improvised/train/0016/0031/V00_S0793_I00000785_P0027A,improvised/train/0016/0035/V00_S0793_I00000785_P0928,flagged_fm2,improvised,8048,V00,improvised,train,grounded_gesture,random draw from files where only fm2_smplh_invalid fired,"{""clip_note"": ""Clip positioned on the longest untrusted stretch (0.9 s starting at 283 s into the recording)."", ""fm1_knee_between_torso_p50"": 0.5443294708600599, ""fm2_longest_invalid_run_s"": 0.8666666666666667, ""fm2_smplh_valid_frac"": 0.991869918699187, ""fm3_static_frac"": 0.0001016260162601626, ""observed_duration_s"": 328.0, ""unit_flagged_frac"": 0.0}",render
brief_206,flagged_fm2_206_V00_S1626_I00000994_P1147A_f0006597,V00_S1626_I00000994_P1147A,improvised/train/0039/0029/V00_S1626_I00000994_P1147A,improvised/train/0039/0008/V00_S1626_I00000994_P0320A,flagged_fm2,improvised,6597,V00,improvised,train,ipc_conversation,random draw from files where only fm2_smplh_invalid fired,"{""clip_note"": ""Clip positioned on the longest untrusted stretch (3.6 s starting at 233 s into the recording)."", ""fm1_knee_between_torso_p50"": 0.5937454612023296, ""fm2_longest_invalid_run_s"": 3.6333333333333333, ""fm2_smplh_valid_frac"": 0.9883244206773618, ""fm3_static_frac"": 0.09572192513368984, ""observed_duration_s"": 374.0, ""unit_flagged_frac"": 0.0}",render
brief_207,flagged_fm2_207_V00_S1575_I00001202_P1024A_f0009840,V00_S1575_I00001202_P1024A,improvised/train/0037/0002/V00_S1575_I00001202_P1024A,improvised/train/0037/0065/V00_S1575_I00001202_P1106A,flagged_fm2,improvised,9840,V00,improvised,train,ipc_conversation,random draw from files where only fm2_smplh_invalid fired,"{""clip_note"": ""Clip positioned on the longest untrusted stretch (0.4 s starting at 348 s into the recording)."", ""fm1_knee_between_torso_p50"": 0.5388499331550284, ""fm2_longest_invalid_run_s"": 0.36666666666666664, ""fm2_smplh_valid_frac"": 0.9823091247672253, ""fm3_static_frac"": 0.4797951582867784, ""observed_duration_s"": 358.0, ""unit_flagged_frac"": 0.0}",render
brief_208,flagged_fm2_208_V00_S1785_I00000011_P1170_f0006495,V00_S1785_I00000011_P1170,naturalistic/train/0029/0033/V00_S1785_I00000011_P1170,naturalistic/train/0029/0000/V00_S1785_I00000011_P0414,flagged_fm2,naturalistic,6495,V00,naturalistic,train,ipc_conversation,random draw from files where only fm2_smplh_invalid fired,"{""clip_note"": ""Clip positioned on the longest untrusted stretch (3.5 s starting at 230 s into the recording)."", ""fm1_knee_between_torso_p50"": 0.5258799945615102, ""fm2_longest_invalid_run_s"": 3.466666666666667, ""fm2_smplh_valid_frac"": 0.9498765432098766, ""fm3_static_frac"": 0.022222222222222223, ""observed_duration_s"": 270.0, ""unit_flagged_frac"": 0.0}",render
brief_209,flagged_fm2_209_V00_S1369_I00000638_P0388A_f0011896,V00_S1369_I00000638_P0388A,improvised/train/0031/0052/V00_S1369_I00000638_P0388A,improvised/train/0031/0011/V00_S1369_I00000638_P0241A,flagged_fm2,improvised,11896,V00,improvised,train,ipc_conversation,random draw from files where only fm2_smplh_invalid fired,"{""clip_note"": ""Clip positioned on the longest untrusted stretch (2.1 s starting at 410 s into the recording)."", ""fm1_knee_between_torso_p50"": 0.5328849630268109, ""fm2_longest_invalid_run_s"": 2.1, ""fm2_smplh_valid_frac"": 0.9881619937694704, ""fm3_static_frac"": 0.45654205607476633, ""observed_duration_s"": 428.0, ""unit_flagged_frac"": 0.0}",render
brief_210,flagged_fm2_210_V00_S0931_I00000138_P0693_f0004080,V00_S0931_I00000138_P0693,naturalistic/train/0024/0009/V00_S0931_I00000138_P0693,naturalistic/train/0024/0011/V00_S0931_I00000138_P0546,flagged_fm2,naturalistic,4080,V00,naturalistic,train,ipc_conversation,random draw from files where only fm2_smplh_invalid fired,"{""clip_note"": ""Clip positioned on the longest untrusted stretch (0.7 s starting at 154 s into the recording)."", ""fm1_knee_between_torso_p50"": 0.5466695460884298, ""fm2_longest_invalid_run_s"": 0.7, ""fm2_smplh_valid_frac"": 0.9903614457831326, ""fm3_static_frac"": 0.307429718875502, ""observed_duration_s"": 166.0, ""unit_flagged_frac"": 0.0}",render
brief_211,flagged_fm2_211_V00_S1666_I00001052_P0041A_f0003966,V00_S1666_I00001052_P0041A,improvised/train/0040/0038/V00_S1666_I00001052_P0041A,improvised/train/0040/0009/V00_S1666_I00001052_P0920A,flagged_fm2,improvised,3966,V00,improvised,train,ipc_conversation,random draw from files where only fm2_smplh_invalid fired,"{""clip_note"": ""Clip positioned on the longest untrusted stretch (0.3 s starting at 147 s into the recording)."", ""fm1_knee_between_torso_p50"": 0.5581452583420029, ""fm2_longest_invalid_run_s"": 0.26666666666666666, ""fm2_smplh_valid_frac"": 0.9992337164750957, ""fm3_static_frac"": 0.11264367816091954, ""observed_duration_s"": 348.0, ""unit_flagged_frac"": 0.0}",render
brief_212,flagged_fm2_212_V00_S1152_I00001001_P0396A_f0007329,V00_S1152_I00001001_P0396A,improvised/train/0025/0024/V00_S1152_I00001001_P0396A,improvised/train/0025/0016/V00_S1152_I00001001_P0407A,flagged_fm2,improvised,7329,V00,improvised,train,ipc_conversation,random draw from files where only fm2_smplh_invalid fired,"{""clip_note"": ""Clip positioned on the longest untrusted stretch (1.6 s starting at 258 s into the recording)."", ""fm1_knee_between_torso_p50"": 0.5041362279704014, ""fm2_longest_invalid_run_s"": 1.5666666666666667, ""fm2_smplh_valid_frac"": 0.9750574712643678, ""fm3_static_frac"": 0.04471264367816092, ""observed_duration_s"": 290.0, ""unit_flagged_frac"": 0.0}",render
brief_213,flagged_fm2_213_V00_S1516_I00001037_P0799A_f0008640,V00_S1516_I00001037_P0799A,improvised/train/0035/0020/V00_S1516_I00001037_P0799A,improvised/train/0035/0032/V00_S1516_I00001037_P0230A,flagged_fm2,improvised,8640,V00,improvised,train,ipc_conversation,random draw from files where only fm2_smplh_invalid fired,"{""clip_note"": ""Clip positioned on the longest untrusted stretch (4.1 s starting at 310 s into the recording)."", ""fm1_knee_between_torso_p50"": 0.6007294898214334, ""fm2_longest_invalid_run_s"": 4.1, ""fm2_smplh_valid_frac"": 0.9816561844863732, ""fm3_static_frac"": 0.0, ""observed_duration_s"": 318.0, ""unit_flagged_frac"": 0.0}",render
brief_214,flagged_fm2_214_V00_S0437_I00000484_P0348_f0005848,V00_S0437_I00000484_P0348,naturalistic/train/0011/0020/V00_S0437_I00000484_P0348,naturalistic/train/0011/0020/V00_S0437_I00000484_P0572,flagged_fm2,naturalistic,5848,V00,naturalistic,train,ipc_conversation,random draw from files where only fm2_smplh_invalid fired,"{""clip_note"": ""Clip positioned on the longest untrusted stretch (1.8 s starting at 209 s into the recording)."", ""fm1_knee_between_torso_p50"": 0.5689164311425795, ""fm2_longest_invalid_run_s"": 1.8333333333333333, ""fm2_smplh_valid_frac"": 0.9845628415300547, ""fm3_static_frac"": 0.5931693989071039, ""observed_duration_s"": 244.0, ""unit_flagged_frac"": 0.0}",render
brief_215,flagged_fm2_215_V00_S0577_I00000381_P0728_f0001044,V00_S0577_I00000381_P0728,naturalistic/train/0016/0020/V00_S0577_I00000381_P0728,naturalistic/train/0016/0032/V00_S0577_I00000381_P0069,flagged_fm2,naturalistic,1044,V00,naturalistic,train,ipc_conversation,random draw from files where only fm2_smplh_invalid fired,"{""clip_note"": ""Clip positioned on the longest untrusted stretch (0.8 s starting at 49 s into the recording)."", ""fm1_knee_between_torso_p50"": 0.5587058758654085, ""fm2_longest_invalid_run_s"": 0.8333333333333334, ""fm2_smplh_valid_frac"": 0.9803030303030303, ""fm3_static_frac"": 0.06515151515151515, ""observed_duration_s"": 66.0, ""unit_flagged_frac"": 0.0}",render
brief_216,flagged_fm2_216_V00_S1537_I00001268_P1106A_f0001694,V00_S1537_I00001268_P1106A,improvised/train/0036/0000/V00_S1537_I00001268_P1106A,improvised/train/0036/0028/V00_S1537_I00001268_P1024A,flagged_fm2,improvised,1694,V00,improvised,train,grounded_gesture,random draw from files where only fm2_smplh_invalid fired,"{""clip_note"": ""Clip positioned on the longest untrusted stretch (1.2 s starting at 71 s into the recording)."", ""fm1_knee_between_torso_p50"": 0.5653433767589094, ""fm2_longest_invalid_run_s"": 1.2, ""fm2_smplh_valid_frac"": 0.9725806451612903, ""fm3_static_frac"": 0.4599462365591398, ""observed_duration_s"": 124.0, ""unit_flagged_frac"": 0.0}",render
brief_217,flagged_fm2_217_V00_S0631_I00000489_P0787_f0000390,V00_S0631_I00000489_P0787,naturalistic/train/0018/0045/V00_S0631_I00000489_P0787,naturalistic/train/0018/0039/V00_S0631_I00000489_P0678,flagged_fm2,naturalistic,390,V00,naturalistic,train,ipc_conversation,random draw from files where only fm2_smplh_invalid fired,"{""clip_note"": ""Clip positioned on the longest untrusted stretch (5.8 s starting at 25 s into the recording)."", ""fm1_knee_between_torso_p50"": 0.5219626070698508, ""fm2_longest_invalid_run_s"": 5.766666666666667, ""fm2_smplh_valid_frac"": 0.9111111111111111, ""fm3_static_frac"": 0.33075880758807585, ""observed_duration_s"": 246.0, ""unit_flagged_frac"": 0.0}",render
brief_218,flagged_fm2_218_V00_S0081_I00000385_P0118_f0001325,V00_S0081_I00000385_P0118,naturalistic/train/0001/0021/V00_S0081_I00000385_P0118,naturalistic/train/0001/0008/V00_S0081_I00000385_P0117,flagged_fm2,naturalistic,1325,V00,naturalistic,train,ipc_conversation,random draw from files where only fm2_smplh_invalid fired,"{""clip_note"": ""Clip positioned on the longest untrusted stretch (1.7 s starting at 58 s into the recording)."", ""fm1_knee_between_torso_p50"": 0.5222846168605632, ""fm2_longest_invalid_run_s"": 1.7333333333333334, ""fm2_smplh_valid_frac"": 0.9779569892473118, ""fm3_static_frac"": 0.09758064516129032, ""observed_duration_s"": 124.0, ""unit_flagged_frac"": 0.0}",render
brief_219,flagged_fm2_219_V00_S0289_I00000383_P0393_f0000000,V00_S0289_I00000383_P0393,naturalistic/train/0007/0026/V00_S0289_I00000383_P0393,naturalistic/train/0007/0005/V00_S0289_I00000383_P0392,flagged_fm2,naturalistic,0,V00,naturalistic,train,ipc_conversation,random draw from files where only fm2_smplh_invalid fired,"{""clip_note"": ""Clip positioned on the longest untrusted stretch (9.2 s starting at 7 s into the recording)."", ""fm1_knee_between_torso_p50"": 0.5721834080407628, ""fm2_longest_invalid_run_s"": 9.2, ""fm2_smplh_valid_frac"": 0.8951754385964912, ""fm3_static_frac"": 0.21151315789473685, ""observed_duration_s"": 304.0, ""unit_flagged_frac"": 0.0}",render
brief_220,flagged_fm2_220_V00_S0716_I00000847_P0397A_f0001000,V00_S0716_I00000847_P0397A,improvised/train/0014/0051/V00_S0716_I00000847_P0397A,improvised/train/0014/0053/V00_S0716_I00000847_P0229A,flagged_fm2,improvised,1000,V00,improvised,train,ipc_conversation,random draw from files where only fm2_smplh_invalid fired,"{""clip_note"": ""Clip positioned on the longest untrusted stretch (2.1 s starting at 47 s into the recording)."", ""fm1_knee_between_torso_p50"": 0.5256001823151317, ""fm2_longest_invalid_run_s"": 2.1, ""fm2_smplh_valid_frac"": 0.9519900497512438, ""fm3_static_frac"": 0.18109452736318407, ""observed_duration_s"": 134.0, ""unit_flagged_frac"": 0.0}",render
brief_221,flagged_fm2_221_V00_S0062_I00000132_P0093_f0000000,V00_S0062_I00000132_P0093,naturalistic/test/0000/0035/V00_S0062_I00000132_P0093,naturalistic/test/0000/0004/V00_S0062_I00000132_P0092,flagged_fm2,naturalistic,0,V00,naturalistic,test,ipc_conversation,random draw from files where only fm2_smplh_invalid fired,"{""clip_note"": ""Clip positioned on the longest untrusted stretch (2.5 s starting at 5 s into the recording)."", ""fm1_knee_between_torso_p50"": 0.5305098823263367, ""fm2_longest_invalid_run_s"": 2.533333333333333, ""fm2_smplh_valid_frac"": 0.9881619937694704, ""fm3_static_frac"": 0.11261682242990655, ""observed_duration_s"": 214.0, ""unit_flagged_frac"": 0.0}",render
brief_222,flagged_fm2_222_V00_S0718_I00000907_P0602A_f0000493,V00_S0718_I00000907_P0602A,improvised/train/0014/0022/V00_S0718_I00000907_P0602A,improvised/train/0014/0049/V00_S0718_I00000907_P0869A,flagged_fm2,improvised,493,V00,improvised,train,ipc_conversation,random draw from files where only fm2_smplh_invalid fired,"{""clip_note"": ""Clip positioned on the longest untrusted stretch (0.0 s starting at 31 s into the recording)."", ""fm1_knee_between_torso_p50"": 0.5193344445654167, ""fm2_longest_invalid_run_s"": 0.03333333333333333, ""fm2_smplh_valid_frac"": 0.9996168582375479, ""fm3_static_frac"": 0.011685823754789272, ""observed_duration_s"": 348.0, ""unit_flagged_frac"": 0.0}",render
brief_223,flagged_fm2_223_V00_S0704_I00000462_P0576_f0001036,V00_S0704_I00000462_P0576,naturalistic/train/0020/0014/V00_S0704_I00000462_P0576,naturalistic/train/0020/0027/V00_S0704_I00000462_P0859A,flagged_fm2,naturalistic,1036,V00,naturalistic,train,ipc_conversation,random draw from files where only fm2_smplh_invalid fired,"{""clip_note"": ""Clip positioned on the longest untrusted stretch (0.3 s starting at 49 s into the recording)."", ""fm1_knee_between_torso_p50"": 0.6037743415249797, ""fm2_longest_invalid_run_s"": 0.3, ""fm2_smplh_valid_frac"": 0.9965408805031446, ""fm3_static_frac"": 0.018867924528301886, ""observed_duration_s"": 106.0, ""unit_flagged_frac"": 0.0}",render
brief_224,flagged_fm2_224_V00_S0667_I00000134_P0824_f0001095,V00_S0667_I00000134_P0824,naturalistic/train/0019/0011/V00_S0667_I00000134_P0824,naturalistic/train/0019/0017/V00_S0667_I00000134_P0615,flagged_fm2,naturalistic,1095,V00,naturalistic,train,ipc_conversation,random draw from files where only fm2_smplh_invalid fired,"{""clip_note"": ""Clip positioned on the longest untrusted stretch (0.6 s starting at 51 s into the recording)."", ""fm1_knee_between_torso_p50"": 0.5199384417206234, ""fm2_longest_invalid_run_s"": 0.6, ""fm2_smplh_valid_frac"": 0.9407252440725244, ""fm3_static_frac"": 0.6225244072524407, ""observed_duration_s"": 478.0, ""unit_flagged_frac"": 0.0}",render
brief_225,flagged_fm2_225_V00_S0535_I00000500_P0675_f0000234,V00_S0535_I00000500_P0675,naturalistic/train/0015/0017/V00_S0535_I00000500_P0675,naturalistic/train/0015/0006/V00_S0535_I00000500_P0055,flagged_fm2,naturalistic,234,V00,naturalistic,train,ipc_conversation,random draw from files where only fm2_smplh_invalid fired,"{""clip_note"": ""Clip positioned on the longest untrusted stretch (17.2 s starting at 14 s into the recording)."", ""fm1_knee_between_torso_p50"": 0.529162722351866, ""fm2_longest_invalid_run_s"": 17.2, ""fm2_smplh_valid_frac"": 0.7029702970297029, ""fm3_static_frac"": 0.0031353135313531354, ""observed_duration_s"": 202.0, ""unit_flagged_frac"": 0.0}",render
brief_226,flagged_fm2_226_V00_S0084_I00000487_P0123_f0007683,V00_S0084_I00000487_P0123,naturalistic/train/0001/0036/V00_S0084_I00000487_P0123,naturalistic/train/0001/0036/V00_S0084_I00000487_P0124,flagged_fm2,naturalistic,7683,V00,naturalistic,train,ipc_conversation,random draw from files where only fm2_smplh_invalid fired,"{""clip_note"": ""Clip positioned on the longest untrusted stretch (0.0 s starting at 271 s into the recording)."", ""fm1_knee_between_torso_p50"": 0.5042864764325861, ""fm2_longest_invalid_run_s"": 0.03333333333333333, ""fm2_smplh_valid_frac"": 0.9999036608863199, ""fm3_static_frac"": 0.11358381502890173, ""observed_duration_s"": 346.0, ""unit_flagged_frac"": 0.0}",render
brief_227,flagged_fm2_227_V00_S1422_I00001089_P1124A_f0008263,V00_S1422_I00001089_P1124A,improvised/train/0033/0012/V00_S1422_I00001089_P1124A,improvised/train/0033/0056/V00_S1422_I00001089_P0107A,flagged_fm2,improvised,8263,V00,improvised,train,ipc_conversation,random draw from files where only fm2_smplh_invalid fired,"{""clip_note"": ""Clip positioned on the longest untrusted stretch (4.1 s starting at 288 s into the recording)."", ""fm1_knee_between_torso_p50"": 0.5980602304625596, ""fm2_longest_invalid_run_s"": 4.1, ""fm2_smplh_valid_frac"": 0.9536541889483066, ""fm3_static_frac"": 0.08841354723707665, ""observed_duration_s"": 374.0, ""unit_flagged_frac"": 0.0}",render
brief_228,flagged_fm2_228_V00_S0322_I00000372_P0424_f0005880,V00_S0322_I00000372_P0424,naturalistic/train/0008/0024/V00_S0322_I00000372_P0424,naturalistic/train/0008/0036/V00_S0322_I00000372_P0429,flagged_fm2,naturalistic,5880,V00,naturalistic,train,ipc_conversation,random draw from files where only fm2_smplh_invalid fired,"{""clip_note"": ""Clip positioned on the longest untrusted stretch (0.1 s starting at 224 s into the recording)."", ""fm1_knee_between_torso_p50"": 0.6015241934840919, ""fm2_longest_invalid_run_s"": 0.1, ""fm2_smplh_valid_frac"": 0.9986725663716814, ""fm3_static_frac"": 0.24100294985250736, ""observed_duration_s"": 226.0, ""unit_flagged_frac"": 0.0}",render
brief_229,flagged_fm2_229_V00_S0281_I00000313_P0378_f0002655,V00_S0281_I00000313_P0378,naturalistic/train/0006/0019/V00_S0281_I00000313_P0378,naturalistic/train/0006/0022/V00_S0281_I00000313_P0379,flagged_fm2,naturalistic,2655,V00,naturalistic,train,ipc_conversation,random draw from files where only fm2_smplh_invalid fired,"{""clip_note"": ""Clip positioned on the longest untrusted stretch (2.2 s starting at 102 s into the recording)."", ""fm1_knee_between_torso_p50"": 0.5339532063891967, ""fm2_longest_invalid_run_s"": 2.2333333333333334, ""fm2_smplh_valid_frac"": 0.853525641025641, ""fm3_static_frac"": 0.07147435897435897, ""observed_duration_s"": 208.0, ""unit_flagged_frac"": 0.0}",render
brief_230,flagged_fm2_230_V00_S1587_I00000323_P1114A_f0000436,V00_S1587_I00000323_P1114A,improvised/train/0038/0057/V00_S1587_I00000323_P1114A,improvised/train/0038/0050/V00_S1587_I00000323_P0115,flagged_fm2,improvised,436,V00,improvised,train,ipc_conversation,random draw from files where only fm2_smplh_invalid fired,"{""clip_note"": ""Clip positioned on the longest untrusted stretch (0.1 s starting at 30 s into the recording)."", ""fm1_knee_between_torso_p50"": 0.5539226233587147, ""fm2_longest_invalid_run_s"": 0.06666666666666667, ""fm2_smplh_valid_frac"": 0.9994475138121547, ""fm3_static_frac"": 0.02117863720073665, ""observed_duration_s"": 362.0, ""unit_flagged_frac"": 0.0}",render
brief_231,flagged_fm2_231_V00_S0427_I00000135_P0210_f0003420,V00_S0427_I00000135_P0210,naturalistic/train/0011/0002/V00_S0427_I00000135_P0210,naturalistic/train/0011/0034/V00_S0427_I00000135_P0560,flagged_fm2,naturalistic,3420,V00,naturalistic,train,collaborative_storytelling,random draw from files where only fm2_smplh_invalid fired,"{""clip_note"": ""Clip positioned on the longest untrusted stretch (2.4 s starting at 137 s into the recording)."", ""fm1_knee_between_torso_p50"": 0.5421254040706821, ""fm2_longest_invalid_run_s"": 2.4, ""fm2_smplh_valid_frac"": 0.9701388888888889, ""fm3_static_frac"": 0.5125, ""observed_duration_s"": 144.0, ""unit_flagged_frac"": 0.0}",render
brief_232,flagged_fm2_232_V00_S1522_I00001015_P0789A_f0005109,V00_S1522_I00001015_P0789A,improvised/train/0036/0043/V00_S1522_I00001015_P0789A,improvised/train/0036/0032/V00_S1522_I00001015_P1115A,flagged_fm2,improvised,5109,V00,improvised,train,ipc_conversation,random draw from files where only fm2_smplh_invalid fired,"{""clip_note"": ""Clip positioned on the longest untrusted stretch (3.4 s starting at 184 s into the recording)."", ""fm1_knee_between_torso_p50"": 0.6448513052013333, ""fm2_longest_invalid_run_s"": 3.433333333333333, ""fm2_smplh_valid_frac"": 0.9409313725490196, ""fm3_static_frac"": 0.0196078431372549, ""observed_duration_s"": 272.0, ""unit_flagged_frac"": 0.0}",render
brief_233,flagged_fm2_233_V00_S1600_I00001168_P0921A_f0003305,V00_S1600_I00001168_P0921A,improvised/train/0038/0039/V00_S1600_I00001168_P0921A,improvised/train/0038/0045/V00_S1600_I00001168_P1148A,flagged_fm2,improvised,3305,V00,improvised,train,ipc_conversation,random draw from files where only fm2_smplh_invalid fired,"{""clip_note"": ""Clip positioned on the longest untrusted stretch (0.1 s starting at 125 s into the recording)."", ""fm1_knee_between_torso_p50"": 0.5059545667790902, ""fm2_longest_invalid_run_s"": 0.06666666666666667, ""fm2_smplh_valid_frac"": 0.9997967479674796, ""fm3_static_frac"": 0.43079268292682926, ""observed_duration_s"": 328.0, ""unit_flagged_frac"": 0.0}",render
brief_234,flagged_fm2_234_V00_S0890_I00000770_P0658A_f0000000,V00_S0890_I00000770_P0658A,improvised/train/0018/0019/V00_S0890_I00000770_P0658A,improvised/train/0018/0007/V00_S0890_I00000770_P0997,flagged_fm2,improvised,0,V00,improvised,train,ipc_conversation,random draw from files where only fm2_smplh_invalid fired,"{""clip_note"": ""Clip positioned on the longest untrusted stretch (0.3 s starting at 8 s into the recording)."", ""fm1_knee_between_torso_p50"": 0.5003368368898211, ""fm2_longest_invalid_run_s"": 0.3333333333333333, ""fm2_smplh_valid_frac"": 0.9565789473684211, ""fm3_static_frac"": 0.25570175438596493, ""observed_duration_s"": 76.0, ""unit_flagged_frac"": 0.0}",render
brief_235,flagged_fm2_235_V00_S0931_I00000126_P0693_f0001917,V00_S0931_I00000126_P0693,naturalistic/train/0024/0007/V00_S0931_I00000126_P0693,naturalistic/train/0024/0023/V00_S0931_I00000126_P0546,flagged_fm2,naturalistic,1917,V00,naturalistic,train,ipc_conversation,random draw from files where only fm2_smplh_invalid fired,"{""clip_note"": ""Clip positioned on the longest untrusted stretch (3.0 s starting at 77 s into the recording)."", ""fm1_knee_between_torso_p50"": 0.5547679134739054, ""fm2_longest_invalid_run_s"": 3.0, ""fm2_smplh_valid_frac"": 0.9482051282051283, ""fm3_static_frac"": 0.03743589743589744, ""observed_duration_s"": 260.0, ""unit_flagged_frac"": 0.0}",render
brief_236,flagged_fm2_236_V00_S0283_I00000520_P0382_f0006900,V00_S0283_I00000520_P0382,naturalistic/train/0006/0020/V00_S0283_I00000520_P0382,naturalistic/train/0006/0025/V00_S0283_I00000520_P0300,flagged_fm2,naturalistic,6900,V00,naturalistic,train,grounded_gesture,random draw from files where only fm2_smplh_invalid fired,"{""clip_note"": ""Clip positioned on the longest untrusted stretch (3.8 s starting at 254 s into the recording)."", ""fm1_knee_between_torso_p50"": 0.5589987667887433, ""fm2_longest_invalid_run_s"": 3.7666666666666666, ""fm2_smplh_valid_frac"": 0.9316666666666666, ""fm3_static_frac"": 0.37243589743589745, ""observed_duration_s"": 260.0, ""unit_flagged_frac"": 0.0}",render
brief_237,flagged_fm2_237_V00_S1729_I00001020_P0933A_f0001632,V00_S1729_I00001020_P0933A,improvised/train/0042/0007/V00_S1729_I00001020_P0933A,improvised/train/0042/0034/V00_S1729_I00001020_P0974A,flagged_fm2,improvised,1632,V00,improvised,train,ipc_conversation,random draw from files where only fm2_smplh_invalid fired,"{""clip_note"": ""Clip positioned on the longest untrusted stretch (1.3 s starting at 69 s into the recording)."", ""fm1_knee_between_torso_p50"": 0.5499681095080882, ""fm2_longest_invalid_run_s"": 1.3333333333333333, ""fm2_smplh_valid_frac"": 0.928186274509804, ""fm3_static_frac"": 0.0007352941176470588, ""observed_duration_s"": 272.0, ""unit_flagged_frac"": 0.0}",render
brief_238,flagged_fm2_238_V00_S0894_I00000487_P0998_f0004680,V00_S0894_I00000487_P0998,improvised/train/0019/0001/V00_S0894_I00000487_P0998,improvised/train/0019/0006/V00_S0894_I00000487_P0658A,flagged_fm2,improvised,4680,V00,improvised,train,ipc_conversation,random draw from files where only fm2_smplh_invalid fired,"{""clip_note"": ""Clip positioned on the longest untrusted stretch (1.6 s starting at 183 s into the recording)."", ""fm1_knee_between_torso_p50"": 0.5172329638027613, ""fm2_longest_invalid_run_s"": 1.6, ""fm2_smplh_valid_frac"": 0.9897849462365591, ""fm3_static_frac"": 0.001075268817204301, ""observed_duration_s"": 186.0, ""unit_flagged_frac"": 0.0}",render
brief_239,flagged_fm2_239_V00_S1334_I00000651_P0388A_f0003755,V00_S1334_I00000651_P0388A,improvised/train/0030/0056/V00_S1334_I00000651_P0388A,improvised/train/0030/0066/V00_S1334_I00000651_P0241A,flagged_fm2,improvised,3755,V00,improvised,train,ipc_conversation,random draw from files where only fm2_smplh_invalid fired,"{""clip_note"": ""Clip positioned on the longest untrusted stretch (0.9 s starting at 140 s into the recording)."", ""fm1_knee_between_torso_p50"": 0.5120173648223517, ""fm2_longest_invalid_run_s"": 0.8666666666666667, ""fm2_smplh_valid_frac"": 0.9961805555555555, ""fm3_static_frac"": 0.165625, ""observed_duration_s"": 384.0, ""unit_flagged_frac"": 0.0}",render
brief_240,flagged_fm3_240_V00_S0194_I00000135_P0266_f0000427,V00_S0194_I00000135_P0266,improvised/train/0004/0009/V00_S0194_I00000135_P0266,improvised/train/0004/0014/V00_S0194_I00000135_P0005A,flagged_fm3,improvised,427,V00,improvised,train,collaborative_storytelling,random draw from files where only fm3_static_hands fired,"{""clip_note"": """", ""fm1_knee_between_torso_p50"": 0.5022674686637052, ""fm2_longest_invalid_run_s"": 0.0, ""fm2_smplh_valid_frac"": 1.0, ""fm3_static_frac"": 0.7722222222222223, ""observed_duration_s"": 144.0, ""unit_flagged_frac"": 0.0}",render
brief_241,flagged_fm3_241_V00_S0152_I00000383_P0216_f0000183,V00_S0152_I00000383_P0216,naturalistic/dev/0000/0028/V00_S0152_I00000383_P0216,naturalistic/dev/0000/0011/V00_S0152_I00000383_P0217,flagged_fm3,naturalistic,183,V00,naturalistic,dev,ipc_conversation,random draw from files where only fm3_static_hands fired,"{""clip_note"": """", ""fm1_knee_between_torso_p50"": 0.4937625869798185, ""fm2_longest_invalid_run_s"": 0.0, ""fm2_smplh_valid_frac"": 1.0, ""fm3_static_frac"": 0.8764705882352941, ""observed_duration_s"": 136.0, ""unit_flagged_frac"": 0.0}",render
brief_242,flagged_fm3_242_V00_S0769_I00000135_P0196A_f0002614,V00_S0769_I00000135_P0196A,improvised/train/0015/0014/V00_S0769_I00000135_P0196A,improvised/train/0015/0014/V00_S0769_I00000135_P0906,flagged_fm3,improvised,2614,V00,improvised,train,collaborative_storytelling,random draw from files where only fm3_static_hands fired,"{""clip_note"": """", ""fm1_knee_between_torso_p50"": 0.5782046128370384, ""fm2_longest_invalid_run_s"": 0.0, ""fm2_smplh_valid_frac"": 1.0, ""fm3_static_frac"": 0.7595744680851064, ""observed_duration_s"": 188.0, ""unit_flagged_frac"": 0.0}",render
brief_243,flagged_fm3_243_V00_S0882_I00000131_P0553_f0003354,V00_S0882_I00000131_P0553,improvised/train/0018/0048/V00_S0882_I00000131_P0553,improvised/train/0018/0015/V00_S0882_I00000131_P0180A,flagged_fm3,improvised,3354,V00,improvised,train,ipc_conversation,random draw from files where only fm3_static_hands fired,"{""clip_note"": """", ""fm1_knee_between_torso_p50"": 0.5228646318899232, ""fm2_longest_invalid_run_s"": 0.0, ""fm2_smplh_valid_frac"": 1.0, ""fm3_static_frac"": 0.755, ""observed_duration_s"": 160.0, ""unit_flagged_frac"": 0.0}",render
brief_244,flagged_fm3_244_V00_S0641_I00000371_P0574_f0001297,V00_S0641_I00000371_P0574,naturalistic/train/0018/0038/V00_S0641_I00000371_P0574,naturalistic/train/0018/0020/V00_S0641_I00000371_P0631,flagged_fm3,naturalistic,1297,V00,naturalistic,train,ipc_conversation,random draw from files where only fm3_static_hands fired,"{""clip_note"": """", ""fm1_knee_between_torso_p50"": 0.5687724214815015, ""fm2_longest_invalid_run_s"": 0.0, ""fm2_smplh_valid_frac"": 1.0, ""fm3_static_frac"": 0.8104166666666667, ""observed_duration_s"": 128.0, ""unit_flagged_frac"": 0.0}",render
brief_245,flagged_fm3_245_V00_S0114_I00000374_P0165_f0001816,V00_S0114_I00000374_P0165,naturalistic/train/0002/0023/V00_S0114_I00000374_P0165,naturalistic/train/0002/0035/V00_S0114_I00000374_P0166,flagged_fm3,naturalistic,1816,V00,naturalistic,train,ipc_conversation,random draw from files where only fm3_static_hands fired,"{""clip_note"": """", ""fm1_knee_between_torso_p50"": 0.5265557180140662, ""fm2_longest_invalid_run_s"": 0.0, ""fm2_smplh_valid_frac"": 1.0, ""fm3_static_frac"": 0.980718954248366, ""observed_duration_s"": 204.0, ""unit_flagged_frac"": 0.0}",render
brief_246,flagged_fm3_246_V00_S0573_I00000128_P0723_f0001438,V00_S0573_I00000128_P0723,naturalistic/train/0016/0009/V00_S0573_I00000128_P0723,naturalistic/train/0016/0040/V00_S0573_I00000128_P0722,flagged_fm3,naturalistic,1438,V00,naturalistic,train,ipc_conversation,random draw from files where only fm3_static_hands fired,"{""clip_note"": """", ""fm1_knee_between_torso_p50"": 0.5947961624445158, ""fm2_longest_invalid_run_s"": 0.0, ""fm2_smplh_valid_frac"": 1.0, ""fm3_static_frac"": 0.7970023980815347, ""observed_duration_s"": 278.0, ""unit_flagged_frac"": 0.0}",render
brief_247,flagged_fm3_247_V00_S0760_I00000137_P0900_f0002270,V00_S0760_I00000137_P0900,naturalistic/train/0021/0006/V00_S0760_I00000137_P0900,naturalistic/train/0021/0000/V00_S0760_I00000137_P0899,flagged_fm3,naturalistic,2270,V00,naturalistic,train,ipc_conversation,random draw from files where only fm3_static_hands fired,"{""clip_note"": """", ""fm1_knee_between_torso_p50"": 0.5308066170102902, ""fm2_longest_invalid_run_s"": 0.0, ""fm2_smplh_valid_frac"": 1.0, ""fm3_static_frac"": 0.8991582491582492, ""observed_duration_s"": 198.0, ""unit_flagged_frac"": 0.0}",render
brief_248,flagged_fm3_248_V00_S0144_I00000477_P0206_f0001522,V00_S0144_I00000477_P0206,naturalistic/train/0003/0038/V00_S0144_I00000477_P0206,naturalistic/train/0003/0014/V00_S0144_I00000477_P0079,flagged_fm3,naturalistic,1522,V00,naturalistic,train,ipc_conversation,random draw from files where only fm3_static_hands fired,"{""clip_note"": """", ""fm1_knee_between_torso_p50"": 0.5783594257333348, ""fm2_longest_invalid_run_s"": 0.0, ""fm2_smplh_valid_frac"": 1.0, ""fm3_static_frac"": 0.9318518518518518, ""observed_duration_s"": 90.0, ""unit_flagged_frac"": 0.0}",render
brief_249,flagged_fm3_249_V00_S0279_I00000375_P0376_f0000767,V00_S0279_I00000375_P0376,naturalistic/train/0006/0025/V00_S0279_I00000375_P0376,naturalistic/train/0006/0001/V00_S0279_I00000375_P0119,flagged_fm3,naturalistic,767,V00,naturalistic,train,ipc_conversation,random draw from files where only fm3_static_hands fired,"{""clip_note"": """", ""fm1_knee_between_torso_p50"": 0.7428284811123467, ""fm2_longest_invalid_run_s"": 0.0, ""fm2_smplh_valid_frac"": 1.0, ""fm3_static_frac"": 0.7538759689922481, ""observed_duration_s"": 86.0, ""unit_flagged_frac"": 0.0}",render
brief_250,flagged_fm3_250_V00_S0251_I00000130_P0344_f0000135,V00_S0251_I00000130_P0344,naturalistic/train/0006/0011/V00_S0251_I00000130_P0344,naturalistic/train/0006/0013/V00_S0251_I00000130_P0345,flagged_fm3,naturalistic,135,V00,naturalistic,train,ipc_conversation,random draw from files where only fm3_static_hands fired,"{""clip_note"": """", ""fm1_knee_between_torso_p50"": 0.5137189397663964, ""fm2_longest_invalid_run_s"": 0.0, ""fm2_smplh_valid_frac"": 1.0, ""fm3_static_frac"": 0.9598173515981735, ""observed_duration_s"": 146.0, ""unit_flagged_frac"": 0.0}",render
brief_251,flagged_fm3_251_V00_S0085_I00000514_P0125_f0000074,V00_S0085_I00000514_P0125,naturalistic/train/0001/0033/V00_S0085_I00000514_P0125,naturalistic/train/0001/0001/V00_S0085_I00000514_P0126,flagged_fm3,naturalistic,74,V00,naturalistic,train,ipc_conversation,random draw from files where only fm3_static_hands fired,"{""clip_note"": """", ""fm1_knee_between_torso_p50"": 0.5823512886379864, ""fm2_longest_invalid_run_s"": 0.0, ""fm2_smplh_valid_frac"": 1.0, ""fm3_static_frac"": 1.0, ""observed_duration_s"": 130.0, ""unit_flagged_frac"": 0.0}",render
brief_252,flagged_fm3_252_V00_S0156_I00000483_P0224_f0002714,V00_S0156_I00000483_P0224,naturalistic/train/0003/0031/V00_S0156_I00000483_P0224,naturalistic/train/0003/0025/V00_S0156_I00000483_P0225,flagged_fm3,naturalistic,2714,V00,naturalistic,train,ipc_conversation,random draw from files where only fm3_static_hands fired,"{""clip_note"": """", ""fm1_knee_between_torso_p50"": 0.5447061030551208, ""fm2_longest_invalid_run_s"": 0.0, ""fm2_smplh_valid_frac"": 1.0, ""fm3_static_frac"": 0.8442982456140351, ""observed_duration_s"": 152.0, ""unit_flagged_frac"": 0.0}",render
brief_253,flagged_fm3_253_V00_S0045_I00000131_P0067A_f0000894,V00_S0045_I00000131_P0067A,improvised/train/0000/0036/V00_S0045_I00000131_P0067A,improvised/train/0000/0027/V00_S0045_I00000131_P0068,flagged_fm3,improvised,894,V00,improvised,train,ipc_conversation,random draw from files where only fm3_static_hands fired,"{""clip_note"": """", ""fm1_knee_between_torso_p50"": 0.5787095852737949, ""fm2_longest_invalid_run_s"": 0.0, ""fm2_smplh_valid_frac"": 1.0, ""fm3_static_frac"": 0.8542194092827005, ""observed_duration_s"": 158.0, ""unit_flagged_frac"": 0.0}",render
brief_254,flagged_fm3_254_V00_S1357_I00000177_P1077_f0001197,V00_S1357_I00000177_P1077,naturalistic/train/0027/0018/V00_S1357_I00000177_P1077,naturalistic/train/0027/0016/V00_S1357_I00000177_P1129,flagged_fm3,naturalistic,1197,V00,naturalistic,train,ipc_conversation,random draw from files where only fm3_static_hands fired,"{""clip_note"": """", ""fm1_knee_between_torso_p50"": 0.5772501939318283, ""fm2_longest_invalid_run_s"": 0.0, ""fm2_smplh_valid_frac"": 1.0, ""fm3_static_frac"": 0.7564724919093851, ""observed_duration_s"": 206.0, ""unit_flagged_frac"": 0.0}",render
brief_255,flagged_fm3_255_V00_S0150_I00000477_P0212_f0002281,V00_S0150_I00000477_P0212,naturalistic/train/0003/0026/V00_S0150_I00000477_P0212,naturalistic/train/0003/0012/V00_S0150_I00000477_P0213,flagged_fm3,naturalistic,2281,V00,naturalistic,train,ipc_conversation,random draw from files where only fm3_static_hands fired,"{""clip_note"": """", ""fm1_knee_between_torso_p50"": 0.594642156427256, ""fm2_longest_invalid_run_s"": 0.0, ""fm2_smplh_valid_frac"": 1.0, ""fm3_static_frac"": 0.8607344632768361, ""observed_duration_s"": 118.0, ""unit_flagged_frac"": 0.0}",render
brief_256,flagged_fm3_256_V00_S0597_I00000495_P0755_f0004564,V00_S0597_I00000495_P0755,naturalistic/train/0017/0007/V00_S0597_I00000495_P0755,naturalistic/train/0017/0035/V00_S0597_I00000495_P0756,flagged_fm3,naturalistic,4564,V00,naturalistic,train,ipc_conversation,random draw from files where only fm3_static_hands fired,"{""clip_note"": """", ""fm1_knee_between_torso_p50"": 0.5005660953774889, ""fm2_longest_invalid_run_s"": 0.0, ""fm2_smplh_valid_frac"": 1.0, ""fm3_static_frac"": 0.7811653116531165, ""observed_duration_s"": 246.0, ""unit_flagged_frac"": 0.0}",render
brief_257,flagged_fm3_257_V00_S0633_I00000375_P0744_f0002246,V00_S0633_I00000375_P0744,naturalistic/train/0018/0018/V00_S0633_I00000375_P0744,naturalistic/train/0018/0022/V00_S0633_I00000375_P0790,flagged_fm3,naturalistic,2246,V00,naturalistic,train,ipc_conversation,random draw from files where only fm3_static_hands fired,"{""clip_note"": """", ""fm1_knee_between_torso_p50"": 0.5477717598562581, ""fm2_longest_invalid_run_s"": 0.0, ""fm2_smplh_valid_frac"": 1.0, ""fm3_static_frac"": 0.8184444444444444, ""observed_duration_s"": 150.0, ""unit_flagged_frac"": 0.0}",render
brief_258,flagged_fm3_258_V00_S0083_I00000125_P0122_f0001033,V00_S0083_I00000125_P0122,naturalistic/train/0001/0034/V00_S0083_I00000125_P0122,naturalistic/train/0001/0005/V00_S0083_I00000125_P0121,flagged_fm3,naturalistic,1033,V00,naturalistic,train,ipc_conversation,random draw from files where only fm3_static_hands fired,"{""clip_note"": """", ""fm1_knee_between_torso_p50"": 0.5816284917335051, ""fm2_longest_invalid_run_s"": 0.0, ""fm2_smplh_valid_frac"": 1.0, ""fm3_static_frac"": 0.8421296296296297, ""observed_duration_s"": 72.0, ""unit_flagged_frac"": 0.0}",render
brief_259,flagged_fm3_259_V00_S2010_I00001219_P1263A_f0002619,V00_S2010_I00001219_P1263A,improvised/train/0048/0013/V00_S2010_I00001219_P1263A,improvised/train/0048/0006/V00_S2010_I00001219_P1265A,flagged_fm3,improvised,2619,V00,improvised,train,ipc_conversation,random draw from files where only fm3_static_hands fired,"{""clip_note"": """", ""fm1_knee_between_torso_p50"": 0.5184460198340274, ""fm2_longest_invalid_run_s"": 0.0, ""fm2_smplh_valid_frac"": 1.0, ""fm3_static_frac"": 0.827007299270073, ""observed_duration_s"": 274.0, ""unit_flagged_frac"": 0.0}",render
brief_260,flagged_fm3_260_V00_S0178_I00000125_P0244_f0001000,V00_S0178_I00000125_P0244,naturalistic/train/0003/0035/V00_S0178_I00000125_P0244,naturalistic/train/0003/0034/V00_S0178_I00000125_P0243,flagged_fm3,naturalistic,1000,V00,naturalistic,train,ipc_conversation,random draw from files where only fm3_static_hands fired,"{""clip_note"": """", ""fm1_knee_between_torso_p50"": 0.5457705886630861, ""fm2_longest_invalid_run_s"": 0.0, ""fm2_smplh_valid_frac"": 1.0, ""fm3_static_frac"": 0.8141025641025641, ""observed_duration_s"": 208.0, ""unit_flagged_frac"": 0.0}",render
brief_261,flagged_fm3_261_V00_S0778_I00000477_P0916_f0003493,V00_S0778_I00000477_P0916,naturalistic/train/0022/0014/V00_S0778_I00000477_P0916,naturalistic/train/0022/0020/V00_S0778_I00000477_P0178,flagged_fm3,naturalistic,3493,V00,naturalistic,train,ipc_conversation,random draw from files where only fm3_static_hands fired,"{""clip_note"": """", ""fm1_knee_between_torso_p50"": 0.5458440683686361, ""fm2_longest_invalid_run_s"": 0.0, ""fm2_smplh_valid_frac"": 1.0, ""fm3_static_frac"": 0.8238396624472574, ""observed_duration_s"": 158.0, ""unit_flagged_frac"": 0.0}",render
brief_262,flagged_fm3_262_V00_S0992_I00000095_P1053_f0003825,V00_S0992_I00000095_P1053,naturalistic/train/0025/0003/V00_S0992_I00000095_P1053,naturalistic/train/0025/0024/V00_S0992_I00000095_P1052,flagged_fm3,naturalistic,3825,V00,naturalistic,train,ipc_conversation,random draw from files where only fm3_static_hands fired,"{""clip_note"": """", ""fm1_knee_between_torso_p50"": 0.5235014489459572, ""fm2_longest_invalid_run_s"": 0.0, ""fm2_smplh_valid_frac"": 1.0, ""fm3_static_frac"": 0.9649484536082474, ""observed_duration_s"": 194.0, ""unit_flagged_frac"": 0.0}",render
brief_263,flagged_fm3_263_V00_S0760_I00000130_P0900_f0001684,V00_S0760_I00000130_P0900,naturalistic/train/0021/0033/V00_S0760_I00000130_P0900,naturalistic/train/0021/0011/V00_S0760_I00000130_P0899,flagged_fm3,naturalistic,1684,V00,naturalistic,train,ipc_conversation,random draw from files where only fm3_static_hands fired,"{""clip_note"": """", ""fm1_knee_between_torso_p50"": 0.5464196940523112, ""fm2_longest_invalid_run_s"": 0.0, ""fm2_smplh_valid_frac"": 1.0, ""fm3_static_frac"": 0.789272030651341, ""observed_duration_s"": 174.0, ""unit_flagged_frac"": 0.0}",render
brief_264,flagged_fm3_264_V00_S0308_I00000383_P0012_f0002922,V00_S0308_I00000383_P0012,naturalistic/train/0007/0034/V00_S0308_I00000383_P0012,naturalistic/train/0007/0000/V00_S0308_I00000383_P0415,flagged_fm3,naturalistic,2922,V00,naturalistic,train,ipc_conversation,random draw from files where only fm3_static_hands fired,"{""clip_note"": """", ""fm1_knee_between_torso_p50"": 0.4739085628374491, ""fm2_longest_invalid_run_s"": 0.0, ""fm2_smplh_valid_frac"": 1.0, ""fm3_static_frac"": 0.86, ""observed_duration_s"": 150.0, ""unit_flagged_frac"": 0.0}",render
brief_265,flagged_fm3_265_V00_S0409_I00000374_P0540_f0000275,V00_S0409_I00000374_P0540,naturalistic/train/0011/0036/V00_S0409_I00000374_P0540,naturalistic/train/0011/0029/V00_S0409_I00000374_P0260,flagged_fm3,naturalistic,275,V00,naturalistic,train,ipc_conversation,random draw from files where only fm3_static_hands fired,"{""clip_note"": """", ""fm1_knee_between_torso_p50"": 0.5171755216799996, ""fm2_longest_invalid_run_s"": 0.0, ""fm2_smplh_valid_frac"": 1.0, ""fm3_static_frac"": 0.9955026455026456, ""observed_duration_s"": 126.0, ""unit_flagged_frac"": 0.0}",render
brief_266,flagged_fm3_266_V00_S0977_I00000027_P0845A_f0000011,V00_S0977_I00000027_P0845A,improvised/train/0020/0028/V00_S0977_I00000027_P0845A,improvised/train/0020/0028/V00_S0977_I00000027_P1048,flagged_fm3,improvised,11,V00,improvised,train,ipc_conversation,random draw from files where only fm3_static_hands fired,"{""clip_note"": """", ""fm1_knee_between_torso_p50"": 0.5826045816958603, ""fm2_longest_invalid_run_s"": 0.0, ""fm2_smplh_valid_frac"": 1.0, ""fm3_static_frac"": 0.9315126050420168, ""observed_duration_s"": 238.0, ""unit_flagged_frac"": 0.0}",render
brief_267,flagged_fm3_267_V00_S0122_I00000377_P0180_f0000224,V00_S0122_I00000377_P0180,naturalistic/train/0002/0027/V00_S0122_I00000377_P0180,naturalistic/train/0002/0001/V00_S0122_I00000377_P0179,flagged_fm3,naturalistic,224,V00,naturalistic,train,ipc_conversation,random draw from files where only fm3_static_hands fired,"{""clip_note"": """", ""fm1_knee_between_torso_p50"": 0.49675911814034834, ""fm2_longest_invalid_run_s"": 0.0, ""fm2_smplh_valid_frac"": 1.0, ""fm3_static_frac"": 0.9096014492753624, ""observed_duration_s"": 184.0, ""unit_flagged_frac"": 0.0}",render
brief_268,flagged_fm3_268_V00_S0222_I00000135_P0304_f0002234,V00_S0222_I00000135_P0304,naturalistic/train/0005/0027/V00_S0222_I00000135_P0304,naturalistic/train/0005/0003/V00_S0222_I00000135_P0305,flagged_fm3,naturalistic,2234,V00,naturalistic,train,collaborative_storytelling,random draw from files where only fm3_static_hands fired,"{""clip_note"": """", ""fm1_knee_between_torso_p50"": 0.4920501449325355, ""fm2_longest_invalid_run_s"": 0.0, ""fm2_smplh_valid_frac"": 1.0, ""fm3_static_frac"": 0.7664502164502165, ""observed_duration_s"": 154.0, ""unit_flagged_frac"": 0.0}",render
brief_269,flagged_fm3_269_V00_S0078_I00000134_P0112_f0000335,V00_S0078_I00000134_P0112,naturalistic/train/0001/0000/V00_S0078_I00000134_P0112,naturalistic/train/0001/0029/V00_S0078_I00000134_P0113,flagged_fm3,naturalistic,335,V00,naturalistic,train,ipc_conversation,random draw from files where only fm3_static_hands fired,"{""clip_note"": """", ""fm1_knee_between_torso_p50"": 0.5219084593580312, ""fm2_longest_invalid_run_s"": 0.0, ""fm2_smplh_valid_frac"": 1.0, ""fm3_static_frac"": 0.8221491228070176, ""observed_duration_s"": 152.0, ""unit_flagged_frac"": 0.0}",render
brief_270,flagged_fm3_270_V00_S0502_I00000130_P0643_f0000957,V00_S0502_I00000130_P0643,naturalistic/train/0013/0024/V00_S0502_I00000130_P0643,naturalistic/train/0013/0031/V00_S0502_I00000130_P0644,flagged_fm3,naturalistic,957,V00,naturalistic,train,ipc_conversation,random draw from files where only fm3_static_hands fired,"{""clip_note"": """", ""fm1_knee_between_torso_p50"": 0.5285624246657157, ""fm2_longest_invalid_run_s"": 0.0, ""fm2_smplh_valid_frac"": 1.0, ""fm3_static_frac"": 0.9797872340425532, ""observed_duration_s"": 94.0, ""unit_flagged_frac"": 0.0}",render
brief_271,flagged_fm3_271_V00_S0624_I00000499_P0777_f0000403,V00_S0624_I00000499_P0777,naturalistic/train/0018/0001/V00_S0624_I00000499_P0777,naturalistic/train/0018/0019/V00_S0624_I00000499_P0560,flagged_fm3,naturalistic,403,V00,naturalistic,train,ipc_conversation,random draw from files where only fm3_static_hands fired,"{""clip_note"": """", ""fm1_knee_between_torso_p50"": 0.6198655411056573, ""fm2_longest_invalid_run_s"": 0.0, ""fm2_smplh_valid_frac"": 1.0, ""fm3_static_frac"": 0.8724919093851132, ""observed_duration_s"": 206.0, ""unit_flagged_frac"": 0.0}",render
brief_272,flagged_fm3_272_V00_S1099_I00000669_P0682A_f0000937,V00_S1099_I00000669_P0682A,improvised/train/0024/0063/V00_S1099_I00000669_P0682A,improvised/train/0024/0058/V00_S1099_I00000669_P0825A,flagged_fm3,improvised,937,V00,improvised,train,collaborative_storytelling,random draw from files where only fm3_static_hands fired,"{""clip_note"": """", ""fm1_knee_between_torso_p50"": 0.5415561132666968, ""fm2_longest_invalid_run_s"": 0.0, ""fm2_smplh_valid_frac"": 1.0, ""fm3_static_frac"": 0.7586580086580087, ""observed_duration_s"": 154.0, ""unit_flagged_frac"": 0.0}",render
brief_273,flagged_fm3_273_V00_S0588_I00000487_P0138_f0003026,V00_S0588_I00000487_P0138,naturalistic/train/0017/0014/V00_S0588_I00000487_P0138,naturalistic/train/0017/0002/V00_S0588_I00000487_P0721,flagged_fm3,naturalistic,3026,V00,naturalistic,train,ipc_conversation,random draw from files where only fm3_static_hands fired,"{""clip_note"": """", ""fm1_knee_between_torso_p50"": 0.5336832928194931, ""fm2_longest_invalid_run_s"": 0.0, ""fm2_smplh_valid_frac"": 1.0, ""fm3_static_frac"": 0.7672690763052209, ""observed_duration_s"": 166.0, ""unit_flagged_frac"": 0.0}",render
brief_274,flagged_fm3_274_V00_S0259_I00000127_P0085A_f0000671,V00_S0259_I00000127_P0085A,improvised/train/0006/0025/V00_S0259_I00000127_P0085A,improvised/train/0006/0024/V00_S0259_I00000127_P0050,flagged_fm3,improvised,671,V00,improvised,train,ipc_conversation,random draw from files where only fm3_static_hands fired,"{""clip_note"": """", ""fm1_knee_between_torso_p50"": 0.5328617693500167, ""fm2_longest_invalid_run_s"": 0.0, ""fm2_smplh_valid_frac"": 1.0, ""fm3_static_frac"": 0.970253164556962, ""observed_duration_s"": 158.0, ""unit_flagged_frac"": 0.0}",render
brief_275,flagged_fm3_275_V00_S0308_I00000381_P0012_f0000479,V00_S0308_I00000381_P0012,naturalistic/train/0007/0019/V00_S0308_I00000381_P0012,naturalistic/train/0007/0040/V00_S0308_I00000381_P0415,flagged_fm3,naturalistic,479,V00,naturalistic,train,ipc_conversation,random draw from files where only fm3_static_hands fired,"{""clip_note"": """", ""fm1_knee_between_torso_p50"": 0.45108424388192353, ""fm2_longest_invalid_run_s"": 0.0, ""fm2_smplh_valid_frac"": 1.0, ""fm3_static_frac"": 0.7923809523809524, ""observed_duration_s"": 140.0, ""unit_flagged_frac"": 0.0}",render
brief_276,flagged_fm3_276_V00_S0777_I00000135_P0915_f0000274,V00_S0777_I00000135_P0915,naturalistic/train/0022/0015/V00_S0777_I00000135_P0915,naturalistic/train/0022/0001/V00_S0777_I00000135_P0816,flagged_fm3,naturalistic,274,V00,naturalistic,train,collaborative_storytelling,random draw from files where only fm3_static_hands fired,"{""clip_note"": """", ""fm1_knee_between_torso_p50"": 0.6101767080982603, ""fm2_longest_invalid_run_s"": 0.0, ""fm2_smplh_valid_frac"": 1.0, ""fm3_static_frac"": 0.8065359477124183, ""observed_duration_s"": 102.0, ""unit_flagged_frac"": 0.0}",render
brief_277,flagged_fm3_277_V00_S0747_I00000135_P0889_f0000746,V00_S0747_I00000135_P0889,naturalistic/train/0021/0037/V00_S0747_I00000135_P0889,naturalistic/train/0021/0034/V00_S0747_I00000135_P0890,flagged_fm3,naturalistic,746,V00,naturalistic,train,collaborative_storytelling,random draw from files where only fm3_static_hands fired,"{""clip_note"": """", ""fm1_knee_between_torso_p50"": 0.5387609890636849, ""fm2_longest_invalid_run_s"": 0.0, ""fm2_smplh_valid_frac"": 1.0, ""fm3_static_frac"": 0.8697183098591549, ""observed_duration_s"": 142.0, ""unit_flagged_frac"": 0.0}",render
brief_278,flagged_fm3_278_V00_S0415_I00000385_P0545_f0003727,V00_S0415_I00000385_P0545,naturalistic/train/0011/0001/V00_S0415_I00000385_P0545,naturalistic/train/0011/0012/V00_S0415_I00000385_P0544,flagged_fm3,naturalistic,3727,V00,naturalistic,train,ipc_conversation,random draw from files where only fm3_static_hands fired,"{""clip_note"": """", ""fm1_knee_between_torso_p50"": 0.5720473564884017, ""fm2_longest_invalid_run_s"": 0.0, ""fm2_smplh_valid_frac"": 1.0, ""fm3_static_frac"": 0.9429553264604811, ""observed_duration_s"": 194.0, ""unit_flagged_frac"": 0.0}",render
brief_279,flagged_fm3_279_V00_S0157_I00000478_P0226_f0003449,V00_S0157_I00000478_P0226,naturalistic/train/0003/0006/V00_S0157_I00000478_P0226,naturalistic/train/0003/0028/V00_S0157_I00000478_P0227,flagged_fm3,naturalistic,3449,V00,naturalistic,train,ipc_conversation,random draw from files where only fm3_static_hands fired,"{""clip_note"": """", ""fm1_knee_between_torso_p50"": 0.6542053485110959, ""fm2_longest_invalid_run_s"": 0.0, ""fm2_smplh_valid_frac"": 1.0, ""fm3_static_frac"": 0.8805841924398625, ""observed_duration_s"": 194.0, ""unit_flagged_frac"": 0.0}",render
brief_280,flagged_fm3_280_V00_S0641_I00000381_P0631_f0003325,V00_S0641_I00000381_P0631,naturalistic/train/0019/0039/V00_S0641_I00000381_P0631,naturalistic/train/0019/0019/V00_S0641_I00000381_P0574,flagged_fm3,naturalistic,3325,V00,naturalistic,train,ipc_conversation,random draw from files where only fm3_static_hands fired,"{""clip_note"": """", ""fm1_knee_between_torso_p50"": 0.5528028534373659, ""fm2_longest_invalid_run_s"": 0.0, ""fm2_smplh_valid_frac"": 1.0, ""fm3_static_frac"": 0.7798780487804878, ""observed_duration_s"": 164.0, ""unit_flagged_frac"": 0.0}",render
brief_281,flagged_fm3_281_V00_S0218_I00000500_P0296_f0004344,V00_S0218_I00000500_P0296,naturalistic/train/0005/0025/V00_S0218_I00000500_P0296,naturalistic/train/0005/0010/V00_S0218_I00000500_P0297,flagged_fm3,naturalistic,4344,V00,naturalistic,train,ipc_conversation,random draw from files where only fm3_static_hands fired,"{""clip_note"": """", ""fm1_knee_between_torso_p50"": 0.5549021745083071, ""fm2_longest_invalid_run_s"": 0.0, ""fm2_smplh_valid_frac"": 1.0, ""fm3_static_frac"": 0.975886524822695, ""observed_duration_s"": 188.0, ""unit_flagged_frac"": 0.0}",render
brief_282,flagged_fm3_282_V00_S0148_I00000126_P0210_f0001957,V00_S0148_I00000126_P0210,naturalistic/train/0003/0005/V00_S0148_I00000126_P0210,naturalistic/train/0003/0017/V00_S0148_I00000126_P0211,flagged_fm3,naturalistic,1957,V00,naturalistic,train,ipc_conversation,random draw from files where only fm3_static_hands fired,"{""clip_note"": """", ""fm1_knee_between_torso_p50"": 0.5408879908196371, ""fm2_longest_invalid_run_s"": 0.0, ""fm2_smplh_valid_frac"": 1.0, ""fm3_static_frac"": 0.7903508771929825, ""observed_duration_s"": 342.0, ""unit_flagged_frac"": 0.0}",render
brief_283,flagged_fm3_283_V00_S1044_I00000652_P0210A_f0004300,V00_S1044_I00000652_P0210A,improvised/train/0022/0029/V00_S1044_I00000652_P0210A,improvised/train/0022/0012/V00_S1044_I00000652_P0185A,flagged_fm3,improvised,4300,V00,improvised,train,ipc_conversation,random draw from files where only fm3_static_hands fired,"{""clip_note"": """", ""fm1_knee_between_torso_p50"": 0.5481453907072288, ""fm2_longest_invalid_run_s"": 0.0, ""fm2_smplh_valid_frac"": 1.0, ""fm3_static_frac"": 0.9595652173913043, ""observed_duration_s"": 230.0, ""unit_flagged_frac"": 0.0}",render
brief_284,flagged_fm3_284_V00_S0308_I00000140_P0012_f0000032,V00_S0308_I00000140_P0012,naturalistic/train/0007/0024/V00_S0308_I00000140_P0012,naturalistic/train/0007/0006/V00_S0308_I00000140_P0415,flagged_fm3,naturalistic,32,V00,naturalistic,train,ipc_conversation,random draw from files where only fm3_static_hands fired,"{""clip_note"": """", ""fm1_knee_between_torso_p50"": 0.45898442582067, ""fm2_longest_invalid_run_s"": 0.0, ""fm2_smplh_valid_frac"": 1.0, ""fm3_static_frac"": 0.8063218390804597, ""observed_duration_s"": 116.0, ""unit_flagged_frac"": 0.0}",render
brief_285,flagged_fm3_285_V00_S0427_I00000486_P0560_f0001217,V00_S0427_I00000486_P0560,naturalistic/train/0011/0023/V00_S0427_I00000486_P0560,naturalistic/train/0011/0016/V00_S0427_I00000486_P0210,flagged_fm3,naturalistic,1217,V00,naturalistic,train,ipc_conversation,random draw from files where only fm3_static_hands fired,"{""clip_note"": """", ""fm1_knee_between_torso_p50"": 0.5069857680851975, ""fm2_longest_invalid_run_s"": 0.0, ""fm2_smplh_valid_frac"": 1.0, ""fm3_static_frac"": 0.8245495495495495, ""observed_duration_s"": 148.0, ""unit_flagged_frac"": 0.0}",render
brief_286,flagged_fm3_286_V00_S1575_I00001205_P1106A_f0007977,V00_S1575_I00001205_P1106A,improvised/train/0037/0031/V00_S1575_I00001205_P1106A,improvised/train/0037/0054/V00_S1575_I00001205_P1024A,flagged_fm3,improvised,7977,V00,improvised,train,ipc_conversation,random draw from files where only fm3_static_hands fired,"{""clip_note"": """", ""fm1_knee_between_torso_p50"": 0.5369909169102723, ""fm2_longest_invalid_run_s"": 0.0, ""fm2_smplh_valid_frac"": 1.0, ""fm3_static_frac"": 0.9440315315315315, ""observed_duration_s"": 296.0, ""unit_flagged_frac"": 0.0}",render
brief_287,flagged_fm3_287_V00_S1220_I00000190_P1113_f0002268,V00_S1220_I00000190_P1113,naturalistic/dev/0001/0016/V00_S1220_I00000190_P1113,naturalistic/dev/0001/0003/V00_S1220_I00000190_P1112,flagged_fm3,naturalistic,2268,V00,naturalistic,dev,ipc_conversation,random draw from files where only fm3_static_hands fired,"{""clip_note"": """", ""fm1_knee_between_torso_p50"": 0.5200496179290836, ""fm2_longest_invalid_run_s"": 0.0, ""fm2_smplh_valid_frac"": 1.0, ""fm3_static_frac"": 0.8483333333333334, ""observed_duration_s"": 240.0, ""unit_flagged_frac"": 0.0}",render
brief_288,flagged_fm3_288_V00_S1923_I00000237_P1212_f0003110,V00_S1923_I00000237_P1212,naturalistic/train/0031/0001/V00_S1923_I00000237_P1212,naturalistic/train/0031/0019/V00_S1923_I00000237_P0507,flagged_fm3,naturalistic,3110,V00,naturalistic,train,ipc_conversation,random draw from files where only fm3_static_hands fired,"{""clip_note"": """", ""fm1_knee_between_torso_p50"": 0.5588543064596938, ""fm2_longest_invalid_run_s"": 0.0, ""fm2_smplh_valid_frac"": 1.0, ""fm3_static_frac"": 0.9585714285714285, ""observed_duration_s"": 140.0, ""unit_flagged_frac"": 0.0}",render
brief_289,flagged_fm3_289_V00_S1631_I00000243_P1155_f0002898,V00_S1631_I00000243_P1155,naturalistic/train/0028/0004/V00_S1631_I00000243_P1155,naturalistic/train/0028/0025/V00_S1631_I00000243_P1046,flagged_fm3,naturalistic,2898,V00,naturalistic,train,ipc_conversation,random draw from files where only fm3_static_hands fired,"{""clip_note"": """", ""fm1_knee_between_torso_p50"": 0.4834141627092776, ""fm2_longest_invalid_run_s"": 0.0, ""fm2_smplh_valid_frac"": 1.0, ""fm3_static_frac"": 0.9882440476190476, ""observed_duration_s"": 224.0, ""unit_flagged_frac"": 0.0}",render
brief_290,flagged_fm3_290_V00_S0207_I00000462_P0278_f0000422,V00_S0207_I00000462_P0278,naturalistic/train/0004/0009/V00_S0207_I00000462_P0278,naturalistic/train/0004/0028/V00_S0207_I00000462_P0277,flagged_fm3,naturalistic,422,V00,naturalistic,train,ipc_conversation,random draw from files where only fm3_static_hands fired,"{""clip_note"": """", ""fm1_knee_between_torso_p50"": 0.6161815179273907, ""fm2_longest_invalid_run_s"": 0.0, ""fm2_smplh_valid_frac"": 1.0, ""fm3_static_frac"": 0.9032258064516129, ""observed_duration_s"": 124.0, ""unit_flagged_frac"": 0.0}",render
brief_291,flagged_fm3_291_V00_S0789_I00000535_P0927_f0000077,V00_S0789_I00000535_P0927,improvised/train/0015/0032/V00_S0789_I00000535_P0927,improvised/train/0015/0037/V00_S0789_I00000535_P0464A,flagged_fm3,improvised,77,V00,improvised,train,ipc_conversation,random draw from files where only fm3_static_hands fired,"{""clip_note"": """", ""fm1_knee_between_torso_p50"": 0.5979003101962552, ""fm2_longest_invalid_run_s"": 0.0, ""fm2_smplh_valid_frac"": 1.0, ""fm3_static_frac"": 0.7757062146892655, ""observed_duration_s"": 118.0, ""unit_flagged_frac"": 0.0}",render
brief_292,flagged_fm3_292_V00_S0485_I00000461_P0620_f0001763,V00_S0485_I00000461_P0620,naturalistic/train/0013/0039/V00_S0485_I00000461_P0620,naturalistic/train/0013/0023/V00_S0485_I00000461_P0619,flagged_fm3,naturalistic,1763,V00,naturalistic,train,ipc_conversation,random draw from files where only fm3_static_hands fired,"{""clip_note"": """", ""fm1_knee_between_torso_p50"": 0.4968376557707281, ""fm2_longest_invalid_run_s"": 0.0, ""fm2_smplh_valid_frac"": 1.0, ""fm3_static_frac"": 0.8188888888888889, ""observed_duration_s"": 120.0, ""unit_flagged_frac"": 0.0}",render
brief_293,flagged_fm3_293_V00_S0701_I00000477_P0857_f0001133,V00_S0701_I00000477_P0857,naturalistic/train/0020/0001/V00_S0701_I00000477_P0857,naturalistic/train/0020/0035/V00_S0701_I00000477_P0856,flagged_fm3,naturalistic,1133,V00,naturalistic,train,ipc_conversation,random draw from files where only fm3_static_hands fired,"{""clip_note"": """", ""fm1_knee_between_torso_p50"": 0.5436312290869745, ""fm2_longest_invalid_run_s"": 0.0, ""fm2_smplh_valid_frac"": 1.0, ""fm3_static_frac"": 0.9829545454545454, ""observed_duration_s"": 88.0, ""unit_flagged_frac"": 0.0}",render
brief_294,flagged_fm3_294_V00_S0673_I00000542_P0012A_f0001730,V00_S0673_I00000542_P0012A,improvised/train/0013/0031/V00_S0673_I00000542_P0012A,improvised/train/0013/0047/V00_S0673_I00000542_P0830,flagged_fm3,improvised,1730,V00,improvised,train,ipc_conversation,random draw from files where only fm3_static_hands fired,"{""clip_note"": """", ""fm1_knee_between_torso_p50"": 0.45516007605368647, ""fm2_longest_invalid_run_s"": 0.0, ""fm2_smplh_valid_frac"": 1.0, ""fm3_static_frac"": 0.8708920187793427, ""observed_duration_s"": 142.0, ""unit_flagged_frac"": 0.0}",render
brief_295,flagged_fm3_295_V00_S0485_I00000132_P0619_f0003573,V00_S0485_I00000132_P0619,naturalistic/train/0013/0013/V00_S0485_I00000132_P0619,naturalistic/train/0013/0003/V00_S0485_I00000132_P0620,flagged_fm3,naturalistic,3573,V00,naturalistic,train,ipc_conversation,random draw from files where only fm3_static_hands fired,"{""clip_note"": """", ""fm1_knee_between_torso_p50"": 0.45886803186363606, ""fm2_longest_invalid_run_s"": 0.0, ""fm2_smplh_valid_frac"": 1.0, ""fm3_static_frac"": 0.8656060606060606, ""observed_duration_s"": 220.0, ""unit_flagged_frac"": 0.0}",render
brief_296,flagged_fm3_296_V00_S0415_I00000373_P0545_f0004073,V00_S0415_I00000373_P0545,naturalistic/train/0011/0034/V00_S0415_I00000373_P0545,naturalistic/train/0011/0012/V00_S0415_I00000373_P0544,flagged_fm3,naturalistic,4073,V00,naturalistic,train,ipc_conversation,random draw from files where only fm3_static_hands fired,"{""clip_note"": """", ""fm1_knee_between_torso_p50"": 0.5739568051372055, ""fm2_longest_invalid_run_s"": 0.0, ""fm2_smplh_valid_frac"": 1.0, ""fm3_static_frac"": 0.9552536231884058, ""observed_duration_s"": 184.0, ""unit_flagged_frac"": 0.0}",render
brief_297,flagged_fm3_297_V00_S1969_I00000411_P1234_f0000595,V00_S1969_I00000411_P1234,naturalistic/train/0032/0012/V00_S1969_I00000411_P1234,naturalistic/train/0032/0007/V00_S1969_I00000411_P0808,flagged_fm3,naturalistic,595,V00,naturalistic,train,ipc_conversation,random draw from files where only fm3_static_hands fired,"{""clip_note"": """", ""fm1_knee_between_torso_p50"": 0.5204940998962236, ""fm2_longest_invalid_run_s"": 0.0, ""fm2_smplh_valid_frac"": 1.0, ""fm3_static_frac"": 0.7533333333333333, ""observed_duration_s"": 90.0, ""unit_flagged_frac"": 0.0}",render
brief_298,flagged_fm3_298_V00_S0616_I00000126_P0768_f0001180,V00_S0616_I00000126_P0768,naturalistic/train/0017/0015/V00_S0616_I00000126_P0768,naturalistic/train/0017/0021/V00_S0616_I00000126_P0558,flagged_fm3,naturalistic,1180,V00,naturalistic,train,ipc_conversation,random draw from files where only fm3_static_hands fired,"{""clip_note"": """", ""fm1_knee_between_torso_p50"": 0.5507323732610472, ""fm2_longest_invalid_run_s"": 0.0, ""fm2_smplh_valid_frac"": 1.0, ""fm3_static_frac"": 0.7966244725738396, ""observed_duration_s"": 158.0, ""unit_flagged_frac"": 0.0}",render
brief_299,flagged_fm3_299_V00_S0251_I00000137_P0345_f0001036,V00_S0251_I00000137_P0345,naturalistic/train/0006/0025/V00_S0251_I00000137_P0345,naturalistic/train/0006/0033/V00_S0251_I00000137_P0344,flagged_fm3,naturalistic,1036,V00,naturalistic,train,ipc_conversation,random draw from files where only fm3_static_hands fired,"{""clip_note"": """", ""fm1_knee_between_torso_p50"": 0.5245352757259576, ""fm2_longest_invalid_run_s"": 0.0, ""fm2_smplh_valid_frac"": 1.0, ""fm3_static_frac"": 0.8125730994152047, ""observed_duration_s"": 114.0, ""unit_flagged_frac"": 0.0}",render
