review_item_id,clip_id,file_id,source_relbase,partner_source_relbase,sample_group,label_stratum,start_frame,vendor,label,split,activity_type,selection_reason,signals_json,render_policy
v00_000,uniform_naturalistic_000_V00_S1679_I00000611_P1159A_f0004433,V00_S1679_I00000611_P1159A,naturalistic/train/0028/0019/V00_S1679_I00000611_P1159A,naturalistic/train/0028/0021/V00_S1679_I00000611_P0166,uniform_naturalistic,naturalistic,4433,V00,naturalistic,train,grounded_gesture,guaranteed_floor:grounded_gesture,"{""avg_fps"": 30.0, ""label_stratum"": ""naturalistic"", ""npz_frames_min"": 8280, ""npz_status"": ""ok"", ""render_frames"": 300, ""uniform_draw"": 0.001642719, ""valid_frac_box"": 1.0, ""valid_frac_smplh"": 0.995411, ""video_nb_frames"": 8280}",render
v00_001,uniform_naturalistic_001_V00_S1954_I00000607_P0811_f0000103,V00_S1954_I00000607_P0811,naturalistic/train/0031/0033/V00_S1954_I00000607_P0811,naturalistic/train/0031/0035/V00_S1954_I00000607_P0160,uniform_naturalistic,naturalistic,103,V00,naturalistic,train,grounded_gesture,guaranteed_floor:grounded_gesture,"{""avg_fps"": 30.0, ""label_stratum"": ""naturalistic"", ""npz_frames_min"": 4260, ""npz_status"": ""ok"", ""render_frames"": 300, ""uniform_draw"": 0.002111699, ""valid_frac_box"": 1.0, ""valid_frac_smplh"": 0.979108, ""video_nb_frames"": 4260}",render
v00_002,uniform_naturalistic_002_V00_S0779_I00000520_P0917_f0003104,V00_S0779_I00000520_P0917,naturalistic/train/0022/0036/V00_S0779_I00000520_P0917,naturalistic/train/0022/0025/V00_S0779_I00000520_P0918,uniform_naturalistic,naturalistic,3104,V00,naturalistic,train,grounded_gesture,guaranteed_floor:grounded_gesture,"{""avg_fps"": 30.0, ""label_stratum"": ""naturalistic"", ""npz_frames_min"": 5220, ""npz_status"": ""ok"", ""render_frames"": 300, ""uniform_draw"": 0.002550752, ""valid_frac_box"": 1.0, ""valid_frac_smplh"": 0.950383, ""video_nb_frames"": 5220}",render
v00_003,uniform_naturalistic_003_V00_S0472_I00000503_P0337_f0003474,V00_S0472_I00000503_P0337,naturalistic/train/0012/0020/V00_S0472_I00000503_P0337,naturalistic/train/0012/0008/V00_S0472_I00000503_P0161,uniform_naturalistic,naturalistic,3474,V00,naturalistic,train,grounded_gesture,guaranteed_floor:grounded_gesture,"{""avg_fps"": 30.0, ""label_stratum"": ""naturalistic"", ""npz_frames_min"": 9660, ""npz_status"": ""ok"", ""render_frames"": 300, ""uniform_draw"": 0.002907658, ""valid_frac_box"": 1.0, ""valid_frac_smplh"": 0.980228, ""video_nb_frames"": 9660}",render
v00_004,uniform_naturalistic_004_V00_S1462_I00000529_P1080_f0005680,V00_S1462_I00000529_P1080,naturalistic/train/0027/0029/V00_S1462_I00000529_P1080,naturalistic/train/0027/0026/V00_S1462_I00000529_P1140,uniform_naturalistic,naturalistic,5680,V00,naturalistic,train,grounded_gesture,guaranteed_floor:grounded_gesture,"{""avg_fps"": 30.0, ""label_stratum"": ""naturalistic"", ""npz_frames_min"": 7560, ""npz_status"": ""ok"", ""render_frames"": 300, ""uniform_draw"": 0.003655349, ""valid_frac_box"": 1.0, ""valid_frac_smplh"": 0.983862, ""video_nb_frames"": 7560}",render
v00_005,uniform_naturalistic_005_V00_S1098_I00000606_P1082_f0006616,V00_S1098_I00000606_P1082,naturalistic/train/0026/0004/V00_S1098_I00000606_P1082,naturalistic/train/0026/0018/V00_S1098_I00000606_P1081,uniform_naturalistic,naturalistic,6616,V00,naturalistic,train,grounded_gesture,guaranteed_floor:grounded_gesture,"{""avg_fps"": 30.0, ""label_stratum"": ""naturalistic"", ""npz_frames_min"": 9420, ""npz_status"": ""ok"", ""render_frames"": 300, ""uniform_draw"": 0.003749572, ""valid_frac_box"": 1.0, ""valid_frac_smplh"": 0.996709, ""video_nb_frames"": 9420}",render
v00_006,uniform_naturalistic_006_V00_S0428_I00000520_P0561_f0003364,V00_S0428_I00000520_P0561,naturalistic/test/0000/0000/V00_S0428_I00000520_P0561,naturalistic/test/0000/0016/V00_S0428_I00000520_P0562,uniform_naturalistic,naturalistic,3364,V00,naturalistic,test,grounded_gesture,guaranteed_floor:grounded_gesture,"{""avg_fps"": 30.0, ""label_stratum"": ""naturalistic"", ""npz_frames_min"": 10740, ""npz_status"": ""ok"", ""render_frames"": 300, ""uniform_draw"": 0.004120462, ""valid_frac_box"": 1.0, ""valid_frac_smplh"": 0.99041, ""video_nb_frames"": 10740}",render
v00_007,uniform_naturalistic_007_V00_S0742_I00000503_P0887_f0006141,V00_S0742_I00000503_P0887,naturalistic/train/0021/0001/V00_S0742_I00000503_P0887,naturalistic/train/0021/0022/V00_S0742_I00000503_P0886,uniform_naturalistic,naturalistic,6141,V00,naturalistic,train,grounded_gesture,guaranteed_floor:grounded_gesture,"{""avg_fps"": 30.0, ""label_stratum"": ""naturalistic"", ""npz_frames_min"": 9240, ""npz_status"": ""ok"", ""render_frames"": 300, ""uniform_draw"": 0.004939552, ""valid_frac_box"": 1.0, ""valid_frac_smplh"": 0.997835, ""video_nb_frames"": 9240}",render
v00_008,uniform_naturalistic_008_V00_S0777_I00000497_P0915_f0001581,V00_S0777_I00000497_P0915,naturalistic/train/0022/0026/V00_S0777_I00000497_P0915,naturalistic/train/0022/0035/V00_S0777_I00000497_P0816,uniform_naturalistic,naturalistic,1581,V00,naturalistic,train,grounded_gesture,guaranteed_floor:grounded_gesture,"{""avg_fps"": 30.0, ""label_stratum"": ""naturalistic"", ""npz_frames_min"": 9780, ""npz_status"": ""ok"", ""render_frames"": 300, ""uniform_draw"": 0.005040315, ""valid_frac_box"": 1.0, ""valid_frac_smplh"": 0.996115, ""video_nb_frames"": 9780}",render
v00_009,uniform_naturalistic_009_V00_S0539_I00000497_P0684_f0008138,V00_S0539_I00000497_P0684,naturalistic/train/0015/0018/V00_S0539_I00000497_P0684,naturalistic/train/0015/0038/V00_S0539_I00000497_P0685,uniform_naturalistic,naturalistic,8138,V00,naturalistic,train,grounded_gesture,guaranteed_floor:grounded_gesture,"{""avg_fps"": 30.0, ""label_stratum"": ""naturalistic"", ""npz_frames_min"": 10500, ""npz_status"": ""ok"", ""render_frames"": 300, ""uniform_draw"": 0.007176289, ""valid_frac_box"": 1.0, ""valid_frac_smplh"": 0.990095, ""video_nb_frames"": 10500}",render
v00_010,uniform_naturalistic_010_V00_S1427_I00000529_P1111_f0005086,V00_S1427_I00000529_P1111,naturalistic/train/0027/0006/V00_S1427_I00000529_P1111,naturalistic/train/0027/0010/V00_S1427_I00000529_P1136,uniform_naturalistic,naturalistic,5086,V00,naturalistic,train,grounded_gesture,guaranteed_floor:grounded_gesture,"{""avg_fps"": 30.0, ""label_stratum"": ""naturalistic"", ""npz_frames_min"": 8700, ""npz_status"": ""ok"", ""render_frames"": 300, ""uniform_draw"": 0.0074049, ""valid_frac_box"": 1.0, ""valid_frac_smplh"": 0.98, ""video_nb_frames"": 8700}",render
v00_011,uniform_naturalistic_011_V00_S0825_I00000497_P0500_f0001038,V00_S0825_I00000497_P0500,naturalistic/dev/0000/0040/V00_S0825_I00000497_P0500,naturalistic/dev/0000/0035/V00_S0825_I00000497_P0959,uniform_naturalistic,naturalistic,1038,V00,naturalistic,dev,grounded_gesture,guaranteed_floor:grounded_gesture,"{""avg_fps"": 30.0, ""label_stratum"": ""naturalistic"", ""npz_frames_min"": 9780, ""npz_status"": ""ok"", ""render_frames"": 300, ""uniform_draw"": 0.008203964, ""valid_frac_box"": 1.0, ""valid_frac_smplh"": 0.991718, ""video_nb_frames"": 9780}",render
v00_012,uniform_naturalistic_012_V00_S0252_I00000497_P0346_f0003168,V00_S0252_I00000497_P0346,naturalistic/train/0006/0002/V00_S0252_I00000497_P0346,naturalistic/train/0006/0028/V00_S0252_I00000497_P0347,uniform_naturalistic,naturalistic,3168,V00,naturalistic,train,grounded_gesture,guaranteed_floor:grounded_gesture,"{""avg_fps"": 30.0, ""label_stratum"": ""naturalistic"", ""npz_frames_min"": 12600, ""npz_status"": ""ok"", ""render_frames"": 300, ""uniform_draw"": 0.009569907, ""valid_frac_box"": 1.0, ""valid_frac_smplh"": 0.977222, ""video_nb_frames"": 12600}",render
v00_013,uniform_naturalistic_013_V00_S1936_I00000516_P1222_f0000536,V00_S1936_I00000516_P1222,naturalistic/train/0031/0014/V00_S1936_I00000516_P1222,naturalistic/train/0031/0043/V00_S1936_I00000516_P0558,uniform_naturalistic,naturalistic,536,V00,naturalistic,train,grounded_gesture,guaranteed_floor:grounded_gesture,"{""avg_fps"": 30.0, ""label_stratum"": ""naturalistic"", ""npz_frames_min"": 4020, ""npz_status"": ""ok"", ""render_frames"": 300, ""uniform_draw"": 0.010186921, ""valid_frac_box"": 1.0, ""valid_frac_smplh"": 1.0, ""video_nb_frames"": 4020}",render
v00_014,uniform_naturalistic_014_V00_S0053_I00000503_P0083_f0004985,V00_S0053_I00000503_P0083,naturalistic/train/0000/0017/V00_S0053_I00000503_P0083,naturalistic/train/0000/0026/V00_S0053_I00000503_P0082,uniform_naturalistic,naturalistic,4985,V00,naturalistic,train,grounded_gesture,guaranteed_floor:grounded_gesture,"{""avg_fps"": 30.0, ""label_stratum"": ""naturalistic"", ""npz_frames_min"": 8760, ""npz_status"": ""ok"", ""render_frames"": 300, ""uniform_draw"": 0.010318403, ""valid_frac_box"": 1.0, ""valid_frac_smplh"": 0.901027, ""video_nb_frames"": 8760}",render
v00_015,uniform_naturalistic_015_V00_S0814_I00000520_P0952_f0010381,V00_S0814_I00000520_P0952,naturalistic/train/0022/0019/V00_S0814_I00000520_P0952,naturalistic/train/0022/0007/V00_S0814_I00000520_P0951,uniform_naturalistic,naturalistic,10381,V00,naturalistic,train,grounded_gesture,guaranteed_floor:grounded_gesture,"{""avg_fps"": 30.0, ""label_stratum"": ""naturalistic"", ""npz_frames_min"": 11160, ""npz_status"": ""ok"", ""render_frames"": 300, ""uniform_draw"": 0.010420033, ""valid_frac_box"": 1.0, ""valid_frac_smplh"": 0.997312, ""video_nb_frames"": 11160}",render
v00_016,uniform_naturalistic_016_V00_S1130_I00000608_P1091_f0003516,V00_S1130_I00000608_P1091,naturalistic/train/0026/0053/V00_S1130_I00000608_P1091,naturalistic/train/0026/0039/V00_S1130_I00000608_P1092,uniform_naturalistic,naturalistic,3516,V00,naturalistic,train,grounded_gesture,guaranteed_floor:grounded_gesture,"{""avg_fps"": 30.0, ""label_stratum"": ""naturalistic"", ""npz_frames_min"": 7260, ""npz_status"": ""ok"", ""render_frames"": 300, ""uniform_draw"": 0.010565966, ""valid_frac_box"": 1.0, ""valid_frac_smplh"": 0.959504, ""video_nb_frames"": 7260}",render
v00_017,uniform_naturalistic_017_V00_S0727_I00000503_P0875_f0000556,V00_S0727_I00000503_P0875,naturalistic/train/0020/0017/V00_S0727_I00000503_P0875,naturalistic/train/0020/0042/V00_S0727_I00000503_P0874,uniform_naturalistic,naturalistic,556,V00,naturalistic,train,grounded_gesture,guaranteed_floor:grounded_gesture,"{""avg_fps"": 30.0, ""label_stratum"": ""naturalistic"", ""npz_frames_min"": 6240, ""npz_status"": ""ok"", ""render_frames"": 300, ""uniform_draw"": 0.010648774, ""valid_frac_box"": 1.0, ""valid_frac_smplh"": 0.983173, ""video_nb_frames"": 6240}",render
v00_018,uniform_naturalistic_018_V00_S1901_I00000516_P0279_f0006341,V00_S1901_I00000516_P0279,naturalistic/train/0030/0029/V00_S1901_I00000516_P0279,naturalistic/train/0030/0043/V00_S1901_I00000516_P0139,uniform_naturalistic,naturalistic,6341,V00,naturalistic,train,grounded_gesture,guaranteed_floor:grounded_gesture,"{""avg_fps"": 30.0, ""label_stratum"": ""naturalistic"", ""npz_frames_min"": 7260, ""npz_status"": ""ok"", ""render_frames"": 300, ""uniform_draw"": 0.010833537, ""valid_frac_box"": 1.0, ""valid_frac_smplh"": 0.986501, ""video_nb_frames"": 7260}",render
v00_019,uniform_naturalistic_019_V00_S1042_I00000527_P0997_f0003521,V00_S1042_I00000527_P0997,naturalistic/train/0025/0021/V00_S1042_I00000527_P0997,naturalistic/train/0025/0012/V00_S1042_I00000527_P1065,uniform_naturalistic,naturalistic,3521,V00,naturalistic,train,grounded_gesture,guaranteed_floor:grounded_gesture,"{""avg_fps"": 30.0, ""label_stratum"": ""naturalistic"", ""npz_frames_min"": 6000, ""npz_status"": ""ok"", ""render_frames"": 300, ""uniform_draw"": 0.010939736, ""valid_frac_box"": 1.0, ""valid_frac_smplh"": 0.999167, ""video_nb_frames"": 6000}",render
v00_020,uniform_naturalistic_020_V00_S1118_I00000601_P0011_f0002717,V00_S1118_I00000601_P0011,naturalistic/train/0026/0050/V00_S1118_I00000601_P0011,naturalistic/train/0026/0031/V00_S1118_I00000601_P1087,uniform_naturalistic,naturalistic,2717,V00,naturalistic,train,grounded_gesture,guaranteed_floor:grounded_gesture,"{""avg_fps"": 30.0, ""label_stratum"": ""naturalistic"", ""npz_frames_min"": 11640, ""npz_status"": ""ok"", ""render_frames"": 300, ""uniform_draw"": 0.01213561, ""valid_frac_box"": 1.0, ""valid_frac_smplh"": 0.981014, ""video_nb_frames"": 11640}",render
v00_021,uniform_naturalistic_021_V00_S0401_I00000497_P0537_f0003756,V00_S0401_I00000497_P0537,naturalistic/train/0011/0036/V00_S0401_I00000497_P0537,naturalistic/train/0011/0015/V00_S0401_I00000497_P0536,uniform_naturalistic,naturalistic,3756,V00,naturalistic,train,grounded_gesture,guaranteed_floor:grounded_gesture,"{""avg_fps"": 30.0, ""label_stratum"": ""naturalistic"", ""npz_frames_min"": 4320, ""npz_status"": ""ok"", ""render_frames"": 300, ""uniform_draw"": 0.012688862, ""valid_frac_box"": 1.0, ""valid_frac_smplh"": 0.902546, ""video_nb_frames"": 4320}",render
v00_022,uniform_naturalistic_022_V00_S0585_I00000503_P0166_f0005539,V00_S0585_I00000503_P0166,naturalistic/train/0016/0013/V00_S0585_I00000503_P0166,naturalistic/train/0016/0001/V00_S0585_I00000503_P0738,uniform_naturalistic,naturalistic,5539,V00,naturalistic,train,grounded_gesture,guaranteed_floor:grounded_gesture,"{""avg_fps"": 30.0, ""label_stratum"": ""naturalistic"", ""npz_frames_min"": 9720, ""npz_status"": ""ok"", ""render_frames"": 300, ""uniform_draw"": 0.013591649, ""valid_frac_box"": 1.0, ""valid_frac_smplh"": 0.934259, ""video_nb_frames"": 9720}",render
v00_023,uniform_naturalistic_023_V00_S1997_I00000527_P1247_f0003206,V00_S1997_I00000527_P1247,naturalistic/test/0001/0045/V00_S1997_I00000527_P1247,naturalistic/test/0001/0017/V00_S1997_I00000527_P0399,uniform_naturalistic,naturalistic,3206,V00,naturalistic,test,grounded_gesture,guaranteed_floor:grounded_gesture,"{""avg_fps"": 30.0, ""label_stratum"": ""naturalistic"", ""npz_frames_min"": 6600, ""npz_status"": ""ok"", ""render_frames"": 300, ""uniform_draw"": 0.013957387, ""valid_frac_box"": 1.0, ""valid_frac_smplh"": 1.0, ""video_nb_frames"": 6600}",render
v00_024,uniform_naturalistic_024_V00_S0217_I00000520_P0295_f0001468,V00_S0217_I00000520_P0295,naturalistic/train/0005/0029/V00_S0217_I00000520_P0295,naturalistic/train/0005/0000/V00_S0217_I00000520_P0090,uniform_naturalistic,naturalistic,1468,V00,naturalistic,train,grounded_gesture,guaranteed_floor:grounded_gesture,"{""avg_fps"": 30.0, ""label_stratum"": ""naturalistic"", ""npz_frames_min"": 9780, ""npz_status"": ""ok"", ""render_frames"": 300, ""uniform_draw"": 0.01405445, ""valid_frac_box"": 1.0, ""valid_frac_smplh"": 0.981288, ""video_nb_frames"": 9780}",render
v00_025,uniform_naturalistic_025_V00_S0415_I00000375_P0545_f0002563,V00_S0415_I00000375_P0545,naturalistic/train/0011/0033/V00_S0415_I00000375_P0545,naturalistic/train/0011/0003/V00_S0415_I00000375_P0544,uniform_naturalistic,naturalistic,2563,V00,naturalistic,train,ipc_conversation,uniform random within V00 naturalistic,"{""avg_fps"": 30.0, ""label_stratum"": ""naturalistic"", ""npz_frames_min"": 5220, ""npz_status"": ""ok"", ""render_frames"": 300, ""uniform_draw"": 3.8436e-05, ""valid_frac_box"": 1.0, ""valid_frac_smplh"": 1.0, ""video_nb_frames"": 5220}",render
v00_026,uniform_naturalistic_026_V00_S0152_I00000140_P0216_f0007782,V00_S0152_I00000140_P0216,naturalistic/dev/0000/0022/V00_S0152_I00000140_P0216,naturalistic/dev/0000/0014/V00_S0152_I00000140_P0217,uniform_naturalistic,naturalistic,7782,V00,naturalistic,dev,ipc_conversation,uniform random within V00 naturalistic,"{""avg_fps"": 30.0, ""label_stratum"": ""naturalistic"", ""npz_frames_min"": 8340, ""npz_status"": ""ok"", ""render_frames"": 300, ""uniform_draw"": 0.000206227, ""valid_frac_box"": 1.0, ""valid_frac_smplh"": 0.997122, ""video_nb_frames"": 8340}",render
v00_027,uniform_naturalistic_027_V00_S0390_I00000135_P0317_f0003812,V00_S0390_I00000135_P0317,naturalistic/train/0010/0020/V00_S0390_I00000135_P0317,naturalistic/train/0010/0034/V00_S0390_I00000135_P0518,uniform_naturalistic,naturalistic,3812,V00,naturalistic,train,collaborative_storytelling,uniform random within V00 naturalistic,"{""avg_fps"": 30.0, ""label_stratum"": ""naturalistic"", ""npz_frames_min"": 4920, ""npz_status"": ""ok"", ""render_frames"": 300, ""uniform_draw"": 0.000268227, ""valid_frac_box"": 1.0, ""valid_frac_smplh"": 0.997764, ""video_nb_frames"": 4920}",render
v00_028,uniform_naturalistic_028_V00_S1931_I00000077_P0568_f0002707,V00_S1931_I00000077_P0568,naturalistic/train/0031/0016/V00_S1931_I00000077_P0568,naturalistic/train/0031/0009/V00_S1931_I00000077_P0260,uniform_naturalistic,naturalistic,2707,V00,naturalistic,train,ipc_conversation,uniform random within V00 naturalistic,"{""avg_fps"": 30.0, ""label_stratum"": ""naturalistic"", ""npz_frames_min"": 5640, ""npz_status"": ""ok"", ""render_frames"": 300, ""uniform_draw"": 0.000376265, ""valid_frac_box"": 1.0, ""valid_frac_smplh"": 1.0, ""video_nb_frames"": 5640}",render
v00_029,uniform_naturalistic_029_V00_S1886_I00000065_P0851_f0000061,V00_S1886_I00000065_P0851,naturalistic/train/0030/0032/V00_S1886_I00000065_P0851,naturalistic/train/0030/0041/V00_S1886_I00000065_P0377,uniform_naturalistic,naturalistic,61,V00,naturalistic,train,ipc_conversation,uniform random within V00 naturalistic,"{""avg_fps"": 30.0, ""label_stratum"": ""naturalistic"", ""npz_frames_min"": 3900, ""npz_status"": ""ok"", ""render_frames"": 300, ""uniform_draw"": 0.000395093, ""valid_frac_box"": 1.0, ""valid_frac_smplh"": 0.863077, ""video_nb_frames"": 3900}",render
v00_030,uniform_naturalistic_030_V00_S1085_I00000182_P1076_f0000787,V00_S1085_I00000182_P1076,naturalistic/dev/0001/0028/V00_S1085_I00000182_P1076,naturalistic/dev/0001/0012/V00_S1085_I00000182_P0989,uniform_naturalistic,naturalistic,787,V00,naturalistic,dev,ipc_conversation,uniform random within V00 naturalistic,"{""avg_fps"": 30.0, ""label_stratum"": ""naturalistic"", ""npz_frames_min"": 7680, ""npz_status"": ""ok"", ""render_frames"": 300, ""uniform_draw"": 0.000704753, ""valid_frac_box"": 1.0, ""valid_frac_smplh"": 0.998437, ""video_nb_frames"": 7680}",render
v00_031,uniform_naturalistic_031_V00_S0249_I00000495_P0341_f0005469,V00_S0249_I00000495_P0341,naturalistic/train/0006/0011/V00_S0249_I00000495_P0341,naturalistic/train/0006/0030/V00_S0249_I00000495_P0340,uniform_naturalistic,naturalistic,5469,V00,naturalistic,train,ipc_conversation,uniform random within V00 naturalistic,"{""avg_fps"": 30.0, ""label_stratum"": ""naturalistic"", ""npz_frames_min"": 6480, ""npz_status"": ""ok"", ""render_frames"": 300, ""uniform_draw"": 0.000752356, ""valid_frac_box"": 1.0, ""valid_frac_smplh"": 1.0, ""video_nb_frames"": 6480}",render
v00_032,uniform_naturalistic_032_V00_S1883_I00000067_P1194_f0002859,V00_S1883_I00000067_P1194,naturalistic/train/0030/0035/V00_S1883_I00000067_P1194,naturalistic/train/0030/0021/V00_S1883_I00000067_P0058,uniform_naturalistic,naturalistic,2859,V00,naturalistic,train,ipc_conversation,uniform random within V00 naturalistic,"{""avg_fps"": 30.0, ""label_stratum"": ""naturalistic"", ""npz_frames_min"": 4980, ""npz_status"": ""ok"", ""render_frames"": 300, ""uniform_draw"": 0.000761059, ""valid_frac_box"": 1.0, ""valid_frac_smplh"": 1.0, ""video_nb_frames"": 4980}",render
v00_033,uniform_naturalistic_033_V00_S1081_I00000204_P1074_f0007223,V00_S1081_I00000204_P1074,naturalistic/train/0025/0045/V00_S1081_I00000204_P1074,naturalistic/train/0025/0013/V00_S1081_I00000204_P1075,uniform_naturalistic,naturalistic,7223,V00,naturalistic,train,ipc_conversation,uniform random within V00 naturalistic,"{""avg_fps"": 30.0, ""label_stratum"": ""naturalistic"", ""npz_frames_min"": 9480, ""npz_status"": ""ok"", ""render_frames"": 300, ""uniform_draw"": 0.000766637, ""valid_frac_box"": 1.0, ""valid_frac_smplh"": 0.974895, ""video_nb_frames"": 9480}",render
v00_034,uniform_naturalistic_034_V00_S0880_I00000495_P0658A_f0003056,V00_S0880_I00000495_P0658A,naturalistic/train/0023/0012/V00_S0880_I00000495_P0658A,naturalistic/train/0023/0012/V00_S0880_I00000495_P0967,uniform_naturalistic,naturalistic,3056,V00,naturalistic,train,ipc_conversation,uniform random within V00 naturalistic,"{""avg_fps"": 30.0, ""label_stratum"": ""naturalistic"", ""npz_frames_min"": 8880, ""npz_status"": ""ok"", ""render_frames"": 300, ""uniform_draw"": 0.000802636, ""valid_frac_box"": 1.0, ""valid_frac_smplh"": 0.99955, ""video_nb_frames"": 8880}",render
v00_035,uniform_naturalistic_035_V00_S0817_I00000373_P0953_f0002242,V00_S0817_I00000373_P0953,naturalistic/train/0022/0041/V00_S0817_I00000373_P0953,naturalistic/train/0022/0025/V00_S0817_I00000373_P0557,uniform_naturalistic,naturalistic,2242,V00,naturalistic,train,ipc_conversation,uniform random within V00 naturalistic,"{""avg_fps"": 30.0, ""label_stratum"": ""naturalistic"", ""npz_frames_min"": 5880, ""npz_status"": ""ok"", ""render_frames"": 300, ""uniform_draw"": 0.00086187, ""valid_frac_box"": 1.0, ""valid_frac_smplh"": 1.0, ""video_nb_frames"": 5880}",render
v00_036,uniform_naturalistic_036_V00_S1195_I00000267_P0752_f0004874,V00_S1195_I00000267_P0752,naturalistic/train/0026/0006/V00_S1195_I00000267_P0752,naturalistic/train/0026/0013/V00_S1195_I00000267_P1108,uniform_naturalistic,naturalistic,4874,V00,naturalistic,train,ipc_conversation,uniform random within V00 naturalistic,"{""avg_fps"": 30.0, ""label_stratum"": ""naturalistic"", ""npz_frames_min"": 9120, ""npz_status"": ""ok"", ""render_frames"": 300, ""uniform_draw"": 0.001015922, ""valid_frac_box"": 1.0, ""valid_frac_smplh"": 0.976316, ""video_nb_frames"": 9120}",render
v00_037,uniform_naturalistic_037_V00_S0382_I00000484_P0505_f0003556,V00_S0382_I00000484_P0505,naturalistic/train/0010/0002/V00_S0382_I00000484_P0505,naturalistic/train/0010/0022/V00_S0382_I00000484_P0120,uniform_naturalistic,naturalistic,3556,V00,naturalistic,train,ipc_conversation,uniform random within V00 naturalistic,"{""avg_fps"": 30.0, ""label_stratum"": ""naturalistic"", ""npz_frames_min"": 6600, ""npz_status"": ""ok"", ""render_frames"": 300, ""uniform_draw"": 0.001031712, ""valid_frac_box"": 1.0, ""valid_frac_smplh"": 0.737727, ""video_nb_frames"": 6600}",render
v00_038,uniform_naturalistic_038_V00_S0556_I00000378_P0701_f0000277,V00_S0556_I00000378_P0701,naturalistic/train/0015/0022/V00_S0556_I00000378_P0701,naturalistic/train/0015/0039/V00_S0556_I00000378_P0700,uniform_naturalistic,naturalistic,277,V00,naturalistic,train,ipc_conversation,uniform random within V00 naturalistic,"{""avg_fps"": 30.0, ""label_stratum"": ""naturalistic"", ""npz_frames_min"": 3960, ""npz_status"": ""ok"", ""render_frames"": 300, ""uniform_draw"": 0.001080774, ""valid_frac_box"": 1.0, ""valid_frac_smplh"": 1.0, ""video_nb_frames"": 3960}",render
v00_039,uniform_naturalistic_039_V00_S0507_I00000372_P0119_f0000341,V00_S0507_I00000372_P0119,naturalistic/train/0014/0004/V00_S0507_I00000372_P0119,naturalistic/train/0014/0002/V00_S0507_I00000372_P0649,uniform_naturalistic,naturalistic,341,V00,naturalistic,train,ipc_conversation,uniform random within V00 naturalistic,"{""avg_fps"": 30.0, ""label_stratum"": ""naturalistic"", ""npz_frames_min"": 5040, ""npz_status"": ""ok"", ""render_frames"": 300, ""uniform_draw"": 0.001307844, ""valid_frac_box"": 1.0, ""valid_frac_smplh"": 0.984127, ""video_nb_frames"": 5040}",render
v00_040,uniform_naturalistic_040_V00_S0046_I00000130_P0070_f0002005,V00_S0046_I00000130_P0070,naturalistic/train/0000/0007/V00_S0046_I00000130_P0070,naturalistic/train/0000/0035/V00_S0046_I00000130_P0069,uniform_naturalistic,naturalistic,2005,V00,naturalistic,train,ipc_conversation,uniform random within V00 naturalistic,"{""avg_fps"": 30.0, ""label_stratum"": ""naturalistic"", ""npz_frames_min"": 10920, ""npz_status"": ""ok"", ""render_frames"": 300, ""uniform_draw"": 0.001330934, ""valid_frac_box"": 0.998352, ""valid_frac_smplh"": 0.640751, ""video_nb_frames"": 10920}",render
v00_041,uniform_naturalistic_041_V00_S0069_I00000486_P0074_f0002929,V00_S0069_I00000486_P0074,naturalistic/train/0001/0006/V00_S0069_I00000486_P0074,naturalistic/train/0001/0026/V00_S0069_I00000486_P0104,uniform_naturalistic,naturalistic,2929,V00,naturalistic,train,ipc_conversation,uniform random within V00 naturalistic,"{""avg_fps"": 30.0, ""label_stratum"": ""naturalistic"", ""npz_frames_min"": 5820, ""npz_status"": ""ok"", ""render_frames"": 300, ""uniform_draw"": 0.001382545, ""valid_frac_box"": 1.0, ""valid_frac_smplh"": 1.0, ""video_nb_frames"": 5820}",render
v00_042,uniform_naturalistic_042_V00_S0507_I00000373_P0119_f0002006,V00_S0507_I00000373_P0119,naturalistic/train/0014/0011/V00_S0507_I00000373_P0119,naturalistic/train/0014/0012/V00_S0507_I00000373_P0649,uniform_naturalistic,naturalistic,2006,V00,naturalistic,train,ipc_conversation,uniform random within V00 naturalistic,"{""avg_fps"": 30.0, ""label_stratum"": ""naturalistic"", ""npz_frames_min"": 6300, ""npz_status"": ""ok"", ""render_frames"": 300, ""uniform_draw"": 0.001402589, ""valid_frac_box"": 1.0, ""valid_frac_smplh"": 0.903175, ""video_nb_frames"": 6300}",render
v00_043,uniform_naturalistic_043_V00_S0360_I00000371_P0485_f0007086,V00_S0360_I00000371_P0485,naturalistic/dev/0000/0041/V00_S0360_I00000371_P0485,naturalistic/dev/0000/0037/V00_S0360_I00000371_P0484,uniform_naturalistic,naturalistic,7086,V00,naturalistic,dev,ipc_conversation,uniform random within V00 naturalistic,"{""avg_fps"": 30.0, ""label_stratum"": ""naturalistic"", ""npz_frames_min"": 8040, ""npz_status"": ""ok"", ""render_frames"": 300, ""uniform_draw"": 0.001563948, ""valid_frac_box"": 1.0, ""valid_frac_smplh"": 1.0, ""video_nb_frames"": 8040}",render
v00_044,uniform_naturalistic_044_V00_S0471_I00000515_P0602_f0001301,V00_S0471_I00000515_P0602,naturalistic/train/0012/0027/V00_S0471_I00000515_P0602,naturalistic/train/0012/0025/V00_S0471_I00000515_P0170,uniform_naturalistic,naturalistic,1301,V00,naturalistic,train,ipc_conversation,uniform random within V00 naturalistic,"{""avg_fps"": 30.0, ""label_stratum"": ""naturalistic"", ""npz_frames_min"": 2220, ""npz_status"": ""ok"", ""render_frames"": 300, ""uniform_draw"": 0.001569692, ""valid_frac_box"": 1.0, ""valid_frac_smplh"": 1.0, ""video_nb_frames"": 2220}",render
v00_045,uniform_naturalistic_045_V00_S0181_I00000139_P0249_f0003498,V00_S0181_I00000139_P0249,naturalistic/train/0004/0027/V00_S0181_I00000139_P0249,naturalistic/train/0004/0007/V00_S0181_I00000139_P0248,uniform_naturalistic,naturalistic,3498,V00,naturalistic,train,ipc_conversation,uniform random within V00 naturalistic,"{""avg_fps"": 30.0, ""label_stratum"": ""naturalistic"", ""npz_frames_min"": 4860, ""npz_status"": ""ok"", ""render_frames"": 300, ""uniform_draw"": 0.001675486, ""valid_frac_box"": 1.0, ""valid_frac_smplh"": 0.914403, ""video_nb_frames"": 4860}",render
v00_046,uniform_naturalistic_046_V00_S0632_I00000385_P0012A_f0000871,V00_S0632_I00000385_P0012A,naturalistic/train/0018/0013/V00_S0632_I00000385_P0012A,naturalistic/train/0018/0024/V00_S0632_I00000385_P0789,uniform_naturalistic,naturalistic,871,V00,naturalistic,train,ipc_conversation,uniform random within V00 naturalistic,"{""avg_fps"": 30.0, ""label_stratum"": ""naturalistic"", ""npz_frames_min"": 2460, ""npz_status"": ""ok"", ""render_frames"": 300, ""uniform_draw"": 0.001718121, ""valid_frac_box"": 1.0, ""valid_frac_smplh"": 0.994309, ""video_nb_frames"": 2460}",render
v00_047,uniform_naturalistic_047_V00_S0325_I00000138_P0440_f0001174,V00_S0325_I00000138_P0440,naturalistic/train/0008/0040/V00_S0325_I00000138_P0440,naturalistic/train/0008/0004/V00_S0325_I00000138_P0441,uniform_naturalistic,naturalistic,1174,V00,naturalistic,train,ipc_conversation,uniform random within V00 naturalistic,"{""avg_fps"": 30.0, ""label_stratum"": ""naturalistic"", ""npz_frames_min"": 1980, ""npz_status"": ""ok"", ""render_frames"": 300, ""uniform_draw"": 0.001800372, ""valid_frac_box"": 1.0, ""valid_frac_smplh"": 0.995455, ""video_nb_frames"": 1980}",render
v00_048,uniform_naturalistic_048_V00_S0738_I00000478_P0882_f0003696,V00_S0738_I00000478_P0882,naturalistic/train/0021/0039/V00_S0738_I00000478_P0882,naturalistic/train/0021/0030/V00_S0738_I00000478_P0881,uniform_naturalistic,naturalistic,3696,V00,naturalistic,train,ipc_conversation,uniform random within V00 naturalistic,"{""avg_fps"": 30.0, ""label_stratum"": ""naturalistic"", ""npz_frames_min"": 4740, ""npz_status"": ""ok"", ""render_frames"": 300, ""uniform_draw"": 0.001827064, ""valid_frac_box"": 1.0, ""valid_frac_smplh"": 1.0, ""video_nb_frames"": 4740}",render
v00_049,uniform_naturalistic_049_V00_S0553_I00000499_P0696_f0002841,V00_S0553_I00000499_P0696,naturalistic/dev/0000/0028/V00_S0553_I00000499_P0696,naturalistic/dev/0000/0019/V00_S0553_I00000499_P0466,uniform_naturalistic,naturalistic,2841,V00,naturalistic,dev,ipc_conversation,uniform random within V00 naturalistic,"{""avg_fps"": 30.0, ""label_stratum"": ""naturalistic"", ""npz_frames_min"": 3840, ""npz_status"": ""ok"", ""render_frames"": 300, ""uniform_draw"": 0.001924755, ""valid_frac_box"": 1.0, ""valid_frac_smplh"": 1.0, ""video_nb_frames"": 3840}",render
v00_050,uniform_naturalistic_050_V00_S0489_I00000377_P0624_f0001666,V00_S0489_I00000377_P0624,naturalistic/train/0013/0010/V00_S0489_I00000377_P0624,naturalistic/train/0013/0012/V00_S0489_I00000377_P0124,uniform_naturalistic,naturalistic,1666,V00,naturalistic,train,ipc_conversation,uniform random within V00 naturalistic,"{""avg_fps"": 30.0, ""label_stratum"": ""naturalistic"", ""npz_frames_min"": 7080, ""npz_status"": ""ok"", ""render_frames"": 300, ""uniform_draw"": 0.002002568, ""valid_frac_box"": 1.0, ""valid_frac_smplh"": 1.0, ""video_nb_frames"": 7080}",render
v00_051,uniform_naturalistic_051_V00_S0631_I00000477_P0787_f0001974,V00_S0631_I00000477_P0787,naturalistic/train/0018/0037/V00_S0631_I00000477_P0787,naturalistic/train/0018/0031/V00_S0631_I00000477_P0678,uniform_naturalistic,naturalistic,1974,V00,naturalistic,train,ipc_conversation,uniform random within V00 naturalistic,"{""avg_fps"": 30.0, ""label_stratum"": ""naturalistic"", ""npz_frames_min"": 2520, ""npz_status"": ""ok"", ""render_frames"": 300, ""uniform_draw"": 0.002118991, ""valid_frac_box"": 1.0, ""valid_frac_smplh"": 0.985714, ""video_nb_frames"": 2520}",render
v00_052,uniform_naturalistic_052_V00_S0689_I00000375_P0841_f0003945,V00_S0689_I00000375_P0841,naturalistic/train/0019/0023/V00_S0689_I00000375_P0841,naturalistic/train/0019/0018/V00_S0689_I00000375_P0313,uniform_naturalistic,naturalistic,3945,V00,naturalistic,train,ipc_conversation,uniform random within V00 naturalistic,"{""avg_fps"": 30.0, ""label_stratum"": ""naturalistic"", ""npz_frames_min"": 6540, ""npz_status"": ""ok"", ""render_frames"": 300, ""uniform_draw"": 0.00217066, ""valid_frac_box"": 1.0, ""valid_frac_smplh"": 0.897401, ""video_nb_frames"": 6540}",render
v00_053,uniform_naturalistic_053_V00_S0357_I00000125_P0122_f0008179,V00_S0357_I00000125_P0122,naturalistic/train/0009/0013/V00_S0357_I00000125_P0122,naturalistic/train/0009/0027/V00_S0357_I00000125_P0480,uniform_naturalistic,naturalistic,8179,V00,naturalistic,train,ipc_conversation,uniform random within V00 naturalistic,"{""avg_fps"": 30.0, ""label_stratum"": ""naturalistic"", ""npz_frames_min"": 9060, ""npz_status"": ""ok"", ""render_frames"": 300, ""uniform_draw"": 0.002175128, ""valid_frac_box"": 1.0, ""valid_frac_smplh"": 0.988852, ""video_nb_frames"": 9060}",render
v00_054,uniform_naturalistic_054_V00_S1737_I00000060_P1168_f0000349,V00_S1737_I00000060_P1168,naturalistic/train/0028/0028/V00_S1737_I00000060_P1168,naturalistic/train/0028/0001/V00_S1737_I00000060_P1167,uniform_naturalistic,naturalistic,349,V00,naturalistic,train,ipc_conversation,uniform random within V00 naturalistic,"{""avg_fps"": 30.0, ""label_stratum"": ""naturalistic"", ""npz_frames_min"": 6900, ""npz_status"": ""ok"", ""render_frames"": 300, ""uniform_draw"": 0.002327615, ""valid_frac_box"": 1.0, ""valid_frac_smplh"": 1.0, ""video_nb_frames"": 6900}",render
v00_055,uniform_naturalistic_055_V00_S0641_I00000371_P0574_f0002918,V00_S0641_I00000371_P0574,naturalistic/train/0018/0038/V00_S0641_I00000371_P0574,naturalistic/train/0018/0020/V00_S0641_I00000371_P0631,uniform_naturalistic,naturalistic,2918,V00,naturalistic,train,ipc_conversation,uniform random within V00 naturalistic,"{""avg_fps"": 30.0, ""label_stratum"": ""naturalistic"", ""npz_frames_min"": 3840, ""npz_status"": ""ok"", ""render_frames"": 300, ""uniform_draw"": 0.002367702, ""valid_frac_box"": 1.0, ""valid_frac_smplh"": 1.0, ""video_nb_frames"": 3840}",render
v00_056,uniform_naturalistic_056_V00_S0656_I00000383_P0813_f0004916,V00_S0656_I00000383_P0813,naturalistic/train/0019/0019/V00_S0656_I00000383_P0813,naturalistic/train/0019/0007/V00_S0656_I00000383_P0814,uniform_naturalistic,naturalistic,4916,V00,naturalistic,train,ipc_conversation,uniform random within V00 naturalistic,"{""avg_fps"": 30.0, ""label_stratum"": ""naturalistic"", ""npz_frames_min"": 6960, ""npz_status"": ""ok"", ""render_frames"": 300, ""uniform_draw"": 0.002375465, ""valid_frac_box"": 1.0, ""valid_frac_smplh"": 0.999425, ""video_nb_frames"": 6960}",render
v00_057,uniform_naturalistic_057_V00_S0489_I00000378_P0624_f0003205,V00_S0489_I00000378_P0624,naturalistic/train/0013/0025/V00_S0489_I00000378_P0624,naturalistic/train/0013/0015/V00_S0489_I00000378_P0124,uniform_naturalistic,naturalistic,3205,V00,naturalistic,train,ipc_conversation,uniform random within V00 naturalistic,"{""avg_fps"": 30.0, ""label_stratum"": ""naturalistic"", ""npz_frames_min"": 4620, ""npz_status"": ""ok"", ""render_frames"": 300, ""uniform_draw"": 0.002401808, ""valid_frac_box"": 1.0, ""valid_frac_smplh"": 0.997403, ""video_nb_frames"": 4620}",render
v00_058,uniform_naturalistic_058_V00_S0623_I00000483_P0737_f0004315,V00_S0623_I00000483_P0737,naturalistic/train/0018/0022/V00_S0623_I00000483_P0737,naturalistic/train/0018/0029/V00_S0623_I00000483_P0776,uniform_naturalistic,naturalistic,4315,V00,naturalistic,train,ipc_conversation,uniform random within V00 naturalistic,"{""avg_fps"": 30.0, ""label_stratum"": ""naturalistic"", ""npz_frames_min"": 16680, ""npz_status"": ""ok"", ""render_frames"": 300, ""uniform_draw"": 0.002539038, ""valid_frac_box"": 1.0, ""valid_frac_smplh"": 0.996643, ""video_nb_frames"": 16680}",render
v00_059,uniform_naturalistic_059_V00_S0687_I00000135_P0837_f0000507,V00_S0687_I00000135_P0837,naturalistic/train/0019/0029/V00_S0687_I00000135_P0837,naturalistic/train/0019/0042/V00_S0687_I00000135_P0836,uniform_naturalistic,naturalistic,507,V00,naturalistic,train,collaborative_storytelling,uniform random within V00 naturalistic,"{""avg_fps"": 30.0, ""label_stratum"": ""naturalistic"", ""npz_frames_min"": 4080, ""npz_status"": ""ok"", ""render_frames"": 300, ""uniform_draw"": 0.002541405, ""valid_frac_box"": 1.0, ""valid_frac_smplh"": 0.96348, ""video_nb_frames"": 4080}",render
v00_060,uniform_naturalistic_060_V00_S0939_I00000478_P1031_f0004007,V00_S0939_I00000478_P1031,naturalistic/train/0024/0007/V00_S0939_I00000478_P1031,naturalistic/train/0024/0028/V00_S0939_I00000478_P1032,uniform_naturalistic,naturalistic,4007,V00,naturalistic,train,ipc_conversation,uniform random within V00 naturalistic,"{""avg_fps"": 30.0, ""label_stratum"": ""naturalistic"", ""npz_frames_min"": 4620, ""npz_status"": ""ok"", ""render_frames"": 300, ""uniform_draw"": 0.002552178, ""valid_frac_box"": 1.0, ""valid_frac_smplh"": 0.980519, ""video_nb_frames"": 4620}",render
v00_061,uniform_naturalistic_061_V00_S0805_I00000127_P0047_f0000195,V00_S0805_I00000127_P0047,naturalistic/train/0022/0009/V00_S0805_I00000127_P0047,naturalistic/train/0022/0031/V00_S0805_I00000127_P0145,uniform_naturalistic,naturalistic,195,V00,naturalistic,train,ipc_conversation,uniform random within V00 naturalistic,"{""avg_fps"": 30.0, ""label_stratum"": ""naturalistic"", ""npz_frames_min"": 6360, ""npz_status"": ""ok"", ""render_frames"": 300, ""uniform_draw"": 0.002625648, ""valid_frac_box"": 1.0, ""valid_frac_smplh"": 0.999843, ""video_nb_frames"": 6360}",render
v00_062,uniform_naturalistic_062_V00_S0988_I00000302_P0893_f0001504,V00_S0988_I00000302_P0893,naturalistic/train/0025/0027/V00_S0988_I00000302_P0893,naturalistic/train/0025/0019/V00_S0988_I00000302_P1051,uniform_naturalistic,naturalistic,1504,V00,naturalistic,train,ipc_conversation,uniform random within V00 naturalistic,"{""avg_fps"": 30.0, ""label_stratum"": ""naturalistic"", ""npz_frames_min"": 3060, ""npz_status"": ""ok"", ""render_frames"": 300, ""uniform_draw"": 0.002696561, ""valid_frac_box"": 1.0, ""valid_frac_smplh"": 0.966993, ""video_nb_frames"": 3060}",render
v00_063,uniform_naturalistic_063_V00_S0988_I00000281_P1051_f0002842,V00_S0988_I00000281_P1051,naturalistic/train/0025/0048/V00_S0988_I00000281_P1051,naturalistic/train/0025/0013/V00_S0988_I00000281_P0893,uniform_naturalistic,naturalistic,2842,V00,naturalistic,train,ipc_conversation,uniform random within V00 naturalistic,"{""avg_fps"": 30.0, ""label_stratum"": ""naturalistic"", ""npz_frames_min"": 3840, ""npz_status"": ""ok"", ""render_frames"": 300, ""uniform_draw"": 0.002729582, ""valid_frac_box"": 1.0, ""valid_frac_smplh"": 1.0, ""video_nb_frames"": 3840}",render
v00_064,uniform_naturalistic_064_V00_S1968_I00000013_P1236_f0006558,V00_S1968_I00000013_P1236,naturalistic/train/0032/0037/V00_S1968_I00000013_P1236,naturalistic/train/0032/0000/V00_S1968_I00000013_P0402,uniform_naturalistic,naturalistic,6558,V00,naturalistic,train,ipc_conversation,uniform random within V00 naturalistic,"{""avg_fps"": 30.0, ""label_stratum"": ""naturalistic"", ""npz_frames_min"": 7680, ""npz_status"": ""ok"", ""render_frames"": 300, ""uniform_draw"": 0.002747233, ""valid_frac_box"": 1.0, ""valid_frac_smplh"": 0.756641, ""video_nb_frames"": 7680}",render
v00_065,uniform_naturalistic_065_V00_S0185_I00000373_P0048_f0002868,V00_S0185_I00000373_P0048,naturalistic/train/0004/0035/V00_S0185_I00000373_P0048,naturalistic/train/0004/0006/V00_S0185_I00000373_P0255,uniform_naturalistic,naturalistic,2868,V00,naturalistic,train,ipc_conversation,uniform random within V00 naturalistic,"{""avg_fps"": 30.0, ""label_stratum"": ""naturalistic"", ""npz_frames_min"": 4620, ""npz_status"": ""ok"", ""render_frames"": 300, ""uniform_draw"": 0.002759707, ""valid_frac_box"": 1.0, ""valid_frac_smplh"": 1.0, ""video_nb_frames"": 4620}",render
v00_066,uniform_naturalistic_066_V00_S0097_I00000138_P0141_f0000515,V00_S0097_I00000138_P0141,naturalistic/train/0001/0015/V00_S0097_I00000138_P0141,naturalistic/train/0001/0039/V00_S0097_I00000138_P0140,uniform_naturalistic,naturalistic,515,V00,naturalistic,train,ipc_conversation,uniform random within V00 naturalistic,"{""avg_fps"": 30.0, ""label_stratum"": ""naturalistic"", ""npz_frames_min"": 1860, ""npz_status"": ""ok"", ""render_frames"": 300, ""uniform_draw"": 0.002774524, ""valid_frac_box"": 1.0, ""valid_frac_smplh"": 1.0, ""video_nb_frames"": 1860}",render
v00_067,uniform_naturalistic_067_V00_S0569_I00000499_P0714_f0001429,V00_S0569_I00000499_P0714,naturalistic/train/0016/0005/V00_S0569_I00000499_P0714,naturalistic/train/0016/0021/V00_S0569_I00000499_P0715,uniform_naturalistic,naturalistic,1429,V00,naturalistic,train,ipc_conversation,uniform random within V00 naturalistic,"{""avg_fps"": 30.0, ""label_stratum"": ""naturalistic"", ""npz_frames_min"": 2580, ""npz_status"": ""ok"", ""render_frames"": 300, ""uniform_draw"": 0.002813944, ""valid_frac_box"": 1.0, ""valid_frac_smplh"": 0.970155, ""video_nb_frames"": 2580}",render
v00_068,uniform_naturalistic_068_V00_S0665_I00000128_P0424_f0001151,V00_S0665_I00000128_P0424,naturalistic/train/0019/0025/V00_S0665_I00000128_P0424,naturalistic/train/0019/0006/V00_S0665_I00000128_P0300,uniform_naturalistic,naturalistic,1151,V00,naturalistic,train,ipc_conversation,uniform random within V00 naturalistic,"{""avg_fps"": 30.0, ""label_stratum"": ""naturalistic"", ""npz_frames_min"": 4800, ""npz_status"": ""ok"", ""render_frames"": 300, ""uniform_draw"": 0.002825779, ""valid_frac_box"": 1.0, ""valid_frac_smplh"": 0.965208, ""video_nb_frames"": 4800}",render
v00_069,uniform_naturalistic_069_V00_S0066_I00000128_P0100_f0000030,V00_S0066_I00000128_P0100,naturalistic/train/0001/0016/V00_S0066_I00000128_P0100,naturalistic/train/0001/0015/V00_S0066_I00000128_P0099,uniform_naturalistic,naturalistic,30,V00,naturalistic,train,ipc_conversation,uniform random within V00 naturalistic,"{""avg_fps"": 30.0, ""label_stratum"": ""naturalistic"", ""npz_frames_min"": 5280, ""npz_status"": ""ok"", ""render_frames"": 300, ""uniform_draw"": 0.002968765, ""valid_frac_box"": 1.0, ""valid_frac_smplh"": 1.0, ""video_nb_frames"": 5280}",render
v00_070,uniform_naturalistic_070_V00_S1967_I00000114_P0306_f0005921,V00_S1967_I00000114_P0306,naturalistic/train/0032/0008/V00_S1967_I00000114_P0306,naturalistic/train/0032/0038/V00_S1967_I00000114_P1235,uniform_naturalistic,naturalistic,5921,V00,naturalistic,train,ipc_conversation,uniform random within V00 naturalistic,"{""avg_fps"": 30.0, ""label_stratum"": ""naturalistic"", ""npz_frames_min"": 6360, ""npz_status"": ""ok"", ""render_frames"": 300, ""uniform_draw"": 0.002977197, ""valid_frac_box"": 1.0, ""valid_frac_smplh"": 0.996069, ""video_nb_frames"": 6360}",render
v00_071,uniform_naturalistic_071_V00_S0799_I00000483_P0931_f0002254,V00_S0799_I00000483_P0931,naturalistic/train/0022/0008/V00_S0799_I00000483_P0931,naturalistic/train/0022/0008/V00_S0799_I00000483_P0932,uniform_naturalistic,naturalistic,2254,V00,naturalistic,train,ipc_conversation,uniform random within V00 naturalistic,"{""avg_fps"": 30.0, ""label_stratum"": ""naturalistic"", ""npz_frames_min"": 6180, ""npz_status"": ""ok"", ""render_frames"": 300, ""uniform_draw"": 0.003006858, ""valid_frac_box"": 1.0, ""valid_frac_smplh"": 0.989159, ""video_nb_frames"": 6180}",render
v00_072,uniform_naturalistic_072_V00_S1863_I00000017_P0903_f0002639,V00_S1863_I00000017_P0903,naturalistic/train/0029/0012/V00_S1863_I00000017_P0903,naturalistic/train/0029/0053/V00_S1863_I00000017_P1193,uniform_naturalistic,naturalistic,2639,V00,naturalistic,train,ipc_conversation,uniform random within V00 naturalistic,"{""avg_fps"": 30.0, ""label_stratum"": ""naturalistic"", ""npz_frames_min"": 4080, ""npz_status"": ""ok"", ""render_frames"": 300, ""uniform_draw"": 0.00302382, ""valid_frac_box"": 1.0, ""valid_frac_smplh"": 0.877941, ""video_nb_frames"": 4080}",render
v00_073,uniform_naturalistic_073_V00_S1195_I00000264_P0752_f0006571,V00_S1195_I00000264_P0752,naturalistic/train/0026/0022/V00_S1195_I00000264_P0752,naturalistic/train/0026/0050/V00_S1195_I00000264_P1108,uniform_naturalistic,naturalistic,6571,V00,naturalistic,train,ipc_conversation,uniform random within V00 naturalistic,"{""avg_fps"": 30.0, ""label_stratum"": ""naturalistic"", ""npz_frames_min"": 10140, ""npz_status"": ""ok"", ""render_frames"": 300, ""uniform_draw"": 0.003023921, ""valid_frac_box"": 1.0, ""valid_frac_smplh"": 0.998915, ""video_nb_frames"": 10140}",render
v00_074,uniform_naturalistic_074_V00_S0566_I00000379_P0711_f0000855,V00_S0566_I00000379_P0711,naturalistic/train/0015/0033/V00_S0566_I00000379_P0711,naturalistic/train/0015/0006/V00_S0566_I00000379_P0710,uniform_naturalistic,naturalistic,855,V00,naturalistic,train,ipc_conversation,uniform random within V00 naturalistic,"{""avg_fps"": 30.0, ""label_stratum"": ""naturalistic"", ""npz_frames_min"": 7920, ""npz_status"": ""ok"", ""render_frames"": 300, ""uniform_draw"": 0.003126211, ""valid_frac_box"": 1.0, ""valid_frac_smplh"": 0.999747, ""video_nb_frames"": 7920}",render
v00_075,uniform_naturalistic_075_V00_S0080_I00000373_P0116_f0002261,V00_S0080_I00000373_P0116,naturalistic/dev/0000/0003/V00_S0080_I00000373_P0116,naturalistic/dev/0000/0035/V00_S0080_I00000373_P0115,uniform_naturalistic,naturalistic,2261,V00,naturalistic,dev,ipc_conversation,uniform random within V00 naturalistic,"{""avg_fps"": 30.0, ""label_stratum"": ""naturalistic"", ""npz_frames_min"": 4080, ""npz_status"": ""ok"", ""render_frames"": 300, ""uniform_draw"": 0.003178114, ""valid_frac_box"": 1.0, ""valid_frac_smplh"": 1.0, ""video_nb_frames"": 4080}",render
v00_076,uniform_naturalistic_076_V00_S1988_I00000247_P1242_f0002817,V00_S1988_I00000247_P1242,naturalistic/train/0032/0004/V00_S1988_I00000247_P1242,naturalistic/train/0032/0020/V00_S1988_I00000247_P1166,uniform_naturalistic,naturalistic,2817,V00,naturalistic,train,ipc_conversation,uniform random within V00 naturalistic,"{""avg_fps"": 30.0, ""label_stratum"": ""naturalistic"", ""npz_frames_min"": 3660, ""npz_status"": ""ok"", ""render_frames"": 300, ""uniform_draw"": 0.003209471, ""valid_frac_box"": 1.0, ""valid_frac_smplh"": 0.996448, ""video_nb_frames"": 3660}",render
v00_077,uniform_naturalistic_077_V00_S0630_I00000478_P0788_f0004700,V00_S0630_I00000478_P0788,naturalistic/train/0018/0013/V00_S0630_I00000478_P0788,naturalistic/train/0018/0009/V00_S0630_I00000478_P0786,uniform_naturalistic,naturalistic,4700,V00,naturalistic,train,ipc_conversation,uniform random within V00 naturalistic,"{""avg_fps"": 30.0, ""label_stratum"": ""naturalistic"", ""npz_frames_min"": 6960, ""npz_status"": ""ok"", ""render_frames"": 300, ""uniform_draw"": 0.003251479, ""valid_frac_box"": 1.0, ""valid_frac_smplh"": 0.993247, ""video_nb_frames"": 6960}",render
v00_078,uniform_naturalistic_078_V00_S0497_I00000134_P0633_f0004091,V00_S0497_I00000134_P0633,naturalistic/train/0013/0020/V00_S0497_I00000134_P0633,naturalistic/train/0013/0035/V00_S0497_I00000134_P0079,uniform_naturalistic,naturalistic,4091,V00,naturalistic,train,ipc_conversation,uniform random within V00 naturalistic,"{""avg_fps"": 30.0, ""label_stratum"": ""naturalistic"", ""npz_frames_min"": 5100, ""npz_status"": ""ok"", ""render_frames"": 300, ""uniform_draw"": 0.003293856, ""valid_frac_box"": 1.0, ""valid_frac_smplh"": 1.0, ""video_nb_frames"": 5100}",render
v00_079,uniform_naturalistic_079_V00_S0589_I00000462_P0743_f0003016,V00_S0589_I00000462_P0743,naturalistic/test/0000/0035/V00_S0589_I00000462_P0743,naturalistic/test/0000/0013/V00_S0589_I00000462_P0742,uniform_naturalistic,naturalistic,3016,V00,naturalistic,test,ipc_conversation,uniform random within V00 naturalistic,"{""avg_fps"": 30.0, ""label_stratum"": ""naturalistic"", ""npz_frames_min"": 4380, ""npz_status"": ""ok"", ""render_frames"": 300, ""uniform_draw"": 0.003317287, ""valid_frac_box"": 1.0, ""valid_frac_smplh"": 1.0, ""video_nb_frames"": 4380}",render
v00_080,uniform_naturalistic_080_V00_S0703_I00000487_P0858_f0002474,V00_S0703_I00000487_P0858,naturalistic/train/0020/0031/V00_S0703_I00000487_P0858,naturalistic/train/0020/0005/V00_S0703_I00000487_P0855,uniform_naturalistic,naturalistic,2474,V00,naturalistic,train,ipc_conversation,uniform random within V00 naturalistic,"{""avg_fps"": 30.0, ""label_stratum"": ""naturalistic"", ""npz_frames_min"": 4320, ""npz_status"": ""ok"", ""render_frames"": 300, ""uniform_draw"": 0.003319355, ""valid_frac_box"": 1.0, ""valid_frac_smplh"": 1.0, ""video_nb_frames"": 4320}",render
v00_081,uniform_naturalistic_081_V00_S0357_I00000135_P0480_f0002484,V00_S0357_I00000135_P0480,naturalistic/train/0009/0008/V00_S0357_I00000135_P0480,naturalistic/train/0009/0013/V00_S0357_I00000135_P0122,uniform_naturalistic,naturalistic,2484,V00,naturalistic,train,collaborative_storytelling,uniform random within V00 naturalistic,"{""avg_fps"": 30.0, ""label_stratum"": ""naturalistic"", ""npz_frames_min"": 5280, ""npz_status"": ""ok"", ""render_frames"": 300, ""uniform_draw"": 0.003362355, ""valid_frac_box"": 1.0, ""valid_frac_smplh"": 0.992992, ""video_nb_frames"": 5280}",render
v00_082,uniform_naturalistic_082_V00_S0638_I00000371_P0797_f0001873,V00_S0638_I00000371_P0797,naturalistic/train/0018/0013/V00_S0638_I00000371_P0797,naturalistic/train/0018/0035/V00_S0638_I00000371_P0693,uniform_naturalistic,naturalistic,1873,V00,naturalistic,train,ipc_conversation,uniform random within V00 naturalistic,"{""avg_fps"": 30.0, ""label_stratum"": ""naturalistic"", ""npz_frames_min"": 5580, ""npz_status"": ""ok"", ""render_frames"": 300, ""uniform_draw"": 0.003370308, ""valid_frac_box"": 1.0, ""valid_frac_smplh"": 1.0, ""video_nb_frames"": 5580}",render
v00_083,uniform_naturalistic_083_V00_S0069_I00000489_P0104_f0002110,V00_S0069_I00000489_P0104,naturalistic/train/0001/0039/V00_S0069_I00000489_P0104,naturalistic/train/0001/0001/V00_S0069_I00000489_P0074,uniform_naturalistic,naturalistic,2110,V00,naturalistic,train,ipc_conversation,uniform random within V00 naturalistic,"{""avg_fps"": 30.0, ""label_stratum"": ""naturalistic"", ""npz_frames_min"": 4380, ""npz_status"": ""ok"", ""render_frames"": 300, ""uniform_draw"": 0.003446975, ""valid_frac_box"": 1.0, ""valid_frac_smplh"": 0.99726, ""video_nb_frames"": 4380}",render
v00_084,uniform_naturalistic_084_V00_S0579_I00000138_P0730_f0002273,V00_S0579_I00000138_P0730,naturalistic/train/0016/0041/V00_S0579_I00000138_P0730,naturalistic/train/0016/0029/V00_S0579_I00000138_P0718,uniform_naturalistic,naturalistic,2273,V00,naturalistic,train,ipc_conversation,uniform random within V00 naturalistic,"{""avg_fps"": 30.0, ""label_stratum"": ""naturalistic"", ""npz_frames_min"": 3240, ""npz_status"": ""ok"", ""render_frames"": 300, ""uniform_draw"": 0.003469853, ""valid_frac_box"": 1.0, ""valid_frac_smplh"": 0.975, ""video_nb_frames"": 3240}",render
v00_085,uniform_naturalistic_085_V00_S1771_I00000116_P0332_f0002387,V00_S1771_I00000116_P0332,naturalistic/train/0028/0023/V00_S1771_I00000116_P0332,naturalistic/train/0028/0000/V00_S1771_I00000116_P0509,uniform_naturalistic,naturalistic,2387,V00,naturalistic,train,ipc_conversation,uniform random within V00 naturalistic,"{""avg_fps"": 30.0, ""label_stratum"": ""naturalistic"", ""npz_frames_min"": 6900, ""npz_status"": ""ok"", ""render_frames"": 300, ""uniform_draw"": 0.003558096, ""valid_frac_box"": 1.0, ""valid_frac_smplh"": 1.0, ""video_nb_frames"": 6900}",render
v00_086,uniform_naturalistic_086_V00_S0771_I00000309_P0805_f0005667,V00_S0771_I00000309_P0805,naturalistic/train/0021/0024/V00_S0771_I00000309_P0805,naturalistic/train/0021/0030/V00_S0771_I00000309_P0908,uniform_naturalistic,naturalistic,5667,V00,naturalistic,train,ipc_conversation,uniform random within V00 naturalistic,"{""avg_fps"": 30.0, ""label_stratum"": ""naturalistic"", ""npz_frames_min"": 6300, ""npz_status"": ""ok"", ""render_frames"": 300, ""uniform_draw"": 0.003703994, ""valid_frac_box"": 1.0, ""valid_frac_smplh"": 0.993175, ""video_nb_frames"": 6300}",render
v00_087,uniform_naturalistic_087_V00_S0063_I00000130_P0094_f0004234,V00_S0063_I00000130_P0094,naturalistic/train/0000/0024/V00_S0063_I00000130_P0094,naturalistic/train/0000/0017/V00_S0063_I00000130_P0048,uniform_naturalistic,naturalistic,4234,V00,naturalistic,train,ipc_conversation,uniform random within V00 naturalistic,"{""avg_fps"": 30.0, ""label_stratum"": ""naturalistic"", ""npz_frames_min"": 4800, ""npz_status"": ""ok"", ""render_frames"": 300, ""uniform_draw"": 0.003896383, ""valid_frac_box"": 1.0, ""valid_frac_smplh"": 1.0, ""video_nb_frames"": 4800}",render
v00_088,uniform_naturalistic_088_V00_S0213_I00000483_P0282_f0003492,V00_S0213_I00000483_P0282,naturalistic/train/0004/0023/V00_S0213_I00000483_P0282,naturalistic/train/0004/0005/V00_S0213_I00000483_P0281,uniform_naturalistic,naturalistic,3492,V00,naturalistic,train,ipc_conversation,uniform random within V00 naturalistic,"{""avg_fps"": 30.0, ""label_stratum"": ""naturalistic"", ""npz_frames_min"": 6720, ""npz_status"": ""ok"", ""render_frames"": 300, ""uniform_draw"": 0.003997902, ""valid_frac_box"": 1.0, ""valid_frac_smplh"": 0.998363, ""video_nb_frames"": 6720}",render
v00_089,uniform_naturalistic_089_V00_S0459_I00000374_P0358_f0005896,V00_S0459_I00000374_P0358,naturalistic/train/0012/0008/V00_S0459_I00000374_P0358,naturalistic/train/0012/0002/V00_S0459_I00000374_P0592,uniform_naturalistic,naturalistic,5896,V00,naturalistic,train,ipc_conversation,uniform random within V00 naturalistic,"{""avg_fps"": 30.0, ""label_stratum"": ""naturalistic"", ""npz_frames_min"": 6480, ""npz_status"": ""ok"", ""render_frames"": 300, ""uniform_draw"": 0.004147927, ""valid_frac_box"": 1.0, ""valid_frac_smplh"": 0.999846, ""video_nb_frames"": 6480}",render
v00_090,uniform_naturalistic_090_V00_S0096_I00000137_P0139_f0002297,V00_S0096_I00000137_P0139,naturalistic/train/0001/0031/V00_S0096_I00000137_P0139,naturalistic/train/0001/0018/V00_S0096_I00000137_P0138,uniform_naturalistic,naturalistic,2297,V00,naturalistic,train,ipc_conversation,uniform random within V00 naturalistic,"{""avg_fps"": 30.0, ""label_stratum"": ""naturalistic"", ""npz_frames_min"": 6720, ""npz_status"": ""ok"", ""render_frames"": 300, ""uniform_draw"": 0.004162533, ""valid_frac_box"": 1.0, ""valid_frac_smplh"": 1.0, ""video_nb_frames"": 6719}",render
v00_091,uniform_naturalistic_091_V00_S1855_I00000232_P1183_f0002835,V00_S1855_I00000232_P1183,naturalistic/train/0029/0010/V00_S1855_I00000232_P1183,naturalistic/train/0029/0040/V00_S1855_I00000232_P0332,uniform_naturalistic,naturalistic,2835,V00,naturalistic,train,collaborative_storytelling,uniform random within V00 naturalistic,"{""avg_fps"": 30.0, ""label_stratum"": ""naturalistic"", ""npz_frames_min"": 5280, ""npz_status"": ""ok"", ""render_frames"": 300, ""uniform_draw"": 0.004355734, ""valid_frac_box"": 1.0, ""valid_frac_smplh"": 0.998864, ""video_nb_frames"": 5280}",render
v00_092,uniform_naturalistic_092_V00_S0122_I00000140_P0179_f0002155,V00_S0122_I00000140_P0179,naturalistic/train/0002/0003/V00_S0122_I00000140_P0179,naturalistic/train/0002/0001/V00_S0122_I00000140_P0180,uniform_naturalistic,naturalistic,2155,V00,naturalistic,train,ipc_conversation,uniform random within V00 naturalistic,"{""avg_fps"": 30.0, ""label_stratum"": ""naturalistic"", ""npz_frames_min"": 5880, ""npz_status"": ""ok"", ""render_frames"": 300, ""uniform_draw"": 0.004406884, ""valid_frac_box"": 0.985714, ""valid_frac_smplh"": 0.979252, ""video_nb_frames"": 5880}",render
v00_093,uniform_naturalistic_093_V00_S0153_I00000371_P0219_f0001973,V00_S0153_I00000371_P0219,naturalistic/train/0003/0024/V00_S0153_I00000371_P0219,naturalistic/train/0003/0039/V00_S0153_I00000371_P0218,uniform_naturalistic,naturalistic,1973,V00,naturalistic,train,ipc_conversation,uniform random within V00 naturalistic,"{""avg_fps"": 30.0, ""label_stratum"": ""naturalistic"", ""npz_frames_min"": 2820, ""npz_status"": ""ok"", ""render_frames"": 300, ""uniform_draw"": 0.004505477, ""valid_frac_box"": 1.0, ""valid_frac_smplh"": 0.987234, ""video_nb_frames"": 2820}",render
v00_094,uniform_naturalistic_094_V00_S0913_I00000139_P1014_f0003182,V00_S0913_I00000139_P1014,naturalistic/train/0024/0041/V00_S0913_I00000139_P1014,naturalistic/train/0024/0027/V00_S0913_I00000139_P0160,uniform_naturalistic,naturalistic,3182,V00,naturalistic,train,ipc_conversation,uniform random within V00 naturalistic,"{""avg_fps"": 30.0, ""label_stratum"": ""naturalistic"", ""npz_frames_min"": 8340, ""npz_status"": ""ok"", ""render_frames"": 300, ""uniform_draw"": 0.004512391, ""valid_frac_box"": 1.0, ""valid_frac_smplh"": 0.99976, ""video_nb_frames"": 8340}",render
v00_095,uniform_naturalistic_095_V00_S0175_I00000307_P0250_f0000095,V00_S0175_I00000307_P0250,naturalistic/train/0003/0031/V00_S0175_I00000307_P0250,naturalistic/train/0003/0008/V00_S0175_I00000307_P0008,uniform_naturalistic,naturalistic,95,V00,naturalistic,train,ipc_conversation,uniform random within V00 naturalistic,"{""avg_fps"": 30.0, ""label_stratum"": ""naturalistic"", ""npz_frames_min"": 1560, ""npz_status"": ""ok"", ""render_frames"": 300, ""uniform_draw"": 0.004644093, ""valid_frac_box"": 1.0, ""valid_frac_smplh"": 1.0, ""video_nb_frames"": 1560}",render
v00_096,uniform_naturalistic_096_V00_S0565_I00000487_P0205_f0001831,V00_S0565_I00000487_P0205,naturalistic/train/0015/0008/V00_S0565_I00000487_P0205,naturalistic/train/0015/0034/V00_S0565_I00000487_P0709,uniform_naturalistic,naturalistic,1831,V00,naturalistic,train,ipc_conversation,uniform random within V00 naturalistic,"{""avg_fps"": 30.0, ""label_stratum"": ""naturalistic"", ""npz_frames_min"": 4620, ""npz_status"": ""ok"", ""render_frames"": 300, ""uniform_draw"": 0.004677589, ""valid_frac_box"": 1.0, ""valid_frac_smplh"": 1.0, ""video_nb_frames"": 4620}",render
v00_097,uniform_naturalistic_097_V00_S0151_I00000510_P0214_f0000059,V00_S0151_I00000510_P0214,naturalistic/train/0003/0038/V00_S0151_I00000510_P0214,naturalistic/train/0003/0012/V00_S0151_I00000510_P0215,uniform_naturalistic,naturalistic,59,V00,naturalistic,train,ipc_conversation,uniform random within V00 naturalistic,"{""avg_fps"": 30.0, ""label_stratum"": ""naturalistic"", ""npz_frames_min"": 2340, ""npz_status"": ""ok"", ""render_frames"": 300, ""uniform_draw"": 0.004700319, ""valid_frac_box"": 1.0, ""valid_frac_smplh"": 1.0, ""video_nb_frames"": 2340}",render
v00_098,uniform_naturalistic_098_V00_S1823_I00000267_P1174_f0003846,V00_S1823_I00000267_P1174,naturalistic/dev/0001/0008/V00_S1823_I00000267_P1174,naturalistic/dev/0001/0029/V00_S1823_I00000267_P0115,uniform_naturalistic,naturalistic,3846,V00,naturalistic,dev,ipc_conversation,uniform random within V00 naturalistic,"{""avg_fps"": 30.0, ""label_stratum"": ""naturalistic"", ""npz_frames_min"": 6900, ""npz_status"": ""ok"", ""render_frames"": 300, ""uniform_draw"": 0.004739118, ""valid_frac_box"": 1.0, ""valid_frac_smplh"": 0.99971, ""video_nb_frames"": 6900}",render
v00_099,uniform_naturalistic_099_V00_S1997_I00000186_P1247_f0009328,V00_S1997_I00000186_P1247,naturalistic/test/0000/0034/V00_S1997_I00000186_P1247,naturalistic/test/0000/0042/V00_S1997_I00000186_P0399,uniform_naturalistic,naturalistic,9328,V00,naturalistic,test,ipc_conversation,uniform random within V00 naturalistic,"{""avg_fps"": 30.0, ""label_stratum"": ""naturalistic"", ""npz_frames_min"": 10680, ""npz_status"": ""ok"", ""render_frames"": 300, ""uniform_draw"": 0.004751004, ""valid_frac_box"": 1.0, ""valid_frac_smplh"": 0.995412, ""video_nb_frames"": 10680}",render
v00_100,uniform_naturalistic_100_V00_S1145_I00000094_P1095_f0006291,V00_S1145_I00000094_P1095,naturalistic/train/0026/0028/V00_S1145_I00000094_P1095,naturalistic/train/0026/0045/V00_S1145_I00000094_P1096,uniform_naturalistic,naturalistic,6291,V00,naturalistic,train,ipc_conversation,uniform random within V00 naturalistic,"{""avg_fps"": 30.0, ""label_stratum"": ""naturalistic"", ""npz_frames_min"": 8280, ""npz_status"": ""ok"", ""render_frames"": 300, ""uniform_draw"": 0.00476809, ""valid_frac_box"": 1.0, ""valid_frac_smplh"": 1.0, ""video_nb_frames"": 8280}",render
v00_101,uniform_naturalistic_101_V00_S0591_I00000381_P0747_f0000593,V00_S0591_I00000381_P0747,naturalistic/train/0017/0030/V00_S0591_I00000381_P0747,naturalistic/train/0017/0040/V00_S0591_I00000381_P0746,uniform_naturalistic,naturalistic,593,V00,naturalistic,train,ipc_conversation,uniform random within V00 naturalistic,"{""avg_fps"": 30.0, ""label_stratum"": ""naturalistic"", ""npz_frames_min"": 2400, ""npz_status"": ""ok"", ""render_frames"": 300, ""uniform_draw"": 0.004772086, ""valid_frac_box"": 1.0, ""valid_frac_smplh"": 0.572917, ""video_nb_frames"": 2400}",render
v00_102,uniform_naturalistic_102_V00_S1899_I00000360_P0582_f0004958,V00_S1899_I00000360_P0582,naturalistic/train/0030/0003/V00_S1899_I00000360_P0582,naturalistic/train/0030/0046/V00_S1899_I00000360_P1206,uniform_naturalistic,naturalistic,4958,V00,naturalistic,train,ipc_conversation,uniform random within V00 naturalistic,"{""avg_fps"": 30.0, ""label_stratum"": ""naturalistic"", ""npz_frames_min"": 6240, ""npz_status"": ""ok"", ""render_frames"": 300, ""uniform_draw"": 0.004826959, ""valid_frac_box"": 1.0, ""valid_frac_smplh"": 1.0, ""video_nb_frames"": 6240}",render
v00_103,uniform_naturalistic_103_V00_S0507_I00000385_P0119_f0002733,V00_S0507_I00000385_P0119,naturalistic/train/0014/0038/V00_S0507_I00000385_P0119,naturalistic/train/0014/0026/V00_S0507_I00000385_P0649,uniform_naturalistic,naturalistic,2733,V00,naturalistic,train,ipc_conversation,uniform random within V00 naturalistic,"{""avg_fps"": 30.0, ""label_stratum"": ""naturalistic"", ""npz_frames_min"": 4800, ""npz_status"": ""ok"", ""render_frames"": 300, ""uniform_draw"": 0.004900497, ""valid_frac_box"": 1.0, ""valid_frac_smplh"": 0.9975, ""video_nb_frames"": 4800}",render
v00_104,uniform_naturalistic_104_V00_S0389_I00000384_P0517_f0005325,V00_S0389_I00000384_P0517,naturalistic/train/0010/0008/V00_S0389_I00000384_P0517,naturalistic/train/0010/0027/V00_S0389_I00000384_P0516,uniform_naturalistic,naturalistic,5325,V00,naturalistic,train,ipc_conversation,uniform random within V00 naturalistic,"{""avg_fps"": 30.0, ""label_stratum"": ""naturalistic"", ""npz_frames_min"": 9360, ""npz_status"": ""ok"", ""render_frames"": 300, ""uniform_draw"": 0.004912842, ""valid_frac_box"": 1.0, ""valid_frac_smplh"": 1.0, ""video_nb_frames"": 9360}",render
v00_105,uniform_naturalistic_105_V00_S0502_I00000135_P0644_f0001091,V00_S0502_I00000135_P0644,naturalistic/train/0013/0022/V00_S0502_I00000135_P0644,naturalistic/train/0013/0035/V00_S0502_I00000135_P0643,uniform_naturalistic,naturalistic,1091,V00,naturalistic,train,collaborative_storytelling,uniform random within V00 naturalistic,"{""avg_fps"": 30.0, ""label_stratum"": ""naturalistic"", ""npz_frames_min"": 2640, ""npz_status"": ""ok"", ""render_frames"": 300, ""uniform_draw"": 0.004962228, ""valid_frac_box"": 1.0, ""valid_frac_smplh"": 1.0, ""video_nb_frames"": 2640}",render
v00_106,uniform_naturalistic_106_V00_S0218_I00000135_P0297_f0001282,V00_S0218_I00000135_P0297,naturalistic/train/0005/0000/V00_S0218_I00000135_P0297,naturalistic/train/0005/0035/V00_S0218_I00000135_P0296,uniform_naturalistic,naturalistic,1282,V00,naturalistic,train,collaborative_storytelling,uniform random within V00 naturalistic,"{""avg_fps"": 30.0, ""label_stratum"": ""naturalistic"", ""npz_frames_min"": 4680, ""npz_status"": ""ok"", ""render_frames"": 300, ""uniform_draw"": 0.005006828, ""valid_frac_box"": 1.0, ""valid_frac_smplh"": 1.0, ""video_nb_frames"": 4680}",render
v00_107,uniform_naturalistic_107_V00_S0222_I00000382_P0304_f0001415,V00_S0222_I00000382_P0304,naturalistic/train/0005/0038/V00_S0222_I00000382_P0304,naturalistic/train/0005/0035/V00_S0222_I00000382_P0305,uniform_naturalistic,naturalistic,1415,V00,naturalistic,train,ipc_conversation,uniform random within V00 naturalistic,"{""avg_fps"": 30.0, ""label_stratum"": ""naturalistic"", ""npz_frames_min"": 1920, ""npz_status"": ""ok"", ""render_frames"": 300, ""uniform_draw"": 0.005062614, ""valid_frac_box"": 1.0, ""valid_frac_smplh"": 1.0, ""video_nb_frames"": 1919}",render
v00_108,uniform_naturalistic_108_V00_S0284_I00000477_P0384_f0007093,V00_S0284_I00000477_P0384,naturalistic/train/0006/0009/V00_S0284_I00000477_P0384,naturalistic/train/0006/0025/V00_S0284_I00000477_P0385,uniform_naturalistic,naturalistic,7093,V00,naturalistic,train,ipc_conversation,uniform random within V00 naturalistic,"{""avg_fps"": 30.0, ""label_stratum"": ""naturalistic"", ""npz_frames_min"": 7860, ""npz_status"": ""ok"", ""render_frames"": 300, ""uniform_draw"": 0.005418057, ""valid_frac_box"": 1.0, ""valid_frac_smplh"": 1.0, ""video_nb_frames"": 7860}",render
v00_109,uniform_naturalistic_109_V00_S1220_I00000355_P1112_f0000736,V00_S1220_I00000355_P1112,naturalistic/dev/0001/0010/V00_S1220_I00000355_P1112,naturalistic/dev/0001/0013/V00_S1220_I00000355_P1113,uniform_naturalistic,naturalistic,736,V00,naturalistic,dev,ipc_conversation,uniform random within V00 naturalistic,"{""avg_fps"": 30.0, ""label_stratum"": ""naturalistic"", ""npz_frames_min"": 4020, ""npz_status"": ""ok"", ""render_frames"": 300, ""uniform_draw"": 0.005428571, ""valid_frac_box"": 1.0, ""valid_frac_smplh"": 0.956468, ""video_nb_frames"": 4020}",render
v00_110,uniform_naturalistic_110_V00_S0569_I00000137_P0714_f0000506,V00_S0569_I00000137_P0714,naturalistic/train/0016/0042/V00_S0569_I00000137_P0714,naturalistic/train/0016/0025/V00_S0569_I00000137_P0715,uniform_naturalistic,naturalistic,506,V00,naturalistic,train,ipc_conversation,uniform random within V00 naturalistic,"{""avg_fps"": 30.0, ""label_stratum"": ""naturalistic"", ""npz_frames_min"": 1440, ""npz_status"": ""ok"", ""render_frames"": 300, ""uniform_draw"": 0.005495014, ""valid_frac_box"": 1.0, ""valid_frac_smplh"": 1.0, ""video_nb_frames"": 1440}",render
v00_111,uniform_naturalistic_111_V00_S0552_I00000384_P0519_f0002699,V00_S0552_I00000384_P0519,naturalistic/train/0015/0020/V00_S0552_I00000384_P0519,naturalistic/train/0015/0006/V00_S0552_I00000384_P0542,uniform_naturalistic,naturalistic,2699,V00,naturalistic,train,ipc_conversation,uniform random within V00 naturalistic,"{""avg_fps"": 30.0, ""label_stratum"": ""naturalistic"", ""npz_frames_min"": 4080, ""npz_status"": ""ok"", ""render_frames"": 300, ""uniform_draw"": 0.005602984, ""valid_frac_box"": 1.0, ""valid_frac_smplh"": 0.986029, ""video_nb_frames"": 4080}",render
v00_112,uniform_naturalistic_112_V00_S0154_I00000128_P0221_f0004606,V00_S0154_I00000128_P0221,naturalistic/train/0003/0024/V00_S0154_I00000128_P0221,naturalistic/train/0003/0039/V00_S0154_I00000128_P0220,uniform_naturalistic,naturalistic,4606,V00,naturalistic,train,ipc_conversation,uniform random within V00 naturalistic,"{""avg_fps"": 30.0, ""label_stratum"": ""naturalistic"", ""npz_frames_min"": 5040, ""npz_status"": ""ok"", ""render_frames"": 300, ""uniform_draw"": 0.005690378, ""valid_frac_box"": 1.0, ""valid_frac_smplh"": 0.9875, ""video_nb_frames"": 5040}",render
v00_113,uniform_naturalistic_113_V00_S0565_I00000135_P0205_f0004071,V00_S0565_I00000135_P0205,naturalistic/train/0015/0023/V00_S0565_I00000135_P0205,naturalistic/train/0015/0023/V00_S0565_I00000135_P0709,uniform_naturalistic,naturalistic,4071,V00,naturalistic,train,collaborative_storytelling,uniform random within V00 naturalistic,"{""avg_fps"": 30.0, ""label_stratum"": ""naturalistic"", ""npz_frames_min"": 4740, ""npz_status"": ""ok"", ""render_frames"": 300, ""uniform_draw"": 0.005742548, ""valid_frac_box"": 1.0, ""valid_frac_smplh"": 0.992194, ""video_nb_frames"": 4740}",render
v00_114,uniform_naturalistic_114_V00_S0597_I00000514_P0755_f0005425,V00_S0597_I00000514_P0755,naturalistic/train/0017/0002/V00_S0597_I00000514_P0755,naturalistic/train/0017/0019/V00_S0597_I00000514_P0756,uniform_naturalistic,naturalistic,5425,V00,naturalistic,train,ipc_conversation,uniform random within V00 naturalistic,"{""avg_fps"": 30.0, ""label_stratum"": ""naturalistic"", ""npz_frames_min"": 8100, ""npz_status"": ""ok"", ""render_frames"": 300, ""uniform_draw"": 0.005749315, ""valid_frac_box"": 1.0, ""valid_frac_smplh"": 1.0, ""video_nb_frames"": 8100}",render
v00_115,uniform_naturalistic_115_V00_S0306_I00000372_P0412_f0002398,V00_S0306_I00000372_P0412,naturalistic/train/0007/0021/V00_S0306_I00000372_P0412,naturalistic/train/0007/0021/V00_S0306_I00000372_P0411,uniform_naturalistic,naturalistic,2398,V00,naturalistic,train,ipc_conversation,uniform random within V00 naturalistic,"{""avg_fps"": 30.0, ""label_stratum"": ""naturalistic"", ""npz_frames_min"": 5700, ""npz_status"": ""ok"", ""render_frames"": 300, ""uniform_draw"": 0.005946805, ""valid_frac_box"": 1.0, ""valid_frac_smplh"": 1.0, ""video_nb_frames"": 5700}",render
v00_116,uniform_naturalistic_116_V00_S1918_I00000314_P1208_f0004240,V00_S1918_I00000314_P1208,naturalistic/train/0030/0019/V00_S1918_I00000314_P1208,naturalistic/train/0030/0031/V00_S1918_I00000314_P0101,uniform_naturalistic,naturalistic,4240,V00,naturalistic,train,ipc_conversation,uniform random within V00 naturalistic,"{""avg_fps"": 30.0, ""label_stratum"": ""naturalistic"", ""npz_frames_min"": 8040, ""npz_status"": ""ok"", ""render_frames"": 300, ""uniform_draw"": 0.005956911, ""valid_frac_box"": 1.0, ""valid_frac_smplh"": 1.0, ""video_nb_frames"": 8040}",render
v00_117,uniform_naturalistic_117_V00_S0359_I00000488_P0482_f0004761,V00_S0359_I00000488_P0482,naturalistic/train/0009/0036/V00_S0359_I00000488_P0482,naturalistic/train/0009/0025/V00_S0359_I00000488_P0483,uniform_naturalistic,naturalistic,4761,V00,naturalistic,train,ipc_conversation,uniform random within V00 naturalistic,"{""avg_fps"": 30.0, ""label_stratum"": ""naturalistic"", ""npz_frames_min"": 6060, ""npz_status"": ""ok"", ""render_frames"": 300, ""uniform_draw"": 0.00608932, ""valid_frac_box"": 1.0, ""valid_frac_smplh"": 0.99802, ""video_nb_frames"": 6060}",render
v00_118,uniform_naturalistic_118_V00_S0627_I00000371_P0780_f0002667,V00_S0627_I00000371_P0780,naturalistic/dev/0000/0034/V00_S0627_I00000371_P0780,naturalistic/dev/0000/0008/V00_S0627_I00000371_P0779,uniform_naturalistic,naturalistic,2667,V00,naturalistic,dev,ipc_conversation,uniform random within V00 naturalistic,"{""avg_fps"": 30.0, ""label_stratum"": ""naturalistic"", ""npz_frames_min"": 8100, ""npz_status"": ""ok"", ""render_frames"": 300, ""uniform_draw"": 0.006160829, ""valid_frac_box"": 1.0, ""valid_frac_smplh"": 0.967531, ""video_nb_frames"": 8100}",render
v00_119,uniform_naturalistic_119_V00_S0251_I00000138_P0345_f0000032,V00_S0251_I00000138_P0345,naturalistic/train/0006/0026/V00_S0251_I00000138_P0345,naturalistic/train/0006/0000/V00_S0251_I00000138_P0344,uniform_naturalistic,naturalistic,32,V00,naturalistic,train,ipc_conversation,uniform random within V00 naturalistic,"{""avg_fps"": 30.0, ""label_stratum"": ""naturalistic"", ""npz_frames_min"": 1500, ""npz_status"": ""ok"", ""render_frames"": 300, ""uniform_draw"": 0.006266143, ""valid_frac_box"": 1.0, ""valid_frac_smplh"": 1.0, ""video_nb_frames"": 1500}",render
v00_120,uniform_naturalistic_120_V00_S0253_I00000373_P0193_f0001942,V00_S0253_I00000373_P0193,naturalistic/train/0006/0005/V00_S0253_I00000373_P0193,naturalistic/train/0006/0000/V00_S0253_I00000373_P0348,uniform_naturalistic,naturalistic,1942,V00,naturalistic,train,ipc_conversation,uniform random within V00 naturalistic,"{""avg_fps"": 30.0, ""label_stratum"": ""naturalistic"", ""npz_frames_min"": 6420, ""npz_status"": ""ok"", ""render_frames"": 300, ""uniform_draw"": 0.006301638, ""valid_frac_box"": 1.0, ""valid_frac_smplh"": 0.998287, ""video_nb_frames"": 6420}",render
v00_121,uniform_naturalistic_121_V00_S0246_I00000478_P0095_f0003218,V00_S0246_I00000478_P0095,naturalistic/train/0005/0012/V00_S0246_I00000478_P0095,naturalistic/train/0005/0018/V00_S0246_I00000478_P0335,uniform_naturalistic,naturalistic,3218,V00,naturalistic,train,ipc_conversation,uniform random within V00 naturalistic,"{""avg_fps"": 30.0, ""label_stratum"": ""naturalistic"", ""npz_frames_min"": 5640, ""npz_status"": ""ok"", ""render_frames"": 300, ""uniform_draw"": 0.006302737, ""valid_frac_box"": 1.0, ""valid_frac_smplh"": 1.0, ""video_nb_frames"": 5640}",render
v00_122,uniform_naturalistic_122_V00_S0738_I00000477_P0882_f0000958,V00_S0738_I00000477_P0882,naturalistic/train/0021/0016/V00_S0738_I00000477_P0882,naturalistic/train/0021/0031/V00_S0738_I00000477_P0881,uniform_naturalistic,naturalistic,958,V00,naturalistic,train,ipc_conversation,uniform random within V00 naturalistic,"{""avg_fps"": 30.0, ""label_stratum"": ""naturalistic"", ""npz_frames_min"": 4140, ""npz_status"": ""ok"", ""render_frames"": 300, ""uniform_draw"": 0.006327451, ""valid_frac_box"": 1.0, ""valid_frac_smplh"": 1.0, ""video_nb_frames"": 4140}",render
v00_123,uniform_naturalistic_123_V00_S0360_I00000378_P0484_f0005007,V00_S0360_I00000378_P0484,naturalistic/dev/0000/0037/V00_S0360_I00000378_P0484,naturalistic/dev/0000/0002/V00_S0360_I00000378_P0485,uniform_naturalistic,naturalistic,5007,V00,naturalistic,dev,ipc_conversation,uniform random within V00 naturalistic,"{""avg_fps"": 30.0, ""label_stratum"": ""naturalistic"", ""npz_frames_min"": 7200, ""npz_status"": ""ok"", ""render_frames"": 300, ""uniform_draw"": 0.006368296, ""valid_frac_box"": 1.0, ""valid_frac_smplh"": 1.0, ""video_nb_frames"": 7200}",render
v00_124,uniform_naturalistic_124_V00_S0654_I00000126_P0806_f0000323,V00_S0654_I00000126_P0806,naturalistic/train/0019/0015/V00_S0654_I00000126_P0806,naturalistic/train/0019/0035/V00_S0654_I00000126_P0805,uniform_naturalistic,naturalistic,323,V00,naturalistic,train,ipc_conversation,uniform random within V00 naturalistic,"{""avg_fps"": 30.0, ""label_stratum"": ""naturalistic"", ""npz_frames_min"": 7860, ""npz_status"": ""ok"", ""render_frames"": 300, ""uniform_draw"": 0.006418709, ""valid_frac_box"": 1.0, ""valid_frac_smplh"": 0.98944, ""video_nb_frames"": 7860}",render
v00_125,uniform_naturalistic_125_V00_S0506_I00000381_P0558_f0004556,V00_S0506_I00000381_P0558,naturalistic/train/0014/0017/V00_S0506_I00000381_P0558,naturalistic/train/0014/0010/V00_S0506_I00000381_P0647,uniform_naturalistic,naturalistic,4556,V00,naturalistic,train,ipc_conversation,uniform random within V00 naturalistic,"{""avg_fps"": 30.0, ""label_stratum"": ""naturalistic"", ""npz_frames_min"": 6120, ""npz_status"": ""ok"", ""render_frames"": 300, ""uniform_draw"": 0.006467261, ""valid_frac_box"": 1.0, ""valid_frac_smplh"": 1.0, ""video_nb_frames"": 6120}",render
v00_126,uniform_naturalistic_126_V00_S0031_I00000134_P0047_f0004530,V00_S0031_I00000134_P0047,naturalistic/train/0000/0000/V00_S0031_I00000134_P0047,naturalistic/train/0000/0002/V00_S0031_I00000134_P0048,uniform_naturalistic,naturalistic,4530,V00,naturalistic,train,ipc_conversation,uniform random within V00 naturalistic,"{""avg_fps"": 30.0, ""label_stratum"": ""naturalistic"", ""npz_frames_min"": 4980, ""npz_status"": ""ok"", ""render_frames"": 300, ""uniform_draw"": 0.00649006, ""valid_frac_box"": 1.0, ""valid_frac_smplh"": 0.808233, ""video_nb_frames"": 4980}",render
v00_127,uniform_naturalistic_127_V00_S0441_I00000377_P0579_f0002108,V00_S0441_I00000377_P0579,naturalistic/train/0011/0022/V00_S0441_I00000377_P0579,naturalistic/train/0011/0012/V00_S0441_I00000377_P0578,uniform_naturalistic,naturalistic,2108,V00,naturalistic,train,ipc_conversation,uniform random within V00 naturalistic,"{""avg_fps"": 30.0, ""label_stratum"": ""naturalistic"", ""npz_frames_min"": 4080, ""npz_status"": ""ok"", ""render_frames"": 300, ""uniform_draw"": 0.006574252, ""valid_frac_box"": 1.0, ""valid_frac_smplh"": 1.0, ""video_nb_frames"": 4080}",render
v00_128,uniform_naturalistic_128_V00_S0477_I00000461_P0611_f0005286,V00_S0477_I00000461_P0611,naturalistic/train/0013/0007/V00_S0477_I00000461_P0611,naturalistic/train/0013/0006/V00_S0477_I00000461_P0071,uniform_naturalistic,naturalistic,5286,V00,naturalistic,train,ipc_conversation,uniform random within V00 naturalistic,"{""avg_fps"": 30.0, ""label_stratum"": ""naturalistic"", ""npz_frames_min"": 6300, ""npz_status"": ""ok"", ""render_frames"": 300, ""uniform_draw"": 0.006591802, ""valid_frac_box"": 1.0, ""valid_frac_smplh"": 1.0, ""video_nb_frames"": 6300}",render
v00_129,uniform_naturalistic_129_V00_S0085_I00000484_P0126_f0000020,V00_S0085_I00000484_P0126,naturalistic/train/0001/0041/V00_S0085_I00000484_P0126,naturalistic/train/0001/0040/V00_S0085_I00000484_P0125,uniform_naturalistic,naturalistic,20,V00,naturalistic,train,ipc_conversation,uniform random within V00 naturalistic,"{""avg_fps"": 30.0, ""label_stratum"": ""naturalistic"", ""npz_frames_min"": 6660, ""npz_status"": ""ok"", ""render_frames"": 300, ""uniform_draw"": 0.006684003, ""valid_frac_box"": 1.0, ""valid_frac_smplh"": 1.0, ""video_nb_frames"": 6660}",render
v00_130,uniform_naturalistic_130_V00_S0421_I00000488_P0555_f0002521,V00_S0421_I00000488_P0555,naturalistic/train/0011/0030/V00_S0421_I00000488_P0555,naturalistic/train/0011/0025/V00_S0421_I00000488_P0554,uniform_naturalistic,naturalistic,2521,V00,naturalistic,train,ipc_conversation,uniform random within V00 naturalistic,"{""avg_fps"": 30.0, ""label_stratum"": ""naturalistic"", ""npz_frames_min"": 6300, ""npz_status"": ""ok"", ""render_frames"": 300, ""uniform_draw"": 0.006828716, ""valid_frac_box"": 1.0, ""valid_frac_smplh"": 0.985873, ""video_nb_frames"": 6300}",render
v00_131,uniform_naturalistic_131_V00_S0157_I00000515_P0227_f0004985,V00_S0157_I00000515_P0227,naturalistic/train/0003/0001/V00_S0157_I00000515_P0227,naturalistic/train/0003/0002/V00_S0157_I00000515_P0226,uniform_naturalistic,naturalistic,4985,V00,naturalistic,train,ipc_conversation,uniform random within V00 naturalistic,"{""avg_fps"": 30.0, ""label_stratum"": ""naturalistic"", ""npz_frames_min"": 6180, ""npz_status"": ""ok"", ""render_frames"": 300, ""uniform_draw"": 0.00689751, ""valid_frac_box"": 1.0, ""valid_frac_smplh"": 0.754693, ""video_nb_frames"": 6180}",render
v00_132,uniform_naturalistic_132_V00_S1966_I00000211_P0347_f0004981,V00_S1966_I00000211_P0347,naturalistic/train/0032/0002/V00_S1966_I00000211_P0347,naturalistic/train/0032/0042/V00_S1966_I00000211_P1237,uniform_naturalistic,naturalistic,4981,V00,naturalistic,train,ipc_conversation,uniform random within V00 naturalistic,"{""avg_fps"": 30.0, ""label_stratum"": ""naturalistic"", ""npz_frames_min"": 8040, ""npz_status"": ""ok"", ""render_frames"": 300, ""uniform_draw"": 0.006997447, ""valid_frac_box"": 1.0, ""valid_frac_smplh"": 1.0, ""video_nb_frames"": 8040}",render
v00_133,uniform_naturalistic_133_V00_S0413_I00000482_P0300_f0000774,V00_S0413_I00000482_P0300,naturalistic/train/0011/0016/V00_S0413_I00000482_P0300,naturalistic/train/0011/0026/V00_S0413_I00000482_P0541,uniform_naturalistic,naturalistic,774,V00,naturalistic,train,ipc_conversation,uniform random within V00 naturalistic,"{""avg_fps"": 30.0, ""label_stratum"": ""naturalistic"", ""npz_frames_min"": 5880, ""npz_status"": ""ok"", ""render_frames"": 300, ""uniform_draw"": 0.007065743, ""valid_frac_box"": 1.0, ""valid_frac_smplh"": 0.99915, ""video_nb_frames"": 5880}",render
v00_134,uniform_naturalistic_134_V00_S0384_I00000378_P0508_f0001078,V00_S0384_I00000378_P0508,naturalistic/train/0010/0011/V00_S0384_I00000378_P0508,naturalistic/train/0010/0014/V00_S0384_I00000378_P0509,uniform_naturalistic,naturalistic,1078,V00,naturalistic,train,ipc_conversation,uniform random within V00 naturalistic,"{""avg_fps"": 30.0, ""label_stratum"": ""naturalistic"", ""npz_frames_min"": 3720, ""npz_status"": ""ok"", ""render_frames"": 300, ""uniform_draw"": 0.007197749, ""valid_frac_box"": 1.0, ""valid_frac_smplh"": 0.999731, ""video_nb_frames"": 3720}",render
v00_135,uniform_naturalistic_135_V00_S1098_I00000010_P1081_f0001255,V00_S1098_I00000010_P1081,naturalistic/train/0026/0006/V00_S1098_I00000010_P1081,naturalistic/train/0026/0048/V00_S1098_I00000010_P1082,uniform_naturalistic,naturalistic,1255,V00,naturalistic,train,ipc_conversation,uniform random within V00 naturalistic,"{""avg_fps"": 30.0, ""label_stratum"": ""naturalistic"", ""npz_frames_min"": 2100, ""npz_status"": ""ok"", ""render_frames"": 300, ""uniform_draw"": 0.007222892, ""valid_frac_box"": 1.0, ""valid_frac_smplh"": 1.0, ""video_nb_frames"": 2100}",render
v00_136,uniform_naturalistic_136_V00_S1962_I00000059_P0055_f0002211,V00_S1962_I00000059_P0055,naturalistic/train/0032/0011/V00_S1962_I00000059_P0055,naturalistic/train/0032/0042/V00_S1962_I00000059_P0139,uniform_naturalistic,naturalistic,2211,V00,naturalistic,train,ipc_conversation,uniform random within V00 naturalistic,"{""avg_fps"": 30.0, ""label_stratum"": ""naturalistic"", ""npz_frames_min"": 2700, ""npz_status"": ""ok"", ""render_frames"": 300, ""uniform_draw"": 0.007264775, ""valid_frac_box"": 1.0, ""valid_frac_smplh"": 0.99963, ""video_nb_frames"": 2700}",render
v00_137,uniform_naturalistic_137_V00_S1631_I00000239_P1155_f0000358,V00_S1631_I00000239_P1155,naturalistic/train/0028/0047/V00_S1631_I00000239_P1155,naturalistic/train/0028/0023/V00_S1631_I00000239_P1046,uniform_naturalistic,naturalistic,358,V00,naturalistic,train,ipc_conversation,uniform random within V00 naturalistic,"{""avg_fps"": 30.0, ""label_stratum"": ""naturalistic"", ""npz_frames_min"": 5820, ""npz_status"": ""ok"", ""render_frames"": 300, ""uniform_draw"": 0.007319062, ""valid_frac_box"": 1.0, ""valid_frac_smplh"": 1.0, ""video_nb_frames"": 5820}",render
v00_138,uniform_naturalistic_138_V00_S0864_I00000138_P0967_f0000198,V00_S0864_I00000138_P0967,naturalistic/train/0023/0011/V00_S0864_I00000138_P0967,naturalistic/train/0023/0035/V00_S0864_I00000138_P0981,uniform_naturalistic,naturalistic,198,V00,naturalistic,train,ipc_conversation,uniform random within V00 naturalistic,"{""avg_fps"": 30.0, ""label_stratum"": ""naturalistic"", ""npz_frames_min"": 2160, ""npz_status"": ""ok"", ""render_frames"": 300, ""uniform_draw"": 0.007574317, ""valid_frac_box"": 1.0, ""valid_frac_smplh"": 1.0, ""video_nb_frames"": 2160}",render
v00_139,uniform_naturalistic_139_V00_S1679_I00000095_P1159A_f0001866,V00_S1679_I00000095_P1159A,naturalistic/train/0028/0002/V00_S1679_I00000095_P1159A,naturalistic/train/0028/0039/V00_S1679_I00000095_P0166,uniform_naturalistic,naturalistic,1866,V00,naturalistic,train,ipc_conversation,uniform random within V00 naturalistic,"{""avg_fps"": 30.0, ""label_stratum"": ""naturalistic"", ""npz_frames_min"": 6660, ""npz_status"": ""ok"", ""render_frames"": 300, ""uniform_draw"": 0.00760908, ""valid_frac_box"": 1.0, ""valid_frac_smplh"": 1.0, ""video_nb_frames"": 6660}",render
v00_140,uniform_naturalistic_140_V00_S0320_I00000313_P0432_f0000672,V00_S0320_I00000313_P0432,naturalistic/train/0008/0023/V00_S0320_I00000313_P0432,naturalistic/train/0008/0017/V00_S0320_I00000313_P0434,uniform_naturalistic,naturalistic,672,V00,naturalistic,train,ipc_conversation,uniform random within V00 naturalistic,"{""avg_fps"": 30.0, ""label_stratum"": ""naturalistic"", ""npz_frames_min"": 2640, ""npz_status"": ""ok"", ""render_frames"": 300, ""uniform_draw"": 0.007615328, ""valid_frac_box"": 1.0, ""valid_frac_smplh"": 1.0, ""video_nb_frames"": 2640}",render
v00_141,uniform_naturalistic_141_V00_S0936_I00000514_P1030_f0001481,V00_S0936_I00000514_P1030,naturalistic/train/0024/0036/V00_S0936_I00000514_P1030,naturalistic/train/0024/0024/V00_S0936_I00000514_P1029,uniform_naturalistic,naturalistic,1481,V00,naturalistic,train,ipc_conversation,uniform random within V00 naturalistic,"{""avg_fps"": 30.0, ""label_stratum"": ""naturalistic"", ""npz_frames_min"": 7200, ""npz_status"": ""ok"", ""render_frames"": 300, ""uniform_draw"": 0.007629356, ""valid_frac_box"": 1.0, ""valid_frac_smplh"": 1.0, ""video_nb_frames"": 7200}",render
v00_142,uniform_naturalistic_142_V00_S0675_I00000372_P0832_f0002261,V00_S0675_I00000372_P0832,naturalistic/test/0000/0027/V00_S0675_I00000372_P0832,naturalistic/test/0000/0011/V00_S0675_I00000372_P0831,uniform_naturalistic,naturalistic,2261,V00,naturalistic,test,ipc_conversation,uniform random within V00 naturalistic,"{""avg_fps"": 30.0, ""label_stratum"": ""naturalistic"", ""npz_frames_min"": 5640, ""npz_status"": ""ok"", ""render_frames"": 300, ""uniform_draw"": 0.007706972, ""valid_frac_box"": 1.0, ""valid_frac_smplh"": 1.0, ""video_nb_frames"": 5640}",render
v00_143,uniform_naturalistic_143_V00_S1898_I00000052_P0413_f0003181,V00_S1898_I00000052_P0413,naturalistic/train/0030/0005/V00_S1898_I00000052_P0413,naturalistic/train/0030/0032/V00_S1898_I00000052_P1207,uniform_naturalistic,naturalistic,3181,V00,naturalistic,train,ipc_conversation,uniform random within V00 naturalistic,"{""avg_fps"": 30.0, ""label_stratum"": ""naturalistic"", ""npz_frames_min"": 5220, ""npz_status"": ""ok"", ""render_frames"": 300, ""uniform_draw"": 0.00790628, ""valid_frac_box"": 1.0, ""valid_frac_smplh"": 0.990996, ""video_nb_frames"": 5220}",render
v00_144,uniform_naturalistic_144_V00_S1771_I00000114_P0332_f0001362,V00_S1771_I00000114_P0332,naturalistic/train/0028/0042/V00_S1771_I00000114_P0332,naturalistic/train/0028/0010/V00_S1771_I00000114_P0509,uniform_naturalistic,naturalistic,1362,V00,naturalistic,train,ipc_conversation,uniform random within V00 naturalistic,"{""avg_fps"": 30.0, ""label_stratum"": ""naturalistic"", ""npz_frames_min"": 4740, ""npz_status"": ""ok"", ""render_frames"": 300, ""uniform_draw"": 0.008022673, ""valid_frac_box"": 1.0, ""valid_frac_smplh"": 1.0, ""video_nb_frames"": 4740}",render
v00_145,uniform_naturalistic_145_V00_S0787_I00000138_P0923_f0003409,V00_S0787_I00000138_P0923,naturalistic/train/0022/0000/V00_S0787_I00000138_P0923,naturalistic/train/0022/0032/V00_S0787_I00000138_P0377,uniform_naturalistic,naturalistic,3409,V00,naturalistic,train,ipc_conversation,uniform random within V00 naturalistic,"{""avg_fps"": 30.0, ""label_stratum"": ""naturalistic"", ""npz_frames_min"": 5220, ""npz_status"": ""ok"", ""render_frames"": 300, ""uniform_draw"": 0.008089047, ""valid_frac_box"": 1.0, ""valid_frac_smplh"": 1.0, ""video_nb_frames"": 5220}",render
v00_146,uniform_naturalistic_146_V00_S0149_I00000130_P0208_f0003044,V00_S0149_I00000130_P0208,naturalistic/train/0003/0011/V00_S0149_I00000130_P0208,naturalistic/train/0003/0006/V00_S0149_I00000130_P0207,uniform_naturalistic,naturalistic,3044,V00,naturalistic,train,ipc_conversation,uniform random within V00 naturalistic,"{""avg_fps"": 30.0, ""label_stratum"": ""naturalistic"", ""npz_frames_min"": 3960, ""npz_status"": ""ok"", ""render_frames"": 300, ""uniform_draw"": 0.008198545, ""valid_frac_box"": 1.0, ""valid_frac_smplh"": 1.0, ""video_nb_frames"": 3960}",render
v00_147,uniform_naturalistic_147_V00_S0277_I00000378_P0374_f0003528,V00_S0277_I00000378_P0374,naturalistic/train/0006/0033/V00_S0277_I00000378_P0374,naturalistic/train/0006/0023/V00_S0277_I00000378_P0252,uniform_naturalistic,naturalistic,3528,V00,naturalistic,train,ipc_conversation,uniform random within V00 naturalistic,"{""avg_fps"": 30.0, ""label_stratum"": ""naturalistic"", ""npz_frames_min"": 5640, ""npz_status"": ""ok"", ""render_frames"": 300, ""uniform_draw"": 0.008350612, ""valid_frac_box"": 1.0, ""valid_frac_smplh"": 0.988298, ""video_nb_frames"": 5640}",render
v00_148,uniform_naturalistic_148_V00_S0633_I00000135_P0744_f0001507,V00_S0633_I00000135_P0744,naturalistic/train/0018/0007/V00_S0633_I00000135_P0744,naturalistic/train/0018/0002/V00_S0633_I00000135_P0790,uniform_naturalistic,naturalistic,1507,V00,naturalistic,train,collaborative_storytelling,uniform random within V00 naturalistic,"{""avg_fps"": 30.0, ""label_stratum"": ""naturalistic"", ""npz_frames_min"": 4080, ""npz_status"": ""ok"", ""render_frames"": 300, ""uniform_draw"": 0.008362232, ""valid_frac_box"": 1.0, ""valid_frac_smplh"": 1.0, ""video_nb_frames"": 4080}",render
v00_149,uniform_naturalistic_149_V00_S1696_I00000319_P0909_f0007165,V00_S1696_I00000319_P0909,naturalistic/train/0028/0002/V00_S1696_I00000319_P0909,naturalistic/train/0028/0016/V00_S1696_I00000319_P0693,uniform_naturalistic,naturalistic,7165,V00,naturalistic,train,ipc_conversation,uniform random within V00 naturalistic,"{""avg_fps"": 30.0, ""label_stratum"": ""naturalistic"", ""npz_frames_min"": 10140, ""npz_status"": ""ok"", ""render_frames"": 300, ""uniform_draw"": 0.008472888, ""valid_frac_box"": 1.0, ""valid_frac_smplh"": 0.437278, ""video_nb_frames"": 10140}",render
v00_150,uniform_improvised_150_V00_S0885_I00000543_P0994_f0006679,V00_S0885_I00000543_P0994,improvised/train/0018/0007/V00_S0885_I00000543_P0994,improvised/train/0018/0035/V00_S0885_I00000543_P0658A,uniform_improvised,improvised,6679,V00,improvised,train,grounded_gesture,guaranteed_floor:grounded_gesture,"{""avg_fps"": 30.0, ""label_stratum"": ""improvised"", ""npz_frames_min"": 10140, ""npz_status"": ""ok"", ""render_frames"": 300, ""uniform_draw"": 0.000926244, ""valid_frac_box"": 1.0, ""valid_frac_smplh"": 0.959961, ""video_nb_frames"": 10140}",render
v00_151,uniform_improvised_151_V00_S0882_I00000785_P0180A_f0004741,V00_S0882_I00000785_P0180A,improvised/train/0018/0013/V00_S0882_I00000785_P0180A,improvised/train/0018/0029/V00_S0882_I00000785_P0553,uniform_improvised,improvised,4741,V00,improvised,train,grounded_gesture,guaranteed_floor:grounded_gesture,"{""avg_fps"": 30.0, ""label_stratum"": ""improvised"", ""npz_frames_min"": 9840, ""npz_status"": ""ok"", ""render_frames"": 300, ""uniform_draw"": 0.001722757, ""valid_frac_box"": 1.0, ""valid_frac_smplh"": 0.997764, ""video_nb_frames"": 9840}",render
v00_152,uniform_improvised_152_V00_S0680_I00000520_P0833_f0004799,V00_S0680_I00000520_P0833,improvised/train/0013/0012/V00_S0680_I00000520_P0833,improvised/train/0013/0006/V00_S0680_I00000520_P0658A,uniform_improvised,improvised,4799,V00,improvised,train,grounded_gesture,guaranteed_floor:grounded_gesture,"{""avg_fps"": 30.0, ""label_stratum"": ""improvised"", ""npz_frames_min"": 5460, ""npz_status"": ""ok"", ""render_frames"": 300, ""uniform_draw"": 0.002676946, ""valid_frac_box"": 1.0, ""valid_frac_smplh"": 1.0, ""video_nb_frames"": 5460}",render
v00_153,uniform_improvised_153_V00_S0258_I00000497_P0006A_f0004178,V00_S0258_I00000497_P0006A,improvised/train/0006/0035/V00_S0258_I00000497_P0006A,improvised/train/0006/0013/V00_S0258_I00000497_P0355,uniform_improvised,improvised,4178,V00,improvised,train,grounded_gesture,guaranteed_floor:grounded_gesture,"{""avg_fps"": 30.0, ""label_stratum"": ""improvised"", ""npz_frames_min"": 7740, ""npz_status"": ""ok"", ""render_frames"": 300, ""uniform_draw"": 0.007096729, ""valid_frac_box"": 1.0, ""valid_frac_smplh"": 0.989018, ""video_nb_frames"": 7740}",render
v00_154,uniform_improvised_154_V00_S0201_I00000785_P0027A_f0003378,V00_S0201_I00000785_P0027A,improvised/train/0004/0007/V00_S0201_I00000785_P0027A,improvised/train/0004/0018/V00_S0201_I00000785_P0272,uniform_improvised,improvised,3378,V00,improvised,train,grounded_gesture,guaranteed_floor:grounded_gesture,"{""avg_fps"": 30.0, ""label_stratum"": ""improvised"", ""npz_frames_min"": 5700, ""npz_status"": ""ok"", ""render_frames"": 300, ""uniform_draw"": 0.008300996, ""valid_frac_box"": 1.0, ""valid_frac_smplh"": 0.993333, ""video_nb_frames"": 5700}",render
v00_155,uniform_improvised_155_V00_S1083_I00001281_P0921A_f0003438,V00_S1083_I00001281_P0921A,improvised/train/0023/0012/V00_S1083_I00001281_P0921A,improvised/train/0023/0057/V00_S1083_I00001281_P0557A,uniform_improvised,improvised,3438,V00,improvised,train,grounded_gesture,guaranteed_floor:grounded_gesture,"{""avg_fps"": 30.0, ""label_stratum"": ""improvised"", ""npz_frames_min"": 3780, ""npz_status"": ""ok"", ""render_frames"": 300, ""uniform_draw"": 0.011870032, ""valid_frac_box"": 1.0, ""valid_frac_smplh"": 0.966402, ""video_nb_frames"": 3780}",render
v00_156,uniform_improvised_156_V00_S0823_I00000520_P0862_f0004576,V00_S0823_I00000520_P0862,improvised/train/0016/0035/V00_S0823_I00000520_P0862,improvised/train/0016/0049/V00_S0823_I00000520_P0027A,uniform_improvised,improvised,4576,V00,improvised,train,grounded_gesture,guaranteed_floor:grounded_gesture,"{""avg_fps"": 30.0, ""label_stratum"": ""improvised"", ""npz_frames_min"": 6120, ""npz_status"": ""ok"", ""render_frames"": 300, ""uniform_draw"": 0.012228437, ""valid_frac_box"": 1.0, ""valid_frac_smplh"": 0.966993, ""video_nb_frames"": 6120}",render
v00_157,uniform_improvised_157_V00_S0071_I00000785_P0106_f0001928,V00_S0071_I00000785_P0106,improvised/train/0001/0023/V00_S0071_I00000785_P0106,,uniform_improvised,improvised,1928,V00,improvised,train,grounded_gesture,guaranteed_floor:grounded_gesture,"{""avg_fps"": 30.0, ""label_stratum"": ""improvised"", ""npz_frames_min"": 7980, ""npz_status"": ""ok"", ""render_frames"": 300, ""uniform_draw"": 0.014192442, ""valid_frac_box"": 1.0, ""valid_frac_smplh"": 0.989098, ""video_nb_frames"": 7980}",render
v00_158,uniform_improvised_158_V00_S0666_I00000785_P0825A_f0005806,V00_S0666_I00000785_P0825A,improvised/train/0012/0017/V00_S0666_I00000785_P0825A,improvised/train/0012/0034/V00_S0666_I00000785_P0823,uniform_improvised,improvised,5806,V00,improvised,train,grounded_gesture,guaranteed_floor:grounded_gesture,"{""avg_fps"": 30.0, ""label_stratum"": ""improvised"", ""npz_frames_min"": 8340, ""npz_status"": ""ok"", ""render_frames"": 300, ""uniform_draw"": 0.01439331, ""valid_frac_box"": 1.0, ""valid_frac_smplh"": 0.983213, ""video_nb_frames"": 8340}",render
v00_159,uniform_improvised_159_V00_S0669_I00000785_P0383A_f0001850,V00_S0669_I00000785_P0383A,improvised/train/0013/0005/V00_S0669_I00000785_P0383A,improvised/train/0013/0045/V00_S0669_I00000785_P0826,uniform_improvised,improvised,1850,V00,improvised,train,grounded_gesture,guaranteed_floor:grounded_gesture,"{""avg_fps"": 30.0, ""label_stratum"": ""improvised"", ""npz_frames_min"": 9660, ""npz_status"": ""ok"", ""render_frames"": 300, ""uniform_draw"": 0.014442802, ""valid_frac_box"": 1.0, ""valid_frac_smplh"": 0.933126, ""video_nb_frames"": 9660}",render
v00_160,uniform_improvised_160_V00_S0376_I00000543_P0499_f0000208,V00_S0376_I00000543_P0499,improvised/train/0008/0028/V00_S0376_I00000543_P0499,improvised/train/0008/0018/V00_S0376_I00000543_P0005A,uniform_improvised,improvised,208,V00,improvised,train,grounded_gesture,guaranteed_floor:grounded_gesture,"{""avg_fps"": 30.0, ""label_stratum"": ""improvised"", ""npz_frames_min"": 10740, ""npz_status"": ""ok"", ""render_frames"": 300, ""uniform_draw"": 0.01791583, ""valid_frac_box"": 1.0, ""valid_frac_smplh"": 0.991806, ""video_nb_frames"": 10740}",render
v00_161,uniform_improvised_161_V00_S0199_I00000785_P0150A_f0005486,V00_S0199_I00000785_P0150A,improvised/train/0004/0029/V00_S0199_I00000785_P0150A,improvised/train/0004/0033/V00_S0199_I00000785_P0270,uniform_improvised,improvised,5486,V00,improvised,train,grounded_gesture,guaranteed_floor:grounded_gesture,"{""avg_fps"": 30.0, ""label_stratum"": ""improvised"", ""npz_frames_min"": 6300, ""npz_status"": ""ok"", ""render_frames"": 300, ""uniform_draw"": 0.018510215, ""valid_frac_box"": 1.0, ""valid_frac_smplh"": 1.0, ""video_nb_frames"": 6300}",render
v00_162,uniform_improvised_162_V00_S0134_I00000520_P0195_f0000368,V00_S0134_I00000520_P0195,improvised/train/0002/0025/V00_S0134_I00000520_P0195,improvised/train/0002/0034/V00_S0134_I00000520_P0003A,uniform_improvised,improvised,368,V00,improvised,train,grounded_gesture,guaranteed_floor:grounded_gesture,"{""avg_fps"": 30.0, ""label_stratum"": ""improvised"", ""npz_frames_min"": 9840, ""npz_status"": ""ok"", ""render_frames"": 300, ""uniform_draw"": 0.021231168, ""valid_frac_box"": 1.0, ""valid_frac_smplh"": 0.996951, ""video_nb_frames"": 9840}",render
v00_163,uniform_improvised_163_V00_S1134_I00000526_P0047_f0002756,V00_S1134_I00000526_P0047,improvised/train/0024/0028/V00_S1134_I00000526_P0047,improvised/train/0024/0056/V00_S1134_I00000526_P0437A,uniform_improvised,improvised,2756,V00,improvised,train,grounded_gesture,guaranteed_floor:grounded_gesture,"{""avg_fps"": 30.0, ""label_stratum"": ""improvised"", ""npz_frames_min"": 8880, ""npz_status"": ""ok"", ""render_frames"": 300, ""uniform_draw"": 0.023460058, ""valid_frac_box"": 1.0, ""valid_frac_smplh"": 0.9875, ""video_nb_frames"": 8880}",render
v00_164,uniform_improvised_164_V00_S0238_I00000543_P0316_f0009042,V00_S0238_I00000543_P0316,improvised/train/0005/0021/V00_S0238_I00000543_P0316,improvised/train/0005/0032/V00_S0238_I00000543_P0150A,uniform_improvised,improvised,9042,V00,improvised,train,grounded_gesture,guaranteed_floor:grounded_gesture,"{""avg_fps"": 30.0, ""label_stratum"": ""improvised"", ""npz_frames_min"": 13200, ""npz_status"": ""ok"", ""render_frames"": 300, ""uniform_draw"": 0.024852832, ""valid_frac_box"": 1.0, ""valid_frac_smplh"": 0.995758, ""video_nb_frames"": 13200}",render
v00_165,uniform_improvised_165_V00_S0649_I00000543_P0802_f0000268,V00_S0649_I00000543_P0802,improvised/train/0012/0019/V00_S0649_I00000543_P0802,improvised/train/0012/0024/V00_S0649_I00000543_P0262A,uniform_improvised,improvised,268,V00,improvised,train,grounded_gesture,guaranteed_floor:grounded_gesture,"{""avg_fps"": 30.0, ""label_stratum"": ""improvised"", ""npz_frames_min"": 7740, ""npz_status"": ""ok"", ""render_frames"": 300, ""uniform_draw"": 0.028213652, ""valid_frac_box"": 1.0, ""valid_frac_smplh"": 1.0, ""video_nb_frames"": 7740}",render
v00_166,uniform_improvised_166_V00_S0859_I00000543_P0975_f0003783,V00_S0859_I00000543_P0975,improvised/train/0017/0018/V00_S0859_I00000543_P0975,improvised/train/0017/0000/V00_S0859_I00000543_P0658A,uniform_improvised,improvised,3783,V00,improvised,train,grounded_gesture,guaranteed_floor:grounded_gesture,"{""avg_fps"": 30.0, ""label_stratum"": ""improvised"", ""npz_frames_min"": 4920, ""npz_status"": ""ok"", ""render_frames"": 300, ""uniform_draw"": 0.028602844, ""valid_frac_box"": 1.0, ""valid_frac_smplh"": 0.969106, ""video_nb_frames"": 4920}",render
v00_167,uniform_improvised_167_V00_S0837_I00000785_P0920A_f0005097,V00_S0837_I00000785_P0920A,improvised/train/0017/0022/V00_S0837_I00000785_P0920A,improvised/train/0017/0066/V00_S0837_I00000785_P0965,uniform_improvised,improvised,5097,V00,improvised,train,grounded_gesture,guaranteed_floor:grounded_gesture,"{""avg_fps"": 30.0, ""label_stratum"": ""improvised"", ""npz_frames_min"": 9960, ""npz_status"": ""ok"", ""render_frames"": 300, ""uniform_draw"": 0.029230174, ""valid_frac_box"": 1.0, ""valid_frac_smplh"": 0.993574, ""video_nb_frames"": 9960}",render
v00_168,uniform_improvised_168_V00_S0043_I00000520_P0065_f0004470,V00_S0043_I00000520_P0065,improvised/train/0000/0016/V00_S0043_I00000520_P0065,improvised/train/0000/0027/V00_S0043_I00000520_P0040A,uniform_improvised,improvised,4470,V00,improvised,train,grounded_gesture,guaranteed_floor:grounded_gesture,"{""avg_fps"": 30.0, ""label_stratum"": ""improvised"", ""npz_frames_min"": 6480, ""npz_status"": ""ok"", ""render_frames"": 300, ""uniform_draw"": 0.030327467, ""valid_frac_box"": 1.0, ""valid_frac_smplh"": 0.99321, ""video_nb_frames"": 6480}",render
v00_169,uniform_improvised_169_V00_S0483_I00000520_P0250A_f0005957,V00_S0483_I00000520_P0250A,improvised/train/0010/0032/V00_S0483_I00000520_P0250A,improvised/train/0010/0025/V00_S0483_I00000520_P0070,uniform_improvised,improvised,5957,V00,improvised,train,grounded_gesture,guaranteed_floor:grounded_gesture,"{""avg_fps"": 30.0, ""label_stratum"": ""improvised"", ""npz_frames_min"": 8340, ""npz_status"": ""ok"", ""render_frames"": 300, ""uniform_draw"": 0.032054899, ""valid_frac_box"": 1.0, ""valid_frac_smplh"": 0.989688, ""video_nb_frames"": 8340}",render
v00_170,uniform_improvised_170_V00_S0977_I00000225_P0845A_f0004062,V00_S0977_I00000225_P0845A,improvised/train/0020/0008/V00_S0977_I00000225_P0845A,improvised/train/0020/0064/V00_S0977_I00000225_P1048,uniform_improvised,improvised,4062,V00,improvised,train,grounded_gesture,guaranteed_floor:grounded_gesture,"{""avg_fps"": 30.0, ""label_stratum"": ""improvised"", ""npz_frames_min"": 4920, ""npz_status"": ""ok"", ""render_frames"": 300, ""uniform_draw"": 0.033475865, ""valid_frac_box"": 1.0, ""valid_frac_smplh"": 0.999797, ""video_nb_frames"": 4920}",render
v00_171,uniform_improvised_171_V00_S0605_I00000520_P0069_f0005484,V00_S0605_I00000520_P0069,improvised/train/0011/0002/V00_S0605_I00000520_P0069,improvised/train/0011/0042/V00_S0605_I00000520_P0229A,uniform_improvised,improvised,5484,V00,improvised,train,grounded_gesture,guaranteed_floor:grounded_gesture,"{""avg_fps"": 30.0, ""label_stratum"": ""improvised"", ""npz_frames_min"": 8040, ""npz_status"": ""ok"", ""render_frames"": 300, ""uniform_draw"": 0.033787596, ""valid_frac_box"": 1.0, ""valid_frac_smplh"": 1.0, ""video_nb_frames"": 8040}",render
v00_172,uniform_improvised_172_V00_S0486_I00000543_P0229A_f0006329,V00_S0486_I00000543_P0229A,improvised/train/0010/0027/V00_S0486_I00000543_P0229A,improvised/train/0010/0020/V00_S0486_I00000543_P0622,uniform_improvised,improvised,6329,V00,improvised,train,grounded_gesture,guaranteed_floor:grounded_gesture,"{""avg_fps"": 30.0, ""label_stratum"": ""improvised"", ""npz_frames_min"": 8100, ""npz_status"": ""ok"", ""render_frames"": 300, ""uniform_draw"": 0.033810062, ""valid_frac_box"": 1.0, ""valid_frac_smplh"": 1.0, ""video_nb_frames"": 8100}",render
v00_173,uniform_improvised_173_V00_S0362_I00000543_P0486_f0004925,V00_S0362_I00000543_P0486,improvised/train/0008/0027/V00_S0362_I00000543_P0486,improvised/train/0008/0046/V00_S0362_I00000543_P0059A,uniform_improvised,improvised,4925,V00,improvised,train,grounded_gesture,guaranteed_floor:grounded_gesture,"{""avg_fps"": 30.0, ""label_stratum"": ""improvised"", ""npz_frames_min"": 11220, ""npz_status"": ""ok"", ""render_frames"": 300, ""uniform_draw"": 0.03459718, ""valid_frac_box"": 1.0, ""valid_frac_smplh"": 0.995365, ""video_nb_frames"": 11220}",render
v00_174,uniform_improvised_174_V00_S0745_I00000520_P0893_f0007689,V00_S0745_I00000520_P0893,improvised/train/0014/0041/V00_S0745_I00000520_P0893,improvised/train/0014/0036/V00_S0745_I00000520_P0241A,uniform_improvised,improvised,7689,V00,improvised,train,grounded_gesture,guaranteed_floor:grounded_gesture,"{""avg_fps"": 30.0, ""label_stratum"": ""improvised"", ""npz_frames_min"": 10680, ""npz_status"": ""ok"", ""render_frames"": 300, ""uniform_draw"": 0.034874835, ""valid_frac_box"": 1.0, ""valid_frac_smplh"": 1.0, ""video_nb_frames"": 10680}",render
v00_175,uniform_improvised_175_V00_S1736_I00000704_P1106A_f0002374,V00_S1736_I00000704_P1106A,improvised/train/0042/0031/V00_S1736_I00000704_P1106A,improvised/train/0042/0047/V00_S1736_I00000704_P0893A,uniform_improvised,improvised,2374,V00,improvised,train,ipc_conversation,uniform random within V00 improvised,"{""avg_fps"": 30.0, ""label_stratum"": ""improvised"", ""npz_frames_min"": 10320, ""npz_status"": ""ok"", ""render_frames"": 300, ""uniform_draw"": 1.5847e-05, ""valid_frac_box"": 1.0, ""valid_frac_smplh"": 0.990116, ""video_nb_frames"": 10320}",render
v00_176,uniform_improvised_176_V00_S1438_I00001062_P0921A_f0009038,V00_S1438_I00001062_P0921A,improvised/train/0033/0034/V00_S1438_I00001062_P0921A,improvised/train/0033/0029/V00_S1438_I00001062_P0878A,uniform_improvised,improvised,9038,V00,improvised,train,ipc_conversation,uniform random within V00 improvised,"{""avg_fps"": 30.0, ""label_stratum"": ""improvised"", ""npz_frames_min"": 11100, ""npz_status"": ""ok"", ""render_frames"": 300, ""uniform_draw"": 2.0198e-05, ""valid_frac_box"": 1.0, ""valid_frac_smplh"": 0.996396, ""video_nb_frames"": 11100}",render
v00_177,uniform_improvised_177_V00_S0295_I00000371_P0398_f0004786,V00_S0295_I00000371_P0398,improvised/train/0007/0006/V00_S0295_I00000371_P0398,improvised/train/0007/0011/V00_S0295_I00000371_P0028A,uniform_improvised,improvised,4786,V00,improvised,train,ipc_conversation,uniform random within V00 improvised,"{""avg_fps"": 30.0, ""label_stratum"": ""improvised"", ""npz_frames_min"": 5220, ""npz_status"": ""ok"", ""render_frames"": 300, ""uniform_draw"": 7.212e-05, ""valid_frac_box"": 1.0, ""valid_frac_smplh"": 0.99272, ""video_nb_frames"": 5220}",render
v00_178,uniform_improvised_178_V00_S0425_I00000850_P0193A_f0001519,V00_S0425_I00000850_P0193A,improvised/train/0009/0007/V00_S0425_I00000850_P0193A,improvised/train/0009/0017/V00_S0425_I00000850_P0383A,uniform_improvised,improvised,1519,V00,improvised,train,ipc_conversation,uniform random within V00 improvised,"{""avg_fps"": 30.0, ""label_stratum"": ""improvised"", ""npz_frames_min"": 5040, ""npz_status"": ""ok"", ""render_frames"": 300, ""uniform_draw"": 7.7187e-05, ""valid_frac_box"": 1.0, ""valid_frac_smplh"": 0.992063, ""video_nb_frames"": 5040}",render
v00_179,uniform_improvised_179_V00_S0172_I00000504_P0012_f0000206,V00_S0172_I00000504_P0012,improvised/train/0004/0001/V00_S0172_I00000504_P0012,improvised/train/0004/0021/V00_S0172_I00000504_P0027A,uniform_improvised,improvised,206,V00,improvised,train,ipc_conversation,uniform random within V00 improvised,"{""avg_fps"": 30.0, ""label_stratum"": ""improvised"", ""npz_frames_min"": 7200, ""npz_status"": ""ok"", ""render_frames"": 300, ""uniform_draw"": 0.000127156, ""valid_frac_box"": 1.0, ""valid_frac_smplh"": 1.0, ""video_nb_frames"": 7200}",render
v00_180,uniform_improvised_180_V00_S0976_I00001043_P0407A_f0003359,V00_S0976_I00001043_P0407A,improvised/train/0020/0007/V00_S0976_I00001043_P0407A,improvised/train/0020/0032/V00_S0976_I00001043_P0210A,uniform_improvised,improvised,3359,V00,improvised,train,ipc_conversation,uniform random within V00 improvised,"{""avg_fps"": 30.0, ""label_stratum"": ""improvised"", ""npz_frames_min"": 6000, ""npz_status"": ""ok"", ""render_frames"": 300, ""uniform_draw"": 0.000178592, ""valid_frac_box"": 1.0, ""valid_frac_smplh"": 0.9985, ""video_nb_frames"": 6000}",render
v00_181,uniform_improvised_181_V00_S1577_I00001182_P0878A_f0002923,V00_S1577_I00001182_P0878A,improvised/train/0037/0026/V00_S1577_I00001182_P0878A,improvised/train/0037/0021/V00_S1577_I00001182_P1094A,uniform_improvised,improvised,2923,V00,improvised,train,ipc_conversation,uniform random within V00 improvised,"{""avg_fps"": 30.0, ""label_stratum"": ""improvised"", ""npz_frames_min"": 8580, ""npz_status"": ""ok"", ""render_frames"": 300, ""uniform_draw"": 0.00029037, ""valid_frac_box"": 0.99359, ""valid_frac_smplh"": 0.990443, ""video_nb_frames"": 8580}",render
v00_182,uniform_improvised_182_V00_S0486_I00000545_P0622_f0003872,V00_S0486_I00000545_P0622,improvised/train/0010/0008/V00_S0486_I00000545_P0622,improvised/train/0010/0051/V00_S0486_I00000545_P0229A,uniform_improvised,improvised,3872,V00,improvised,train,ipc_conversation,uniform random within V00 improvised,"{""avg_fps"": 30.0, ""label_stratum"": ""improvised"", ""npz_frames_min"": 4260, ""npz_status"": ""ok"", ""render_frames"": 300, ""uniform_draw"": 0.000311795, ""valid_frac_box"": 1.0, ""valid_frac_smplh"": 0.997887, ""video_nb_frames"": 4260}",render
v00_183,uniform_improvised_183_V00_S0488_I00000542_P0623_f0001634,V00_S0488_I00000542_P0623,improvised/train/0010/0046/V00_S0488_I00000542_P0623,improvised/train/0010/0021/V00_S0488_I00000542_P0262A,uniform_improvised,improvised,1634,V00,improvised,train,ipc_conversation,uniform random within V00 improvised,"{""avg_fps"": 30.0, ""label_stratum"": ""improvised"", ""npz_frames_min"": 2880, ""npz_status"": ""ok"", ""render_frames"": 300, ""uniform_draw"": 0.000316675, ""valid_frac_box"": 1.0, ""valid_frac_smplh"": 1.0, ""video_nb_frames"": 2880}",render
v00_184,uniform_improvised_184_V00_S0545_I00000307_P0682A_f0001121,V00_S0545_I00000307_P0682A,improvised/train/0011/0002/V00_S0545_I00000307_P0682A,improvised/train/0011/0013/V00_S0545_I00000307_P0058,uniform_improvised,improvised,1121,V00,improvised,train,ipc_conversation,uniform random within V00 improvised,"{""avg_fps"": 30.0, ""label_stratum"": ""improvised"", ""npz_frames_min"": 2760, ""npz_status"": ""ok"", ""render_frames"": 300, ""uniform_draw"": 0.00034038, ""valid_frac_box"": 1.0, ""valid_frac_smplh"": 1.0, ""video_nb_frames"": 2760}",render
v00_185,uniform_improvised_185_V00_S1419_I00001203_P1094A_f0002572,V00_S1419_I00001203_P1094A,improvised/train/0033/0005/V00_S1419_I00001203_P1094A,improvised/train/0033/0042/V00_S1419_I00001203_P1114A,uniform_improvised,improvised,2572,V00,improvised,train,ipc_conversation,uniform random within V00 improvised,"{""avg_fps"": 30.0, ""label_stratum"": ""improvised"", ""npz_frames_min"": 7200, ""npz_status"": ""ok"", ""render_frames"": 300, ""uniform_draw"": 0.000433925, ""valid_frac_box"": 1.0, ""valid_frac_smplh"": 0.999167, ""video_nb_frames"": 7200}",render
v00_186,uniform_improvised_186_V00_S1185_I00001175_P1106A_f0002434,V00_S1185_I00001175_P1106A,improvised/train/0026/0045/V00_S1185_I00001175_P1106A,improvised/train/0026/0030/V00_S1185_I00001175_P0935A,uniform_improvised,improvised,2434,V00,improvised,train,ipc_conversation,uniform random within V00 improvised,"{""avg_fps"": 30.0, ""label_stratum"": ""improvised"", ""npz_frames_min"": 7200, ""npz_status"": ""ok"", ""render_frames"": 300, ""uniform_draw"": 0.000465993, ""valid_frac_box"": 1.0, ""valid_frac_smplh"": 0.988889, ""video_nb_frames"": 7200}",render
v00_187,uniform_improvised_187_V00_S0229_I00000138_P0029A_f0000139,V00_S0229_I00000138_P0029A,improvised/train/0005/0005/V00_S0229_I00000138_P0029A,improvised/train/0005/0012/V00_S0229_I00000138_P0315,uniform_improvised,improvised,139,V00,improvised,train,ipc_conversation,uniform random within V00 improvised,"{""avg_fps"": 30.0, ""label_stratum"": ""improvised"", ""npz_frames_min"": 1800, ""npz_status"": ""ok"", ""render_frames"": 300, ""uniform_draw"": 0.00051121, ""valid_frac_box"": 1.0, ""valid_frac_smplh"": 1.0, ""video_nb_frames"": 1800}",render
v00_188,uniform_improvised_188_V00_S2060_I00000671_P1318A_f0001664,V00_S2060_I00000671_P1318A,improvised/train/0049/0034/V00_S2060_I00000671_P1318A,improvised/train/0049/0045/V00_S2060_I00000671_P1317A,uniform_improvised,improvised,1664,V00,improvised,train,ipc_conversation,uniform random within V00 improvised,"{""avg_fps"": 30.0, ""label_stratum"": ""improvised"", ""npz_frames_min"": 6960, ""npz_status"": ""ok"", ""render_frames"": 300, ""uniform_draw"": 0.000538565, ""valid_frac_box"": 1.0, ""valid_frac_smplh"": 1.0, ""video_nb_frames"": 6960}",render
v00_189,uniform_improvised_189_V00_S0877_I00000538_P0028A_f0002731,V00_S0877_I00000538_P0028A,improvised/train/0018/0012/V00_S0877_I00000538_P0028A,improvised/train/0018/0000/V00_S0877_I00000538_P0989,uniform_improvised,improvised,2731,V00,improvised,train,ipc_conversation,uniform random within V00 improvised,"{""avg_fps"": 30.0, ""label_stratum"": ""improvised"", ""npz_frames_min"": 6180, ""npz_status"": ""ok"", ""render_frames"": 300, ""uniform_draw"": 0.000600638, ""valid_frac_box"": 1.0, ""valid_frac_smplh"": 1.0, ""video_nb_frames"": 6180}",render
v00_190,uniform_improvised_190_V00_S0165_I00000545_P0235_f0003401,V00_S0165_I00000545_P0235,improvised/train/0003/0013/V00_S0165_I00000545_P0235,improvised/train/0003/0023/V00_S0165_I00000545_P0150A,uniform_improvised,improvised,3401,V00,improvised,train,ipc_conversation,uniform random within V00 improvised,"{""avg_fps"": 30.0, ""label_stratum"": ""improvised"", ""npz_frames_min"": 3960, ""npz_status"": ""ok"", ""render_frames"": 300, ""uniform_draw"": 0.000629785, ""valid_frac_box"": 1.0, ""valid_frac_smplh"": 0.992424, ""video_nb_frames"": 3960}",render
v00_191,uniform_improvised_191_V00_S1238_I00001040_P0682A_f0009132,V00_S1238_I00001040_P0682A,improvised/train/0027/0060/V00_S1238_I00001040_P0682A,improvised/train/0027/0059/V00_S1238_I00001040_P0028A,uniform_improvised,improvised,9132,V00,improvised,train,ipc_conversation,uniform random within V00 improvised,"{""avg_fps"": 30.0, ""label_stratum"": ""improvised"", ""npz_frames_min"": 10260, ""npz_status"": ""ok"", ""render_frames"": 300, ""uniform_draw"": 0.000769038, ""valid_frac_box"": 1.0, ""valid_frac_smplh"": 1.0, ""video_nb_frames"": 10260}",render
v00_192,uniform_improvised_192_V00_S1720_I00000671_P1024A_f0004434,V00_S1720_I00000671_P1024A,improvised/train/0042/0039/V00_S1720_I00000671_P1024A,improvised/train/0042/0057/V00_S1720_I00000671_P1047A,uniform_improvised,improvised,4434,V00,improvised,train,ipc_conversation,uniform random within V00 improvised,"{""avg_fps"": 30.0, ""label_stratum"": ""improvised"", ""npz_frames_min"": 9900, ""npz_status"": ""ok"", ""render_frames"": 300, ""uniform_draw"": 0.000833325, ""valid_frac_box"": 1.0, ""valid_frac_smplh"": 0.933939, ""video_nb_frames"": 9900}",render
v00_193,uniform_improvised_193_V00_S2047_I00001049_P1304A_f0002184,V00_S2047_I00001049_P1304A,improvised/test/0000/0039/V00_S2047_I00001049_P1304A,improvised/test/0000/0017/V00_S2047_I00001049_P1305A,uniform_improvised,improvised,2184,V00,improvised,test,ipc_conversation,uniform random within V00 improvised,"{""avg_fps"": 30.0, ""label_stratum"": ""improvised"", ""npz_frames_min"": 6540, ""npz_status"": ""ok"", ""render_frames"": 300, ""uniform_draw"": 0.000881631, ""valid_frac_box"": 1.0, ""valid_frac_smplh"": 0.998318, ""video_nb_frames"": 6540}",render
v00_194,uniform_improvised_194_V00_S1435_I00001032_P0955A_f0009291,V00_S1435_I00001032_P0955A,improvised/train/0033/0017/V00_S1435_I00001032_P0955A,improvised/train/0033/0042/V00_S1435_I00001032_P1115A,uniform_improvised,improvised,9291,V00,improvised,train,ipc_conversation,uniform random within V00 improvised,"{""avg_fps"": 30.0, ""label_stratum"": ""improvised"", ""npz_frames_min"": 11580, ""npz_status"": ""ok"", ""render_frames"": 300, ""uniform_draw"": 0.001040723, ""valid_frac_box"": 1.0, ""valid_frac_smplh"": 0.956822, ""video_nb_frames"": 11580}",render
v00_195,uniform_improvised_195_V00_S1507_I00000667_P1114A_f0005511,V00_S1507_I00000667_P1114A,improvised/train/0035/0021/V00_S1507_I00000667_P1114A,improvised/train/0035/0058/V00_S1507_I00000667_P1115A,uniform_improvised,improvised,5511,V00,improvised,train,ipc_conversation,uniform random within V00 improvised,"{""avg_fps"": 30.0, ""label_stratum"": ""improvised"", ""npz_frames_min"": 7740, ""npz_status"": ""ok"", ""render_frames"": 300, ""uniform_draw"": 0.001137755, ""valid_frac_box"": 1.0, ""valid_frac_smplh"": 1.0, ""video_nb_frames"": 7740}",render
v00_196,uniform_improvised_196_V00_S0949_I00000812_P0059A_f0006190,V00_S0949_I00000812_P0059A,improvised/train/0020/0026/V00_S0949_I00000812_P0059A,improvised/train/0020/0057/V00_S0949_I00000812_P0006A,uniform_improvised,improvised,6190,V00,improvised,train,ipc_conversation,uniform random within V00 improvised,"{""avg_fps"": 30.0, ""label_stratum"": ""improvised"", ""npz_frames_min"": 14100, ""npz_status"": ""ok"", ""render_frames"": 300, ""uniform_draw"": 0.001210657, ""valid_frac_box"": 0.991631, ""valid_frac_smplh"": 0.937305, ""video_nb_frames"": 14100}",render
v00_197,uniform_improvised_197_V00_S1280_I00000693_P1103A_f0006058,V00_S1280_I00000693_P1103A,improvised/train/0029/0055/V00_S1280_I00000693_P1103A,improvised/train/0029/0038/V00_S1280_I00000693_P0789,uniform_improvised,improvised,6058,V00,improvised,train,ipc_conversation,uniform random within V00 improvised,"{""avg_fps"": 30.0, ""label_stratum"": ""improvised"", ""npz_frames_min"": 13260, ""npz_status"": ""ok"", ""render_frames"": 300, ""uniform_draw"": 0.001240015, ""valid_frac_box"": 1.0, ""valid_frac_smplh"": 1.0, ""video_nb_frames"": 13260}",render
v00_198,uniform_improvised_198_V00_S0205_I00000484_P0274_f0000431,V00_S0205_I00000484_P0274,improvised/train/0005/0028/V00_S0205_I00000484_P0274,improvised/train/0005/0008/V00_S0205_I00000484_P0027A,uniform_improvised,improvised,431,V00,improvised,train,ipc_conversation,uniform random within V00 improvised,"{""avg_fps"": 30.0, ""label_stratum"": ""improvised"", ""npz_frames_min"": 6540, ""npz_status"": ""ok"", ""render_frames"": 300, ""uniform_draw"": 0.001272118, ""valid_frac_box"": 1.0, ""valid_frac_smplh"": 0.990367, ""video_nb_frames"": 6540}",render
v00_199,uniform_improvised_199_V00_S1313_I00001210_P0107A_f0009142,V00_S1313_I00001210_P0107A,improvised/train/0030/0052/V00_S1313_I00001210_P0107A,improvised/train/0030/0017/V00_S1313_I00001210_P1124A,uniform_improvised,improvised,9142,V00,improvised,train,ipc_conversation,uniform random within V00 improvised,"{""avg_fps"": 30.0, ""label_stratum"": ""improvised"", ""npz_frames_min"": 10980, ""npz_status"": ""ok"", ""render_frames"": 300, ""uniform_draw"": 0.001306432, ""valid_frac_box"": 1.0, ""valid_frac_smplh"": 0.996357, ""video_nb_frames"": 10980}",render
v00_200,uniform_improvised_200_V00_S2062_I00001138_P1319A_f0005755,V00_S2062_I00001138_P1319A,improvised/train/0049/0015/V00_S2062_I00001138_P1319A,improvised/train/0049/0030/V00_S2062_I00001138_P1320A,uniform_improvised,improvised,5755,V00,improvised,train,ipc_conversation,uniform random within V00 improvised,"{""avg_fps"": 30.0, ""label_stratum"": ""improvised"", ""npz_frames_min"": 7380, ""npz_status"": ""ok"", ""render_frames"": 300, ""uniform_draw"": 0.001330787, ""valid_frac_box"": 1.0, ""valid_frac_smplh"": 0.994851, ""video_nb_frames"": 7380}",render
v00_201,uniform_improvised_201_V00_S0483_I00000575_P0070_f0000349,V00_S0483_I00000575_P0070,improvised/train/0010/0005/V00_S0483_I00000575_P0070,improvised/train/0010/0025/V00_S0483_I00000575_P0250A,uniform_improvised,improvised,349,V00,improvised,train,ipc_conversation,uniform random within V00 improvised,"{""avg_fps"": 30.0, ""label_stratum"": ""improvised"", ""npz_frames_min"": 5280, ""npz_status"": ""ok"", ""render_frames"": 300, ""uniform_draw"": 0.001377566, ""valid_frac_box"": 1.0, ""valid_frac_smplh"": 0.807765, ""video_nb_frames"": 5280}",render
v00_202,uniform_improvised_202_V00_S1141_I00001209_P0464A_f0004480,V00_S1141_I00001209_P0464A,improvised/train/0025/0065/V00_S1141_I00001209_P0464A,improvised/train/0025/0056/V00_S1141_I00001209_P0869A,uniform_improvised,improvised,4480,V00,improvised,train,ipc_conversation,uniform random within V00 improvised,"{""avg_fps"": 30.0, ""label_stratum"": ""improvised"", ""npz_frames_min"": 10200, ""npz_status"": ""ok"", ""render_frames"": 300, ""uniform_draw"": 0.001382667, ""valid_frac_box"": 0.995784, ""valid_frac_smplh"": 0.99451, ""video_nb_frames"": 10200}",render
v00_203,uniform_improvised_203_V00_S0854_I00000879_P0935A_f0011151,V00_S0854_I00000879_P0935A,improvised/train/0017/0014/V00_S0854_I00000879_P0935A,improvised/train/0017/0020/V00_S0854_I00000879_P0976A,uniform_improvised,improvised,11151,V00,improvised,train,ipc_conversation,uniform random within V00 improvised,"{""avg_fps"": 30.0, ""label_stratum"": ""improvised"", ""npz_frames_min"": 13740, ""npz_status"": ""ok"", ""render_frames"": 300, ""uniform_draw"": 0.001469977, ""valid_frac_box"": 1.0, ""valid_frac_smplh"": 0.994178, ""video_nb_frames"": 13740}",render
v00_204,uniform_improvised_204_V00_S0198_I00000580_P0269_f0002043,V00_S0198_I00000580_P0269,improvised/train/0004/0021/V00_S0198_I00000580_P0269,improvised/train/0004/0035/V00_S0198_I00000580_P0005A,uniform_improvised,improvised,2043,V00,improvised,train,ipc_conversation,uniform random within V00 improvised,"{""avg_fps"": 30.0, ""label_stratum"": ""improvised"", ""npz_frames_min"": 4380, ""npz_status"": ""ok"", ""render_frames"": 300, ""uniform_draw"": 0.001477074, ""valid_frac_box"": 1.0, ""valid_frac_smplh"": 0.98379, ""video_nb_frames"": 4380}",render
v00_205,uniform_improvised_205_V00_S1202_I00001061_P0388A_f0007218,V00_S1202_I00001061_P0388A,improvised/train/0026/0036/V00_S1202_I00001061_P0388A,improvised/train/0026/0047/V00_S1202_I00001061_P0196A,uniform_improvised,improvised,7218,V00,improvised,train,ipc_conversation,uniform random within V00 improvised,"{""avg_fps"": 30.0, ""label_stratum"": ""improvised"", ""npz_frames_min"": 11700, ""npz_status"": ""ok"", ""render_frames"": 300, ""uniform_draw"": 0.001505886, ""valid_frac_box"": 1.0, ""valid_frac_smplh"": 0.548205, ""video_nb_frames"": 11700}",render
v00_206,uniform_improvised_206_V00_S1314_I00001038_P0437A_f0008474,V00_S1314_I00001038_P0437A,improvised/train/0030/0044/V00_S1314_I00001038_P0437A,improvised/train/0030/0003/V00_S1314_I00001038_P1094A,uniform_improvised,improvised,8474,V00,improvised,train,ipc_conversation,uniform random within V00 improvised,"{""avg_fps"": 30.0, ""label_stratum"": ""improvised"", ""npz_frames_min"": 12060, ""npz_status"": ""ok"", ""render_frames"": 300, ""uniform_draw"": 0.001533948, ""valid_frac_box"": 1.0, ""valid_frac_smplh"": 0.982172, ""video_nb_frames"": 12060}",render
v00_207,uniform_improvised_207_V00_S1720_I00000677_P1024A_f0001270,V00_S1720_I00000677_P1024A,improvised/train/0042/0013/V00_S1720_I00000677_P1024A,improvised/train/0042/0034/V00_S1720_I00000677_P1047A,uniform_improvised,improvised,1270,V00,improvised,train,ipc_conversation,uniform random within V00 improvised,"{""avg_fps"": 30.0, ""label_stratum"": ""improvised"", ""npz_frames_min"": 8640, ""npz_status"": ""ok"", ""render_frames"": 300, ""uniform_draw"": 0.001792356, ""valid_frac_box"": 1.0, ""valid_frac_smplh"": 0.970949, ""video_nb_frames"": 8640}",render
v00_208,uniform_improvised_208_V00_S0696_I00000375_P0844A_f0004835,V00_S0696_I00000375_P0844A,improvised/dev/0000/0002/V00_S0696_I00000375_P0844A,improvised/dev/0000/0036/V00_S0696_I00000375_P0847,uniform_improvised,improvised,4835,V00,improvised,dev,ipc_conversation,uniform random within V00 improvised,"{""avg_fps"": 30.0, ""label_stratum"": ""improvised"", ""npz_frames_min"": 6060, ""npz_status"": ""ok"", ""render_frames"": 300, ""uniform_draw"": 0.001813187, ""valid_frac_box"": 1.0, ""valid_frac_smplh"": 1.0, ""video_nb_frames"": 6060}",render
v00_209,uniform_improvised_209_V00_S1869_I00001097_P1155A_f0002811,V00_S1869_I00001097_P1155A,improvised/train/0046/0002/V00_S1869_I00001097_P1155A,improvised/train/0046/0014/V00_S1869_I00001097_P1154A,uniform_improvised,improvised,2811,V00,improvised,train,ipc_conversation,uniform random within V00 improvised,"{""avg_fps"": 30.0, ""label_stratum"": ""improvised"", ""npz_frames_min"": 10080, ""npz_status"": ""ok"", ""render_frames"": 300, ""uniform_draw"": 0.001840007, ""valid_frac_box"": 1.0, ""valid_frac_smplh"": 0.988492, ""video_nb_frames"": 10080}",render
v00_210,uniform_improvised_210_V00_S0375_I00000542_P0498_f0002829,V00_S0375_I00000542_P0498,improvised/train/0008/0032/V00_S0375_I00000542_P0498,improvised/train/0008/0016/V00_S0375_I00000542_P0040A,uniform_improvised,improvised,2829,V00,improvised,train,ipc_conversation,uniform random within V00 improvised,"{""avg_fps"": 30.0, ""label_stratum"": ""improvised"", ""npz_frames_min"": 3900, ""npz_status"": ""ok"", ""render_frames"": 300, ""uniform_draw"": 0.001911347, ""valid_frac_box"": 1.0, ""valid_frac_smplh"": 1.0, ""video_nb_frames"": 3900}",render
v00_211,uniform_improvised_211_V00_S0364_I00000377_P0488_f0001076,V00_S0364_I00000377_P0488,improvised/train/0008/0041/V00_S0364_I00000377_P0488,improvised/train/0008/0047/V00_S0364_I00000377_P0005A,uniform_improvised,improvised,1076,V00,improvised,train,ipc_conversation,uniform random within V00 improvised,"{""avg_fps"": 30.0, ""label_stratum"": ""improvised"", ""npz_frames_min"": 8820, ""npz_status"": ""ok"", ""render_frames"": 300, ""uniform_draw"": 0.001913443, ""valid_frac_box"": 1.0, ""valid_frac_smplh"": 1.0, ""video_nb_frames"": 8820}",render
v00_212,uniform_improvised_212_V00_S0878_I00000541_P0185A_f0002646,V00_S0878_I00000541_P0185A,improvised/train/0018/0028/V00_S0878_I00000541_P0185A,improvised/train/0018/0016/V00_S0878_I00000541_P0991,uniform_improvised,improvised,2646,V00,improvised,train,ipc_conversation,uniform random within V00 improvised,"{""avg_fps"": 30.0, ""label_stratum"": ""improvised"", ""npz_frames_min"": 5640, ""npz_status"": ""ok"", ""render_frames"": 300, ""uniform_draw"": 0.001980111, ""valid_frac_box"": 1.0, ""valid_frac_smplh"": 0.997872, ""video_nb_frames"": 5640}",render
v00_213,uniform_improvised_213_V00_S1568_I00001166_P0041A_f0007746,V00_S1568_I00001166_P0041A,improvised/train/0037/0019/V00_S1568_I00001166_P0041A,improvised/train/0037/0023/V00_S1568_I00001166_P1099A,uniform_improvised,improvised,7746,V00,improvised,train,ipc_conversation,uniform random within V00 improvised,"{""avg_fps"": 30.0, ""label_stratum"": ""improvised"", ""npz_frames_min"": 9720, ""npz_status"": ""ok"", ""render_frames"": 300, ""uniform_draw"": 0.002009918, ""valid_frac_box"": 1.0, ""valid_frac_smplh"": 0.984362, ""video_nb_frames"": 9720}",render
v00_214,uniform_improvised_214_V00_S1702_I00000641_P0861A_f0000197,V00_S1702_I00000641_P0861A,improvised/train/0041/0064/V00_S1702_I00000641_P0861A,improvised/train/0041/0015/V00_S1702_I00000641_P1099A,uniform_improvised,improvised,197,V00,improvised,train,ipc_conversation,uniform random within V00 improvised,"{""avg_fps"": 30.0, ""label_stratum"": ""improvised"", ""npz_frames_min"": 14940, ""npz_status"": ""ok"", ""render_frames"": 300, ""uniform_draw"": 0.002027586, ""valid_frac_box"": 1.0, ""valid_frac_smplh"": 0.963588, ""video_nb_frames"": 14940}",render
v00_215,uniform_improvised_215_V00_S1571_I00001013_P1106A_f0001259,V00_S1571_I00001013_P1106A,improvised/train/0037/0033/V00_S1571_I00001013_P1106A,improvised/train/0037/0057/V00_S1571_I00001013_P1024A,uniform_improvised,improvised,1259,V00,improvised,train,ipc_conversation,uniform random within V00 improvised,"{""avg_fps"": 30.0, ""label_stratum"": ""improvised"", ""npz_frames_min"": 7620, ""npz_status"": ""ok"", ""render_frames"": 300, ""uniform_draw"": 0.00207412, ""valid_frac_box"": 1.0, ""valid_frac_smplh"": 0.819816, ""video_nb_frames"": 7620}",render
v00_216,uniform_improvised_216_V00_S1223_I00001227_P0955A_f0003268,V00_S1223_I00001227_P0955A,improvised/train/0027/0048/V00_S1223_I00001227_P0955A,improvised/train/0027/0017/V00_S1223_I00001227_P0878A,uniform_improvised,improvised,3268,V00,improvised,train,ipc_conversation,uniform random within V00 improvised,"{""avg_fps"": 30.0, ""label_stratum"": ""improvised"", ""npz_frames_min"": 10620, ""npz_status"": ""ok"", ""render_frames"": 300, ""uniform_draw"": 0.002091868, ""valid_frac_box"": 1.0, ""valid_frac_smplh"": 0.999435, ""video_nb_frames"": 10620}",render
v00_217,uniform_improvised_217_V00_S0227_I00000135_P0313_f0003093,V00_S0227_I00000135_P0313,improvised/train/0005/0002/V00_S0227_I00000135_P0313,improvised/train/0005/0025/V00_S0227_I00000135_P0006A,uniform_improvised,improvised,3093,V00,improvised,train,collaborative_storytelling,uniform random within V00 improvised,"{""avg_fps"": 30.0, ""label_stratum"": ""improvised"", ""npz_frames_min"": 6540, ""npz_status"": ""ok"", ""render_frames"": 300, ""uniform_draw"": 0.002094461, ""valid_frac_box"": 1.0, ""valid_frac_smplh"": 1.0, ""video_nb_frames"": 6540}",render
v00_218,uniform_improvised_218_V00_S1575_I00001205_P1106A_f0007543,V00_S1575_I00001205_P1106A,improvised/train/0037/0031/V00_S1575_I00001205_P1106A,improvised/train/0037/0054/V00_S1575_I00001205_P1024A,uniform_improvised,improvised,7543,V00,improvised,train,ipc_conversation,uniform random within V00 improvised,"{""avg_fps"": 30.0, ""label_stratum"": ""improvised"", ""npz_frames_min"": 8880, ""npz_status"": ""ok"", ""render_frames"": 300, ""uniform_draw"": 0.002134396, ""valid_frac_box"": 1.0, ""valid_frac_smplh"": 1.0, ""video_nb_frames"": 8880}",render
v00_219,uniform_improvised_219_V00_S0449_I00000948_P0323A_f0001516,V00_S0449_I00000948_P0323A,improvised/train/0010/0010/V00_S0449_I00000948_P0323A,improvised/train/0010/0048/V00_S0449_I00000948_P0262A,uniform_improvised,improvised,1516,V00,improvised,train,ipc_conversation,uniform random within V00 improvised,"{""avg_fps"": 30.0, ""label_stratum"": ""improvised"", ""npz_frames_min"": 9420, ""npz_status"": ""ok"", ""render_frames"": 300, ""uniform_draw"": 0.002169277, ""valid_frac_box"": 1.0, ""valid_frac_smplh"": 0.997665, ""video_nb_frames"": 9420}",render
v00_220,uniform_improvised_220_V00_S0195_I00000479_P0267_f0004936,V00_S0195_I00000479_P0267,improvised/train/0004/0025/V00_S0195_I00000479_P0267,improvised/train/0004/0041/V00_S0195_I00000479_P0150A,uniform_improvised,improvised,4936,V00,improvised,train,ipc_conversation,uniform random within V00 improvised,"{""avg_fps"": 30.0, ""label_stratum"": ""improvised"", ""npz_frames_min"": 5760, ""npz_status"": ""ok"", ""render_frames"": 300, ""uniform_draw"": 0.002173063, ""valid_frac_box"": 1.0, ""valid_frac_smplh"": 0.999826, ""video_nb_frames"": 5760}",render
v00_221,uniform_improvised_221_V00_S0518_I00000539_P0348_f0002693,V00_S0518_I00000539_P0348,improvised/train/0011/0017/V00_S0518_I00000539_P0348,improvised/train/0011/0000/V00_S0518_I00000539_P0658A,uniform_improvised,improvised,2693,V00,improvised,train,ipc_conversation,uniform random within V00 improvised,"{""avg_fps"": 30.0, ""label_stratum"": ""improvised"", ""npz_frames_min"": 7920, ""npz_status"": ""ok"", ""render_frames"": 300, ""uniform_draw"": 0.002203479, ""valid_frac_box"": 1.0, ""valid_frac_smplh"": 0.991414, ""video_nb_frames"": 7920}",render
v00_222,uniform_improvised_222_V00_S1625_I00001082_P1155A_f0007015,V00_S1625_I00001082_P1155A,improvised/train/0039/0029/V00_S1625_I00001082_P1155A,improvised/train/0039/0050/V00_S1625_I00001082_P1099A,uniform_improvised,improvised,7015,V00,improvised,train,ipc_conversation,uniform random within V00 improvised,"{""avg_fps"": 30.0, ""label_stratum"": ""improvised"", ""npz_frames_min"": 9360, ""npz_status"": ""ok"", ""render_frames"": 300, ""uniform_draw"": 0.002226355, ""valid_frac_box"": 1.0, ""valid_frac_smplh"": 1.0, ""video_nb_frames"": 9360}",render
v00_223,uniform_improvised_223_V00_S1280_I00000690_P1103A_f0004288,V00_S1280_I00000690_P1103A,improvised/train/0029/0042/V00_S1280_I00000690_P1103A,improvised/train/0029/0069/V00_S1280_I00000690_P0789,uniform_improvised,improvised,4288,V00,improvised,train,ipc_conversation,uniform random within V00 improvised,"{""avg_fps"": 30.0, ""label_stratum"": ""improvised"", ""npz_frames_min"": 10740, ""npz_status"": ""ok"", ""render_frames"": 300, ""uniform_draw"": 0.002255382, ""valid_frac_box"": 1.0, ""valid_frac_smplh"": 1.0, ""video_nb_frames"": 10740}",render
v00_224,uniform_improvised_224_V00_S1715_I00001225_P0230A_f0000468,V00_S1715_I00001225_P0230A,improvised/train/0042/0062/V00_S1715_I00001225_P0230A,improvised/train/0042/0067/V00_S1715_I00001225_P0989A,uniform_improvised,improvised,468,V00,improvised,train,ipc_conversation,uniform random within V00 improvised,"{""avg_fps"": 30.0, ""label_stratum"": ""improvised"", ""npz_frames_min"": 6600, ""npz_status"": ""ok"", ""render_frames"": 300, ""uniform_draw"": 0.002282592, ""valid_frac_box"": 1.0, ""valid_frac_smplh"": 1.0, ""video_nb_frames"": 6600}",render
v00_225,uniform_improvised_225_V00_S0430_I00000126_P0059A_f0001738,V00_S0430_I00000126_P0059A,improvised/train/0009/0010/V00_S0430_I00000126_P0059A,improvised/train/0009/0026/V00_S0430_I00000126_P0565,uniform_improvised,improvised,1738,V00,improvised,train,ipc_conversation,uniform random within V00 improvised,"{""avg_fps"": 30.0, ""label_stratum"": ""improvised"", ""npz_frames_min"": 6000, ""npz_status"": ""ok"", ""render_frames"": 300, ""uniform_draw"": 0.002300779, ""valid_frac_box"": 1.0, ""valid_frac_smplh"": 0.9965, ""video_nb_frames"": 6000}",render
v00_226,uniform_improvised_226_V00_S1123_I00001109_P0825A_f0007280,V00_S1123_I00001109_P0825A,improvised/train/0024/0005/V00_S1123_I00001109_P0825A,improvised/train/0024/0002/V00_S1123_I00001109_P0323A,uniform_improvised,improvised,7280,V00,improvised,train,ipc_conversation,uniform random within V00 improvised,"{""avg_fps"": 30.0, ""label_stratum"": ""improvised"", ""npz_frames_min"": 11820, ""npz_status"": ""ok"", ""render_frames"": 300, ""uniform_draw"": 0.002344951, ""valid_frac_box"": 1.0, ""valid_frac_smplh"": 0.999662, ""video_nb_frames"": 11820}",render
v00_227,uniform_improvised_227_V00_S1445_I00000711_P0682A_f0007298,V00_S1445_I00000711_P0682A,improvised/train/0033/0063/V00_S1445_I00000711_P0682A,improvised/train/0033/0057/V00_S1445_I00000711_P0557A,uniform_improvised,improvised,7298,V00,improvised,train,ipc_conversation,uniform random within V00 improvised,"{""avg_fps"": 30.0, ""label_stratum"": ""improvised"", ""npz_frames_min"": 8940, ""npz_status"": ""ok"", ""render_frames"": 300, ""uniform_draw"": 0.002544804, ""valid_frac_box"": 1.0, ""valid_frac_smplh"": 1.0, ""video_nb_frames"": 8940}",render
v00_228,uniform_improvised_228_V00_S0849_I00000907_P0006A_f0001763,V00_S0849_I00000907_P0006A,improvised/train/0017/0017/V00_S0849_I00000907_P0006A,improvised/train/0017/0059/V00_S0849_I00000907_P0059A,uniform_improvised,improvised,1763,V00,improvised,train,ipc_conversation,uniform random within V00 improvised,"{""avg_fps"": 30.0, ""label_stratum"": ""improvised"", ""npz_frames_min"": 15180, ""npz_status"": ""ok"", ""render_frames"": 300, ""uniform_draw"": 0.002564719, ""valid_frac_box"": 1.0, ""valid_frac_smplh"": 0.986561, ""video_nb_frames"": 15180}",render
v00_229,uniform_improvised_229_V00_S1071_I00000636_P0320A_f0004597,V00_S1071_I00000636_P0320A,improvised/train/0023/0063/V00_S1071_I00000636_P0320A,improvised/train/0023/0012/V00_S1071_I00000636_P0464A,uniform_improvised,improvised,4597,V00,improvised,train,ipc_conversation,uniform random within V00 improvised,"{""avg_fps"": 30.0, ""label_stratum"": ""improvised"", ""npz_frames_min"": 8160, ""npz_status"": ""ok"", ""render_frames"": 300, ""uniform_draw"": 0.002620643, ""valid_frac_box"": 1.0, ""valid_frac_smplh"": 0.999877, ""video_nb_frames"": 8160}",render
v00_230,uniform_improvised_230_V00_S0228_I00000140_P0314_f0002254,V00_S0228_I00000140_P0314,improvised/train/0005/0032/V00_S0228_I00000140_P0314,improvised/train/0005/0027/V00_S0228_I00000140_P0027A,uniform_improvised,improvised,2254,V00,improvised,train,ipc_conversation,uniform random within V00 improvised,"{""avg_fps"": 30.0, ""label_stratum"": ""improvised"", ""npz_frames_min"": 7740, ""npz_status"": ""ok"", ""render_frames"": 300, ""uniform_draw"": 0.002771804, ""valid_frac_box"": 1.0, ""valid_frac_smplh"": 0.994961, ""video_nb_frames"": 7740}",render
v00_231,uniform_improvised_231_V00_S1769_I00000690_P1106A_f0006329,V00_S1769_I00000690_P1106A,improvised/train/0043/0018/V00_S1769_I00000690_P1106A,improvised/train/0043/0009/V00_S1769_I00000690_P0893A,uniform_improvised,improvised,6329,V00,improvised,train,ipc_conversation,uniform random within V00 improvised,"{""avg_fps"": 30.0, ""label_stratum"": ""improvised"", ""npz_frames_min"": 7680, ""npz_status"": ""ok"", ""render_frames"": 300, ""uniform_draw"": 0.002785696, ""valid_frac_box"": 1.0, ""valid_frac_smplh"": 0.949219, ""video_nb_frames"": 7680}",render
v00_232,uniform_improvised_232_V00_S0982_I00001104_P1047A_f0006623,V00_S0982_I00001104_P1047A,improvised/train/0021/0043/V00_S0982_I00001104_P1047A,improvised/train/0021/0064/V00_S0982_I00001104_P0120A,uniform_improvised,improvised,6623,V00,improvised,train,ipc_conversation,uniform random within V00 improvised,"{""avg_fps"": 30.0, ""label_stratum"": ""improvised"", ""npz_frames_min"": 9180, ""npz_status"": ""ok"", ""render_frames"": 300, ""uniform_draw"": 0.002796093, ""valid_frac_box"": 1.0, ""valid_frac_smplh"": 0.950871, ""video_nb_frames"": 9180}",render
v00_233,uniform_improvised_233_V00_S0980_I00001109_P0210A_f0000433,V00_S0980_I00001109_P0210A,improvised/train/0020/0048/V00_S0980_I00001109_P0210A,improvised/train/0020/0045/V00_S0980_I00001109_P0407A,uniform_improvised,improvised,433,V00,improvised,train,ipc_conversation,uniform random within V00 improvised,"{""avg_fps"": 30.0, ""label_stratum"": ""improvised"", ""npz_frames_min"": 6480, ""npz_status"": ""ok"", ""render_frames"": 300, ""uniform_draw"": 0.00280693, ""valid_frac_box"": 1.0, ""valid_frac_smplh"": 0.988889, ""video_nb_frames"": 6480}",render
v00_234,uniform_improvised_234_V00_S0906_I00000828_P0002A_f0007051,V00_S0906_I00000828_P0002A,improvised/train/0019/0007/V00_S0906_I00000828_P0002A,improvised/train/0019/0022/V00_S0906_I00000828_P0042A,uniform_improvised,improvised,7051,V00,improvised,train,ipc_conversation,uniform random within V00 improvised,"{""avg_fps"": 30.0, ""label_stratum"": ""improvised"", ""npz_frames_min"": 7680, ""npz_status"": ""ok"", ""render_frames"": 300, ""uniform_draw"": 0.002880001, ""valid_frac_box"": 1.0, ""valid_frac_smplh"": 0.998437, ""video_nb_frames"": 7680}",render
v00_235,uniform_improvised_235_V00_S1190_I00000702_P0878A_f0004644,V00_S1190_I00000702_P0878A,improvised/train/0026/0031/V00_S1190_I00000702_P0878A,improvised/train/0026/0033/V00_S1190_I00000702_P0041A,uniform_improvised,improvised,4644,V00,improvised,train,ipc_conversation,uniform random within V00 improvised,"{""avg_fps"": 30.0, ""label_stratum"": ""improvised"", ""npz_frames_min"": 8340, ""npz_status"": ""ok"", ""render_frames"": 300, ""uniform_draw"": 0.00297279, ""valid_frac_box"": 1.0, ""valid_frac_smplh"": 0.998561, ""video_nb_frames"": 8340}",render
v00_236,uniform_improvised_236_V00_S1324_I00000652_P1114A_f0001960,V00_S1324_I00000652_P1114A,improvised/train/0030/0057/V00_S1324_I00000652_P1114A,improvised/train/0030/0053/V00_S1324_I00000652_P1115A,uniform_improvised,improvised,1960,V00,improvised,train,ipc_conversation,uniform random within V00 improvised,"{""avg_fps"": 30.0, ""label_stratum"": ""improvised"", ""npz_frames_min"": 7920, ""npz_status"": ""ok"", ""render_frames"": 300, ""uniform_draw"": 0.002973449, ""valid_frac_box"": 1.0, ""valid_frac_smplh"": 1.0, ""video_nb_frames"": 7920}",render
v00_237,uniform_improvised_237_V00_S1523_I00000682_P0933A_f0001467,V00_S1523_I00000682_P0933A,improvised/train/0036/0047/V00_S1523_I00000682_P0933A,improvised/train/0036/0015/V00_S1523_I00000682_P0744A,uniform_improvised,improvised,1467,V00,improvised,train,ipc_conversation,uniform random within V00 improvised,"{""avg_fps"": 30.0, ""label_stratum"": ""improvised"", ""npz_frames_min"": 9360, ""npz_status"": ""ok"", ""render_frames"": 300, ""uniform_draw"": 0.003058537, ""valid_frac_box"": 1.0, ""valid_frac_smplh"": 1.0, ""video_nb_frames"": 9360}",render
v00_238,uniform_improvised_238_V00_S1801_I00001198_P0933A_f0000860,V00_S1801_I00001198_P0933A,improvised/train/0044/0045/V00_S1801_I00001198_P0933A,improvised/train/0044/0003/V00_S1801_I00001198_P0744,uniform_improvised,improvised,860,V00,improvised,train,ipc_conversation,uniform random within V00 improvised,"{""avg_fps"": 30.0, ""label_stratum"": ""improvised"", ""npz_frames_min"": 3240, ""npz_status"": ""ok"", ""render_frames"": 300, ""uniform_draw"": 0.00316681, ""valid_frac_box"": 1.0, ""valid_frac_smplh"": 1.0, ""video_nb_frames"": 3240}",render
v00_239,uniform_improvised_239_V00_S0721_I00000955_P0359A_f0003988,V00_S0721_I00000955_P0359A,improvised/train/0014/0018/V00_S0721_I00000955_P0359A,improvised/train/0014/0042/V00_S0721_I00000955_P0196A,uniform_improvised,improvised,3988,V00,improvised,train,ipc_conversation,uniform random within V00 improvised,"{""avg_fps"": 30.0, ""label_stratum"": ""improvised"", ""npz_frames_min"": 10620, ""npz_status"": ""ok"", ""render_frames"": 300, ""uniform_draw"": 0.003178471, ""valid_frac_box"": 1.0, ""valid_frac_smplh"": 0.962053, ""video_nb_frames"": 10620}",render
v00_240,uniform_improvised_240_V00_S1489_I00001184_P0320A_f0006548,V00_S1489_I00001184_P0320A,improvised/train/0035/0011/V00_S1489_I00001184_P0320A,improvised/train/0035/0061/V00_S1489_I00001184_P0120A,uniform_improvised,improvised,6548,V00,improvised,train,ipc_conversation,uniform random within V00 improvised,"{""avg_fps"": 30.0, ""label_stratum"": ""improvised"", ""npz_frames_min"": 7980, ""npz_status"": ""ok"", ""render_frames"": 300, ""uniform_draw"": 0.003184465, ""valid_frac_box"": 1.0, ""valid_frac_smplh"": 0.975439, ""video_nb_frames"": 7980}",render
v00_241,uniform_improvised_241_V00_S1913_I00001156_P1139A_f0000430,V00_S1913_I00001156_P1139A,improvised/train/0047/0046/V00_S1913_I00001156_P1139A,improvised/train/0047/0020/V00_S1913_I00001156_P1106A,uniform_improvised,improvised,430,V00,improvised,train,ipc_conversation,uniform random within V00 improvised,"{""avg_fps"": 30.0, ""label_stratum"": ""improvised"", ""npz_frames_min"": 10080, ""npz_status"": ""ok"", ""render_frames"": 300, ""uniform_draw"": 0.003267586, ""valid_frac_box"": 1.0, ""valid_frac_smplh"": 1.0, ""video_nb_frames"": 10080}",render
v00_242,uniform_improvised_242_V00_S0514_I00000309_P0659_f0003034,V00_S0514_I00000309_P0659,improvised/train/0010/0031/V00_S0514_I00000309_P0659,improvised/train/0010/0031/V00_S0514_I00000309_P0658A,uniform_improvised,improvised,3034,V00,improvised,train,ipc_conversation,uniform random within V00 improvised,"{""avg_fps"": 30.0, ""label_stratum"": ""improvised"", ""npz_frames_min"": 7740, ""npz_status"": ""ok"", ""render_frames"": 300, ""uniform_draw"": 0.003312916, ""valid_frac_box"": 1.0, ""valid_frac_smplh"": 0.896253, ""video_nb_frames"": 7740}",render
v00_243,uniform_improvised_243_V00_S0636_I00000504_P0012A_f0001493,V00_S0636_I00000504_P0012A,improvised/train/0012/0036/V00_S0636_I00000504_P0012A,improvised/train/0012/0044/V00_S0636_I00000504_P0794,uniform_improvised,improvised,1493,V00,improvised,train,ipc_conversation,uniform random within V00 improvised,"{""avg_fps"": 30.0, ""label_stratum"": ""improvised"", ""npz_frames_min"": 3240, ""npz_status"": ""ok"", ""render_frames"": 300, ""uniform_draw"": 0.003371776, ""valid_frac_box"": 1.0, ""valid_frac_smplh"": 0.995988, ""video_nb_frames"": 3240}",render
v00_244,uniform_improvised_244_V00_S1384_I00000681_P0359A_f0009514,V00_S1384_I00000681_P0359A,improvised/train/0032/0031/V00_S1384_I00000681_P0359A,improvised/train/0032/0014/V00_S1384_I00000681_P0124A,uniform_improvised,improvised,9514,V00,improvised,train,ipc_conversation,uniform random within V00 improvised,"{""avg_fps"": 30.0, ""label_stratum"": ""improvised"", ""npz_frames_min"": 11700, ""npz_status"": ""ok"", ""render_frames"": 300, ""uniform_draw"": 0.003389381, ""valid_frac_box"": 1.0, ""valid_frac_smplh"": 0.984872, ""video_nb_frames"": 11700}",render
v00_245,uniform_improvised_245_V00_S0836_I00000135_P0026A_f0001152,V00_S0836_I00000135_P0026A,improvised/train/0017/0011/V00_S0836_I00000135_P0026A,improvised/train/0017/0037/V00_S0836_I00000135_P0966,uniform_improvised,improvised,1152,V00,improvised,train,collaborative_storytelling,uniform random within V00 improvised,"{""avg_fps"": 30.0, ""label_stratum"": ""improvised"", ""npz_frames_min"": 3000, ""npz_status"": ""ok"", ""render_frames"": 300, ""uniform_draw"": 0.003451248, ""valid_frac_box"": 1.0, ""valid_frac_smplh"": 1.0, ""video_nb_frames"": 3000}",render
v00_246,uniform_improvised_246_V00_S1448_I00000715_P0241A_f0007818,V00_S1448_I00000715_P0241A,improvised/train/0033/0020/V00_S1448_I00000715_P0241A,improvised/train/0033/0011/V00_S1448_I00000715_P0388A,uniform_improvised,improvised,7818,V00,improvised,train,ipc_conversation,uniform random within V00 improvised,"{""avg_fps"": 30.0, ""label_stratum"": ""improvised"", ""npz_frames_min"": 10260, ""npz_status"": ""ok"", ""render_frames"": 300, ""uniform_draw"": 0.003495976, ""valid_frac_box"": 1.0, ""valid_frac_smplh"": 0.912671, ""video_nb_frames"": 10260}",render
v00_247,uniform_improvised_247_V00_S1808_I00001021_P1154A_f0008681,V00_S1808_I00001021_P1154A,improvised/train/0045/0052/V00_S1808_I00001021_P1154A,improvised/train/0045/0009/V00_S1808_I00001021_P0041A,uniform_improvised,improvised,8681,V00,improvised,train,ipc_conversation,uniform random within V00 improvised,"{""avg_fps"": 30.0, ""label_stratum"": ""improvised"", ""npz_frames_min"": 9840, ""npz_status"": ""ok"", ""render_frames"": 300, ""uniform_draw"": 0.00351644, ""valid_frac_box"": 1.0, ""valid_frac_smplh"": 0.994004, ""video_nb_frames"": 9840}",render
v00_248,uniform_improvised_248_V00_S0169_I00000135_P0238_f0001305,V00_S0169_I00000135_P0238,improvised/train/0003/0016/V00_S0169_I00000135_P0238,improvised/train/0003/0007/V00_S0169_I00000135_P0150A,uniform_improvised,improvised,1305,V00,improvised,train,collaborative_storytelling,uniform random within V00 improvised,"{""avg_fps"": 30.0, ""label_stratum"": ""improvised"", ""npz_frames_min"": 4320, ""npz_status"": ""ok"", ""render_frames"": 300, ""uniform_draw"": 0.003526445, ""valid_frac_box"": 1.0, ""valid_frac_smplh"": 1.0, ""video_nb_frames"": 4320}",render
v00_249,uniform_improvised_249_V00_S1745_I00001114_P1047A_f0001806,V00_S1745_I00001114_P1047A,improvised/train/0043/0052/V00_S1745_I00001114_P1047A,improvised/train/0043/0008/V00_S1745_I00001114_P1151A,uniform_improvised,improvised,1806,V00,improvised,train,ipc_conversation,uniform random within V00 improvised,"{""avg_fps"": 30.0, ""label_stratum"": ""improvised"", ""npz_frames_min"": 9780, ""npz_status"": ""ok"", ""render_frames"": 300, ""uniform_draw"": 0.00352925, ""valid_frac_box"": 1.0, ""valid_frac_smplh"": 0.991002, ""video_nb_frames"": 9780}",render
v00_250,uniform_improvised_250_V00_S1110_I00001181_P0921A_f0008856,V00_S1110_I00001181_P0921A,improvised/train/0024/0057/V00_S1110_I00001181_P0921A,improvised/train/0024/0061/V00_S1110_I00001181_P0557A,uniform_improvised,improvised,8856,V00,improvised,train,ipc_conversation,uniform random within V00 improvised,"{""avg_fps"": 30.0, ""label_stratum"": ""improvised"", ""npz_frames_min"": 9600, ""npz_status"": ""ok"", ""render_frames"": 300, ""uniform_draw"": 0.003646719, ""valid_frac_box"": 1.0, ""valid_frac_smplh"": 0.779687, ""video_nb_frames"": 9600}",render
v00_251,uniform_improvised_251_V00_S1186_I00000648_P0878A_f0007927,V00_S1186_I00000648_P0878A,improvised/train/0026/0059/V00_S1186_I00000648_P0878A,improvised/train/0026/0061/V00_S1186_I00000648_P0041A,uniform_improvised,improvised,7927,V00,improvised,train,ipc_conversation,uniform random within V00 improvised,"{""avg_fps"": 30.0, ""label_stratum"": ""improvised"", ""npz_frames_min"": 9900, ""npz_status"": ""ok"", ""render_frames"": 300, ""uniform_draw"": 0.003759583, ""valid_frac_box"": 1.0, ""valid_frac_smplh"": 0.991111, ""video_nb_frames"": 9900}",render
v00_252,uniform_improvised_252_V00_S0955_I00000824_P0396A_f0010142,V00_S0955_I00000824_P0396A,improvised/train/0020/0030/V00_S0955_I00000824_P0396A,improvised/train/0020/0058/V00_S0955_I00000824_P0230A,uniform_improvised,improvised,10142,V00,improvised,train,ipc_conversation,uniform random within V00 improvised,"{""avg_fps"": 30.0, ""label_stratum"": ""improvised"", ""npz_frames_min"": 16680, ""npz_status"": ""ok"", ""render_frames"": 300, ""uniform_draw"": 0.003763088, ""valid_frac_box"": 1.0, ""valid_frac_smplh"": 0.966067, ""video_nb_frames"": 16680}",render
v00_253,uniform_improvised_253_V00_S0749_I00000926_P0042A_f0007336,V00_S0749_I00000926_P0042A,improvised/train/0014/0012/V00_S0749_I00000926_P0042A,improvised/train/0014/0050/V00_S0749_I00000926_P0002A,uniform_improvised,improvised,7336,V00,improvised,train,ipc_conversation,uniform random within V00 improvised,"{""avg_fps"": 30.0, ""label_stratum"": ""improvised"", ""npz_frames_min"": 13500, ""npz_status"": ""ok"", ""render_frames"": 300, ""uniform_draw"": 0.003767153, ""valid_frac_box"": 1.0, ""valid_frac_smplh"": 0.994667, ""video_nb_frames"": 13500}",render
v00_254,uniform_improvised_254_V00_S1281_I00001082_P0229A_f0007299,V00_S1281_I00001082_P0229A,improvised/train/0029/0065/V00_S1281_I00001082_P0229A,improvised/train/0029/0039/V00_S1281_I00001082_P0085A,uniform_improvised,improvised,7299,V00,improvised,train,ipc_conversation,uniform random within V00 improvised,"{""avg_fps"": 30.0, ""label_stratum"": ""improvised"", ""npz_frames_min"": 11640, ""npz_status"": ""ok"", ""render_frames"": 300, ""uniform_draw"": 0.003781031, ""valid_frac_box"": 1.0, ""valid_frac_smplh"": 0.996478, ""video_nb_frames"": 11640}",render
v00_255,uniform_improvised_255_V00_S1666_I00001188_P0041A_f0003203,V00_S1666_I00001188_P0041A,improvised/train/0040/0006/V00_S1666_I00001188_P0041A,improvised/train/0040/0020/V00_S1666_I00001188_P0920A,uniform_improvised,improvised,3203,V00,improvised,train,ipc_conversation,uniform random within V00 improvised,"{""avg_fps"": 30.0, ""label_stratum"": ""improvised"", ""npz_frames_min"": 4560, ""npz_status"": ""ok"", ""render_frames"": 300, ""uniform_draw"": 0.003815799, ""valid_frac_box"": 1.0, ""valid_frac_smplh"": 0.983991, ""video_nb_frames"": 4560}",render
v00_256,uniform_improvised_256_V00_S1479_I00001163_P0799A_f0002784,V00_S1479_I00001163_P0799A,improvised/train/0034/0022/V00_S1479_I00001163_P0799A,improvised/train/0034/0031/V00_S1479_I00001163_P0241A,uniform_improvised,improvised,2784,V00,improvised,train,ipc_conversation,uniform random within V00 improvised,"{""avg_fps"": 30.0, ""label_stratum"": ""improvised"", ""npz_frames_min"": 10020, ""npz_status"": ""ok"", ""render_frames"": 300, ""uniform_draw"": 0.003862446, ""valid_frac_box"": 1.0, ""valid_frac_smplh"": 1.0, ""video_nb_frames"": 10020}",render
v00_257,uniform_improvised_257_V00_S1938_I00000641_P0946A_f0002692,V00_S1938_I00000641_P0946A,improvised/train/0047/0021/V00_S1938_I00000641_P0946A,improvised/train/0047/0058/V00_S1938_I00000641_P1124A,uniform_improvised,improvised,2692,V00,improvised,train,ipc_conversation,uniform random within V00 improvised,"{""avg_fps"": 30.0, ""label_stratum"": ""improvised"", ""npz_frames_min"": 3960, ""npz_status"": ""ok"", ""render_frames"": 300, ""uniform_draw"": 0.004022561, ""valid_frac_box"": 1.0, ""valid_frac_smplh"": 1.0, ""video_nb_frames"": 3960}",render
v00_258,uniform_improvised_258_V00_S1051_I00000682_P0092A_f0008843,V00_S1051_I00000682_P0092A,improvised/train/0022/0036/V00_S1051_I00000682_P0092A,improvised/train/0022/0046/V00_S1051_I00000682_P0799A,uniform_improvised,improvised,8843,V00,improvised,train,ipc_conversation,uniform random within V00 improvised,"{""avg_fps"": 30.0, ""label_stratum"": ""improvised"", ""npz_frames_min"": 10140, ""npz_status"": ""ok"", ""render_frames"": 300, ""uniform_draw"": 0.004066427, ""valid_frac_box"": 0.999803, ""valid_frac_smplh"": 0.997436, ""video_nb_frames"": 10140}",render
v00_259,uniform_improvised_259_V00_S1069_I00001209_P0397A_f0004937,V00_S1069_I00001209_P0397A,improvised/train/0023/0001/V00_S1069_I00001209_P0397A,improvised/train/0023/0006/V00_S1069_I00001209_P0210A,uniform_improvised,improvised,4937,V00,improvised,train,ipc_conversation,uniform random within V00 improvised,"{""avg_fps"": 30.0, ""label_stratum"": ""improvised"", ""npz_frames_min"": 10920, ""npz_status"": ""ok"", ""render_frames"": 300, ""uniform_draw"": 0.004067875, ""valid_frac_box"": 1.0, ""valid_frac_smplh"": 1.0, ""video_nb_frames"": 10920}",render
v00_260,uniform_improvised_260_V00_S1076_I00001038_P0744_f0002090,V00_S1076_I00001038_P0744,improvised/train/0023/0050/V00_S1076_I00001038_P0744,improvised/train/0023/0057/V00_S1076_I00001038_P0976A,uniform_improvised,improvised,2090,V00,improvised,train,ipc_conversation,uniform random within V00 improvised,"{""avg_fps"": 30.0, ""label_stratum"": ""improvised"", ""npz_frames_min"": 11220, ""npz_status"": ""ok"", ""render_frames"": 300, ""uniform_draw"": 0.004081221, ""valid_frac_box"": 1.0, ""valid_frac_smplh"": 0.999465, ""video_nb_frames"": 11220}",render
v00_261,uniform_improvised_261_V00_S1787_I00001066_P0869A_f0005327,V00_S1787_I00001066_P0869A,improvised/train/0044/0000/V00_S1787_I00001066_P0869A,improvised/train/0044/0022/V00_S1787_I00001066_P0989A,uniform_improvised,improvised,5327,V00,improvised,train,ipc_conversation,uniform random within V00 improvised,"{""avg_fps"": 30.0, ""label_stratum"": ""improvised"", ""npz_frames_min"": 10560, ""npz_status"": ""ok"", ""render_frames"": 300, ""uniform_draw"": 0.004089901, ""valid_frac_box"": 1.0, ""valid_frac_smplh"": 0.995076, ""video_nb_frames"": 10560}",render
v00_262,uniform_improvised_262_V00_S0442_I00000125_P0580_f0005804,V00_S0442_I00000125_P0580,improvised/train/0009/0044/V00_S0442_I00000125_P0580,improvised/train/0009/0040/V00_S0442_I00000125_P0059A,uniform_improvised,improvised,5804,V00,improvised,train,ipc_conversation,uniform random within V00 improvised,"{""avg_fps"": 30.0, ""label_stratum"": ""improvised"", ""npz_frames_min"": 6120, ""npz_status"": ""ok"", ""render_frames"": 300, ""uniform_draw"": 0.00414168, ""valid_frac_box"": 1.0, ""valid_frac_smplh"": 1.0, ""video_nb_frames"": 6120}",render
v00_263,uniform_improvised_263_V00_S1152_I00001006_P0396A_f0005461,V00_S1152_I00001006_P0396A,improvised/train/0025/0040/V00_S1152_I00001006_P0396A,improvised/train/0025/0067/V00_S1152_I00001006_P0407A,uniform_improvised,improvised,5461,V00,improvised,train,ipc_conversation,uniform random within V00 improvised,"{""avg_fps"": 30.0, ""label_stratum"": ""improvised"", ""npz_frames_min"": 9300, ""npz_status"": ""ok"", ""render_frames"": 300, ""uniform_draw"": 0.004160119, ""valid_frac_box"": 1.0, ""valid_frac_smplh"": 0.995054, ""video_nb_frames"": 9300}",render
v00_264,uniform_improvised_264_V00_S1522_I00001013_P0789A_f0007362,V00_S1522_I00001013_P0789A,improvised/train/0036/0048/V00_S1522_I00001013_P0789A,improvised/train/0036/0062/V00_S1522_I00001013_P1115A,uniform_improvised,improvised,7362,V00,improvised,train,ipc_conversation,uniform random within V00 improvised,"{""avg_fps"": 30.0, ""label_stratum"": ""improvised"", ""npz_frames_min"": 8880, ""npz_status"": ""ok"", ""render_frames"": 300, ""uniform_draw"": 0.004176752, ""valid_frac_box"": 1.0, ""valid_frac_smplh"": 0.977027, ""video_nb_frames"": 8880}",render
v00_265,uniform_improvised_265_V00_S0518_I00000537_P0658A_f0002120,V00_S0518_I00000537_P0658A,improvised/train/0011/0003/V00_S0518_I00000537_P0658A,improvised/train/0011/0045/V00_S0518_I00000537_P0348,uniform_improvised,improvised,2120,V00,improvised,train,ipc_conversation,uniform random within V00 improvised,"{""avg_fps"": 30.0, ""label_stratum"": ""improvised"", ""npz_frames_min"": 8340, ""npz_status"": ""ok"", ""render_frames"": 300, ""uniform_draw"": 0.004235525, ""valid_frac_box"": 1.0, ""valid_frac_smplh"": 0.779856, ""video_nb_frames"": 8340}",render
v00_266,uniform_improvised_266_V00_S1246_I00001212_P1114A_f0003476,V00_S1246_I00001212_P1114A,improvised/train/0028/0008/V00_S1246_I00001212_P1114A,improvised/train/0028/0060/V00_S1246_I00001212_P1094A,uniform_improvised,improvised,3476,V00,improvised,train,ipc_conversation,uniform random within V00 improvised,"{""avg_fps"": 30.0, ""label_stratum"": ""improvised"", ""npz_frames_min"": 9900, ""npz_status"": ""ok"", ""render_frames"": 300, ""uniform_draw"": 0.004264167, ""valid_frac_box"": 1.0, ""valid_frac_smplh"": 0.988586, ""video_nb_frames"": 9900}",render
v00_267,uniform_improvised_267_V00_S0204_I00000537_P0273_f0002786,V00_S0204_I00000537_P0273,improvised/train/0004/0023/V00_S0204_I00000537_P0273,improvised/train/0004/0019/V00_S0204_I00000537_P0003A,uniform_improvised,improvised,2786,V00,improvised,train,ipc_conversation,uniform random within V00 improvised,"{""avg_fps"": 30.0, ""label_stratum"": ""improvised"", ""npz_frames_min"": 10020, ""npz_status"": ""ok"", ""render_frames"": 300, ""uniform_draw"": 0.004307652, ""valid_frac_box"": 1.0, ""valid_frac_smplh"": 0.997705, ""video_nb_frames"": 10020}",render
v00_268,uniform_improvised_268_V00_S1658_I00001238_P0974A_f0002755,V00_S1658_I00001238_P0974A,improvised/train/0040/0030/V00_S1658_I00001238_P0974A,improvised/train/0040/0015/V00_S1658_I00001238_P0933A,uniform_improvised,improvised,2755,V00,improvised,train,ipc_conversation,uniform random within V00 improvised,"{""avg_fps"": 30.0, ""label_stratum"": ""improvised"", ""npz_frames_min"": 5160, ""npz_status"": ""ok"", ""render_frames"": 300, ""uniform_draw"": 0.004330824, ""valid_frac_box"": 1.0, ""valid_frac_smplh"": 0.99186, ""video_nb_frames"": 5160}",render
v00_269,uniform_improvised_269_V00_S1610_I00001066_P1100A_f0001645,V00_S1610_I00001066_P1100A,improvised/train/0039/0041/V00_S1610_I00001066_P1100A,improvised/train/0039/0009/V00_S1610_I00001066_P1106A,uniform_improvised,improvised,1645,V00,improvised,train,ipc_conversation,uniform random within V00 improvised,"{""avg_fps"": 30.0, ""label_stratum"": ""improvised"", ""npz_frames_min"": 6660, ""npz_status"": ""ok"", ""render_frames"": 300, ""uniform_draw"": 0.004395537, ""valid_frac_box"": 1.0, ""valid_frac_smplh"": 1.0, ""video_nb_frames"": 6660}",render
v00_270,uniform_improvised_270_V00_S1880_I00001026_P1147A_f0000055,V00_S1880_I00001026_P1147A,improvised/train/0046/0036/V00_S1880_I00001026_P1147A,improvised/train/0046/0011/V00_S1880_I00001026_P1106A,uniform_improvised,improvised,55,V00,improvised,train,ipc_conversation,uniform random within V00 improvised,"{""avg_fps"": 30.0, ""label_stratum"": ""improvised"", ""npz_frames_min"": 6540, ""npz_status"": ""ok"", ""render_frames"": 300, ""uniform_draw"": 0.004423999, ""valid_frac_box"": 1.0, ""valid_frac_smplh"": 1.0, ""video_nb_frames"": 6540}",render
v00_271,uniform_improvised_271_V00_S1269_I00000674_P0210A_f0003371,V00_S1269_I00000674_P0210A,improvised/train/0028/0003/V00_S1269_I00000674_P0210A,improvised/train/0028/0022/V00_S1269_I00000674_P0185A,uniform_improvised,improvised,3371,V00,improvised,train,ipc_conversation,uniform random within V00 improvised,"{""avg_fps"": 30.0, ""label_stratum"": ""improvised"", ""npz_frames_min"": 6660, ""npz_status"": ""ok"", ""render_frames"": 300, ""uniform_draw"": 0.004450086, ""valid_frac_box"": 1.0, ""valid_frac_smplh"": 1.0, ""video_nb_frames"": 6660}",render
v00_272,uniform_improvised_272_V00_S2089_I00001189_P1281A_f0003273,V00_S2089_I00001189_P1281A,improvised/dev/0000/0020/V00_S2089_I00001189_P1281A,improvised/dev/0000/0002/V00_S2089_I00001189_P1346A,uniform_improvised,improvised,3273,V00,improvised,dev,ipc_conversation,uniform random within V00 improvised,"{""avg_fps"": 30.0, ""label_stratum"": ""improvised"", ""npz_frames_min"": 5040, ""npz_status"": ""ok"", ""render_frames"": 300, ""uniform_draw"": 0.004462725, ""valid_frac_box"": 1.0, ""valid_frac_smplh"": 0.987698, ""video_nb_frames"": 5040}",render
v00_273,uniform_improvised_273_V00_S1400_I00000671_P1114A_f0007123,V00_S1400_I00000671_P1114A,improvised/train/0032/0028/V00_S1400_I00000671_P1114A,improvised/train/0032/0027/V00_S1400_I00000671_P1115A,uniform_improvised,improvised,7123,V00,improvised,train,ipc_conversation,uniform random within V00 improvised,"{""avg_fps"": 30.0, ""label_stratum"": ""improvised"", ""npz_frames_min"": 11940, ""npz_status"": ""ok"", ""render_frames"": 300, ""uniform_draw"": 0.004477332, ""valid_frac_box"": 1.0, ""valid_frac_smplh"": 0.978476, ""video_nb_frames"": 11940}",render
v00_274,uniform_improvised_274_V00_S1309_I00001228_P0107A_f0005213,V00_S1309_I00001228_P0107A,improvised/train/0029/0052/V00_S1309_I00001228_P0107A,improvised/train/0029/0014/V00_S1309_I00001228_P1124A,uniform_improvised,improvised,5213,V00,improvised,train,ipc_conversation,uniform random within V00 improvised,"{""avg_fps"": 30.0, ""label_stratum"": ""improvised"", ""npz_frames_min"": 10680, ""npz_status"": ""ok"", ""render_frames"": 300, ""uniform_draw"": 0.004517093, ""valid_frac_box"": 1.0, ""valid_frac_smplh"": 0.973034, ""video_nb_frames"": 10680}",render
v00_275,uniform_improvised_275_V00_S0721_I00001288_P0196A_f0003832,V00_S0721_I00001288_P0196A,improvised/train/0014/0019/V00_S0721_I00001288_P0196A,improvised/train/0014/0061/V00_S0721_I00001288_P0359A,uniform_improvised,improvised,3832,V00,improvised,train,ipc_conversation,uniform random within V00 improvised,"{""avg_fps"": 30.0, ""label_stratum"": ""improvised"", ""npz_frames_min"": 7980, ""npz_status"": ""ok"", ""render_frames"": 300, ""uniform_draw"": 0.004578668, ""valid_frac_box"": 0.998872, ""valid_frac_smplh"": 0.993609, ""video_nb_frames"": 7980}",render
v00_276,uniform_improvised_276_V00_S1382_I00000646_P0921A_f0000339,V00_S1382_I00000646_P0921A,improvised/train/0032/0024/V00_S1382_I00000646_P0921A,improvised/train/0032/0039/V00_S1382_I00000646_P0397A,uniform_improvised,improvised,339,V00,improvised,train,ipc_conversation,uniform random within V00 improvised,"{""avg_fps"": 30.0, ""label_stratum"": ""improvised"", ""npz_frames_min"": 9420, ""npz_status"": ""ok"", ""render_frames"": 300, ""uniform_draw"": 0.004607559, ""valid_frac_box"": 1.0, ""valid_frac_smplh"": 0.99724, ""video_nb_frames"": 9420}",render
v00_277,uniform_improvised_277_V00_S0425_I00000850_P0383A_f0001079,V00_S0425_I00000850_P0383A,improvised/train/0009/0017/V00_S0425_I00000850_P0383A,improvised/train/0009/0007/V00_S0425_I00000850_P0193A,uniform_improvised,improvised,1079,V00,improvised,train,ipc_conversation,uniform random within V00 improvised,"{""avg_fps"": 30.0, ""label_stratum"": ""improvised"", ""npz_frames_min"": 5040, ""npz_status"": ""ok"", ""render_frames"": 300, ""uniform_draw"": 0.004626518, ""valid_frac_box"": 1.0, ""valid_frac_smplh"": 0.902579, ""video_nb_frames"": 5040}",render
v00_278,uniform_improvised_278_V00_S0258_I00000138_P0355_f0002582,V00_S0258_I00000138_P0355,improvised/train/0006/0004/V00_S0258_I00000138_P0355,improvised/train/0006/0036/V00_S0258_I00000138_P0006A,uniform_improvised,improvised,2582,V00,improvised,train,ipc_conversation,uniform random within V00 improvised,"{""avg_fps"": 30.0, ""label_stratum"": ""improvised"", ""npz_frames_min"": 3360, ""npz_status"": ""ok"", ""render_frames"": 300, ""uniform_draw"": 0.004673033, ""valid_frac_box"": 1.0, ""valid_frac_smplh"": 0.999107, ""video_nb_frames"": 3360}",render
v00_279,uniform_improvised_279_V00_S1325_I00001194_P0002A_f0009687,V00_S1325_I00001194_P0002A,improvised/train/0030/0042/V00_S1325_I00001194_P0002A,improvised/train/0030/0059/V00_S1325_I00001194_P0005A,uniform_improvised,improvised,9687,V00,improvised,train,ipc_conversation,uniform random within V00 improvised,"{""avg_fps"": 30.0, ""label_stratum"": ""improvised"", ""npz_frames_min"": 14400, ""npz_status"": ""ok"", ""render_frames"": 300, ""uniform_draw"": 0.004831154, ""valid_frac_box"": 1.0, ""valid_frac_smplh"": 0.999722, ""video_nb_frames"": 14400}",render
v00_280,uniform_improvised_280_V00_S0134_I00000536_P0195_f0000650,V00_S0134_I00000536_P0195,improvised/train/0002/0034/V00_S0134_I00000536_P0195,improvised/train/0002/0012/V00_S0134_I00000536_P0003A,uniform_improvised,improvised,650,V00,improvised,train,ipc_conversation,uniform random within V00 improvised,"{""avg_fps"": 30.0, ""label_stratum"": ""improvised"", ""npz_frames_min"": 6600, ""npz_status"": ""ok"", ""render_frames"": 300, ""uniform_draw"": 0.004890866, ""valid_frac_box"": 1.0, ""valid_frac_smplh"": 0.98697, ""video_nb_frames"": 6600}",render
v00_281,uniform_improvised_281_V00_S1350_I00001120_P1094A_f0000611,V00_S1350_I00001120_P1094A,improvised/train/0031/0007/V00_S1350_I00001120_P1094A,improvised/train/0031/0003/V00_S1350_I00001120_P0437A,uniform_improvised,improvised,611,V00,improvised,train,ipc_conversation,uniform random within V00 improvised,"{""avg_fps"": 30.0, ""label_stratum"": ""improvised"", ""npz_frames_min"": 8460, ""npz_status"": ""ok"", ""render_frames"": 300, ""uniform_draw"": 0.004895304, ""valid_frac_box"": 1.0, ""valid_frac_smplh"": 0.979905, ""video_nb_frames"": 8460}",render
v00_282,uniform_improvised_282_V00_S0764_I00000132_P0500_f0000126,V00_S0764_I00000132_P0500,improvised/train/0015/0015/V00_S0764_I00000132_P0500,improvised/train/0015/0017/V00_S0764_I00000132_P0085A,uniform_improvised,improvised,126,V00,improvised,train,ipc_conversation,uniform random within V00 improvised,"{""avg_fps"": 30.0, ""label_stratum"": ""improvised"", ""npz_frames_min"": 2700, ""npz_status"": ""ok"", ""render_frames"": 300, ""uniform_draw"": 0.004921133, ""valid_frac_box"": 1.0, ""valid_frac_smplh"": 0.996667, ""video_nb_frames"": 2700}",render
v00_283,uniform_improvised_283_V00_S1534_I00000692_P0707A_f0000500,V00_S1534_I00000692_P0707A,improvised/train/0036/0018/V00_S1534_I00000692_P0707A,improvised/train/0036/0000/V00_S1534_I00000692_P1148A,uniform_improvised,improvised,500,V00,improvised,train,ipc_conversation,uniform random within V00 improvised,"{""avg_fps"": 30.0, ""label_stratum"": ""improvised"", ""npz_frames_min"": 5040, ""npz_status"": ""ok"", ""render_frames"": 300, ""uniform_draw"": 0.00494631, ""valid_frac_box"": 1.0, ""valid_frac_smplh"": 0.994444, ""video_nb_frames"": 5040}",render
v00_284,uniform_improvised_284_V00_S0107_I00000536_P0155_f0000479,V00_S0107_I00000536_P0155,improvised/train/0002/0040/V00_S0107_I00000536_P0155,improvised/train/0002/0029/V00_S0107_I00000536_P0026A,uniform_improvised,improvised,479,V00,improvised,train,ipc_conversation,uniform random within V00 improvised,"{""avg_fps"": 30.0, ""label_stratum"": ""improvised"", ""npz_frames_min"": 4620, ""npz_status"": ""ok"", ""render_frames"": 300, ""uniform_draw"": 0.005004476, ""valid_frac_box"": 1.0, ""valid_frac_smplh"": 1.0, ""video_nb_frames"": 4620}",render
v00_285,uniform_improvised_285_V00_S0862_I00000800_P0935A_f0008974,V00_S0862_I00000800_P0935A,improvised/train/0017/0060/V00_S0862_I00000800_P0935A,improvised/train/0017/0024/V00_S0862_I00000800_P0976A,uniform_improvised,improvised,8974,V00,improvised,train,ipc_conversation,uniform random within V00 improvised,"{""avg_fps"": 30.0, ""label_stratum"": ""improvised"", ""npz_frames_min"": 11400, ""npz_status"": ""ok"", ""render_frames"": 300, ""uniform_draw"": 0.005026985, ""valid_frac_box"": 1.0, ""valid_frac_smplh"": 0.987193, ""video_nb_frames"": 11400}",render
v00_286,uniform_improvised_286_V00_S0141_I00000544_P0004A_f0006122,V00_S0141_I00000544_P0004A,improvised/train/0003/0027/V00_S0141_I00000544_P0004A,improvised/train/0003/0041/V00_S0141_I00000544_P0203,uniform_improvised,improvised,6122,V00,improvised,train,ipc_conversation,uniform random within V00 improvised,"{""avg_fps"": 30.0, ""label_stratum"": ""improvised"", ""npz_frames_min"": 7140, ""npz_status"": ""ok"", ""render_frames"": 300, ""uniform_draw"": 0.005055664, ""valid_frac_box"": 1.0, ""valid_frac_smplh"": 0.99958, ""video_nb_frames"": 7140}",render
v00_287,uniform_improvised_287_V00_S1880_I00001021_P1106A_f0004625,V00_S1880_I00001021_P1106A,improvised/train/0046/0052/V00_S1880_I00001021_P1106A,improvised/train/0046/0051/V00_S1880_I00001021_P1147A,uniform_improvised,improvised,4625,V00,improvised,train,ipc_conversation,uniform random within V00 improvised,"{""avg_fps"": 30.0, ""label_stratum"": ""improvised"", ""npz_frames_min"": 11460, ""npz_status"": ""ok"", ""render_frames"": 300, ""uniform_draw"": 0.005098484, ""valid_frac_box"": 1.0, ""valid_frac_smplh"": 0.988133, ""video_nb_frames"": 11460}",render
v00_288,uniform_improvised_288_V00_S0293_I00000479_P0310_f0004135,V00_S0293_I00000479_P0310,improvised/train/0007/0030/V00_S0293_I00000479_P0310,improvised/train/0007/0004/V00_S0293_I00000479_P0028A,uniform_improvised,improvised,4135,V00,improvised,train,ipc_conversation,uniform random within V00 improvised,"{""avg_fps"": 30.0, ""label_stratum"": ""improvised"", ""npz_frames_min"": 6600, ""npz_status"": ""ok"", ""render_frames"": 300, ""uniform_draw"": 0.005124041, ""valid_frac_box"": 1.0, ""valid_frac_smplh"": 0.997424, ""video_nb_frames"": 6600}",render
v00_289,uniform_improvised_289_V00_S0877_I00000495_P0989_f0000343,V00_S0877_I00000495_P0989,improvised/train/0018/0050/V00_S0877_I00000495_P0989,improvised/train/0018/0049/V00_S0877_I00000495_P0028A,uniform_improvised,improvised,343,V00,improvised,train,ipc_conversation,uniform random within V00 improvised,"{""avg_fps"": 30.0, ""label_stratum"": ""improvised"", ""npz_frames_min"": 5760, ""npz_status"": ""ok"", ""render_frames"": 300, ""uniform_draw"": 0.005137082, ""valid_frac_box"": 1.0, ""valid_frac_smplh"": 0.995139, ""video_nb_frames"": 5760}",render
v00_290,uniform_improvised_290_V00_S0696_I00000502_P0844A_f0002297,V00_S0696_I00000502_P0844A,improvised/dev/0000/0034/V00_S0696_I00000502_P0844A,improvised/dev/0000/0045/V00_S0696_I00000502_P0847,uniform_improvised,improvised,2297,V00,improvised,dev,ipc_conversation,uniform random within V00 improvised,"{""avg_fps"": 30.0, ""label_stratum"": ""improvised"", ""npz_frames_min"": 6360, ""npz_status"": ""ok"", ""render_frames"": 300, ""uniform_draw"": 0.005209614, ""valid_frac_box"": 1.0, ""valid_frac_smplh"": 1.0, ""video_nb_frames"": 6360}",render
v00_291,uniform_improvised_291_V00_S0335_I00000125_P0150A_f0002083,V00_S0335_I00000125_P0150A,improvised/train/0007/0030/V00_S0335_I00000125_P0150A,improvised/train/0007/0014/V00_S0335_I00000125_P0450,uniform_improvised,improvised,2083,V00,improvised,train,ipc_conversation,uniform random within V00 improvised,"{""avg_fps"": 30.0, ""label_stratum"": ""improvised"", ""npz_frames_min"": 4920, ""npz_status"": ""ok"", ""render_frames"": 300, ""uniform_draw"": 0.005224558, ""valid_frac_box"": 1.0, ""valid_frac_smplh"": 1.0, ""video_nb_frames"": 4920}",render
v00_292,uniform_improvised_292_V00_S0299_I00000309_P0403_f0004015,V00_S0299_I00000309_P0403,improvised/train/0007/0036/V00_S0299_I00000309_P0403,improvised/train/0007/0021/V00_S0299_I00000309_P0028A,uniform_improvised,improvised,4015,V00,improvised,train,ipc_conversation,uniform random within V00 improvised,"{""avg_fps"": 30.0, ""label_stratum"": ""improvised"", ""npz_frames_min"": 6120, ""npz_status"": ""ok"", ""render_frames"": 300, ""uniform_draw"": 0.005255809, ""valid_frac_box"": 1.0, ""valid_frac_smplh"": 0.997712, ""video_nb_frames"": 6120}",render
v00_293,uniform_improvised_293_V00_S1302_I00001067_P0006A_f0004442,V00_S1302_I00001067_P0006A,improvised/train/0029/0053/V00_S1302_I00001067_P0006A,improvised/train/0029/0003/V00_S1302_I00001067_P0059A,uniform_improvised,improvised,4442,V00,improvised,train,ipc_conversation,uniform random within V00 improvised,"{""avg_fps"": 30.0, ""label_stratum"": ""improvised"", ""npz_frames_min"": 8940, ""npz_status"": ""ok"", ""render_frames"": 300, ""uniform_draw"": 0.005271601, ""valid_frac_box"": 1.0, ""valid_frac_smplh"": 0.992841, ""video_nb_frames"": 8940}",render
v00_294,uniform_improvised_294_V00_S1194_I00001200_P0196A_f0007997,V00_S1194_I00001200_P0196A,improvised/train/0026/0055/V00_S1194_I00001200_P0196A,improvised/train/0026/0071/V00_S1194_I00001200_P0388A,uniform_improvised,improvised,7997,V00,improvised,train,ipc_conversation,uniform random within V00 improvised,"{""avg_fps"": 30.0, ""label_stratum"": ""improvised"", ""npz_frames_min"": 9120, ""npz_status"": ""ok"", ""render_frames"": 300, ""uniform_draw"": 0.005340444, ""valid_frac_box"": 1.0, ""valid_frac_smplh"": 1.0, ""video_nb_frames"": 9120}",render
v00_295,uniform_improvised_295_V00_S0340_I00000495_P0365_f0004323,V00_S0340_I00000495_P0365,improvised/train/0008/0019/V00_S0340_I00000495_P0365,improvised/train/0008/0013/V00_S0340_I00000495_P0040A,uniform_improvised,improvised,4323,V00,improvised,train,ipc_conversation,uniform random within V00 improvised,"{""avg_fps"": 30.0, ""label_stratum"": ""improvised"", ""npz_frames_min"": 9060, ""npz_status"": ""ok"", ""render_frames"": 300, ""uniform_draw"": 0.005350525, ""valid_frac_box"": 1.0, ""valid_frac_smplh"": 1.0, ""video_nb_frames"": 9060}",render
v00_296,uniform_improvised_296_V00_S1099_I00000662_P0682A_f0006956,V00_S1099_I00000662_P0682A,improvised/train/0024/0042/V00_S1099_I00000662_P0682A,improvised/train/0024/0012/V00_S1099_I00000662_P0825A,uniform_improvised,improvised,6956,V00,improvised,train,ipc_conversation,uniform random within V00 improvised,"{""avg_fps"": 30.0, ""label_stratum"": ""improvised"", ""npz_frames_min"": 8160, ""npz_status"": ""ok"", ""render_frames"": 300, ""uniform_draw"": 0.005353667, ""valid_frac_box"": 0.955147, ""valid_frac_smplh"": 0.948284, ""video_nb_frames"": 8160}",render
v00_297,uniform_improvised_297_V00_S0271_I00000578_P0365_f0005751,V00_S0271_I00000578_P0365,improvised/train/0006/0026/V00_S0271_I00000578_P0365,improvised/train/0006/0015/V00_S0271_I00000578_P0085A,uniform_improvised,improvised,5751,V00,improvised,train,ipc_conversation,uniform random within V00 improvised,"{""avg_fps"": 30.0, ""label_stratum"": ""improvised"", ""npz_frames_min"": 6300, ""npz_status"": ""ok"", ""render_frames"": 300, ""uniform_draw"": 0.005367834, ""valid_frac_box"": 1.0, ""valid_frac_smplh"": 1.0, ""video_nb_frames"": 6300}",render
v00_298,uniform_improvised_298_V00_S0197_I00000537_P0027A_f0002431,V00_S0197_I00000537_P0027A,improvised/train/0004/0041/V00_S0197_I00000537_P0027A,improvised/train/0004/0025/V00_S0197_I00000537_P0268,uniform_improvised,improvised,2431,V00,improvised,train,ipc_conversation,uniform random within V00 improvised,"{""avg_fps"": 30.0, ""label_stratum"": ""improvised"", ""npz_frames_min"": 7740, ""npz_status"": ""ok"", ""render_frames"": 300, ""uniform_draw"": 0.005370613, ""valid_frac_box"": 1.0, ""valid_frac_smplh"": 0.99832, ""video_nb_frames"": 7740}",render
v00_299,uniform_improvised_299_V00_S0891_I00000813_P0825A_f0003644,V00_S0891_I00000813_P0825A,improvised/train/0018/0028/V00_S0891_I00000813_P0825A,improvised/train/0018/0042/V00_S0891_I00000813_P0150A,uniform_improvised,improvised,3644,V00,improvised,train,ipc_conversation,uniform random within V00 improvised,"{""avg_fps"": 30.0, ""label_stratum"": ""improvised"", ""npz_frames_min"": 8340, ""npz_status"": ""ok"", ""render_frames"": 300, ""uniform_draw"": 0.005376355, ""valid_frac_box"": 1.0, ""valid_frac_smplh"": 1.0, ""video_nb_frames"": 8340}",render
v00_300,targeted_300_V00_S1933_I00000005_P1220_f0002969,V00_S1933_I00000005_P1220,naturalistic/train/0031/0017/V00_S1933_I00000005_P1220,naturalistic/train/0031/0033/V00_S1933_I00000005_P0805,targeted,naturalistic,2969,V00,naturalistic,train,ipc_conversation,extreme:vocab_framing:smallest_person_in_frame,"{""avg_fps"": 30.0, ""label_of_pick"": ""naturalistic"", ""npz_frames_min"": 3720, ""npz_status"": ""ok"", ""pool"": ""v00_pool_signals"", ""render_frames"": 300, ""selector_column"": ""framing_person_height_frac_p50"", ""selector_value"": 0.508744732538859, ""targeted_role"": ""vocabulary_extreme"", ""valid_frac_box"": 1.0, ""valid_frac_smplh"": 1.0, ""video_nb_frames"": 3720, ""vocabulary_term"": ""framing""}",render
v00_301,targeted_301_V00_S0147_I00000385_P0209_f0000772,V00_S0147_I00000385_P0209,naturalistic/train/0003/0004/V00_S0147_I00000385_P0209,naturalistic/train/0003/0035/V00_S0147_I00000385_P0070,targeted,naturalistic,772,V00,naturalistic,train,ipc_conversation,extreme:vocab_framing:largest_person_in_frame,"{""avg_fps"": 30.0, ""label_of_pick"": ""naturalistic"", ""npz_frames_min"": 3300, ""npz_status"": ""ok"", ""pool"": ""v00_pool_signals"", ""render_frames"": 300, ""selector_column"": ""framing_person_height_frac_p50"", ""selector_value"": 0.8426852862040202, ""targeted_role"": ""vocabulary_extreme"", ""valid_frac_box"": 1.0, ""valid_frac_smplh"": 1.0, ""video_nb_frames"": 3300, ""vocabulary_term"": ""framing""}",render
v00_302,targeted_302_V00_S0464_I00000482_P0593_f0002507,V00_S0464_I00000482_P0593,naturalistic/train/0012/0036/V00_S0464_I00000482_P0593,naturalistic/train/0012/0006/V00_S0464_I00000482_P0334,targeted,naturalistic,2507,V00,naturalistic,train,ipc_conversation,extreme:vocab_framing:closest_to_raster_edge,"{""avg_fps"": 30.0, ""label_of_pick"": ""naturalistic"", ""npz_frames_min"": 10620, ""npz_status"": ""ok"", ""pool"": ""v00_pool_signals"", ""render_frames"": 300, ""selector_column"": ""framing_min_edge_margin_frac_p50"", ""selector_value"": -0.020072880497685186, ""targeted_role"": ""vocabulary_extreme"", ""valid_frac_box"": 1.0, ""valid_frac_smplh"": 0.986723, ""video_nb_frames"": 10620, ""vocabulary_term"": ""framing""}",render
v00_303,targeted_303_V00_S0360_I00000381_P0485_f0004257,V00_S0360_I00000381_P0485,naturalistic/dev/0000/0036/V00_S0360_I00000381_P0485,naturalistic/dev/0000/0035/V00_S0360_I00000381_P0484,targeted,naturalistic,4257,V00,naturalistic,dev,ipc_conversation,extreme:vocab_framing:most_frames_touching_edge,"{""avg_fps"": 30.0, ""label_of_pick"": ""naturalistic"", ""npz_frames_min"": 6360, ""npz_status"": ""ok"", ""pool"": ""v00_pool_signals"", ""render_frames"": 300, ""selector_column"": ""framing_frames_touching_edge_frac"", ""selector_value"": 0.5621069182389937, ""targeted_role"": ""vocabulary_extreme"", ""valid_frac_box"": 1.0, ""valid_frac_smplh"": 1.0, ""video_nb_frames"": 6360, ""vocabulary_term"": ""framing""}",render
v00_304,targeted_304_V00_S0649_I00000377_P0802_f0009109,V00_S0649_I00000377_P0802,improvised/train/0012/0019/V00_S0649_I00000377_P0802,improvised/train/0012/0032/V00_S0649_I00000377_P0262A,targeted,improvised,9109,V00,improvised,train,ipc_conversation,extreme:vocab_framing:most_body_points_outside_raster,"{""avg_fps"": 30.0, ""label_of_pick"": ""improvised"", ""npz_frames_min"": 10440, ""npz_status"": ""ok"", ""pool"": ""v00_pool_signals"", ""render_frames"": 300, ""selector_column"": ""framing_body_out_of_frame_point_frac"", ""selector_value"": 0.07016335084546263, ""targeted_role"": ""vocabulary_extreme"", ""valid_frac_box"": 0.98113, ""valid_frac_smplh"": 0.554502, ""video_nb_frames"": 10440, ""vocabulary_term"": ""framing""}",render
v00_305,targeted_305_V00_S1516_I00001044_P0799A_f0004032,V00_S1516_I00001044_P0799A,improvised/train/0036/0014/V00_S1516_I00001044_P0799A,improvised/train/0036/0028/V00_S1516_I00001044_P0230A,targeted,improvised,4032,V00,improvised,train,ipc_conversation,extreme:vocab_framing:most_off_centre_horizontally,"{""avg_fps"": 30.0, ""label_of_pick"": ""improvised"", ""npz_frames_min"": 5220, ""npz_status"": ""ok"", ""pool"": ""v00_pool_signals"", ""render_frames"": 300, ""selector_column"": ""framing_centre_offset_x_frac_p50"", ""selector_value"": 0.18076098406756366, ""targeted_role"": ""vocabulary_extreme"", ""valid_frac_box"": 1.0, ""valid_frac_smplh"": 0.998467, ""video_nb_frames"": 5220, ""vocabulary_term"": ""framing""}",render
v00_306,targeted_306_V00_S0638_I00000135_P0693_f0000687,V00_S0638_I00000135_P0693,naturalistic/train/0018/0008/V00_S0638_I00000135_P0693,naturalistic/train/0018/0021/V00_S0638_I00000135_P0797,targeted,naturalistic,687,V00,naturalistic,train,collaborative_storytelling,extreme:vocab_roll:largest_shoulder_line_tilt,"{""avg_fps"": 30.0, ""label_of_pick"": ""naturalistic"", ""npz_frames_min"": 4620, ""npz_status"": ""ok"", ""pool"": ""v00_pool_signals"", ""render_frames"": 300, ""selector_column"": ""roll_shoulder_abs_deg_p50"", ""selector_value"": 18.43493100431337, ""targeted_role"": ""vocabulary_extreme"", ""valid_frac_box"": 1.0, ""valid_frac_smplh"": 0.908874, ""video_nb_frames"": 4620, ""vocabulary_term"": ""roll""}",render
v00_307,targeted_307_V00_S1160_I00001039_P0042A_f0009502,V00_S1160_I00001039_P0042A,improvised/train/0025/0064/V00_S1160_I00001039_P0042A,improvised/train/0025/0033/V00_S1160_I00001039_P0004A,targeted,improvised,9502,V00,improvised,train,ipc_conversation,extreme:vocab_roll:most_variable_shoulder_tilt,"{""avg_fps"": 30.0, ""label_of_pick"": ""improvised"", ""npz_frames_min"": 12000, ""npz_status"": ""ok"", ""pool"": ""v00_pool_signals"", ""render_frames"": 300, ""selector_column"": ""roll_shoulder_deg_iqr"", ""selector_value"": 24.751530025431713, ""targeted_role"": ""vocabulary_extreme"", ""valid_frac_box"": 1.0, ""valid_frac_smplh"": 0.959667, ""video_nb_frames"": 12000, ""vocabulary_term"": ""roll""}",render
v00_308,targeted_308_V00_S0596_I00000477_P0754_f0001305,V00_S0596_I00000477_P0754,naturalistic/train/0017/0035/V00_S0596_I00000477_P0754,naturalistic/train/0017/0005/V00_S0596_I00000477_P0753,targeted,naturalistic,1305,V00,naturalistic,train,ipc_conversation,extreme:vocab_roll:largest_shoulder_versus_hip_tilt,"{""avg_fps"": 30.0, ""label_of_pick"": ""naturalistic"", ""npz_frames_min"": 2520, ""npz_status"": ""ok"", ""pool"": ""v00_pool_signals"", ""render_frames"": 300, ""selector_column"": ""roll_shoulder_minus_hip_deg_p50"", ""selector_value"": 9.525933536461494, ""targeted_role"": ""vocabulary_extreme"", ""valid_frac_box"": 1.0, ""valid_frac_smplh"": 1.0, ""video_nb_frames"": 2520, ""vocabulary_term"": ""roll""}",render
v00_309,targeted_309_V00_S0404_I00000132_P0005A_f0005392,V00_S0404_I00000132_P0005A,improvised/train/0008/0013/V00_S0404_I00000132_P0005A,improvised/train/0008/0041/V00_S0404_I00000132_P0532,targeted,improvised,5392,V00,improvised,train,ipc_conversation,extreme:vocab_sitting:lowest_leg_to_torso_ratio_sitting_candidate,"{""avg_fps"": 30.0, ""label_of_pick"": ""improvised"", ""npz_frames_min"": 10500, ""npz_status"": ""ok"", ""pool"": ""v00_pool_signals"", ""render_frames"": 300, ""selector_column"": ""posture_leg_over_torso_p50"", ""selector_value"": 0.6673325446279004, ""targeted_role"": ""vocabulary_extreme"", ""valid_frac_box"": 1.0, ""valid_frac_smplh"": 0.990667, ""video_nb_frames"": 10500, ""vocabulary_term"": ""sitting""}",render
v00_310,targeted_310_V00_S0555_I00000497_P0699_f0002000,V00_S0555_I00000497_P0699,naturalistic/train/0015/0031/V00_S0555_I00000497_P0699,naturalistic/train/0015/0043/V00_S0555_I00000497_P0698,targeted,naturalistic,2000,V00,naturalistic,train,grounded_gesture,extreme:vocab_sitting:knees_least_below_hips_sitting_candidate,"{""avg_fps"": 30.0, ""label_of_pick"": ""naturalistic"", ""npz_frames_min"": 10560, ""npz_status"": ""ok"", ""pool"": ""v00_pool_signals"", ""render_frames"": 300, ""selector_column"": ""posture_knee_drop_over_torso_p50"", ""selector_value"": 0.29504199329249337, ""targeted_role"": ""vocabulary_extreme"", ""valid_frac_box"": 1.0, ""valid_frac_smplh"": 0.993655, ""video_nb_frames"": 10560, ""vocabulary_term"": ""sitting""}",render
v00_311,targeted_311_V00_S0046_I00000138_P0069_f0001949,V00_S0046_I00000138_P0069,naturalistic/train/0000/0013/V00_S0046_I00000138_P0069,naturalistic/train/0000/0003/V00_S0046_I00000138_P0070,targeted,naturalistic,1949,V00,naturalistic,train,ipc_conversation,extreme:vocab_sitting:ankles_least_often_tracked,"{""avg_fps"": 30.0, ""label_of_pick"": ""naturalistic"", ""npz_frames_min"": 4680, ""npz_status"": ""ok"", ""pool"": ""v00_pool_signals"", ""render_frames"": 300, ""selector_column"": ""posture_ankles_usable_frac"", ""selector_value"": 0.6282051282051282, ""targeted_role"": ""vocabulary_extreme"", ""valid_frac_box"": 0.630983, ""valid_frac_smplh"": 0.525855, ""video_nb_frames"": 4679, ""vocabulary_term"": ""sitting""}",render
v00_312,targeted_312_V00_S0053_I00000371_P0083_f0000173,V00_S0053_I00000371_P0083,naturalistic/train/0000/0005/V00_S0053_I00000371_P0083,naturalistic/train/0000/0006/V00_S0053_I00000371_P0082,targeted,naturalistic,173,V00,naturalistic,train,ipc_conversation,extreme:vocab_static_hands:hands_most_static_across_whole_file,"{""avg_fps"": 30.0, ""label_of_pick"": ""naturalistic"", ""npz_frames_min"": 1920, ""npz_status"": ""ok"", ""pool"": ""v00_pool_signals"", ""render_frames"": 300, ""selector_column"": ""hand_activity_static_frac"", ""selector_value"": 1.0, ""targeted_role"": ""vocabulary_extreme"", ""valid_frac_box"": 1.0, ""valid_frac_smplh"": 1.0, ""video_nb_frames"": 1920, ""vocabulary_term"": ""static_hands""}",render
v00_313,targeted_313_V00_S0451_I00000138_P0416_f0001602,V00_S0451_I00000138_P0416,naturalistic/train/0012/0027/V00_S0451_I00000138_P0416,naturalistic/train/0012/0025/V00_S0451_I00000138_P0586,targeted,naturalistic,1602,V00,naturalistic,train,ipc_conversation,extreme:vocab_static_hands:slowest_left_wrist_whole_file,"{""avg_fps"": 30.0, ""label_of_pick"": ""naturalistic"", ""npz_frames_min"": 3120, ""npz_status"": ""ok"", ""pool"": ""v00_pool_signals"", ""render_frames"": 300, ""selector_column"": ""hand_activity_left_speed_sw_per_s_p50"", ""selector_value"": 0.015620084372906386, ""targeted_role"": ""vocabulary_extreme"", ""valid_frac_box"": 1.0, ""valid_frac_smplh"": 1.0, ""video_nb_frames"": 3120, ""vocabulary_term"": ""static_hands""}",render
v00_314,targeted_314_V00_S0045_I00000580_P0067A_f0002007,V00_S0045_I00000580_P0067A,improvised/train/0000/0031/V00_S0045_I00000580_P0067A,improvised/train/0000/0009/V00_S0045_I00000580_P0068,targeted,improvised,2007,V00,improvised,train,ipc_conversation,extreme:vocab_static_hands:left_hand_least_often_above_hips,"{""avg_fps"": 30.0, ""label_of_pick"": ""improvised"", ""npz_frames_min"": 2340, ""npz_status"": ""ok"", ""pool"": ""v00_pool_signals"", ""render_frames"": 300, ""selector_column"": ""hand_activity_left_above_hip_frac"", ""selector_value"": 0.0, ""targeted_role"": ""vocabulary_extreme"", ""valid_frac_box"": 1.0, ""valid_frac_smplh"": 1.0, ""video_nb_frames"": 2340, ""vocabulary_term"": ""static_hands""}",render
v00_315,targeted_315_V00_S0054_I00000580_P0027A_f0002674,V00_S0054_I00000580_P0027A,improvised/train/0000/0001/V00_S0054_I00000580_P0027A,improvised/train/0000/0018/V00_S0054_I00000580_P0084,targeted,improvised,2674,V00,improvised,train,ipc_conversation,extreme:vocab_static_hands:right_hand_least_often_above_hips,"{""avg_fps"": 30.0, ""label_of_pick"": ""improvised"", ""npz_frames_min"": 4260, ""npz_status"": ""ok"", ""pool"": ""v00_pool_signals"", ""render_frames"": 300, ""selector_column"": ""hand_activity_right_above_hip_frac"", ""selector_value"": 0.0, ""targeted_role"": ""vocabulary_extreme"", ""valid_frac_box"": 1.0, ""valid_frac_smplh"": 1.0, ""video_nb_frames"": 4260, ""vocabulary_term"": ""static_hands""}",render
v00_316,targeted_316_V00_S0704_I00000461_P0576_f0004387,V00_S0704_I00000461_P0576,naturalistic/train/0020/0021/V00_S0704_I00000461_P0576,naturalistic/train/0020/0014/V00_S0704_I00000461_P0859A,targeted,naturalistic,4387,V00,naturalistic,train,ipc_conversation,extreme:vocab_static_hands:fastest_left_wrist_whole_file,"{""avg_fps"": 30.0, ""label_of_pick"": ""naturalistic"", ""npz_frames_min"": 5400, ""npz_status"": ""ok"", ""pool"": ""v00_pool_signals"", ""render_frames"": 300, ""selector_column"": ""hand_activity_left_speed_sw_per_s_p95"", ""selector_value"": 4.597690702847233, ""targeted_role"": ""vocabulary_extreme"", ""valid_frac_box"": 1.0, ""valid_frac_smplh"": 0.953704, ""video_nb_frames"": 5400, ""vocabulary_term"": ""static_hands""}",render
v00_317,targeted_317_V00_S0081_I00000386_P0117_f0001114,V00_S0081_I00000386_P0117,naturalistic/train/0001/0016/V00_S0081_I00000386_P0117,naturalistic/train/0001/0040/V00_S0081_I00000386_P0118,targeted,naturalistic,1114,V00,naturalistic,train,ipc_conversation,extreme:vocab_static_hands:least_speech_in_whole_file,"{""avg_fps"": 30.0, ""label_of_pick"": ""naturalistic"", ""npz_frames_min"": 4140, ""npz_status"": ""ok"", ""pool"": ""v00_pool_signals"", ""render_frames"": 300, ""selector_column"": ""file_speaking_frac"", ""selector_value"": 0.0, ""targeted_role"": ""vocabulary_extreme"", ""valid_frac_box"": 1.0, ""valid_frac_smplh"": 1.0, ""video_nb_frames"": 4140, ""vocabulary_term"": ""static_hands""}",render
v00_318,targeted_318_V00_S1170_I00001219_P0869A_f0003970,V00_S1170_I00001219_P0869A,improvised/train/0026/0045/V00_S1170_I00001219_P0869A,improvised/train/0026/0029/V00_S1170_I00001219_P0464A,targeted,improvised,3970,V00,improvised,train,ipc_conversation,extreme:vocab_desync_weak_proxy:weakest_mouth_audio_agreement_among_talkative_files,"{""avg_fps"": 30.0, ""best_av_lag_frames"": -15.0, ""best_av_lag_peak_r"": -0.0018820587628176377, ""file_speaking_frac"": 0.7910495049504906, ""label_of_pick"": ""improvised"", ""npz_frames_min"": 12120, ""npz_status"": ""ok"", ""proxy_status"": ""FAILED_VALIDATION_on_V00_resolution"", ""render_frames"": 300, ""targeted_role"": ""vocabulary_extreme"", ""valid_frac_box"": 1.0, ""valid_frac_smplh"": 1.0, ""video_nb_frames"": 12120, ""vocabulary_term"": ""desync_lag""}",render
v00_319,targeted_319_V00_S0898_I00000375_P1001_f0007000,V00_S0898_I00000375_P1001,improvised/train/0019/0030/V00_S0898_I00000375_P1001,improvised/train/0019/0024/V00_S0898_I00000375_P0658A,targeted,improvised,7000,V00,improvised,train,ipc_conversation,extreme:vocab_desync_weak_proxy:strongest_mouth_audio_agreement_among_talkative_files,"{""avg_fps"": 30.0, ""best_av_lag_frames"": -2.0, ""best_av_lag_peak_r"": 0.9108298013965709, ""file_speaking_frac"": 0.4710068965517253, ""label_of_pick"": ""improvised"", ""npz_frames_min"": 8700, ""npz_status"": ""ok"", ""proxy_status"": ""FAILED_VALIDATION_on_V00_resolution"", ""render_frames"": 300, ""targeted_role"": ""vocabulary_extreme"", ""valid_frac_box"": 1.0, ""valid_frac_smplh"": 0.983563, ""video_nb_frames"": 8700, ""vocabulary_term"": ""desync_lag""}",render
v00_320,targeted_320_V00_S1318_I00001110_P0437A_f0002922,V00_S1318_I00001110_P0437A,improvised/train/0030/0011/V00_S1318_I00001110_P0437A,improvised/train/0030/0063/V00_S1318_I00001110_P1094A,targeted,improvised,2922,V00,improvised,train,ipc_conversation,extreme:vocab_desync_container:largest_within_interaction_duration_spread,"{""avg_fps"": 30.0, ""evidence_level"": ""container_level_only_not_within_file_drift"", ""member_spread_s"": 0.043, ""npz_frames_min"": 7969, ""npz_status"": ""ok"", ""render_frames"": 300, ""targeted_role"": ""vocabulary_extreme"", ""valid_frac_box"": 0.993977, ""valid_frac_smplh"": 0.98055, ""video_nb_frames"": 7969, ""vocabulary_term"": ""desync_lag""}",render
v00_321,targeted_321_V00_S0369_I00000510_P0024_f0001185,V00_S0369_I00000510_P0024,naturalistic/train/0009/0008/V00_S0369_I00000510_P0024,naturalistic/train/0009/0018/V00_S0369_I00000510_P0491,targeted,naturalistic,1185,V00,naturalistic,train,ipc_conversation,extreme:vocab_desync_container:largest_video_versus_embedded_audio_duration_gap,"{""abs_duration_gap_s"": 0.0007, ""avg_fps"": 30.0, ""evidence_level"": ""container_level_only_not_within_file_drift"", ""npz_frames_min"": 2636, ""npz_status"": ""ok"", ""render_frames"": 300, ""targeted_role"": ""vocabulary_extreme"", ""valid_frac_box"": 0.948027, ""valid_frac_smplh"": 0.932473, ""video_nb_frames"": 2636, ""vocabulary_term"": ""desync_lag""}",render
v00_322,targeted_322_V00_S0648_I00000545_P0801_f0002919,V00_S0648_I00000545_P0801,improvised/dev/0000/0041/V00_S0648_I00000545_P0801,improvised/dev/0000/0034/V00_S0648_I00000545_P0299A,targeted,improvised,2919,V00,improvised,dev,ipc_conversation,extreme:session1_v00_highest_wrist_speed_p90,"{""avg_fps"": 30.0, ""npz_frames_min"": 5640, ""npz_status"": ""ok"", ""render_frames"": 300, ""session1_metric"": ""wrist_max"", ""session1_value"": 226.05224172036102, ""targeted_role"": ""session1_extreme"", ""valid_frac_box"": 1.0, ""valid_frac_smplh"": 0.97039, ""video_nb_frames"": 5640}",render
v00_323,targeted_323_V00_S0700_I00000132_P0852_f0003468,V00_S0700_I00000132_P0852,improvised/dev/0000/0013/V00_S0700_I00000132_P0852,improvised/dev/0000/0027/V00_S0700_I00000132_P0844A,targeted,improvised,3468,V00,improvised,dev,ipc_conversation,extreme:session1_v00_lowest_wrist_speed_p90,"{""avg_fps"": 30.0, ""npz_frames_min"": 10200, ""npz_status"": ""ok"", ""render_frames"": 300, ""session1_metric"": ""wrist_min"", ""session1_value"": 0.5889299977377387, ""targeted_role"": ""session1_extreme"", ""valid_frac_box"": 1.0, ""valid_frac_smplh"": 1.0, ""video_nb_frames"": 10200}",render
v00_324,targeted_324_V00_S0080_I00000372_P0115_f0003164,V00_S0080_I00000372_P0115,naturalistic/dev/0000/0020/V00_S0080_I00000372_P0115,naturalistic/dev/0000/0015/V00_S0080_I00000372_P0116,targeted,naturalistic,3164,V00,naturalistic,dev,ipc_conversation,extreme:session1_v00_largest_duration_mismatch,"{""avg_fps"": 30.0, ""npz_frames_min"": 4800, ""npz_status"": ""ok"", ""render_frames"": 300, ""session1_metric"": ""mismatch_max"", ""session1_value"": 0.0, ""targeted_role"": ""session1_extreme"", ""valid_frac_box"": 1.0, ""valid_frac_smplh"": 1.0, ""video_nb_frames"": 4800}",render
v00_325,targeted_325_V00_S0152_I00000383_P0217_f0002921,V00_S0152_I00000383_P0217,naturalistic/dev/0000/0011/V00_S0152_I00000383_P0217,naturalistic/dev/0000/0028/V00_S0152_I00000383_P0216,targeted,naturalistic,2921,V00,naturalistic,dev,ipc_conversation,extreme:session1_v00_lowest_window_validity,"{""avg_fps"": 30.0, ""npz_frames_min"": 4080, ""npz_status"": ""ok"", ""render_frames"": 300, ""session1_metric"": ""valid_min"", ""session1_value"": 0.0, ""targeted_role"": ""session1_extreme"", ""valid_frac_box"": 1.0, ""valid_frac_smplh"": 1.0, ""video_nb_frames"": 4080}",render
v00_326,targeted_326_V00_S0644_I00000770_P0799_f0000000,V00_S0644_I00000770_P0799,improvised/dev/0000/0023/V00_S0644_I00000770_P0799,improvised/dev/0000/0031/V00_S0644_I00000770_P0299A,targeted,improvised,0,V00,improvised,dev,ipc_conversation,extreme:session1_v00_longest_smplh_invalid_run,"{""avg_fps"": 30.0, ""mask"": ""smplh"", ""npz_frames_min"": 5700, ""npz_status"": ""ok"", ""render_frames"": 300, ""run_length_frames"": 903, ""targeted_role"": ""session1_extreme"", ""valid_frac_box"": 1.0, ""valid_frac_smplh"": 0.642281, ""video_nb_frames"": 5700}",render
v00_327,targeted_327_V00_S2089_I00001163_P1281A_f0000000,V00_S2089_I00001163_P1281A,improvised/dev/0000/0014/V00_S2089_I00001163_P1281A,improvised/dev/0000/0037/V00_S2089_I00001163_P1346A,targeted,improvised,0,V00,improvised,dev,ipc_conversation,extreme:session1_v00_longest_movement_invalid_run,"{""avg_fps"": 30.0, ""mask"": ""movement"", ""npz_frames_min"": 6780, ""npz_status"": ""ok"", ""render_frames"": 300, ""run_length_frames"": 6780, ""targeted_role"": ""session1_extreme"", ""valid_frac_box"": 1.0, ""valid_frac_smplh"": 1.0, ""video_nb_frames"": 6780}",render
v00_328,targeted_328_V00_S0055_I00000135_P0029A_f0000890,V00_S0055_I00000135_P0029A,improvised/train/0000/0023/V00_S0055_I00000135_P0029A,improvised/train/0000/0010/V00_S0055_I00000135_P0085,targeted,improvised,890,V00,improvised,train,collaborative_storytelling,stratified_fill:improvised|collaborative_storytelling,"{""avg_fps"": 30.0, ""npz_frames_min"": 2220, ""npz_status"": ""ok"", ""render_frames"": 300, ""stratum"": ""improvised|collaborative_storytelling"", ""targeted_role"": ""stratified_fill"", ""valid_frac_box"": 1.0, ""valid_frac_smplh"": 1.0, ""video_nb_frames"": 2220}",render
v00_329,targeted_329_V00_S0236_I00000520_P0323_f0002238,V00_S0236_I00000520_P0323,improvised/train/0005/0023/V00_S0236_I00000520_P0323,improvised/train/0005/0010/V00_S0236_I00000520_P0027A,targeted,improvised,2238,V00,improvised,train,grounded_gesture,stratified_fill:improvised|grounded_gesture,"{""avg_fps"": 30.0, ""npz_frames_min"": 8880, ""npz_status"": ""ok"", ""render_frames"": 300, ""stratum"": ""improvised|grounded_gesture"", ""targeted_role"": ""stratified_fill"", ""valid_frac_box"": 1.0, ""valid_frac_smplh"": 0.978153, ""video_nb_frames"": 8880}",render
v00_330,targeted_330_V00_S1283_I00001186_P0002A_f0002062,V00_S1283_I00001186_P0002A,improvised/train/0029/0041/V00_S1283_I00001186_P0002A,improvised/train/0029/0044/V00_S1283_I00001186_P1100A,targeted,improvised,2062,V00,improvised,train,ipc_conversation,stratified_fill:improvised|ipc_conversation,"{""avg_fps"": 30.0, ""npz_frames_min"": 9540, ""npz_status"": ""ok"", ""render_frames"": 300, ""stratum"": ""improvised|ipc_conversation"", ""targeted_role"": ""stratified_fill"", ""valid_frac_box"": 1.0, ""valid_frac_smplh"": 1.0, ""video_nb_frames"": 9540}",render
v00_331,targeted_331_V00_S0361_I00000135_P0377_f0003690,V00_S0361_I00000135_P0377,naturalistic/train/0009/0044/V00_S0361_I00000135_P0377,naturalistic/train/0009/0000/V00_S0361_I00000135_P0298,targeted,naturalistic,3690,V00,naturalistic,train,collaborative_storytelling,stratified_fill:naturalistic|collaborative_storytelling,"{""avg_fps"": 30.0, ""npz_frames_min"": 5520, ""npz_status"": ""ok"", ""render_frames"": 300, ""stratum"": ""naturalistic|collaborative_storytelling"", ""targeted_role"": ""stratified_fill"", ""valid_frac_box"": 1.0, ""valid_frac_smplh"": 1.0, ""video_nb_frames"": 5520}",render
v00_332,targeted_332_V00_S1899_I00000516_P0582_f0002409,V00_S1899_I00000516_P0582,naturalistic/train/0030/0023/V00_S1899_I00000516_P0582,naturalistic/train/0030/0038/V00_S1899_I00000516_P1206,targeted,naturalistic,2409,V00,naturalistic,train,grounded_gesture,stratified_fill:naturalistic|grounded_gesture,"{""avg_fps"": 30.0, ""npz_frames_min"": 4800, ""npz_status"": ""ok"", ""render_frames"": 300, ""stratum"": ""naturalistic|grounded_gesture"", ""targeted_role"": ""stratified_fill"", ""valid_frac_box"": 1.0, ""valid_frac_smplh"": 1.0, ""video_nb_frames"": 4800}",render
v00_333,targeted_333_V00_S0142_I00000514_P0204_f0004104,V00_S0142_I00000514_P0204,naturalistic/train/0002/0015/V00_S0142_I00000514_P0204,naturalistic/train/0002/0034/V00_S0142_I00000514_P0042,targeted,naturalistic,4104,V00,naturalistic,train,ipc_conversation,stratified_fill:naturalistic|ipc_conversation,"{""avg_fps"": 30.0, ""npz_frames_min"": 6180, ""npz_status"": ""ok"", ""render_frames"": 300, ""stratum"": ""naturalistic|ipc_conversation"", ""targeted_role"": ""stratified_fill"", ""valid_frac_box"": 1.0, ""valid_frac_smplh"": 1.0, ""video_nb_frames"": 6180}",render
v00_334,targeted_334_V00_S0172_I00000135_P0012_f0001873,V00_S0172_I00000135_P0012,improvised/train/0004/0040/V00_S0172_I00000135_P0012,improvised/train/0004/0010/V00_S0172_I00000135_P0027A,targeted,improvised,1873,V00,improvised,train,collaborative_storytelling,stratified_fill:improvised|collaborative_storytelling,"{""avg_fps"": 30.0, ""npz_frames_min"": 3720, ""npz_status"": ""ok"", ""render_frames"": 300, ""stratum"": ""improvised|collaborative_storytelling"", ""targeted_role"": ""stratified_fill"", ""valid_frac_box"": 1.0, ""valid_frac_smplh"": 0.999462, ""video_nb_frames"": 3720}",render
v00_335,targeted_335_V00_S0706_I00000520_P0861_f0006082,V00_S0706_I00000520_P0861,improvised/train/0014/0011/V00_S0706_I00000520_P0861,improvised/train/0014/0031/V00_S0706_I00000520_P0012A,targeted,improvised,6082,V00,improvised,train,grounded_gesture,stratified_fill:improvised|grounded_gesture,"{""avg_fps"": 30.0, ""npz_frames_min"": 9900, ""npz_status"": ""ok"", ""render_frames"": 300, ""stratum"": ""improvised|grounded_gesture"", ""targeted_role"": ""stratified_fill"", ""valid_frac_box"": 1.0, ""valid_frac_smplh"": 0.972525, ""video_nb_frames"": 9900}",render
v00_336,targeted_336_V00_S0041_I00000373_P0063_f0000377,V00_S0041_I00000373_P0063,improvised/train/0000/0034/V00_S0041_I00000373_P0063,improvised/train/0000/0036/V00_S0041_I00000373_P0040A,targeted,improvised,377,V00,improvised,train,ipc_conversation,stratified_fill:improvised|ipc_conversation,"{""avg_fps"": 30.0, ""npz_frames_min"": 6000, ""npz_status"": ""ok"", ""render_frames"": 300, ""stratum"": ""improvised|ipc_conversation"", ""targeted_role"": ""stratified_fill"", ""valid_frac_box"": 1.0, ""valid_frac_smplh"": 0.981667, ""video_nb_frames"": 6000}",render
v00_337,targeted_337_V00_S0274_I00000135_P0371_f0001234,V00_S0274_I00000135_P0371,naturalistic/dev/0000/0038/V00_S0274_I00000135_P0371,naturalistic/dev/0000/0040/V00_S0274_I00000135_P0370,targeted,naturalistic,1234,V00,naturalistic,dev,collaborative_storytelling,stratified_fill:naturalistic|collaborative_storytelling,"{""avg_fps"": 30.0, ""npz_frames_min"": 5160, ""npz_status"": ""ok"", ""render_frames"": 300, ""stratum"": ""naturalistic|collaborative_storytelling"", ""targeted_role"": ""stratified_fill"", ""valid_frac_box"": 1.0, ""valid_frac_smplh"": 1.0, ""video_nb_frames"": 5160}",render
v00_338,targeted_338_V00_S0468_I00000503_P0604_f0011010,V00_S0468_I00000503_P0604,naturalistic/train/0012/0016/V00_S0468_I00000503_P0604,naturalistic/train/0012/0038/V00_S0468_I00000503_P0603,targeted,naturalistic,11010,V00,naturalistic,train,grounded_gesture,stratified_fill:naturalistic|grounded_gesture,"{""avg_fps"": 30.0, ""npz_frames_min"": 11760, ""npz_status"": ""ok"", ""render_frames"": 300, ""stratum"": ""naturalistic|grounded_gesture"", ""targeted_role"": ""stratified_fill"", ""valid_frac_box"": 1.0, ""valid_frac_smplh"": 0.983759, ""video_nb_frames"": 11760}",render
v00_339,targeted_339_V00_S0339_I00000477_P0439_f0003887,V00_S0339_I00000477_P0439,naturalistic/train/0008/0007/V00_S0339_I00000477_P0439,naturalistic/train/0008/0011/V00_S0339_I00000477_P0150A,targeted,naturalistic,3887,V00,naturalistic,train,ipc_conversation,stratified_fill:naturalistic|ipc_conversation,"{""avg_fps"": 30.0, ""npz_frames_min"": 6840, ""npz_status"": ""ok"", ""render_frames"": 300, ""stratum"": ""naturalistic|ipc_conversation"", ""targeted_role"": ""stratified_fill"", ""valid_frac_box"": 1.0, ""valid_frac_smplh"": 0.996345, ""video_nb_frames"": 6840}",render
v00_340,targeted_340_V00_S0332_I00000135_P0040A_f0004376,V00_S0332_I00000135_P0040A,improvised/train/0007/0027/V00_S0332_I00000135_P0040A,improvised/train/0007/0018/V00_S0332_I00000135_P0448,targeted,improvised,4376,V00,improvised,train,collaborative_storytelling,stratified_fill:improvised|collaborative_storytelling,"{""avg_fps"": 30.0, ""npz_frames_min"": 6420, ""npz_status"": ""ok"", ""render_frames"": 300, ""stratum"": ""improvised|collaborative_storytelling"", ""targeted_role"": ""stratified_fill"", ""valid_frac_box"": 1.0, ""valid_frac_smplh"": 0.966978, ""video_nb_frames"": 6420}",render
v00_341,targeted_341_V00_S0259_I00000497_P0085A_f0003200,V00_S0259_I00000497_P0085A,improvised/train/0006/0019/V00_S0259_I00000497_P0085A,improvised/train/0006/0031/V00_S0259_I00000497_P0050,targeted,improvised,3200,V00,improvised,train,grounded_gesture,stratified_fill:improvised|grounded_gesture,"{""avg_fps"": 30.0, ""npz_frames_min"": 6420, ""npz_status"": ""ok"", ""render_frames"": 300, ""stratum"": ""improvised|grounded_gesture"", ""targeted_role"": ""stratified_fill"", ""valid_frac_box"": 1.0, ""valid_frac_smplh"": 1.0, ""video_nb_frames"": 6420}",render
v00_342,targeted_342_V00_S1519_I00000639_P0744A_f0002639,V00_S1519_I00000639_P0744A,improvised/train/0036/0049/V00_S1519_I00000639_P0744A,improvised/train/0036/0016/V00_S1519_I00000639_P0933A,targeted,improvised,2639,V00,improvised,train,ipc_conversation,stratified_fill:improvised|ipc_conversation,"{""avg_fps"": 30.0, ""npz_frames_min"": 7980, ""npz_status"": ""ok"", ""render_frames"": 300, ""stratum"": ""improvised|ipc_conversation"", ""targeted_role"": ""stratified_fill"", ""valid_frac_box"": 1.0, ""valid_frac_smplh"": 0.998872, ""video_nb_frames"": 7980}",render
v00_343,targeted_343_V00_S0657_I00000135_P0816_f0004951,V00_S0657_I00000135_P0816,naturalistic/train/0019/0009/V00_S0657_I00000135_P0816,naturalistic/train/0019/0027/V00_S0657_I00000135_P0815,targeted,naturalistic,4951,V00,naturalistic,train,collaborative_storytelling,stratified_fill:naturalistic|collaborative_storytelling,"{""avg_fps"": 30.0, ""npz_frames_min"": 6360, ""npz_status"": ""ok"", ""render_frames"": 300, ""stratum"": ""naturalistic|collaborative_storytelling"", ""targeted_role"": ""stratified_fill"", ""valid_frac_box"": 1.0, ""valid_frac_smplh"": 0.998899, ""video_nb_frames"": 6360}",render
v00_344,targeted_344_V00_S0532_I00000497_P0679_f0007593,V00_S0532_I00000497_P0679,naturalistic/train/0014/0016/V00_S0532_I00000497_P0679,naturalistic/train/0014/0017/V00_S0532_I00000497_P0557,targeted,naturalistic,7593,V00,naturalistic,train,grounded_gesture,stratified_fill:naturalistic|grounded_gesture,"{""avg_fps"": 30.0, ""npz_frames_min"": 9780, ""npz_status"": ""ok"", ""render_frames"": 300, ""stratum"": ""naturalistic|grounded_gesture"", ""targeted_role"": ""stratified_fill"", ""valid_frac_box"": 1.0, ""valid_frac_smplh"": 0.970041, ""video_nb_frames"": 9780}",render
v00_345,targeted_345_V00_S0580_I00000375_P0558_f0001964,V00_S0580_I00000375_P0558,naturalistic/train/0016/0023/V00_S0580_I00000375_P0558,naturalistic/train/0016/0040/V00_S0580_I00000375_P0477,targeted,naturalistic,1964,V00,naturalistic,train,ipc_conversation,stratified_fill:naturalistic|ipc_conversation,"{""avg_fps"": 30.0, ""npz_frames_min"": 6240, ""npz_status"": ""ok"", ""render_frames"": 300, ""stratum"": ""naturalistic|ipc_conversation"", ""targeted_role"": ""stratified_fill"", ""valid_frac_box"": 1.0, ""valid_frac_smplh"": 1.0, ""video_nb_frames"": 6240}",render
v00_346,targeted_346_V00_S0480_I00000135_P0074_f0001995,V00_S0480_I00000135_P0074,improvised/train/0010/0038/V00_S0480_I00000135_P0074,improvised/train/0010/0038/V00_S0480_I00000135_P0262A,targeted,improvised,1995,V00,improvised,train,collaborative_storytelling,stratified_fill:improvised|collaborative_storytelling,"{""avg_fps"": 30.0, ""npz_frames_min"": 5940, ""npz_status"": ""ok"", ""render_frames"": 300, ""stratum"": ""improvised|collaborative_storytelling"", ""targeted_role"": ""stratified_fill"", ""valid_frac_box"": 1.0, ""valid_frac_smplh"": 0.974074, ""video_nb_frames"": 5940}",render
v00_347,targeted_347_V00_S0832_I00000785_P0964_f0000553,V00_S0832_I00000785_P0964,improvised/train/0016/0036/V00_S0832_I00000785_P0964,improvised/train/0016/0043/V00_S0832_I00000785_P0026A,targeted,improvised,553,V00,improvised,train,grounded_gesture,stratified_fill:improvised|grounded_gesture,"{""avg_fps"": 30.0, ""npz_frames_min"": 7020, ""npz_status"": ""ok"", ""render_frames"": 300, ""stratum"": ""improvised|grounded_gesture"", ""targeted_role"": ""stratified_fill"", ""valid_frac_box"": 1.0, ""valid_frac_smplh"": 0.90755, ""video_nb_frames"": 7020}",render
v00_348,targeted_348_V00_S0651_I00000126_P0323A_f0004316,V00_S0651_I00000126_P0323A,improvised/train/0012/0006/V00_S0651_I00000126_P0323A,improvised/train/0012/0036/V00_S0651_I00000126_P0506,targeted,improvised,4316,V00,improvised,train,ipc_conversation,stratified_fill:improvised|ipc_conversation,"{""avg_fps"": 30.0, ""npz_frames_min"": 5880, ""npz_status"": ""ok"", ""render_frames"": 300, ""stratum"": ""improvised|ipc_conversation"", ""targeted_role"": ""stratified_fill"", ""valid_frac_box"": 1.0, ""valid_frac_smplh"": 0.995068, ""video_nb_frames"": 5880}",render
v00_349,targeted_349_V00_S0724_I00000135_P0358_f0002292,V00_S0724_I00000135_P0358,naturalistic/train/0020/0041/V00_S0724_I00000135_P0358,naturalistic/train/0020/0020/V00_S0724_I00000135_P0871,targeted,naturalistic,2292,V00,naturalistic,train,collaborative_storytelling,stratified_fill:naturalistic|collaborative_storytelling,"{""avg_fps"": 30.0, ""npz_frames_min"": 4320, ""npz_status"": ""ok"", ""render_frames"": 300, ""stratum"": ""naturalistic|collaborative_storytelling"", ""targeted_role"": ""stratified_fill"", ""valid_frac_box"": 1.0, ""valid_frac_smplh"": 0.999769, ""video_nb_frames"": 4320}",render
v00_350,targeted_350_V00_S1823_I00000602_P0115_f0001815,V00_S1823_I00000602_P0115,naturalistic/dev/0001/0039/V00_S1823_I00000602_P0115,naturalistic/dev/0001/0010/V00_S1823_I00000602_P1174,targeted,naturalistic,1815,V00,naturalistic,dev,grounded_gesture,stratified_fill:naturalistic|grounded_gesture,"{""avg_fps"": 30.0, ""npz_frames_min"": 4200, ""npz_status"": ""ok"", ""render_frames"": 300, ""stratum"": ""naturalistic|grounded_gesture"", ""targeted_role"": ""stratified_fill"", ""valid_frac_box"": 1.0, ""valid_frac_smplh"": 0.950952, ""video_nb_frames"": 4200}",render
v00_351,targeted_351_V00_S0662_I00000514_P0565_f0004586,V00_S0662_I00000514_P0565,naturalistic/train/0019/0024/V00_S0662_I00000514_P0565,naturalistic/train/0019/0035/V00_S0662_I00000514_P0820,targeted,naturalistic,4586,V00,naturalistic,train,ipc_conversation,stratified_fill:naturalistic|ipc_conversation,"{""avg_fps"": 30.0, ""npz_frames_min"": 6780, ""npz_status"": ""ok"", ""render_frames"": 300, ""stratum"": ""naturalistic|ipc_conversation"", ""targeted_role"": ""stratified_fill"", ""valid_frac_box"": 1.0, ""valid_frac_smplh"": 1.0, ""video_nb_frames"": 6780}",render
v00_352,targeted_352_V00_S0190_I00000135_P0150A_f0003046,V00_S0190_I00000135_P0150A,improvised/train/0004/0001/V00_S0190_I00000135_P0150A,improvised/train/0004/0018/V00_S0190_I00000135_P0262,targeted,improvised,3046,V00,improvised,train,collaborative_storytelling,stratified_fill:improvised|collaborative_storytelling,"{""avg_fps"": 30.0, ""npz_frames_min"": 4500, ""npz_status"": ""ok"", ""render_frames"": 300, ""stratum"": ""improvised|collaborative_storytelling"", ""targeted_role"": ""stratified_fill"", ""valid_frac_box"": 1.0, ""valid_frac_smplh"": 1.0, ""video_nb_frames"": 4500}",render
v00_353,targeted_353_V00_S1138_I00000601_P0728_f0011761,V00_S1138_I00000601_P0728,improvised/train/0025/0038/V00_S1138_I00000601_P0728,improvised/train/0025/0032/V00_S1138_I00000601_P0437A,targeted,improvised,11761,V00,improvised,train,grounded_gesture,stratified_fill:improvised|grounded_gesture,"{""avg_fps"": 30.0, ""npz_frames_min"": 13020, ""npz_status"": ""ok"", ""render_frames"": 300, ""stratum"": ""improvised|grounded_gesture"", ""targeted_role"": ""stratified_fill"", ""valid_frac_box"": 1.0, ""valid_frac_smplh"": 0.984793, ""video_nb_frames"": 13020}",render
v00_354,targeted_354_V00_S1087_I00001054_P0921A_f0005356,V00_S1087_I00001054_P0921A,improvised/train/0023/0012/V00_S1087_I00001054_P0921A,improvised/train/0023/0016/V00_S1087_I00001054_P0557A,targeted,improvised,5356,V00,improvised,train,ipc_conversation,stratified_fill:improvised|ipc_conversation,"{""avg_fps"": 30.0, ""npz_frames_min"": 6780, ""npz_status"": ""ok"", ""render_frames"": 300, ""stratum"": ""improvised|ipc_conversation"", ""targeted_role"": ""stratified_fill"", ""valid_frac_box"": 1.0, ""valid_frac_smplh"": 0.990855, ""video_nb_frames"": 6780}",render
v00_355,targeted_355_V00_S0388_I00000135_P0515_f0006520,V00_S0388_I00000135_P0515,naturalistic/train/0010/0029/V00_S0388_I00000135_P0515,naturalistic/train/0010/0000/V00_S0388_I00000135_P0514,targeted,naturalistic,6520,V00,naturalistic,train,collaborative_storytelling,stratified_fill:naturalistic|collaborative_storytelling,"{""avg_fps"": 30.0, ""npz_frames_min"": 7380, ""npz_status"": ""ok"", ""render_frames"": 300, ""stratum"": ""naturalistic|collaborative_storytelling"", ""targeted_role"": ""stratified_fill"", ""valid_frac_box"": 1.0, ""valid_frac_smplh"": 0.994173, ""video_nb_frames"": 7380}",render
v00_356,targeted_356_V00_S1359_I00000516_P0300_f0002086,V00_S1359_I00000516_P0300,naturalistic/train/0027/0045/V00_S1359_I00000516_P0300,naturalistic/train/0027/0049/V00_S1359_I00000516_P0625,targeted,naturalistic,2086,V00,naturalistic,train,grounded_gesture,stratified_fill:naturalistic|grounded_gesture,"{""avg_fps"": 30.0, ""npz_frames_min"": 7680, ""npz_status"": ""ok"", ""render_frames"": 300, ""stratum"": ""naturalistic|grounded_gesture"", ""targeted_role"": ""stratified_fill"", ""valid_frac_box"": 1.0, ""valid_frac_smplh"": 0.996745, ""video_nb_frames"": 7680}",render
v00_357,targeted_357_V00_S0510_I00000126_P0648_f0003885,V00_S0510_I00000126_P0648,naturalistic/train/0014/0031/V00_S0510_I00000126_P0648,naturalistic/train/0014/0014/V00_S0510_I00000126_P0646,targeted,naturalistic,3885,V00,naturalistic,train,ipc_conversation,stratified_fill:naturalistic|ipc_conversation,"{""avg_fps"": 30.0, ""npz_frames_min"": 7320, ""npz_status"": ""ok"", ""render_frames"": 300, ""stratum"": ""naturalistic|ipc_conversation"", ""targeted_role"": ""stratified_fill"", ""valid_frac_box"": 1.0, ""valid_frac_smplh"": 0.99877, ""video_nb_frames"": 7320}",render
v00_358,targeted_358_V00_S0164_I00000135_P0027A_f0000195,V00_S0164_I00000135_P0027A,improvised/train/0003/0023/V00_S0164_I00000135_P0027A,improvised/train/0003/0026/V00_S0164_I00000135_P0234,targeted,improvised,195,V00,improvised,train,collaborative_storytelling,stratified_fill:improvised|collaborative_storytelling,"{""avg_fps"": 30.0, ""npz_frames_min"": 5460, ""npz_status"": ""ok"", ""render_frames"": 300, ""stratum"": ""improvised|collaborative_storytelling"", ""targeted_role"": ""stratified_fill"", ""valid_frac_box"": 1.0, ""valid_frac_smplh"": 0.965385, ""video_nb_frames"": 5460}",render
v00_359,targeted_359_V00_S0879_I00000520_P0921A_f0003483,V00_S0879_I00000520_P0921A,improvised/train/0018/0005/V00_S0879_I00000520_P0921A,improvised/train/0018/0025/V00_S0879_I00000520_P0377,targeted,improvised,3483,V00,improvised,train,grounded_gesture,stratified_fill:improvised|grounded_gesture,"{""avg_fps"": 30.0, ""npz_frames_min"": 4920, ""npz_status"": ""ok"", ""render_frames"": 300, ""stratum"": ""improvised|grounded_gesture"", ""targeted_role"": ""stratified_fill"", ""valid_frac_box"": 1.0, ""valid_frac_smplh"": 0.99939, ""video_nb_frames"": 4920}",render
v00_360,targeted_360_V00_S1701_I00001004_P0974A_f0007900,V00_S1701_I00001004_P0974A,improvised/train/0041/0028/V00_S1701_I00001004_P0974A,improvised/train/0041/0009/V00_S1701_I00001004_P0933A,targeted,improvised,7900,V00,improvised,train,ipc_conversation,stratified_fill:improvised|ipc_conversation,"{""avg_fps"": 30.0, ""npz_frames_min"": 8580, ""npz_status"": ""ok"", ""render_frames"": 300, ""stratum"": ""improvised|ipc_conversation"", ""targeted_role"": ""stratified_fill"", ""valid_frac_box"": 1.0, ""valid_frac_smplh"": 0.948019, ""video_nb_frames"": 8580}",render
v00_361,targeted_361_V00_S0065_I00000135_P0098_f0001336,V00_S0065_I00000135_P0098,naturalistic/train/0001/0007/V00_S0065_I00000135_P0098,naturalistic/train/0001/0012/V00_S0065_I00000135_P0097,targeted,naturalistic,1336,V00,naturalistic,train,collaborative_storytelling,stratified_fill:naturalistic|collaborative_storytelling,"{""avg_fps"": 30.0, ""npz_frames_min"": 4620, ""npz_status"": ""ok"", ""render_frames"": 300, ""stratum"": ""naturalistic|collaborative_storytelling"", ""targeted_role"": ""stratified_fill"", ""valid_frac_box"": 1.0, ""valid_frac_smplh"": 0.991342, ""video_nb_frames"": 4620}",render
v00_362,targeted_362_V00_S0458_I00000497_P0590_f0002615,V00_S0458_I00000497_P0590,naturalistic/train/0012/0026/V00_S0458_I00000497_P0590,naturalistic/train/0012/0004/V00_S0458_I00000497_P0591,targeted,naturalistic,2615,V00,naturalistic,train,grounded_gesture,stratified_fill:naturalistic|grounded_gesture,"{""avg_fps"": 30.0, ""npz_frames_min"": 9780, ""npz_status"": ""ok"", ""render_frames"": 300, ""stratum"": ""naturalistic|grounded_gesture"", ""targeted_role"": ""stratified_fill"", ""valid_frac_box"": 1.0, ""valid_frac_smplh"": 1.0, ""video_nb_frames"": 9780}",render
v00_363,targeted_363_V00_S0933_I00000374_P1026_f0001683,V00_S0933_I00000374_P1026,naturalistic/train/0024/0004/V00_S0933_I00000374_P1026,naturalistic/train/0024/0026/V00_S0933_I00000374_P0144,targeted,naturalistic,1683,V00,naturalistic,train,ipc_conversation,stratified_fill:naturalistic|ipc_conversation,"{""avg_fps"": 30.0, ""npz_frames_min"": 7260, ""npz_status"": ""ok"", ""render_frames"": 300, ""stratum"": ""naturalistic|ipc_conversation"", ""targeted_role"": ""stratified_fill"", ""valid_frac_box"": 1.0, ""valid_frac_smplh"": 1.0, ""video_nb_frames"": 7260}",render
v00_364,targeted_364_V00_S1978_I00001008_P1104A_f0000220,V00_S1978_I00001008_P1104A,improvised/train/0048/0006/V00_S1978_I00001008_P1104A,improvised/train/0048/0018/V00_S1978_I00001008_P1147A,targeted,improvised,220,V00,improvised,train,collaborative_storytelling,stratified_fill:improvised|collaborative_storytelling,"{""avg_fps"": 30.0, ""npz_frames_min"": 4260, ""npz_status"": ""ok"", ""render_frames"": 300, ""stratum"": ""improvised|collaborative_storytelling"", ""targeted_role"": ""stratified_fill"", ""valid_frac_box"": 1.0, ""valid_frac_smplh"": 0.997183, ""video_nb_frames"": 4260}",render
v00_365,targeted_365_V00_S0367_I00000520_P0490_f0007207,V00_S0367_I00000520_P0490,improvised/train/0008/0019/V00_S0367_I00000520_P0490,improvised/train/0008/0031/V00_S0367_I00000520_P0026A,targeted,improvised,7207,V00,improvised,train,grounded_gesture,stratified_fill:improvised|grounded_gesture,"{""avg_fps"": 30.0, ""npz_frames_min"": 7980, ""npz_status"": ""ok"", ""render_frames"": 300, ""stratum"": ""improvised|grounded_gesture"", ""targeted_role"": ""stratified_fill"", ""valid_frac_box"": 1.0, ""valid_frac_smplh"": 0.892356, ""video_nb_frames"": 7980}",render
v00_366,targeted_366_V00_S1520_I00001143_P0320A_f0008012,V00_S1520_I00001143_P0320A,improvised/train/0036/0037/V00_S1520_I00001143_P0320A,improvised/train/0036/0012/V00_S1520_I00001143_P0120A,targeted,improvised,8012,V00,improvised,train,ipc_conversation,stratified_fill:improvised|ipc_conversation,"{""avg_fps"": 30.0, ""npz_frames_min"": 9540, ""npz_status"": ""ok"", ""render_frames"": 300, ""stratum"": ""improvised|ipc_conversation"", ""targeted_role"": ""stratified_fill"", ""valid_frac_box"": 1.0, ""valid_frac_smplh"": 1.0, ""video_nb_frames"": 9540}",render
v00_367,targeted_367_V00_S0319_I00000135_P0433_f0003269,V00_S0319_I00000135_P0433,naturalistic/train/0008/0020/V00_S0319_I00000135_P0433,naturalistic/train/0008/0037/V00_S0319_I00000135_P0431,targeted,naturalistic,3269,V00,naturalistic,train,collaborative_storytelling,stratified_fill:naturalistic|collaborative_storytelling,"{""avg_fps"": 30.0, ""npz_frames_min"": 5580, ""npz_status"": ""ok"", ""render_frames"": 300, ""stratum"": ""naturalistic|collaborative_storytelling"", ""targeted_role"": ""stratified_fill"", ""valid_frac_box"": 1.0, ""valid_frac_smplh"": 0.999642, ""video_nb_frames"": 5580}",render
v00_368,targeted_368_V00_S0325_I00000497_P0440_f0001277,V00_S0325_I00000497_P0440,naturalistic/train/0008/0000/V00_S0325_I00000497_P0440,naturalistic/train/0008/0000/V00_S0325_I00000497_P0441,targeted,naturalistic,1277,V00,naturalistic,train,grounded_gesture,stratified_fill:naturalistic|grounded_gesture,"{""avg_fps"": 30.0, ""npz_frames_min"": 5640, ""npz_status"": ""ok"", ""render_frames"": 300, ""stratum"": ""naturalistic|grounded_gesture"", ""targeted_role"": ""stratified_fill"", ""valid_frac_box"": 1.0, ""valid_frac_smplh"": 0.98156, ""video_nb_frames"": 5640}",render
v00_369,targeted_369_V00_S1121_I00000238_P0871_f0006369,V00_S1121_I00000238_P0871,naturalistic/train/0026/0046/V00_S1121_I00000238_P0871,naturalistic/train/0026/0041/V00_S1121_I00000238_P1090,targeted,naturalistic,6369,V00,naturalistic,train,ipc_conversation,stratified_fill:naturalistic|ipc_conversation,"{""avg_fps"": 30.0, ""npz_frames_min"": 7620, ""npz_status"": ""ok"", ""render_frames"": 300, ""stratum"": ""naturalistic|ipc_conversation"", ""targeted_role"": ""stratified_fill"", ""valid_frac_box"": 1.0, ""valid_frac_smplh"": 0.990157, ""video_nb_frames"": 7620}",render
v00_370,targeted_370_V00_S0135_I00000135_P0196_f0004247,V00_S0135_I00000135_P0196,improvised/train/0002/0012/V00_S0135_I00000135_P0196,improvised/train/0002/0027/V00_S0135_I00000135_P0029A,targeted,improvised,4247,V00,improvised,train,collaborative_storytelling,stratified_fill:improvised|collaborative_storytelling,"{""avg_fps"": 30.0, ""npz_frames_min"": 6000, ""npz_status"": ""ok"", ""render_frames"": 300, ""stratum"": ""improvised|collaborative_storytelling"", ""targeted_role"": ""stratified_fill"", ""valid_frac_box"": 1.0, ""valid_frac_smplh"": 1.0, ""video_nb_frames"": 6000}",render
v00_371,targeted_371_V00_S0362_I00000543_P0059A_f0004072,V00_S0362_I00000543_P0059A,improvised/train/0008/0046/V00_S0362_I00000543_P0059A,improvised/train/0008/0027/V00_S0362_I00000543_P0486,targeted,improvised,4072,V00,improvised,train,grounded_gesture,stratified_fill:improvised|grounded_gesture,"{""avg_fps"": 30.0, ""npz_frames_min"": 11220, ""npz_status"": ""ok"", ""render_frames"": 300, ""stratum"": ""improvised|grounded_gesture"", ""targeted_role"": ""stratified_fill"", ""valid_frac_box"": 1.0, ""valid_frac_smplh"": 0.98779, ""video_nb_frames"": 11220}",render
v00_372,targeted_372_V00_S1243_I00000115_P0871A_f0009570,V00_S1243_I00000115_P0871A,improvised/train/0028/0027/V00_S1243_I00000115_P0871A,improvised/train/0028/0018/V00_S1243_I00000115_P0193A,targeted,improvised,9570,V00,improvised,train,ipc_conversation,stratified_fill:improvised|ipc_conversation,"{""avg_fps"": 30.0, ""npz_frames_min"": 10500, ""npz_status"": ""ok"", ""render_frames"": 300, ""stratum"": ""improvised|ipc_conversation"", ""targeted_role"": ""stratified_fill"", ""valid_frac_box"": 1.0, ""valid_frac_smplh"": 0.998, ""video_nb_frames"": 10500}",render
v00_373,targeted_373_V00_S0699_I00000135_P0849_f0003263,V00_S0699_I00000135_P0849,naturalistic/train/0020/0033/V00_S0699_I00000135_P0849,naturalistic/train/0020/0040/V00_S0699_I00000135_P0850,targeted,naturalistic,3263,V00,naturalistic,train,collaborative_storytelling,stratified_fill:naturalistic|collaborative_storytelling,"{""avg_fps"": 30.0, ""npz_frames_min"": 3780, ""npz_status"": ""ok"", ""render_frames"": 300, ""stratum"": ""naturalistic|collaborative_storytelling"", ""targeted_role"": ""stratified_fill"", ""valid_frac_box"": 1.0, ""valid_frac_smplh"": 0.998413, ""video_nb_frames"": 3780}",render
v00_374,targeted_374_V00_S1999_I00000609_P1000_f0000246,V00_S1999_I00000609_P1000,naturalistic/train/0033/0024/V00_S1999_I00000609_P1000,naturalistic/train/0033/0039/V00_S1999_I00000609_P1254,targeted,naturalistic,246,V00,naturalistic,train,grounded_gesture,stratified_fill:naturalistic|grounded_gesture,"{""avg_fps"": 30.0, ""npz_frames_min"": 5280, ""npz_status"": ""ok"", ""render_frames"": 300, ""stratum"": ""naturalistic|grounded_gesture"", ""targeted_role"": ""stratified_fill"", ""valid_frac_box"": 1.0, ""valid_frac_smplh"": 0.992045, ""video_nb_frames"": 5280}",render
v00_375,targeted_375_V00_S0599_I00000378_P0757_f0005226,V00_S0599_I00000378_P0757,naturalistic/train/0017/0003/V00_S0599_I00000378_P0757,naturalistic/train/0017/0027/V00_S0599_I00000378_P0675,targeted,naturalistic,5226,V00,naturalistic,train,ipc_conversation,stratified_fill:naturalistic|ipc_conversation,"{""avg_fps"": 30.0, ""npz_frames_min"": 8880, ""npz_status"": ""ok"", ""render_frames"": 300, ""stratum"": ""naturalistic|ipc_conversation"", ""targeted_role"": ""stratified_fill"", ""valid_frac_box"": 1.0, ""valid_frac_smplh"": 0.976464, ""video_nb_frames"": 8880}",render
v00_376,targeted_376_V00_S0263_I00000135_P0085A_f0005558,V00_S0263_I00000135_P0085A,improvised/train/0006/0024/V00_S0263_I00000135_P0085A,improvised/train/0006/0044/V00_S0263_I00000135_P0360,targeted,improvised,5558,V00,improvised,train,collaborative_storytelling,stratified_fill:improvised|collaborative_storytelling,"{""avg_fps"": 30.0, ""npz_frames_min"": 5940, ""npz_status"": ""ok"", ""render_frames"": 300, ""stratum"": ""improvised|collaborative_storytelling"", ""targeted_role"": ""stratified_fill"", ""valid_frac_box"": 1.0, ""valid_frac_smplh"": 1.0, ""video_nb_frames"": 5940}",render
v00_377,targeted_377_V00_S0258_I00000497_P0355_f0000026,V00_S0258_I00000497_P0355,improvised/train/0006/0013/V00_S0258_I00000497_P0355,improvised/train/0006/0035/V00_S0258_I00000497_P0006A,targeted,improvised,26,V00,improvised,train,grounded_gesture,stratified_fill:improvised|grounded_gesture,"{""avg_fps"": 30.0, ""npz_frames_min"": 7740, ""npz_status"": ""ok"", ""render_frames"": 300, ""stratum"": ""improvised|grounded_gesture"", ""targeted_role"": ""stratified_fill"", ""valid_frac_box"": 1.0, ""valid_frac_smplh"": 0.999871, ""video_nb_frames"": 7740}",render
v00_378,targeted_378_V00_S1626_I00000996_P1147A_f0004833,V00_S1626_I00000996_P1147A,improvised/train/0039/0046/V00_S1626_I00000996_P1147A,improvised/train/0039/0022/V00_S1626_I00000996_P0320A,targeted,improvised,4833,V00,improvised,train,ipc_conversation,stratified_fill:improvised|ipc_conversation,"{""avg_fps"": 30.0, ""npz_frames_min"": 12060, ""npz_status"": ""ok"", ""render_frames"": 300, ""stratum"": ""improvised|ipc_conversation"", ""targeted_role"": ""stratified_fill"", ""valid_frac_box"": 1.0, ""valid_frac_smplh"": 0.992371, ""video_nb_frames"": 12060}",render
v00_379,targeted_379_V00_S0386_I00000135_P0124_f0002647,V00_S0386_I00000135_P0124,naturalistic/train/0010/0045/V00_S0386_I00000135_P0124,naturalistic/train/0010/0037/V00_S0386_I00000135_P0511,targeted,naturalistic,2647,V00,naturalistic,train,collaborative_storytelling,stratified_fill:naturalistic|collaborative_storytelling,"{""avg_fps"": 30.0, ""npz_frames_min"": 3660, ""npz_status"": ""ok"", ""render_frames"": 300, ""stratum"": ""naturalistic|collaborative_storytelling"", ""targeted_role"": ""stratified_fill"", ""valid_frac_box"": 1.0, ""valid_frac_smplh"": 0.99918, ""video_nb_frames"": 3660}",render
v00_380,targeted_380_V00_S0085_I00000520_P0125_f0000139,V00_S0085_I00000520_P0125,naturalistic/train/0001/0027/V00_S0085_I00000520_P0125,naturalistic/train/0001/0006/V00_S0085_I00000520_P0126,targeted,naturalistic,139,V00,naturalistic,train,grounded_gesture,stratified_fill:naturalistic|grounded_gesture,"{""avg_fps"": 30.0, ""npz_frames_min"": 7560, ""npz_status"": ""ok"", ""render_frames"": 300, ""stratum"": ""naturalistic|grounded_gesture"", ""targeted_role"": ""stratified_fill"", ""valid_frac_box"": 1.0, ""valid_frac_smplh"": 0.992725, ""video_nb_frames"": 7560}",render
v00_381,targeted_381_V00_S0494_I00000484_P0634_f0003826,V00_S0494_I00000484_P0634,naturalistic/train/0013/0009/V00_S0494_I00000484_P0634,naturalistic/train/0013/0002/V00_S0494_I00000484_P0632,targeted,naturalistic,3826,V00,naturalistic,train,ipc_conversation,stratified_fill:naturalistic|ipc_conversation,"{""avg_fps"": 30.0, ""npz_frames_min"": 4380, ""npz_status"": ""ok"", ""render_frames"": 300, ""stratum"": ""naturalistic|ipc_conversation"", ""targeted_role"": ""stratified_fill"", ""valid_frac_box"": 1.0, ""valid_frac_smplh"": 0.995434, ""video_nb_frames"": 4380}",render
v00_382,targeted_382_V00_S0888_I00000135_P0921A_f0001574,V00_S0888_I00000135_P0921A,improvised/train/0018/0050/V00_S0888_I00000135_P0921A,improvised/train/0018/0043/V00_S0888_I00000135_P0990,targeted,improvised,1574,V00,improvised,train,collaborative_storytelling,stratified_fill:improvised|collaborative_storytelling,"{""avg_fps"": 30.0, ""npz_frames_min"": 5580, ""npz_status"": ""ok"", ""render_frames"": 300, ""stratum"": ""improvised|collaborative_storytelling"", ""targeted_role"": ""stratified_fill"", ""valid_frac_box"": 1.0, ""valid_frac_smplh"": 0.963799, ""video_nb_frames"": 5580}",render
v00_383,targeted_383_V00_S0815_I00000543_P0004A_f0001734,V00_S0815_I00000543_P0004A,improvised/train/0016/0038/V00_S0815_I00000543_P0004A,improvised/train/0016/0039/V00_S0815_I00000543_P0678,targeted,improvised,1734,V00,improvised,train,grounded_gesture,stratified_fill:improvised|grounded_gesture,"{""avg_fps"": 30.0, ""npz_frames_min"": 4320, ""npz_status"": ""ok"", ""render_frames"": 300, ""stratum"": ""improvised|grounded_gesture"", ""targeted_role"": ""stratified_fill"", ""valid_frac_box"": 1.0, ""valid_frac_smplh"": 1.0, ""video_nb_frames"": 4320}",render
v00_384,targeted_384_V00_S1012_I00001215_P0388A_f0003023,V00_S1012_I00001215_P0388A,improvised/train/0021/0022/V00_S1012_I00001215_P0388A,improvised/train/0021/0051/V00_S1012_I00001215_P0196A,targeted,improvised,3023,V00,improvised,train,ipc_conversation,stratified_fill:improvised|ipc_conversation,"{""avg_fps"": 30.0, ""npz_frames_min"": 7860, ""npz_status"": ""ok"", ""render_frames"": 300, ""stratum"": ""improvised|ipc_conversation"", ""targeted_role"": ""stratified_fill"", ""valid_frac_box"": 1.0, ""valid_frac_smplh"": 1.0, ""video_nb_frames"": 7860}",render
v00_385,targeted_385_V00_S0111_I00000135_P0161_f0002577,V00_S0111_I00000135_P0161,naturalistic/train/0002/0024/V00_S0111_I00000135_P0161,naturalistic/train/0002/0038/V00_S0111_I00000135_P0160,targeted,naturalistic,2577,V00,naturalistic,train,collaborative_storytelling,stratified_fill:naturalistic|collaborative_storytelling,"{""avg_fps"": 30.0, ""npz_frames_min"": 4740, ""npz_status"": ""ok"", ""render_frames"": 300, ""stratum"": ""naturalistic|collaborative_storytelling"", ""targeted_role"": ""stratified_fill"", ""valid_frac_box"": 1.0, ""valid_frac_smplh"": 1.0, ""video_nb_frames"": 4740}",render
v00_386,targeted_386_V00_S1395_I00000606_P1133_f0002404,V00_S1395_I00000606_P1133,naturalistic/train/0027/0032/V00_S1395_I00000606_P1133,naturalistic/train/0027/0033/V00_S1395_I00000606_P0071,targeted,naturalistic,2404,V00,naturalistic,train,grounded_gesture,stratified_fill:naturalistic|grounded_gesture,"{""avg_fps"": 30.0, ""npz_frames_min"": 7020, ""npz_status"": ""ok"", ""render_frames"": 300, ""stratum"": ""naturalistic|grounded_gesture"", ""targeted_role"": ""stratified_fill"", ""valid_frac_box"": 1.0, ""valid_frac_smplh"": 1.0, ""video_nb_frames"": 7020}",render
v00_387,targeted_387_V00_S1995_I00000419_P0139_f0002006,V00_S1995_I00000419_P0139,naturalistic/train/0033/0025/V00_S1995_I00000419_P0139,naturalistic/train/0033/0037/V00_S1995_I00000419_P0073,targeted,naturalistic,2006,V00,naturalistic,train,ipc_conversation,stratified_fill:naturalistic|ipc_conversation,"{""avg_fps"": 30.0, ""npz_frames_min"": 3600, ""npz_status"": ""ok"", ""render_frames"": 300, ""stratum"": ""naturalistic|ipc_conversation"", ""targeted_role"": ""stratified_fill"", ""valid_frac_box"": 1.0, ""valid_frac_smplh"": 1.0, ""video_nb_frames"": 3600}",render
v00_388,targeted_388_V00_S0267_I00000135_P0085A_f0000510,V00_S0267_I00000135_P0085A,improvised/train/0006/0040/V00_S0267_I00000135_P0085A,improvised/train/0006/0038/V00_S0267_I00000135_P0364,targeted,improvised,510,V00,improvised,train,collaborative_storytelling,stratified_fill:improvised|collaborative_storytelling,"{""avg_fps"": 30.0, ""npz_frames_min"": 4440, ""npz_status"": ""ok"", ""render_frames"": 300, ""stratum"": ""improvised|collaborative_storytelling"", ""targeted_role"": ""stratified_fill"", ""valid_frac_box"": 1.0, ""valid_frac_smplh"": 0.968694, ""video_nb_frames"": 4440}",render
v00_389,targeted_389_V00_S1253_I00001230_P1100A_f0001292,V00_S1253_I00001230_P1100A,improvised/train/0028/0006/V00_S1253_I00001230_P1100A,improvised/train/0028/0064/V00_S1253_I00001230_P0955A,targeted,improvised,1292,V00,improvised,train,grounded_gesture,stratified_fill:improvised|grounded_gesture,"{""avg_fps"": 30.0, ""npz_frames_min"": 2220, ""npz_status"": ""ok"", ""render_frames"": 300, ""stratum"": ""improvised|grounded_gesture"", ""targeted_role"": ""stratified_fill"", ""valid_frac_box"": 1.0, ""valid_frac_smplh"": 0.995045, ""video_nb_frames"": 2220}",render
v00_390,targeted_390_V00_S1444_I00001028_P0388A_f0011562,V00_S1444_I00001028_P0388A,improvised/train/0033/0011/V00_S1444_I00001028_P0388A,improvised/train/0033/0012/V00_S1444_I00001028_P0241A,targeted,improvised,11562,V00,improvised,train,ipc_conversation,stratified_fill:improvised|ipc_conversation,"{""avg_fps"": 30.0, ""npz_frames_min"": 12240, ""npz_status"": ""ok"", ""render_frames"": 300, ""stratum"": ""improvised|ipc_conversation"", ""targeted_role"": ""stratified_fill"", ""valid_frac_box"": 1.0, ""valid_frac_smplh"": 1.0, ""video_nb_frames"": 12240}",render
v00_391,targeted_391_V00_S0354_I00000135_P0433_f0002755,V00_S0354_I00000135_P0433,naturalistic/train/0009/0043/V00_S0354_I00000135_P0433,naturalistic/train/0009/0016/V00_S0354_I00000135_P0475,targeted,naturalistic,2755,V00,naturalistic,train,collaborative_storytelling,stratified_fill:naturalistic|collaborative_storytelling,"{""avg_fps"": 30.0, ""npz_frames_min"": 3300, ""npz_status"": ""ok"", ""render_frames"": 300, ""stratum"": ""naturalistic|collaborative_storytelling"", ""targeted_role"": ""stratified_fill"", ""valid_frac_box"": 1.0, ""valid_frac_smplh"": 1.0, ""video_nb_frames"": 3300}",render
v00_392,targeted_392_V00_S1322_I00000606_P0071_f0003337,V00_S1322_I00000606_P0071,naturalistic/train/0027/0009/V00_S1322_I00000606_P0071,naturalistic/train/0027/0030/V00_S1322_I00000606_P1127,targeted,naturalistic,3337,V00,naturalistic,train,grounded_gesture,stratified_fill:naturalistic|grounded_gesture,"{""avg_fps"": 30.0, ""npz_frames_min"": 7800, ""npz_status"": ""ok"", ""render_frames"": 300, ""stratum"": ""naturalistic|grounded_gesture"", ""targeted_role"": ""stratified_fill"", ""valid_frac_box"": 1.0, ""valid_frac_smplh"": 0.981154, ""video_nb_frames"": 7800}",render
v00_393,targeted_393_V00_S1982_I00000152_P1239_f0002531,V00_S1982_I00000152_P1239,naturalistic/train/0032/0048/V00_S1982_I00000152_P1239,naturalistic/train/0032/0039/V00_S1982_I00000152_P1238,targeted,naturalistic,2531,V00,naturalistic,train,ipc_conversation,stratified_fill:naturalistic|ipc_conversation,"{""avg_fps"": 30.0, ""npz_frames_min"": 4920, ""npz_status"": ""ok"", ""render_frames"": 300, ""stratum"": ""naturalistic|ipc_conversation"", ""targeted_role"": ""stratified_fill"", ""valid_frac_box"": 1.0, ""valid_frac_smplh"": 0.974797, ""video_nb_frames"": 4920}",render
v00_394,targeted_394_V00_S0091_I00000135_P0132_f0000199,V00_S0091_I00000135_P0132,improvised/train/0001/0008/V00_S0091_I00000135_P0132,improvised/train/0001/0030/V00_S0091_I00000135_P0040A,targeted,improvised,199,V00,improvised,train,collaborative_storytelling,stratified_fill:improvised|collaborative_storytelling,"{""avg_fps"": 30.0, ""npz_frames_min"": 5040, ""npz_status"": ""ok"", ""render_frames"": 300, ""stratum"": ""improvised|collaborative_storytelling"", ""targeted_role"": ""stratified_fill"", ""valid_frac_box"": 1.0, ""valid_frac_smplh"": 0.997024, ""video_nb_frames"": 5040}",render
v00_395,targeted_395_V00_S0745_I00000520_P0241A_f0009588,V00_S0745_I00000520_P0241A,improvised/train/0014/0036/V00_S0745_I00000520_P0241A,improvised/train/0014/0041/V00_S0745_I00000520_P0893,targeted,improvised,9588,V00,improvised,train,grounded_gesture,stratified_fill:improvised|grounded_gesture,"{""avg_fps"": 30.0, ""npz_frames_min"": 10680, ""npz_status"": ""ok"", ""render_frames"": 300, ""stratum"": ""improvised|grounded_gesture"", ""targeted_role"": ""stratified_fill"", ""valid_frac_box"": 1.0, ""valid_frac_smplh"": 0.998034, ""video_nb_frames"": 10680}",render
v00_396,targeted_396_V00_S0956_I00001226_P0799A_f0007432,V00_S0956_I00001226_P0799A,improvised/train/0020/0020/V00_S0956_I00001226_P0799A,improvised/train/0020/0009/V00_S0956_I00001226_P0557A,targeted,improvised,7432,V00,improvised,train,ipc_conversation,stratified_fill:improvised|ipc_conversation,"{""avg_fps"": 30.0, ""npz_frames_min"": 8700, ""npz_status"": ""ok"", ""render_frames"": 300, ""stratum"": ""improvised|ipc_conversation"", ""targeted_role"": ""stratified_fill"", ""valid_frac_box"": 1.0, ""valid_frac_smplh"": 0.998506, ""video_nb_frames"": 8700}",render
v00_397,targeted_397_V00_S0139_I00000135_P0201_f0000688,V00_S0139_I00000135_P0201,naturalistic/train/0002/0021/V00_S0139_I00000135_P0201,naturalistic/train/0002/0001/V00_S0139_I00000135_P0200,targeted,naturalistic,688,V00,naturalistic,train,collaborative_storytelling,stratified_fill:naturalistic|collaborative_storytelling,"{""avg_fps"": 30.0, ""npz_frames_min"": 4620, ""npz_status"": ""ok"", ""render_frames"": 300, ""stratum"": ""naturalistic|collaborative_storytelling"", ""targeted_role"": ""stratified_fill"", ""valid_frac_box"": 1.0, ""valid_frac_smplh"": 1.0, ""video_nb_frames"": 4620}",render
v00_398,targeted_398_V00_S0579_I00000503_P0718_f0001138,V00_S0579_I00000503_P0718,naturalistic/train/0016/0018/V00_S0579_I00000503_P0718,naturalistic/train/0016/0007/V00_S0579_I00000503_P0730,targeted,naturalistic,1138,V00,naturalistic,train,grounded_gesture,stratified_fill:naturalistic|grounded_gesture,"{""avg_fps"": 30.0, ""npz_frames_min"": 5460, ""npz_status"": ""ok"", ""render_frames"": 300, ""stratum"": ""naturalistic|grounded_gesture"", ""targeted_role"": ""stratified_fill"", ""valid_frac_box"": 1.0, ""valid_frac_smplh"": 0.984066, ""video_nb_frames"": 5460}",render
v00_399,targeted_399_V00_S0064_I00000381_P0095_f0001868,V00_S0064_I00000381_P0095,naturalistic/train/0000/0026/V00_S0064_I00000381_P0095,naturalistic/train/0000/0013/V00_S0064_I00000381_P0096,targeted,naturalistic,1868,V00,naturalistic,train,ipc_conversation,stratified_fill:naturalistic|ipc_conversation,"{""avg_fps"": 30.0, ""npz_frames_min"": 3180, ""npz_status"": ""ok"", ""render_frames"": 300, ""stratum"": ""naturalistic|ipc_conversation"", ""targeted_role"": ""stratified_fill"", ""valid_frac_box"": 1.0, ""valid_frac_smplh"": 0.990252, ""video_nb_frames"": 3180}",render
v00_dup_000,uniform_improvised_253_V00_S0749_I00000926_P0042A_f0007336,V00_S0749_I00000926_P0042A,improvised/train/0014/0012/V00_S0749_I00000926_P0042A,improvised/train/0014/0050/V00_S0749_I00000926_P0002A,uniform_improvised,improvised,7336,V00,improvised,train,ipc_conversation,agreement_duplicate_of:v00_253,"{""avg_fps"": 30.0, ""label_stratum"": ""improvised"", ""npz_frames_min"": 13500, ""npz_status"": ""ok"", ""render_frames"": 300, ""uniform_draw"": 0.003767153, ""valid_frac_box"": 1.0, ""valid_frac_smplh"": 0.994667, ""video_nb_frames"": 13500}",render
v00_dup_001,uniform_improvised_223_V00_S1280_I00000690_P1103A_f0004288,V00_S1280_I00000690_P1103A,improvised/train/0029/0042/V00_S1280_I00000690_P1103A,improvised/train/0029/0069/V00_S1280_I00000690_P0789,uniform_improvised,improvised,4288,V00,improvised,train,ipc_conversation,agreement_duplicate_of:v00_223,"{""avg_fps"": 30.0, ""label_stratum"": ""improvised"", ""npz_frames_min"": 10740, ""npz_status"": ""ok"", ""render_frames"": 300, ""uniform_draw"": 0.002255382, ""valid_frac_box"": 1.0, ""valid_frac_smplh"": 1.0, ""video_nb_frames"": 10740}",render
v00_dup_002,targeted_352_V00_S0190_I00000135_P0150A_f0003046,V00_S0190_I00000135_P0150A,improvised/train/0004/0001/V00_S0190_I00000135_P0150A,improvised/train/0004/0018/V00_S0190_I00000135_P0262,targeted,improvised,3046,V00,improvised,train,collaborative_storytelling,agreement_duplicate_of:v00_352,"{""avg_fps"": 30.0, ""npz_frames_min"": 4500, ""npz_status"": ""ok"", ""render_frames"": 300, ""stratum"": ""improvised|collaborative_storytelling"", ""targeted_role"": ""stratified_fill"", ""valid_frac_box"": 1.0, ""valid_frac_smplh"": 1.0, ""video_nb_frames"": 4500}",render
v00_dup_003,uniform_naturalistic_111_V00_S0552_I00000384_P0519_f0002699,V00_S0552_I00000384_P0519,naturalistic/train/0015/0020/V00_S0552_I00000384_P0519,naturalistic/train/0015/0006/V00_S0552_I00000384_P0542,uniform_naturalistic,naturalistic,2699,V00,naturalistic,train,ipc_conversation,agreement_duplicate_of:v00_111,"{""avg_fps"": 30.0, ""label_stratum"": ""naturalistic"", ""npz_frames_min"": 4080, ""npz_status"": ""ok"", ""render_frames"": 300, ""uniform_draw"": 0.005602984, ""valid_frac_box"": 1.0, ""valid_frac_smplh"": 0.986029, ""video_nb_frames"": 4080}",render
v00_dup_004,uniform_improvised_174_V00_S0745_I00000520_P0893_f0007689,V00_S0745_I00000520_P0893,improvised/train/0014/0041/V00_S0745_I00000520_P0893,improvised/train/0014/0036/V00_S0745_I00000520_P0241A,uniform_improvised,improvised,7689,V00,improvised,train,grounded_gesture,agreement_duplicate_of:v00_174,"{""avg_fps"": 30.0, ""label_stratum"": ""improvised"", ""npz_frames_min"": 10680, ""npz_status"": ""ok"", ""render_frames"": 300, ""uniform_draw"": 0.034874835, ""valid_frac_box"": 1.0, ""valid_frac_smplh"": 1.0, ""video_nb_frames"": 10680}",render
v00_dup_005,uniform_improvised_258_V00_S1051_I00000682_P0092A_f0008843,V00_S1051_I00000682_P0092A,improvised/train/0022/0036/V00_S1051_I00000682_P0092A,improvised/train/0022/0046/V00_S1051_I00000682_P0799A,uniform_improvised,improvised,8843,V00,improvised,train,ipc_conversation,agreement_duplicate_of:v00_258,"{""avg_fps"": 30.0, ""label_stratum"": ""improvised"", ""npz_frames_min"": 10140, ""npz_status"": ""ok"", ""render_frames"": 300, ""uniform_draw"": 0.004066427, ""valid_frac_box"": 0.999803, ""valid_frac_smplh"": 0.997436, ""video_nb_frames"": 10140}",render
v00_dup_006,uniform_improvised_214_V00_S1702_I00000641_P0861A_f0000197,V00_S1702_I00000641_P0861A,improvised/train/0041/0064/V00_S1702_I00000641_P0861A,improvised/train/0041/0015/V00_S1702_I00000641_P1099A,uniform_improvised,improvised,197,V00,improvised,train,ipc_conversation,agreement_duplicate_of:v00_214,"{""avg_fps"": 30.0, ""label_stratum"": ""improvised"", ""npz_frames_min"": 14940, ""npz_status"": ""ok"", ""render_frames"": 300, ""uniform_draw"": 0.002027586, ""valid_frac_box"": 1.0, ""valid_frac_smplh"": 0.963588, ""video_nb_frames"": 14940}",render
v00_dup_007,uniform_improvised_239_V00_S0721_I00000955_P0359A_f0003988,V00_S0721_I00000955_P0359A,improvised/train/0014/0018/V00_S0721_I00000955_P0359A,improvised/train/0014/0042/V00_S0721_I00000955_P0196A,uniform_improvised,improvised,3988,V00,improvised,train,ipc_conversation,agreement_duplicate_of:v00_239,"{""avg_fps"": 30.0, ""label_stratum"": ""improvised"", ""npz_frames_min"": 10620, ""npz_status"": ""ok"", ""render_frames"": 300, ""uniform_draw"": 0.003178471, ""valid_frac_box"": 1.0, ""valid_frac_smplh"": 0.962053, ""video_nb_frames"": 10620}",render
v00_dup_008,targeted_337_V00_S0274_I00000135_P0371_f0001234,V00_S0274_I00000135_P0371,naturalistic/dev/0000/0038/V00_S0274_I00000135_P0371,naturalistic/dev/0000/0040/V00_S0274_I00000135_P0370,targeted,naturalistic,1234,V00,naturalistic,dev,collaborative_storytelling,agreement_duplicate_of:v00_337,"{""avg_fps"": 30.0, ""npz_frames_min"": 5160, ""npz_status"": ""ok"", ""render_frames"": 300, ""stratum"": ""naturalistic|collaborative_storytelling"", ""targeted_role"": ""stratified_fill"", ""valid_frac_box"": 1.0, ""valid_frac_smplh"": 1.0, ""video_nb_frames"": 5160}",render
v00_dup_009,uniform_improvised_283_V00_S1534_I00000692_P0707A_f0000500,V00_S1534_I00000692_P0707A,improvised/train/0036/0018/V00_S1534_I00000692_P0707A,improvised/train/0036/0000/V00_S1534_I00000692_P1148A,uniform_improvised,improvised,500,V00,improvised,train,ipc_conversation,agreement_duplicate_of:v00_283,"{""avg_fps"": 30.0, ""label_stratum"": ""improvised"", ""npz_frames_min"": 5040, ""npz_status"": ""ok"", ""render_frames"": 300, ""uniform_draw"": 0.00494631, ""valid_frac_box"": 1.0, ""valid_frac_smplh"": 0.994444, ""video_nb_frames"": 5040}",render
v00_dup_010,uniform_improvised_196_V00_S0949_I00000812_P0059A_f0006190,V00_S0949_I00000812_P0059A,improvised/train/0020/0026/V00_S0949_I00000812_P0059A,improvised/train/0020/0057/V00_S0949_I00000812_P0006A,uniform_improvised,improvised,6190,V00,improvised,train,ipc_conversation,agreement_duplicate_of:v00_196,"{""avg_fps"": 30.0, ""label_stratum"": ""improvised"", ""npz_frames_min"": 14100, ""npz_status"": ""ok"", ""render_frames"": 300, ""uniform_draw"": 0.001210657, ""valid_frac_box"": 0.991631, ""valid_frac_smplh"": 0.937305, ""video_nb_frames"": 14100}",render
v00_dup_011,uniform_improvised_212_V00_S0878_I00000541_P0185A_f0002646,V00_S0878_I00000541_P0185A,improvised/train/0018/0028/V00_S0878_I00000541_P0185A,improvised/train/0018/0016/V00_S0878_I00000541_P0991,uniform_improvised,improvised,2646,V00,improvised,train,ipc_conversation,agreement_duplicate_of:v00_212,"{""avg_fps"": 30.0, ""label_stratum"": ""improvised"", ""npz_frames_min"": 5640, ""npz_status"": ""ok"", ""render_frames"": 300, ""uniform_draw"": 0.001980111, ""valid_frac_box"": 1.0, ""valid_frac_smplh"": 0.997872, ""video_nb_frames"": 5640}",render
v00_dup_012,uniform_naturalistic_131_V00_S0157_I00000515_P0227_f0004985,V00_S0157_I00000515_P0227,naturalistic/train/0003/0001/V00_S0157_I00000515_P0227,naturalistic/train/0003/0002/V00_S0157_I00000515_P0226,uniform_naturalistic,naturalistic,4985,V00,naturalistic,train,ipc_conversation,agreement_duplicate_of:v00_131,"{""avg_fps"": 30.0, ""label_stratum"": ""naturalistic"", ""npz_frames_min"": 6180, ""npz_status"": ""ok"", ""render_frames"": 300, ""uniform_draw"": 0.00689751, ""valid_frac_box"": 1.0, ""valid_frac_smplh"": 0.754693, ""video_nb_frames"": 6180}",render
v00_dup_013,uniform_naturalistic_112_V00_S0154_I00000128_P0221_f0004606,V00_S0154_I00000128_P0221,naturalistic/train/0003/0024/V00_S0154_I00000128_P0221,naturalistic/train/0003/0039/V00_S0154_I00000128_P0220,uniform_naturalistic,naturalistic,4606,V00,naturalistic,train,ipc_conversation,agreement_duplicate_of:v00_112,"{""avg_fps"": 30.0, ""label_stratum"": ""naturalistic"", ""npz_frames_min"": 5040, ""npz_status"": ""ok"", ""render_frames"": 300, ""uniform_draw"": 0.005690378, ""valid_frac_box"": 1.0, ""valid_frac_smplh"": 0.9875, ""video_nb_frames"": 5040}",render
v00_dup_014,uniform_naturalistic_028_V00_S1931_I00000077_P0568_f0002707,V00_S1931_I00000077_P0568,naturalistic/train/0031/0016/V00_S1931_I00000077_P0568,naturalistic/train/0031/0009/V00_S1931_I00000077_P0260,uniform_naturalistic,naturalistic,2707,V00,naturalistic,train,ipc_conversation,agreement_duplicate_of:v00_028,"{""avg_fps"": 30.0, ""label_stratum"": ""naturalistic"", ""npz_frames_min"": 5640, ""npz_status"": ""ok"", ""render_frames"": 300, ""uniform_draw"": 0.000376265, ""valid_frac_box"": 1.0, ""valid_frac_smplh"": 1.0, ""video_nb_frames"": 5640}",render
v00_dup_015,uniform_improvised_245_V00_S0836_I00000135_P0026A_f0001152,V00_S0836_I00000135_P0026A,improvised/train/0017/0011/V00_S0836_I00000135_P0026A,improvised/train/0017/0037/V00_S0836_I00000135_P0966,uniform_improvised,improvised,1152,V00,improvised,train,collaborative_storytelling,agreement_duplicate_of:v00_245,"{""avg_fps"": 30.0, ""label_stratum"": ""improvised"", ""npz_frames_min"": 3000, ""npz_status"": ""ok"", ""render_frames"": 300, ""uniform_draw"": 0.003451248, ""valid_frac_box"": 1.0, ""valid_frac_smplh"": 1.0, ""video_nb_frames"": 3000}",render
v00_dup_016,uniform_naturalistic_059_V00_S0687_I00000135_P0837_f0000507,V00_S0687_I00000135_P0837,naturalistic/train/0019/0029/V00_S0687_I00000135_P0837,naturalistic/train/0019/0042/V00_S0687_I00000135_P0836,uniform_naturalistic,naturalistic,507,V00,naturalistic,train,collaborative_storytelling,agreement_duplicate_of:v00_059,"{""avg_fps"": 30.0, ""label_stratum"": ""naturalistic"", ""npz_frames_min"": 4080, ""npz_status"": ""ok"", ""render_frames"": 300, ""uniform_draw"": 0.002541405, ""valid_frac_box"": 1.0, ""valid_frac_smplh"": 0.96348, ""video_nb_frames"": 4080}",render
v00_dup_017,uniform_naturalistic_020_V00_S1118_I00000601_P0011_f0002717,V00_S1118_I00000601_P0011,naturalistic/train/0026/0050/V00_S1118_I00000601_P0011,naturalistic/train/0026/0031/V00_S1118_I00000601_P1087,uniform_naturalistic,naturalistic,2717,V00,naturalistic,train,grounded_gesture,agreement_duplicate_of:v00_020,"{""avg_fps"": 30.0, ""label_stratum"": ""naturalistic"", ""npz_frames_min"": 11640, ""npz_status"": ""ok"", ""render_frames"": 300, ""uniform_draw"": 0.01213561, ""valid_frac_box"": 1.0, ""valid_frac_smplh"": 0.981014, ""video_nb_frames"": 11640}",render
v00_dup_018,uniform_naturalistic_044_V00_S0471_I00000515_P0602_f0001301,V00_S0471_I00000515_P0602,naturalistic/train/0012/0027/V00_S0471_I00000515_P0602,naturalistic/train/0012/0025/V00_S0471_I00000515_P0170,uniform_naturalistic,naturalistic,1301,V00,naturalistic,train,ipc_conversation,agreement_duplicate_of:v00_044,"{""avg_fps"": 30.0, ""label_stratum"": ""naturalistic"", ""npz_frames_min"": 2220, ""npz_status"": ""ok"", ""render_frames"": 300, ""uniform_draw"": 0.001569692, ""valid_frac_box"": 1.0, ""valid_frac_smplh"": 1.0, ""video_nb_frames"": 2220}",render
v00_dup_019,uniform_improvised_211_V00_S0364_I00000377_P0488_f0001076,V00_S0364_I00000377_P0488,improvised/train/0008/0041/V00_S0364_I00000377_P0488,improvised/train/0008/0047/V00_S0364_I00000377_P0005A,uniform_improvised,improvised,1076,V00,improvised,train,ipc_conversation,agreement_duplicate_of:v00_211,"{""avg_fps"": 30.0, ""label_stratum"": ""improvised"", ""npz_frames_min"": 8820, ""npz_status"": ""ok"", ""render_frames"": 300, ""uniform_draw"": 0.001913443, ""valid_frac_box"": 1.0, ""valid_frac_smplh"": 1.0, ""video_nb_frames"": 8820}",render
v00_dup_020,uniform_naturalistic_132_V00_S1966_I00000211_P0347_f0004981,V00_S1966_I00000211_P0347,naturalistic/train/0032/0002/V00_S1966_I00000211_P0347,naturalistic/train/0032/0042/V00_S1966_I00000211_P1237,uniform_naturalistic,naturalistic,4981,V00,naturalistic,train,ipc_conversation,agreement_duplicate_of:v00_132,"{""avg_fps"": 30.0, ""label_stratum"": ""naturalistic"", ""npz_frames_min"": 8040, ""npz_status"": ""ok"", ""render_frames"": 300, ""uniform_draw"": 0.006997447, ""valid_frac_box"": 1.0, ""valid_frac_smplh"": 1.0, ""video_nb_frames"": 8040}",render
v00_dup_021,uniform_improvised_216_V00_S1223_I00001227_P0955A_f0003268,V00_S1223_I00001227_P0955A,improvised/train/0027/0048/V00_S1223_I00001227_P0955A,improvised/train/0027/0017/V00_S1223_I00001227_P0878A,uniform_improvised,improvised,3268,V00,improvised,train,ipc_conversation,agreement_duplicate_of:v00_216,"{""avg_fps"": 30.0, ""label_stratum"": ""improvised"", ""npz_frames_min"": 10620, ""npz_status"": ""ok"", ""render_frames"": 300, ""uniform_draw"": 0.002091868, ""valid_frac_box"": 1.0, ""valid_frac_smplh"": 0.999435, ""video_nb_frames"": 10620}",render
v00_dup_022,uniform_improvised_163_V00_S1134_I00000526_P0047_f0002756,V00_S1134_I00000526_P0047,improvised/train/0024/0028/V00_S1134_I00000526_P0047,improvised/train/0024/0056/V00_S1134_I00000526_P0437A,uniform_improvised,improvised,2756,V00,improvised,train,grounded_gesture,agreement_duplicate_of:v00_163,"{""avg_fps"": 30.0, ""label_stratum"": ""improvised"", ""npz_frames_min"": 8880, ""npz_status"": ""ok"", ""render_frames"": 300, ""uniform_draw"": 0.023460058, ""valid_frac_box"": 1.0, ""valid_frac_smplh"": 0.9875, ""video_nb_frames"": 8880}",render
v00_dup_023,uniform_naturalistic_051_V00_S0631_I00000477_P0787_f0001974,V00_S0631_I00000477_P0787,naturalistic/train/0018/0037/V00_S0631_I00000477_P0787,naturalistic/train/0018/0031/V00_S0631_I00000477_P0678,uniform_naturalistic,naturalistic,1974,V00,naturalistic,train,ipc_conversation,agreement_duplicate_of:v00_051,"{""avg_fps"": 30.0, ""label_stratum"": ""naturalistic"", ""npz_frames_min"": 2520, ""npz_status"": ""ok"", ""render_frames"": 300, ""uniform_draw"": 0.002118991, ""valid_frac_box"": 1.0, ""valid_frac_smplh"": 0.985714, ""video_nb_frames"": 2520}",render
v00_dup_024,uniform_naturalistic_035_V00_S0817_I00000373_P0953_f0002242,V00_S0817_I00000373_P0953,naturalistic/train/0022/0041/V00_S0817_I00000373_P0953,naturalistic/train/0022/0025/V00_S0817_I00000373_P0557,uniform_naturalistic,naturalistic,2242,V00,naturalistic,train,ipc_conversation,agreement_duplicate_of:v00_035,"{""avg_fps"": 30.0, ""label_stratum"": ""naturalistic"", ""npz_frames_min"": 5880, ""npz_status"": ""ok"", ""render_frames"": 300, ""uniform_draw"": 0.00086187, ""valid_frac_box"": 1.0, ""valid_frac_smplh"": 1.0, ""video_nb_frames"": 5880}",render
v00_dup_025,uniform_improvised_221_V00_S0518_I00000539_P0348_f0002693,V00_S0518_I00000539_P0348,improvised/train/0011/0017/V00_S0518_I00000539_P0348,improvised/train/0011/0000/V00_S0518_I00000539_P0658A,uniform_improvised,improvised,2693,V00,improvised,train,ipc_conversation,agreement_duplicate_of:v00_221,"{""avg_fps"": 30.0, ""label_stratum"": ""improvised"", ""npz_frames_min"": 7920, ""npz_status"": ""ok"", ""render_frames"": 300, ""uniform_draw"": 0.002203479, ""valid_frac_box"": 1.0, ""valid_frac_smplh"": 0.991414, ""video_nb_frames"": 7920}",render
v00_dup_026,uniform_naturalistic_106_V00_S0218_I00000135_P0297_f0001282,V00_S0218_I00000135_P0297,naturalistic/train/0005/0000/V00_S0218_I00000135_P0297,naturalistic/train/0005/0035/V00_S0218_I00000135_P0296,uniform_naturalistic,naturalistic,1282,V00,naturalistic,train,collaborative_storytelling,agreement_duplicate_of:v00_106,"{""avg_fps"": 30.0, ""label_stratum"": ""naturalistic"", ""npz_frames_min"": 4680, ""npz_status"": ""ok"", ""render_frames"": 300, ""uniform_draw"": 0.005006828, ""valid_frac_box"": 1.0, ""valid_frac_smplh"": 1.0, ""video_nb_frames"": 4680}",render
v00_dup_027,targeted_385_V00_S0111_I00000135_P0161_f0002577,V00_S0111_I00000135_P0161,naturalistic/train/0002/0024/V00_S0111_I00000135_P0161,naturalistic/train/0002/0038/V00_S0111_I00000135_P0160,targeted,naturalistic,2577,V00,naturalistic,train,collaborative_storytelling,agreement_duplicate_of:v00_385,"{""avg_fps"": 30.0, ""npz_frames_min"": 4740, ""npz_status"": ""ok"", ""render_frames"": 300, ""stratum"": ""naturalistic|collaborative_storytelling"", ""targeted_role"": ""stratified_fill"", ""valid_frac_box"": 1.0, ""valid_frac_smplh"": 1.0, ""video_nb_frames"": 4740}",render
v00_dup_028,targeted_375_V00_S0599_I00000378_P0757_f0005226,V00_S0599_I00000378_P0757,naturalistic/train/0017/0003/V00_S0599_I00000378_P0757,naturalistic/train/0017/0027/V00_S0599_I00000378_P0675,targeted,naturalistic,5226,V00,naturalistic,train,ipc_conversation,agreement_duplicate_of:v00_375,"{""avg_fps"": 30.0, ""npz_frames_min"": 8880, ""npz_status"": ""ok"", ""render_frames"": 300, ""stratum"": ""naturalistic|ipc_conversation"", ""targeted_role"": ""stratified_fill"", ""valid_frac_box"": 1.0, ""valid_frac_smplh"": 0.976464, ""video_nb_frames"": 8880}",render
v00_dup_029,uniform_improvised_264_V00_S1522_I00001013_P0789A_f0007362,V00_S1522_I00001013_P0789A,improvised/train/0036/0048/V00_S1522_I00001013_P0789A,improvised/train/0036/0062/V00_S1522_I00001013_P1115A,uniform_improvised,improvised,7362,V00,improvised,train,ipc_conversation,agreement_duplicate_of:v00_264,"{""avg_fps"": 30.0, ""label_stratum"": ""improvised"", ""npz_frames_min"": 8880, ""npz_status"": ""ok"", ""render_frames"": 300, ""uniform_draw"": 0.004176752, ""valid_frac_box"": 1.0, ""valid_frac_smplh"": 0.977027, ""video_nb_frames"": 8880}",render
v00_dup_030,uniform_improvised_271_V00_S1269_I00000674_P0210A_f0003371,V00_S1269_I00000674_P0210A,improvised/train/0028/0003/V00_S1269_I00000674_P0210A,improvised/train/0028/0022/V00_S1269_I00000674_P0185A,uniform_improvised,improvised,3371,V00,improvised,train,ipc_conversation,agreement_duplicate_of:v00_271,"{""avg_fps"": 30.0, ""label_stratum"": ""improvised"", ""npz_frames_min"": 6660, ""npz_status"": ""ok"", ""render_frames"": 300, ""uniform_draw"": 0.004450086, ""valid_frac_box"": 1.0, ""valid_frac_smplh"": 1.0, ""video_nb_frames"": 6660}",render
v00_dup_031,uniform_improvised_182_V00_S0486_I00000545_P0622_f0003872,V00_S0486_I00000545_P0622,improvised/train/0010/0008/V00_S0486_I00000545_P0622,improvised/train/0010/0051/V00_S0486_I00000545_P0229A,uniform_improvised,improvised,3872,V00,improvised,train,ipc_conversation,agreement_duplicate_of:v00_182,"{""avg_fps"": 30.0, ""label_stratum"": ""improvised"", ""npz_frames_min"": 4260, ""npz_status"": ""ok"", ""render_frames"": 300, ""uniform_draw"": 0.000311795, ""valid_frac_box"": 1.0, ""valid_frac_smplh"": 0.997887, ""video_nb_frames"": 4260}",render
v00_dup_032,uniform_improvised_248_V00_S0169_I00000135_P0238_f0001305,V00_S0169_I00000135_P0238,improvised/train/0003/0016/V00_S0169_I00000135_P0238,improvised/train/0003/0007/V00_S0169_I00000135_P0150A,uniform_improvised,improvised,1305,V00,improvised,train,collaborative_storytelling,agreement_duplicate_of:v00_248,"{""avg_fps"": 30.0, ""label_stratum"": ""improvised"", ""npz_frames_min"": 4320, ""npz_status"": ""ok"", ""render_frames"": 300, ""uniform_draw"": 0.003526445, ""valid_frac_box"": 1.0, ""valid_frac_smplh"": 1.0, ""video_nb_frames"": 4320}",render
v00_dup_033,uniform_naturalistic_062_V00_S0988_I00000302_P0893_f0001504,V00_S0988_I00000302_P0893,naturalistic/train/0025/0027/V00_S0988_I00000302_P0893,naturalistic/train/0025/0019/V00_S0988_I00000302_P1051,uniform_naturalistic,naturalistic,1504,V00,naturalistic,train,ipc_conversation,agreement_duplicate_of:v00_062,"{""avg_fps"": 30.0, ""label_stratum"": ""naturalistic"", ""npz_frames_min"": 3060, ""npz_status"": ""ok"", ""render_frames"": 300, ""uniform_draw"": 0.002696561, ""valid_frac_box"": 1.0, ""valid_frac_smplh"": 0.966993, ""video_nb_frames"": 3060}",render
v00_dup_034,targeted_323_V00_S0700_I00000132_P0852_f0003468,V00_S0700_I00000132_P0852,improvised/dev/0000/0013/V00_S0700_I00000132_P0852,improvised/dev/0000/0027/V00_S0700_I00000132_P0844A,targeted,improvised,3468,V00,improvised,dev,ipc_conversation,agreement_duplicate_of:v00_323,"{""avg_fps"": 30.0, ""npz_frames_min"": 10200, ""npz_status"": ""ok"", ""render_frames"": 300, ""session1_metric"": ""wrist_min"", ""session1_value"": 0.5889299977377387, ""targeted_role"": ""session1_extreme"", ""valid_frac_box"": 1.0, ""valid_frac_smplh"": 1.0, ""video_nb_frames"": 10200}",render
v00_dup_035,uniform_improvised_267_V00_S0204_I00000537_P0273_f0002786,V00_S0204_I00000537_P0273,improvised/train/0004/0023/V00_S0204_I00000537_P0273,improvised/train/0004/0019/V00_S0204_I00000537_P0003A,uniform_improvised,improvised,2786,V00,improvised,train,ipc_conversation,agreement_duplicate_of:v00_267,"{""avg_fps"": 30.0, ""label_stratum"": ""improvised"", ""npz_frames_min"": 10020, ""npz_status"": ""ok"", ""render_frames"": 300, ""uniform_draw"": 0.004307652, ""valid_frac_box"": 1.0, ""valid_frac_smplh"": 0.997705, ""video_nb_frames"": 10020}",render
v00_dup_036,uniform_naturalistic_082_V00_S0638_I00000371_P0797_f0001873,V00_S0638_I00000371_P0797,naturalistic/train/0018/0013/V00_S0638_I00000371_P0797,naturalistic/train/0018/0035/V00_S0638_I00000371_P0693,uniform_naturalistic,naturalistic,1873,V00,naturalistic,train,ipc_conversation,agreement_duplicate_of:v00_082,"{""avg_fps"": 30.0, ""label_stratum"": ""naturalistic"", ""npz_frames_min"": 5580, ""npz_status"": ""ok"", ""render_frames"": 300, ""uniform_draw"": 0.003370308, ""valid_frac_box"": 1.0, ""valid_frac_smplh"": 1.0, ""video_nb_frames"": 5580}",render
v00_dup_037,uniform_naturalistic_126_V00_S0031_I00000134_P0047_f0004530,V00_S0031_I00000134_P0047,naturalistic/train/0000/0000/V00_S0031_I00000134_P0047,naturalistic/train/0000/0002/V00_S0031_I00000134_P0048,uniform_naturalistic,naturalistic,4530,V00,naturalistic,train,ipc_conversation,agreement_duplicate_of:v00_126,"{""avg_fps"": 30.0, ""label_stratum"": ""naturalistic"", ""npz_frames_min"": 4980, ""npz_status"": ""ok"", ""render_frames"": 300, ""uniform_draw"": 0.00649006, ""valid_frac_box"": 1.0, ""valid_frac_smplh"": 0.808233, ""video_nb_frames"": 4980}",render
v00_dup_038,uniform_improvised_169_V00_S0483_I00000520_P0250A_f0005957,V00_S0483_I00000520_P0250A,improvised/train/0010/0032/V00_S0483_I00000520_P0250A,improvised/train/0010/0025/V00_S0483_I00000520_P0070,uniform_improvised,improvised,5957,V00,improvised,train,grounded_gesture,agreement_duplicate_of:v00_169,"{""avg_fps"": 30.0, ""label_stratum"": ""improvised"", ""npz_frames_min"": 8340, ""npz_status"": ""ok"", ""render_frames"": 300, ""uniform_draw"": 0.032054899, ""valid_frac_box"": 1.0, ""valid_frac_smplh"": 0.989688, ""video_nb_frames"": 8340}",render
v00_dup_039,uniform_naturalistic_107_V00_S0222_I00000382_P0304_f0001415,V00_S0222_I00000382_P0304,naturalistic/train/0005/0038/V00_S0222_I00000382_P0304,naturalistic/train/0005/0035/V00_S0222_I00000382_P0305,uniform_naturalistic,naturalistic,1415,V00,naturalistic,train,ipc_conversation,agreement_duplicate_of:v00_107,"{""avg_fps"": 30.0, ""label_stratum"": ""naturalistic"", ""npz_frames_min"": 1920, ""npz_status"": ""ok"", ""render_frames"": 300, ""uniform_draw"": 0.005062614, ""valid_frac_box"": 1.0, ""valid_frac_smplh"": 1.0, ""video_nb_frames"": 1919}",render
v00_dup_040,targeted_328_V00_S0055_I00000135_P0029A_f0000890,V00_S0055_I00000135_P0029A,improvised/train/0000/0023/V00_S0055_I00000135_P0029A,improvised/train/0000/0010/V00_S0055_I00000135_P0085,targeted,improvised,890,V00,improvised,train,collaborative_storytelling,agreement_duplicate_of:v00_328,"{""avg_fps"": 30.0, ""npz_frames_min"": 2220, ""npz_status"": ""ok"", ""render_frames"": 300, ""stratum"": ""improvised|collaborative_storytelling"", ""targeted_role"": ""stratified_fill"", ""valid_frac_box"": 1.0, ""valid_frac_smplh"": 1.0, ""video_nb_frames"": 2220}",render
v00_dup_041,targeted_397_V00_S0139_I00000135_P0201_f0000688,V00_S0139_I00000135_P0201,naturalistic/train/0002/0021/V00_S0139_I00000135_P0201,naturalistic/train/0002/0001/V00_S0139_I00000135_P0200,targeted,naturalistic,688,V00,naturalistic,train,collaborative_storytelling,agreement_duplicate_of:v00_397,"{""avg_fps"": 30.0, ""npz_frames_min"": 4620, ""npz_status"": ""ok"", ""render_frames"": 300, ""stratum"": ""naturalistic|collaborative_storytelling"", ""targeted_role"": ""stratified_fill"", ""valid_frac_box"": 1.0, ""valid_frac_smplh"": 1.0, ""video_nb_frames"": 4620}",render
v00_dup_042,uniform_naturalistic_040_V00_S0046_I00000130_P0070_f0002005,V00_S0046_I00000130_P0070,naturalistic/train/0000/0007/V00_S0046_I00000130_P0070,naturalistic/train/0000/0035/V00_S0046_I00000130_P0069,uniform_naturalistic,naturalistic,2005,V00,naturalistic,train,ipc_conversation,agreement_duplicate_of:v00_040,"{""avg_fps"": 30.0, ""label_stratum"": ""naturalistic"", ""npz_frames_min"": 10920, ""npz_status"": ""ok"", ""render_frames"": 300, ""uniform_draw"": 0.001330934, ""valid_frac_box"": 0.998352, ""valid_frac_smplh"": 0.640751, ""video_nb_frames"": 10920}",render
v00_dup_043,uniform_naturalistic_088_V00_S0213_I00000483_P0282_f0003492,V00_S0213_I00000483_P0282,naturalistic/train/0004/0023/V00_S0213_I00000483_P0282,naturalistic/train/0004/0005/V00_S0213_I00000483_P0281,uniform_naturalistic,naturalistic,3492,V00,naturalistic,train,ipc_conversation,agreement_duplicate_of:v00_088,"{""avg_fps"": 30.0, ""label_stratum"": ""naturalistic"", ""npz_frames_min"": 6720, ""npz_status"": ""ok"", ""render_frames"": 300, ""uniform_draw"": 0.003997902, ""valid_frac_box"": 1.0, ""valid_frac_smplh"": 0.998363, ""video_nb_frames"": 6720}",render
v00_dup_044,uniform_naturalistic_074_V00_S0566_I00000379_P0711_f0000855,V00_S0566_I00000379_P0711,naturalistic/train/0015/0033/V00_S0566_I00000379_P0711,naturalistic/train/0015/0006/V00_S0566_I00000379_P0710,uniform_naturalistic,naturalistic,855,V00,naturalistic,train,ipc_conversation,agreement_duplicate_of:v00_074,"{""avg_fps"": 30.0, ""label_stratum"": ""naturalistic"", ""npz_frames_min"": 7920, ""npz_status"": ""ok"", ""render_frames"": 300, ""uniform_draw"": 0.003126211, ""valid_frac_box"": 1.0, ""valid_frac_smplh"": 0.999747, ""video_nb_frames"": 7920}",render
v00_dup_045,uniform_improvised_274_V00_S1309_I00001228_P0107A_f0005213,V00_S1309_I00001228_P0107A,improvised/train/0029/0052/V00_S1309_I00001228_P0107A,improvised/train/0029/0014/V00_S1309_I00001228_P1124A,uniform_improvised,improvised,5213,V00,improvised,train,ipc_conversation,agreement_duplicate_of:v00_274,"{""avg_fps"": 30.0, ""label_stratum"": ""improvised"", ""npz_frames_min"": 10680, ""npz_status"": ""ok"", ""render_frames"": 300, ""uniform_draw"": 0.004517093, ""valid_frac_box"": 1.0, ""valid_frac_smplh"": 0.973034, ""video_nb_frames"": 10680}",render
v00_dup_046,targeted_347_V00_S0832_I00000785_P0964_f0000553,V00_S0832_I00000785_P0964,improvised/train/0016/0036/V00_S0832_I00000785_P0964,improvised/train/0016/0043/V00_S0832_I00000785_P0026A,targeted,improvised,553,V00,improvised,train,grounded_gesture,agreement_duplicate_of:v00_347,"{""avg_fps"": 30.0, ""npz_frames_min"": 7020, ""npz_status"": ""ok"", ""render_frames"": 300, ""stratum"": ""improvised|grounded_gesture"", ""targeted_role"": ""stratified_fill"", ""valid_frac_box"": 1.0, ""valid_frac_smplh"": 0.90755, ""video_nb_frames"": 7020}",render
v00_dup_047,uniform_improvised_298_V00_S0197_I00000537_P0027A_f0002431,V00_S0197_I00000537_P0027A,improvised/train/0004/0041/V00_S0197_I00000537_P0027A,improvised/train/0004/0025/V00_S0197_I00000537_P0268,uniform_improvised,improvised,2431,V00,improvised,train,ipc_conversation,agreement_duplicate_of:v00_298,"{""avg_fps"": 30.0, ""label_stratum"": ""improvised"", ""npz_frames_min"": 7740, ""npz_status"": ""ok"", ""render_frames"": 300, ""uniform_draw"": 0.005370613, ""valid_frac_box"": 1.0, ""valid_frac_smplh"": 0.99832, ""video_nb_frames"": 7740}",render
