review_item_id,clip_id,file_id,source_relbase,partner_source_relbase,sample_group,cohort,label_stratum,start_frame,vendor,label,split,activity_type,selection_reason,signals_json,render_policy
r4_202,fresh_flagged_fm1_sitting_202_V00_S1045_I00000003_P1067_f0002495,V00_S1045_I00000003_P1067,naturalistic/dev/0001/0024/V00_S1045_I00000003_P1067,naturalistic/dev/0001/0008/V00_S1045_I00000003_P1066,fresh_flagged_fm1_sitting,fresh,naturalistic,2495,V00,naturalistic,dev,ipc_conversation,fm1_sitting: only this mode fired; participant not in the recheck cohort,"{""clip_anchored_on_fm2_violation"": false, ""flag_count"": 1, ""flags_fired"": ""fm1_sitting"", ""fm1_hip_flexion_deg_p50"": 80.69741261314286, ""fm1_knee_between_torso_p50"": 0.049294634546808755, ""fm1_leg_over_torso_p50"": 1.4628298581203665, ""fm1_reasons"": ""knee_between"", ""fm1_shin_verticality_p50"": 0.9998039427642691, ""fm1_sitting_file"": true, ""fm1_sitting_participant"": true, ""fm1_unit"": ""1067@1045"", ""fm1_unit_basis"": ""majority"", ""fm2_in_frame_and_valid_frac"": 1.0, ""fm2_pass_frac_round3_joints_only"": 1.0, ""fm2_smplh_valid_frac"": 1.0, ""fm2_surface_correction_px_p50"": 17.08449574089275, ""fm2_vertex_worst_inset_min_px"": 148.0210613812153, ""fm2_violation_run_max_frames"": 0.0, ""fm2_violation_runs"": 0.0, ""fm2_windowed_pass_frac"": 1.0, ""fm3_static_frac"": 0.43822222222222224, ""observed_duration_s"": 150.0, ""reproj_px_p50"": 22.14052252378676, ""reproj_shoulder_widths_p50"": 0.07130174392102398, ""unit_files"": 5.0, ""unit_flagged_frac"": 1.0, ""unit_hip_flexion_min"": 76.03713077878876, ""unit_knee_between_min"": -0.04069986506662773}",render
r4_203,fresh_flagged_fm1_sitting_203_V00_S0446_I00000309_P0585_f0002280,V00_S0446_I00000309_P0585,naturalistic/train/0012/0003/V00_S0446_I00000309_P0585,naturalistic/train/0012/0006/V00_S0446_I00000309_P0489,fresh_flagged_fm1_sitting,fresh,naturalistic,2280,V00,naturalistic,train,ipc_conversation,fm1_sitting: only this mode fired; participant not in the recheck cohort,"{""clip_anchored_on_fm2_violation"": false, ""flag_count"": 1, ""flags_fired"": ""fm1_sitting"", ""fm1_hip_flexion_deg_p50"": 112.79310602211318, ""fm1_knee_between_torso_p50"": 0.37218273542499797, ""fm1_leg_over_torso_p50"": 1.4813434238922287, ""fm1_reasons"": ""knee_between"", ""fm1_shin_verticality_p50"": 0.9952746589409767, ""fm1_sitting_file"": true, ""fm1_sitting_participant"": true, ""fm1_unit"": ""0585@0446"", ""fm1_unit_basis"": ""majority"", ""fm2_in_frame_and_valid_frac"": 0.9940104166666667, ""fm2_pass_frac_round3_joints_only"": 0.996875, ""fm2_smplh_valid_frac"": 1.0, ""fm2_surface_correction_px_p50"": 38.786648418808454, ""fm2_vertex_worst_inset_min_px"": -32.939867303408846, ""fm2_violation_run_max_frames"": 14.0, ""fm2_violation_runs"": 3.0, ""fm2_windowed_pass_frac"": 0.75, ""fm3_static_frac"": 0.29375, ""observed_duration_s"": 128.0, ""reproj_px_p50"": 29.509235152865916, ""reproj_shoulder_widths_p50"": 0.08532759134653271, ""unit_files"": 3.0, ""unit_flagged_frac"": 1.0, ""unit_hip_flexion_min"": 112.68495290998429, ""unit_knee_between_min"": 0.3692891419670379}",render
r4_204,fresh_flagged_fm1_sitting_204_V00_S0337_I00000480_P0457_f0000447,V00_S0337_I00000480_P0457,naturalistic/train/0008/0022/V00_S0337_I00000480_P0457,naturalistic/train/0008/0032/V00_S0337_I00000480_P0453,fresh_flagged_fm1_sitting,fresh,naturalistic,447,V00,naturalistic,train,ipc_conversation,fm1_sitting: only this mode fired; participant not in the recheck cohort,"{""clip_anchored_on_fm2_violation"": false, ""flag_count"": 1, ""flags_fired"": ""fm1_sitting"", ""fm1_hip_flexion_deg_p50"": 132.08727859883717, ""fm1_knee_between_torso_p50"": 0.4880002844123007, ""fm1_leg_over_torso_p50"": 1.2370417143842647, ""fm1_reasons"": """", ""fm1_shin_verticality_p50"": 0.9995411819744375, ""fm1_sitting_file"": false, ""fm1_sitting_participant"": true, ""fm1_unit"": ""0457@0337"", ""fm1_unit_basis"": ""majority"", ""fm2_in_frame_and_valid_frac"": 1.0, ""fm2_pass_frac_round3_joints_only"": 1.0, ""fm2_smplh_valid_frac"": 1.0, ""fm2_surface_correction_px_p50"": 48.42878245678395, ""fm2_vertex_worst_inset_min_px"": 67.1920661834402, ""fm2_violation_run_max_frames"": 0.0, ""fm2_violation_runs"": 0.0, ""fm2_windowed_pass_frac"": 1.0, ""fm3_static_frac"": 0.5933691756272401, ""observed_duration_s"": 186.0, ""reproj_px_p50"": 13.915624666746945, ""reproj_shoulder_widths_p50"": 0.03848153607353673, ""unit_files"": 2.0, ""unit_flagged_frac"": 0.5, ""unit_hip_flexion_min"": 110.88101134857232, ""unit_knee_between_min"": 0.3757119509624718}",render
r4_205,fresh_flagged_fm1_sitting_205_V00_S0691_I00000479_P0840_f0004798,V00_S0691_I00000479_P0840,naturalistic/dev/0000/0033/V00_S0691_I00000479_P0840,naturalistic/dev/0000/0027/V00_S0691_I00000479_P0500,fresh_flagged_fm1_sitting,fresh,naturalistic,4798,V00,naturalistic,dev,ipc_conversation,fm1_sitting: only this mode fired; participant not in the recheck cohort,"{""clip_anchored_on_fm2_violation"": false, ""flag_count"": 1, ""flags_fired"": ""fm1_sitting"", ""fm1_hip_flexion_deg_p50"": 115.36694837217041, ""fm1_knee_between_torso_p50"": 0.40234917022086325, ""fm1_leg_over_torso_p50"": 1.2579081993305363, ""fm1_reasons"": ""knee_between"", ""fm1_shin_verticality_p50"": 0.9977851437602314, ""fm1_sitting_file"": true, ""fm1_sitting_participant"": true, ""fm1_unit"": ""0840@0691"", ""fm1_unit_basis"": ""majority"", ""fm2_in_frame_and_valid_frac"": 0.9816161616161616, ""fm2_pass_frac_round3_joints_only"": 0.9871717171717171, ""fm2_smplh_valid_frac"": 1.0, ""fm2_surface_correction_px_p50"": 43.95881969522975, ""fm2_vertex_worst_inset_min_px"": -52.083108431547885, ""fm2_violation_run_max_frames"": 37.0, ""fm2_violation_runs"": 31.0, ""fm2_windowed_pass_frac"": 0.5454545454545454, ""fm3_static_frac"": 0.6464646464646465, ""observed_duration_s"": 330.0, ""reproj_px_p50"": 17.145548611575165, ""reproj_shoulder_widths_p50"": 0.04906738256387971, ""unit_files"": 3.0, ""unit_flagged_frac"": 1.0, ""unit_hip_flexion_min"": 111.47419657926713, ""unit_knee_between_min"": 0.37874031683152487}",render
r4_206,fresh_flagged_fm1_sitting_206_V00_S0446_I00000126_P0585_f0002238,V00_S0446_I00000126_P0585,naturalistic/train/0012/0024/V00_S0446_I00000126_P0585,naturalistic/train/0012/0022/V00_S0446_I00000126_P0489,fresh_flagged_fm1_sitting,fresh,naturalistic,2238,V00,naturalistic,train,ipc_conversation,fm1_sitting: only this mode fired; participant not in the recheck cohort,"{""clip_anchored_on_fm2_violation"": false, ""flag_count"": 1, ""flags_fired"": ""fm1_sitting"", ""fm1_hip_flexion_deg_p50"": 117.90857165210669, ""fm1_knee_between_torso_p50"": 0.407664073023642, ""fm1_leg_over_torso_p50"": 1.453698326798625, ""fm1_reasons"": ""knee_between"", ""fm1_shin_verticality_p50"": 0.9970544747501033, ""fm1_sitting_file"": true, ""fm1_sitting_participant"": true, ""fm1_unit"": ""0585@0446"", ""fm1_unit_basis"": ""majority"", ""fm2_in_frame_and_valid_frac"": 0.9992354740061162, ""fm2_pass_frac_round3_joints_only"": 1.0, ""fm2_smplh_valid_frac"": 1.0, ""fm2_surface_correction_px_p50"": 38.98221376784818, ""fm2_vertex_worst_inset_min_px"": 14.59108041176762, ""fm2_violation_run_max_frames"": 3.0, ""fm2_violation_runs"": 2.0, ""fm2_windowed_pass_frac"": 1.0, ""fm3_static_frac"": 0.11697247706422019, ""observed_duration_s"": 218.0, ""reproj_px_p50"": 30.97609015230028, ""reproj_shoulder_widths_p50"": 0.09038269121281611, ""unit_files"": 3.0, ""unit_flagged_frac"": 1.0, ""unit_hip_flexion_min"": 112.68495290998429, ""unit_knee_between_min"": 0.3692891419670379}",render
r4_207,fresh_flagged_fm1_sitting_207_V00_S1060_I00000334_P1072_f0006730,V00_S1060_I00000334_P1072,naturalistic/train/0025/0028/V00_S1060_I00000334_P1072,naturalistic/train/0025/0035/V00_S1060_I00000334_P1071,fresh_flagged_fm1_sitting,fresh,naturalistic,6730,V00,naturalistic,train,ipc_conversation,fm1_sitting: only this mode fired; participant not in the recheck cohort,"{""clip_anchored_on_fm2_violation"": false, ""flag_count"": 1, ""flags_fired"": ""fm1_sitting"", ""fm1_hip_flexion_deg_p50"": 122.8511611986668, ""fm1_knee_between_torso_p50"": 0.4600201065959614, ""fm1_leg_over_torso_p50"": 1.129922039817667, ""fm1_reasons"": """", ""fm1_shin_verticality_p50"": 0.9994449088182185, ""fm1_sitting_file"": false, ""fm1_sitting_participant"": true, ""fm1_unit"": ""1072@1060"", ""fm1_unit_basis"": ""majority"", ""fm2_in_frame_and_valid_frac"": 0.9815920398009951, ""fm2_pass_frac_round3_joints_only"": 0.9953980099502487, ""fm2_smplh_valid_frac"": 1.0, ""fm2_surface_correction_px_p50"": 32.61560105009255, ""fm2_vertex_worst_inset_min_px"": -30.041192036161192, ""fm2_violation_run_max_frames"": 55.0, ""fm2_violation_runs"": 25.0, ""fm2_windowed_pass_frac"": 0.875, ""fm3_static_frac"": 0.15708955223880597, ""observed_duration_s"": 268.0, ""reproj_px_p50"": 31.639821657659947, ""reproj_shoulder_widths_p50"": 0.08600894621848895, ""unit_files"": 2.0, ""unit_flagged_frac"": 0.5, ""unit_hip_flexion_min"": 114.24258650122921, ""unit_knee_between_min"": 0.4284712922306218}",render
r4_208,fresh_flagged_fm1_sitting_208_V00_S1933_I00000001_P0805_f0000640,V00_S1933_I00000001_P0805,naturalistic/train/0031/0012/V00_S1933_I00000001_P0805,naturalistic/train/0031/0002/V00_S1933_I00000001_P1220,fresh_flagged_fm1_sitting,fresh,naturalistic,640,V00,naturalistic,train,ipc_conversation,fm1_sitting: only this mode fired; participant not in the recheck cohort,"{""clip_anchored_on_fm2_violation"": false, ""flag_count"": 1, ""flags_fired"": ""fm1_sitting"", ""fm1_hip_flexion_deg_p50"": 87.13515597925758, ""fm1_knee_between_torso_p50"": 0.1450738338235779, ""fm1_leg_over_torso_p50"": 1.6306931462279028, ""fm1_reasons"": ""knee_between"", ""fm1_shin_verticality_p50"": 0.9998000599800071, ""fm1_sitting_file"": true, ""fm1_sitting_participant"": true, ""fm1_unit"": ""0805@1933"", ""fm1_unit_basis"": ""majority"", ""fm2_in_frame_and_valid_frac"": 1.0, ""fm2_pass_frac_round3_joints_only"": 1.0, ""fm2_smplh_valid_frac"": 1.0, ""fm2_surface_correction_px_p50"": 27.563806839791425, ""fm2_vertex_worst_inset_min_px"": 232.03708934436685, ""fm2_violation_run_max_frames"": 0.0, ""fm2_violation_runs"": 0.0, ""fm2_windowed_pass_frac"": 1.0, ""fm3_static_frac"": 0.7443798449612403, ""observed_duration_s"": 172.0, ""reproj_px_p50"": 15.826865171069638, ""reproj_shoulder_widths_p50"": 0.052645927702890685, ""unit_files"": 2.0, ""unit_flagged_frac"": 1.0, ""unit_hip_flexion_min"": 87.13515597925758, ""unit_knee_between_min"": 0.1450738338235779}",render
r4_209,fresh_flagged_fm1_sitting_209_V00_S1925_I00000298_P1213_f0005379,V00_S1925_I00000298_P1213,naturalistic/train/0031/0018/V00_S1925_I00000298_P1213,naturalistic/train/0031/0019/V00_S1925_I00000298_P0070,fresh_flagged_fm1_sitting,fresh,naturalistic,5379,V00,naturalistic,train,ipc_conversation,fm1_sitting: only this mode fired; participant not in the recheck cohort,"{""clip_anchored_on_fm2_violation"": false, ""flag_count"": 1, ""flags_fired"": ""fm1_sitting"", ""fm1_hip_flexion_deg_p50"": 93.966961043624, ""fm1_knee_between_torso_p50"": 0.21178367912473428, ""fm1_leg_over_torso_p50"": 1.2327611955106563, ""fm1_reasons"": ""knee_between"", ""fm1_shin_verticality_p50"": 0.9997737349902374, ""fm1_sitting_file"": true, ""fm1_sitting_participant"": true, ""fm1_unit"": ""1213@1925"", ""fm1_unit_basis"": ""majority"", ""fm2_in_frame_and_valid_frac"": 0.9969618055555556, ""fm2_pass_frac_round3_joints_only"": 0.9979166666666667, ""fm2_smplh_valid_frac"": 1.0, ""fm2_surface_correction_px_p50"": 28.938863797077488, ""fm2_vertex_worst_inset_min_px"": -48.46962730540645, ""fm2_violation_run_max_frames"": 20.0, ""fm2_violation_runs"": 5.0, ""fm2_windowed_pass_frac"": 0.8333333333333334, ""fm3_static_frac"": 0.48420138888888886, ""observed_duration_s"": 384.0, ""reproj_px_p50"": 12.689804727568639, ""reproj_shoulder_widths_p50"": 0.03852602727025589, ""unit_files"": 4.0, ""unit_flagged_frac"": 1.0, ""unit_hip_flexion_min"": 93.334421815114, ""unit_knee_between_min"": 0.20551671627019924}",render
r4_210,fresh_flagged_fm1_sitting_210_V00_S0369_I00000488_P0491_f0000552,V00_S0369_I00000488_P0491,naturalistic/train/0009/0007/V00_S0369_I00000488_P0491,naturalistic/train/0009/0021/V00_S0369_I00000488_P0024,fresh_flagged_fm1_sitting,fresh,naturalistic,552,V00,naturalistic,train,ipc_conversation,fm1_sitting: only this mode fired; participant not in the recheck cohort,"{""clip_anchored_on_fm2_violation"": false, ""flag_count"": 1, ""flags_fired"": ""fm1_sitting"", ""fm1_hip_flexion_deg_p50"": 115.57607967032295, ""fm1_knee_between_torso_p50"": 0.4248824471442654, ""fm1_leg_over_torso_p50"": 1.1431543327704423, ""fm1_reasons"": ""knee_between"", ""fm1_shin_verticality_p50"": 0.9995411800307221, ""fm1_sitting_file"": true, ""fm1_sitting_participant"": true, ""fm1_unit"": ""0491@0369"", ""fm1_unit_basis"": ""majority"", ""fm2_in_frame_and_valid_frac"": 0.9994186046511628, ""fm2_pass_frac_round3_joints_only"": 0.9998062015503876, ""fm2_smplh_valid_frac"": 1.0, ""fm2_surface_correction_px_p50"": 42.894397268016405, ""fm2_vertex_worst_inset_min_px"": -14.154687638592804, ""fm2_violation_run_max_frames"": 3.0, ""fm2_violation_runs"": 1.0, ""fm2_windowed_pass_frac"": 0.8, ""fm3_static_frac"": 0.4325581395348837, ""observed_duration_s"": 172.0, ""reproj_px_p50"": 34.065767865546064, ""reproj_shoulder_widths_p50"": 0.09563544576576258, ""unit_files"": 4.0, ""unit_flagged_frac"": 0.5, ""unit_hip_flexion_min"": 113.17360446737011, ""unit_knee_between_min"": 0.40139645022661435}",render
r4_211,fresh_flagged_fm1_sitting_211_V00_S1933_I00000012_P0805_f0000693,V00_S1933_I00000012_P0805,naturalistic/train/0031/0030/V00_S1933_I00000012_P0805,naturalistic/train/0031/0029/V00_S1933_I00000012_P1220,fresh_flagged_fm1_sitting,fresh,naturalistic,693,V00,naturalistic,train,ipc_conversation,fm1_sitting: only this mode fired; participant not in the recheck cohort,"{""clip_anchored_on_fm2_violation"": false, ""flag_count"": 1, ""flags_fired"": ""fm1_sitting"", ""fm1_hip_flexion_deg_p50"": 93.25166269081686, ""fm1_knee_between_torso_p50"": 0.2154814911739101, ""fm1_leg_over_torso_p50"": 1.5778733530418312, ""fm1_reasons"": ""knee_between"", ""fm1_shin_verticality_p50"": 0.9998078182443362, ""fm1_sitting_file"": true, ""fm1_sitting_participant"": true, ""fm1_unit"": ""0805@1933"", ""fm1_unit_basis"": ""majority"", ""fm2_in_frame_and_valid_frac"": 0.9932584269662922, ""fm2_pass_frac_round3_joints_only"": 1.0, ""fm2_smplh_valid_frac"": 1.0, ""fm2_surface_correction_px_p50"": 20.822295192803722, ""fm2_vertex_worst_inset_min_px"": 40.62825998666949, ""fm2_violation_run_max_frames"": 7.0, ""fm2_violation_runs"": 12.0, ""fm2_windowed_pass_frac"": 1.0, ""fm3_static_frac"": 0.5074906367041199, ""observed_duration_s"": 178.0, ""reproj_px_p50"": 18.065925325874076, ""reproj_shoulder_widths_p50"": 0.05741917208763071, ""unit_files"": 2.0, ""unit_flagged_frac"": 1.0, ""unit_hip_flexion_min"": 87.13515597925758, ""unit_knee_between_min"": 0.1450738338235779}",render
r4_212,fresh_flagged_fm1_sitting_212_V00_S1045_I00000012_P1067_f0003598,V00_S1045_I00000012_P1067,naturalistic/dev/0001/0027/V00_S1045_I00000012_P1067,naturalistic/dev/0001/0038/V00_S1045_I00000012_P1066,fresh_flagged_fm1_sitting,fresh,naturalistic,3598,V00,naturalistic,dev,ipc_conversation,fm1_sitting: only this mode fired; participant not in the recheck cohort,"{""clip_anchored_on_fm2_violation"": false, ""flag_count"": 1, ""flags_fired"": ""fm1_sitting"", ""fm1_hip_flexion_deg_p50"": 76.03713077878876, ""fm1_knee_between_torso_p50"": -0.04069986506662773, ""fm1_leg_over_torso_p50"": 1.370870557729753, ""fm1_reasons"": ""knee_between"", ""fm1_shin_verticality_p50"": 0.9994060080712641, ""fm1_sitting_file"": true, ""fm1_sitting_participant"": true, ""fm1_unit"": ""1067@1045"", ""fm1_unit_basis"": ""majority"", ""fm2_in_frame_and_valid_frac"": 1.0, ""fm2_pass_frac_round3_joints_only"": 1.0, ""fm2_smplh_valid_frac"": 1.0, ""fm2_surface_correction_px_p50"": 20.769225465705176, ""fm2_vertex_worst_inset_min_px"": 156.64043736565418, ""fm2_violation_run_max_frames"": 0.0, ""fm2_violation_runs"": 0.0, ""fm2_windowed_pass_frac"": 1.0, ""fm3_static_frac"": 0.5671428571428572, ""observed_duration_s"": 210.0, ""reproj_px_p50"": 24.839579386295714, ""reproj_shoulder_widths_p50"": 0.07828163950580733, ""unit_files"": 5.0, ""unit_flagged_frac"": 1.0, ""unit_hip_flexion_min"": 76.03713077878876, ""unit_knee_between_min"": -0.04069986506662773}",render
r4_213,fresh_flagged_fm1_sitting_213_V00_S1045_I00000606_P1067_f0002427,V00_S1045_I00000606_P1067,naturalistic/dev/0001/0011/V00_S1045_I00000606_P1067,naturalistic/dev/0001/0004/V00_S1045_I00000606_P1066,fresh_flagged_fm1_sitting,fresh,naturalistic,2427,V00,naturalistic,dev,grounded_gesture,fm1_sitting: only this mode fired; participant not in the recheck cohort,"{""clip_anchored_on_fm2_violation"": false, ""flag_count"": 1, ""flags_fired"": ""fm1_sitting"", ""fm1_hip_flexion_deg_p50"": 80.3818352212558, ""fm1_knee_between_torso_p50"": 0.04014620789532036, ""fm1_leg_over_torso_p50"": 1.2689890175933738, ""fm1_reasons"": ""knee_between"", ""fm1_shin_verticality_p50"": 0.9997830531250207, ""fm1_sitting_file"": true, ""fm1_sitting_participant"": true, ""fm1_unit"": ""1067@1045"", ""fm1_unit_basis"": ""majority"", ""fm2_in_frame_and_valid_frac"": 1.0, ""fm2_pass_frac_round3_joints_only"": 1.0, ""fm2_smplh_valid_frac"": 1.0, ""fm2_surface_correction_px_p50"": 25.288155468730906, ""fm2_vertex_worst_inset_min_px"": 169.9791475164459, ""fm2_violation_run_max_frames"": 0.0, ""fm2_violation_runs"": 0.0, ""fm2_windowed_pass_frac"": 1.0, ""fm3_static_frac"": 0.3142543859649123, ""observed_duration_s"": 152.0, ""reproj_px_p50"": 29.18218708665532, ""reproj_shoulder_widths_p50"": 0.09317416931287573, ""unit_files"": 5.0, ""unit_flagged_frac"": 1.0, ""unit_hip_flexion_min"": 76.03713077878876, ""unit_knee_between_min"": -0.04069986506662773}",render
r4_214,fresh_flagged_fm1_sitting_214_V00_S1933_I00000294_P1220_f0006564,V00_S1933_I00000294_P1220,naturalistic/train/0031/0020/V00_S1933_I00000294_P1220,naturalistic/train/0031/0044/V00_S1933_I00000294_P0805,fresh_flagged_fm1_sitting,fresh,naturalistic,6564,V00,naturalistic,train,ipc_conversation,fm1_sitting: only this mode fired; participant not in the recheck cohort,"{""clip_anchored_on_fm2_violation"": false, ""flag_count"": 1, ""flags_fired"": ""fm1_sitting"", ""fm1_hip_flexion_deg_p50"": 72.96890964363271, ""fm1_knee_between_torso_p50"": -0.11677668736885209, ""fm1_leg_over_torso_p50"": 1.5665074372477314, ""fm1_reasons"": ""knee_between"", ""fm1_shin_verticality_p50"": 0.9868276615009524, ""fm1_sitting_file"": true, ""fm1_sitting_participant"": true, ""fm1_unit"": ""1220@1933"", ""fm1_unit_basis"": ""majority"", ""fm2_in_frame_and_valid_frac"": 1.0, ""fm2_pass_frac_round3_joints_only"": 1.0, ""fm2_smplh_valid_frac"": 1.0, ""fm2_surface_correction_px_p50"": 38.25192610647929, ""fm2_vertex_worst_inset_min_px"": 174.14412398221936, ""fm2_violation_run_max_frames"": 0.0, ""fm2_violation_runs"": 0.0, ""fm2_windowed_pass_frac"": 1.0, ""fm3_static_frac"": 0.2676616915422886, ""observed_duration_s"": 268.0, ""reproj_px_p50"": 16.751475787237823, ""reproj_shoulder_widths_p50"": 0.05539132548403718, ""unit_files"": 2.0, ""unit_flagged_frac"": 1.0, ""unit_hip_flexion_min"": 72.96890964363271, ""unit_knee_between_min"": -0.11677668736885209}",render
r4_215,fresh_flagged_fm1_sitting_215_V00_S0284_I00000486_P0385_f0000414,V00_S0284_I00000486_P0385,naturalistic/train/0006/0033/V00_S0284_I00000486_P0385,naturalistic/train/0006/0006/V00_S0284_I00000486_P0384,fresh_flagged_fm1_sitting,fresh,naturalistic,414,V00,naturalistic,train,ipc_conversation,fm1_sitting: only this mode fired; participant not in the recheck cohort,"{""clip_anchored_on_fm2_violation"": false, ""flag_count"": 1, ""flags_fired"": ""fm1_sitting"", ""fm1_hip_flexion_deg_p50"": 89.73101582876502, ""fm1_knee_between_torso_p50"": 0.21379177933542062, ""fm1_leg_over_torso_p50"": 0.8823880379733449, ""fm1_reasons"": ""knee_between"", ""fm1_shin_verticality_p50"": 0.9945054674034555, ""fm1_sitting_file"": true, ""fm1_sitting_participant"": true, ""fm1_unit"": ""0385@0284"", ""fm1_unit_basis"": ""majority"", ""fm2_in_frame_and_valid_frac"": 0.9815972222222222, ""fm2_pass_frac_round3_joints_only"": 0.9934027777777777, ""fm2_smplh_valid_frac"": 1.0, ""fm2_surface_correction_px_p50"": 44.70254815422277, ""fm2_vertex_worst_inset_min_px"": -67.41001812645959, ""fm2_violation_run_max_frames"": 32.0, ""fm2_violation_runs"": 3.0, ""fm2_windowed_pass_frac"": 0.6666666666666666, ""fm3_static_frac"": 0.14583333333333334, ""observed_duration_s"": 96.0, ""reproj_px_p50"": 33.4956504877173, ""reproj_shoulder_widths_p50"": 0.0842689607578542, ""unit_files"": 4.0, ""unit_flagged_frac"": 1.0, ""unit_hip_flexion_min"": 86.9387368391761, ""unit_knee_between_min"": 0.1661414646567012}",render
r4_216,fresh_flagged_fm1_sitting_216_V00_S0360_I00000374_P0484_f0008169,V00_S0360_I00000374_P0484,naturalistic/dev/0000/0009/V00_S0360_I00000374_P0484,naturalistic/dev/0000/0014/V00_S0360_I00000374_P0485,fresh_flagged_fm1_sitting,fresh,naturalistic,8169,V00,naturalistic,dev,ipc_conversation,fm1_sitting: only this mode fired; participant not in the recheck cohort,"{""clip_anchored_on_fm2_violation"": false, ""flag_count"": 1, ""flags_fired"": ""fm1_sitting"", ""fm1_hip_flexion_deg_p50"": 103.65984475050632, ""fm1_knee_between_torso_p50"": 0.30961535599622114, ""fm1_leg_over_torso_p50"": 1.3728124476925894, ""fm1_reasons"": ""knee_between"", ""fm1_shin_verticality_p50"": 0.9676172757147606, ""fm1_sitting_file"": true, ""fm1_sitting_participant"": true, ""fm1_unit"": ""0484@0360"", ""fm1_unit_basis"": ""majority"", ""fm2_in_frame_and_valid_frac"": 0.0, ""fm2_pass_frac_round3_joints_only"": 0.17490942028985507, ""fm2_smplh_valid_frac"": 1.0, ""fm2_surface_correction_px_p50"": 55.91844090087602, ""fm2_vertex_worst_inset_min_px"": -124.12863742955392, ""fm2_violation_run_max_frames"": 11040.0, ""fm2_violation_runs"": 1.0, ""fm2_windowed_pass_frac"": 0.0, ""fm3_static_frac"": 0.00018115942028985507, ""observed_duration_s"": 368.0, ""reproj_px_p50"": 15.485142628191094, ""reproj_shoulder_widths_p50"": 0.0336737093090351, ""unit_files"": 1.0, ""unit_flagged_frac"": 1.0, ""unit_hip_flexion_min"": 103.65984475050632, ""unit_knee_between_min"": 0.30961535599622114}",render
r4_217,fresh_flagged_fm1_sitting_217_V00_S1391_I00001093_P1094A_f0003298,V00_S1391_I00001093_P1094A,improvised/train/0032/0051/V00_S1391_I00001093_P1094A,improvised/train/0032/0035/V00_S1391_I00001093_P1124A,fresh_flagged_fm1_sitting,fresh,improvised,3298,V00,improvised,train,ipc_conversation,fm1_sitting: with other modes; participant not in the recheck cohort,"{""clip_anchored_on_fm2_violation"": true, ""flag_count"": 2, ""flags_fired"": ""fm1_sitting+fm2_smplh_invalid"", ""fm1_hip_flexion_deg_p50"": 117.22472475721447, ""fm1_knee_between_torso_p50"": 0.4264013354929559, ""fm1_leg_over_torso_p50"": 1.0777119123868117, ""fm1_reasons"": ""knee_between"", ""fm1_shin_verticality_p50"": 0.9976303335897911, ""fm1_sitting_file"": true, ""fm1_sitting_participant"": true, ""fm1_unit"": ""1094A@1391"", ""fm1_unit_basis"": ""majority"", ""fm2_in_frame_and_valid_frac"": 0.9001333333333333, ""fm2_pass_frac_round3_joints_only"": 0.928, ""fm2_smplh_valid_frac"": 0.9516, ""fm2_surface_correction_px_p50"": 24.656172508694908, ""fm2_vertex_worst_inset_min_px"": -194.60114361641467, ""fm2_violation_run_max_frames"": 107.0, ""fm2_violation_runs"": 40.0, ""fm2_windowed_pass_frac"": 0.25, ""fm3_static_frac"": 0.0448, ""observed_duration_s"": 250.0, ""reproj_px_p50"": 42.498509266857326, ""reproj_shoulder_widths_p50"": 0.12136951968403571, ""unit_files"": 1.0, ""unit_flagged_frac"": 1.0, ""unit_hip_flexion_min"": 117.22472475721447, ""unit_knee_between_min"": 0.4264013354929559}",render
r4_218,fresh_flagged_fm1_sitting_218_V00_S1904_I00001147_P1155A_f0009334,V00_S1904_I00001147_P1155A,improvised/train/0046/0003/V00_S1904_I00001147_P1155A,improvised/train/0046/0047/V00_S1904_I00001147_P0946A,fresh_flagged_fm1_sitting,fresh,improvised,9334,V00,improvised,train,ipc_conversation,fm1_sitting: with other modes; participant not in the recheck cohort,"{""clip_anchored_on_fm2_violation"": true, ""flag_count"": 2, ""flags_fired"": ""fm1_sitting+fm2_smplh_invalid"", ""fm1_hip_flexion_deg_p50"": 118.33614658423289, ""fm1_knee_between_torso_p50"": 0.4217800619695924, ""fm1_leg_over_torso_p50"": 1.1166357956219062, ""fm1_reasons"": ""knee_between"", ""fm1_shin_verticality_p50"": 0.9995411733335239, ""fm1_sitting_file"": true, ""fm1_sitting_participant"": true, ""fm1_unit"": ""1155A@1904"", ""fm1_unit_basis"": ""majority"", ""fm2_in_frame_and_valid_frac"": 0.9919934640522876, ""fm2_pass_frac_round3_joints_only"": 0.9990196078431373, ""fm2_smplh_valid_frac"": 0.9996732026143791, ""fm2_surface_correction_px_p50"": 34.472886860230005, ""fm2_vertex_worst_inset_min_px"": -258.56178673093336, ""fm2_violation_run_max_frames"": 38.0, ""fm2_violation_runs"": 9.0, ""fm2_windowed_pass_frac"": 1.0, ""fm3_static_frac"": 0.022630718954248365, ""observed_duration_s"": 408.0, ""reproj_px_p50"": 18.187957268172536, ""reproj_shoulder_widths_p50"": 0.05271059092708473, ""unit_files"": 1.0, ""unit_flagged_frac"": 1.0, ""unit_hip_flexion_min"": 118.33614658423289, ""unit_knee_between_min"": 0.4217800619695924}",render
r4_219,fresh_flagged_fm1_sitting_219_V00_S0835_I00000896_P0935A_f0005820,V00_S0835_I00000896_P0935A,improvised/train/0017/0053/V00_S0835_I00000896_P0935A,improvised/train/0017/0001/V00_S0835_I00000896_P0004A,fresh_flagged_fm1_sitting,fresh,improvised,5820,V00,improvised,train,ipc_conversation,fm1_sitting: with other modes; participant not in the recheck cohort,"{""clip_anchored_on_fm2_violation"": true, ""flag_count"": 2, ""flags_fired"": ""fm1_sitting+fm2_smplh_invalid"", ""fm1_hip_flexion_deg_p50"": 112.45324895871242, ""fm1_knee_between_torso_p50"": 0.40135901134192264, ""fm1_leg_over_torso_p50"": 1.183731354165072, ""fm1_reasons"": ""knee_between"", ""fm1_shin_verticality_p50"": 0.9994801147640915, ""fm1_sitting_file"": true, ""fm1_sitting_participant"": true, ""fm1_unit"": ""0935A@0835"", ""fm1_unit_basis"": ""majority"", ""fm2_in_frame_and_valid_frac"": 0.9741071428571428, ""fm2_pass_frac_round3_joints_only"": 0.9741071428571428, ""fm2_smplh_valid_frac"": 0.9747023809523809, ""fm2_surface_correction_px_p50"": 45.24206647084134, ""fm2_vertex_worst_inset_min_px"": -12.269861482223405, ""fm2_violation_run_max_frames"": 163.0, ""fm2_violation_runs"": 5.0, ""fm2_windowed_pass_frac"": 0.8571428571428571, ""fm3_static_frac"": 0.23675595238095237, ""observed_duration_s"": 224.0, ""reproj_px_p50"": 26.572283718197234, ""reproj_shoulder_widths_p50"": 0.08296007661350695, ""unit_files"": 1.0, ""unit_flagged_frac"": 1.0, ""unit_hip_flexion_min"": 112.45324895871242, ""unit_knee_between_min"": 0.40135901134192264}",render
r4_220,fresh_flagged_fm1_sitting_220_V00_S0815_I00000543_P0678_f0001333,V00_S0815_I00000543_P0678,improvised/train/0016/0039/V00_S0815_I00000543_P0678,improvised/train/0016/0038/V00_S0815_I00000543_P0004A,fresh_flagged_fm1_sitting,fresh,improvised,1333,V00,improvised,train,grounded_gesture,fm1_sitting: with other modes; participant not in the recheck cohort,"{""clip_anchored_on_fm2_violation"": true, ""flag_count"": 2, ""flags_fired"": ""fm1_sitting+fm2_smplh_invalid"", ""fm1_hip_flexion_deg_p50"": 111.77163370301483, ""fm1_knee_between_torso_p50"": 0.40285849422794423, ""fm1_leg_over_torso_p50"": 1.126274717110436, ""fm1_reasons"": ""knee_between"", ""fm1_shin_verticality_p50"": 0.9761870087523435, ""fm1_sitting_file"": true, ""fm1_sitting_participant"": true, ""fm1_unit"": ""0678@0815"", ""fm1_unit_basis"": ""majority"", ""fm2_in_frame_and_valid_frac"": 0.9567129629629629, ""fm2_pass_frac_round3_joints_only"": 0.9668981481481481, ""fm2_smplh_valid_frac"": 0.986574074074074, ""fm2_surface_correction_px_p50"": 39.46772763314357, ""fm2_vertex_worst_inset_min_px"": -161.65446941489927, ""fm2_violation_run_max_frames"": 37.0, ""fm2_violation_runs"": 24.0, ""fm2_windowed_pass_frac"": 0.0, ""fm3_static_frac"": 0.27800925925925923, ""observed_duration_s"": 144.0, ""reproj_px_p50"": 31.90489990183927, ""reproj_shoulder_widths_p50"": 0.0856590750646109, ""unit_files"": 1.0, ""unit_flagged_frac"": 1.0, ""unit_hip_flexion_min"": 111.77163370301483, ""unit_knee_between_min"": 0.40285849422794423}",render
r4_221,fresh_flagged_fm1_sitting_221_V00_S0649_I00000542_P0802_f0000000,V00_S0649_I00000542_P0802,improvised/train/0012/0008/V00_S0649_I00000542_P0802,improvised/train/0012/0014/V00_S0649_I00000542_P0262A,fresh_flagged_fm1_sitting,fresh,improvised,0,V00,improvised,train,ipc_conversation,fm1_sitting: with other modes; participant not in the recheck cohort,"{""clip_anchored_on_fm2_violation"": true, ""flag_count"": 2, ""flags_fired"": ""fm1_sitting+fm2_smplh_invalid"", ""fm1_hip_flexion_deg_p50"": 150.39372210018, ""fm1_knee_between_torso_p50"": 0.5382551986639391, ""fm1_leg_over_torso_p50"": 1.2405888364290072, ""fm1_reasons"": """", ""fm1_shin_verticality_p50"": 0.9987523398639022, ""fm1_sitting_file"": false, ""fm1_sitting_participant"": true, ""fm1_unit"": ""0802@0649"", ""fm1_unit_basis"": ""majority"", ""fm2_in_frame_and_valid_frac"": 0.9744444444444444, ""fm2_pass_frac_round3_joints_only"": 0.9744444444444444, ""fm2_smplh_valid_frac"": 0.9744444444444444, ""fm2_surface_correction_px_p50"": 28.679859049751485, ""fm2_vertex_worst_inset_min_px"": 1.3586138145074074, ""fm2_violation_run_max_frames"": 92.0, ""fm2_violation_runs"": 1.0, ""fm2_windowed_pass_frac"": 0.75, ""fm3_static_frac"": 0.008333333333333333, ""observed_duration_s"": 120.0, ""reproj_px_p50"": 44.15673215903346, ""reproj_shoulder_widths_p50"": 0.1358354409993967, ""unit_files"": 2.0, ""unit_flagged_frac"": 0.5, ""unit_hip_flexion_min"": 93.8862385535415, ""unit_knee_between_min"": 0.24150319028420733}",render
r4_222,fresh_flagged_fm1_sitting_222_V00_S1697_I00001048_P0974A_f0007842,V00_S1697_I00001048_P0974A,improvised/train/0041/0027/V00_S1697_I00001048_P0974A,improvised/train/0041/0065/V00_S1697_I00001048_P0933A,fresh_flagged_fm1_sitting,fresh,improvised,7842,V00,improvised,train,ipc_conversation,fm1_sitting: with other modes; participant not in the recheck cohort,"{""clip_anchored_on_fm2_violation"": true, ""flag_count"": 2, ""flags_fired"": ""fm1_sitting+fm2_smplh_invalid"", ""fm1_hip_flexion_deg_p50"": 136.92068053075408, ""fm1_knee_between_torso_p50"": 0.48645754517115336, ""fm1_leg_over_torso_p50"": 1.2697615907931254, ""fm1_reasons"": """", ""fm1_shin_verticality_p50"": 0.9996144106415404, ""fm1_sitting_file"": false, ""fm1_sitting_participant"": true, ""fm1_unit"": ""0974A@1697"", ""fm1_unit_basis"": ""majority"", ""fm2_in_frame_and_valid_frac"": 0.8532719836400818, ""fm2_pass_frac_round3_joints_only"": 0.854601226993865, ""fm2_smplh_valid_frac"": 0.9174846625766871, ""fm2_surface_correction_px_p50"": 24.810942016858007, ""fm2_vertex_worst_inset_min_px"": -235.55776859776097, ""fm2_violation_run_max_frames"": 535.0, ""fm2_violation_runs"": 109.0, ""fm2_windowed_pass_frac"": 0.4, ""fm3_static_frac"": 0.002871205906480722, ""observed_duration_s"": 326.0, ""reproj_px_p50"": 38.37909988677107, ""reproj_shoulder_widths_p50"": 0.12736229040381283, ""unit_files"": 2.0, ""unit_flagged_frac"": 0.5, ""unit_hip_flexion_min"": 113.76241995685852, ""unit_knee_between_min"": 0.4197661336321443}",render
r4_223,fresh_flagged_fm1_sitting_223_V00_S1697_I00001045_P0974A_f0008160,V00_S1697_I00001045_P0974A,improvised/train/0041/0060/V00_S1697_I00001045_P0974A,improvised/train/0041/0042/V00_S1697_I00001045_P0933A,fresh_flagged_fm1_sitting,fresh,improvised,8160,V00,improvised,train,ipc_conversation,fm1_sitting: with other modes; participant not in the recheck cohort,"{""clip_anchored_on_fm2_violation"": true, ""flag_count"": 2, ""flags_fired"": ""fm1_sitting+fm2_smplh_invalid"", ""fm1_hip_flexion_deg_p50"": 113.76241995685852, ""fm1_knee_between_torso_p50"": 0.4197661336321443, ""fm1_leg_over_torso_p50"": 0.9573723270139247, ""fm1_reasons"": ""knee_between"", ""fm1_shin_verticality_p50"": 0.9994059908590183, ""fm1_sitting_file"": true, ""fm1_sitting_participant"": true, ""fm1_unit"": ""0974A@1697"", ""fm1_unit_basis"": ""majority"", ""fm2_in_frame_and_valid_frac"": 0.9515452538631347, ""fm2_pass_frac_round3_joints_only"": 0.9551876379690949, ""fm2_smplh_valid_frac"": 0.9650110375275939, ""fm2_surface_correction_px_p50"": 30.08702676245241, ""fm2_vertex_worst_inset_min_px"": -184.51326012268464, ""fm2_violation_run_max_frames"": 94.0, ""fm2_violation_runs"": 22.0, ""fm2_windowed_pass_frac"": 0.2, ""fm3_static_frac"": 0.011920529801324504, ""observed_duration_s"": 302.0, ""reproj_px_p50"": 39.97589831582643, ""reproj_shoulder_widths_p50"": 0.11637735261762858, ""unit_files"": 2.0, ""unit_flagged_frac"": 0.5, ""unit_hip_flexion_min"": 113.76241995685852, ""unit_knee_between_min"": 0.4197661336321443}",render
r4_224,fresh_flagged_fm1_sitting_224_V00_S1701_I00001006_P0974A_f0000000,V00_S1701_I00001006_P0974A,improvised/train/0041/0037/V00_S1701_I00001006_P0974A,improvised/train/0041/0004/V00_S1701_I00001006_P0933A,fresh_flagged_fm1_sitting,fresh,improvised,0,V00,improvised,train,ipc_conversation,fm1_sitting: with other modes; participant not in the recheck cohort,"{""clip_anchored_on_fm2_violation"": true, ""flag_count"": 2, ""flags_fired"": ""fm1_sitting+fm2_smplh_invalid"", ""fm1_hip_flexion_deg_p50"": 111.80014535387762, ""fm1_knee_between_torso_p50"": 0.4007335429731076, ""fm1_leg_over_torso_p50"": 0.9906254947863575, ""fm1_reasons"": ""knee_between"", ""fm1_shin_verticality_p50"": 0.9995120816934899, ""fm1_sitting_file"": true, ""fm1_sitting_participant"": true, ""fm1_unit"": ""0974A@1701"", ""fm1_unit_basis"": ""majority"", ""fm2_in_frame_and_valid_frac"": 0.9805280528052805, ""fm2_pass_frac_round3_joints_only"": 0.981023102310231, ""fm2_smplh_valid_frac"": 0.9836633663366336, ""fm2_surface_correction_px_p50"": 37.6126913390807, ""fm2_vertex_worst_inset_min_px"": -43.429645546086704, ""fm2_violation_run_max_frames"": 36.0, ""fm2_violation_runs"": 24.0, ""fm2_windowed_pass_frac"": 0.3333333333333333, ""fm3_static_frac"": 0.01996699669966997, ""observed_duration_s"": 202.0, ""reproj_px_p50"": 38.637367261050144, ""reproj_shoulder_widths_p50"": 0.11516607643745422, ""unit_files"": 1.0, ""unit_flagged_frac"": 1.0, ""unit_hip_flexion_min"": 111.80014535387762, ""unit_knee_between_min"": 0.4007335429731076}",render
r4_225,fresh_flagged_fm1_sitting_225_V00_S0649_I00000544_P0802_f0000869,V00_S0649_I00000544_P0802,improvised/train/0012/0003/V00_S0649_I00000544_P0802,improvised/train/0012/0008/V00_S0649_I00000544_P0262A,fresh_flagged_fm1_sitting,fresh,improvised,869,V00,improvised,train,ipc_conversation,fm1_sitting: with other modes; participant not in the recheck cohort,"{""clip_anchored_on_fm2_violation"": true, ""flag_count"": 2, ""flags_fired"": ""fm1_sitting+fm2_smplh_invalid"", ""fm1_hip_flexion_deg_p50"": 93.8862385535415, ""fm1_knee_between_torso_p50"": 0.24150319028420733, ""fm1_leg_over_torso_p50"": 1.6108550723131456, ""fm1_reasons"": ""knee_between"", ""fm1_shin_verticality_p50"": 0.9919979268071791, ""fm1_sitting_file"": true, ""fm1_sitting_participant"": true, ""fm1_unit"": ""0802@0649"", ""fm1_unit_basis"": ""majority"", ""fm2_in_frame_and_valid_frac"": 0.8977477477477478, ""fm2_pass_frac_round3_joints_only"": 0.8977477477477478, ""fm2_smplh_valid_frac"": 0.8977477477477478, ""fm2_surface_correction_px_p50"": 26.06048071025407, ""fm2_vertex_worst_inset_min_px"": 18.27516715104298, ""fm2_violation_run_max_frames"": 419.0, ""fm2_violation_runs"": 29.0, ""fm2_windowed_pass_frac"": 0.6666666666666666, ""fm3_static_frac"": 0.03141891891891892, ""observed_duration_s"": 296.0, ""reproj_px_p50"": 30.87070747922008, ""reproj_shoulder_widths_p50"": 0.09437153243244821, ""unit_files"": 2.0, ""unit_flagged_frac"": 0.5, ""unit_hip_flexion_min"": 93.8862385535415, ""unit_knee_between_min"": 0.24150319028420733}",render
r4_226,fresh_flagged_fm1_sitting_226_V00_S2059_I00001183_P1316A_f0002800,V00_S2059_I00001183_P1316A,improvised/train/0049/0024/V00_S2059_I00001183_P1316A,improvised/train/0049/0004/V00_S2059_I00001183_P1317A,fresh_flagged_fm1_sitting,fresh,improvised,2800,V00,improvised,train,ipc_conversation,fm1_sitting: with other modes,"{""clip_anchored_on_fm2_violation"": true, ""flag_count"": 2, ""flags_fired"": ""fm1_sitting+fm2_smplh_invalid"", ""fm1_hip_flexion_deg_p50"": 115.82917096446455, ""fm1_knee_between_torso_p50"": 0.3947720164792067, ""fm1_leg_over_torso_p50"": 1.5340493555324113, ""fm1_reasons"": ""knee_between"", ""fm1_shin_verticality_p50"": 0.9814905703116974, ""fm1_sitting_file"": true, ""fm1_sitting_participant"": true, ""fm1_unit"": ""1316A@2059"", ""fm1_unit_basis"": ""majority"", ""fm2_in_frame_and_valid_frac"": 0.9527522935779816, ""fm2_pass_frac_round3_joints_only"": 0.9571865443425076, ""fm2_smplh_valid_frac"": 0.959480122324159, ""fm2_surface_correction_px_p50"": 47.03754054358632, ""fm2_vertex_worst_inset_min_px"": -147.47967044547067, ""fm2_violation_run_max_frames"": 135.0, ""fm2_violation_runs"": 14.0, ""fm2_windowed_pass_frac"": 0.5714285714285714, ""fm3_static_frac"": 0.29510703363914376, ""observed_duration_s"": 218.0, ""reproj_px_p50"": 15.356266818134712, ""reproj_shoulder_widths_p50"": 0.04375039339779817, ""unit_files"": 2.0, ""unit_flagged_frac"": 1.0, ""unit_hip_flexion_min"": 112.37664406405375, ""unit_knee_between_min"": 0.3723289695935128}",render
r4_227,fresh_flagged_fm1_sitting_227_V00_S0200_I00000131_P0271_f0001359,V00_S0200_I00000131_P0271,improvised/train/0004/0002/V00_S0200_I00000131_P0271,improvised/train/0004/0031/V00_S0200_I00000131_P0003A,fresh_flagged_fm1_sitting,fresh,improvised,1359,V00,improvised,train,ipc_conversation,fm1_sitting: with other modes,"{""clip_anchored_on_fm2_violation"": false, ""flag_count"": 2, ""flags_fired"": ""fm1_sitting+fm3_static_hands"", ""fm1_hip_flexion_deg_p50"": 112.7550888142409, ""fm1_knee_between_torso_p50"": 0.3698159710160548, ""fm1_leg_over_torso_p50"": 1.4363329209766964, ""fm1_reasons"": ""knee_between"", ""fm1_shin_verticality_p50"": 0.9821551417039202, ""fm1_sitting_file"": true, ""fm1_sitting_participant"": true, ""fm1_unit"": ""0271@0200"", ""fm1_unit_basis"": ""majority"", ""fm2_in_frame_and_valid_frac"": 1.0, ""fm2_pass_frac_round3_joints_only"": 1.0, ""fm2_smplh_valid_frac"": 1.0, ""fm2_surface_correction_px_p50"": 22.230615506239133, ""fm2_vertex_worst_inset_min_px"": 52.389253579005526, ""fm2_violation_run_max_frames"": 0.0, ""fm2_violation_runs"": 0.0, ""fm2_windowed_pass_frac"": 1.0, ""fm3_static_frac"": 0.9370967741935484, ""observed_duration_s"": 124.0, ""reproj_px_p50"": 23.516928396051686, ""reproj_shoulder_widths_p50"": 0.07081171038758402, ""unit_files"": 2.0, ""unit_flagged_frac"": 1.0, ""unit_hip_flexion_min"": 109.31154903987111, ""unit_knee_between_min"": 0.3698159710160548}",render
r4_228,fresh_flagged_fm2_smplh_invalid_228_V00_S0525_I00000383_P0670_f0007500,V00_S0525_I00000383_P0670,naturalistic/train/0014/0023/V00_S0525_I00000383_P0670,naturalistic/train/0014/0007/V00_S0525_I00000383_P0252,fresh_flagged_fm2_smplh_invalid,fresh,naturalistic,7500,V00,naturalistic,train,ipc_conversation,fm2_smplh_invalid: only this mode fired; participant not in the recheck cohort,"{""clip_anchored_on_fm2_violation"": true, ""flag_count"": 1, ""flags_fired"": ""fm2_smplh_invalid"", ""fm1_hip_flexion_deg_p50"": 124.61656429034377, ""fm1_knee_between_torso_p50"": 0.4788258828875858, ""fm1_leg_over_torso_p50"": 1.131923676220918, ""fm1_reasons"": """", ""fm1_shin_verticality_p50"": 0.9982743769892897, ""fm1_sitting_file"": false, ""fm1_sitting_participant"": false, ""fm1_unit"": ""0670@0525"", ""fm1_unit_basis"": ""none"", ""fm2_in_frame_and_valid_frac"": 0.7296428571428571, ""fm2_pass_frac_round3_joints_only"": 0.7304761904761905, ""fm2_smplh_valid_frac"": 0.7335714285714285, ""fm2_surface_correction_px_p50"": 39.699044613088745, ""fm2_vertex_worst_inset_min_px"": -134.81264184330223, ""fm2_violation_run_max_frames"": 592.0, ""fm2_violation_runs"": 43.0, ""fm2_windowed_pass_frac"": 0.3333333333333333, ""fm3_static_frac"": 0.05345238095238095, ""observed_duration_s"": 280.0, ""reproj_px_p50"": 20.44963059982365, ""reproj_shoulder_widths_p50"": 0.05430768533925347, ""unit_files"": 2.0, ""unit_flagged_frac"": 0.0, ""unit_hip_flexion_min"": 116.78322196210478, ""unit_knee_between_min"": 0.47499060449422587}",render
r4_229,fresh_flagged_fm2_smplh_invalid_229_V00_S0065_I00000309_P0098_f0000000,V00_S0065_I00000309_P0098,naturalistic/train/0001/0009/V00_S0065_I00000309_P0098,naturalistic/train/0001/0021/V00_S0065_I00000309_P0097,fresh_flagged_fm2_smplh_invalid,fresh,naturalistic,0,V00,naturalistic,train,ipc_conversation,fm2_smplh_invalid: only this mode fired; participant not in the recheck cohort,"{""clip_anchored_on_fm2_violation"": true, ""flag_count"": 1, ""flags_fired"": ""fm2_smplh_invalid"", ""fm1_hip_flexion_deg_p50"": 144.4534610984, ""fm1_knee_between_torso_p50"": 0.539151529163602, ""fm1_leg_over_torso_p50"": 1.3671837953977313, ""fm1_reasons"": """", ""fm1_shin_verticality_p50"": 0.9539937529108113, ""fm1_sitting_file"": false, ""fm1_sitting_participant"": false, ""fm1_unit"": ""0098@0065"", ""fm1_unit_basis"": ""none"", ""fm2_in_frame_and_valid_frac"": 0.9794520547945206, ""fm2_pass_frac_round3_joints_only"": 0.9833333333333333, ""fm2_smplh_valid_frac"": 0.9872146118721461, ""fm2_surface_correction_px_p50"": 35.53846876684861, ""fm2_vertex_worst_inset_min_px"": -102.98727335844308, ""fm2_violation_run_max_frames"": 59.0, ""fm2_violation_runs"": 9.0, ""fm2_windowed_pass_frac"": 0.5, ""fm3_static_frac"": 0.04954337899543379, ""observed_duration_s"": 146.0, ""reproj_px_p50"": 17.001435572184818, ""reproj_shoulder_widths_p50"": 0.05075318932807299, ""unit_files"": 3.0, ""unit_flagged_frac"": 0.0, ""unit_hip_flexion_min"": 139.55292597159695, ""unit_knee_between_min"": 0.4960853654075555}",render
r4_230,fresh_flagged_fm2_smplh_invalid_230_V00_S1631_I00000248_P1155_f0003000,V00_S1631_I00000248_P1155,naturalistic/train/0028/0023/V00_S1631_I00000248_P1155,naturalistic/train/0028/0001/V00_S1631_I00000248_P1046,fresh_flagged_fm2_smplh_invalid,fresh,naturalistic,3000,V00,naturalistic,train,grounded_gesture,fm2_smplh_invalid: only this mode fired; participant not in the recheck cohort,"{""clip_anchored_on_fm2_violation"": true, ""flag_count"": 1, ""flags_fired"": ""fm2_smplh_invalid"", ""fm1_hip_flexion_deg_p50"": 117.65698454182933, ""fm1_knee_between_torso_p50"": 0.5037092858442408, ""fm1_leg_over_torso_p50"": 0.854982953159966, ""fm1_reasons"": """", ""fm1_shin_verticality_p50"": 0.9999999999999329, ""fm1_sitting_file"": false, ""fm1_sitting_participant"": false, ""fm1_unit"": ""1155@1631"", ""fm1_unit_basis"": ""none"", ""fm2_in_frame_and_valid_frac"": 0.9597435897435898, ""fm2_pass_frac_round3_joints_only"": 0.9715384615384616, ""fm2_smplh_valid_frac"": 0.9889743589743589, ""fm2_surface_correction_px_p50"": 81.83708488057243, ""fm2_vertex_worst_inset_min_px"": -127.22722670833798, ""fm2_violation_run_max_frames"": 64.0, ""fm2_violation_runs"": 15.0, ""fm2_windowed_pass_frac"": 0.5, ""fm3_static_frac"": 0.7020512820512821, ""observed_duration_s"": 130.0, ""reproj_px_p50"": 16.35260661255245, ""reproj_shoulder_widths_p50"": 0.05098837270079097, ""unit_files"": 1.0, ""unit_flagged_frac"": 0.0, ""unit_hip_flexion_min"": 117.65698454182933, ""unit_knee_between_min"": 0.5037092858442408}",render
r4_231,fresh_flagged_fm2_smplh_invalid_231_V00_S0569_I00000126_P0715_f0002116,V00_S0569_I00000126_P0715,naturalistic/train/0015/0023/V00_S0569_I00000126_P0715,naturalistic/train/0015/0008/V00_S0569_I00000126_P0714,fresh_flagged_fm2_smplh_invalid,fresh,naturalistic,2116,V00,naturalistic,train,ipc_conversation,fm2_smplh_invalid: only this mode fired; participant not in the recheck cohort,"{""clip_anchored_on_fm2_violation"": true, ""flag_count"": 1, ""flags_fired"": ""fm2_smplh_invalid"", ""fm1_hip_flexion_deg_p50"": 136.20170860961932, ""fm1_knee_between_torso_p50"": 0.5004711164905917, ""fm1_leg_over_torso_p50"": 1.333564708989416, ""fm1_reasons"": """", ""fm1_shin_verticality_p50"": 0.9996144233587683, ""fm1_sitting_file"": false, ""fm1_sitting_participant"": false, ""fm1_unit"": ""0715@0569"", ""fm1_unit_basis"": ""none"", ""fm2_in_frame_and_valid_frac"": 0.9693548387096774, ""fm2_pass_frac_round3_joints_only"": 0.9747311827956989, ""fm2_smplh_valid_frac"": 0.9884408602150537, ""fm2_surface_correction_px_p50"": 38.256082283996534, ""fm2_vertex_worst_inset_min_px"": -125.7631556110257, ""fm2_violation_run_max_frames"": 15.0, ""fm2_violation_runs"": 19.0, ""fm2_windowed_pass_frac"": 0.0, ""fm3_static_frac"": 0.002688172043010753, ""observed_duration_s"": 124.0, ""reproj_px_p50"": 23.63751530541372, ""reproj_shoulder_widths_p50"": 0.06688123294142453, ""unit_files"": 1.0, ""unit_flagged_frac"": 0.0, ""unit_hip_flexion_min"": 136.20170860961932, ""unit_knee_between_min"": 0.5004711164905917}",render
r4_232,fresh_flagged_fm2_smplh_invalid_232_V00_S0945_I00000134_P0911_f0000850,V00_S0945_I00000134_P0911,naturalistic/train/0024/0026/V00_S0945_I00000134_P0911,naturalistic/train/0024/0042/V00_S0945_I00000134_P1037,fresh_flagged_fm2_smplh_invalid,fresh,naturalistic,850,V00,naturalistic,train,ipc_conversation,fm2_smplh_invalid: only this mode fired; participant not in the recheck cohort,"{""clip_anchored_on_fm2_violation"": true, ""flag_count"": 1, ""flags_fired"": ""fm2_smplh_invalid"", ""fm1_hip_flexion_deg_p50"": 142.64913773916714, ""fm1_knee_between_torso_p50"": 0.5982762010297356, ""fm1_leg_over_torso_p50"": 0.9999996089359272, ""fm1_reasons"": """", ""fm1_shin_verticality_p50"": 0.9976303499964327, ""fm1_sitting_file"": false, ""fm1_sitting_participant"": false, ""fm1_unit"": ""0911@0945"", ""fm1_unit_basis"": ""none"", ""fm2_in_frame_and_valid_frac"": 0.8907986111111111, ""fm2_pass_frac_round3_joints_only"": 0.9196180555555555, ""fm2_smplh_valid_frac"": 0.9576388888888889, ""fm2_surface_correction_px_p50"": 49.04660938021459, ""fm2_vertex_worst_inset_min_px"": -204.70248939864723, ""fm2_violation_run_max_frames"": 97.0, ""fm2_violation_runs"": 49.0, ""fm2_windowed_pass_frac"": 0.5, ""fm3_static_frac"": 0.5772569444444444, ""observed_duration_s"": 192.0, ""reproj_px_p50"": 28.086313012576532, ""reproj_shoulder_widths_p50"": 0.07591957618544531, ""unit_files"": 2.0, ""unit_flagged_frac"": 0.0, ""unit_hip_flexion_min"": 139.88301573527315, ""unit_knee_between_min"": 0.5811461066547432}",render
r4_233,fresh_flagged_fm2_smplh_invalid_233_V00_S0255_I00000497_P0350_f0000106,V00_S0255_I00000497_P0350,naturalistic/dev/0000/0042/V00_S0255_I00000497_P0350,naturalistic/dev/0000/0033/V00_S0255_I00000497_P0351,fresh_flagged_fm2_smplh_invalid,fresh,naturalistic,106,V00,naturalistic,dev,grounded_gesture,fm2_smplh_invalid: only this mode fired; participant not in the recheck cohort,"{""clip_anchored_on_fm2_violation"": true, ""flag_count"": 1, ""flags_fired"": ""fm2_smplh_invalid"", ""fm1_hip_flexion_deg_p50"": 136.738298904882, ""fm1_knee_between_torso_p50"": 0.553396229071433, ""fm1_leg_over_torso_p50"": 1.0488536571102922, ""fm1_reasons"": """", ""fm1_shin_verticality_p50"": 0.9976303388123213, ""fm1_sitting_file"": false, ""fm1_sitting_participant"": false, ""fm1_unit"": ""0350@0255"", ""fm1_unit_basis"": ""none"", ""fm2_in_frame_and_valid_frac"": 0.9467836257309942, ""fm2_pass_frac_round3_joints_only"": 0.9576023391812866, ""fm2_smplh_valid_frac"": 0.9736842105263158, ""fm2_surface_correction_px_p50"": 44.58629940939363, ""fm2_vertex_worst_inset_min_px"": -198.69442237311478, ""fm2_violation_run_max_frames"": 69.0, ""fm2_violation_runs"": 23.0, ""fm2_windowed_pass_frac"": 0.42857142857142855, ""fm3_static_frac"": 0.4394736842105263, ""observed_duration_s"": 228.0, ""reproj_px_p50"": 42.30332636473548, ""reproj_shoulder_widths_p50"": 0.11867954566343622, ""unit_files"": 2.0, ""unit_flagged_frac"": 0.0, ""unit_hip_flexion_min"": 136.738298904882, ""unit_knee_between_min"": 0.5527644160009643}",render
r4_234,fresh_flagged_fm2_smplh_invalid_234_V00_S1852_I00000169_P1046_f0005660,V00_S1852_I00000169_P1046,naturalistic/train/0029/0050/V00_S1852_I00000169_P1046,naturalistic/train/0029/0053/V00_S1852_I00000169_P1180,fresh_flagged_fm2_smplh_invalid,fresh,naturalistic,5660,V00,naturalistic,train,ipc_conversation,fm2_smplh_invalid: only this mode fired; participant not in the recheck cohort,"{""clip_anchored_on_fm2_violation"": true, ""flag_count"": 1, ""flags_fired"": ""fm2_smplh_invalid"", ""fm1_hip_flexion_deg_p50"": 129.23884067607165, ""fm1_knee_between_torso_p50"": 0.575107839014289, ""fm1_leg_over_torso_p50"": 0.8841619444877734, ""fm1_reasons"": """", ""fm1_shin_verticality_p50"": 0.9992611726227922, ""fm1_sitting_file"": false, ""fm1_sitting_participant"": false, ""fm1_unit"": ""1046@1852"", ""fm1_unit_basis"": ""none"", ""fm2_in_frame_and_valid_frac"": 0.984367816091954, ""fm2_pass_frac_round3_joints_only"": 0.9882758620689656, ""fm2_smplh_valid_frac"": 0.9979310344827587, ""fm2_surface_correction_px_p50"": 33.764509232584516, ""fm2_vertex_worst_inset_min_px"": -118.10035796387024, ""fm2_violation_run_max_frames"": 35.0, ""fm2_violation_runs"": 12.0, ""fm2_windowed_pass_frac"": 0.5555555555555556, ""fm3_static_frac"": 0.5020689655172413, ""observed_duration_s"": 290.0, ""reproj_px_p50"": 15.760445567878598, ""reproj_shoulder_widths_p50"": 0.044015455867137995, ""unit_files"": 3.0, ""unit_flagged_frac"": 0.0, ""unit_hip_flexion_min"": 125.69597003016668, ""unit_knee_between_min"": 0.5657511993916069}",render
r4_235,fresh_flagged_fm2_smplh_invalid_235_V00_S1865_I00000007_P1190_f0000276,V00_S1865_I00000007_P1190,naturalistic/train/0029/0001/V00_S1865_I00000007_P1190,naturalistic/train/0029/0024/V00_S1865_I00000007_P0744,fresh_flagged_fm2_smplh_invalid,fresh,naturalistic,276,V00,naturalistic,train,ipc_conversation,fm2_smplh_invalid: only this mode fired; participant not in the recheck cohort,"{""clip_anchored_on_fm2_violation"": true, ""flag_count"": 1, ""flags_fired"": ""fm2_smplh_invalid"", ""fm1_hip_flexion_deg_p50"": 147.9446218678732, ""fm1_knee_between_torso_p50"": 0.5902552488307304, ""fm1_leg_over_torso_p50"": 1.0804857251414923, ""fm1_reasons"": """", ""fm1_shin_verticality_p50"": 0.9761870370571857, ""fm1_sitting_file"": false, ""fm1_sitting_participant"": false, ""fm1_unit"": ""1190@1865"", ""fm1_unit_basis"": ""none"", ""fm2_in_frame_and_valid_frac"": 0.9556410256410256, ""fm2_pass_frac_round3_joints_only"": 0.9662820512820512, ""fm2_smplh_valid_frac"": 0.9811538461538462, ""fm2_surface_correction_px_p50"": 6.168700454540726, ""fm2_vertex_worst_inset_min_px"": -152.39236665621274, ""fm2_violation_run_max_frames"": 44.0, ""fm2_violation_runs"": 32.0, ""fm2_windowed_pass_frac"": 0.5, ""fm3_static_frac"": 0.08141025641025641, ""observed_duration_s"": 260.0, ""reproj_px_p50"": 20.132929521117887, ""reproj_shoulder_widths_p50"": 0.06384621177913612, ""unit_files"": 1.0, ""unit_flagged_frac"": 0.0, ""unit_hip_flexion_min"": 147.9446218678732, ""unit_knee_between_min"": 0.5902552488307304}",render
r4_236,fresh_flagged_fm2_smplh_invalid_236_V00_S0667_I00000130_P0824_f0000638,V00_S0667_I00000130_P0824,naturalistic/train/0019/0039/V00_S0667_I00000130_P0824,naturalistic/train/0019/0014/V00_S0667_I00000130_P0615,fresh_flagged_fm2_smplh_invalid,fresh,naturalistic,638,V00,naturalistic,train,ipc_conversation,fm2_smplh_invalid: only this mode fired; participant not in the recheck cohort,"{""clip_anchored_on_fm2_violation"": true, ""flag_count"": 1, ""flags_fired"": ""fm2_smplh_invalid"", ""fm1_hip_flexion_deg_p50"": 126.72838045198714, ""fm1_knee_between_torso_p50"": 0.5330148879712433, ""fm1_leg_over_torso_p50"": 0.9692564935536911, ""fm1_reasons"": """", ""fm1_shin_verticality_p50"": 0.9832819897987066, ""fm1_sitting_file"": false, ""fm1_sitting_participant"": false, ""fm1_unit"": ""0824@0667"", ""fm1_unit_basis"": ""none"", ""fm2_in_frame_and_valid_frac"": 0.9104166666666667, ""fm2_pass_frac_round3_joints_only"": 0.9229166666666667, ""fm2_smplh_valid_frac"": 0.9399509803921569, ""fm2_surface_correction_px_p50"": 48.55781437150142, ""fm2_vertex_worst_inset_min_px"": -209.9366575007232, ""fm2_violation_run_max_frames"": 37.0, ""fm2_violation_runs"": 206.0, ""fm2_windowed_pass_frac"": 0.0, ""fm3_static_frac"": 0.41384803921568625, ""observed_duration_s"": 272.0, ""reproj_px_p50"": 42.35823299356058, ""reproj_shoulder_widths_p50"": 0.11243439087601577, ""unit_files"": 2.0, ""unit_flagged_frac"": 0.0, ""unit_hip_flexion_min"": 120.60062663881747, ""unit_knee_between_min"": 0.5089794828755615}",render
r4_237,fresh_flagged_fm2_smplh_invalid_237_V00_S0631_I00000500_P0787_f0003729,V00_S0631_I00000500_P0787,naturalistic/train/0018/0041/V00_S0631_I00000500_P0787,naturalistic/train/0018/0025/V00_S0631_I00000500_P0678,fresh_flagged_fm2_smplh_invalid,fresh,naturalistic,3729,V00,naturalistic,train,ipc_conversation,fm2_smplh_invalid: only this mode fired; participant not in the recheck cohort,"{""clip_anchored_on_fm2_violation"": true, ""flag_count"": 1, ""flags_fired"": ""fm2_smplh_invalid"", ""fm1_hip_flexion_deg_p50"": 129.13062684662577, ""fm1_knee_between_torso_p50"": 0.513787193871393, ""fm1_leg_over_torso_p50"": 1.0721797262112385, ""fm1_reasons"": """", ""fm1_shin_verticality_p50"": 0.9938837564956097, ""fm1_sitting_file"": false, ""fm1_sitting_participant"": false, ""fm1_unit"": ""0787@0631"", ""fm1_unit_basis"": ""none"", ""fm2_in_frame_and_valid_frac"": 0.902, ""fm2_pass_frac_round3_joints_only"": 0.9138333333333334, ""fm2_smplh_valid_frac"": 0.9703333333333334, ""fm2_surface_correction_px_p50"": 42.96948909407274, ""fm2_vertex_worst_inset_min_px"": -244.39230211689937, ""fm2_violation_run_max_frames"": 156.0, ""fm2_violation_runs"": 38.0, ""fm2_windowed_pass_frac"": 0.0, ""fm3_static_frac"": 0.16483333333333333, ""observed_duration_s"": 200.0, ""reproj_px_p50"": 22.32966404829984, ""reproj_shoulder_widths_p50"": 0.06433773609242388, ""unit_files"": 1.0, ""unit_flagged_frac"": 0.0, ""unit_hip_flexion_min"": 129.13062684662577, ""unit_knee_between_min"": 0.513787193871393}",render
r4_238,fresh_flagged_fm2_smplh_invalid_238_V00_S0593_I00000503_P0750_f0001494,V00_S0593_I00000503_P0750,naturalistic/train/0017/0003/V00_S0593_I00000503_P0750,naturalistic/train/0017/0001/V00_S0593_I00000503_P0119,fresh_flagged_fm2_smplh_invalid,fresh,naturalistic,1494,V00,naturalistic,train,grounded_gesture,fm2_smplh_invalid: only this mode fired; participant not in the recheck cohort,"{""clip_anchored_on_fm2_violation"": true, ""flag_count"": 1, ""flags_fired"": ""fm2_smplh_invalid"", ""fm1_hip_flexion_deg_p50"": 146.96826649364516, ""fm1_knee_between_torso_p50"": 0.6034327642524138, ""fm1_leg_over_torso_p50"": 1.0307091523265808, ""fm1_reasons"": """", ""fm1_shin_verticality_p50"": 0.9993628446370566, ""fm1_sitting_file"": false, ""fm1_sitting_participant"": false, ""fm1_unit"": ""0750@0593"", ""fm1_unit_basis"": ""none"", ""fm2_in_frame_and_valid_frac"": 0.9430139720558882, ""fm2_pass_frac_round3_joints_only"": 0.9789421157684631, ""fm2_smplh_valid_frac"": 0.9851297405189621, ""fm2_surface_correction_px_p50"": 48.75868058257413, ""fm2_vertex_worst_inset_min_px"": -200.05205010351847, ""fm2_violation_run_max_frames"": 122.0, ""fm2_violation_runs"": 44.0, ""fm2_windowed_pass_frac"": 0.7272727272727273, ""fm3_static_frac"": 0.012275449101796407, ""observed_duration_s"": 334.0, ""reproj_px_p50"": 23.306806469167896, ""reproj_shoulder_widths_p50"": 0.0632886464823251, ""unit_files"": 5.0, ""unit_flagged_frac"": 0.0, ""unit_hip_flexion_min"": 146.7676756602707, ""unit_knee_between_min"": 0.6016475333653402}",render
r4_239,fresh_flagged_fm2_smplh_invalid_239_V00_S1954_I00000147_P0160_f0003801,V00_S1954_I00000147_P0160,naturalistic/train/0031/0002/V00_S1954_I00000147_P0160,naturalistic/train/0031/0006/V00_S1954_I00000147_P0811,fresh_flagged_fm2_smplh_invalid,fresh,naturalistic,3801,V00,naturalistic,train,ipc_conversation,fm2_smplh_invalid: only this mode fired; participant not in the recheck cohort,"{""clip_anchored_on_fm2_violation"": true, ""flag_count"": 1, ""flags_fired"": ""fm2_smplh_invalid"", ""fm1_hip_flexion_deg_p50"": 148.44035390437853, ""fm1_knee_between_torso_p50"": 0.5348471765684508, ""fm1_leg_over_torso_p50"": 1.3213834138116507, ""fm1_reasons"": """", ""fm1_shin_verticality_p50"": 0.9986178204449322, ""fm1_sitting_file"": false, ""fm1_sitting_participant"": false, ""fm1_unit"": ""0160@1954"", ""fm1_unit_basis"": ""none"", ""fm2_in_frame_and_valid_frac"": 0.9941860465116279, ""fm2_pass_frac_round3_joints_only"": 0.9963178294573644, ""fm2_smplh_valid_frac"": 0.998062015503876, ""fm2_surface_correction_px_p50"": 32.76420162107081, ""fm2_vertex_worst_inset_min_px"": -105.26151250129419, ""fm2_violation_run_max_frames"": 17.0, ""fm2_violation_runs"": 2.0, ""fm2_windowed_pass_frac"": 0.8, ""fm3_static_frac"": 0.5656976744186046, ""observed_duration_s"": 172.0, ""reproj_px_p50"": 41.76250993100095, ""reproj_shoulder_widths_p50"": 0.14293533105414336, ""unit_files"": 3.0, ""unit_flagged_frac"": 0.0, ""unit_hip_flexion_min"": 147.94180801491277, ""unit_knee_between_min"": 0.5343377433696912}",render
r4_240,fresh_flagged_fm2_smplh_invalid_240_V00_S1320_I00000211_P0252_f0007158,V00_S1320_I00000211_P0252,naturalistic/train/0027/0014/V00_S1320_I00000211_P0252,naturalistic/train/0027/0050/V00_S1320_I00000211_P1125,fresh_flagged_fm2_smplh_invalid,fresh,naturalistic,7158,V00,naturalistic,train,ipc_conversation,fm2_smplh_invalid: only this mode fired; participant not in the recheck cohort,"{""clip_anchored_on_fm2_violation"": true, ""flag_count"": 1, ""flags_fired"": ""fm2_smplh_invalid"", ""fm1_hip_flexion_deg_p50"": 146.9285113528961, ""fm1_knee_between_torso_p50"": 0.581734056129861, ""fm1_leg_over_torso_p50"": 1.0596889031446415, ""fm1_reasons"": """", ""fm1_shin_verticality_p50"": 0.9995411763240889, ""fm1_sitting_file"": false, ""fm1_sitting_participant"": false, ""fm1_unit"": ""0252@1320"", ""fm1_unit_basis"": ""none"", ""fm2_in_frame_and_valid_frac"": 0.9852124183006536, ""fm2_pass_frac_round3_joints_only"": 0.9882352941176471, ""fm2_smplh_valid_frac"": 0.9973039215686275, ""fm2_surface_correction_px_p50"": 39.877010356133496, ""fm2_vertex_worst_inset_min_px"": -118.48275883555561, ""fm2_violation_run_max_frames"": 48.0, ""fm2_violation_runs"": 19.0, ""fm2_windowed_pass_frac"": 0.8461538461538461, ""fm3_static_frac"": 0.012336601307189542, ""observed_duration_s"": 408.0, ""reproj_px_p50"": 19.50070870724164, ""reproj_shoulder_widths_p50"": 0.05856545287728974, ""unit_files"": 3.0, ""unit_flagged_frac"": 0.0, ""unit_hip_flexion_min"": 138.91969246009427, ""unit_knee_between_min"": 0.555496641465248}",render
r4_241,fresh_flagged_fm2_smplh_invalid_241_V00_S0139_I00000377_P0201_f0005040,V00_S0139_I00000377_P0201,naturalistic/train/0002/0000/V00_S0139_I00000377_P0201,naturalistic/train/0002/0006/V00_S0139_I00000377_P0200,fresh_flagged_fm2_smplh_invalid,fresh,naturalistic,5040,V00,naturalistic,train,ipc_conversation,fm2_smplh_invalid: only this mode fired; participant not in the recheck cohort,"{""clip_anchored_on_fm2_violation"": true, ""flag_count"": 1, ""flags_fired"": ""fm2_smplh_invalid"", ""fm1_hip_flexion_deg_p50"": 164.05027121656104, ""fm1_knee_between_torso_p50"": 0.5629187091881589, ""fm1_leg_over_torso_p50"": 1.4196619362789353, ""fm1_reasons"": """", ""fm1_shin_verticality_p50"": 0.987105471115977, ""fm1_sitting_file"": false, ""fm1_sitting_participant"": false, ""fm1_unit"": ""0201@0139"", ""fm1_unit_basis"": ""none"", ""fm2_in_frame_and_valid_frac"": 0.9904040404040404, ""fm2_pass_frac_round3_joints_only"": 0.990909090909091, ""fm2_smplh_valid_frac"": 0.998989898989899, ""fm2_surface_correction_px_p50"": 40.14429876984798, ""fm2_vertex_worst_inset_min_px"": -127.29617329781411, ""fm2_violation_run_max_frames"": 24.0, ""fm2_violation_runs"": 5.0, ""fm2_windowed_pass_frac"": 0.8333333333333334, ""fm3_static_frac"": 0.24713804713804713, ""observed_duration_s"": 198.0, ""reproj_px_p50"": 21.046377324070313, ""reproj_shoulder_widths_p50"": 0.07054116505127606, ""unit_files"": 3.0, ""unit_flagged_frac"": 0.0, ""unit_hip_flexion_min"": 161.45662557971997, ""unit_knee_between_min"": 0.5629187091881589}",render
r4_242,fresh_flagged_fm2_smplh_invalid_242_V00_S0281_I00000130_P0378_f0006311,V00_S0281_I00000130_P0378,naturalistic/train/0006/0028/V00_S0281_I00000130_P0378,naturalistic/train/0006/0017/V00_S0281_I00000130_P0379,fresh_flagged_fm2_smplh_invalid,fresh,naturalistic,6311,V00,naturalistic,train,ipc_conversation,fm2_smplh_invalid: only this mode fired; participant not in the recheck cohort,"{""clip_anchored_on_fm2_violation"": true, ""flag_count"": 1, ""flags_fired"": ""fm2_smplh_invalid"", ""fm1_hip_flexion_deg_p50"": 146.85593033255248, ""fm1_knee_between_torso_p50"": 0.5245592352327346, ""fm1_leg_over_torso_p50"": 1.4481911939636722, ""fm1_reasons"": """", ""fm1_shin_verticality_p50"": 0.9984603612223686, ""fm1_sitting_file"": false, ""fm1_sitting_participant"": false, ""fm1_unit"": ""0378@0281"", ""fm1_unit_basis"": ""none"", ""fm2_in_frame_and_valid_frac"": 0.7421568627450981, ""fm2_pass_frac_round3_joints_only"": 0.7421568627450981, ""fm2_smplh_valid_frac"": 0.7421568627450981, ""fm2_surface_correction_px_p50"": 33.79894281705026, ""fm2_vertex_worst_inset_min_px"": 22.778349958481613, ""fm2_violation_run_max_frames"": 1476.0, ""fm2_violation_runs"": 10.0, ""fm2_windowed_pass_frac"": 0.7142857142857143, ""fm3_static_frac"": 0.2754901960784314, ""observed_duration_s"": 442.0, ""reproj_px_p50"": 24.730773190161912, ""reproj_shoulder_widths_p50"": 0.0786125470316565, ""unit_files"": 1.0, ""unit_flagged_frac"": 0.0, ""unit_hip_flexion_min"": 146.85593033255248, ""unit_knee_between_min"": 0.5245592352327346}",render
r4_243,fresh_flagged_fm2_smplh_invalid_243_V00_S0198_I00000770_P0005A_f0004694,V00_S0198_I00000770_P0005A,improvised/train/0004/0015/V00_S0198_I00000770_P0005A,improvised/train/0004/0010/V00_S0198_I00000770_P0269,fresh_flagged_fm2_smplh_invalid,fresh,improvised,4694,V00,improvised,train,ipc_conversation,fm2_smplh_invalid: only this mode fired; participant not in the recheck cohort,"{""clip_anchored_on_fm2_violation"": true, ""flag_count"": 1, ""flags_fired"": ""fm2_smplh_invalid"", ""fm1_hip_flexion_deg_p50"": 155.5650397657707, ""fm1_knee_between_torso_p50"": 0.6408138737534055, ""fm1_leg_over_torso_p50"": 1.0146857340009414, ""fm1_reasons"": """", ""fm1_shin_verticality_p50"": 0.999405996489257, ""fm1_sitting_file"": false, ""fm1_sitting_participant"": false, ""fm1_unit"": ""0005A@0198"", ""fm1_unit_basis"": ""none"", ""fm2_in_frame_and_valid_frac"": 0.9783783783783784, ""fm2_pass_frac_round3_joints_only"": 0.9851351351351352, ""fm2_smplh_valid_frac"": 0.9963963963963964, ""fm2_surface_correction_px_p50"": 50.3341495541938, ""fm2_vertex_worst_inset_min_px"": -206.16437021727404, ""fm2_violation_run_max_frames"": 28.0, ""fm2_violation_runs"": 17.0, ""fm2_windowed_pass_frac"": 0.14285714285714285, ""fm3_static_frac"": 0.01921921921921922, ""observed_duration_s"": 222.0, ""reproj_px_p50"": 22.00264980058057, ""reproj_shoulder_widths_p50"": 0.062149711834491125, ""unit_files"": 3.0, ""unit_flagged_frac"": 0.0, ""unit_hip_flexion_min"": 155.5650397657707, ""unit_knee_between_min"": 0.5901656969464123}",render
r4_244,fresh_flagged_fm2_smplh_invalid_244_V00_S1745_I00001119_P1047A_f0000723,V00_S1745_I00001119_P1047A,improvised/train/0043/0032/V00_S1745_I00001119_P1047A,improvised/train/0043/0007/V00_S1745_I00001119_P1151A,fresh_flagged_fm2_smplh_invalid,fresh,improvised,723,V00,improvised,train,ipc_conversation,fm2_smplh_invalid: only this mode fired; participant not in the recheck cohort,"{""clip_anchored_on_fm2_violation"": true, ""flag_count"": 1, ""flags_fired"": ""fm2_smplh_invalid"", ""fm1_hip_flexion_deg_p50"": 141.85040650136563, ""fm1_knee_between_torso_p50"": 0.527510564144186, ""fm1_leg_over_torso_p50"": 1.2359199060946664, ""fm1_reasons"": """", ""fm1_shin_verticality_p50"": 0.9854601757011201, ""fm1_sitting_file"": false, ""fm1_sitting_participant"": false, ""fm1_unit"": ""1047A@1745"", ""fm1_unit_basis"": ""none"", ""fm2_in_frame_and_valid_frac"": 0.9549019607843138, ""fm2_pass_frac_round3_joints_only"": 0.9554466230936819, ""fm2_smplh_valid_frac"": 0.9639433551198258, ""fm2_surface_correction_px_p50"": 28.57243641813963, ""fm2_vertex_worst_inset_min_px"": -76.75952128648441, ""fm2_violation_run_max_frames"": 208.0, ""fm2_violation_runs"": 8.0, ""fm2_windowed_pass_frac"": 0.5, ""fm3_static_frac"": 0.04793028322440087, ""observed_duration_s"": 306.0, ""reproj_px_p50"": 31.95287762099486, ""reproj_shoulder_widths_p50"": 0.1127109459190728, ""unit_files"": 3.0, ""unit_flagged_frac"": 0.0, ""unit_hip_flexion_min"": 139.03334710423474, ""unit_knee_between_min"": 0.5132506775413728}",render
r4_245,fresh_flagged_fm2_smplh_invalid_245_V00_S1403_I00001043_P0557A_f0004289,V00_S1403_I00001043_P0557A,improvised/train/0032/0041/V00_S1403_I00001043_P0557A,improvised/train/0032/0012/V00_S1403_I00001043_P0388A,fresh_flagged_fm2_smplh_invalid,fresh,improvised,4289,V00,improvised,train,ipc_conversation,fm2_smplh_invalid: only this mode fired; participant not in the recheck cohort,"{""clip_anchored_on_fm2_violation"": true, ""flag_count"": 1, ""flags_fired"": ""fm2_smplh_invalid"", ""fm1_hip_flexion_deg_p50"": 154.5025539031853, ""fm1_knee_between_torso_p50"": 0.5516075784798444, ""fm1_leg_over_torso_p50"": 1.2421484095155702, ""fm1_reasons"": """", ""fm1_shin_verticality_p50"": 0.9982743697001285, ""fm1_sitting_file"": false, ""fm1_sitting_participant"": false, ""fm1_unit"": ""0557A@1403"", ""fm1_unit_basis"": ""none"", ""fm2_in_frame_and_valid_frac"": 0.9781786941580756, ""fm2_pass_frac_round3_joints_only"": 0.9881443298969073, ""fm2_smplh_valid_frac"": 0.9993127147766323, ""fm2_surface_correction_px_p50"": 26.826357486548204, ""fm2_vertex_worst_inset_min_px"": -68.86570448149382, ""fm2_violation_run_max_frames"": 23.0, ""fm2_violation_runs"": 21.0, ""fm2_windowed_pass_frac"": 0.5, ""fm3_static_frac"": 0.06237113402061856, ""observed_duration_s"": 194.0, ""reproj_px_p50"": 45.58521765223131, ""reproj_shoulder_widths_p50"": 0.15836921943570892, ""unit_files"": 2.0, ""unit_flagged_frac"": 0.0, ""unit_hip_flexion_min"": 154.5025539031853, ""unit_knee_between_min"": 0.5516075784798444}",render
r4_246,fresh_flagged_fm2_smplh_invalid_246_V00_S1557_I00001146_P0707A_f0009420,V00_S1557_I00001146_P0707A,improvised/train/0037/0003/V00_S1557_I00001146_P0707A,improvised/train/0037/0025/V00_S1557_I00001146_P0180A,fresh_flagged_fm2_smplh_invalid,fresh,improvised,9420,V00,improvised,train,ipc_conversation,fm2_smplh_invalid: only this mode fired; participant not in the recheck cohort,"{""clip_anchored_on_fm2_violation"": true, ""flag_count"": 1, ""flags_fired"": ""fm2_smplh_invalid"", ""fm1_hip_flexion_deg_p50"": 133.66053944741768, ""fm1_knee_between_torso_p50"": 0.5461825593251899, ""fm1_leg_over_torso_p50"": 1.048227231617082, ""fm1_reasons"": """", ""fm1_shin_verticality_p50"": 0.9977851591453617, ""fm1_sitting_file"": false, ""fm1_sitting_participant"": false, ""fm1_unit"": ""0707A@1557"", ""fm1_unit_basis"": ""none"", ""fm2_in_frame_and_valid_frac"": 0.9722868217054264, ""fm2_pass_frac_round3_joints_only"": 0.9722868217054264, ""fm2_smplh_valid_frac"": 0.9722868217054264, ""fm2_surface_correction_px_p50"": 36.7631423505502, ""fm2_vertex_worst_inset_min_px"": 143.6031605594087, ""fm2_violation_run_max_frames"": 186.0, ""fm2_violation_runs"": 4.0, ""fm2_windowed_pass_frac"": 1.0, ""fm3_static_frac"": 0.3267441860465116, ""observed_duration_s"": 344.0, ""reproj_px_p50"": 44.08874705310015, ""reproj_shoulder_widths_p50"": 0.1281277363887443, ""unit_files"": 2.0, ""unit_flagged_frac"": 0.0, ""unit_hip_flexion_min"": 133.66053944741768, ""unit_knee_between_min"": 0.5461825593251899}",render
r4_247,fresh_flagged_fm2_smplh_invalid_247_V00_S1723_I00001225_P0935A_f0008340,V00_S1723_I00001225_P0935A,improvised/train/0042/0002/V00_S1723_I00001225_P0935A,improvised/train/0042/0044/V00_S1723_I00001225_P0106A,fresh_flagged_fm2_smplh_invalid,fresh,improvised,8340,V00,improvised,train,ipc_conversation,fm2_smplh_invalid: only this mode fired; participant not in the recheck cohort,"{""clip_anchored_on_fm2_violation"": true, ""flag_count"": 1, ""flags_fired"": ""fm2_smplh_invalid"", ""fm1_hip_flexion_deg_p50"": 161.58300012987098, ""fm1_knee_between_torso_p50"": 0.5744342502550379, ""fm1_leg_over_torso_p50"": 1.3108738374215303, ""fm1_reasons"": """", ""fm1_shin_verticality_p50"": 0.9996349673688816, ""fm1_sitting_file"": false, ""fm1_sitting_participant"": false, ""fm1_unit"": ""0935A@1723"", ""fm1_unit_basis"": ""none"", ""fm2_in_frame_and_valid_frac"": 0.999025974025974, ""fm2_pass_frac_round3_joints_only"": 0.999025974025974, ""fm2_smplh_valid_frac"": 0.999025974025974, ""fm2_surface_correction_px_p50"": 38.72549677011716, ""fm2_vertex_worst_inset_min_px"": 57.45936614779612, ""fm2_violation_run_max_frames"": 9.0, ""fm2_violation_runs"": 1.0, ""fm2_windowed_pass_frac"": 1.0, ""fm3_static_frac"": 0.5856060606060606, ""observed_duration_s"": 308.0, ""reproj_px_p50"": 43.53994503642362, ""reproj_shoulder_widths_p50"": 0.14729580981604912, ""unit_files"": 1.0, ""unit_flagged_frac"": 0.0, ""unit_hip_flexion_min"": 161.58300012987098, ""unit_knee_between_min"": 0.5744342502550379}",render
r4_248,fresh_flagged_fm2_smplh_invalid_248_V00_S0374_I00000384_P0059A_f0002667,V00_S0374_I00000384_P0059A,improvised/train/0008/0040/V00_S0374_I00000384_P0059A,improvised/train/0008/0040/V00_S0374_I00000384_P0497,fresh_flagged_fm2_smplh_invalid,fresh,improvised,2667,V00,improvised,train,ipc_conversation,fm2_smplh_invalid: only this mode fired; participant not in the recheck cohort,"{""clip_anchored_on_fm2_violation"": true, ""flag_count"": 1, ""flags_fired"": ""fm2_smplh_invalid"", ""fm1_hip_flexion_deg_p50"": 155.32842543573395, ""fm1_knee_between_torso_p50"": 0.5287446100044674, ""fm1_leg_over_torso_p50"": 1.5076028895677984, ""fm1_reasons"": """", ""fm1_shin_verticality_p50"": 0.9997166735387994, ""fm1_sitting_file"": false, ""fm1_sitting_participant"": false, ""fm1_unit"": ""0059A@0374"", ""fm1_unit_basis"": ""none"", ""fm2_in_frame_and_valid_frac"": 0.9905405405405405, ""fm2_pass_frac_round3_joints_only"": 0.993018018018018, ""fm2_smplh_valid_frac"": 0.9984234234234234, ""fm2_surface_correction_px_p50"": 31.21553700582251, ""fm2_vertex_worst_inset_min_px"": -81.40427455831696, ""fm2_violation_run_max_frames"": 19.0, ""fm2_violation_runs"": 4.0, ""fm2_windowed_pass_frac"": 0.75, ""fm3_static_frac"": 0.0, ""observed_duration_s"": 148.0, ""reproj_px_p50"": 19.04606566758347, ""reproj_shoulder_widths_p50"": 0.0623859078779538, ""unit_files"": 2.0, ""unit_flagged_frac"": 0.0, ""unit_hip_flexion_min"": 146.31341202939535, ""unit_knee_between_min"": 0.5127550083981164}",render
r4_249,fresh_flagged_fm2_smplh_invalid_249_V00_S0453_I00000910_P0262A_f0007500,V00_S0453_I00000910_P0262A,improvised/train/0010/0049/V00_S0453_I00000910_P0262A,improvised/train/0010/0038/V00_S0453_I00000910_P0323A,fresh_flagged_fm2_smplh_invalid,fresh,improvised,7500,V00,improvised,train,ipc_conversation,fm2_smplh_invalid: only this mode fired; participant not in the recheck cohort,"{""clip_anchored_on_fm2_violation"": true, ""flag_count"": 1, ""flags_fired"": ""fm2_smplh_invalid"", ""fm1_hip_flexion_deg_p50"": 131.38561254224123, ""fm1_knee_between_torso_p50"": 0.5036121861665228, ""fm1_leg_over_torso_p50"": 1.0798714802140181, ""fm1_reasons"": """", ""fm1_shin_verticality_p50"": 0.9994801140714196, ""fm1_sitting_file"": false, ""fm1_sitting_participant"": false, ""fm1_unit"": ""0262A@0453"", ""fm1_unit_basis"": ""none"", ""fm2_in_frame_and_valid_frac"": 0.9863095238095239, ""fm2_pass_frac_round3_joints_only"": 0.9886904761904762, ""fm2_smplh_valid_frac"": 0.9907142857142858, ""fm2_surface_correction_px_p50"": 39.2621895275704, ""fm2_vertex_worst_inset_min_px"": -78.70450883877197, ""fm2_violation_run_max_frames"": 48.0, ""fm2_violation_runs"": 12.0, ""fm2_windowed_pass_frac"": 0.7777777777777778, ""fm3_static_frac"": 0.006547619047619048, ""observed_duration_s"": 280.0, ""reproj_px_p50"": 20.227165385026694, ""reproj_shoulder_widths_p50"": 0.057791000544207174, ""unit_files"": 2.0, ""unit_flagged_frac"": 0.0, ""unit_hip_flexion_min"": 131.38561254224123, ""unit_knee_between_min"": 0.5036121861665228}",render
r4_250,fresh_flagged_fm2_smplh_invalid_250_V00_S0202_I00000487_P0005A_f0006060,V00_S0202_I00000487_P0005A,improvised/train/0004/0000/V00_S0202_I00000487_P0005A,improvised/train/0004/0003/V00_S0202_I00000487_P0257,fresh_flagged_fm2_smplh_invalid,fresh,improvised,6060,V00,improvised,train,ipc_conversation,fm2_smplh_invalid: only this mode fired; participant not in the recheck cohort,"{""clip_anchored_on_fm2_violation"": true, ""flag_count"": 1, ""flags_fired"": ""fm2_smplh_invalid"", ""fm1_hip_flexion_deg_p50"": 156.07329104742826, ""fm1_knee_between_torso_p50"": 0.6047943623025578, ""fm1_leg_over_torso_p50"": 1.0781069312858742, ""fm1_reasons"": """", ""fm1_shin_verticality_p50"": 0.9994449117545325, ""fm1_sitting_file"": false, ""fm1_sitting_participant"": false, ""fm1_unit"": ""0005A@0202"", ""fm1_unit_basis"": ""none"", ""fm2_in_frame_and_valid_frac"": 0.989367816091954, ""fm2_pass_frac_round3_joints_only"": 0.9916666666666667, ""fm2_smplh_valid_frac"": 0.9929597701149425, ""fm2_surface_correction_px_p50"": 45.56760312434858, ""fm2_vertex_worst_inset_min_px"": -445.6728836445203, ""fm2_violation_run_max_frames"": 66.0, ""fm2_violation_runs"": 4.0, ""fm2_windowed_pass_frac"": 0.8571428571428571, ""fm3_static_frac"": 0.0012951503813498344, ""observed_duration_s"": 232.0, ""reproj_px_p50"": 26.78506192107982, ""reproj_shoulder_widths_p50"": 0.07954436175685636, ""unit_files"": 2.0, ""unit_flagged_frac"": 0.0, ""unit_hip_flexion_min"": 146.13597484806604, ""unit_knee_between_min"": 0.6047943623025578}",render
r4_251,fresh_flagged_fm2_smplh_invalid_251_V00_S1449_I00000679_P0557A_f0009300,V00_S1449_I00000679_P0557A,improvised/train/0033/0027/V00_S1449_I00000679_P0557A,improvised/train/0033/0070/V00_S1449_I00000679_P0682A,fresh_flagged_fm2_smplh_invalid,fresh,improvised,9300,V00,improvised,train,ipc_conversation,fm2_smplh_invalid: only this mode fired; participant not in the recheck cohort,"{""clip_anchored_on_fm2_violation"": true, ""flag_count"": 1, ""flags_fired"": ""fm2_smplh_invalid"", ""fm1_hip_flexion_deg_p50"": 148.23647872037924, ""fm1_knee_between_torso_p50"": 0.548905632030193, ""fm1_leg_over_torso_p50"": 1.2198690241255261, ""fm1_reasons"": """", ""fm1_shin_verticality_p50"": 0.998460353921456, ""fm1_sitting_file"": false, ""fm1_sitting_participant"": false, ""fm1_unit"": ""0557A@1449"", ""fm1_unit_basis"": ""none"", ""fm2_in_frame_and_valid_frac"": 0.946764705882353, ""fm2_pass_frac_round3_joints_only"": 0.9838235294117647, ""fm2_smplh_valid_frac"": 0.9934313725490196, ""fm2_surface_correction_px_p50"": 32.528048991322976, ""fm2_vertex_worst_inset_min_px"": -85.94906554540876, ""fm2_violation_run_max_frames"": 65.0, ""fm2_violation_runs"": 58.0, ""fm2_windowed_pass_frac"": 0.36363636363636365, ""fm3_static_frac"": 0.000392156862745098, ""observed_duration_s"": 340.0, ""reproj_px_p50"": 39.351786059725306, ""reproj_shoulder_widths_p50"": 0.12665797635098844, ""unit_files"": 2.0, ""unit_flagged_frac"": 0.0, ""unit_hip_flexion_min"": 148.23647872037924, ""unit_knee_between_min"": 0.548905632030193}",render
r4_252,fresh_flagged_fm2_smplh_invalid_252_V00_S0484_I00000520_P0262A_f0003132,V00_S0484_I00000520_P0262A,improvised/train/0010/0012/V00_S0484_I00000520_P0262A,improvised/train/0010/0000/V00_S0484_I00000520_P0508,fresh_flagged_fm2_smplh_invalid,fresh,improvised,3132,V00,improvised,train,grounded_gesture,fm2_smplh_invalid: only this mode fired; participant not in the recheck cohort,"{""clip_anchored_on_fm2_violation"": true, ""flag_count"": 1, ""flags_fired"": ""fm2_smplh_invalid"", ""fm1_hip_flexion_deg_p50"": 144.50420539460526, ""fm1_knee_between_torso_p50"": 0.5427178018342982, ""fm1_leg_over_torso_p50"": 1.1171731660085076, ""fm1_reasons"": """", ""fm1_shin_verticality_p50"": 0.9977851622209877, ""fm1_sitting_file"": false, ""fm1_sitting_participant"": false, ""fm1_unit"": ""0262A@0484"", ""fm1_unit_basis"": ""none"", ""fm2_in_frame_and_valid_frac"": 0.9543360433604337, ""fm2_pass_frac_round3_joints_only"": 0.9602981029810298, ""fm2_smplh_valid_frac"": 0.9719512195121951, ""fm2_surface_correction_px_p50"": 45.09327172731196, ""fm2_vertex_worst_inset_min_px"": -202.7179858948133, ""fm2_violation_run_max_frames"": 51.0, ""fm2_violation_runs"": 35.0, ""fm2_windowed_pass_frac"": 0.5, ""fm3_static_frac"": 0.0497289972899729, ""observed_duration_s"": 246.0, ""reproj_px_p50"": 21.69241456138345, ""reproj_shoulder_widths_p50"": 0.061453649375874664, ""unit_files"": 1.0, ""unit_flagged_frac"": 0.0, ""unit_hip_flexion_min"": 144.50420539460526, ""unit_knee_between_min"": 0.5427178018342982}",render
r4_253,fresh_flagged_fm2_smplh_invalid_253_V00_S0766_I00000126_P0903_f0005125,V00_S0766_I00000126_P0903,improvised/train/0015/0032/V00_S0766_I00000126_P0903,improvised/train/0015/0039/V00_S0766_I00000126_P0359A,fresh_flagged_fm2_smplh_invalid,fresh,improvised,5125,V00,improvised,train,ipc_conversation,fm2_smplh_invalid: only this mode fired; participant not in the recheck cohort,"{""clip_anchored_on_fm2_violation"": true, ""flag_count"": 1, ""flags_fired"": ""fm2_smplh_invalid"", ""fm1_hip_flexion_deg_p50"": 140.96739075277569, ""fm1_knee_between_torso_p50"": 0.5122670389207618, ""fm1_leg_over_torso_p50"": 1.4125353078040994, ""fm1_reasons"": """", ""fm1_shin_verticality_p50"": 0.9904922465041783, ""fm1_sitting_file"": false, ""fm1_sitting_participant"": false, ""fm1_unit"": ""0903@0766"", ""fm1_unit_basis"": ""none"", ""fm2_in_frame_and_valid_frac"": 0.9462075848303393, ""fm2_pass_frac_round3_joints_only"": 0.9532934131736527, ""fm2_smplh_valid_frac"": 0.9806387225548903, ""fm2_surface_correction_px_p50"": 35.46842350498707, ""fm2_vertex_worst_inset_min_px"": -139.69669697112613, ""fm2_violation_run_max_frames"": 69.0, ""fm2_violation_runs"": 57.0, ""fm2_windowed_pass_frac"": 0.09090909090909091, ""fm3_static_frac"": 0.041916167664670656, ""observed_duration_s"": 334.0, ""reproj_px_p50"": 30.431471454531618, ""reproj_shoulder_widths_p50"": 0.08237337896676737, ""unit_files"": 3.0, ""unit_flagged_frac"": 0.0, ""unit_hip_flexion_min"": 135.70308797293973, ""unit_knee_between_min"": 0.5066134592374738}",render
r4_254,fresh_flagged_fm2_smplh_invalid_254_V00_S1445_I00000715_P0557A_f0000856,V00_S1445_I00000715_P0557A,improvised/train/0033/0042/V00_S1445_I00000715_P0557A,improvised/train/0033/0017/V00_S1445_I00000715_P0682A,fresh_flagged_fm2_smplh_invalid,fresh,improvised,856,V00,improvised,train,ipc_conversation,fm2_smplh_invalid: only this mode fired; participant not in the recheck cohort,"{""clip_anchored_on_fm2_violation"": true, ""flag_count"": 1, ""flags_fired"": ""fm2_smplh_invalid"", ""fm1_hip_flexion_deg_p50"": 151.19369657678567, ""fm1_knee_between_torso_p50"": 0.5644989843620415, ""fm1_leg_over_torso_p50"": 1.2429633269235922, ""fm1_reasons"": """", ""fm1_shin_verticality_p50"": 0.9995677506853256, ""fm1_sitting_file"": false, ""fm1_sitting_participant"": false, ""fm1_unit"": ""0557A@1445"", ""fm1_unit_basis"": ""none"", ""fm2_in_frame_and_valid_frac"": 0.9036796536796536, ""fm2_pass_frac_round3_joints_only"": 0.9036796536796536, ""fm2_smplh_valid_frac"": 0.9036796536796536, ""fm2_surface_correction_px_p50"": 34.02369784779887, ""fm2_vertex_worst_inset_min_px"": 50.4131782874656, ""fm2_violation_run_max_frames"": 71.0, ""fm2_violation_runs"": 187.0, ""fm2_windowed_pass_frac"": 0.4, ""fm3_static_frac"": 0.0042207792207792205, ""observed_duration_s"": 308.0, ""reproj_px_p50"": 40.1998518807765, ""reproj_shoulder_widths_p50"": 0.13151373179744028, ""unit_files"": 1.0, ""unit_flagged_frac"": 0.0, ""unit_hip_flexion_min"": 151.19369657678567, ""unit_knee_between_min"": 0.5644989843620415}",render
r4_255,fresh_flagged_fm2_smplh_invalid_255_V00_S1980_I00001048_P1139A_f0009302,V00_S1980_I00001048_P1139A,improvised/train/0048/0011/V00_S1980_I00001048_P1139A,improvised/train/0048/0001/V00_S1980_I00001048_P0106A,fresh_flagged_fm2_smplh_invalid,fresh,improvised,9302,V00,improvised,train,ipc_conversation,fm2_smplh_invalid: only this mode fired; participant not in the recheck cohort,"{""clip_anchored_on_fm2_violation"": true, ""flag_count"": 1, ""flags_fired"": ""fm2_smplh_invalid"", ""fm1_hip_flexion_deg_p50"": 141.01987633170722, ""fm1_knee_between_torso_p50"": 0.5532625243158704, ""fm1_leg_over_torso_p50"": 1.1640475758479822, ""fm1_reasons"": """", ""fm1_shin_verticality_p50"": 0.9718501682283434, ""fm1_sitting_file"": false, ""fm1_sitting_participant"": false, ""fm1_unit"": ""1139A@1980"", ""fm1_unit_basis"": ""none"", ""fm2_in_frame_and_valid_frac"": 0.9421052631578948, ""fm2_pass_frac_round3_joints_only"": 0.9579744816586921, ""fm2_smplh_valid_frac"": 0.9925837320574162, ""fm2_surface_correction_px_p50"": 33.94793225794433, ""fm2_vertex_worst_inset_min_px"": -95.64418888298837, ""fm2_violation_run_max_frames"": 87.0, ""fm2_violation_runs"": 63.0, ""fm2_windowed_pass_frac"": 0.15384615384615385, ""fm3_static_frac"": 0.017942583732057416, ""observed_duration_s"": 418.0, ""reproj_px_p50"": 16.71292981495955, ""reproj_shoulder_widths_p50"": 0.0517394970193175, ""unit_files"": 2.0, ""unit_flagged_frac"": 0.0, ""unit_hip_flexion_min"": 141.01987633170722, ""unit_knee_between_min"": 0.5502828203832395}",render
r4_256,fresh_flagged_fm2_smplh_invalid_256_V00_S1500_I00000673_P0041A_f0000456,V00_S1500_I00000673_P0041A,improvised/train/0035/0066/V00_S1500_I00000673_P0041A,improvised/train/0035/0064/V00_S1500_I00000673_P0707A,fresh_flagged_fm2_smplh_invalid,fresh,improvised,456,V00,improvised,train,ipc_conversation,fm2_smplh_invalid: only this mode fired; participant not in the recheck cohort,"{""clip_anchored_on_fm2_violation"": true, ""flag_count"": 1, ""flags_fired"": ""fm2_smplh_invalid"", ""fm1_hip_flexion_deg_p50"": 156.04330607788046, ""fm1_knee_between_torso_p50"": 0.5264619805980187, ""fm1_leg_over_torso_p50"": 1.4908927474126512, ""fm1_reasons"": """", ""fm1_shin_verticality_p50"": 0.9989685361453494, ""fm1_sitting_file"": false, ""fm1_sitting_participant"": false, ""fm1_unit"": ""0041A@1500"", ""fm1_unit_basis"": ""none"", ""fm2_in_frame_and_valid_frac"": 0.9555555555555556, ""fm2_pass_frac_round3_joints_only"": 0.9555555555555556, ""fm2_smplh_valid_frac"": 0.9559139784946237, ""fm2_surface_correction_px_p50"": 38.76623925072866, ""fm2_vertex_worst_inset_min_px"": -7.259422941062212, ""fm2_violation_run_max_frames"": 66.0, ""fm2_violation_runs"": 112.0, ""fm2_windowed_pass_frac"": 0.4166666666666667, ""fm3_static_frac"": 0.14301075268817204, ""observed_duration_s"": 372.0, ""reproj_px_p50"": 15.253864356946, ""reproj_shoulder_widths_p50"": 0.052927897432592214, ""unit_files"": 2.0, ""unit_flagged_frac"": 0.0, ""unit_hip_flexion_min"": 155.27190421102657, ""unit_knee_between_min"": 0.5264619805980187}",render
r4_257,fresh_flagged_fm2_smplh_invalid_257_V00_S1076_I00001044_P0976A_f0008217,V00_S1076_I00001044_P0976A,improvised/train/0023/0052/V00_S1076_I00001044_P0976A,improvised/train/0023/0027/V00_S1076_I00001044_P0744,fresh_flagged_fm2_smplh_invalid,fresh,improvised,8217,V00,improvised,train,ipc_conversation,fm2_smplh_invalid: only this mode fired; participant not in the recheck cohort,"{""clip_anchored_on_fm2_violation"": true, ""flag_count"": 1, ""flags_fired"": ""fm2_smplh_invalid"", ""fm1_hip_flexion_deg_p50"": 153.89725028164798, ""fm1_knee_between_torso_p50"": 0.5508036690320786, ""fm1_leg_over_torso_p50"": 1.4140032567876477, ""fm1_reasons"": """", ""fm1_shin_verticality_p50"": 0.998542277475458, ""fm1_sitting_file"": false, ""fm1_sitting_participant"": false, ""fm1_unit"": ""0976A@1076"", ""fm1_unit_basis"": ""none"", ""fm2_in_frame_and_valid_frac"": 0.8671850037277665, ""fm2_pass_frac_round3_joints_only"": 0.867291511343061, ""fm2_smplh_valid_frac"": 0.8680370646501225, ""fm2_surface_correction_px_p50"": 39.10561376190822, ""fm2_vertex_worst_inset_min_px"": -2045.7521122788253, ""fm2_violation_run_max_frames"": 168.0, ""fm2_violation_runs"": 225.0, ""fm2_windowed_pass_frac"": 0.2, ""fm3_static_frac"": 0.00031952284588348065, ""observed_duration_s"": 312.981, ""reproj_px_p50"": 20.810840496571544, ""reproj_shoulder_widths_p50"": 0.0722724836608812, ""unit_files"": 2.0, ""unit_flagged_frac"": 0.0, ""unit_hip_flexion_min"": 153.89725028164798, ""unit_knee_between_min"": 0.5407821514277947}",render
r4_258,fresh_flagged_fm3_static_hands_258_V00_S0597_I00000495_P0755_f0003650,V00_S0597_I00000495_P0755,naturalistic/train/0017/0007/V00_S0597_I00000495_P0755,naturalistic/train/0017/0035/V00_S0597_I00000495_P0756,fresh_flagged_fm3_static_hands,fresh,naturalistic,3650,V00,naturalistic,train,ipc_conversation,fm3_static_hands: only this mode fired; participant not in the recheck cohort,"{""clip_anchored_on_fm2_violation"": false, ""flag_count"": 1, ""flags_fired"": ""fm3_static_hands"", ""fm1_hip_flexion_deg_p50"": 144.36807055755094, ""fm1_knee_between_torso_p50"": 0.5005660953774889, ""fm1_leg_over_torso_p50"": 1.6393189487345345, ""fm1_reasons"": """", ""fm1_shin_verticality_p50"": 0.9997166773898625, ""fm1_sitting_file"": false, ""fm1_sitting_participant"": false, ""fm1_unit"": ""0755@0597"", ""fm1_unit_basis"": ""none"", ""fm2_in_frame_and_valid_frac"": 1.0, ""fm2_pass_frac_round3_joints_only"": 1.0, ""fm2_smplh_valid_frac"": 1.0, ""fm2_surface_correction_px_p50"": 102.48716648012072, ""fm2_vertex_worst_inset_min_px"": 33.19536147849368, ""fm2_violation_run_max_frames"": 0.0, ""fm2_violation_runs"": 0.0, ""fm2_windowed_pass_frac"": 1.0, ""fm3_static_frac"": 0.7811653116531165, ""observed_duration_s"": 246.0, ""reproj_px_p50"": 21.826637277656992, ""reproj_shoulder_widths_p50"": 0.07461224348733798, ""unit_files"": 2.0, ""unit_flagged_frac"": 0.0, ""unit_hip_flexion_min"": 141.75556555611124, ""unit_knee_between_min"": 0.49308617325750104}",render
r4_259,fresh_flagged_fm3_static_hands_259_V00_S0252_I00000130_P0347_f0008379,V00_S0252_I00000130_P0347,naturalistic/train/0006/0032/V00_S0252_I00000130_P0347,naturalistic/train/0006/0001/V00_S0252_I00000130_P0346,fresh_flagged_fm3_static_hands,fresh,naturalistic,8379,V00,naturalistic,train,ipc_conversation,fm3_static_hands: only this mode fired; participant not in the recheck cohort,"{""clip_anchored_on_fm2_violation"": false, ""flag_count"": 1, ""flags_fired"": ""fm3_static_hands"", ""fm1_hip_flexion_deg_p50"": 136.55078199263886, ""fm1_knee_between_torso_p50"": 0.5690192313458571, ""fm1_leg_over_torso_p50"": 0.9991619244266265, ""fm1_reasons"": """", ""fm1_shin_verticality_p50"": 0.9943091375953234, ""fm1_sitting_file"": false, ""fm1_sitting_participant"": false, ""fm1_unit"": ""0347@0252"", ""fm1_unit_basis"": ""none"", ""fm2_in_frame_and_valid_frac"": 0.9979575163398693, ""fm2_pass_frac_round3_joints_only"": 0.9986928104575163, ""fm2_smplh_valid_frac"": 1.0, ""fm2_surface_correction_px_p50"": 47.1851577373817, ""fm2_vertex_worst_inset_min_px"": -50.70457322050777, ""fm2_violation_run_max_frames"": 8.0, ""fm2_violation_runs"": 6.0, ""fm2_windowed_pass_frac"": 0.8461538461538461, ""fm3_static_frac"": 0.8052287581699347, ""observed_duration_s"": 408.0, ""reproj_px_p50"": 24.407650136908348, ""reproj_shoulder_widths_p50"": 0.06296325966567283, ""unit_files"": 1.0, ""unit_flagged_frac"": 0.0, ""unit_hip_flexion_min"": 136.55078199263886, ""unit_knee_between_min"": 0.5690192313458571}",render
r4_260,fresh_flagged_fm3_static_hands_260_V00_S0381_I00000378_P0503_f0005259,V00_S0381_I00000378_P0503,naturalistic/train/0010/0009/V00_S0381_I00000378_P0503,naturalistic/train/0010/0009/V00_S0381_I00000378_P0012,fresh_flagged_fm3_static_hands,fresh,naturalistic,5259,V00,naturalistic,train,ipc_conversation,fm3_static_hands: only this mode fired; participant not in the recheck cohort,"{""clip_anchored_on_fm2_violation"": false, ""flag_count"": 1, ""flags_fired"": ""fm3_static_hands"", ""fm1_hip_flexion_deg_p50"": 123.09035935974163, ""fm1_knee_between_torso_p50"": 0.519376912695481, ""fm1_leg_over_torso_p50"": 0.9396912094493852, ""fm1_reasons"": """", ""fm1_shin_verticality_p50"": 0.9993148364035088, ""fm1_sitting_file"": false, ""fm1_sitting_participant"": false, ""fm1_unit"": ""0503@0381"", ""fm1_unit_basis"": ""none"", ""fm2_in_frame_and_valid_frac"": 1.0, ""fm2_pass_frac_round3_joints_only"": 1.0, ""fm2_smplh_valid_frac"": 1.0, ""fm2_surface_correction_px_p50"": 48.64335172990786, ""fm2_vertex_worst_inset_min_px"": 8.34845792271392, ""fm2_violation_run_max_frames"": 0.0, ""fm2_violation_runs"": 0.0, ""fm2_windowed_pass_frac"": 1.0, ""fm3_static_frac"": 0.7769230769230769, ""observed_duration_s"": 208.0, ""reproj_px_p50"": 35.46028712324046, ""reproj_shoulder_widths_p50"": 0.09860093359277187, ""unit_files"": 3.0, ""unit_flagged_frac"": 0.0, ""unit_hip_flexion_min"": 123.09035935974163, ""unit_knee_between_min"": 0.519376912695481}",render
r4_261,fresh_flagged_fm3_static_hands_261_V00_S0119_I00000135_P0048_f0001670,V00_S0119_I00000135_P0048,naturalistic/train/0002/0028/V00_S0119_I00000135_P0048,naturalistic/train/0002/0013/V00_S0119_I00000135_P0175,fresh_flagged_fm3_static_hands,fresh,naturalistic,1670,V00,naturalistic,train,collaborative_storytelling,fm3_static_hands: only this mode fired; participant not in the recheck cohort,"{""clip_anchored_on_fm2_violation"": false, ""flag_count"": 1, ""flags_fired"": ""fm3_static_hands"", ""fm1_hip_flexion_deg_p50"": 143.0343073398004, ""fm1_knee_between_torso_p50"": 0.5018978536769565, ""fm1_leg_over_torso_p50"": 1.3983791192252357, ""fm1_reasons"": """", ""fm1_shin_verticality_p50"": 0.9996714357932593, ""fm1_sitting_file"": false, ""fm1_sitting_participant"": false, ""fm1_unit"": ""0048@0119"", ""fm1_unit_basis"": ""none"", ""fm2_in_frame_and_valid_frac"": 1.0, ""fm2_pass_frac_round3_joints_only"": 1.0, ""fm2_smplh_valid_frac"": 1.0, ""fm2_surface_correction_px_p50"": 33.66250923952532, ""fm2_vertex_worst_inset_min_px"": 46.21797890228822, ""fm2_violation_run_max_frames"": 0.0, ""fm2_violation_runs"": 0.0, ""fm2_windowed_pass_frac"": 1.0, ""fm3_static_frac"": 0.9488636363636364, ""observed_duration_s"": 88.0, ""reproj_px_p50"": 23.912741752929108, ""reproj_shoulder_widths_p50"": 0.07437638939311456, ""unit_files"": 2.0, ""unit_flagged_frac"": 0.0, ""unit_hip_flexion_min"": 143.0343073398004, ""unit_knee_between_min"": 0.49903994026474624}",render
r4_262,fresh_flagged_fm3_static_hands_262_V00_S0760_I00000309_P0900_f0001757,V00_S0760_I00000309_P0900,naturalistic/train/0021/0033/V00_S0760_I00000309_P0900,naturalistic/train/0021/0002/V00_S0760_I00000309_P0899,fresh_flagged_fm3_static_hands,fresh,naturalistic,1757,V00,naturalistic,train,ipc_conversation,fm3_static_hands: only this mode fired; participant not in the recheck cohort,"{""clip_anchored_on_fm2_violation"": false, ""flag_count"": 1, ""flags_fired"": ""fm3_static_hands"", ""fm1_hip_flexion_deg_p50"": 128.92690332168252, ""fm1_knee_between_torso_p50"": 0.5330794766196185, ""fm1_leg_over_torso_p50"": 1.0461109037304372, ""fm1_reasons"": """", ""fm1_shin_verticality_p50"": 0.9994449151510216, ""fm1_sitting_file"": false, ""fm1_sitting_participant"": false, ""fm1_unit"": ""0900@0760"", ""fm1_unit_basis"": ""none"", ""fm2_in_frame_and_valid_frac"": 1.0, ""fm2_pass_frac_round3_joints_only"": 1.0, ""fm2_smplh_valid_frac"": 1.0, ""fm2_surface_correction_px_p50"": 45.2625070307472, ""fm2_vertex_worst_inset_min_px"": 110.386435430657, ""fm2_violation_run_max_frames"": 0.0, ""fm2_violation_runs"": 0.0, ""fm2_windowed_pass_frac"": 1.0, ""fm3_static_frac"": 0.9052469135802469, ""observed_duration_s"": 108.0, ""reproj_px_p50"": 26.74975324050238, ""reproj_shoulder_widths_p50"": 0.0721077838910324, ""unit_files"": 2.0, ""unit_flagged_frac"": 0.0, ""unit_hip_flexion_min"": 128.92690332168252, ""unit_knee_between_min"": 0.5330794766196185}",render
r4_263,fresh_flagged_fm3_static_hands_263_V00_S0030_I00000130_P0045_f0000786,V00_S0030_I00000130_P0045,naturalistic/train/0000/0006/V00_S0030_I00000130_P0045,naturalistic/train/0000/0021/V00_S0030_I00000130_P0046,fresh_flagged_fm3_static_hands,fresh,naturalistic,786,V00,naturalistic,train,ipc_conversation,fm3_static_hands: only this mode fired; participant not in the recheck cohort,"{""clip_anchored_on_fm2_violation"": false, ""flag_count"": 1, ""flags_fired"": ""fm3_static_hands"", ""fm1_hip_flexion_deg_p50"": 124.88884897829976, ""fm1_knee_between_torso_p50"": 0.4897041782238801, ""fm1_leg_over_torso_p50"": 1.0284135488256947, ""fm1_reasons"": """", ""fm1_shin_verticality_p50"": 0.9995411830968157, ""fm1_sitting_file"": false, ""fm1_sitting_participant"": false, ""fm1_unit"": ""0045@0030"", ""fm1_unit_basis"": ""none"", ""fm2_in_frame_and_valid_frac"": 1.0, ""fm2_pass_frac_round3_joints_only"": 1.0, ""fm2_smplh_valid_frac"": 1.0, ""fm2_surface_correction_px_p50"": 36.87269683280806, ""fm2_vertex_worst_inset_min_px"": 136.0316222132169, ""fm2_violation_run_max_frames"": 0.0, ""fm2_violation_runs"": 0.0, ""fm2_windowed_pass_frac"": 1.0, ""fm3_static_frac"": 0.9540740740740741, ""observed_duration_s"": 90.0, ""reproj_px_p50"": 23.950854810540037, ""reproj_shoulder_widths_p50"": 0.06954235624445018, ""unit_files"": 2.0, ""unit_flagged_frac"": 0.0, ""unit_hip_flexion_min"": 124.88884897829976, ""unit_knee_between_min"": 0.4897041782238801}",render
r4_264,fresh_flagged_fm3_static_hands_264_V00_S0510_I00000461_P0648_f0002950,V00_S0510_I00000461_P0648,naturalistic/train/0014/0020/V00_S0510_I00000461_P0648,naturalistic/train/0014/0039/V00_S0510_I00000461_P0646,fresh_flagged_fm3_static_hands,fresh,naturalistic,2950,V00,naturalistic,train,ipc_conversation,fm3_static_hands: only this mode fired; participant not in the recheck cohort,"{""clip_anchored_on_fm2_violation"": false, ""flag_count"": 1, ""flags_fired"": ""fm3_static_hands"", ""fm1_hip_flexion_deg_p50"": 142.18314964627973, ""fm1_knee_between_torso_p50"": 0.5686423878801128, ""fm1_leg_over_torso_p50"": 1.162930546813374, ""fm1_reasons"": """", ""fm1_shin_verticality_p50"": 0.955064061428305, ""fm1_sitting_file"": false, ""fm1_sitting_participant"": false, ""fm1_unit"": ""0648@0510"", ""fm1_unit_basis"": ""none"", ""fm2_in_frame_and_valid_frac"": 1.0, ""fm2_pass_frac_round3_joints_only"": 1.0, ""fm2_smplh_valid_frac"": 1.0, ""fm2_surface_correction_px_p50"": 45.94055814299861, ""fm2_vertex_worst_inset_min_px"": 19.384164509002858, ""fm2_violation_run_max_frames"": 0.0, ""fm2_violation_runs"": 0.0, ""fm2_windowed_pass_frac"": 1.0, ""fm3_static_frac"": 0.9921119592875318, ""observed_duration_s"": 262.0, ""reproj_px_p50"": 23.77338498932677, ""reproj_shoulder_widths_p50"": 0.07281059968314471, ""unit_files"": 3.0, ""unit_flagged_frac"": 0.0, ""unit_hip_flexion_min"": 142.18314964627973, ""unit_knee_between_min"": 0.5685406511159252}",render
r4_265,fresh_flagged_fm3_static_hands_265_V00_S0155_I00000135_P0223_f0001306,V00_S0155_I00000135_P0223,naturalistic/test/0000/0019/V00_S0155_I00000135_P0223,naturalistic/test/0000/0021/V00_S0155_I00000135_P0222,fresh_flagged_fm3_static_hands,fresh,naturalistic,1306,V00,naturalistic,test,collaborative_storytelling,fm3_static_hands: only this mode fired; participant not in the recheck cohort,"{""clip_anchored_on_fm2_violation"": false, ""flag_count"": 1, ""flags_fired"": ""fm3_static_hands"", ""fm1_hip_flexion_deg_p50"": 154.38519087429074, ""fm1_knee_between_torso_p50"": 0.5607858351127908, ""fm1_leg_over_torso_p50"": 1.3050078854812073, ""fm1_reasons"": """", ""fm1_shin_verticality_p50"": 0.9961298511623261, ""fm1_sitting_file"": false, ""fm1_sitting_participant"": false, ""fm1_unit"": ""0223@0155"", ""fm1_unit_basis"": ""none"", ""fm2_in_frame_and_valid_frac"": 1.0, ""fm2_pass_frac_round3_joints_only"": 1.0, ""fm2_smplh_valid_frac"": 1.0, ""fm2_surface_correction_px_p50"": 38.06741256734813, ""fm2_vertex_worst_inset_min_px"": 111.96226367964209, ""fm2_violation_run_max_frames"": 0.0, ""fm2_violation_runs"": 0.0, ""fm2_windowed_pass_frac"": 1.0, ""fm3_static_frac"": 0.9862068965517241, ""observed_duration_s"": 174.0, ""reproj_px_p50"": 24.385939752659798, ""reproj_shoulder_widths_p50"": 0.07174589129591027, ""unit_files"": 4.0, ""unit_flagged_frac"": 0.0, ""unit_hip_flexion_min"": 150.7310148673847, ""unit_knee_between_min"": 0.5332235234635063}",render
r4_266,fresh_flagged_fm3_static_hands_266_V00_S0222_I00000382_P0305_f0001019,V00_S0222_I00000382_P0305,naturalistic/train/0005/0035/V00_S0222_I00000382_P0305,naturalistic/train/0005/0038/V00_S0222_I00000382_P0304,fresh_flagged_fm3_static_hands,fresh,naturalistic,1019,V00,naturalistic,train,ipc_conversation,fm3_static_hands: only this mode fired; participant not in the recheck cohort,"{""clip_anchored_on_fm2_violation"": false, ""flag_count"": 1, ""flags_fired"": ""fm3_static_hands"", ""fm1_hip_flexion_deg_p50"": 125.9256470511592, ""fm1_knee_between_torso_p50"": 0.50667906553028, ""fm1_leg_over_torso_p50"": 1.0153814333777622, ""fm1_reasons"": """", ""fm1_shin_verticality_p50"": 0.9993628573219796, ""fm1_sitting_file"": false, ""fm1_sitting_participant"": false, ""fm1_unit"": ""0305@0222"", ""fm1_unit_basis"": ""none"", ""fm2_in_frame_and_valid_frac"": 1.0, ""fm2_pass_frac_round3_joints_only"": 1.0, ""fm2_smplh_valid_frac"": 1.0, ""fm2_surface_correction_px_p50"": 49.40875724882676, ""fm2_vertex_worst_inset_min_px"": 116.57430945658257, ""fm2_violation_run_max_frames"": 0.0, ""fm2_violation_runs"": 0.0, ""fm2_windowed_pass_frac"": 1.0, ""fm3_static_frac"": 0.8947916666666667, ""observed_duration_s"": 64.0, ""reproj_px_p50"": 16.780407458416754, ""reproj_shoulder_widths_p50"": 0.04505554825129447, ""unit_files"": 2.0, ""unit_flagged_frac"": 0.0, ""unit_hip_flexion_min"": 122.63365056271678, ""unit_knee_between_min"": 0.4993439257860605}",render
r4_267,fresh_flagged_fm3_static_hands_267_V00_S1920_I00000399_P1210_f0000276,V00_S1920_I00000399_P1210,naturalistic/train/0030/0027/V00_S1920_I00000399_P1210,naturalistic/train/0030/0009/V00_S1920_I00000399_P0179,fresh_flagged_fm3_static_hands,fresh,naturalistic,276,V00,naturalistic,train,ipc_conversation,fm3_static_hands: only this mode fired; participant not in the recheck cohort,"{""clip_anchored_on_fm2_violation"": false, ""flag_count"": 1, ""flags_fired"": ""fm3_static_hands"", ""fm1_hip_flexion_deg_p50"": 145.07315828419098, ""fm1_knee_between_torso_p50"": 0.5140029397618474, ""fm1_leg_over_torso_p50"": 1.335178775500689, ""fm1_reasons"": """", ""fm1_shin_verticality_p50"": 0.9996714270826119, ""fm1_sitting_file"": false, ""fm1_sitting_participant"": false, ""fm1_unit"": ""1210@1920"", ""fm1_unit_basis"": ""none"", ""fm2_in_frame_and_valid_frac"": 0.9976702508960573, ""fm2_pass_frac_round3_joints_only"": 0.9980286738351255, ""fm2_smplh_valid_frac"": 1.0, ""fm2_surface_correction_px_p50"": 29.62360588635795, ""fm2_vertex_worst_inset_min_px"": -69.28259615932257, ""fm2_violation_run_max_frames"": 8.0, ""fm2_violation_runs"": 2.0, ""fm2_windowed_pass_frac"": 0.8333333333333334, ""fm3_static_frac"": 0.8016129032258065, ""observed_duration_s"": 186.0, ""reproj_px_p50"": 28.493831575115905, ""reproj_shoulder_widths_p50"": 0.10183780629788688, ""unit_files"": 2.0, ""unit_flagged_frac"": 0.0, ""unit_hip_flexion_min"": 145.07315828419098, ""unit_knee_between_min"": 0.5140029397618474}",render
r4_268,fresh_flagged_fm3_static_hands_268_V00_S1934_I00000411_P1225_f0006522,V00_S1934_I00000411_P1225,naturalistic/train/0031/0031/V00_S1934_I00000411_P1225,naturalistic/train/0031/0027/V00_S1934_I00000411_P0625,fresh_flagged_fm3_static_hands,fresh,naturalistic,6522,V00,naturalistic,train,ipc_conversation,fm3_static_hands: only this mode fired; participant not in the recheck cohort,"{""clip_anchored_on_fm2_violation"": false, ""flag_count"": 1, ""flags_fired"": ""fm3_static_hands"", ""fm1_hip_flexion_deg_p50"": 164.91901666476323, ""fm1_knee_between_torso_p50"": 0.5894026207494384, ""fm1_leg_over_torso_p50"": 1.2960157192507973, ""fm1_reasons"": """", ""fm1_shin_verticality_p50"": 0.9996144173997773, ""fm1_sitting_file"": false, ""fm1_sitting_participant"": false, ""fm1_unit"": ""1225@1934"", ""fm1_unit_basis"": ""none"", ""fm2_in_frame_and_valid_frac"": 1.0, ""fm2_pass_frac_round3_joints_only"": 1.0, ""fm2_smplh_valid_frac"": 1.0, ""fm2_surface_correction_px_p50"": 41.87474672377641, ""fm2_vertex_worst_inset_min_px"": 70.54286829563398, ""fm2_violation_run_max_frames"": 0.0, ""fm2_violation_runs"": 0.0, ""fm2_windowed_pass_frac"": 1.0, ""fm3_static_frac"": 0.9532299741602067, ""observed_duration_s"": 258.0, ""reproj_px_p50"": 27.579849920280978, ""reproj_shoulder_widths_p50"": 0.09056104959342957, ""unit_files"": 2.0, ""unit_flagged_frac"": 0.0, ""unit_hip_flexion_min"": 164.91901666476323, ""unit_knee_between_min"": 0.5641799183368209}",render
r4_269,fresh_flagged_fm3_static_hands_269_V00_S0954_I00000126_P1044_f0002956,V00_S0954_I00000126_P1044,naturalistic/train/0025/0032/V00_S0954_I00000126_P1044,naturalistic/train/0025/0044/V00_S0954_I00000126_P1043,fresh_flagged_fm3_static_hands,fresh,naturalistic,2956,V00,naturalistic,train,ipc_conversation,fm3_static_hands: only this mode fired; participant not in the recheck cohort,"{""clip_anchored_on_fm2_violation"": false, ""flag_count"": 1, ""flags_fired"": ""fm3_static_hands"", ""fm1_hip_flexion_deg_p50"": 159.26273166830273, ""fm1_knee_between_torso_p50"": 0.5527613712535508, ""fm1_leg_over_torso_p50"": 1.43611466082231, ""fm1_reasons"": """", ""fm1_shin_verticality_p50"": 0.9947814439700196, ""fm1_sitting_file"": false, ""fm1_sitting_participant"": false, ""fm1_unit"": ""1044@0954"", ""fm1_unit_basis"": ""none"", ""fm2_in_frame_and_valid_frac"": 1.0, ""fm2_pass_frac_round3_joints_only"": 1.0, ""fm2_smplh_valid_frac"": 1.0, ""fm2_surface_correction_px_p50"": 30.61532992041691, ""fm2_vertex_worst_inset_min_px"": 114.07318972020425, ""fm2_violation_run_max_frames"": 0.0, ""fm2_violation_runs"": 0.0, ""fm2_windowed_pass_frac"": 1.0, ""fm3_static_frac"": 0.8463235294117647, ""observed_duration_s"": 136.0, ""reproj_px_p50"": 33.51038385078925, ""reproj_shoulder_widths_p50"": 0.11746138488661856, ""unit_files"": 1.0, ""unit_flagged_frac"": 0.0, ""unit_hip_flexion_min"": 159.26273166830273, ""unit_knee_between_min"": 0.5527613712535508}",render
r4_270,fresh_flagged_fm3_static_hands_270_V00_S0311_I00000372_P0419_f0004703,V00_S0311_I00000372_P0419,naturalistic/train/0007/0016/V00_S0311_I00000372_P0419,naturalistic/train/0007/0024/V00_S0311_I00000372_P0418,fresh_flagged_fm3_static_hands,fresh,naturalistic,4703,V00,naturalistic,train,ipc_conversation,fm3_static_hands: only this mode fired; participant not in the recheck cohort,"{""clip_anchored_on_fm2_violation"": false, ""flag_count"": 1, ""flags_fired"": ""fm3_static_hands"", ""fm1_hip_flexion_deg_p50"": 145.59192605612543, ""fm1_knee_between_torso_p50"": 0.5186406557890298, ""fm1_leg_over_torso_p50"": 1.3117088196832474, ""fm1_reasons"": """", ""fm1_shin_verticality_p50"": 0.9996714381934475, ""fm1_sitting_file"": false, ""fm1_sitting_participant"": false, ""fm1_unit"": ""0419@0311"", ""fm1_unit_basis"": ""none"", ""fm2_in_frame_and_valid_frac"": 1.0, ""fm2_pass_frac_round3_joints_only"": 1.0, ""fm2_smplh_valid_frac"": 1.0, ""fm2_surface_correction_px_p50"": 112.77911652130246, ""fm2_vertex_worst_inset_min_px"": 117.19672575277764, ""fm2_violation_run_max_frames"": 0.0, ""fm2_violation_runs"": 0.0, ""fm2_windowed_pass_frac"": 1.0, ""fm3_static_frac"": 0.7653333333333333, ""observed_duration_s"": 200.0, ""reproj_px_p50"": 16.05465853164786, ""reproj_shoulder_widths_p50"": 0.053589339791302135, ""unit_files"": 3.0, ""unit_flagged_frac"": 0.0, ""unit_hip_flexion_min"": 139.40941371845307, ""unit_knee_between_min"": 0.5122248511100556}",render
r4_271,fresh_flagged_fm3_static_hands_271_V00_S0531_I00000307_P0239_f0002898,V00_S0531_I00000307_P0239,naturalistic/train/0014/0015/V00_S0531_I00000307_P0239,naturalistic/train/0014/0031/V00_S0531_I00000307_P0678,fresh_flagged_fm3_static_hands,fresh,naturalistic,2898,V00,naturalistic,train,ipc_conversation,fm3_static_hands: only this mode fired; participant not in the recheck cohort,"{""clip_anchored_on_fm2_violation"": false, ""flag_count"": 1, ""flags_fired"": ""fm3_static_hands"", ""fm1_hip_flexion_deg_p50"": 137.00729399628648, ""fm1_knee_between_torso_p50"": 0.5258484852998696, ""fm1_leg_over_torso_p50"": 1.2220187748230356, ""fm1_reasons"": """", ""fm1_shin_verticality_p50"": 0.9995920831647505, ""fm1_sitting_file"": false, ""fm1_sitting_participant"": false, ""fm1_unit"": ""0239@0531"", ""fm1_unit_basis"": ""none"", ""fm2_in_frame_and_valid_frac"": 0.9998442367601246, ""fm2_pass_frac_round3_joints_only"": 1.0, ""fm2_smplh_valid_frac"": 1.0, ""fm2_surface_correction_px_p50"": 44.863154465295935, ""fm2_vertex_worst_inset_min_px"": 23.77082776926045, ""fm2_violation_run_max_frames"": 1.0, ""fm2_violation_runs"": 1.0, ""fm2_windowed_pass_frac"": 1.0, ""fm3_static_frac"": 0.7774143302180685, ""observed_duration_s"": 214.0, ""reproj_px_p50"": 13.424478774644847, ""reproj_shoulder_widths_p50"": 0.03927477964519152, ""unit_files"": 2.0, ""unit_flagged_frac"": 0.0, ""unit_hip_flexion_min"": 137.00729399628648, ""unit_knee_between_min"": 0.5258484852998696}",render
r4_272,fresh_flagged_fm3_static_hands_272_V00_S1098_I00000005_P1082_f0000798,V00_S1098_I00000005_P1082,naturalistic/train/0026/0026/V00_S1098_I00000005_P1082,naturalistic/train/0026/0024/V00_S1098_I00000005_P1081,fresh_flagged_fm3_static_hands,fresh,naturalistic,798,V00,naturalistic,train,ipc_conversation,fm3_static_hands: only this mode fired; participant not in the recheck cohort,"{""clip_anchored_on_fm2_violation"": false, ""flag_count"": 1, ""flags_fired"": ""fm3_static_hands"", ""fm1_hip_flexion_deg_p50"": 133.53356895174147, ""fm1_knee_between_torso_p50"": 0.5092977830814186, ""fm1_leg_over_torso_p50"": 1.1780824825153908, ""fm1_reasons"": """", ""fm1_shin_verticality_p50"": 1.0, ""fm1_sitting_file"": false, ""fm1_sitting_participant"": false, ""fm1_unit"": ""1082@1098"", ""fm1_unit_basis"": ""none"", ""fm2_in_frame_and_valid_frac"": 1.0, ""fm2_pass_frac_round3_joints_only"": 1.0, ""fm2_smplh_valid_frac"": 1.0, ""fm2_surface_correction_px_p50"": 40.43002335526114, ""fm2_vertex_worst_inset_min_px"": 95.94516838676554, ""fm2_violation_run_max_frames"": 0.0, ""fm2_violation_runs"": 0.0, ""fm2_windowed_pass_frac"": 1.0, ""fm3_static_frac"": 0.8789115646258503, ""observed_duration_s"": 98.0, ""reproj_px_p50"": 37.88174643485657, ""reproj_shoulder_widths_p50"": 0.11414904234583383, ""unit_files"": 3.0, ""unit_flagged_frac"": 0.0, ""unit_hip_flexion_min"": 129.1568995488086, ""unit_knee_between_min"": 0.47926616557522467}",render
r4_273,fresh_flagged_fm3_static_hands_273_V00_S0134_I00000480_P0195_f0002538,V00_S0134_I00000480_P0195,improvised/train/0002/0019/V00_S0134_I00000480_P0195,improvised/train/0002/0000/V00_S0134_I00000480_P0003A,fresh_flagged_fm3_static_hands,fresh,improvised,2538,V00,improvised,train,ipc_conversation,fm3_static_hands: only this mode fired; participant not in the recheck cohort,"{""clip_anchored_on_fm2_violation"": false, ""flag_count"": 1, ""flags_fired"": ""fm3_static_hands"", ""fm1_hip_flexion_deg_p50"": 124.93465581048325, ""fm1_knee_between_torso_p50"": 0.4794870498462849, ""fm1_leg_over_torso_p50"": 1.0760605125207725, ""fm1_reasons"": """", ""fm1_shin_verticality_p50"": 0.9995677576596605, ""fm1_sitting_file"": false, ""fm1_sitting_participant"": false, ""fm1_unit"": ""0195@0134"", ""fm1_unit_basis"": ""none"", ""fm2_in_frame_and_valid_frac"": 0.9848258706467662, ""fm2_pass_frac_round3_joints_only"": 0.9880597014925373, ""fm2_smplh_valid_frac"": 1.0, ""fm2_surface_correction_px_p50"": 42.40161901894578, ""fm2_vertex_worst_inset_min_px"": -75.91180326194592, ""fm2_violation_run_max_frames"": 19.0, ""fm2_violation_runs"": 6.0, ""fm2_windowed_pass_frac"": 0.75, ""fm3_static_frac"": 0.8186567164179105, ""observed_duration_s"": 134.0, ""reproj_px_p50"": 21.69193480251944, ""reproj_shoulder_widths_p50"": 0.0633238812345131, ""unit_files"": 1.0, ""unit_flagged_frac"": 0.0, ""unit_hip_flexion_min"": 124.93465581048325, ""unit_knee_between_min"": 0.4794870498462849}",render
r4_274,fresh_flagged_fm3_static_hands_274_V00_S0486_I00000382_P0622_f0001359,V00_S0486_I00000382_P0622,improvised/train/0010/0004/V00_S0486_I00000382_P0622,improvised/train/0010/0022/V00_S0486_I00000382_P0229A,fresh_flagged_fm3_static_hands,fresh,improvised,1359,V00,improvised,train,ipc_conversation,fm3_static_hands: only this mode fired; participant not in the recheck cohort,"{""clip_anchored_on_fm2_violation"": false, ""flag_count"": 1, ""flags_fired"": ""fm3_static_hands"", ""fm1_hip_flexion_deg_p50"": 135.26153883602285, ""fm1_knee_between_torso_p50"": 0.5489827040423292, ""fm1_leg_over_torso_p50"": 1.0155546931372255, ""fm1_reasons"": """", ""fm1_shin_verticality_p50"": 0.9995120691238852, ""fm1_sitting_file"": false, ""fm1_sitting_participant"": false, ""fm1_unit"": ""0622@0486"", ""fm1_unit_basis"": ""none"", ""fm2_in_frame_and_valid_frac"": 1.0, ""fm2_pass_frac_round3_joints_only"": 1.0, ""fm2_smplh_valid_frac"": 1.0, ""fm2_surface_correction_px_p50"": 47.396283852007855, ""fm2_vertex_worst_inset_min_px"": 103.17822330117906, ""fm2_violation_run_max_frames"": 0.0, ""fm2_violation_runs"": 0.0, ""fm2_windowed_pass_frac"": 1.0, ""fm3_static_frac"": 0.8369198312236287, ""observed_duration_s"": 158.0, ""reproj_px_p50"": 21.06223067449507, ""reproj_shoulder_widths_p50"": 0.05666888939548104, ""unit_files"": 1.0, ""unit_flagged_frac"": 0.0, ""unit_hip_flexion_min"": 135.26153883602285, ""unit_knee_between_min"": 0.5489827040423292}",render
r4_275,fresh_flagged_fm3_static_hands_275_V00_S0162_I00000375_P0232_f0002955,V00_S0162_I00000375_P0232,improvised/train/0003/0010/V00_S0162_I00000375_P0232,improvised/train/0003/0036/V00_S0162_I00000375_P0004A,fresh_flagged_fm3_static_hands,fresh,improvised,2955,V00,improvised,train,ipc_conversation,fm3_static_hands: only this mode fired; participant not in the recheck cohort,"{""clip_anchored_on_fm2_violation"": false, ""flag_count"": 1, ""flags_fired"": ""fm3_static_hands"", ""fm1_hip_flexion_deg_p50"": 145.1668901133242, ""fm1_knee_between_torso_p50"": 0.5600124552218619, ""fm1_leg_over_torso_p50"": 1.1423359156268935, ""fm1_reasons"": """", ""fm1_shin_verticality_p50"": 0.9995677559793916, ""fm1_sitting_file"": false, ""fm1_sitting_participant"": false, ""fm1_unit"": ""0232@0162"", ""fm1_unit_basis"": ""none"", ""fm2_in_frame_and_valid_frac"": 0.9995884773662551, ""fm2_pass_frac_round3_joints_only"": 1.0, ""fm2_smplh_valid_frac"": 1.0, ""fm2_surface_correction_px_p50"": 44.33086755322961, ""fm2_vertex_worst_inset_min_px"": 13.769316654910426, ""fm2_violation_run_max_frames"": 2.0, ""fm2_violation_runs"": 1.0, ""fm2_windowed_pass_frac"": 1.0, ""fm3_static_frac"": 0.9407407407407408, ""observed_duration_s"": 162.0, ""reproj_px_p50"": 44.637847468550206, ""reproj_shoulder_widths_p50"": 0.11975012946449021, ""unit_files"": 1.0, ""unit_flagged_frac"": 0.0, ""unit_hip_flexion_min"": 145.1668901133242, ""unit_knee_between_min"": 0.5600124552218619}",render
r4_276,fresh_flagged_fm3_static_hands_276_V00_S1033_I00000402_P1062_f0001178,V00_S1033_I00000402_P1062,improvised/train/0022/0054/V00_S1033_I00000402_P1062,improvised/train/0022/0033/V00_S1033_I00000402_P0250A,fresh_flagged_fm3_static_hands,fresh,improvised,1178,V00,improvised,train,ipc_conversation,fm3_static_hands: only this mode fired; participant not in the recheck cohort,"{""clip_anchored_on_fm2_violation"": false, ""flag_count"": 1, ""flags_fired"": ""fm3_static_hands"", ""fm1_hip_flexion_deg_p50"": 136.0268881777873, ""fm1_knee_between_torso_p50"": 0.4943884574495454, ""fm1_leg_over_torso_p50"": 1.3544297387211204, ""fm1_reasons"": """", ""fm1_shin_verticality_p50"": 0.9961298432581414, ""fm1_sitting_file"": false, ""fm1_sitting_participant"": false, ""fm1_unit"": ""1062@1033"", ""fm1_unit_basis"": ""none"", ""fm2_in_frame_and_valid_frac"": 0.9888257575757575, ""fm2_pass_frac_round3_joints_only"": 0.9899621212121212, ""fm2_smplh_valid_frac"": 1.0, ""fm2_surface_correction_px_p50"": 33.35429501560583, ""fm2_vertex_worst_inset_min_px"": -159.83417793047238, ""fm2_violation_run_max_frames"": 26.0, ""fm2_violation_runs"": 6.0, ""fm2_windowed_pass_frac"": 0.2, ""fm3_static_frac"": 0.7981060606060606, ""observed_duration_s"": 176.0, ""reproj_px_p50"": 20.409595102101818, ""reproj_shoulder_widths_p50"": 0.05699401756791783, ""unit_files"": 1.0, ""unit_flagged_frac"": 0.0, ""unit_hip_flexion_min"": 136.0268881777873, ""unit_knee_between_min"": 0.4943884574495454}",render
r4_277,fresh_flagged_fm3_static_hands_277_V00_S0488_I00000541_P0623_f0004216,V00_S0488_I00000541_P0623,improvised/train/0010/0037/V00_S0488_I00000541_P0623,improvised/train/0010/0053/V00_S0488_I00000541_P0262A,fresh_flagged_fm3_static_hands,fresh,improvised,4216,V00,improvised,train,ipc_conversation,fm3_static_hands: only this mode fired; participant not in the recheck cohort,"{""clip_anchored_on_fm2_violation"": false, ""flag_count"": 1, ""flags_fired"": ""fm3_static_hands"", ""fm1_hip_flexion_deg_p50"": 151.52470171954945, ""fm1_knee_between_torso_p50"": 0.5492463824718872, ""fm1_leg_over_torso_p50"": 1.3326974500037534, ""fm1_reasons"": """", ""fm1_shin_verticality_p50"": 0.9996714395244157, ""fm1_sitting_file"": false, ""fm1_sitting_participant"": false, ""fm1_unit"": ""0623@0488"", ""fm1_unit_basis"": ""none"", ""fm2_in_frame_and_valid_frac"": 1.0, ""fm2_pass_frac_round3_joints_only"": 1.0, ""fm2_smplh_valid_frac"": 1.0, ""fm2_surface_correction_px_p50"": 36.33503702710766, ""fm2_vertex_worst_inset_min_px"": 103.24830982311556, ""fm2_violation_run_max_frames"": 0.0, ""fm2_violation_runs"": 0.0, ""fm2_windowed_pass_frac"": 1.0, ""fm3_static_frac"": 0.7794117647058824, ""observed_duration_s"": 204.0, ""reproj_px_p50"": 20.59897712763506, ""reproj_shoulder_widths_p50"": 0.06251081253040461, ""unit_files"": 1.0, ""unit_flagged_frac"": 0.0, ""unit_hip_flexion_min"": 151.52470171954945, ""unit_knee_between_min"": 0.5492463824718872}",render
r4_278,fresh_flagged_fm3_static_hands_278_V00_S1245_I00001206_P0955A_f0002217,V00_S1245_I00001206_P0955A,improvised/train/0028/0060/V00_S1245_I00001206_P0955A,improvised/train/0028/0067/V00_S1245_I00001206_P1100A,fresh_flagged_fm3_static_hands,fresh,improvised,2217,V00,improvised,train,grounded_gesture,fm3_static_hands: only this mode fired; participant not in the recheck cohort,"{""clip_anchored_on_fm2_violation"": false, ""flag_count"": 1, ""flags_fired"": ""fm3_static_hands"", ""fm1_hip_flexion_deg_p50"": 144.3545720497429, ""fm1_knee_between_torso_p50"": 0.5511358220290893, ""fm1_leg_over_torso_p50"": 1.27578930303266, ""fm1_reasons"": """", ""fm1_shin_verticality_p50"": 0.9995920864606948, ""fm1_sitting_file"": false, ""fm1_sitting_participant"": false, ""fm1_unit"": ""0955A@1245"", ""fm1_unit_basis"": ""none"", ""fm2_in_frame_and_valid_frac"": 0.9987179487179487, ""fm2_pass_frac_round3_joints_only"": 0.9990384615384615, ""fm2_smplh_valid_frac"": 1.0, ""fm2_surface_correction_px_p50"": 39.00300606807673, ""fm2_vertex_worst_inset_min_px"": -21.499558209931365, ""fm2_violation_run_max_frames"": 4.0, ""fm2_violation_runs"": 1.0, ""fm2_windowed_pass_frac"": 0.6666666666666666, ""fm3_static_frac"": 0.7842948717948718, ""observed_duration_s"": 104.0, ""reproj_px_p50"": 14.924098647132057, ""reproj_shoulder_widths_p50"": 0.04583492859312197, ""unit_files"": 1.0, ""unit_flagged_frac"": 0.0, ""unit_hip_flexion_min"": 144.3545720497429, ""unit_knee_between_min"": 0.5511358220290893}",render
r4_279,fresh_flagged_fm3_static_hands_279_V00_S1032_I00001005_P0229A_f0004024,V00_S1032_I00001005_P0229A,improvised/train/0022/0002/V00_S1032_I00001005_P0229A,improvised/train/0022/0039/V00_S1032_I00001005_P0150A,fresh_flagged_fm3_static_hands,fresh,improvised,4024,V00,improvised,train,ipc_conversation,fm3_static_hands: only this mode fired; participant not in the recheck cohort,"{""clip_anchored_on_fm2_violation"": false, ""flag_count"": 1, ""flags_fired"": ""fm3_static_hands"", ""fm1_hip_flexion_deg_p50"": 136.1961089570829, ""fm1_knee_between_torso_p50"": 0.502245905011312, ""fm1_leg_over_torso_p50"": 1.2667765127688566, ""fm1_reasons"": """", ""fm1_shin_verticality_p50"": 0.999592088080425, ""fm1_sitting_file"": false, ""fm1_sitting_participant"": false, ""fm1_unit"": ""0229A@1032"", ""fm1_unit_basis"": ""none"", ""fm2_in_frame_and_valid_frac"": 0.999810606060606, ""fm2_pass_frac_round3_joints_only"": 1.0, ""fm2_smplh_valid_frac"": 1.0, ""fm2_surface_correction_px_p50"": 42.322940447615, ""fm2_vertex_worst_inset_min_px"": 2.9577392575774866, ""fm2_violation_run_max_frames"": 2.0, ""fm2_violation_runs"": 1.0, ""fm2_windowed_pass_frac"": 1.0, ""fm3_static_frac"": 0.796875, ""observed_duration_s"": 352.0, ""reproj_px_p50"": 26.415407145741572, ""reproj_shoulder_widths_p50"": 0.07841783119391474, ""unit_files"": 2.0, ""unit_flagged_frac"": 0.0, ""unit_hip_flexion_min"": 136.1961089570829, ""unit_knee_between_min"": 0.502245905011312}",render
r4_280,fresh_flagged_fm3_static_hands_280_V00_S0673_I00000377_P0012A_f0001028,V00_S0673_I00000377_P0012A,improvised/train/0013/0008/V00_S0673_I00000377_P0012A,improvised/train/0013/0021/V00_S0673_I00000377_P0830,fresh_flagged_fm3_static_hands,fresh,improvised,1028,V00,improvised,train,ipc_conversation,fm3_static_hands: only this mode fired; participant not in the recheck cohort,"{""clip_anchored_on_fm2_violation"": false, ""flag_count"": 1, ""flags_fired"": ""fm3_static_hands"", ""fm1_hip_flexion_deg_p50"": 127.52622335194002, ""fm1_knee_between_torso_p50"": 0.4583155183880514, ""fm1_leg_over_torso_p50"": 1.3867510414128048, ""fm1_reasons"": """", ""fm1_shin_verticality_p50"": 0.999999999999975, ""fm1_sitting_file"": false, ""fm1_sitting_participant"": false, ""fm1_unit"": ""0012A@0673"", ""fm1_unit_basis"": ""none"", ""fm2_in_frame_and_valid_frac"": 0.9938202247191011, ""fm2_pass_frac_round3_joints_only"": 0.9940074906367041, ""fm2_smplh_valid_frac"": 1.0, ""fm2_surface_correction_px_p50"": 44.82172148408506, ""fm2_vertex_worst_inset_min_px"": -45.533888829838816, ""fm2_violation_run_max_frames"": 33.0, ""fm2_violation_runs"": 1.0, ""fm2_windowed_pass_frac"": 0.8, ""fm3_static_frac"": 0.8342696629213483, ""observed_duration_s"": 178.0, ""reproj_px_p50"": 19.687617315656826, ""reproj_shoulder_widths_p50"": 0.05891898213826885, ""unit_files"": 2.0, ""unit_flagged_frac"": 0.0, ""unit_hip_flexion_min"": 127.52622335194002, ""unit_knee_between_min"": 0.45811191964222536}",render
r4_281,fresh_flagged_fm3_static_hands_281_V00_S0303_I00000495_P0408_f0003037,V00_S0303_I00000495_P0408,improvised/train/0007/0006/V00_S0303_I00000495_P0408,improvised/train/0007/0045/V00_S0303_I00000495_P0028A,fresh_flagged_fm3_static_hands,fresh,improvised,3037,V00,improvised,train,ipc_conversation,fm3_static_hands: only this mode fired; participant not in the recheck cohort,"{""clip_anchored_on_fm2_violation"": false, ""flag_count"": 1, ""flags_fired"": ""fm3_static_hands"", ""fm1_hip_flexion_deg_p50"": 141.86057258639875, ""fm1_knee_between_torso_p50"": 0.5610172865074848, ""fm1_leg_over_torso_p50"": 1.1827937115709548, ""fm1_reasons"": """", ""fm1_shin_verticality_p50"": 0.9995411826574077, ""fm1_sitting_file"": false, ""fm1_sitting_participant"": false, ""fm1_unit"": ""0408@0303"", ""fm1_unit_basis"": ""none"", ""fm2_in_frame_and_valid_frac"": 1.0, ""fm2_pass_frac_round3_joints_only"": 1.0, ""fm2_smplh_valid_frac"": 1.0, ""fm2_surface_correction_px_p50"": 44.155301895194725, ""fm2_vertex_worst_inset_min_px"": 5.066381338038809, ""fm2_violation_run_max_frames"": 0.0, ""fm2_violation_runs"": 0.0, ""fm2_windowed_pass_frac"": 1.0, ""fm3_static_frac"": 0.7601190476190476, ""observed_duration_s"": 168.0, ""reproj_px_p50"": 47.06017405871778, ""reproj_shoulder_widths_p50"": 0.13091146450700686, ""unit_files"": 3.0, ""unit_flagged_frac"": 0.0, ""unit_hip_flexion_min"": 139.32192547453923, ""unit_knee_between_min"": 0.5530644345906974}",render
r4_282,fresh_flagged_fm3_static_hands_282_V00_S0404_I00000125_P0005A_f0000522,V00_S0404_I00000125_P0005A,improvised/train/0008/0038/V00_S0404_I00000125_P0005A,improvised/train/0008/0032/V00_S0404_I00000125_P0532,fresh_flagged_fm3_static_hands,fresh,improvised,522,V00,improvised,train,ipc_conversation,fm3_static_hands: only this mode fired; participant not in the recheck cohort,"{""clip_anchored_on_fm2_violation"": false, ""flag_count"": 1, ""flags_fired"": ""fm3_static_hands"", ""fm1_hip_flexion_deg_p50"": 113.38883174979684, ""fm1_knee_between_torso_p50"": 0.4510709849791292, ""fm1_leg_over_torso_p50"": 1.241316615483297, ""fm1_reasons"": """", ""fm1_shin_verticality_p50"": 0.8436615153030458, ""fm1_sitting_file"": false, ""fm1_sitting_participant"": false, ""fm1_unit"": ""0005A@0404"", ""fm1_unit_basis"": ""none"", ""fm2_in_frame_and_valid_frac"": 1.0, ""fm2_pass_frac_round3_joints_only"": 1.0, ""fm2_smplh_valid_frac"": 1.0, ""fm2_surface_correction_px_p50"": 50.11194369470775, ""fm2_vertex_worst_inset_min_px"": 25.7833600332865, ""fm2_violation_run_max_frames"": 0.0, ""fm2_violation_runs"": 0.0, ""fm2_windowed_pass_frac"": 1.0, ""fm3_static_frac"": 0.786986301369863, ""observed_duration_s"": 146.0, ""reproj_px_p50"": 16.123058523299854, ""reproj_shoulder_widths_p50"": 0.044007536053735724, ""unit_files"": 1.0, ""unit_flagged_frac"": 0.0, ""unit_hip_flexion_min"": 113.38883174979684, ""unit_knee_between_min"": 0.4510709849791292}",render
r4_283,fresh_flagged_fm3_static_hands_283_V00_S0712_I00000307_P0868_f0002496,V00_S0712_I00000307_P0868,improvised/train/0014/0027/V00_S0712_I00000307_P0868,improvised/train/0014/0000/V00_S0712_I00000307_P0397A,fresh_flagged_fm3_static_hands,fresh,improvised,2496,V00,improvised,train,ipc_conversation,fm3_static_hands: only this mode fired; participant not in the recheck cohort,"{""clip_anchored_on_fm2_violation"": false, ""flag_count"": 1, ""flags_fired"": ""fm3_static_hands"", ""fm1_hip_flexion_deg_p50"": 150.5488823634111, ""fm1_knee_between_torso_p50"": 0.532454501628653, ""fm1_leg_over_torso_p50"": 1.316484497850433, ""fm1_reasons"": """", ""fm1_shin_verticality_p50"": 0.9999999999999764, ""fm1_sitting_file"": false, ""fm1_sitting_participant"": false, ""fm1_unit"": ""0868@0712"", ""fm1_unit_basis"": ""none"", ""fm2_in_frame_and_valid_frac"": 0.9987654320987654, ""fm2_pass_frac_round3_joints_only"": 0.9993827160493827, ""fm2_smplh_valid_frac"": 1.0, ""fm2_surface_correction_px_p50"": 35.84417068068467, ""fm2_vertex_worst_inset_min_px"": -12.321598643597554, ""fm2_violation_run_max_frames"": 6.0, ""fm2_violation_runs"": 1.0, ""fm2_windowed_pass_frac"": 0.8, ""fm3_static_frac"": 0.841358024691358, ""observed_duration_s"": 162.0, ""reproj_px_p50"": 35.682194877790444, ""reproj_shoulder_widths_p50"": 0.11034325428346879, ""unit_files"": 1.0, ""unit_flagged_frac"": 0.0, ""unit_hip_flexion_min"": 150.5488823634111, ""unit_knee_between_min"": 0.532454501628653}",render
r4_284,fresh_flagged_fm3_static_hands_284_V00_S0131_I00000140_P0029A_f0000163,V00_S0131_I00000140_P0029A,improvised/train/0002/0003/V00_S0131_I00000140_P0029A,improvised/train/0002/0020/V00_S0131_I00000140_P0192,fresh_flagged_fm3_static_hands,fresh,improvised,163,V00,improvised,train,ipc_conversation,fm3_static_hands: only this mode fired; participant not in the recheck cohort,"{""clip_anchored_on_fm2_violation"": false, ""flag_count"": 1, ""flags_fired"": ""fm3_static_hands"", ""fm1_hip_flexion_deg_p50"": 132.85794947828884, ""fm1_knee_between_torso_p50"": 0.4729812557885077, ""fm1_leg_over_torso_p50"": 1.4642854860773227, ""fm1_reasons"": """", ""fm1_shin_verticality_p50"": 0.9996539166558192, ""fm1_sitting_file"": false, ""fm1_sitting_participant"": false, ""fm1_unit"": ""0029A@0131"", ""fm1_unit_basis"": ""none"", ""fm2_in_frame_and_valid_frac"": 1.0, ""fm2_pass_frac_round3_joints_only"": 1.0, ""fm2_smplh_valid_frac"": 1.0, ""fm2_surface_correction_px_p50"": 35.725588215737844, ""fm2_vertex_worst_inset_min_px"": 30.12936197776196, ""fm2_violation_run_max_frames"": 0.0, ""fm2_violation_runs"": 0.0, ""fm2_windowed_pass_frac"": 1.0, ""fm3_static_frac"": 0.8162962962962963, ""observed_duration_s"": 90.0, ""reproj_px_p50"": 26.05929881155935, ""reproj_shoulder_widths_p50"": 0.06964793331262575, ""unit_files"": 1.0, ""unit_flagged_frac"": 0.0, ""unit_hip_flexion_min"": 132.85794947828884, ""unit_knee_between_min"": 0.4729812557885077}",render
r4_285,fresh_flagged_fm3_static_hands_285_V00_S0202_I00000520_P0257_f0003123,V00_S0202_I00000520_P0257,improvised/train/0004/0030/V00_S0202_I00000520_P0257,improvised/train/0004/0019/V00_S0202_I00000520_P0005A,fresh_flagged_fm3_static_hands,fresh,improvised,3123,V00,improvised,train,grounded_gesture,fm3_static_hands: only this mode fired; participant not in the recheck cohort,"{""clip_anchored_on_fm2_violation"": false, ""flag_count"": 1, ""flags_fired"": ""fm3_static_hands"", ""fm1_hip_flexion_deg_p50"": 134.4619223951961, ""fm1_knee_between_torso_p50"": 0.5780250389920956, ""fm1_leg_over_torso_p50"": 0.9701559251224792, ""fm1_reasons"": """", ""fm1_shin_verticality_p50"": 0.9995120833174691, ""fm1_sitting_file"": false, ""fm1_sitting_participant"": false, ""fm1_unit"": ""0257@0202"", ""fm1_unit_basis"": ""none"", ""fm2_in_frame_and_valid_frac"": 1.0, ""fm2_pass_frac_round3_joints_only"": 1.0, ""fm2_smplh_valid_frac"": 1.0, ""fm2_surface_correction_px_p50"": 46.34937676263314, ""fm2_vertex_worst_inset_min_px"": 23.883479258815896, ""fm2_violation_run_max_frames"": 0.0, ""fm2_violation_runs"": 0.0, ""fm2_windowed_pass_frac"": 1.0, ""fm3_static_frac"": 0.824607329842932, ""observed_duration_s"": 382.0, ""reproj_px_p50"": 47.536476031499724, ""reproj_shoulder_widths_p50"": 0.11560329605324979, ""unit_files"": 2.0, ""unit_flagged_frac"": 0.0, ""unit_hip_flexion_min"": 132.47177128213048, ""unit_knee_between_min"": 0.57254597013528}",render
r4_286,fresh_flagged_fm3_static_hands_286_V00_S0138_I00000543_P0199_f0004676,V00_S0138_I00000543_P0199,improvised/train/0003/0018/V00_S0138_I00000543_P0199,improvised/train/0003/0039/V00_S0138_I00000543_P0003A,fresh_flagged_fm3_static_hands,fresh,improvised,4676,V00,improvised,train,grounded_gesture,fm3_static_hands: only this mode fired; participant not in the recheck cohort,"{""clip_anchored_on_fm2_violation"": false, ""flag_count"": 1, ""flags_fired"": ""fm3_static_hands"", ""fm1_hip_flexion_deg_p50"": 118.49219612997685, ""fm1_knee_between_torso_p50"": 0.4850170772151695, ""fm1_leg_over_torso_p50"": 0.9535206770394368, ""fm1_reasons"": """", ""fm1_shin_verticality_p50"": 0.999314841822757, ""fm1_sitting_file"": false, ""fm1_sitting_participant"": false, ""fm1_unit"": ""0199@0138"", ""fm1_unit_basis"": ""none"", ""fm2_in_frame_and_valid_frac"": 0.9952229299363057, ""fm2_pass_frac_round3_joints_only"": 0.9958598726114649, ""fm2_smplh_valid_frac"": 1.0, ""fm2_surface_correction_px_p50"": 52.353589411685334, ""fm2_vertex_worst_inset_min_px"": -42.52733210022052, ""fm2_violation_run_max_frames"": 41.0, ""fm2_violation_runs"": 2.0, ""fm2_windowed_pass_frac"": 0.9, ""fm3_static_frac"": 0.8263269639065818, ""observed_duration_s"": 314.0, ""reproj_px_p50"": 26.213688934920313, ""reproj_shoulder_widths_p50"": 0.06416851663826187, ""unit_files"": 1.0, ""unit_flagged_frac"": 0.0, ""unit_hip_flexion_min"": 118.49219612997685, ""unit_knee_between_min"": 0.4850170772151695}",render
r4_287,fresh_flagged_fm3_static_hands_287_V00_S0303_I00000479_P0408_f0005685,V00_S0303_I00000479_P0408,improvised/train/0007/0025/V00_S0303_I00000479_P0408,improvised/train/0007/0023/V00_S0303_I00000479_P0028A,fresh_flagged_fm3_static_hands,fresh,improvised,5685,V00,improvised,train,ipc_conversation,fm3_static_hands: only this mode fired; participant not in the recheck cohort,"{""clip_anchored_on_fm2_violation"": false, ""flag_count"": 1, ""flags_fired"": ""fm3_static_hands"", ""fm1_hip_flexion_deg_p50"": 140.44417112216559, ""fm1_knee_between_torso_p50"": 0.55481656024741, ""fm1_leg_over_torso_p50"": 1.196078420491942, ""fm1_reasons"": """", ""fm1_shin_verticality_p50"": 0.9995411848302242, ""fm1_sitting_file"": false, ""fm1_sitting_participant"": false, ""fm1_unit"": ""0408@0303"", ""fm1_unit_basis"": ""none"", ""fm2_in_frame_and_valid_frac"": 0.9958333333333333, ""fm2_pass_frac_round3_joints_only"": 0.9974137931034482, ""fm2_smplh_valid_frac"": 1.0, ""fm2_surface_correction_px_p50"": 43.14999817894977, ""fm2_vertex_worst_inset_min_px"": -37.10205974317614, ""fm2_violation_run_max_frames"": 7.0, ""fm2_violation_runs"": 7.0, ""fm2_windowed_pass_frac"": 0.5714285714285714, ""fm3_static_frac"": 0.7833333333333333, ""observed_duration_s"": 232.0, ""reproj_px_p50"": 46.73164718805381, ""reproj_shoulder_widths_p50"": 0.13024324033808618, ""unit_files"": 3.0, ""unit_flagged_frac"": 0.0, ""unit_hip_flexion_min"": 139.32192547453923, ""unit_knee_between_min"": 0.5530644345906974}",render
r4_288,fresh_flagged_multi_288_V00_S0309_I00000488_P0416_f0001980,V00_S0309_I00000488_P0416,naturalistic/train/0007/0016/V00_S0309_I00000488_P0416,naturalistic/train/0007/0021/V00_S0309_I00000488_P0334,fresh_flagged_multi,fresh,naturalistic,1980,V00,naturalistic,train,ipc_conversation,two or more detectors fired; participant not in the recheck cohort,"{""clip_anchored_on_fm2_violation"": true, ""flag_count"": 2, ""flags_fired"": ""fm2_smplh_invalid+fm3_static_hands"", ""fm1_hip_flexion_deg_p50"": 134.44189373925144, ""fm1_knee_between_torso_p50"": 0.7217882577144801, ""fm1_leg_over_torso_p50"": 0.7180629416823336, ""fm1_reasons"": """", ""fm1_shin_verticality_p50"": 0.9962405778704839, ""fm1_sitting_file"": false, ""fm1_sitting_participant"": false, ""fm1_unit"": ""0416@0309"", ""fm1_unit_basis"": ""none"", ""fm2_in_frame_and_valid_frac"": 0.41215277777777776, ""fm2_pass_frac_round3_joints_only"": 0.4809027777777778, ""fm2_smplh_valid_frac"": 0.5215277777777778, ""fm2_surface_correction_px_p50"": 55.51179003190134, ""fm2_vertex_worst_inset_min_px"": -189.38129807307882, ""fm2_violation_run_max_frames"": 193.0, ""fm2_violation_runs"": 278.0, ""fm2_windowed_pass_frac"": 0.0, ""fm3_static_frac"": 0.7725694444444444, ""observed_duration_s"": 96.0, ""reproj_px_p50"": 52.05848361846468, ""reproj_shoulder_widths_p50"": 0.1257510249823779, ""unit_files"": 3.0, ""unit_flagged_frac"": 0.0, ""unit_hip_flexion_min"": 133.68066840348948, ""unit_knee_between_min"": 0.5791442739746535}",render
r4_289,fresh_flagged_multi_289_V00_S0337_I00000520_P0457_f0001957,V00_S0337_I00000520_P0457,naturalistic/train/0008/0024/V00_S0337_I00000520_P0457,naturalistic/train/0008/0028/V00_S0337_I00000520_P0453,fresh_flagged_multi,fresh,naturalistic,1957,V00,naturalistic,train,grounded_gesture,two or more detectors fired; participant not in the recheck cohort,"{""clip_anchored_on_fm2_violation"": true, ""flag_count"": 2, ""flags_fired"": ""fm1_sitting+fm2_smplh_invalid"", ""fm1_hip_flexion_deg_p50"": 110.88101134857232, ""fm1_knee_between_torso_p50"": 0.3757119509624718, ""fm1_leg_over_torso_p50"": 1.2579903235913983, ""fm1_reasons"": ""knee_between"", ""fm1_shin_verticality_p50"": 0.9995120779623745, ""fm1_sitting_file"": true, ""fm1_sitting_participant"": true, ""fm1_unit"": ""0457@0337"", ""fm1_unit_basis"": ""majority"", ""fm2_in_frame_and_valid_frac"": 0.952280701754386, ""fm2_pass_frac_round3_joints_only"": 0.9596491228070175, ""fm2_smplh_valid_frac"": 0.9792982456140351, ""fm2_surface_correction_px_p50"": 39.12963464705314, ""fm2_vertex_worst_inset_min_px"": -141.47944533740224, ""fm2_violation_run_max_frames"": 91.0, ""fm2_violation_runs"": 18.0, ""fm2_windowed_pass_frac"": 0.0, ""fm3_static_frac"": 0.5147368421052632, ""observed_duration_s"": 190.0, ""reproj_px_p50"": 16.609175393429354, ""reproj_shoulder_widths_p50"": 0.04394162326227333, ""unit_files"": 2.0, ""unit_flagged_frac"": 0.5, ""unit_hip_flexion_min"": 110.88101134857232, ""unit_knee_between_min"": 0.3757119509624718}",render
r4_290,fresh_flagged_multi_290_V00_S1289_I00000144_P1120_f0005580,V00_S1289_I00000144_P1120,naturalistic/train/0026/0028/V00_S1289_I00000144_P1120,naturalistic/train/0026/0047/V00_S1289_I00000144_P0709,fresh_flagged_multi,fresh,naturalistic,5580,V00,naturalistic,train,ipc_conversation,two or more detectors fired; participant not in the recheck cohort,"{""clip_anchored_on_fm2_violation"": true, ""flag_count"": 2, ""flags_fired"": ""fm2_smplh_invalid+fm3_static_hands"", ""fm1_hip_flexion_deg_p50"": 145.9461826194434, ""fm1_knee_between_torso_p50"": 0.6121201309162944, ""fm1_leg_over_torso_p50"": 1.031922664459679, ""fm1_reasons"": """", ""fm1_shin_verticality_p50"": 0.9976303446723276, ""fm1_sitting_file"": false, ""fm1_sitting_participant"": false, ""fm1_unit"": ""1120@1289"", ""fm1_unit_basis"": ""none"", ""fm2_in_frame_and_valid_frac"": 0.9895061728395061, ""fm2_pass_frac_round3_joints_only"": 0.990895061728395, ""fm2_smplh_valid_frac"": 0.9987654320987654, ""fm2_surface_correction_px_p50"": 45.201258252099706, ""fm2_vertex_worst_inset_min_px"": -152.16150900228968, ""fm2_violation_run_max_frames"": 28.0, ""fm2_violation_runs"": 4.0, ""fm2_windowed_pass_frac"": 0.7142857142857143, ""fm3_static_frac"": 0.75, ""observed_duration_s"": 216.0, ""reproj_px_p50"": 46.03256660758039, ""reproj_shoulder_widths_p50"": 0.1606179340869318, ""unit_files"": 5.0, ""unit_flagged_frac"": 0.0, ""unit_hip_flexion_min"": 141.64007750446723, ""unit_knee_between_min"": 0.592642824441152}",render
r4_291,fresh_flagged_multi_291_V00_S1821_I00000611_P1173_f0000902,V00_S1821_I00000611_P1173,naturalistic/train/0029/0049/V00_S1821_I00000611_P1173,naturalistic/train/0029/0022/V00_S1821_I00000611_P0867,fresh_flagged_multi,fresh,naturalistic,902,V00,naturalistic,train,grounded_gesture,two or more detectors fired; participant not in the recheck cohort,"{""clip_anchored_on_fm2_violation"": true, ""flag_count"": 2, ""flags_fired"": ""fm1_sitting+fm2_smplh_invalid"", ""fm1_hip_flexion_deg_p50"": 117.04911610323792, ""fm1_knee_between_torso_p50"": 0.47302665918261344, ""fm1_leg_over_torso_p50"": 0.9113522755171553, ""fm1_reasons"": """", ""fm1_shin_verticality_p50"": 0.9946918166609253, ""fm1_sitting_file"": false, ""fm1_sitting_participant"": true, ""fm1_unit"": ""1173@1821"", ""fm1_unit_basis"": ""majority"", ""fm2_in_frame_and_valid_frac"": 0.9962820512820513, ""fm2_pass_frac_round3_joints_only"": 0.9973076923076923, ""fm2_smplh_valid_frac"": 0.9989743589743589, ""fm2_surface_correction_px_p50"": 37.29788924184689, ""fm2_vertex_worst_inset_min_px"": -29.40484857071226, ""fm2_violation_run_max_frames"": 6.0, ""fm2_violation_runs"": 10.0, ""fm2_windowed_pass_frac"": 0.625, ""fm3_static_frac"": 0.008974358974358974, ""observed_duration_s"": 260.0, ""reproj_px_p50"": 22.60526280977738, ""reproj_shoulder_widths_p50"": 0.07148790638535704, ""unit_files"": 2.0, ""unit_flagged_frac"": 0.5, ""unit_hip_flexion_min"": 112.11048693246758, ""unit_knee_between_min"": 0.4133300444279602}",render
r4_292,fresh_flagged_multi_292_V00_S0562_I00000128_P0706_f0005454,V00_S0562_I00000128_P0706,naturalistic/train/0015/0010/V00_S0562_I00000128_P0706,naturalistic/train/0015/0026/V00_S0562_I00000128_P0705,fresh_flagged_multi,fresh,naturalistic,5454,V00,naturalistic,train,ipc_conversation,two or more detectors fired; participant not in the recheck cohort,"{""clip_anchored_on_fm2_violation"": true, ""flag_count"": 2, ""flags_fired"": ""fm1_sitting+fm2_smplh_invalid"", ""fm1_hip_flexion_deg_p50"": 104.4063395572929, ""fm1_knee_between_torso_p50"": 0.35577671616554973, ""fm1_leg_over_torso_p50"": 1.127100065043121, ""fm1_reasons"": ""knee_between"", ""fm1_shin_verticality_p50"": 0.9976303111845553, ""fm1_sitting_file"": true, ""fm1_sitting_participant"": true, ""fm1_unit"": ""0706@0562"", ""fm1_unit_basis"": ""majority"", ""fm2_in_frame_and_valid_frac"": 0.967929292929293, ""fm2_pass_frac_round3_joints_only"": 0.9708333333333333, ""fm2_smplh_valid_frac"": 0.9709595959595959, ""fm2_surface_correction_px_p50"": 53.51966491466453, ""fm2_vertex_worst_inset_min_px"": -19.529435602707053, ""fm2_violation_run_max_frames"": 109.0, ""fm2_violation_runs"": 33.0, ""fm2_windowed_pass_frac"": 0.75, ""fm3_static_frac"": 0.10227272727272728, ""observed_duration_s"": 264.0, ""reproj_px_p50"": 21.517425231215356, ""reproj_shoulder_widths_p50"": 0.054634088187927435, ""unit_files"": 2.0, ""unit_flagged_frac"": 1.0, ""unit_hip_flexion_min"": 102.4392719826522, ""unit_knee_between_min"": 0.3338817678533809}",render
r4_293,fresh_flagged_multi_293_V00_S0251_I00000128_P0344_f0000791,V00_S0251_I00000128_P0344,naturalistic/train/0006/0027/V00_S0251_I00000128_P0344,naturalistic/train/0006/0026/V00_S0251_I00000128_P0345,fresh_flagged_multi,fresh,naturalistic,791,V00,naturalistic,train,ipc_conversation,two or more detectors fired; participant not in the recheck cohort,"{""clip_anchored_on_fm2_violation"": true, ""flag_count"": 2, ""flags_fired"": ""fm2_smplh_invalid+fm3_static_hands"", ""fm1_hip_flexion_deg_p50"": 136.4331771133328, ""fm1_knee_between_torso_p50"": 0.5178519284742482, ""fm1_leg_over_torso_p50"": 1.1398015079155916, ""fm1_reasons"": """", ""fm1_shin_verticality_p50"": 0.9984603608848467, ""fm1_sitting_file"": false, ""fm1_sitting_participant"": false, ""fm1_unit"": ""0344@0251"", ""fm1_unit_basis"": ""none"", ""fm2_in_frame_and_valid_frac"": 0.02865497076023392, ""fm2_pass_frac_round3_joints_only"": 0.40672514619883043, ""fm2_smplh_valid_frac"": 0.9853801169590644, ""fm2_surface_correction_px_p50"": 33.73231463493619, ""fm2_vertex_worst_inset_min_px"": -167.67215919850514, ""fm2_violation_run_max_frames"": 2210.0, ""fm2_violation_runs"": 60.0, ""fm2_windowed_pass_frac"": 0.3333333333333333, ""fm3_static_frac"": 0.9157894736842105, ""observed_duration_s"": 114.0, ""reproj_px_p50"": 49.309563945125475, ""reproj_shoulder_widths_p50"": 0.1296607549019418, ""unit_files"": 2.0, ""unit_flagged_frac"": 0.0, ""unit_hip_flexion_min"": 134.31720881421114, ""unit_knee_between_min"": 0.5096450032693052}",render
r4_294,fresh_flagged_multi_294_V00_S0251_I00000139_P0344_f0000099,V00_S0251_I00000139_P0344,naturalistic/train/0006/0020/V00_S0251_I00000139_P0344,naturalistic/train/0006/0034/V00_S0251_I00000139_P0345,fresh_flagged_multi,fresh,naturalistic,99,V00,naturalistic,train,ipc_conversation,two or more detectors fired; participant not in the recheck cohort,"{""clip_anchored_on_fm2_violation"": true, ""flag_count"": 2, ""flags_fired"": ""fm2_smplh_invalid+fm3_static_hands"", ""fm1_hip_flexion_deg_p50"": 134.31720881421114, ""fm1_knee_between_torso_p50"": 0.5096450032693052, ""fm1_leg_over_torso_p50"": 1.1557301666630813, ""fm1_reasons"": """", ""fm1_shin_verticality_p50"": 0.9985422751874848, ""fm1_sitting_file"": false, ""fm1_sitting_participant"": false, ""fm1_unit"": ""0344@0251"", ""fm1_unit_basis"": ""none"", ""fm2_in_frame_and_valid_frac"": 0.041666666666666664, ""fm2_pass_frac_round3_joints_only"": 0.7815656565656566, ""fm2_smplh_valid_frac"": 0.9886363636363636, ""fm2_surface_correction_px_p50"": 36.19841566272976, ""fm2_vertex_worst_inset_min_px"": -143.04915528494985, ""fm2_violation_run_max_frames"": 1147.0, ""fm2_violation_runs"": 56.0, ""fm2_windowed_pass_frac"": 0.0, ""fm3_static_frac"": 0.7823232323232323, ""observed_duration_s"": 132.0, ""reproj_px_p50"": 50.24144779626799, ""reproj_shoulder_widths_p50"": 0.13092297137289477, ""unit_files"": 2.0, ""unit_flagged_frac"": 0.0, ""unit_hip_flexion_min"": 134.31720881421114, ""unit_knee_between_min"": 0.5096450032693052}",render
r4_295,fresh_flagged_multi_295_V00_S0562_I00000138_P0706_f0001135,V00_S0562_I00000138_P0706,naturalistic/train/0015/0003/V00_S0562_I00000138_P0706,naturalistic/train/0015/0034/V00_S0562_I00000138_P0705,fresh_flagged_multi,fresh,naturalistic,1135,V00,naturalistic,train,ipc_conversation,two or more detectors fired; participant not in the recheck cohort,"{""clip_anchored_on_fm2_violation"": true, ""flag_count"": 2, ""flags_fired"": ""fm1_sitting+fm2_smplh_invalid"", ""fm1_hip_flexion_deg_p50"": 102.4392719826522, ""fm1_knee_between_torso_p50"": 0.3338817678533809, ""fm1_leg_over_torso_p50"": 1.137418143784072, ""fm1_reasons"": ""knee_between"", ""fm1_shin_verticality_p50"": 0.9990561617263276, ""fm1_sitting_file"": true, ""fm1_sitting_participant"": true, ""fm1_unit"": ""0706@0562"", ""fm1_unit_basis"": ""majority"", ""fm2_in_frame_and_valid_frac"": 0.9963768115942029, ""fm2_pass_frac_round3_joints_only"": 0.9985507246376811, ""fm2_smplh_valid_frac"": 0.9985507246376811, ""fm2_surface_correction_px_p50"": 54.25543980914847, ""fm2_vertex_worst_inset_min_px"": -13.51527614085262, ""fm2_violation_run_max_frames"": 2.0, ""fm2_violation_runs"": 9.0, ""fm2_windowed_pass_frac"": 0.3333333333333333, ""fm3_static_frac"": 0.36340579710144927, ""observed_duration_s"": 92.0, ""reproj_px_p50"": 22.746191253309327, ""reproj_shoulder_widths_p50"": 0.05689363127382133, ""unit_files"": 2.0, ""unit_flagged_frac"": 1.0, ""unit_hip_flexion_min"": 102.4392719826522, ""unit_knee_between_min"": 0.3338817678533809}",render
r4_296,fresh_flagged_multi_296_V00_S1851_I00000388_P1181_f0001317,V00_S1851_I00000388_P1181,naturalistic/train/0029/0023/V00_S1851_I00000388_P1181,naturalistic/train/0029/0017/V00_S1851_I00000388_P0205,fresh_flagged_multi,fresh,naturalistic,1317,V00,naturalistic,train,ipc_conversation,two or more detectors fired; participant not in the recheck cohort,"{""clip_anchored_on_fm2_violation"": true, ""flag_count"": 2, ""flags_fired"": ""fm2_smplh_invalid+fm3_static_hands"", ""fm1_hip_flexion_deg_p50"": 155.16394800775407, ""fm1_knee_between_torso_p50"": 0.5981663221661934, ""fm1_leg_over_torso_p50"": 1.2297692213390485, ""fm1_reasons"": """", ""fm1_shin_verticality_p50"": 0.9734171962259264, ""fm1_sitting_file"": false, ""fm1_sitting_participant"": false, ""fm1_unit"": ""1181@1851"", ""fm1_unit_basis"": ""none"", ""fm2_in_frame_and_valid_frac"": 0.9718666666666667, ""fm2_pass_frac_round3_joints_only"": 0.9738666666666667, ""fm2_smplh_valid_frac"": 0.9913333333333333, ""fm2_surface_correction_px_p50"": 37.95260530127746, ""fm2_vertex_worst_inset_min_px"": -111.48186802073849, ""fm2_violation_run_max_frames"": 65.0, ""fm2_violation_runs"": 8.0, ""fm2_windowed_pass_frac"": 0.75, ""fm3_static_frac"": 0.8537333333333333, ""observed_duration_s"": 250.0, ""reproj_px_p50"": 29.34980855217558, ""reproj_shoulder_widths_p50"": 0.09505517675212267, ""unit_files"": 2.0, ""unit_flagged_frac"": 0.0, ""unit_hip_flexion_min"": 155.16394800775407, ""unit_knee_between_min"": 0.5929736234190253}",render
r4_297,fresh_flagged_multi_297_V00_S0350_I00000520_P0469_f0002131,V00_S0350_I00000520_P0469,naturalistic/test/0000/0028/V00_S0350_I00000520_P0469,naturalistic/test/0000/0005/V00_S0350_I00000520_P0470,fresh_flagged_multi,fresh,naturalistic,2131,V00,naturalistic,test,grounded_gesture,two or more detectors fired; participant not in the recheck cohort,"{""clip_anchored_on_fm2_violation"": true, ""flag_count"": 2, ""flags_fired"": ""fm2_smplh_invalid+fm3_static_hands"", ""fm1_hip_flexion_deg_p50"": 146.2865362873086, ""fm1_knee_between_torso_p50"": 0.5818008825019034, ""fm1_leg_over_torso_p50"": 1.0903504519385234, ""fm1_reasons"": """", ""fm1_shin_verticality_p50"": 0.9994801122633932, ""fm1_sitting_file"": false, ""fm1_sitting_participant"": false, ""fm1_unit"": ""0469@0350"", ""fm1_unit_basis"": ""none"", ""fm2_in_frame_and_valid_frac"": 0.9941613588110403, ""fm2_pass_frac_round3_joints_only"": 0.9943736730360934, ""fm2_smplh_valid_frac"": 0.9973460721868365, ""fm2_surface_correction_px_p50"": 46.940955247561305, ""fm2_vertex_worst_inset_min_px"": -100.41985201811076, ""fm2_violation_run_max_frames"": 28.0, ""fm2_violation_runs"": 4.0, ""fm2_windowed_pass_frac"": 0.7, ""fm3_static_frac"": 0.9254777070063694, ""observed_duration_s"": 314.0, ""reproj_px_p50"": 43.99695685593355, ""reproj_shoulder_widths_p50"": 0.12079154554647735, ""unit_files"": 3.0, ""unit_flagged_frac"": 0.0, ""unit_hip_flexion_min"": 146.2865362873086, ""unit_knee_between_min"": 0.5818008825019034}",render
r4_298,fresh_flagged_multi_298_V00_S1045_I00000605_P1067_f0002984,V00_S1045_I00000605_P1067,naturalistic/dev/0001/0028/V00_S1045_I00000605_P1067,naturalistic/dev/0001/0033/V00_S1045_I00000605_P1066,fresh_flagged_multi,fresh,naturalistic,2984,V00,naturalistic,dev,grounded_gesture,two or more detectors fired; participant not in the recheck cohort,"{""clip_anchored_on_fm2_violation"": true, ""flag_count"": 2, ""flags_fired"": ""fm1_sitting+fm2_smplh_invalid"", ""fm1_hip_flexion_deg_p50"": 82.40687859632774, ""fm1_knee_between_torso_p50"": 0.07362790281495787, ""fm1_leg_over_torso_p50"": 1.3463380659068747, ""fm1_reasons"": ""knee_between"", ""fm1_shin_verticality_p50"": 0.9998000631183621, ""fm1_sitting_file"": true, ""fm1_sitting_participant"": true, ""fm1_unit"": ""1067@1045"", ""fm1_unit_basis"": ""majority"", ""fm2_in_frame_and_valid_frac"": 0.9994666666666666, ""fm2_pass_frac_round3_joints_only"": 0.9994666666666666, ""fm2_smplh_valid_frac"": 0.9994666666666666, ""fm2_surface_correction_px_p50"": 22.339941720373304, ""fm2_vertex_worst_inset_min_px"": 33.65300459866012, ""fm2_violation_run_max_frames"": 2.0, ""fm2_violation_runs"": 3.0, ""fm2_windowed_pass_frac"": 0.875, ""fm3_static_frac"": 0.2736, ""observed_duration_s"": 250.0, ""reproj_px_p50"": 23.97102065702036, ""reproj_shoulder_widths_p50"": 0.0763388878505093, ""unit_files"": 5.0, ""unit_flagged_frac"": 1.0, ""unit_hip_flexion_min"": 76.03713077878876, ""unit_knee_between_min"": -0.04069986506662773}",render
r4_299,fresh_flagged_multi_299_V00_S0369_I00000479_P0491_f0008520,V00_S0369_I00000479_P0491,naturalistic/train/0009/0012/V00_S0369_I00000479_P0491,naturalistic/train/0009/0019/V00_S0369_I00000479_P0024,fresh_flagged_multi,fresh,naturalistic,8520,V00,naturalistic,train,ipc_conversation,two or more detectors fired; participant not in the recheck cohort,"{""clip_anchored_on_fm2_violation"": true, ""flag_count"": 2, ""flags_fired"": ""fm1_sitting+fm2_smplh_invalid"", ""fm1_hip_flexion_deg_p50"": 119.16181968612136, ""fm1_knee_between_torso_p50"": 0.447995154619901, ""fm1_leg_over_torso_p50"": 1.1152393360961101, ""fm1_reasons"": """", ""fm1_shin_verticality_p50"": 0.9995120737178945, ""fm1_sitting_file"": false, ""fm1_sitting_participant"": true, ""fm1_unit"": ""0491@0369"", ""fm1_unit_basis"": ""majority"", ""fm2_in_frame_and_valid_frac"": 0.9790870488322717, ""fm2_pass_frac_round3_joints_only"": 0.982696390658174, ""fm2_smplh_valid_frac"": 0.9900212314225053, ""fm2_surface_correction_px_p50"": 42.702201645424, ""fm2_vertex_worst_inset_min_px"": -96.70279376838675, ""fm2_violation_run_max_frames"": 90.0, ""fm2_violation_runs"": 14.0, ""fm2_windowed_pass_frac"": 0.6, ""fm3_static_frac"": 0.011040339702760084, ""observed_duration_s"": 314.0, ""reproj_px_p50"": 43.38776923809178, ""reproj_shoulder_widths_p50"": 0.118913241639222, ""unit_files"": 4.0, ""unit_flagged_frac"": 0.5, ""unit_hip_flexion_min"": 113.17360446737011, ""unit_knee_between_min"": 0.40139645022661435}",render
r4_300,fresh_flagged_multi_300_V00_S0199_I00000770_P0270_f0000232,V00_S0199_I00000770_P0270,improvised/train/0004/0035/V00_S0199_I00000770_P0270,improvised/train/0004/0040/V00_S0199_I00000770_P0150A,fresh_flagged_multi,fresh,improvised,232,V00,improvised,train,ipc_conversation,two or more detectors fired; participant not in the recheck cohort,"{""clip_anchored_on_fm2_violation"": true, ""flag_count"": 2, ""flags_fired"": ""fm2_smplh_invalid+fm3_static_hands"", ""fm1_hip_flexion_deg_p50"": 139.4139026814969, ""fm1_knee_between_torso_p50"": 0.5444888859562925, ""fm1_leg_over_torso_p50"": 1.058202335128008, ""fm1_reasons"": """", ""fm1_shin_verticality_p50"": 0.9995920784987509, ""fm1_sitting_file"": false, ""fm1_sitting_participant"": false, ""fm1_unit"": ""0270@0199"", ""fm1_unit_basis"": ""none"", ""fm2_in_frame_and_valid_frac"": 0.9790322580645161, ""fm2_pass_frac_round3_joints_only"": 0.9815412186379928, ""fm2_smplh_valid_frac"": 0.992831541218638, ""fm2_surface_correction_px_p50"": 43.74304232864142, ""fm2_vertex_worst_inset_min_px"": -129.19795655826942, ""fm2_violation_run_max_frames"": 40.0, ""fm2_violation_runs"": 8.0, ""fm2_windowed_pass_frac"": 0.8333333333333334, ""fm3_static_frac"": 0.7935483870967742, ""observed_duration_s"": 186.0, ""reproj_px_p50"": 21.01156201055802, ""reproj_shoulder_widths_p50"": 0.059337741244127856, ""unit_files"": 1.0, ""unit_flagged_frac"": 0.0, ""unit_hip_flexion_min"": 139.4139026814969, ""unit_knee_between_min"": 0.5444888859562925}",render
r4_301,fresh_flagged_multi_301_V00_S0260_I00000131_P0357_f0001365,V00_S0260_I00000131_P0357,improvised/train/0006/0017/V00_S0260_I00000131_P0357,improvised/train/0006/0032/V00_S0260_I00000131_P0004A,fresh_flagged_multi,fresh,improvised,1365,V00,improvised,train,ipc_conversation,two or more detectors fired; participant not in the recheck cohort,"{""clip_anchored_on_fm2_violation"": true, ""flag_count"": 2, ""flags_fired"": ""fm2_smplh_invalid+fm3_static_hands"", ""fm1_hip_flexion_deg_p50"": 129.01775495757835, ""fm1_knee_between_torso_p50"": 0.5557974703261308, ""fm1_leg_over_torso_p50"": 0.8884836283043465, ""fm1_reasons"": """", ""fm1_shin_verticality_p50"": 0.9993628557586818, ""fm1_sitting_file"": false, ""fm1_sitting_participant"": false, ""fm1_unit"": ""0357@0260"", ""fm1_unit_basis"": ""none"", ""fm2_in_frame_and_valid_frac"": 0.9779012345679012, ""fm2_pass_frac_round3_joints_only"": 0.9825925925925926, ""fm2_smplh_valid_frac"": 0.9997530864197531, ""fm2_surface_correction_px_p50"": 48.44794497878047, ""fm2_vertex_worst_inset_min_px"": -135.43179818634906, ""fm2_violation_run_max_frames"": 40.0, ""fm2_violation_runs"": 18.0, ""fm2_windowed_pass_frac"": 0.4444444444444444, ""fm3_static_frac"": 0.7522222222222222, ""observed_duration_s"": 270.0, ""reproj_px_p50"": 48.5446031927372, ""reproj_shoulder_widths_p50"": 0.1253207351597303, ""unit_files"": 2.0, ""unit_flagged_frac"": 0.0, ""unit_hip_flexion_min"": 129.01775495757835, ""unit_knee_between_min"": 0.5557974703261308}",render
r4_302,fresh_flagged_multi_302_V00_S0640_I00000480_P0229A_f0007058,V00_S0640_I00000480_P0229A,improvised/train/0012/0007/V00_S0640_I00000480_P0229A,improvised/train/0012/0055/V00_S0640_I00000480_P0798,fresh_flagged_multi,fresh,improvised,7058,V00,improvised,train,ipc_conversation,two or more detectors fired; participant not in the recheck cohort,"{""clip_anchored_on_fm2_violation"": true, ""flag_count"": 2, ""flags_fired"": ""fm2_smplh_invalid+fm3_static_hands"", ""fm1_hip_flexion_deg_p50"": 147.48061260564725, ""fm1_knee_between_torso_p50"": 0.5375958137830497, ""fm1_leg_over_torso_p50"": 1.3009520481824426, ""fm1_reasons"": """", ""fm1_shin_verticality_p50"": 0.9942070602092418, ""fm1_sitting_file"": false, ""fm1_sitting_participant"": false, ""fm1_unit"": ""0229A@0640"", ""fm1_unit_basis"": ""none"", ""fm2_in_frame_and_valid_frac"": 0.9820048309178744, ""fm2_pass_frac_round3_joints_only"": 0.9838164251207729, ""fm2_smplh_valid_frac"": 0.9858695652173913, ""fm2_surface_correction_px_p50"": 42.72187082354333, ""fm2_vertex_worst_inset_min_px"": -190.44817074526532, ""fm2_violation_run_max_frames"": 83.0, ""fm2_violation_runs"": 7.0, ""fm2_windowed_pass_frac"": 0.5555555555555556, ""fm3_static_frac"": 0.782608695652174, ""observed_duration_s"": 276.0, ""reproj_px_p50"": 19.31028617440694, ""reproj_shoulder_widths_p50"": 0.05748692863184796, ""unit_files"": 3.0, ""unit_flagged_frac"": 0.0, ""unit_hip_flexion_min"": 147.48061260564725, ""unit_knee_between_min"": 0.5375958137830497}",render
r4_303,fresh_flagged_multi_303_V00_S0551_I00000479_P0389_f0001120,V00_S0551_I00000479_P0389,improvised/train/0011/0045/V00_S0551_I00000479_P0389,improvised/train/0011/0018/V00_S0551_I00000479_P0658A,fresh_flagged_multi,fresh,improvised,1120,V00,improvised,train,ipc_conversation,two or more detectors fired; participant not in the recheck cohort,"{""clip_anchored_on_fm2_violation"": true, ""flag_count"": 2, ""flags_fired"": ""fm2_smplh_invalid+fm3_static_hands"", ""fm1_hip_flexion_deg_p50"": 135.08022305453648, ""fm1_knee_between_torso_p50"": 0.6094422254669276, ""fm1_leg_over_torso_p50"": 0.9702095903936281, ""fm1_reasons"": """", ""fm1_shin_verticality_p50"": 0.9999999999999564, ""fm1_sitting_file"": false, ""fm1_sitting_participant"": false, ""fm1_unit"": ""0389@0551"", ""fm1_unit_basis"": ""none"", ""fm2_in_frame_and_valid_frac"": 0.9798850574712644, ""fm2_pass_frac_round3_joints_only"": 0.980028735632184, ""fm2_smplh_valid_frac"": 0.9932471264367816, ""fm2_surface_correction_px_p50"": 52.74072468319423, ""fm2_vertex_worst_inset_min_px"": -118.57528816791239, ""fm2_violation_run_max_frames"": 88.0, ""fm2_violation_runs"": 7.0, ""fm2_windowed_pass_frac"": 0.8571428571428571, ""fm3_static_frac"": 0.7623563218390804, ""observed_duration_s"": 232.0, ""reproj_px_p50"": 13.327639561102828, ""reproj_shoulder_widths_p50"": 0.034891150314868655, ""unit_files"": 3.0, ""unit_flagged_frac"": 0.0, ""unit_hip_flexion_min"": 135.08022305453648, ""unit_knee_between_min"": 0.6094422254669276}",render
r4_304,fresh_flagged_multi_304_V00_S2035_I00000994_P1292A_f0007080,V00_S2035_I00000994_P1292A,improvised/test/0000/0039/V00_S2035_I00000994_P1292A,improvised/test/0000/0008/V00_S2035_I00000994_P1293A,fresh_flagged_multi,fresh,improvised,7080,V00,improvised,test,ipc_conversation,two or more detectors fired; participant not in the recheck cohort,"{""clip_anchored_on_fm2_violation"": true, ""flag_count"": 2, ""flags_fired"": ""fm2_smplh_invalid+fm3_static_hands"", ""fm1_hip_flexion_deg_p50"": 154.01197287862675, ""fm1_knee_between_torso_p50"": 0.5569573046549041, ""fm1_leg_over_torso_p50"": 1.275159271217008, ""fm1_reasons"": """", ""fm1_shin_verticality_p50"": 0.9967290354444527, ""fm1_sitting_file"": false, ""fm1_sitting_participant"": false, ""fm1_unit"": ""1292A@2035"", ""fm1_unit_basis"": ""none"", ""fm2_in_frame_and_valid_frac"": 0.9962406015037594, ""fm2_pass_frac_round3_joints_only"": 0.9962406015037594, ""fm2_smplh_valid_frac"": 0.9962406015037594, ""fm2_surface_correction_px_p50"": 33.65456896858177, ""fm2_vertex_worst_inset_min_px"": 120.14679277453115, ""fm2_violation_run_max_frames"": 25.0, ""fm2_violation_runs"": 3.0, ""fm2_windowed_pass_frac"": 1.0, ""fm3_static_frac"": 0.7867167919799499, ""observed_duration_s"": 266.0, ""reproj_px_p50"": 46.69991489558166, ""reproj_shoulder_widths_p50"": 0.15411897775836048, ""unit_files"": 2.0, ""unit_flagged_frac"": 0.0, ""unit_hip_flexion_min"": 149.14355114788518, ""unit_knee_between_min"": 0.5419720509642487}",render
r4_305,fresh_flagged_multi_305_V00_S0705_I00000480_P0124A_f0000000,V00_S0705_I00000480_P0124A,improvised/train/0013/0043/V00_S0705_I00000480_P0124A,improvised/train/0013/0006/V00_S0705_I00000480_P0860,fresh_flagged_multi,fresh,improvised,0,V00,improvised,train,ipc_conversation,two or more detectors fired; participant not in the recheck cohort,"{""clip_anchored_on_fm2_violation"": true, ""flag_count"": 2, ""flags_fired"": ""fm2_smplh_invalid+fm3_static_hands"", ""fm1_hip_flexion_deg_p50"": 152.17052736195456, ""fm1_knee_between_torso_p50"": 0.5436990317482677, ""fm1_leg_over_torso_p50"": 1.3664767334236365, ""fm1_reasons"": """", ""fm1_shin_verticality_p50"": 0.9999999999999761, ""fm1_sitting_file"": false, ""fm1_sitting_participant"": false, ""fm1_unit"": ""0124A@0705"", ""fm1_unit_basis"": ""none"", ""fm2_in_frame_and_valid_frac"": 0.9956284153005465, ""fm2_pass_frac_round3_joints_only"": 0.9956284153005465, ""fm2_smplh_valid_frac"": 0.9956284153005465, ""fm2_surface_correction_px_p50"": 39.22894457120185, ""fm2_vertex_worst_inset_min_px"": 100.50380950519582, ""fm2_violation_run_max_frames"": 9.0, ""fm2_violation_runs"": 9.0, ""fm2_windowed_pass_frac"": 0.875, ""fm3_static_frac"": 0.7653005464480874, ""observed_duration_s"": 244.0, ""reproj_px_p50"": 30.85045987259135, ""reproj_shoulder_widths_p50"": 0.10000572479646569, ""unit_files"": 1.0, ""unit_flagged_frac"": 0.0, ""unit_hip_flexion_min"": 152.17052736195456, ""unit_knee_between_min"": 0.5436990317482677}",render
r4_306,fresh_flagged_multi_306_V00_S0299_I00000785_P0403_f0000000,V00_S0299_I00000785_P0403,improvised/train/0007/0004/V00_S0299_I00000785_P0403,improvised/train/0007/0032/V00_S0299_I00000785_P0028A,fresh_flagged_multi,fresh,improvised,0,V00,improvised,train,grounded_gesture,two or more detectors fired; participant not in the recheck cohort,"{""clip_anchored_on_fm2_violation"": true, ""flag_count"": 2, ""flags_fired"": ""fm2_smplh_invalid+fm3_static_hands"", ""fm1_hip_flexion_deg_p50"": 143.47903275084172, ""fm1_knee_between_torso_p50"": 0.5721022545450247, ""fm1_leg_over_torso_p50"": 1.073231850253799, ""fm1_reasons"": """", ""fm1_shin_verticality_p50"": 0.9994059992037311, ""fm1_sitting_file"": false, ""fm1_sitting_participant"": false, ""fm1_unit"": ""0403@0299"", ""fm1_unit_basis"": ""none"", ""fm2_in_frame_and_valid_frac"": 0.0, ""fm2_pass_frac_round3_joints_only"": 0.0013605442176870747, ""fm2_smplh_valid_frac"": 0.9870748299319728, ""fm2_surface_correction_px_p50"": 50.81463132448778, ""fm2_vertex_worst_inset_min_px"": -207.93868661881947, ""fm2_violation_run_max_frames"": 5880.0, ""fm2_violation_runs"": 1.0, ""fm2_windowed_pass_frac"": 0.0, ""fm3_static_frac"": 0.7651360544217687, ""observed_duration_s"": 196.0, ""reproj_px_p50"": 45.73463777975566, ""reproj_shoulder_widths_p50"": 0.1187566380166988, ""unit_files"": 2.0, ""unit_flagged_frac"": 0.0, ""unit_hip_flexion_min"": 143.47903275084172, ""unit_knee_between_min"": 0.5721022545450247}",render
r4_307,fresh_flagged_multi_307_V00_S0267_I00000520_P0364_f0004046,V00_S0267_I00000520_P0364,improvised/train/0006/0025/V00_S0267_I00000520_P0364,improvised/train/0006/0029/V00_S0267_I00000520_P0085A,fresh_flagged_multi,fresh,improvised,4046,V00,improvised,train,grounded_gesture,two or more detectors fired; participant not in the recheck cohort,"{""clip_anchored_on_fm2_violation"": true, ""flag_count"": 2, ""flags_fired"": ""fm2_smplh_invalid+fm3_static_hands"", ""fm1_hip_flexion_deg_p50"": 150.35115604840763, ""fm1_knee_between_torso_p50"": 0.5609062002755032, ""fm1_leg_over_torso_p50"": 1.2713206202279839, ""fm1_reasons"": """", ""fm1_shin_verticality_p50"": 0.9995920775608316, ""fm1_sitting_file"": false, ""fm1_sitting_participant"": false, ""fm1_unit"": ""0364@0267"", ""fm1_unit_basis"": ""none"", ""fm2_in_frame_and_valid_frac"": 0.9889344262295082, ""fm2_pass_frac_round3_joints_only"": 0.9890710382513661, ""fm2_smplh_valid_frac"": 0.992896174863388, ""fm2_surface_correction_px_p50"": 43.45611076356272, ""fm2_vertex_worst_inset_min_px"": -74.48683969240574, ""fm2_violation_run_max_frames"": 22.0, ""fm2_violation_runs"": 16.0, ""fm2_windowed_pass_frac"": 0.75, ""fm3_static_frac"": 0.8080601092896175, ""observed_duration_s"": 244.0, ""reproj_px_p50"": 42.8090630678975, ""reproj_shoulder_widths_p50"": 0.13558599643122177, ""unit_files"": 3.0, ""unit_flagged_frac"": 0.0, ""unit_hip_flexion_min"": 150.35115604840763, ""unit_knee_between_min"": 0.5609062002755032}",render
r4_308,fresh_flagged_multi_308_V00_S0374_I00000377_P0497_f0002255,V00_S0374_I00000377_P0497,improvised/train/0008/0051/V00_S0374_I00000377_P0497,improvised/train/0008/0024/V00_S0374_I00000377_P0059A,fresh_flagged_multi,fresh,improvised,2255,V00,improvised,train,ipc_conversation,two or more detectors fired; participant not in the recheck cohort,"{""clip_anchored_on_fm2_violation"": true, ""flag_count"": 2, ""flags_fired"": ""fm2_smplh_invalid+fm3_static_hands"", ""fm1_hip_flexion_deg_p50"": 126.82090873720665, ""fm1_knee_between_torso_p50"": 0.5150831174663325, ""fm1_leg_over_torso_p50"": 1.0296733819030681, ""fm1_reasons"": """", ""fm1_shin_verticality_p50"": 0.9999999999998306, ""fm1_sitting_file"": false, ""fm1_sitting_participant"": false, ""fm1_unit"": ""0497@0374"", ""fm1_unit_basis"": ""none"", ""fm2_in_frame_and_valid_frac"": 0.987948717948718, ""fm2_pass_frac_round3_joints_only"": 0.9888461538461538, ""fm2_smplh_valid_frac"": 0.9971794871794872, ""fm2_surface_correction_px_p50"": 30.631067349928514, ""fm2_vertex_worst_inset_min_px"": -102.86708980383264, ""fm2_violation_run_max_frames"": 34.0, ""fm2_violation_runs"": 6.0, ""fm2_windowed_pass_frac"": 0.75, ""fm3_static_frac"": 0.7678205128205128, ""observed_duration_s"": 260.0, ""reproj_px_p50"": 15.936557617393824, ""reproj_shoulder_widths_p50"": 0.04528675813861245, ""unit_files"": 2.0, ""unit_flagged_frac"": 0.0, ""unit_hip_flexion_min"": 126.39628336883987, ""unit_knee_between_min"": 0.5114219124819787}",render
r4_309,fresh_flagged_multi_309_V00_S0258_I00000497_P0355_f0006840,V00_S0258_I00000497_P0355,improvised/train/0006/0013/V00_S0258_I00000497_P0355,improvised/train/0006/0035/V00_S0258_I00000497_P0006A,fresh_flagged_multi,fresh,improvised,6840,V00,improvised,train,grounded_gesture,two or more detectors fired; participant not in the recheck cohort,"{""clip_anchored_on_fm2_violation"": true, ""flag_count"": 2, ""flags_fired"": ""fm2_smplh_invalid+fm3_static_hands"", ""fm1_hip_flexion_deg_p50"": 133.93737414272357, ""fm1_knee_between_torso_p50"": 0.5727103112945933, ""fm1_leg_over_torso_p50"": 1.0815875256776417, ""fm1_reasons"": """", ""fm1_shin_verticality_p50"": 0.9994449099792596, ""fm1_sitting_file"": false, ""fm1_sitting_participant"": false, ""fm1_unit"": ""0355@0258"", ""fm1_unit_basis"": ""none"", ""fm2_in_frame_and_valid_frac"": 0.9990956072351421, ""fm2_pass_frac_round3_joints_only"": 0.9993540051679587, ""fm2_smplh_valid_frac"": 0.9998708010335917, ""fm2_surface_correction_px_p50"": 44.513285516872486, ""fm2_vertex_worst_inset_min_px"": -51.020481995510636, ""fm2_violation_run_max_frames"": 6.0, ""fm2_violation_runs"": 2.0, ""fm2_windowed_pass_frac"": 0.875, ""fm3_static_frac"": 0.8267441860465117, ""observed_duration_s"": 258.0, ""reproj_px_p50"": 29.77383556114421, ""reproj_shoulder_widths_p50"": 0.08473022387771606, ""unit_files"": 1.0, ""unit_flagged_frac"": 0.0, ""unit_hip_flexion_min"": 133.93737414272357, ""unit_knee_between_min"": 0.5727103112945933}",render
r4_310,fresh_flagged_multi_310_V00_S1727_I00001063_P0845A_f0007693,V00_S1727_I00001063_P0845A,improvised/train/0042/0047/V00_S1727_I00001063_P0845A,improvised/train/0042/0006/V00_S1727_I00001063_P0935A,fresh_flagged_multi,fresh,improvised,7693,V00,improvised,train,ipc_conversation,two or more detectors fired,"{""clip_anchored_on_fm2_violation"": true, ""flag_count"": 2, ""flags_fired"": ""fm2_smplh_invalid+fm3_static_hands"", ""fm1_hip_flexion_deg_p50"": 160.93129120509, ""fm1_knee_between_torso_p50"": 0.5895197886564207, ""fm1_leg_over_torso_p50"": 1.1733836285964323, ""fm1_reasons"": """", ""fm1_shin_verticality_p50"": 0.9847835152061426, ""fm1_sitting_file"": false, ""fm1_sitting_participant"": false, ""fm1_unit"": ""0845A@1727"", ""fm1_unit_basis"": ""none"", ""fm2_in_frame_and_valid_frac"": 0.9964444444444445, ""fm2_pass_frac_round3_joints_only"": 0.9964444444444445, ""fm2_smplh_valid_frac"": 0.9972222222222222, ""fm2_surface_correction_px_p50"": 45.66129774689432, ""fm2_vertex_worst_inset_min_px"": -86.74261060417894, ""fm2_violation_run_max_frames"": 32.0, ""fm2_violation_runs"": 1.0, ""fm2_windowed_pass_frac"": 0.9, ""fm3_static_frac"": 0.8093333333333333, ""observed_duration_s"": 300.0, ""reproj_px_p50"": 17.599129958260477, ""reproj_shoulder_widths_p50"": 0.05328202443918184, ""unit_files"": 1.0, ""unit_flagged_frac"": 0.0, ""unit_hip_flexion_min"": 160.93129120509, ""unit_knee_between_min"": 0.5895197886564207}",render
r4_311,fresh_flagged_multi_311_V00_S0996_I00001000_P0180A_f0010140,V00_S0996_I00001000_P0180A,improvised/train/0021/0010/V00_S0996_I00001000_P0180A,improvised/train/0021/0059/V00_S0996_I00001000_P0707A,fresh_flagged_multi,fresh,improvised,10140,V00,improvised,train,ipc_conversation,two or more detectors fired,"{""clip_anchored_on_fm2_violation"": true, ""flag_count"": 2, ""flags_fired"": ""fm2_smplh_invalid+fm3_static_hands"", ""fm1_hip_flexion_deg_p50"": 131.87601130072386, ""fm1_knee_between_torso_p50"": 0.5041687074040095, ""fm1_leg_over_torso_p50"": 1.161671881790796, ""fm1_reasons"": """", ""fm1_shin_verticality_p50"": 0.9979253216056025, ""fm1_sitting_file"": false, ""fm1_sitting_participant"": false, ""fm1_unit"": ""0180A@0996"", ""fm1_unit_basis"": ""none"", ""fm2_in_frame_and_valid_frac"": 0.998731884057971, ""fm2_pass_frac_round3_joints_only"": 0.998731884057971, ""fm2_smplh_valid_frac"": 0.998731884057971, ""fm2_surface_correction_px_p50"": 43.22517905599091, ""fm2_vertex_worst_inset_min_px"": 97.4235489515977, ""fm2_violation_run_max_frames"": 14.0, ""fm2_violation_runs"": 1.0, ""fm2_windowed_pass_frac"": 1.0, ""fm3_static_frac"": 0.8096920289855073, ""observed_duration_s"": 368.0, ""reproj_px_p50"": 16.678162948328495, ""reproj_shoulder_widths_p50"": 0.04967124529259453, ""unit_files"": 1.0, ""unit_flagged_frac"": 0.0, ""unit_hip_flexion_min"": 131.87601130072386, ""unit_knee_between_min"": 0.5041687074040095}",render
r4_312,fresh_pass_naturalistic_312_V00_S0062_I00000126_P0093_f0000755,V00_S0062_I00000126_P0093,naturalistic/test/0000/0037/V00_S0062_I00000126_P0093,naturalistic/test/0000/0007/V00_S0062_I00000126_P0092,fresh_pass_naturalistic,fresh,naturalistic,755,V00,naturalistic,test,ipc_conversation,random draw from files passing all three detectors; participant not in the recheck cohort,"{""clip_anchored_on_fm2_violation"": false, ""flag_count"": 0, ""flags_fired"": """", ""fm1_hip_flexion_deg_p50"": 145.22436501940325, ""fm1_knee_between_torso_p50"": 0.5502598224538207, ""fm1_leg_over_torso_p50"": 1.2159912824805097, ""fm1_reasons"": """", ""fm1_shin_verticality_p50"": 0.9999999999998447, ""fm1_sitting_file"": false, ""fm1_sitting_participant"": false, ""fm1_unit"": ""0093@0062"", ""fm1_unit_basis"": ""none"", ""fm2_in_frame_and_valid_frac"": 1.0, ""fm2_pass_frac_round3_joints_only"": 1.0, ""fm2_smplh_valid_frac"": 1.0, ""fm2_surface_correction_px_p50"": 42.065005311725486, ""fm2_vertex_worst_inset_min_px"": 157.1261242515866, ""fm2_violation_run_max_frames"": 0.0, ""fm2_violation_runs"": 0.0, ""fm2_windowed_pass_frac"": 1.0, ""fm3_static_frac"": 0.5014767932489451, ""observed_duration_s"": 158.0, ""reproj_px_p50"": 37.030945822823035, ""reproj_shoulder_widths_p50"": 0.11556687667818541, ""unit_files"": 4.0, ""unit_flagged_frac"": 0.0, ""unit_hip_flexion_min"": 145.22436501940325, ""unit_knee_between_min"": 0.531420325007292}",render
r4_313,fresh_pass_naturalistic_313_V00_S0460_I00000377_P0589_f0005100,V00_S0460_I00000377_P0589,naturalistic/train/0012/0039/V00_S0460_I00000377_P0589,naturalistic/train/0012/0037/V00_S0460_I00000377_P0433,fresh_pass_naturalistic,fresh,naturalistic,5100,V00,naturalistic,train,ipc_conversation,random draw from files passing all three detectors; participant not in the recheck cohort,"{""clip_anchored_on_fm2_violation"": false, ""flag_count"": 0, ""flags_fired"": """", ""fm1_hip_flexion_deg_p50"": 162.55708718473164, ""fm1_knee_between_torso_p50"": 0.6166433592659284, ""fm1_leg_over_torso_p50"": 1.235818831736278, ""fm1_reasons"": """", ""fm1_shin_verticality_p50"": 0.9388763158866086, ""fm1_sitting_file"": false, ""fm1_sitting_participant"": false, ""fm1_unit"": ""0589@0460"", ""fm1_unit_basis"": ""none"", ""fm2_in_frame_and_valid_frac"": 1.0, ""fm2_pass_frac_round3_joints_only"": 1.0, ""fm2_smplh_valid_frac"": 1.0, ""fm2_surface_correction_px_p50"": 43.223433288466026, ""fm2_vertex_worst_inset_min_px"": 39.288941717503576, ""fm2_violation_run_max_frames"": 0.0, ""fm2_violation_runs"": 0.0, ""fm2_windowed_pass_frac"": 1.0, ""fm3_static_frac"": 0.07847222222222222, ""observed_duration_s"": 288.0, ""reproj_px_p50"": 14.790825892178637, ""reproj_shoulder_widths_p50"": 0.044082566152750934, ""unit_files"": 1.0, ""unit_flagged_frac"": 0.0, ""unit_hip_flexion_min"": 162.55708718473164, ""unit_knee_between_min"": 0.6166433592659284}",render
r4_314,fresh_pass_naturalistic_314_V00_S0829_I00000373_P0430_f0000984,V00_S0829_I00000373_P0430,naturalistic/train/0023/0009/V00_S0829_I00000373_P0430,naturalistic/train/0023/0026/V00_S0829_I00000373_P0962,fresh_pass_naturalistic,fresh,naturalistic,984,V00,naturalistic,train,ipc_conversation,random draw from files passing all three detectors; participant not in the recheck cohort,"{""clip_anchored_on_fm2_violation"": false, ""flag_count"": 0, ""flags_fired"": """", ""fm1_hip_flexion_deg_p50"": 155.17018292686816, ""fm1_knee_between_torso_p50"": 0.5731905283940182, ""fm1_leg_over_torso_p50"": 1.2582687243519666, ""fm1_reasons"": """", ""fm1_shin_verticality_p50"": 0.9980525746042508, ""fm1_sitting_file"": false, ""fm1_sitting_participant"": false, ""fm1_unit"": ""0430@0829"", ""fm1_unit_basis"": ""none"", ""fm2_in_frame_and_valid_frac"": 0.9952586206896552, ""fm2_pass_frac_round3_joints_only"": 1.0, ""fm2_smplh_valid_frac"": 1.0, ""fm2_surface_correction_px_p50"": 33.0240850273409, ""fm2_vertex_worst_inset_min_px"": -1.056716232368899, ""fm2_violation_run_max_frames"": 6.0, ""fm2_violation_runs"": 15.0, ""fm2_windowed_pass_frac"": 1.0, ""fm3_static_frac"": 0.002011494252873563, ""observed_duration_s"": 232.0, ""reproj_px_p50"": 42.96213793052085, ""reproj_shoulder_widths_p50"": 0.13168785258777513, ""unit_files"": 2.0, ""unit_flagged_frac"": 0.0, ""unit_hip_flexion_min"": 149.25525718006162, ""unit_knee_between_min"": 0.5502698126215568}",render
r4_315,fresh_pass_naturalistic_315_V00_S0539_I00000135_P0684_f0001382,V00_S0539_I00000135_P0684,naturalistic/train/0015/0016/V00_S0539_I00000135_P0684,naturalistic/train/0015/0007/V00_S0539_I00000135_P0685,fresh_pass_naturalistic,fresh,naturalistic,1382,V00,naturalistic,train,collaborative_storytelling,random draw from files passing all three detectors; participant not in the recheck cohort,"{""clip_anchored_on_fm2_violation"": false, ""flag_count"": 0, ""flags_fired"": """", ""fm1_hip_flexion_deg_p50"": 128.18039317889654, ""fm1_knee_between_torso_p50"": 0.5614286786992224, ""fm1_leg_over_torso_p50"": 0.9281928858975766, ""fm1_reasons"": """", ""fm1_shin_verticality_p50"": 0.9994801169315151, ""fm1_sitting_file"": false, ""fm1_sitting_participant"": false, ""fm1_unit"": ""0684@0539"", ""fm1_unit_basis"": ""none"", ""fm2_in_frame_and_valid_frac"": 0.5891666666666666, ""fm2_pass_frac_round3_joints_only"": 1.0, ""fm2_smplh_valid_frac"": 1.0, ""fm2_surface_correction_px_p50"": 48.308894812337144, ""fm2_vertex_worst_inset_min_px"": -16.022819355634056, ""fm2_violation_run_max_frames"": 84.0, ""fm2_violation_runs"": 184.0, ""fm2_windowed_pass_frac"": 1.0, ""fm3_static_frac"": 0.7220833333333333, ""observed_duration_s"": 80.0, ""reproj_px_p50"": 45.95160404808664, ""reproj_shoulder_widths_p50"": 0.10911367114830196, ""unit_files"": 2.0, ""unit_flagged_frac"": 0.0, ""unit_hip_flexion_min"": 127.6386005077133, ""unit_knee_between_min"": 0.5614286786992224}",render
r4_316,fresh_pass_naturalistic_316_V00_S0139_I00000371_P0201_f0000705,V00_S0139_I00000371_P0201,naturalistic/train/0002/0005/V00_S0139_I00000371_P0201,naturalistic/train/0002/0000/V00_S0139_I00000371_P0200,fresh_pass_naturalistic,fresh,naturalistic,705,V00,naturalistic,train,ipc_conversation,random draw from files passing all three detectors; participant not in the recheck cohort,"{""clip_anchored_on_fm2_violation"": false, ""flag_count"": 0, ""flags_fired"": """", ""fm1_hip_flexion_deg_p50"": 161.63560319299575, ""fm1_knee_between_torso_p50"": 0.5925195568161731, ""fm1_leg_over_torso_p50"": 1.2319475797585733, ""fm1_reasons"": """", ""fm1_shin_verticality_p50"": 0.9922778767136676, ""fm1_sitting_file"": false, ""fm1_sitting_participant"": false, ""fm1_unit"": ""0201@0139"", ""fm1_unit_basis"": ""none"", ""fm2_in_frame_and_valid_frac"": 0.996244131455399, ""fm2_pass_frac_round3_joints_only"": 0.9964788732394366, ""fm2_smplh_valid_frac"": 1.0, ""fm2_surface_correction_px_p50"": 44.95537338074632, ""fm2_vertex_worst_inset_min_px"": -56.80501078911698, ""fm2_violation_run_max_frames"": 10.0, ""fm2_violation_runs"": 2.0, ""fm2_windowed_pass_frac"": 0.75, ""fm3_static_frac"": 0.6007042253521127, ""observed_duration_s"": 142.0, ""reproj_px_p50"": 21.878420757400306, ""reproj_shoulder_widths_p50"": 0.07348047630128035, ""unit_files"": 3.0, ""unit_flagged_frac"": 0.0, ""unit_hip_flexion_min"": 161.45662557971997, ""unit_knee_between_min"": 0.5629187091881589}",render
r4_317,fresh_pass_naturalistic_317_V00_S1886_I00000055_P0851_f0002813,V00_S1886_I00000055_P0851,naturalistic/train/0030/0004/V00_S1886_I00000055_P0851,naturalistic/train/0030/0009/V00_S1886_I00000055_P0377,fresh_pass_naturalistic,fresh,naturalistic,2813,V00,naturalistic,train,ipc_conversation,random draw from files passing all three detectors; participant not in the recheck cohort,"{""clip_anchored_on_fm2_violation"": false, ""flag_count"": 0, ""flags_fired"": """", ""fm1_hip_flexion_deg_p50"": 160.76636499849684, ""fm1_knee_between_torso_p50"": 0.5488662537210536, ""fm1_leg_over_torso_p50"": 1.3073632540415292, ""fm1_reasons"": """", ""fm1_shin_verticality_p50"": 0.9970545007810447, ""fm1_sitting_file"": false, ""fm1_sitting_participant"": false, ""fm1_unit"": ""0851@1886"", ""fm1_unit_basis"": ""none"", ""fm2_in_frame_and_valid_frac"": 1.0, ""fm2_pass_frac_round3_joints_only"": 1.0, ""fm2_smplh_valid_frac"": 1.0, ""fm2_surface_correction_px_p50"": 88.79456469259361, ""fm2_vertex_worst_inset_min_px"": 50.4018138797486, ""fm2_violation_run_max_frames"": 0.0, ""fm2_violation_runs"": 0.0, ""fm2_windowed_pass_frac"": 1.0, ""fm3_static_frac"": 0.0007042253521126761, ""observed_duration_s"": 142.0, ""reproj_px_p50"": 14.180265818541068, ""reproj_shoulder_widths_p50"": 0.051894263758402476, ""unit_files"": 2.0, ""unit_flagged_frac"": 0.0, ""unit_hip_flexion_min"": 159.5431279971944, ""unit_knee_between_min"": 0.5488662537210536}",render
r4_318,fresh_pass_naturalistic_318_V00_S0586_I00000134_P0740_f0000025,V00_S0586_I00000134_P0740,naturalistic/test/0000/0027/V00_S0586_I00000134_P0740,naturalistic/test/0000/0035/V00_S0586_I00000134_P0739,fresh_pass_naturalistic,fresh,naturalistic,25,V00,naturalistic,test,ipc_conversation,random draw from files passing all three detectors; participant not in the recheck cohort,"{""clip_anchored_on_fm2_violation"": false, ""flag_count"": 0, ""flags_fired"": """", ""fm1_hip_flexion_deg_p50"": 143.5905071308825, ""fm1_knee_between_torso_p50"": 0.5036694832656499, ""fm1_leg_over_torso_p50"": 1.4543050791619958, ""fm1_reasons"": """", ""fm1_shin_verticality_p50"": 0.9999999999999784, ""fm1_sitting_file"": false, ""fm1_sitting_participant"": false, ""fm1_unit"": ""0740@0586"", ""fm1_unit_basis"": ""none"", ""fm2_in_frame_and_valid_frac"": 0.9997076023391813, ""fm2_pass_frac_round3_joints_only"": 0.9997076023391813, ""fm2_smplh_valid_frac"": 1.0, ""fm2_surface_correction_px_p50"": 34.47946616663353, ""fm2_vertex_worst_inset_min_px"": -3.853598215935108, ""fm2_violation_run_max_frames"": 2.0, ""fm2_violation_runs"": 1.0, ""fm2_windowed_pass_frac"": 0.8571428571428571, ""fm3_static_frac"": 0.1685672514619883, ""observed_duration_s"": 228.0, ""reproj_px_p50"": 31.530275946607375, ""reproj_shoulder_widths_p50"": 0.08652631541106919, ""unit_files"": 3.0, ""unit_flagged_frac"": 0.0, ""unit_hip_flexion_min"": 140.5141959793537, ""unit_knee_between_min"": 0.5036694832656499}",render
r4_319,fresh_pass_naturalistic_319_V00_S1735_I00000026_P1166_f0005503,V00_S1735_I00000026_P1166,naturalistic/train/0028/0043/V00_S1735_I00000026_P1166,naturalistic/train/0028/0029/V00_S1735_I00000026_P0460,fresh_pass_naturalistic,fresh,naturalistic,5503,V00,naturalistic,train,ipc_conversation,random draw from files passing all three detectors; participant not in the recheck cohort,"{""clip_anchored_on_fm2_violation"": false, ""flag_count"": 0, ""flags_fired"": """", ""fm1_hip_flexion_deg_p50"": 146.62265985682168, ""fm1_knee_between_torso_p50"": 0.5216441767156191, ""fm1_leg_over_torso_p50"": 1.387208407372762, ""fm1_reasons"": """", ""fm1_shin_verticality_p50"": 0.998868149877157, ""fm1_sitting_file"": false, ""fm1_sitting_participant"": false, ""fm1_unit"": ""1166@1735"", ""fm1_unit_basis"": ""none"", ""fm2_in_frame_and_valid_frac"": 0.9986318407960199, ""fm2_pass_frac_round3_joints_only"": 0.9987562189054726, ""fm2_smplh_valid_frac"": 1.0, ""fm2_surface_correction_px_p50"": 31.77384550403295, ""fm2_vertex_worst_inset_min_px"": -25.85051622647609, ""fm2_violation_run_max_frames"": 7.0, ""fm2_violation_runs"": 2.0, ""fm2_windowed_pass_frac"": 0.875, ""fm3_static_frac"": 0.129726368159204, ""observed_duration_s"": 268.0, ""reproj_px_p50"": 15.452442791763227, ""reproj_shoulder_widths_p50"": 0.04928068610677552, ""unit_files"": 1.0, ""unit_flagged_frac"": 0.0, ""unit_hip_flexion_min"": 146.62265985682168, ""unit_knee_between_min"": 0.5216441767156191}",render
r4_320,fresh_pass_naturalistic_320_V00_S0510_I00000130_P0646_f0004254,V00_S0510_I00000130_P0646,naturalistic/train/0014/0025/V00_S0510_I00000130_P0646,naturalistic/train/0014/0024/V00_S0510_I00000130_P0648,fresh_pass_naturalistic,fresh,naturalistic,4254,V00,naturalistic,train,ipc_conversation,random draw from files passing all three detectors; participant not in the recheck cohort,"{""clip_anchored_on_fm2_violation"": false, ""flag_count"": 0, ""flags_fired"": """", ""fm1_hip_flexion_deg_p50"": 127.18406231945376, ""fm1_knee_between_torso_p50"": 0.45563554816891055, ""fm1_leg_over_torso_p50"": 1.425249473418535, ""fm1_reasons"": """", ""fm1_shin_verticality_p50"": 0.9996714277813967, ""fm1_sitting_file"": false, ""fm1_sitting_participant"": false, ""fm1_unit"": ""0646@0510"", ""fm1_unit_basis"": ""none"", ""fm2_in_frame_and_valid_frac"": 0.997196261682243, ""fm2_pass_frac_round3_joints_only"": 0.9984423676012462, ""fm2_smplh_valid_frac"": 1.0, ""fm2_surface_correction_px_p50"": 37.673206595051056, ""fm2_vertex_worst_inset_min_px"": -35.880545207736304, ""fm2_violation_run_max_frames"": 15.0, ""fm2_violation_runs"": 2.0, ""fm2_windowed_pass_frac"": 0.8571428571428571, ""fm3_static_frac"": 0.3786604361370717, ""observed_duration_s"": 214.0, ""reproj_px_p50"": 21.94717411934154, ""reproj_shoulder_widths_p50"": 0.07084391628035949, ""unit_files"": 1.0, ""unit_flagged_frac"": 0.0, ""unit_hip_flexion_min"": 127.18406231945376, ""unit_knee_between_min"": 0.45563554816891055}",render
r4_321,fresh_pass_naturalistic_321_V00_S1737_I00000064_P1168_f0000232,V00_S1737_I00000064_P1168,naturalistic/train/0028/0033/V00_S1737_I00000064_P1168,naturalistic/train/0028/0046/V00_S1737_I00000064_P1167,fresh_pass_naturalistic,fresh,naturalistic,232,V00,naturalistic,train,ipc_conversation,random draw from files passing all three detectors; participant not in the recheck cohort,"{""clip_anchored_on_fm2_violation"": false, ""flag_count"": 0, ""flags_fired"": """", ""fm1_hip_flexion_deg_p50"": 120.79058101111949, ""fm1_knee_between_torso_p50"": 0.49608169037673056, ""fm1_leg_over_torso_p50"": 1.0146854017219127, ""fm1_reasons"": """", ""fm1_shin_verticality_p50"": 0.9994449069791543, ""fm1_sitting_file"": false, ""fm1_sitting_participant"": false, ""fm1_unit"": ""1168@1737"", ""fm1_unit_basis"": ""none"", ""fm2_in_frame_and_valid_frac"": 0.996875, ""fm2_pass_frac_round3_joints_only"": 0.9981770833333333, ""fm2_smplh_valid_frac"": 1.0, ""fm2_surface_correction_px_p50"": 13.678268493354324, ""fm2_vertex_worst_inset_min_px"": -45.61549061214839, ""fm2_violation_run_max_frames"": 17.0, ""fm2_violation_runs"": 3.0, ""fm2_windowed_pass_frac"": 0.875, ""fm3_static_frac"": 0.32578125, ""observed_duration_s"": 256.0, ""reproj_px_p50"": 44.972210995240175, ""reproj_shoulder_widths_p50"": 0.1352729132884266, ""unit_files"": 2.0, ""unit_flagged_frac"": 0.0, ""unit_hip_flexion_min"": 120.79058101111949, ""unit_knee_between_min"": 0.49608169037673056}",render
r4_322,fresh_pass_naturalistic_322_V00_S0573_I00000138_P0722_f0000425,V00_S0573_I00000138_P0722,naturalistic/train/0016/0001/V00_S0573_I00000138_P0722,naturalistic/train/0016/0029/V00_S0573_I00000138_P0723,fresh_pass_naturalistic,fresh,naturalistic,425,V00,naturalistic,train,ipc_conversation,random draw from files passing all three detectors; participant not in the recheck cohort,"{""clip_anchored_on_fm2_violation"": false, ""flag_count"": 0, ""flags_fired"": """", ""fm1_hip_flexion_deg_p50"": 131.12078344462418, ""fm1_knee_between_torso_p50"": 0.5255879541052878, ""fm1_leg_over_torso_p50"": 0.983436560463822, ""fm1_reasons"": """", ""fm1_shin_verticality_p50"": 0.9995120681923529, ""fm1_sitting_file"": false, ""fm1_sitting_participant"": false, ""fm1_unit"": ""0722@0573"", ""fm1_unit_basis"": ""none"", ""fm2_in_frame_and_valid_frac"": 0.9980769230769231, ""fm2_pass_frac_round3_joints_only"": 0.9982905982905983, ""fm2_smplh_valid_frac"": 1.0, ""fm2_surface_correction_px_p50"": 30.26664717290231, ""fm2_vertex_worst_inset_min_px"": -42.65699920205134, ""fm2_violation_run_max_frames"": 9.0, ""fm2_violation_runs"": 1.0, ""fm2_windowed_pass_frac"": 0.8, ""fm3_static_frac"": 0.3641025641025641, ""observed_duration_s"": 156.0, ""reproj_px_p50"": 39.617868763860386, ""reproj_shoulder_widths_p50"": 0.09754914493523967, ""unit_files"": 2.0, ""unit_flagged_frac"": 0.0, ""unit_hip_flexion_min"": 130.20497949812912, ""unit_knee_between_min"": 0.5199987472670049}",render
r4_323,fresh_pass_naturalistic_323_V00_S0388_I00000514_P0515_f0003193,V00_S0388_I00000514_P0515,naturalistic/train/0010/0040/V00_S0388_I00000514_P0515,naturalistic/train/0010/0024/V00_S0388_I00000514_P0514,fresh_pass_naturalistic,fresh,naturalistic,3193,V00,naturalistic,train,ipc_conversation,random draw from files passing all three detectors; participant not in the recheck cohort,"{""clip_anchored_on_fm2_violation"": false, ""flag_count"": 0, ""flags_fired"": """", ""fm1_hip_flexion_deg_p50"": 145.12068955746292, ""fm1_knee_between_torso_p50"": 0.5560266562041587, ""fm1_leg_over_torso_p50"": 1.2220839746533998, ""fm1_reasons"": """", ""fm1_shin_verticality_p50"": 0.9961298773158698, ""fm1_sitting_file"": false, ""fm1_sitting_participant"": false, ""fm1_unit"": ""0515@0388"", ""fm1_unit_basis"": ""none"", ""fm2_in_frame_and_valid_frac"": 1.0, ""fm2_pass_frac_round3_joints_only"": 1.0, ""fm2_smplh_valid_frac"": 1.0, ""fm2_surface_correction_px_p50"": 81.1190680320149, ""fm2_vertex_worst_inset_min_px"": 11.957906220412951, ""fm2_violation_run_max_frames"": 0.0, ""fm2_violation_runs"": 0.0, ""fm2_windowed_pass_frac"": 1.0, ""fm3_static_frac"": 0.5560386473429951, ""observed_duration_s"": 138.0, ""reproj_px_p50"": 17.288435810458314, ""reproj_shoulder_widths_p50"": 0.0527045532605164, ""unit_files"": 1.0, ""unit_flagged_frac"": 0.0, ""unit_hip_flexion_min"": 145.12068955746292, ""unit_knee_between_min"": 0.5560266562041587}",render
r4_324,fresh_pass_naturalistic_324_V00_S0919_I00000137_P0844_f0001671,V00_S0919_I00000137_P0844,naturalistic/train/0024/0016/V00_S0919_I00000137_P0844,naturalistic/train/0024/0022/V00_S0919_I00000137_P1019,fresh_pass_naturalistic,fresh,naturalistic,1671,V00,naturalistic,train,ipc_conversation,random draw from files passing all three detectors; participant not in the recheck cohort,"{""clip_anchored_on_fm2_violation"": false, ""flag_count"": 0, ""flags_fired"": """", ""fm1_hip_flexion_deg_p50"": 129.9690095000513, ""fm1_knee_between_torso_p50"": 0.5657325637832206, ""fm1_leg_over_torso_p50"": 0.9698098249366931, ""fm1_reasons"": """", ""fm1_shin_verticality_p50"": 0.9993628543475496, ""fm1_sitting_file"": false, ""fm1_sitting_participant"": false, ""fm1_unit"": ""0844@0919"", ""fm1_unit_basis"": ""none"", ""fm2_in_frame_and_valid_frac"": 0.9948979591836735, ""fm2_pass_frac_round3_joints_only"": 0.9957482993197279, ""fm2_smplh_valid_frac"": 1.0, ""fm2_surface_correction_px_p50"": 50.46162130424909, ""fm2_vertex_worst_inset_min_px"": -11.745829422305633, ""fm2_violation_run_max_frames"": 18.0, ""fm2_violation_runs"": 5.0, ""fm2_windowed_pass_frac"": 0.8333333333333334, ""fm3_static_frac"": 0.4227891156462585, ""observed_duration_s"": 196.0, ""reproj_px_p50"": 36.0242837796001, ""reproj_shoulder_widths_p50"": 0.10507757815928839, ""unit_files"": 1.0, ""unit_flagged_frac"": 0.0, ""unit_hip_flexion_min"": 129.9690095000513, ""unit_knee_between_min"": 0.5657325637832206}",render
r4_325,fresh_pass_naturalistic_325_V00_S0080_I00000374_P0115_f0001038,V00_S0080_I00000374_P0115,naturalistic/dev/0000/0039/V00_S0080_I00000374_P0115,naturalistic/dev/0000/0038/V00_S0080_I00000374_P0116,fresh_pass_naturalistic,fresh,naturalistic,1038,V00,naturalistic,dev,ipc_conversation,random draw from files passing all three detectors; participant not in the recheck cohort,"{""clip_anchored_on_fm2_violation"": false, ""flag_count"": 0, ""flags_fired"": """", ""fm1_hip_flexion_deg_p50"": 153.46551656689854, ""fm1_knee_between_torso_p50"": 0.5493502095450444, ""fm1_leg_over_torso_p50"": 1.2621251541563212, ""fm1_reasons"": """", ""fm1_shin_verticality_p50"": 1.0, ""fm1_sitting_file"": false, ""fm1_sitting_participant"": false, ""fm1_unit"": ""0115@0080"", ""fm1_unit_basis"": ""none"", ""fm2_in_frame_and_valid_frac"": 0.9843434343434343, ""fm2_pass_frac_round3_joints_only"": 0.9924242424242424, ""fm2_smplh_valid_frac"": 1.0, ""fm2_surface_correction_px_p50"": 43.038112855550025, ""fm2_vertex_worst_inset_min_px"": -15.668207468350374, ""fm2_violation_run_max_frames"": 31.0, ""fm2_violation_runs"": 1.0, ""fm2_windowed_pass_frac"": 0.5, ""fm3_static_frac"": 0.5424242424242425, ""observed_duration_s"": 66.0, ""reproj_px_p50"": 19.90364163342867, ""reproj_shoulder_widths_p50"": 0.057932860093107455, ""unit_files"": 4.0, ""unit_flagged_frac"": 0.0, ""unit_hip_flexion_min"": 130.95807322211976, ""unit_knee_between_min"": 0.5493502095450444}",render
r4_326,fresh_pass_naturalistic_326_V00_S1042_I00000179_P0997_f0004122,V00_S1042_I00000179_P0997,naturalistic/train/0025/0023/V00_S1042_I00000179_P0997,naturalistic/train/0025/0021/V00_S1042_I00000179_P1065,fresh_pass_naturalistic,fresh,naturalistic,4122,V00,naturalistic,train,ipc_conversation,random draw from files passing all three detectors; participant not in the recheck cohort,"{""clip_anchored_on_fm2_violation"": false, ""flag_count"": 0, ""flags_fired"": """", ""fm1_hip_flexion_deg_p50"": 154.2366352662623, ""fm1_knee_between_torso_p50"": 0.5334894418321853, ""fm1_leg_over_torso_p50"": 1.4323558246663417, ""fm1_reasons"": """", ""fm1_shin_verticality_p50"": 0.9951559177110487, ""fm1_sitting_file"": false, ""fm1_sitting_participant"": false, ""fm1_unit"": ""0997@1042"", ""fm1_unit_basis"": ""none"", ""fm2_in_frame_and_valid_frac"": 0.9977876106194691, ""fm2_pass_frac_round3_joints_only"": 0.9986725663716814, ""fm2_smplh_valid_frac"": 1.0, ""fm2_surface_correction_px_p50"": 26.436993866100465, ""fm2_vertex_worst_inset_min_px"": -11.048190290620369, ""fm2_violation_run_max_frames"": 7.0, ""fm2_violation_runs"": 4.0, ""fm2_windowed_pass_frac"": 0.7142857142857143, ""fm3_static_frac"": 0.5426253687315634, ""observed_duration_s"": 226.0, ""reproj_px_p50"": 14.31027994031069, ""reproj_shoulder_widths_p50"": 0.05145576285533737, ""unit_files"": 2.0, ""unit_flagged_frac"": 0.0, ""unit_hip_flexion_min"": 154.2366352662623, ""unit_knee_between_min"": 0.5334894418321853}",render
r4_327,fresh_pass_naturalistic_327_V00_S0511_I00000138_P0654_f0000373,V00_S0511_I00000138_P0654,naturalistic/train/0014/0012/V00_S0511_I00000138_P0654,naturalistic/train/0014/0009/V00_S0511_I00000138_P0300,fresh_pass_naturalistic,fresh,naturalistic,373,V00,naturalistic,train,ipc_conversation,random draw from files passing all three detectors; participant not in the recheck cohort,"{""clip_anchored_on_fm2_violation"": false, ""flag_count"": 0, ""flags_fired"": """", ""fm1_hip_flexion_deg_p50"": 152.01297386544513, ""fm1_knee_between_torso_p50"": 0.619746413542026, ""fm1_leg_over_torso_p50"": 0.9152378712693798, ""fm1_reasons"": """", ""fm1_shin_verticality_p50"": 0.9993628543475496, ""fm1_sitting_file"": false, ""fm1_sitting_participant"": false, ""fm1_unit"": ""0654@0511"", ""fm1_unit_basis"": ""none"", ""fm2_in_frame_and_valid_frac"": 0.9983974358974359, ""fm2_pass_frac_round3_joints_only"": 0.9990384615384615, ""fm2_smplh_valid_frac"": 1.0, ""fm2_surface_correction_px_p50"": 54.00418510185909, ""fm2_vertex_worst_inset_min_px"": -21.398863875754273, ""fm2_violation_run_max_frames"": 4.0, ""fm2_violation_runs"": 2.0, ""fm2_windowed_pass_frac"": 0.6666666666666666, ""fm3_static_frac"": 0.3301282051282051, ""observed_duration_s"": 104.0, ""reproj_px_p50"": 30.656988999355587, ""reproj_shoulder_widths_p50"": 0.08865731614806431, ""unit_files"": 1.0, ""unit_flagged_frac"": 0.0, ""unit_hip_flexion_min"": 152.01297386544513, ""unit_knee_between_min"": 0.619746413542026}",render
r4_328,fresh_pass_naturalistic_328_V00_S0050_I00000138_P0078_f0000904,V00_S0050_I00000138_P0078,naturalistic/train/0000/0003/V00_S0050_I00000138_P0078,naturalistic/train/0000/0017/V00_S0050_I00000138_P0077,fresh_pass_naturalistic,fresh,naturalistic,904,V00,naturalistic,train,ipc_conversation,random draw from files passing all three detectors; participant not in the recheck cohort,"{""clip_anchored_on_fm2_violation"": false, ""flag_count"": 0, ""flags_fired"": """", ""fm1_hip_flexion_deg_p50"": 141.70052218990335, ""fm1_knee_between_torso_p50"": 0.5305579430860583, ""fm1_leg_over_torso_p50"": 1.2584472943124845, ""fm1_reasons"": """", ""fm1_shin_verticality_p50"": 0.9994449094509941, ""fm1_sitting_file"": false, ""fm1_sitting_participant"": false, ""fm1_unit"": ""0078@0050"", ""fm1_unit_basis"": ""none"", ""fm2_in_frame_and_valid_frac"": 1.0, ""fm2_pass_frac_round3_joints_only"": 1.0, ""fm2_smplh_valid_frac"": 1.0, ""fm2_surface_correction_px_p50"": 32.692944921093044, ""fm2_vertex_worst_inset_min_px"": 43.94072585258806, ""fm2_violation_run_max_frames"": 0.0, ""fm2_violation_runs"": 0.0, ""fm2_windowed_pass_frac"": 1.0, ""fm3_static_frac"": 0.574822695035461, ""observed_duration_s"": 94.0, ""reproj_px_p50"": 52.72501520056698, ""reproj_shoulder_widths_p50"": 0.159413779914364, ""unit_files"": 2.0, ""unit_flagged_frac"": 0.0, ""unit_hip_flexion_min"": 139.05947790217795, ""unit_knee_between_min"": 0.5247902592615564}",render
r4_329,fresh_pass_naturalistic_329_V00_S0351_I00000377_P0395_f0002536,V00_S0351_I00000377_P0395,naturalistic/train/0009/0010/V00_S0351_I00000377_P0395,naturalistic/train/0009/0031/V00_S0351_I00000377_P0300,fresh_pass_naturalistic,fresh,naturalistic,2536,V00,naturalistic,train,ipc_conversation,random draw from files passing all three detectors; participant not in the recheck cohort,"{""clip_anchored_on_fm2_violation"": false, ""flag_count"": 0, ""flags_fired"": """", ""fm1_hip_flexion_deg_p50"": 125.62303991942963, ""fm1_knee_between_torso_p50"": 0.5500838294201645, ""fm1_leg_over_torso_p50"": 0.9254418139569844, ""fm1_reasons"": """", ""fm1_shin_verticality_p50"": 0.9993628578384919, ""fm1_sitting_file"": false, ""fm1_sitting_participant"": false, ""fm1_unit"": ""0395@0351"", ""fm1_unit_basis"": ""none"", ""fm2_in_frame_and_valid_frac"": 1.0, ""fm2_pass_frac_round3_joints_only"": 1.0, ""fm2_smplh_valid_frac"": 1.0, ""fm2_surface_correction_px_p50"": 51.20453849350622, ""fm2_vertex_worst_inset_min_px"": 24.642545650513057, ""fm2_violation_run_max_frames"": 0.0, ""fm2_violation_runs"": 0.0, ""fm2_windowed_pass_frac"": 1.0, ""fm3_static_frac"": 0.5311827956989247, ""observed_duration_s"": 124.0, ""reproj_px_p50"": 41.15105557378547, ""reproj_shoulder_widths_p50"": 0.1110290209255464, ""unit_files"": 3.0, ""unit_flagged_frac"": 0.0, ""unit_hip_flexion_min"": 125.62303991942963, ""unit_knee_between_min"": 0.5500838294201645}",render
r4_330,fresh_pass_naturalistic_330_V00_S0738_I00000514_P0882_f0006402,V00_S0738_I00000514_P0882,naturalistic/train/0021/0001/V00_S0738_I00000514_P0882,naturalistic/train/0021/0038/V00_S0738_I00000514_P0881,fresh_pass_naturalistic,fresh,naturalistic,6402,V00,naturalistic,train,ipc_conversation,random draw from files passing all three detectors; participant not in the recheck cohort,"{""clip_anchored_on_fm2_violation"": false, ""flag_count"": 0, ""flags_fired"": """", ""fm1_hip_flexion_deg_p50"": 126.8236550706691, ""fm1_knee_between_torso_p50"": 0.5335869473761505, ""fm1_leg_over_torso_p50"": 0.8751027801178071, ""fm1_reasons"": """", ""fm1_shin_verticality_p50"": 0.9992009720828801, ""fm1_sitting_file"": false, ""fm1_sitting_participant"": false, ""fm1_unit"": ""0882@0738"", ""fm1_unit_basis"": ""none"", ""fm2_in_frame_and_valid_frac"": 0.9824146981627296, ""fm2_pass_frac_round3_joints_only"": 0.9888451443569554, ""fm2_smplh_valid_frac"": 1.0, ""fm2_surface_correction_px_p50"": 44.461124389170664, ""fm2_vertex_worst_inset_min_px"": -98.18188419450507, ""fm2_violation_run_max_frames"": 50.0, ""fm2_violation_runs"": 22.0, ""fm2_windowed_pass_frac"": 0.75, ""fm3_static_frac"": 0.01062992125984252, ""observed_duration_s"": 254.0, ""reproj_px_p50"": 33.02732063097415, ""reproj_shoulder_widths_p50"": 0.08705311400247275, ""unit_files"": 2.0, ""unit_flagged_frac"": 0.0, ""unit_hip_flexion_min"": 126.39488111193992, ""unit_knee_between_min"": 0.529170973709645}",render
r4_331,fresh_pass_naturalistic_331_V00_S0624_I00000139_P0777_f0000690,V00_S0624_I00000139_P0777,naturalistic/train/0018/0044/V00_S0624_I00000139_P0777,naturalistic/train/0018/0004/V00_S0624_I00000139_P0560,fresh_pass_naturalistic,fresh,naturalistic,690,V00,naturalistic,train,ipc_conversation,random draw from files passing all three detectors; participant not in the recheck cohort,"{""clip_anchored_on_fm2_violation"": false, ""flag_count"": 0, ""flags_fired"": """", ""fm1_hip_flexion_deg_p50"": 146.29770809798777, ""fm1_knee_between_torso_p50"": 0.6294353962005536, ""fm1_leg_over_torso_p50"": 1.0471717718280495, ""fm1_reasons"": """", ""fm1_shin_verticality_p50"": 0.9976303290668709, ""fm1_sitting_file"": false, ""fm1_sitting_participant"": false, ""fm1_unit"": ""0777@0624"", ""fm1_unit_basis"": ""none"", ""fm2_in_frame_and_valid_frac"": 1.0, ""fm2_pass_frac_round3_joints_only"": 1.0, ""fm2_smplh_valid_frac"": 1.0, ""fm2_surface_correction_px_p50"": 47.55886207201024, ""fm2_vertex_worst_inset_min_px"": 27.896440005019485, ""fm2_violation_run_max_frames"": 0.0, ""fm2_violation_runs"": 0.0, ""fm2_windowed_pass_frac"": 1.0, ""fm3_static_frac"": 0.6877358490566038, ""observed_duration_s"": 106.0, ""reproj_px_p50"": 46.685578432723375, ""reproj_shoulder_widths_p50"": 0.13503077434440935, ""unit_files"": 1.0, ""unit_flagged_frac"": 0.0, ""unit_hip_flexion_min"": 146.29770809798777, ""unit_knee_between_min"": 0.6294353962005536}",render
r4_332,fresh_pass_naturalistic_332_V00_S0584_I00000520_P0736_f0009379,V00_S0584_I00000520_P0736,naturalistic/train/0016/0016/V00_S0584_I00000520_P0736,naturalistic/train/0016/0041/V00_S0584_I00000520_P0737,fresh_pass_naturalistic,fresh,naturalistic,9379,V00,naturalistic,train,grounded_gesture,random draw from files passing all three detectors; participant not in the recheck cohort,"{""clip_anchored_on_fm2_violation"": false, ""flag_count"": 0, ""flags_fired"": """", ""fm1_hip_flexion_deg_p50"": 166.18076647381704, ""fm1_knee_between_torso_p50"": 0.6063552179044196, ""fm1_leg_over_torso_p50"": 1.2537383509345856, ""fm1_reasons"": """", ""fm1_shin_verticality_p50"": 0.9996144123266848, ""fm1_sitting_file"": false, ""fm1_sitting_participant"": false, ""fm1_unit"": ""0736@0584"", ""fm1_unit_basis"": ""none"", ""fm2_in_frame_and_valid_frac"": 0.9988151658767772, ""fm2_pass_frac_round3_joints_only"": 0.99913112164297, ""fm2_smplh_valid_frac"": 1.0, ""fm2_surface_correction_px_p50"": 45.07569065940754, ""fm2_vertex_worst_inset_min_px"": -86.89512242262686, ""fm2_violation_run_max_frames"": 6.0, ""fm2_violation_runs"": 5.0, ""fm2_windowed_pass_frac"": 0.8571428571428571, ""fm3_static_frac"": 0.6759083728278041, ""observed_duration_s"": 422.0, ""reproj_px_p50"": 20.906959409440038, ""reproj_shoulder_widths_p50"": 0.0640825200016947, ""unit_files"": 3.0, ""unit_flagged_frac"": 0.0, ""unit_hip_flexion_min"": 159.98346085319668, ""unit_knee_between_min"": 0.5988520522570191}",render
r4_333,fresh_pass_naturalistic_333_V00_S0701_I00000488_P0856_f0001185,V00_S0701_I00000488_P0856,naturalistic/train/0020/0010/V00_S0701_I00000488_P0856,naturalistic/train/0020/0026/V00_S0701_I00000488_P0857,fresh_pass_naturalistic,fresh,naturalistic,1185,V00,naturalistic,train,ipc_conversation,random draw from files passing all three detectors; participant not in the recheck cohort,"{""clip_anchored_on_fm2_violation"": false, ""flag_count"": 0, ""flags_fired"": """", ""fm1_hip_flexion_deg_p50"": 148.85171317644256, ""fm1_knee_between_torso_p50"": 0.5152334653903803, ""fm1_leg_over_torso_p50"": 1.431118359533678, ""fm1_reasons"": """", ""fm1_shin_verticality_p50"": 0.9997166750378979, ""fm1_sitting_file"": false, ""fm1_sitting_participant"": false, ""fm1_unit"": ""0856@0701"", ""fm1_unit_basis"": ""none"", ""fm2_in_frame_and_valid_frac"": 1.0, ""fm2_pass_frac_round3_joints_only"": 1.0, ""fm2_smplh_valid_frac"": 1.0, ""fm2_surface_correction_px_p50"": 27.227299292010457, ""fm2_vertex_worst_inset_min_px"": 91.38798667266371, ""fm2_violation_run_max_frames"": 0.0, ""fm2_violation_runs"": 0.0, ""fm2_windowed_pass_frac"": 1.0, ""fm3_static_frac"": 0.4914414414414414, ""observed_duration_s"": 148.0, ""reproj_px_p50"": 39.988499823935115, ""reproj_shoulder_widths_p50"": 0.11880092452594107, ""unit_files"": 1.0, ""unit_flagged_frac"": 0.0, ""unit_hip_flexion_min"": 148.85171317644256, ""unit_knee_between_min"": 0.5152334653903803}",render
r4_334,fresh_pass_naturalistic_334_V00_S0344_I00000488_P0461_f0001552,V00_S0344_I00000488_P0461,naturalistic/train/0008/0004/V00_S0344_I00000488_P0461,naturalistic/train/0008/0018/V00_S0344_I00000488_P0460,fresh_pass_naturalistic,fresh,naturalistic,1552,V00,naturalistic,train,ipc_conversation,random draw from files passing all three detectors; participant not in the recheck cohort,"{""clip_anchored_on_fm2_violation"": false, ""flag_count"": 0, ""flags_fired"": """", ""fm1_hip_flexion_deg_p50"": 135.73384370582647, ""fm1_knee_between_torso_p50"": 0.4801290747299185, ""fm1_leg_over_torso_p50"": 1.471237700064001, ""fm1_reasons"": """", ""fm1_shin_verticality_p50"": 0.9970544725799924, ""fm1_sitting_file"": false, ""fm1_sitting_participant"": false, ""fm1_unit"": ""0461@0344"", ""fm1_unit_basis"": ""none"", ""fm2_in_frame_and_valid_frac"": 0.9910984848484848, ""fm2_pass_frac_round3_joints_only"": 0.9946969696969697, ""fm2_smplh_valid_frac"": 1.0, ""fm2_surface_correction_px_p50"": 36.57583563087587, ""fm2_vertex_worst_inset_min_px"": -32.16346288888337, ""fm2_violation_run_max_frames"": 14.0, ""fm2_violation_runs"": 11.0, ""fm2_windowed_pass_frac"": 0.6, ""fm3_static_frac"": 0.7066287878787879, ""observed_duration_s"": 176.0, ""reproj_px_p50"": 18.126443789855067, ""reproj_shoulder_widths_p50"": 0.04991765311225204, ""unit_files"": 3.0, ""unit_flagged_frac"": 0.0, ""unit_hip_flexion_min"": 134.9427472448608, ""unit_knee_between_min"": 0.47949521494799086}",render
r4_335,fresh_pass_naturalistic_335_V00_S0352_I00000483_P0472_f0000714,V00_S0352_I00000483_P0472,naturalistic/train/0009/0015/V00_S0352_I00000483_P0472,naturalistic/train/0009/0008/V00_S0352_I00000483_P0471,fresh_pass_naturalistic,fresh,naturalistic,714,V00,naturalistic,train,ipc_conversation,random draw from files passing all three detectors; participant not in the recheck cohort,"{""clip_anchored_on_fm2_violation"": false, ""flag_count"": 0, ""flags_fired"": """", ""fm1_hip_flexion_deg_p50"": 144.03525133426697, ""fm1_knee_between_torso_p50"": 0.5409037909724927, ""fm1_leg_over_torso_p50"": 1.13714178115579, ""fm1_reasons"": """", ""fm1_shin_verticality_p50"": 0.9995120846156075, ""fm1_sitting_file"": false, ""fm1_sitting_participant"": false, ""fm1_unit"": ""0472@0352"", ""fm1_unit_basis"": ""none"", ""fm2_in_frame_and_valid_frac"": 0.9984633569739952, ""fm2_pass_frac_round3_joints_only"": 0.9990543735224586, ""fm2_smplh_valid_frac"": 1.0, ""fm2_surface_correction_px_p50"": 36.92573590822474, ""fm2_vertex_worst_inset_min_px"": -23.126587880023294, ""fm2_violation_run_max_frames"": 9.0, ""fm2_violation_runs"": 3.0, ""fm2_windowed_pass_frac"": 0.8888888888888888, ""fm3_static_frac"": 0.09976359338061466, ""observed_duration_s"": 282.0, ""reproj_px_p50"": 50.7113079253413, ""reproj_shoulder_widths_p50"": 0.13287475585516945, ""unit_files"": 4.0, ""unit_flagged_frac"": 0.0, ""unit_hip_flexion_min"": 139.9738446135303, ""unit_knee_between_min"": 0.5222748530281115}",render
r4_336,fresh_pass_naturalistic_336_V00_S0380_I00000477_P0307_f0002016,V00_S0380_I00000477_P0307,naturalistic/train/0010/0024/V00_S0380_I00000477_P0307,naturalistic/train/0010/0032/V00_S0380_I00000477_P0504,fresh_pass_naturalistic,fresh,naturalistic,2016,V00,naturalistic,train,ipc_conversation,random draw from files passing all three detectors; participant not in the recheck cohort,"{""clip_anchored_on_fm2_violation"": false, ""flag_count"": 0, ""flags_fired"": """", ""fm1_hip_flexion_deg_p50"": 164.53497632986756, ""fm1_knee_between_torso_p50"": 0.5740560837946652, ""fm1_leg_over_torso_p50"": 1.309994822692806, ""fm1_reasons"": """", ""fm1_shin_verticality_p50"": 0.9996349673872452, ""fm1_sitting_file"": false, ""fm1_sitting_participant"": false, ""fm1_unit"": ""0307@0380"", ""fm1_unit_basis"": ""none"", ""fm2_in_frame_and_valid_frac"": 1.0, ""fm2_pass_frac_round3_joints_only"": 1.0, ""fm2_smplh_valid_frac"": 1.0, ""fm2_surface_correction_px_p50"": 38.25747116124626, ""fm2_vertex_worst_inset_min_px"": 68.0087940567015, ""fm2_violation_run_max_frames"": 0.0, ""fm2_violation_runs"": 0.0, ""fm2_windowed_pass_frac"": 1.0, ""fm3_static_frac"": 0.09041095890410959, ""observed_duration_s"": 146.0, ""reproj_px_p50"": 40.66877862349085, ""reproj_shoulder_widths_p50"": 0.12951684844794176, ""unit_files"": 3.0, ""unit_flagged_frac"": 0.0, ""unit_hip_flexion_min"": 161.2529909561119, ""unit_knee_between_min"": 0.5600763525542951}",render
r4_337,fresh_pass_naturalistic_337_V00_S1986_I00000265_P1241_f0007180,V00_S1986_I00000265_P1241,naturalistic/train/0032/0039/V00_S1986_I00000265_P1241,naturalistic/train/0032/0040/V00_S1986_I00000265_P0544,fresh_pass_naturalistic,fresh,naturalistic,7180,V00,naturalistic,train,ipc_conversation,random draw from files passing all three detectors; participant not in the recheck cohort,"{""clip_anchored_on_fm2_violation"": false, ""flag_count"": 0, ""flags_fired"": """", ""fm1_hip_flexion_deg_p50"": 143.91849237118356, ""fm1_knee_between_torso_p50"": 0.5955702686558966, ""fm1_leg_over_torso_p50"": 1.0829386909306897, ""fm1_reasons"": """", ""fm1_shin_verticality_p50"": 0.9994449091994003, ""fm1_sitting_file"": false, ""fm1_sitting_participant"": false, ""fm1_unit"": ""1241@1986"", ""fm1_unit_basis"": ""none"", ""fm2_in_frame_and_valid_frac"": 1.0, ""fm2_pass_frac_round3_joints_only"": 1.0, ""fm2_smplh_valid_frac"": 1.0, ""fm2_surface_correction_px_p50"": 46.67378292852641, ""fm2_vertex_worst_inset_min_px"": 54.91162972772872, ""fm2_violation_run_max_frames"": 0.0, ""fm2_violation_runs"": 0.0, ""fm2_windowed_pass_frac"": 1.0, ""fm3_static_frac"": 0.27984934086629004, ""observed_duration_s"": 354.0, ""reproj_px_p50"": 45.84186299685641, ""reproj_shoulder_widths_p50"": 0.13007389865928226, ""unit_files"": 2.0, ""unit_flagged_frac"": 0.0, ""unit_hip_flexion_min"": 143.91849237118356, ""unit_knee_between_min"": 0.5913516536705584}",render
r4_338,fresh_pass_naturalistic_338_V00_S0113_I00000479_P0008_f0000076,V00_S0113_I00000479_P0008,naturalistic/train/0002/0013/V00_S0113_I00000479_P0008,naturalistic/train/0002/0015/V00_S0113_I00000479_P0164,fresh_pass_naturalistic,fresh,naturalistic,76,V00,naturalistic,train,ipc_conversation,random draw from files passing all three detectors; participant not in the recheck cohort,"{""clip_anchored_on_fm2_violation"": false, ""flag_count"": 0, ""flags_fired"": """", ""fm1_hip_flexion_deg_p50"": 108.98652549243278, ""fm1_knee_between_torso_p50"": 0.43133795965552035, ""fm1_leg_over_torso_p50"": 0.8131275723047574, ""fm1_reasons"": """", ""fm1_shin_verticality_p50"": 0.9989685238977799, ""fm1_sitting_file"": false, ""fm1_sitting_participant"": false, ""fm1_unit"": ""0008@0113"", ""fm1_unit_basis"": ""none"", ""fm2_in_frame_and_valid_frac"": 0.9982142857142857, ""fm2_pass_frac_round3_joints_only"": 0.9983630952380952, ""fm2_smplh_valid_frac"": 1.0, ""fm2_surface_correction_px_p50"": 51.76059177893319, ""fm2_vertex_worst_inset_min_px"": -28.327721039350763, ""fm2_violation_run_max_frames"": 5.0, ""fm2_violation_runs"": 3.0, ""fm2_windowed_pass_frac"": 0.7142857142857143, ""fm3_static_frac"": 0.734375, ""observed_duration_s"": 224.0, ""reproj_px_p50"": 22.419874415578022, ""reproj_shoulder_widths_p50"": 0.057595435738846686, ""unit_files"": 3.0, ""unit_flagged_frac"": 0.3333333333333333, ""unit_hip_flexion_min"": 105.84884001586397, ""unit_knee_between_min"": 0.3938051832489503}",render
r4_339,fresh_pass_naturalistic_339_V00_S1289_I00000152_P0709_f0003382,V00_S1289_I00000152_P0709,naturalistic/train/0026/0031/V00_S1289_I00000152_P0709,naturalistic/train/0026/0050/V00_S1289_I00000152_P1120,fresh_pass_naturalistic,fresh,naturalistic,3382,V00,naturalistic,train,ipc_conversation,random draw from files passing all three detectors; participant not in the recheck cohort,"{""clip_anchored_on_fm2_violation"": false, ""flag_count"": 0, ""flags_fired"": """", ""fm1_hip_flexion_deg_p50"": 162.63038320460407, ""fm1_knee_between_torso_p50"": 0.5858738321229844, ""fm1_leg_over_torso_p50"": 1.2461202117283046, ""fm1_reasons"": """", ""fm1_shin_verticality_p50"": 0.9984603436998318, ""fm1_sitting_file"": false, ""fm1_sitting_participant"": false, ""fm1_unit"": ""0709@1289"", ""fm1_unit_basis"": ""none"", ""fm2_in_frame_and_valid_frac"": 1.0, ""fm2_pass_frac_round3_joints_only"": 1.0, ""fm2_smplh_valid_frac"": 1.0, ""fm2_surface_correction_px_p50"": 35.91538235113967, ""fm2_vertex_worst_inset_min_px"": 56.94530398610118, ""fm2_violation_run_max_frames"": 0.0, ""fm2_violation_runs"": 0.0, ""fm2_windowed_pass_frac"": 1.0, ""fm3_static_frac"": 0.29541666666666666, ""observed_duration_s"": 160.0, ""reproj_px_p50"": 36.140969267906286, ""reproj_shoulder_widths_p50"": 0.11792253215623813, ""unit_files"": 2.0, ""unit_flagged_frac"": 0.0, ""unit_hip_flexion_min"": 160.20705805332705, ""unit_knee_between_min"": 0.5858738321229844}",render
r4_340,fresh_pass_naturalistic_340_V00_S0419_I00000483_P0552_f0001516,V00_S0419_I00000483_P0552,naturalistic/train/0011/0015/V00_S0419_I00000483_P0552,naturalistic/train/0011/0038/V00_S0419_I00000483_P0377,fresh_pass_naturalistic,fresh,naturalistic,1516,V00,naturalistic,train,ipc_conversation,random draw from files passing all three detectors; participant not in the recheck cohort,"{""clip_anchored_on_fm2_violation"": false, ""flag_count"": 0, ""flags_fired"": """", ""fm1_hip_flexion_deg_p50"": 134.8605847945943, ""fm1_knee_between_torso_p50"": 0.5656312367042924, ""fm1_leg_over_torso_p50"": 0.957422775571231, ""fm1_reasons"": """", ""fm1_shin_verticality_p50"": 1.0, ""fm1_sitting_file"": false, ""fm1_sitting_participant"": false, ""fm1_unit"": ""0552@0419"", ""fm1_unit_basis"": ""none"", ""fm2_in_frame_and_valid_frac"": 1.0, ""fm2_pass_frac_round3_joints_only"": 1.0, ""fm2_smplh_valid_frac"": 1.0, ""fm2_surface_correction_px_p50"": 49.62576819992296, ""fm2_vertex_worst_inset_min_px"": 38.50110096073769, ""fm2_violation_run_max_frames"": 0.0, ""fm2_violation_runs"": 0.0, ""fm2_windowed_pass_frac"": 1.0, ""fm3_static_frac"": 0.6298780487804878, ""observed_duration_s"": 164.0, ""reproj_px_p50"": 25.03414473253129, ""reproj_shoulder_widths_p50"": 0.06205217668522555, ""unit_files"": 4.0, ""unit_flagged_frac"": 0.0, ""unit_hip_flexion_min"": 134.8605847945943, ""unit_knee_between_min"": 0.5656312367042924}",render
r4_341,fresh_pass_naturalistic_341_V00_S1823_I00000274_P0115_f0000036,V00_S1823_I00000274_P0115,naturalistic/dev/0001/0007/V00_S1823_I00000274_P0115,naturalistic/dev/0001/0040/V00_S1823_I00000274_P1174,fresh_pass_naturalistic,fresh,naturalistic,36,V00,naturalistic,dev,ipc_conversation,random draw from files passing all three detectors; participant not in the recheck cohort,"{""clip_anchored_on_fm2_violation"": false, ""flag_count"": 0, ""flags_fired"": """", ""fm1_hip_flexion_deg_p50"": 167.01952706576515, ""fm1_knee_between_torso_p50"": 0.5790272554087235, ""fm1_leg_over_torso_p50"": 1.2566974693239783, ""fm1_reasons"": """", ""fm1_shin_verticality_p50"": 0.9996144171776677, ""fm1_sitting_file"": false, ""fm1_sitting_participant"": false, ""fm1_unit"": ""0115@1823"", ""fm1_unit_basis"": ""none"", ""fm2_in_frame_and_valid_frac"": 0.9873983739837399, ""fm2_pass_frac_round3_joints_only"": 0.9947154471544716, ""fm2_smplh_valid_frac"": 1.0, ""fm2_surface_correction_px_p50"": 28.740215985170835, ""fm2_vertex_worst_inset_min_px"": -14.412155294848617, ""fm2_violation_run_max_frames"": 29.0, ""fm2_violation_runs"": 5.0, ""fm2_windowed_pass_frac"": 0.6, ""fm3_static_frac"": 0.023983739837398373, ""observed_duration_s"": 164.0, ""reproj_px_p50"": 24.824415228954567, ""reproj_shoulder_widths_p50"": 0.08729348085143322, ""unit_files"": 2.0, ""unit_flagged_frac"": 0.0, ""unit_hip_flexion_min"": 167.01952706576515, ""unit_knee_between_min"": 0.575052056593825}",render
r4_342,fresh_pass_naturalistic_342_V00_S0699_I00000135_P0850_f0001079,V00_S0699_I00000135_P0850,naturalistic/train/0020/0040/V00_S0699_I00000135_P0850,naturalistic/train/0020/0033/V00_S0699_I00000135_P0849,fresh_pass_naturalistic,fresh,naturalistic,1079,V00,naturalistic,train,collaborative_storytelling,random draw from files passing all three detectors; participant not in the recheck cohort,"{""clip_anchored_on_fm2_violation"": false, ""flag_count"": 0, ""flags_fired"": """", ""fm1_hip_flexion_deg_p50"": 122.8791726790823, ""fm1_knee_between_torso_p50"": 0.4929862119440791, ""fm1_leg_over_torso_p50"": 0.9087611598605796, ""fm1_reasons"": """", ""fm1_shin_verticality_p50"": 0.9994448990234845, ""fm1_sitting_file"": false, ""fm1_sitting_participant"": false, ""fm1_unit"": ""0850@0699"", ""fm1_unit_basis"": ""none"", ""fm2_in_frame_and_valid_frac"": 0.9867724867724867, ""fm2_pass_frac_round3_joints_only"": 0.9873015873015873, ""fm2_smplh_valid_frac"": 1.0, ""fm2_surface_correction_px_p50"": 41.96281349638866, ""fm2_vertex_worst_inset_min_px"": -39.251817074925384, ""fm2_violation_run_max_frames"": 45.0, ""fm2_violation_runs"": 2.0, ""fm2_windowed_pass_frac"": 0.75, ""fm3_static_frac"": 0.5595238095238095, ""observed_duration_s"": 126.0, ""reproj_px_p50"": 47.076716908084514, ""reproj_shoulder_widths_p50"": 0.12320983449123626, ""unit_files"": 2.0, ""unit_flagged_frac"": 0.0, ""unit_hip_flexion_min"": 116.88669471332457, ""unit_knee_between_min"": 0.46147851774856097}",render
r4_343,fresh_pass_naturalistic_343_V00_S0507_I00000378_P0649_f0000122,V00_S0507_I00000378_P0649,naturalistic/train/0014/0016/V00_S0507_I00000378_P0649,naturalistic/train/0014/0040/V00_S0507_I00000378_P0119,fresh_pass_naturalistic,fresh,naturalistic,122,V00,naturalistic,train,ipc_conversation,random draw from files passing all three detectors; participant not in the recheck cohort,"{""clip_anchored_on_fm2_violation"": false, ""flag_count"": 0, ""flags_fired"": """", ""fm1_hip_flexion_deg_p50"": 151.9175422438372, ""fm1_knee_between_torso_p50"": 0.51554147460301, ""fm1_leg_over_torso_p50"": 1.6486815660098708, ""fm1_reasons"": """", ""fm1_shin_verticality_p50"": 0.9976836937147698, ""fm1_sitting_file"": false, ""fm1_sitting_participant"": false, ""fm1_unit"": ""0649@0507"", ""fm1_unit_basis"": ""none"", ""fm2_in_frame_and_valid_frac"": 1.0, ""fm2_pass_frac_round3_joints_only"": 1.0, ""fm2_smplh_valid_frac"": 1.0, ""fm2_surface_correction_px_p50"": 30.62626611876192, ""fm2_vertex_worst_inset_min_px"": 53.03253734222176, ""fm2_violation_run_max_frames"": 0.0, ""fm2_violation_runs"": 0.0, ""fm2_windowed_pass_frac"": 1.0, ""fm3_static_frac"": 0.02962962962962963, ""observed_duration_s"": 36.0, ""reproj_px_p50"": 21.750169408487594, ""reproj_shoulder_widths_p50"": 0.0726122665855397, ""unit_files"": 4.0, ""unit_flagged_frac"": 0.0, ""unit_hip_flexion_min"": 147.938994048359, ""unit_knee_between_min"": 0.5070849808655895}",render
r4_344,fresh_pass_naturalistic_344_V00_S0467_I00000139_P0600_f0000674,V00_S0467_I00000139_P0600,naturalistic/train/0012/0032/V00_S0467_I00000139_P0600,naturalistic/train/0012/0042/V00_S0467_I00000139_P0606,fresh_pass_naturalistic,fresh,naturalistic,674,V00,naturalistic,train,ipc_conversation,random draw from files passing all three detectors; participant not in the recheck cohort,"{""clip_anchored_on_fm2_violation"": false, ""flag_count"": 0, ""flags_fired"": """", ""fm1_hip_flexion_deg_p50"": 150.875411406096, ""fm1_knee_between_torso_p50"": 0.5334182952341153, ""fm1_leg_over_torso_p50"": 1.4514497324819713, ""fm1_reasons"": """", ""fm1_shin_verticality_p50"": 0.9974586979968711, ""fm1_sitting_file"": false, ""fm1_sitting_participant"": false, ""fm1_unit"": ""0600@0467"", ""fm1_unit_basis"": ""none"", ""fm2_in_frame_and_valid_frac"": 1.0, ""fm2_pass_frac_round3_joints_only"": 1.0, ""fm2_smplh_valid_frac"": 1.0, ""fm2_surface_correction_px_p50"": 31.244400736510443, ""fm2_vertex_worst_inset_min_px"": 66.69793628278421, ""fm2_violation_run_max_frames"": 0.0, ""fm2_violation_runs"": 0.0, ""fm2_windowed_pass_frac"": 1.0, ""fm3_static_frac"": 0.5098958333333333, ""observed_duration_s"": 128.0, ""reproj_px_p50"": 37.02904379194099, ""reproj_shoulder_widths_p50"": 0.11209610696143862, ""unit_files"": 2.0, ""unit_flagged_frac"": 0.0, ""unit_hip_flexion_min"": 150.875411406096, ""unit_knee_between_min"": 0.5334182952341153}",render
r4_345,fresh_pass_naturalistic_345_V00_S0923_I00000520_P0844_f0004836,V00_S0923_I00000520_P0844,naturalistic/train/0024/0017/V00_S0923_I00000520_P0844,naturalistic/train/0024/0017/V00_S0923_I00000520_P0791,fresh_pass_naturalistic,fresh,naturalistic,4836,V00,naturalistic,train,grounded_gesture,random draw from files passing all three detectors; participant not in the recheck cohort,"{""clip_anchored_on_fm2_violation"": false, ""flag_count"": 0, ""flags_fired"": """", ""fm1_hip_flexion_deg_p50"": 140.05651347018343, ""fm1_knee_between_torso_p50"": 0.5066904064841394, ""fm1_leg_over_torso_p50"": 1.5360956064665934, ""fm1_reasons"": """", ""fm1_shin_verticality_p50"": 1.0, ""fm1_sitting_file"": false, ""fm1_sitting_participant"": false, ""fm1_unit"": ""0844@0923"", ""fm1_unit_basis"": ""none"", ""fm2_in_frame_and_valid_frac"": 1.0, ""fm2_pass_frac_round3_joints_only"": 1.0, ""fm2_smplh_valid_frac"": 1.0, ""fm2_surface_correction_px_p50"": 45.74235771391284, ""fm2_vertex_worst_inset_min_px"": 18.555870366586532, ""fm2_violation_run_max_frames"": 0.0, ""fm2_violation_runs"": 0.0, ""fm2_windowed_pass_frac"": 1.0, ""fm3_static_frac"": 0.6556047197640118, ""observed_duration_s"": 226.0, ""reproj_px_p50"": 18.670685499580348, ""reproj_shoulder_widths_p50"": 0.06244649212675869, ""unit_files"": 3.0, ""unit_flagged_frac"": 0.0, ""unit_hip_flexion_min"": 138.8999808290933, ""unit_knee_between_min"": 0.5066708532954325}",render
r4_346,fresh_pass_naturalistic_346_V00_S0992_I00000097_P1053_f0001241,V00_S0992_I00000097_P1053,naturalistic/train/0025/0008/V00_S0992_I00000097_P1053,naturalistic/train/0025/0045/V00_S0992_I00000097_P1052,fresh_pass_naturalistic,fresh,naturalistic,1241,V00,naturalistic,train,ipc_conversation,random draw from files passing all three detectors; participant not in the recheck cohort,"{""clip_anchored_on_fm2_violation"": false, ""flag_count"": 0, ""flags_fired"": """", ""fm1_hip_flexion_deg_p50"": 159.34820248065122, ""fm1_knee_between_torso_p50"": 0.5482362782803515, ""fm1_leg_over_torso_p50"": 1.4659229282321826, ""fm1_reasons"": """", ""fm1_shin_verticality_p50"": 0.9987523449323016, ""fm1_sitting_file"": false, ""fm1_sitting_participant"": false, ""fm1_unit"": ""1053@0992"", ""fm1_unit_basis"": ""none"", ""fm2_in_frame_and_valid_frac"": 1.0, ""fm2_pass_frac_round3_joints_only"": 1.0, ""fm2_smplh_valid_frac"": 1.0, ""fm2_surface_correction_px_p50"": 22.156606740878374, ""fm2_vertex_worst_inset_min_px"": 117.16124076022493, ""fm2_violation_run_max_frames"": 0.0, ""fm2_violation_runs"": 0.0, ""fm2_windowed_pass_frac"": 1.0, ""fm3_static_frac"": 0.6128109452736319, ""observed_duration_s"": 268.0, ""reproj_px_p50"": 30.092753545638057, ""reproj_shoulder_widths_p50"": 0.09383008304307212, ""unit_files"": 2.0, ""unit_flagged_frac"": 0.0, ""unit_hip_flexion_min"": 149.27110267171736, ""unit_knee_between_min"": 0.5235014489459572}",render
r4_347,fresh_pass_naturalistic_347_V00_S0346_I00000462_P0464_f0000067,V00_S0346_I00000462_P0464,naturalistic/train/0009/0000/V00_S0346_I00000462_P0464,naturalistic/train/0009/0037/V00_S0346_I00000462_P0089,fresh_pass_naturalistic,fresh,naturalistic,67,V00,naturalistic,train,ipc_conversation,random draw from files passing all three detectors; participant not in the recheck cohort,"{""clip_anchored_on_fm2_violation"": false, ""flag_count"": 0, ""flags_fired"": """", ""fm1_hip_flexion_deg_p50"": 159.69483476589522, ""fm1_knee_between_torso_p50"": 0.570354886186266, ""fm1_leg_over_torso_p50"": 1.2225842789017807, ""fm1_reasons"": """", ""fm1_shin_verticality_p50"": 0.9996349627615202, ""fm1_sitting_file"": false, ""fm1_sitting_participant"": false, ""fm1_unit"": ""0464@0346"", ""fm1_unit_basis"": ""none"", ""fm2_in_frame_and_valid_frac"": 1.0, ""fm2_pass_frac_round3_joints_only"": 1.0, ""fm2_smplh_valid_frac"": 1.0, ""fm2_surface_correction_px_p50"": 32.97963477049984, ""fm2_vertex_worst_inset_min_px"": 98.75405535869209, ""fm2_violation_run_max_frames"": 0.0, ""fm2_violation_runs"": 0.0, ""fm2_windowed_pass_frac"": 1.0, ""fm3_static_frac"": 0.019623655913978494, ""observed_duration_s"": 124.0, ""reproj_px_p50"": 18.606333765549643, ""reproj_shoulder_widths_p50"": 0.05365693868234982, ""unit_files"": 1.0, ""unit_flagged_frac"": 0.0, ""unit_hip_flexion_min"": 159.69483476589522, ""unit_knee_between_min"": 0.570354886186266}",render
r4_348,fresh_pass_naturalistic_348_V00_S0559_I00000486_P0072_f0001878,V00_S0559_I00000486_P0072,naturalistic/train/0015/0025/V00_S0559_I00000486_P0072,naturalistic/train/0015/0040/V00_S0559_I00000486_P0368,fresh_pass_naturalistic,fresh,naturalistic,1878,V00,naturalistic,train,ipc_conversation,random draw from files passing all three detectors; participant not in the recheck cohort,"{""clip_anchored_on_fm2_violation"": false, ""flag_count"": 0, ""flags_fired"": """", ""fm1_hip_flexion_deg_p50"": 132.64889129240274, ""fm1_knee_between_torso_p50"": 0.5193098154413117, ""fm1_leg_over_torso_p50"": 1.1134690541044228, ""fm1_reasons"": """", ""fm1_shin_verticality_p50"": 0.9956342369422859, ""fm1_sitting_file"": false, ""fm1_sitting_participant"": false, ""fm1_unit"": ""0072@0559"", ""fm1_unit_basis"": ""none"", ""fm2_in_frame_and_valid_frac"": 1.0, ""fm2_pass_frac_round3_joints_only"": 1.0, ""fm2_smplh_valid_frac"": 1.0, ""fm2_surface_correction_px_p50"": 42.965103942320866, ""fm2_vertex_worst_inset_min_px"": 17.706537305680627, ""fm2_violation_run_max_frames"": 0.0, ""fm2_violation_runs"": 0.0, ""fm2_windowed_pass_frac"": 1.0, ""fm3_static_frac"": 0.6210416666666667, ""observed_duration_s"": 160.0, ""reproj_px_p50"": 43.83791946586247, ""reproj_shoulder_widths_p50"": 0.11878898455963315, ""unit_files"": 1.0, ""unit_flagged_frac"": 0.0, ""unit_hip_flexion_min"": 132.64889129240274, ""unit_knee_between_min"": 0.5193098154413117}",render
r4_349,fresh_pass_naturalistic_349_V00_S0595_I00000374_P0751_f0003858,V00_S0595_I00000374_P0751,naturalistic/train/0017/0009/V00_S0595_I00000374_P0751,naturalistic/train/0017/0043/V00_S0595_I00000374_P0298,fresh_pass_naturalistic,fresh,naturalistic,3858,V00,naturalistic,train,ipc_conversation,random draw from files passing all three detectors; participant not in the recheck cohort,"{""clip_anchored_on_fm2_violation"": false, ""flag_count"": 0, ""flags_fired"": """", ""fm1_hip_flexion_deg_p50"": 125.68766214092733, ""fm1_knee_between_torso_p50"": 0.5453489257298598, ""fm1_leg_over_torso_p50"": 0.9555841061418466, ""fm1_reasons"": """", ""fm1_shin_verticality_p50"": 0.9994449016152234, ""fm1_sitting_file"": false, ""fm1_sitting_participant"": false, ""fm1_unit"": ""0751@0595"", ""fm1_unit_basis"": ""none"", ""fm2_in_frame_and_valid_frac"": 1.0, ""fm2_pass_frac_round3_joints_only"": 1.0, ""fm2_smplh_valid_frac"": 1.0, ""fm2_surface_correction_px_p50"": 42.36005062360755, ""fm2_vertex_worst_inset_min_px"": 17.281908537445815, ""fm2_violation_run_max_frames"": 0.0, ""fm2_violation_runs"": 0.0, ""fm2_windowed_pass_frac"": 1.0, ""fm3_static_frac"": 0.017167919799498745, ""observed_duration_s"": 266.0, ""reproj_px_p50"": 30.705493792369573, ""reproj_shoulder_widths_p50"": 0.08153308531153386, ""unit_files"": 4.0, ""unit_flagged_frac"": 0.0, ""unit_hip_flexion_min"": 125.26199382850457, ""unit_knee_between_min"": 0.5380472564189501}",render
r4_350,fresh_pass_naturalistic_350_V00_S0493_I00000130_P0628_f0001638,V00_S0493_I00000130_P0628,naturalistic/train/0013/0035/V00_S0493_I00000130_P0628,naturalistic/train/0013/0023/V00_S0493_I00000130_P0239,fresh_pass_naturalistic,fresh,naturalistic,1638,V00,naturalistic,train,ipc_conversation,random draw from files passing all three detectors; participant not in the recheck cohort,"{""clip_anchored_on_fm2_violation"": false, ""flag_count"": 0, ""flags_fired"": """", ""fm1_hip_flexion_deg_p50"": 152.3478493104004, ""fm1_knee_between_torso_p50"": 0.5179760366080624, ""fm1_leg_over_torso_p50"": 1.491408168288745, ""fm1_reasons"": """", ""fm1_shin_verticality_p50"": 0.9997166732214766, ""fm1_sitting_file"": false, ""fm1_sitting_participant"": false, ""fm1_unit"": ""0628@0493"", ""fm1_unit_basis"": ""none"", ""fm2_in_frame_and_valid_frac"": 1.0, ""fm2_pass_frac_round3_joints_only"": 1.0, ""fm2_smplh_valid_frac"": 1.0, ""fm2_surface_correction_px_p50"": 39.125328601805734, ""fm2_vertex_worst_inset_min_px"": 92.8072366697387, ""fm2_violation_run_max_frames"": 0.0, ""fm2_violation_runs"": 0.0, ""fm2_windowed_pass_frac"": 1.0, ""fm3_static_frac"": 0.5388127853881278, ""observed_duration_s"": 146.0, ""reproj_px_p50"": 17.576853033854285, ""reproj_shoulder_widths_p50"": 0.055689987225315804, ""unit_files"": 3.0, ""unit_flagged_frac"": 0.0, ""unit_hip_flexion_min"": 152.3478493104004, ""unit_knee_between_min"": 0.5179760366080624}",render
r4_351,fresh_pass_naturalistic_351_V00_S0652_I00000132_P0809_f0001050,V00_S0652_I00000132_P0809,naturalistic/train/0019/0002/V00_S0652_I00000132_P0809,naturalistic/train/0019/0004/V00_S0652_I00000132_P0810,fresh_pass_naturalistic,fresh,naturalistic,1050,V00,naturalistic,train,ipc_conversation,random draw from files passing all three detectors; participant not in the recheck cohort,"{""clip_anchored_on_fm2_violation"": false, ""flag_count"": 0, ""flags_fired"": """", ""fm1_hip_flexion_deg_p50"": 143.06996719644795, ""fm1_knee_between_torso_p50"": 0.6073500077817453, ""fm1_leg_over_torso_p50"": 0.9495136011959111, ""fm1_reasons"": """", ""fm1_shin_verticality_p50"": 0.9992611746313143, ""fm1_sitting_file"": false, ""fm1_sitting_participant"": false, ""fm1_unit"": ""0809@0652"", ""fm1_unit_basis"": ""none"", ""fm2_in_frame_and_valid_frac"": 0.9902621722846442, ""fm2_pass_frac_round3_joints_only"": 0.9973782771535581, ""fm2_smplh_valid_frac"": 1.0, ""fm2_surface_correction_px_p50"": 46.19157078793103, ""fm2_vertex_worst_inset_min_px"": -18.416401161243016, ""fm2_violation_run_max_frames"": 14.0, ""fm2_violation_runs"": 12.0, ""fm2_windowed_pass_frac"": 0.8, ""fm3_static_frac"": 0.008614232209737827, ""observed_duration_s"": 178.0, ""reproj_px_p50"": 40.53377290942563, ""reproj_shoulder_widths_p50"": 0.10684724521211636, ""unit_files"": 3.0, ""unit_flagged_frac"": 0.0, ""unit_hip_flexion_min"": 138.92385774281297, ""unit_knee_between_min"": 0.5866885763770633}",render
r4_352,fresh_pass_improvised_352_V00_S1344_I00001005_P0085A_f0005326,V00_S1344_I00001005_P0085A,improvised/train/0030/0039/V00_S1344_I00001005_P0085A,improvised/train/0030/0012/V00_S1344_I00001005_P0955A,fresh_pass_improvised,fresh,improvised,5326,V00,improvised,train,ipc_conversation,random draw from files passing all three detectors; participant not in the recheck cohort,"{""clip_anchored_on_fm2_violation"": false, ""flag_count"": 0, ""flags_fired"": """", ""fm1_hip_flexion_deg_p50"": 152.228373421645, ""fm1_knee_between_torso_p50"": 0.5509363699869291, ""fm1_leg_over_torso_p50"": 1.166797846819062, ""fm1_reasons"": """", ""fm1_shin_verticality_p50"": 0.999634966991118, ""fm1_sitting_file"": false, ""fm1_sitting_participant"": false, ""fm1_unit"": ""0085A@1344"", ""fm1_unit_basis"": ""none"", ""fm2_in_frame_and_valid_frac"": 1.0, ""fm2_pass_frac_round3_joints_only"": 1.0, ""fm2_smplh_valid_frac"": 1.0, ""fm2_surface_correction_px_p50"": 36.93066333365016, ""fm2_vertex_worst_inset_min_px"": 87.80362743784121, ""fm2_violation_run_max_frames"": 0.0, ""fm2_violation_runs"": 0.0, ""fm2_windowed_pass_frac"": 1.0, ""fm3_static_frac"": 0.031081081081081083, ""observed_duration_s"": 222.0, ""reproj_px_p50"": 43.787370099157386, ""reproj_shoulder_widths_p50"": 0.13408375144714352, ""unit_files"": 3.0, ""unit_flagged_frac"": 0.0, ""unit_hip_flexion_min"": 152.02637907359605, ""unit_knee_between_min"": 0.5509363699869291}",render
r4_353,fresh_pass_improvised_353_V00_S0430_I00000581_P0565_f0001752,V00_S0430_I00000581_P0565,improvised/train/0009/0020/V00_S0430_I00000581_P0565,improvised/train/0009/0007/V00_S0430_I00000581_P0059A,fresh_pass_improvised,fresh,improvised,1752,V00,improvised,train,ipc_conversation,random draw from files passing all three detectors; participant not in the recheck cohort,"{""clip_anchored_on_fm2_violation"": false, ""flag_count"": 0, ""flags_fired"": """", ""fm1_hip_flexion_deg_p50"": 159.50385877961918, ""fm1_knee_between_torso_p50"": 0.5719649939607642, ""fm1_leg_over_torso_p50"": 1.2923061602282704, ""fm1_reasons"": """", ""fm1_shin_verticality_p50"": 0.9996349645855251, ""fm1_sitting_file"": false, ""fm1_sitting_participant"": false, ""fm1_unit"": ""0565@0430"", ""fm1_unit_basis"": ""none"", ""fm2_in_frame_and_valid_frac"": 0.9575892857142857, ""fm2_pass_frac_round3_joints_only"": 0.9601190476190476, ""fm2_smplh_valid_frac"": 1.0, ""fm2_surface_correction_px_p50"": 36.21708817873423, ""fm2_vertex_worst_inset_min_px"": -80.60704600416318, ""fm2_violation_run_max_frames"": 68.0, ""fm2_violation_runs"": 18.0, ""fm2_windowed_pass_frac"": 0.42857142857142855, ""fm3_static_frac"": 0.000744047619047619, ""observed_duration_s"": 224.0, ""reproj_px_p50"": 17.903070568164242, ""reproj_shoulder_widths_p50"": 0.05455139886781188, ""unit_files"": 1.0, ""unit_flagged_frac"": 0.0, ""unit_hip_flexion_min"": 159.50385877961918, ""unit_knee_between_min"": 0.5719649939607642}",render
r4_354,fresh_pass_improvised_354_V00_S0905_I00000131_P1004_f0001510,V00_S0905_I00000131_P1004,improvised/train/0019/0005/V00_S0905_I00000131_P1004,improvised/train/0019/0018/V00_S0905_I00000131_P0210A,fresh_pass_improvised,fresh,improvised,1510,V00,improvised,train,ipc_conversation,random draw from files passing all three detectors; participant not in the recheck cohort,"{""clip_anchored_on_fm2_violation"": false, ""flag_count"": 0, ""flags_fired"": """", ""fm1_hip_flexion_deg_p50"": 153.7673617682486, ""fm1_knee_between_torso_p50"": 0.6226973126918407, ""fm1_leg_over_torso_p50"": 1.0306308540543725, ""fm1_reasons"": """", ""fm1_shin_verticality_p50"": 0.9994801078333875, ""fm1_sitting_file"": false, ""fm1_sitting_participant"": false, ""fm1_unit"": ""1004@0905"", ""fm1_unit_basis"": ""none"", ""fm2_in_frame_and_valid_frac"": 1.0, ""fm2_pass_frac_round3_joints_only"": 1.0, ""fm2_smplh_valid_frac"": 1.0, ""fm2_surface_correction_px_p50"": 39.510107166706575, ""fm2_vertex_worst_inset_min_px"": 55.07191015258587, ""fm2_violation_run_max_frames"": 0.0, ""fm2_violation_runs"": 0.0, ""fm2_windowed_pass_frac"": 1.0, ""fm3_static_frac"": 0.30698412698412697, ""observed_duration_s"": 210.0, ""reproj_px_p50"": 47.42994451065388, ""reproj_shoulder_widths_p50"": 0.14812342284668073, ""unit_files"": 3.0, ""unit_flagged_frac"": 0.0, ""unit_hip_flexion_min"": 144.92817221440174, ""unit_knee_between_min"": 0.58791709155116}",render
r4_355,fresh_pass_improvised_355_V00_S0852_I00000488_P0658A_f0000155,V00_S0852_I00000488_P0658A,improvised/train/0017/0045/V00_S0852_I00000488_P0658A,improvised/train/0017/0056/V00_S0852_I00000488_P0974,fresh_pass_improvised,fresh,improvised,155,V00,improvised,train,ipc_conversation,random draw from files passing all three detectors; participant not in the recheck cohort,"{""clip_anchored_on_fm2_violation"": false, ""flag_count"": 0, ""flags_fired"": """", ""fm1_hip_flexion_deg_p50"": 146.11618610908363, ""fm1_knee_between_torso_p50"": 0.5497333361496924, ""fm1_leg_over_torso_p50"": 1.2169434146032758, ""fm1_reasons"": """", ""fm1_shin_verticality_p50"": 0.9982743828575155, ""fm1_sitting_file"": false, ""fm1_sitting_participant"": false, ""fm1_unit"": ""0658A@0852"", ""fm1_unit_basis"": ""none"", ""fm2_in_frame_and_valid_frac"": 0.9991421568627451, ""fm2_pass_frac_round3_joints_only"": 0.9992647058823529, ""fm2_smplh_valid_frac"": 1.0, ""fm2_surface_correction_px_p50"": 32.17927430533564, ""fm2_vertex_worst_inset_min_px"": -90.36728428564822, ""fm2_violation_run_max_frames"": 7.0, ""fm2_violation_runs"": 1.0, ""fm2_windowed_pass_frac"": 0.8888888888888888, ""fm3_static_frac"": 0.10232843137254902, ""observed_duration_s"": 272.0, ""reproj_px_p50"": 37.409644132437634, ""reproj_shoulder_widths_p50"": 0.12503678658402606, ""unit_files"": 1.0, ""unit_flagged_frac"": 0.0, ""unit_hip_flexion_min"": 146.11618610908363, ""unit_knee_between_min"": 0.5497333361496924}",render
r4_356,fresh_pass_improvised_356_V00_S1403_I00001039_P0557A_f0003470,V00_S1403_I00001039_P0557A,improvised/train/0032/0003/V00_S1403_I00001039_P0557A,improvised/train/0032/0002/V00_S1403_I00001039_P0388A,fresh_pass_improvised,fresh,improvised,3470,V00,improvised,train,ipc_conversation,random draw from files passing all three detectors; participant not in the recheck cohort,"{""clip_anchored_on_fm2_violation"": false, ""flag_count"": 0, ""flags_fired"": """", ""fm1_hip_flexion_deg_p50"": 156.5275692913853, ""fm1_knee_between_torso_p50"": 0.5521675623245657, ""fm1_leg_over_torso_p50"": 1.3254451613631955, ""fm1_reasons"": """", ""fm1_shin_verticality_p50"": 0.9985422808764457, ""fm1_sitting_file"": false, ""fm1_sitting_participant"": false, ""fm1_unit"": ""0557A@1403"", ""fm1_unit_basis"": ""none"", ""fm2_in_frame_and_valid_frac"": 1.0, ""fm2_pass_frac_round3_joints_only"": 1.0, ""fm2_smplh_valid_frac"": 1.0, ""fm2_surface_correction_px_p50"": 30.426090558022565, ""fm2_vertex_worst_inset_min_px"": 94.23404116248605, ""fm2_violation_run_max_frames"": 0.0, ""fm2_violation_runs"": 0.0, ""fm2_windowed_pass_frac"": 1.0, ""fm3_static_frac"": 0.5424358974358975, ""observed_duration_s"": 260.0, ""reproj_px_p50"": 41.1746562289985, ""reproj_shoulder_widths_p50"": 0.14169874835636145, ""unit_files"": 2.0, ""unit_flagged_frac"": 0.0, ""unit_hip_flexion_min"": 154.5025539031853, ""unit_knee_between_min"": 0.5516075784798444}",render
r4_357,fresh_pass_improvised_357_V00_S1915_I00001097_P0920A_f0001389,V00_S1915_I00001097_P0920A,improvised/train/0047/0010/V00_S1915_I00001097_P0920A,improvised/train/0047/0014/V00_S1915_I00001097_P1147A,fresh_pass_improvised,fresh,improvised,1389,V00,improvised,train,ipc_conversation,random draw from files passing all three detectors; participant not in the recheck cohort,"{""clip_anchored_on_fm2_violation"": false, ""flag_count"": 0, ""flags_fired"": """", ""fm1_hip_flexion_deg_p50"": 163.70597390864987, ""fm1_knee_between_torso_p50"": 0.5842691319621045, ""fm1_leg_over_torso_p50"": 1.1908191014972997, ""fm1_reasons"": """", ""fm1_shin_verticality_p50"": 0.9983713164781609, ""fm1_sitting_file"": false, ""fm1_sitting_participant"": false, ""fm1_unit"": ""0920A@1915"", ""fm1_unit_basis"": ""none"", ""fm2_in_frame_and_valid_frac"": 0.9994553376906318, ""fm2_pass_frac_round3_joints_only"": 1.0, ""fm2_smplh_valid_frac"": 1.0, ""fm2_surface_correction_px_p50"": 94.38180123867522, ""fm2_vertex_worst_inset_min_px"": -3.023026159004985, ""fm2_violation_run_max_frames"": 3.0, ""fm2_violation_runs"": 2.0, ""fm2_windowed_pass_frac"": 1.0, ""fm3_static_frac"": 0.11688453159041394, ""observed_duration_s"": 306.0, ""reproj_px_p50"": 27.49342708254569, ""reproj_shoulder_widths_p50"": 0.10470570814254934, ""unit_files"": 1.0, ""unit_flagged_frac"": 0.0, ""unit_hip_flexion_min"": 163.70597390864987, ""unit_knee_between_min"": 0.5842691319621045}",render
r4_358,fresh_pass_improvised_358_V00_S0056_I00000377_P0086_f0001462,V00_S0056_I00000377_P0086,improvised/train/0000/0017/V00_S0056_I00000377_P0086,improvised/train/0000/0023/V00_S0056_I00000377_P0027A,fresh_pass_improvised,fresh,improvised,1462,V00,improvised,train,ipc_conversation,random draw from files passing all three detectors; participant not in the recheck cohort,"{""clip_anchored_on_fm2_violation"": false, ""flag_count"": 0, ""flags_fired"": """", ""fm1_hip_flexion_deg_p50"": 144.53122710272635, ""fm1_knee_between_torso_p50"": 0.5122371881309253, ""fm1_leg_over_torso_p50"": 1.5553989444582679, ""fm1_reasons"": """", ""fm1_shin_verticality_p50"": 0.9967290694211908, ""fm1_sitting_file"": false, ""fm1_sitting_participant"": false, ""fm1_unit"": ""0086@0056"", ""fm1_unit_basis"": ""none"", ""fm2_in_frame_and_valid_frac"": 0.9966666666666667, ""fm2_pass_frac_round3_joints_only"": 0.997037037037037, ""fm2_smplh_valid_frac"": 1.0, ""fm2_surface_correction_px_p50"": 37.90105117231258, ""fm2_vertex_worst_inset_min_px"": -27.837338572252293, ""fm2_violation_run_max_frames"": 9.0, ""fm2_violation_runs"": 1.0, ""fm2_windowed_pass_frac"": 0.6666666666666666, ""fm3_static_frac"": 0.18296296296296297, ""observed_duration_s"": 90.0, ""reproj_px_p50"": 20.145543071296295, ""reproj_shoulder_widths_p50"": 0.06797272178454447, ""unit_files"": 2.0, ""unit_flagged_frac"": 0.0, ""unit_hip_flexion_min"": 144.53122710272635, ""unit_knee_between_min"": 0.5119507682211357}",render
r4_359,fresh_pass_improvised_359_V00_S1467_I00000711_P0955A_f0000677,V00_S1467_I00000711_P0955A,improvised/train/0034/0042/V00_S1467_I00000711_P0955A,improvised/train/0034/0058/V00_S1467_I00000711_P1115A,fresh_pass_improvised,fresh,improvised,677,V00,improvised,train,ipc_conversation,random draw from files passing all three detectors; participant not in the recheck cohort,"{""clip_anchored_on_fm2_violation"": false, ""flag_count"": 0, ""flags_fired"": """", ""fm1_hip_flexion_deg_p50"": 162.85427515647234, ""fm1_knee_between_torso_p50"": 0.5895540746592958, ""fm1_leg_over_torso_p50"": 1.2795481528706427, ""fm1_reasons"": """", ""fm1_shin_verticality_p50"": 0.999614419321722, ""fm1_sitting_file"": false, ""fm1_sitting_participant"": false, ""fm1_unit"": ""0955A@1467"", ""fm1_unit_basis"": ""none"", ""fm2_in_frame_and_valid_frac"": 0.9984042553191489, ""fm2_pass_frac_round3_joints_only"": 0.9984042553191489, ""fm2_smplh_valid_frac"": 1.0, ""fm2_surface_correction_px_p50"": 37.608308703115654, ""fm2_vertex_worst_inset_min_px"": -85.93016160191883, ""fm2_violation_run_max_frames"": 13.0, ""fm2_violation_runs"": 2.0, ""fm2_windowed_pass_frac"": 0.8333333333333334, ""fm3_static_frac"": 0.10230496453900709, ""observed_duration_s"": 376.0, ""reproj_px_p50"": 25.029032804010974, ""reproj_shoulder_widths_p50"": 0.08172464912850974, ""unit_files"": 3.0, ""unit_flagged_frac"": 0.0, ""unit_hip_flexion_min"": 162.85427515647234, ""unit_knee_between_min"": 0.587273954820411}",render
r4_360,fresh_pass_improvised_360_V00_S1029_I00000144_P1061_f0003664,V00_S1029_I00000144_P1061,improvised/train/0022/0034/V00_S1029_I00000144_P1061,improvised/train/0022/0069/V00_S1029_I00000144_P0250A,fresh_pass_improvised,fresh,improvised,3664,V00,improvised,train,ipc_conversation,random draw from files passing all three detectors; participant not in the recheck cohort,"{""clip_anchored_on_fm2_violation"": false, ""flag_count"": 0, ""flags_fired"": """", ""fm1_hip_flexion_deg_p50"": 167.714709714844, ""fm1_knee_between_torso_p50"": 0.5834674390572342, ""fm1_leg_over_torso_p50"": 1.2763979587821117, ""fm1_reasons"": """", ""fm1_shin_verticality_p50"": 0.9997026856576272, ""fm1_sitting_file"": false, ""fm1_sitting_participant"": false, ""fm1_unit"": ""1061@1029"", ""fm1_unit_basis"": ""none"", ""fm2_in_frame_and_valid_frac"": 1.0, ""fm2_pass_frac_round3_joints_only"": 1.0, ""fm2_smplh_valid_frac"": 1.0, ""fm2_surface_correction_px_p50"": 38.604989779769994, ""fm2_vertex_worst_inset_min_px"": 73.86333223230531, ""fm2_violation_run_max_frames"": 0.0, ""fm2_violation_runs"": 0.0, ""fm2_windowed_pass_frac"": 1.0, ""fm3_static_frac"": 0.5457044673539518, ""observed_duration_s"": 194.0, ""reproj_px_p50"": 23.010019324203242, ""reproj_shoulder_widths_p50"": 0.07170641187820775, ""unit_files"": 1.0, ""unit_flagged_frac"": 0.0, ""unit_hip_flexion_min"": 167.714709714844, ""unit_knee_between_min"": 0.5834674390572342}",render
r4_361,fresh_pass_improvised_361_V00_S0836_I00000135_P0966_f0001129,V00_S0836_I00000135_P0966,improvised/train/0017/0037/V00_S0836_I00000135_P0966,improvised/train/0017/0011/V00_S0836_I00000135_P0026A,fresh_pass_improvised,fresh,improvised,1129,V00,improvised,train,collaborative_storytelling,random draw from files passing all three detectors; participant not in the recheck cohort,"{""clip_anchored_on_fm2_violation"": false, ""flag_count"": 0, ""flags_fired"": """", ""fm1_hip_flexion_deg_p50"": 162.26531537977644, ""fm1_knee_between_torso_p50"": 0.6151311938627759, ""fm1_leg_over_torso_p50"": 1.1093497361971896, ""fm1_reasons"": """", ""fm1_shin_verticality_p50"": 0.999512073472497, ""fm1_sitting_file"": false, ""fm1_sitting_participant"": false, ""fm1_unit"": ""0966@0836"", ""fm1_unit_basis"": ""none"", ""fm2_in_frame_and_valid_frac"": 0.9996666666666667, ""fm2_pass_frac_round3_joints_only"": 1.0, ""fm2_smplh_valid_frac"": 1.0, ""fm2_surface_correction_px_p50"": 41.036337356272384, ""fm2_vertex_worst_inset_min_px"": 4.7002031528938915, ""fm2_violation_run_max_frames"": 1.0, ""fm2_violation_runs"": 1.0, ""fm2_windowed_pass_frac"": 1.0, ""fm3_static_frac"": 0.284, ""observed_duration_s"": 100.0, ""reproj_px_p50"": 33.70928090204792, ""reproj_shoulder_widths_p50"": 0.11338498604351614, ""unit_files"": 1.0, ""unit_flagged_frac"": 0.0, ""unit_hip_flexion_min"": 162.26531537977644, ""unit_knee_between_min"": 0.6151311938627759}",render
r4_362,fresh_pass_improvised_362_V00_S1794_I00000666_P0106A_f0001377,V00_S1794_I00000666_P0106A,improvised/train/0044/0057/V00_S1794_I00000666_P0106A,improvised/train/0044/0023/V00_S1794_I00000666_P0974A,fresh_pass_improvised,fresh,improvised,1377,V00,improvised,train,ipc_conversation,random draw from files passing all three detectors; participant not in the recheck cohort,"{""clip_anchored_on_fm2_violation"": false, ""flag_count"": 0, ""flags_fired"": """", ""fm1_hip_flexion_deg_p50"": 161.32528262404696, ""fm1_knee_between_torso_p50"": 0.5505432854494731, ""fm1_leg_over_torso_p50"": 1.3429637527841338, ""fm1_reasons"": """", ""fm1_shin_verticality_p50"": 0.996729032909305, ""fm1_sitting_file"": false, ""fm1_sitting_participant"": false, ""fm1_unit"": ""0106A@1794"", ""fm1_unit_basis"": ""none"", ""fm2_in_frame_and_valid_frac"": 1.0, ""fm2_pass_frac_round3_joints_only"": 1.0, ""fm2_smplh_valid_frac"": 1.0, ""fm2_surface_correction_px_p50"": 25.870451919837137, ""fm2_vertex_worst_inset_min_px"": 105.93904618861893, ""fm2_violation_run_max_frames"": 0.0, ""fm2_violation_runs"": 0.0, ""fm2_windowed_pass_frac"": 1.0, ""fm3_static_frac"": 0.545631067961165, ""observed_duration_s"": 206.0, ""reproj_px_p50"": 39.100606697736076, ""reproj_shoulder_widths_p50"": 0.14305372598497162, ""unit_files"": 1.0, ""unit_flagged_frac"": 0.0, ""unit_hip_flexion_min"": 161.32528262404696, ""unit_knee_between_min"": 0.5505432854494731}",render
r4_363,fresh_pass_improvised_363_V00_S2029_I00001071_P1287A_f0001621,V00_S2029_I00001071_P1287A,improvised/train/0048/0021/V00_S2029_I00001071_P1287A,improvised/train/0048/0020/V00_S2029_I00001071_P1286A,fresh_pass_improvised,fresh,improvised,1621,V00,improvised,train,ipc_conversation,random draw from files passing all three detectors; participant not in the recheck cohort,"{""clip_anchored_on_fm2_violation"": false, ""flag_count"": 0, ""flags_fired"": """", ""fm1_hip_flexion_deg_p50"": 154.5104037317459, ""fm1_knee_between_torso_p50"": 0.5814492450642317, ""fm1_leg_over_torso_p50"": 1.1999485271855928, ""fm1_reasons"": """", ""fm1_shin_verticality_p50"": 0.9995120800522541, ""fm1_sitting_file"": false, ""fm1_sitting_participant"": false, ""fm1_unit"": ""1287A@2029"", ""fm1_unit_basis"": ""none"", ""fm2_in_frame_and_valid_frac"": 1.0, ""fm2_pass_frac_round3_joints_only"": 1.0, ""fm2_smplh_valid_frac"": 1.0, ""fm2_surface_correction_px_p50"": 45.36590482610211, ""fm2_vertex_worst_inset_min_px"": 9.927992318745964, ""fm2_violation_run_max_frames"": 0.0, ""fm2_violation_runs"": 0.0, ""fm2_windowed_pass_frac"": 1.0, ""fm3_static_frac"": 0.4398692810457516, ""observed_duration_s"": 204.0, ""reproj_px_p50"": 35.64828852266683, ""reproj_shoulder_widths_p50"": 0.10698746073440496, ""unit_files"": 2.0, ""unit_flagged_frac"": 0.0, ""unit_hip_flexion_min"": 154.5104037317459, ""unit_knee_between_min"": 0.5646259840742553}",render
r4_364,fresh_pass_improvised_364_V00_S0266_I00000477_P0363_f0001518,V00_S0266_I00000477_P0363,improvised/train/0006/0039/V00_S0266_I00000477_P0363,improvised/train/0006/0028/V00_S0266_I00000477_P0006A,fresh_pass_improvised,fresh,improvised,1518,V00,improvised,train,ipc_conversation,random draw from files passing all three detectors; participant not in the recheck cohort,"{""clip_anchored_on_fm2_violation"": false, ""flag_count"": 0, ""flags_fired"": """", ""fm1_hip_flexion_deg_p50"": 135.1089723203671, ""fm1_knee_between_torso_p50"": 0.5314649576134554, ""fm1_leg_over_torso_p50"": 1.044418752203058, ""fm1_reasons"": """", ""fm1_shin_verticality_p50"": 0.9995411782686081, ""fm1_sitting_file"": false, ""fm1_sitting_participant"": false, ""fm1_unit"": ""0363@0266"", ""fm1_unit_basis"": ""none"", ""fm2_in_frame_and_valid_frac"": 0.9974358974358974, ""fm2_pass_frac_round3_joints_only"": 1.0, ""fm2_smplh_valid_frac"": 1.0, ""fm2_surface_correction_px_p50"": 45.877714234735436, ""fm2_vertex_worst_inset_min_px"": 7.595988392317395, ""fm2_violation_run_max_frames"": 5.0, ""fm2_violation_runs"": 5.0, ""fm2_windowed_pass_frac"": 1.0, ""fm3_static_frac"": 0.5846153846153846, ""observed_duration_s"": 156.0, ""reproj_px_p50"": 51.72848906057957, ""reproj_shoulder_widths_p50"": 0.1398918996068033, ""unit_files"": 4.0, ""unit_flagged_frac"": 0.0, ""unit_hip_flexion_min"": 129.52727014777176, ""unit_knee_between_min"": 0.5313536816067344}",render
r4_365,fresh_pass_improvised_365_V00_S0710_I00000377_P0015_f0001716,V00_S0710_I00000377_P0015,improvised/train/0014/0030/V00_S0710_I00000377_P0015,improvised/train/0014/0021/V00_S0710_I00000377_P0012A,fresh_pass_improvised,fresh,improvised,1716,V00,improvised,train,ipc_conversation,random draw from files passing all three detectors; participant not in the recheck cohort,"{""clip_anchored_on_fm2_violation"": false, ""flag_count"": 0, ""flags_fired"": """", ""fm1_hip_flexion_deg_p50"": 154.26927603215645, ""fm1_knee_between_torso_p50"": 0.5266217176037424, ""fm1_leg_over_torso_p50"": 1.5016997118204187, ""fm1_reasons"": """", ""fm1_shin_verticality_p50"": 0.9987523508620462, ""fm1_sitting_file"": false, ""fm1_sitting_participant"": false, ""fm1_unit"": ""0015@0710"", ""fm1_unit_basis"": ""none"", ""fm2_in_frame_and_valid_frac"": 1.0, ""fm2_pass_frac_round3_joints_only"": 1.0, ""fm2_smplh_valid_frac"": 1.0, ""fm2_surface_correction_px_p50"": 28.02559955436368, ""fm2_vertex_worst_inset_min_px"": 0.08415361065681282, ""fm2_violation_run_max_frames"": 0.0, ""fm2_violation_runs"": 0.0, ""fm2_windowed_pass_frac"": 1.0, ""fm3_static_frac"": 0.021691176470588235, ""observed_duration_s"": 272.0, ""reproj_px_p50"": 15.384127264822745, ""reproj_shoulder_widths_p50"": 0.05386354456397338, ""unit_files"": 2.0, ""unit_flagged_frac"": 0.0, ""unit_hip_flexion_min"": 151.7581407719332, ""unit_knee_between_min"": 0.5180246013590639}",render
r4_366,fresh_pass_improvised_366_V00_S0486_I00000135_P0229A_f0002916,V00_S0486_I00000135_P0229A,improvised/train/0010/0034/V00_S0486_I00000135_P0229A,improvised/train/0010/0004/V00_S0486_I00000135_P0622,fresh_pass_improvised,fresh,improvised,2916,V00,improvised,train,collaborative_storytelling,random draw from files passing all three detectors; participant not in the recheck cohort,"{""clip_anchored_on_fm2_violation"": false, ""flag_count"": 0, ""flags_fired"": """", ""fm1_hip_flexion_deg_p50"": 144.9607204053616, ""fm1_knee_between_torso_p50"": 0.5231905935020947, ""fm1_leg_over_torso_p50"": 1.3411509561591441, ""fm1_reasons"": """", ""fm1_shin_verticality_p50"": 0.9945054655431098, ""fm1_sitting_file"": false, ""fm1_sitting_participant"": false, ""fm1_unit"": ""0229A@0486"", ""fm1_unit_basis"": ""none"", ""fm2_in_frame_and_valid_frac"": 0.9955673758865248, ""fm2_pass_frac_round3_joints_only"": 0.9976950354609929, ""fm2_smplh_valid_frac"": 1.0, ""fm2_surface_correction_px_p50"": 41.105133639205064, ""fm2_vertex_worst_inset_min_px"": -26.540010727706886, ""fm2_violation_run_max_frames"": 25.0, ""fm2_violation_runs"": 1.0, ""fm2_windowed_pass_frac"": 0.8333333333333334, ""fm3_static_frac"": 0.7398936170212767, ""observed_duration_s"": 188.0, ""reproj_px_p50"": 20.895579635797265, ""reproj_shoulder_widths_p50"": 0.059561794050493874, ""unit_files"": 1.0, ""unit_flagged_frac"": 0.0, ""unit_hip_flexion_min"": 144.9607204053616, ""unit_knee_between_min"": 0.5231905935020947}",render
r4_367,fresh_pass_improvised_367_V00_S0640_I00000484_P0229A_f0004559,V00_S0640_I00000484_P0229A,improvised/train/0012/0044/V00_S0640_I00000484_P0229A,improvised/train/0012/0040/V00_S0640_I00000484_P0798,fresh_pass_improvised,fresh,improvised,4559,V00,improvised,train,ipc_conversation,random draw from files passing all three detectors; participant not in the recheck cohort,"{""clip_anchored_on_fm2_violation"": false, ""flag_count"": 0, ""flags_fired"": """", ""fm1_hip_flexion_deg_p50"": 150.16027228933504, ""fm1_knee_between_torso_p50"": 0.5430967808059919, ""fm1_leg_over_torso_p50"": 1.3683258807750245, ""fm1_reasons"": """", ""fm1_shin_verticality_p50"": 0.993883697750717, ""fm1_sitting_file"": false, ""fm1_sitting_participant"": false, ""fm1_unit"": ""0229A@0640"", ""fm1_unit_basis"": ""none"", ""fm2_in_frame_and_valid_frac"": 0.9996913580246913, ""fm2_pass_frac_round3_joints_only"": 1.0, ""fm2_smplh_valid_frac"": 1.0, ""fm2_surface_correction_px_p50"": 41.24369451993425, ""fm2_vertex_worst_inset_min_px"": 6.39174213251647, ""fm2_violation_run_max_frames"": 3.0, ""fm2_violation_runs"": 1.0, ""fm2_windowed_pass_frac"": 1.0, ""fm3_static_frac"": 0.294238683127572, ""observed_duration_s"": 324.0, ""reproj_px_p50"": 18.21646415031128, ""reproj_shoulder_widths_p50"": 0.05386521000824644, ""unit_files"": 3.0, ""unit_flagged_frac"": 0.0, ""unit_hip_flexion_min"": 147.48061260564725, ""unit_knee_between_min"": 0.5375958137830497}",render
r4_368,fresh_pass_improvised_368_V00_S0338_I00000537_P0454_f0003298,V00_S0338_I00000537_P0454,improvised/train/0008/0015/V00_S0338_I00000537_P0454,improvised/train/0008/0034/V00_S0338_I00000537_P0028A,fresh_pass_improvised,fresh,improvised,3298,V00,improvised,train,ipc_conversation,random draw from files passing all three detectors; participant not in the recheck cohort,"{""clip_anchored_on_fm2_violation"": false, ""flag_count"": 0, ""flags_fired"": """", ""fm1_hip_flexion_deg_p50"": 142.07215127002615, ""fm1_knee_between_torso_p50"": 0.6061082078662604, ""fm1_leg_over_torso_p50"": 1.0311825065905564, ""fm1_reasons"": """", ""fm1_shin_verticality_p50"": 0.9994059932815951, ""fm1_sitting_file"": false, ""fm1_sitting_participant"": false, ""fm1_unit"": ""0454@0338"", ""fm1_unit_basis"": ""none"", ""fm2_in_frame_and_valid_frac"": 1.0, ""fm2_pass_frac_round3_joints_only"": 1.0, ""fm2_smplh_valid_frac"": 1.0, ""fm2_surface_correction_px_p50"": 48.87208666806316, ""fm2_vertex_worst_inset_min_px"": 28.518112320100386, ""fm2_violation_run_max_frames"": 0.0, ""fm2_violation_runs"": 0.0, ""fm2_windowed_pass_frac"": 1.0, ""fm3_static_frac"": 0.09626168224299066, ""observed_duration_s"": 214.0, ""reproj_px_p50"": 17.164322832070532, ""reproj_shoulder_widths_p50"": 0.04596238251349252, ""unit_files"": 2.0, ""unit_flagged_frac"": 0.0, ""unit_hip_flexion_min"": 140.25055844595602, ""unit_knee_between_min"": 0.6031981700451277}",render
r4_369,fresh_pass_improvised_369_V00_S0194_I00000536_P0266_f0000357,V00_S0194_I00000536_P0266,improvised/train/0004/0012/V00_S0194_I00000536_P0266,improvised/train/0004/0010/V00_S0194_I00000536_P0005A,fresh_pass_improvised,fresh,improvised,357,V00,improvised,train,ipc_conversation,random draw from files passing all three detectors; participant not in the recheck cohort,"{""clip_anchored_on_fm2_violation"": false, ""flag_count"": 0, ""flags_fired"": """", ""fm1_hip_flexion_deg_p50"": 139.39803073693759, ""fm1_knee_between_torso_p50"": 0.5201385628029721, ""fm1_leg_over_torso_p50"": 1.2304916592126647, ""fm1_reasons"": """", ""fm1_shin_verticality_p50"": 0.9996144244965333, ""fm1_sitting_file"": false, ""fm1_sitting_participant"": false, ""fm1_unit"": ""0266@0194"", ""fm1_unit_basis"": ""none"", ""fm2_in_frame_and_valid_frac"": 1.0, ""fm2_pass_frac_round3_joints_only"": 1.0, ""fm2_smplh_valid_frac"": 1.0, ""fm2_surface_correction_px_p50"": 40.83683033308546, ""fm2_vertex_worst_inset_min_px"": 75.88935027847924, ""fm2_violation_run_max_frames"": 0.0, ""fm2_violation_runs"": 0.0, ""fm2_windowed_pass_frac"": 1.0, ""fm3_static_frac"": 0.03676975945017182, ""observed_duration_s"": 194.0, ""reproj_px_p50"": 45.72761888826392, ""reproj_shoulder_widths_p50"": 0.12103501471652242, ""unit_files"": 1.0, ""unit_flagged_frac"": 0.0, ""unit_hip_flexion_min"": 139.39803073693759, ""unit_knee_between_min"": 0.5201385628029721}",render
r4_370,fresh_pass_improvised_370_V00_S0940_I00000307_P1036_f0001708,V00_S0940_I00000307_P1036,improvised/train/0019/0026/V00_S0940_I00000307_P1036,improvised/train/0019/0003/V00_S0940_I00000307_P0210A,fresh_pass_improvised,fresh,improvised,1708,V00,improvised,train,ipc_conversation,random draw from files passing all three detectors; participant not in the recheck cohort,"{""clip_anchored_on_fm2_violation"": false, ""flag_count"": 0, ""flags_fired"": """", ""fm1_hip_flexion_deg_p50"": 153.31413378552452, ""fm1_knee_between_torso_p50"": 0.6025286070742781, ""fm1_leg_over_torso_p50"": 1.043837275471104, ""fm1_reasons"": """", ""fm1_shin_verticality_p50"": 0.999480109228844, ""fm1_sitting_file"": false, ""fm1_sitting_participant"": false, ""fm1_unit"": ""1036@0940"", ""fm1_unit_basis"": ""none"", ""fm2_in_frame_and_valid_frac"": 1.0, ""fm2_pass_frac_round3_joints_only"": 1.0, ""fm2_smplh_valid_frac"": 1.0, ""fm2_surface_correction_px_p50"": 42.85626433301138, ""fm2_vertex_worst_inset_min_px"": 118.2994167295792, ""fm2_violation_run_max_frames"": 0.0, ""fm2_violation_runs"": 0.0, ""fm2_windowed_pass_frac"": 1.0, ""fm3_static_frac"": 0.5574404761904762, ""observed_duration_s"": 224.0, ""reproj_px_p50"": 42.982937548202614, ""reproj_shoulder_widths_p50"": 0.12349014169404265, ""unit_files"": 1.0, ""unit_flagged_frac"": 0.0, ""unit_hip_flexion_min"": 153.31413378552452, ""unit_knee_between_min"": 0.6025286070742781}",render
r4_371,fresh_pass_improvised_371_V00_S1285_I00001070_P0085A_f0012059,V00_S1285_I00001070_P0085A,improvised/train/0029/0055/V00_S1285_I00001070_P0085A,improvised/train/0029/0029/V00_S1285_I00001070_P0229A,fresh_pass_improvised,fresh,improvised,12059,V00,improvised,train,ipc_conversation,random draw from files passing all three detectors; participant not in the recheck cohort,"{""clip_anchored_on_fm2_violation"": false, ""flag_count"": 0, ""flags_fired"": """", ""fm1_hip_flexion_deg_p50"": 159.09581899545105, ""fm1_knee_between_torso_p50"": 0.5529137086197783, ""fm1_leg_over_torso_p50"": 1.3067033510077746, ""fm1_reasons"": """", ""fm1_shin_verticality_p50"": 0.9968981495727458, ""fm1_sitting_file"": false, ""fm1_sitting_participant"": false, ""fm1_unit"": ""0085A@1285"", ""fm1_unit_basis"": ""none"", ""fm2_in_frame_and_valid_frac"": 0.9950070323488045, ""fm2_pass_frac_round3_joints_only"": 0.9962728551336146, ""fm2_smplh_valid_frac"": 1.0, ""fm2_surface_correction_px_p50"": 30.181503335193725, ""fm2_vertex_worst_inset_min_px"": -46.05374324561285, ""fm2_violation_run_max_frames"": 30.0, ""fm2_violation_runs"": 8.0, ""fm2_windowed_pass_frac"": 0.8666666666666667, ""fm3_static_frac"": 0.05843881856540084, ""observed_duration_s"": 474.0, ""reproj_px_p50"": 41.48654148186606, ""reproj_shoulder_widths_p50"": 0.13531125416293574, ""unit_files"": 1.0, ""unit_flagged_frac"": 0.0, ""unit_hip_flexion_min"": 159.09581899545105, ""unit_knee_between_min"": 0.5529137086197783}",render
r4_372,fresh_pass_improvised_372_V00_S1491_I00001082_P0976A_f0007636,V00_S1491_I00001082_P0976A,improvised/train/0035/0037/V00_S1491_I00001082_P0976A,improvised/train/0035/0022/V00_S1491_I00001082_P0744A,fresh_pass_improvised,fresh,improvised,7636,V00,improvised,train,ipc_conversation,random draw from files passing all three detectors; participant not in the recheck cohort,"{""clip_anchored_on_fm2_violation"": false, ""flag_count"": 0, ""flags_fired"": """", ""fm1_hip_flexion_deg_p50"": 163.21596940924258, ""fm1_knee_between_torso_p50"": 0.5475386257947905, ""fm1_leg_over_torso_p50"": 1.4850421516031318, ""fm1_reasons"": """", ""fm1_shin_verticality_p50"": 0.9997026914452412, ""fm1_sitting_file"": false, ""fm1_sitting_participant"": false, ""fm1_unit"": ""0976A@1491"", ""fm1_unit_basis"": ""none"", ""fm2_in_frame_and_valid_frac"": 0.9986542443064182, ""fm2_pass_frac_round3_joints_only"": 0.9990683229813665, ""fm2_smplh_valid_frac"": 1.0, ""fm2_surface_correction_px_p50"": 28.496665960732685, ""fm2_vertex_worst_inset_min_px"": -14.361609349953142, ""fm2_violation_run_max_frames"": 11.0, ""fm2_violation_runs"": 2.0, ""fm2_windowed_pass_frac"": 0.8, ""fm3_static_frac"": 0.00010351966873706004, ""observed_duration_s"": 322.0, ""reproj_px_p50"": 21.198136245273954, ""reproj_shoulder_widths_p50"": 0.07327131107732615, ""unit_files"": 1.0, ""unit_flagged_frac"": 0.0, ""unit_hip_flexion_min"": 163.21596940924258, ""unit_knee_between_min"": 0.5475386257947905}",render
r4_373,fresh_pass_improvised_373_V00_S0740_I00000952_P0012A_f0003934,V00_S0740_I00000952_P0012A,improvised/train/0014/0020/V00_S0740_I00000952_P0012A,improvised/train/0014/0048/V00_S0740_I00000952_P0230A,fresh_pass_improvised,fresh,improvised,3934,V00,improvised,train,ipc_conversation,random draw from files passing all three detectors; participant not in the recheck cohort,"{""clip_anchored_on_fm2_violation"": false, ""flag_count"": 0, ""flags_fired"": """", ""fm1_hip_flexion_deg_p50"": 148.14827585037304, ""fm1_knee_between_torso_p50"": 0.5627348257201037, ""fm1_leg_over_torso_p50"": 1.3047753356950256, ""fm1_reasons"": """", ""fm1_shin_verticality_p50"": 0.9995920966184669, ""fm1_sitting_file"": false, ""fm1_sitting_participant"": false, ""fm1_unit"": ""0012A@0740"", ""fm1_unit_basis"": ""none"", ""fm2_in_frame_and_valid_frac"": 0.9617788461538461, ""fm2_pass_frac_round3_joints_only"": 0.9741987179487179, ""fm2_smplh_valid_frac"": 1.0, ""fm2_surface_correction_px_p50"": 40.372082204597405, ""fm2_vertex_worst_inset_min_px"": -70.80438803753304, ""fm2_violation_run_max_frames"": 36.0, ""fm2_violation_runs"": 62.0, ""fm2_windowed_pass_frac"": 0.23076923076923078, ""fm3_static_frac"": 0.5883814102564102, ""observed_duration_s"": 416.0, ""reproj_px_p50"": 28.96277193197602, ""reproj_shoulder_widths_p50"": 0.08539288945110156, ""unit_files"": 2.0, ""unit_flagged_frac"": 0.0, ""unit_hip_flexion_min"": 148.09454397454277, ""unit_knee_between_min"": 0.5627348257201037}",render
r4_374,fresh_pass_improvised_374_V00_S0259_I00000128_P0050_f0003292,V00_S0259_I00000128_P0050,improvised/train/0006/0025/V00_S0259_I00000128_P0050,improvised/train/0006/0014/V00_S0259_I00000128_P0085A,fresh_pass_improvised,fresh,improvised,3292,V00,improvised,train,ipc_conversation,random draw from files passing all three detectors; participant not in the recheck cohort,"{""clip_anchored_on_fm2_violation"": false, ""flag_count"": 0, ""flags_fired"": """", ""fm1_hip_flexion_deg_p50"": 140.24872976212336, ""fm1_knee_between_torso_p50"": 0.4985405095703566, ""fm1_leg_over_torso_p50"": 1.5916086770905593, ""fm1_reasons"": """", ""fm1_shin_verticality_p50"": 0.9996876403437902, ""fm1_sitting_file"": false, ""fm1_sitting_participant"": false, ""fm1_unit"": ""0050@0259"", ""fm1_unit_basis"": ""none"", ""fm2_in_frame_and_valid_frac"": 0.9919607843137255, ""fm2_pass_frac_round3_joints_only"": 0.994313725490196, ""fm2_smplh_valid_frac"": 1.0, ""fm2_surface_correction_px_p50"": 40.12545111589702, ""fm2_vertex_worst_inset_min_px"": -26.28902312944274, ""fm2_violation_run_max_frames"": 25.0, ""fm2_violation_runs"": 3.0, ""fm2_windowed_pass_frac"": 0.6, ""fm3_static_frac"": 0.43666666666666665, ""observed_duration_s"": 170.0, ""reproj_px_p50"": 17.6199026766592, ""reproj_shoulder_widths_p50"": 0.05865638834968875, ""unit_files"": 3.0, ""unit_flagged_frac"": 0.0, ""unit_hip_flexion_min"": 140.24872976212336, ""unit_knee_between_min"": 0.4985405095703566}",render
r4_375,fresh_pass_improvised_375_V00_S0973_I00000054_P0204_f0005303,V00_S0973_I00000054_P0204,improvised/train/0020/0048/V00_S0973_I00000054_P0204,improvised/train/0020/0067/V00_S0973_I00000054_P0845A,fresh_pass_improvised,fresh,improvised,5303,V00,improvised,train,ipc_conversation,random draw from files passing all three detectors; participant not in the recheck cohort,"{""clip_anchored_on_fm2_violation"": false, ""flag_count"": 0, ""flags_fired"": """", ""fm1_hip_flexion_deg_p50"": 158.7361408016882, ""fm1_knee_between_torso_p50"": 0.5664846491377579, ""fm1_leg_over_torso_p50"": 1.2708634773961147, ""fm1_reasons"": """", ""fm1_shin_verticality_p50"": 0.9967290189015413, ""fm1_sitting_file"": false, ""fm1_sitting_participant"": false, ""fm1_unit"": ""0204@0973"", ""fm1_unit_basis"": ""none"", ""fm2_in_frame_and_valid_frac"": 1.0, ""fm2_pass_frac_round3_joints_only"": 1.0, ""fm2_smplh_valid_frac"": 1.0, ""fm2_surface_correction_px_p50"": 33.67337116547276, ""fm2_vertex_worst_inset_min_px"": 55.741667257696406, ""fm2_violation_run_max_frames"": 0.0, ""fm2_violation_runs"": 0.0, ""fm2_windowed_pass_frac"": 1.0, ""fm3_static_frac"": 0.01192528735632184, ""observed_duration_s"": 232.0, ""reproj_px_p50"": 48.52708717697806, ""reproj_shoulder_widths_p50"": 0.15296013232759714, ""unit_files"": 1.0, ""unit_flagged_frac"": 0.0, ""unit_hip_flexion_min"": 158.7361408016882, ""unit_knee_between_min"": 0.5664846491377579}",render
r4_376,fresh_pass_improvised_376_V00_S0090_I00000483_P0029A_f0006941,V00_S0090_I00000483_P0029A,improvised/train/0001/0009/V00_S0090_I00000483_P0029A,improvised/train/0001/0014/V00_S0090_I00000483_P0131,fresh_pass_improvised,fresh,improvised,6941,V00,improvised,train,ipc_conversation,random draw from files passing all three detectors; participant not in the recheck cohort,"{""clip_anchored_on_fm2_violation"": false, ""flag_count"": 0, ""flags_fired"": """", ""fm1_hip_flexion_deg_p50"": 139.19679276783677, ""fm1_knee_between_torso_p50"": 0.5196143436764291, ""fm1_leg_over_torso_p50"": 1.253518131269184, ""fm1_reasons"": """", ""fm1_shin_verticality_p50"": 0.999999999999975, ""fm1_sitting_file"": false, ""fm1_sitting_participant"": false, ""fm1_unit"": ""0029A@0090"", ""fm1_unit_basis"": ""none"", ""fm2_in_frame_and_valid_frac"": 0.9951923076923077, ""fm2_pass_frac_round3_joints_only"": 0.9955128205128205, ""fm2_smplh_valid_frac"": 1.0, ""fm2_surface_correction_px_p50"": 43.41313877654352, ""fm2_vertex_worst_inset_min_px"": -47.783850578172064, ""fm2_violation_run_max_frames"": 20.0, ""fm2_violation_runs"": 5.0, ""fm2_windowed_pass_frac"": 0.6, ""fm3_static_frac"": 0.5132478632478632, ""observed_duration_s"": 312.0, ""reproj_px_p50"": 16.23895324212309, ""reproj_shoulder_widths_p50"": 0.04331362999469113, ""unit_files"": 2.0, ""unit_flagged_frac"": 0.0, ""unit_hip_flexion_min"": 137.97488868590025, ""unit_knee_between_min"": 0.5161672238937145}",render
r4_377,fresh_pass_improvised_377_V00_S1380_I00000639_P0124A_f0000782,V00_S1380_I00000639_P0124A,improvised/train/0031/0007/V00_S1380_I00000639_P0124A,improvised/train/0031/0057/V00_S1380_I00000639_P0359A,fresh_pass_improvised,fresh,improvised,782,V00,improvised,train,ipc_conversation,random draw from files passing all three detectors; participant not in the recheck cohort,"{""clip_anchored_on_fm2_violation"": false, ""flag_count"": 0, ""flags_fired"": """", ""fm1_hip_flexion_deg_p50"": 157.0511528970573, ""fm1_knee_between_torso_p50"": 0.5524941208093488, ""fm1_leg_over_torso_p50"": 1.278621875842576, ""fm1_reasons"": """", ""fm1_shin_verticality_p50"": 0.9996539186760591, ""fm1_sitting_file"": false, ""fm1_sitting_participant"": false, ""fm1_unit"": ""0124A@1380"", ""fm1_unit_basis"": ""none"", ""fm2_in_frame_and_valid_frac"": 1.0, ""fm2_pass_frac_round3_joints_only"": 1.0, ""fm2_smplh_valid_frac"": 1.0, ""fm2_surface_correction_px_p50"": 60.52335967355532, ""fm2_vertex_worst_inset_min_px"": 71.83401101645177, ""fm2_violation_run_max_frames"": 0.0, ""fm2_violation_runs"": 0.0, ""fm2_windowed_pass_frac"": 1.0, ""fm3_static_frac"": 0.3059659090909091, ""observed_duration_s"": 352.0, ""reproj_px_p50"": 27.48868333882064, ""reproj_shoulder_widths_p50"": 0.1011560952372337, ""unit_files"": 1.0, ""unit_flagged_frac"": 0.0, ""unit_hip_flexion_min"": 157.0511528970573, ""unit_knee_between_min"": 0.5524941208093488}",render
r4_378,fresh_pass_improvised_378_V00_S0197_I00000535_P0268_f0000129,V00_S0197_I00000535_P0268,improvised/train/0004/0039/V00_S0197_I00000535_P0268,improvised/train/0004/0020/V00_S0197_I00000535_P0027A,fresh_pass_improvised,fresh,improvised,129,V00,improvised,train,ipc_conversation,random draw from files passing all three detectors; participant not in the recheck cohort,"{""clip_anchored_on_fm2_violation"": false, ""flag_count"": 0, ""flags_fired"": """", ""fm1_hip_flexion_deg_p50"": 152.74888921310497, ""fm1_knee_between_torso_p50"": 0.5179251779700176, ""fm1_leg_over_torso_p50"": 1.7296009341389227, ""fm1_reasons"": """", ""fm1_shin_verticality_p50"": 0.9988681423677562, ""fm1_sitting_file"": false, ""fm1_sitting_participant"": false, ""fm1_unit"": ""0268@0197"", ""fm1_unit_basis"": ""none"", ""fm2_in_frame_and_valid_frac"": 0.9991803278688525, ""fm2_pass_frac_round3_joints_only"": 0.9991803278688525, ""fm2_smplh_valid_frac"": 1.0, ""fm2_surface_correction_px_p50"": 28.40443896533793, ""fm2_vertex_worst_inset_min_px"": -22.064842721797277, ""fm2_violation_run_max_frames"": 3.0, ""fm2_violation_runs"": 1.0, ""fm2_windowed_pass_frac"": 0.75, ""fm3_static_frac"": 0.1808743169398907, ""observed_duration_s"": 122.0, ""reproj_px_p50"": 20.064541661951402, ""reproj_shoulder_widths_p50"": 0.07060791071301854, ""unit_files"": 1.0, ""unit_flagged_frac"": 0.0, ""unit_hip_flexion_min"": 152.74888921310497, ""unit_knee_between_min"": 0.5179251779700176}",render
r4_379,fresh_pass_improvised_379_V00_S1827_I00001223_P0920A_f0006983,V00_S1827_I00001223_P0920A,improvised/train/0045/0008/V00_S1827_I00001223_P0920A,improvised/train/0045/0058/V00_S1827_I00001223_P0359A,fresh_pass_improvised,fresh,improvised,6983,V00,improvised,train,ipc_conversation,random draw from files passing all three detectors; participant not in the recheck cohort,"{""clip_anchored_on_fm2_violation"": false, ""flag_count"": 0, ""flags_fired"": """", ""fm1_hip_flexion_deg_p50"": 147.7866965106959, ""fm1_knee_between_torso_p50"": 0.5095924101614677, ""fm1_leg_over_torso_p50"": 1.5356721709395236, ""fm1_reasons"": """", ""fm1_shin_verticality_p50"": 0.9997296908555495, ""fm1_sitting_file"": false, ""fm1_sitting_participant"": false, ""fm1_unit"": ""0920A@1827"", ""fm1_unit_basis"": ""none"", ""fm2_in_frame_and_valid_frac"": 1.0, ""fm2_pass_frac_round3_joints_only"": 1.0, ""fm2_smplh_valid_frac"": 1.0, ""fm2_surface_correction_px_p50"": 23.16843732591019, ""fm2_vertex_worst_inset_min_px"": 106.72735556599127, ""fm2_violation_run_max_frames"": 0.0, ""fm2_violation_runs"": 0.0, ""fm2_windowed_pass_frac"": 1.0, ""fm3_static_frac"": 0.5644607843137255, ""observed_duration_s"": 272.0, ""reproj_px_p50"": 27.978718125934336, ""reproj_shoulder_widths_p50"": 0.0885042601735517, ""unit_files"": 2.0, ""unit_flagged_frac"": 0.0, ""unit_hip_flexion_min"": 146.70286784867335, ""unit_knee_between_min"": 0.505743465210664}",render
r4_380,fresh_pass_improvised_380_V00_S2086_I00001124_P1343A_f0003551,V00_S2086_I00001124_P1343A,improvised/train/0049/0033/V00_S2086_I00001124_P1343A,improvised/train/0049/0036/V00_S2086_I00001124_P1344A,fresh_pass_improvised,fresh,improvised,3551,V00,improvised,train,ipc_conversation,random draw from files passing all three detectors; participant not in the recheck cohort,"{""clip_anchored_on_fm2_violation"": false, ""flag_count"": 0, ""flags_fired"": """", ""fm1_hip_flexion_deg_p50"": 150.34290980569645, ""fm1_knee_between_torso_p50"": 0.5900472121294891, ""fm1_leg_over_torso_p50"": 1.117177455206905, ""fm1_reasons"": """", ""fm1_shin_verticality_p50"": 0.9863939526154666, ""fm1_sitting_file"": false, ""fm1_sitting_participant"": false, ""fm1_unit"": ""1343A@2086"", ""fm1_unit_basis"": ""none"", ""fm2_in_frame_and_valid_frac"": 1.0, ""fm2_pass_frac_round3_joints_only"": 1.0, ""fm2_smplh_valid_frac"": 1.0, ""fm2_surface_correction_px_p50"": 46.15573397538924, ""fm2_vertex_worst_inset_min_px"": 3.4573364642645856, ""fm2_violation_run_max_frames"": 0.0, ""fm2_violation_runs"": 0.0, ""fm2_windowed_pass_frac"": 1.0, ""fm3_static_frac"": 0.0028846153846153848, ""observed_duration_s"": 208.0, ""reproj_px_p50"": 28.402717958145583, ""reproj_shoulder_widths_p50"": 0.08322044235576542, ""unit_files"": 1.0, ""unit_flagged_frac"": 0.0, ""unit_hip_flexion_min"": 150.34290980569645, ""unit_knee_between_min"": 0.5900472121294891}",render
r4_381,fresh_pass_improvised_381_V00_S0040_I00000382_P0062_f0001835,V00_S0040_I00000382_P0062,improvised/train/0000/0026/V00_S0040_I00000382_P0062,improvised/train/0000/0037/V00_S0040_I00000382_P0059A,fresh_pass_improvised,fresh,improvised,1835,V00,improvised,train,ipc_conversation,random draw from files passing all three detectors; participant not in the recheck cohort,"{""clip_anchored_on_fm2_violation"": false, ""flag_count"": 0, ""flags_fired"": """", ""fm1_hip_flexion_deg_p50"": 147.04609247602022, ""fm1_knee_between_torso_p50"": 0.5446203413447543, ""fm1_leg_over_torso_p50"": 1.3101501925110828, ""fm1_reasons"": """", ""fm1_shin_verticality_p50"": 0.9999999999999764, ""fm1_sitting_file"": false, ""fm1_sitting_participant"": false, ""fm1_unit"": ""0062@0040"", ""fm1_unit_basis"": ""none"", ""fm2_in_frame_and_valid_frac"": 1.0, ""fm2_pass_frac_round3_joints_only"": 1.0, ""fm2_smplh_valid_frac"": 1.0, ""fm2_surface_correction_px_p50"": 43.450080681907366, ""fm2_vertex_worst_inset_min_px"": 56.43449944340341, ""fm2_violation_run_max_frames"": 0.0, ""fm2_violation_runs"": 0.0, ""fm2_windowed_pass_frac"": 1.0, ""fm3_static_frac"": 0.16358695652173913, ""observed_duration_s"": 184.0, ""reproj_px_p50"": 15.476562662037654, ""reproj_shoulder_widths_p50"": 0.04596169447763361, ""unit_files"": 1.0, ""unit_flagged_frac"": 0.0, ""unit_hip_flexion_min"": 147.04609247602022, ""unit_knee_between_min"": 0.5446203413447543}",render
r4_382,fresh_pass_improvised_382_V00_S1205_I00001201_P0210A_f0006578,V00_S1205_I00001201_P0210A,improvised/train/0027/0001/V00_S1205_I00001201_P0210A,improvised/train/0027/0053/V00_S1205_I00001201_P0397A,fresh_pass_improvised,fresh,improvised,6578,V00,improvised,train,ipc_conversation,random draw from files passing all three detectors; participant not in the recheck cohort,"{""clip_anchored_on_fm2_violation"": false, ""flag_count"": 0, ""flags_fired"": """", ""fm1_hip_flexion_deg_p50"": 154.86367131808467, ""fm1_knee_between_torso_p50"": 0.5496264546108395, ""fm1_leg_over_torso_p50"": 1.278622495663575, ""fm1_reasons"": """", ""fm1_shin_verticality_p50"": 0.9996539220394285, ""fm1_sitting_file"": false, ""fm1_sitting_participant"": false, ""fm1_unit"": ""0210A@1205"", ""fm1_unit_basis"": ""none"", ""fm2_in_frame_and_valid_frac"": 0.9996840442338073, ""fm2_pass_frac_round3_joints_only"": 1.0, ""fm2_smplh_valid_frac"": 1.0, ""fm2_surface_correction_px_p50"": 37.70260672691484, ""fm2_vertex_worst_inset_min_px"": 1.59552562360318, ""fm2_violation_run_max_frames"": 2.0, ""fm2_violation_runs"": 2.0, ""fm2_windowed_pass_frac"": 1.0, ""fm3_static_frac"": 0.035781990521327016, ""observed_duration_s"": 422.0, ""reproj_px_p50"": 47.69172268706194, ""reproj_shoulder_widths_p50"": 0.1341975025546952, ""unit_files"": 1.0, ""unit_flagged_frac"": 0.0, ""unit_hip_flexion_min"": 154.86367131808467, ""unit_knee_between_min"": 0.5496264546108395}",render
r4_383,fresh_pass_improvised_383_V00_S1479_I00001163_P0799A_f0006131,V00_S1479_I00001163_P0799A,improvised/train/0034/0022/V00_S1479_I00001163_P0799A,improvised/train/0034/0031/V00_S1479_I00001163_P0241A,fresh_pass_improvised,fresh,improvised,6131,V00,improvised,train,ipc_conversation,random draw from files passing all three detectors; participant not in the recheck cohort,"{""clip_anchored_on_fm2_violation"": false, ""flag_count"": 0, ""flags_fired"": """", ""fm1_hip_flexion_deg_p50"": 157.90070630134892, ""fm1_knee_between_torso_p50"": 0.589028445713651, ""fm1_leg_over_torso_p50"": 1.1547688644618055, ""fm1_reasons"": """", ""fm1_shin_verticality_p50"": 0.9995920858915632, ""fm1_sitting_file"": false, ""fm1_sitting_participant"": false, ""fm1_unit"": ""0799A@1479"", ""fm1_unit_basis"": ""none"", ""fm2_in_frame_and_valid_frac"": 0.9982035928143712, ""fm2_pass_frac_round3_joints_only"": 0.9985029940119761, ""fm2_smplh_valid_frac"": 1.0, ""fm2_surface_correction_px_p50"": 37.46583784097709, ""fm2_vertex_worst_inset_min_px"": -25.690688529291492, ""fm2_violation_run_max_frames"": 10.0, ""fm2_violation_runs"": 2.0, ""fm2_windowed_pass_frac"": 0.9090909090909091, ""fm3_static_frac"": 0.0, ""observed_duration_s"": 334.0, ""reproj_px_p50"": 29.127084175036888, ""reproj_shoulder_widths_p50"": 0.09312480174146334, ""unit_files"": 1.0, ""unit_flagged_frac"": 0.0, ""unit_hip_flexion_min"": 157.90070630134892, ""unit_knee_between_min"": 0.589028445713651}",render
r4_384,fresh_pass_improvised_384_V00_S1534_I00000694_P0707A_f0002994,V00_S1534_I00000694_P0707A,improvised/train/0036/0019/V00_S1534_I00000694_P0707A,improvised/train/0036/0040/V00_S1534_I00000694_P1148A,fresh_pass_improvised,fresh,improvised,2994,V00,improvised,train,ipc_conversation,random draw from files passing all three detectors; participant not in the recheck cohort,"{""clip_anchored_on_fm2_violation"": false, ""flag_count"": 0, ""flags_fired"": """", ""fm1_hip_flexion_deg_p50"": 140.89528600114818, ""fm1_knee_between_torso_p50"": 0.5225428411654474, ""fm1_leg_over_torso_p50"": 1.327501293084831, ""fm1_reasons"": """", ""fm1_shin_verticality_p50"": 0.9996539253215835, ""fm1_sitting_file"": false, ""fm1_sitting_participant"": false, ""fm1_unit"": ""0707A@1534"", ""fm1_unit_basis"": ""none"", ""fm2_in_frame_and_valid_frac"": 0.99929718875502, ""fm2_pass_frac_round3_joints_only"": 0.9993975903614458, ""fm2_smplh_valid_frac"": 1.0, ""fm2_surface_correction_px_p50"": 35.25146263734541, ""fm2_vertex_worst_inset_min_px"": -7.406290136307916, ""fm2_violation_run_max_frames"": 6.0, ""fm2_violation_runs"": 2.0, ""fm2_windowed_pass_frac"": 0.9090909090909091, ""fm3_static_frac"": 0.5542168674698795, ""observed_duration_s"": 332.0, ""reproj_px_p50"": 33.065893174606785, ""reproj_shoulder_widths_p50"": 0.1056300705178369, ""unit_files"": 2.0, ""unit_flagged_frac"": 0.0, ""unit_hip_flexion_min"": 135.5162983319782, ""unit_knee_between_min"": 0.5225428411654474}",render
r4_385,fresh_pass_improvised_385_V00_S0549_I00000537_P0377_f0001388,V00_S0549_I00000537_P0377,improvised/train/0011/0029/V00_S0549_I00000537_P0377,improvised/train/0011/0017/V00_S0549_I00000537_P0682A,fresh_pass_improvised,fresh,improvised,1388,V00,improvised,train,ipc_conversation,random draw from files passing all three detectors; participant not in the recheck cohort,"{""clip_anchored_on_fm2_violation"": false, ""flag_count"": 0, ""flags_fired"": """", ""fm1_hip_flexion_deg_p50"": 156.60645025025343, ""fm1_knee_between_torso_p50"": 0.5915437273478329, ""fm1_leg_over_torso_p50"": 1.1517815713977377, ""fm1_reasons"": """", ""fm1_shin_verticality_p50"": 0.9981685137636722, ""fm1_sitting_file"": false, ""fm1_sitting_participant"": false, ""fm1_unit"": ""0377@0549"", ""fm1_unit_basis"": ""none"", ""fm2_in_frame_and_valid_frac"": 0.9806666666666667, ""fm2_pass_frac_round3_joints_only"": 0.9926666666666667, ""fm2_smplh_valid_frac"": 1.0, ""fm2_surface_correction_px_p50"": 41.35130735170446, ""fm2_vertex_worst_inset_min_px"": -32.441552191254914, ""fm2_violation_run_max_frames"": 29.0, ""fm2_violation_runs"": 11.0, ""fm2_windowed_pass_frac"": 0.6, ""fm3_static_frac"": 0.5735555555555556, ""observed_duration_s"": 150.0, ""reproj_px_p50"": 17.942916993466856, ""reproj_shoulder_widths_p50"": 0.05519105718289133, ""unit_files"": 3.0, ""unit_flagged_frac"": 0.0, ""unit_hip_flexion_min"": 156.60645025025343, ""unit_knee_between_min"": 0.5915437273478329}",render
r4_386,fresh_pass_improvised_386_V00_S0135_I00000479_P0029A_f0001198,V00_S0135_I00000479_P0029A,improvised/train/0002/0005/V00_S0135_I00000479_P0029A,improvised/train/0002/0019/V00_S0135_I00000479_P0196,fresh_pass_improvised,fresh,improvised,1198,V00,improvised,train,ipc_conversation,random draw from files passing all three detectors; participant not in the recheck cohort,"{""clip_anchored_on_fm2_violation"": false, ""flag_count"": 0, ""flags_fired"": """", ""fm1_hip_flexion_deg_p50"": 137.59318245816416, ""fm1_knee_between_torso_p50"": 0.494544465185239, ""fm1_leg_over_torso_p50"": 1.3966686028357906, ""fm1_reasons"": """", ""fm1_shin_verticality_p50"": 0.9996349703328331, ""fm1_sitting_file"": false, ""fm1_sitting_participant"": false, ""fm1_unit"": ""0029A@0135"", ""fm1_unit_basis"": ""none"", ""fm2_in_frame_and_valid_frac"": 0.9985994397759104, ""fm2_pass_frac_round3_joints_only"": 0.999859943977591, ""fm2_smplh_valid_frac"": 1.0, ""fm2_surface_correction_px_p50"": 80.97917350446079, ""fm2_vertex_worst_inset_min_px"": -14.637496946288366, ""fm2_violation_run_max_frames"": 3.0, ""fm2_violation_runs"": 5.0, ""fm2_windowed_pass_frac"": 0.8571428571428571, ""fm3_static_frac"": 0.44677871148459386, ""observed_duration_s"": 238.0, ""reproj_px_p50"": 31.423370774324276, ""reproj_shoulder_widths_p50"": 0.08695908936829666, ""unit_files"": 2.0, ""unit_flagged_frac"": 0.0, ""unit_hip_flexion_min"": 137.59318245816416, ""unit_knee_between_min"": 0.494544465185239}",render
r4_387,fresh_pass_improvised_387_V00_S0605_I00000479_P0229A_f0005815,V00_S0605_I00000479_P0229A,improvised/train/0011/0047/V00_S0605_I00000479_P0229A,improvised/train/0011/0000/V00_S0605_I00000479_P0069,fresh_pass_improvised,fresh,improvised,5815,V00,improvised,train,ipc_conversation,random draw from files passing all three detectors; participant not in the recheck cohort,"{""clip_anchored_on_fm2_violation"": false, ""flag_count"": 0, ""flags_fired"": """", ""fm1_hip_flexion_deg_p50"": 155.0288375873767, ""fm1_knee_between_torso_p50"": 0.5517881679957807, ""fm1_leg_over_torso_p50"": 1.2721590041905553, ""fm1_reasons"": """", ""fm1_shin_verticality_p50"": 0.9967290568667125, ""fm1_sitting_file"": false, ""fm1_sitting_participant"": false, ""fm1_unit"": ""0229A@0605"", ""fm1_unit_basis"": ""none"", ""fm2_in_frame_and_valid_frac"": 0.9977099236641221, ""fm2_pass_frac_round3_joints_only"": 0.9987277353689568, ""fm2_smplh_valid_frac"": 1.0, ""fm2_surface_correction_px_p50"": 38.37819791434322, ""fm2_vertex_worst_inset_min_px"": -27.566363298877263, ""fm2_violation_run_max_frames"": 11.0, ""fm2_violation_runs"": 4.0, ""fm2_windowed_pass_frac"": 0.875, ""fm3_static_frac"": 0.6372773536895674, ""observed_duration_s"": 262.0, ""reproj_px_p50"": 18.80477878930587, ""reproj_shoulder_widths_p50"": 0.054968133672412545, ""unit_files"": 3.0, ""unit_flagged_frac"": 0.0, ""unit_hip_flexion_min"": 149.24441823258752, ""unit_knee_between_min"": 0.5458678844567256}",render
r4_388,fresh_pass_improvised_388_V00_S1803_I00000684_P1106A_f0001684,V00_S1803_I00000684_P1106A,improvised/train/0045/0033/V00_S1803_I00000684_P1106A,improvised/train/0045/0001/V00_S1803_I00000684_P0893A,fresh_pass_improvised,fresh,improvised,1684,V00,improvised,train,ipc_conversation,random draw from files passing all three detectors; participant not in the recheck cohort,"{""clip_anchored_on_fm2_violation"": false, ""flag_count"": 0, ""flags_fired"": """", ""fm1_hip_flexion_deg_p50"": 160.523018618988, ""fm1_knee_between_torso_p50"": 0.5733773539978557, ""fm1_leg_over_torso_p50"": 1.2406362753016658, ""fm1_reasons"": """", ""fm1_shin_verticality_p50"": 0.9983713451116116, ""fm1_sitting_file"": false, ""fm1_sitting_participant"": false, ""fm1_unit"": ""1106A@1803"", ""fm1_unit_basis"": ""none"", ""fm2_in_frame_and_valid_frac"": 0.9944903581267218, ""fm2_pass_frac_round3_joints_only"": 0.9949035812672177, ""fm2_smplh_valid_frac"": 1.0, ""fm2_surface_correction_px_p50"": 33.41663243275474, ""fm2_vertex_worst_inset_min_px"": -40.68234280351692, ""fm2_violation_run_max_frames"": 15.0, ""fm2_violation_runs"": 5.0, ""fm2_windowed_pass_frac"": 0.5, ""fm3_static_frac"": 0.22548209366391184, ""observed_duration_s"": 242.0, ""reproj_px_p50"": 17.036055888758337, ""reproj_shoulder_widths_p50"": 0.053633401128184696, ""unit_files"": 3.0, ""unit_flagged_frac"": 0.0, ""unit_hip_flexion_min"": 154.0550152060505, ""unit_knee_between_min"": 0.5612028507879965}",render
r4_389,fresh_pass_improvised_389_V00_S1583_I00000082_P0546_f0006071,V00_S1583_I00000082_P0546,improvised/train/0038/0004/V00_S1583_I00000082_P0546,improvised/train/0038/0065/V00_S1583_I00000082_P1114A,fresh_pass_improvised,fresh,improvised,6071,V00,improvised,train,ipc_conversation,random draw from files passing all three detectors; participant not in the recheck cohort,"{""clip_anchored_on_fm2_violation"": false, ""flag_count"": 0, ""flags_fired"": """", ""fm1_hip_flexion_deg_p50"": 165.20202112314308, ""fm1_knee_between_torso_p50"": 0.5618347290063305, ""fm1_leg_over_torso_p50"": 1.4387036603675627, ""fm1_reasons"": """", ""fm1_shin_verticality_p50"": 0.9996539147655004, ""fm1_sitting_file"": false, ""fm1_sitting_participant"": false, ""fm1_unit"": ""0546@1583"", ""fm1_unit_basis"": ""none"", ""fm2_in_frame_and_valid_frac"": 0.9974561403508772, ""fm2_pass_frac_round3_joints_only"": 0.997719298245614, ""fm2_smplh_valid_frac"": 1.0, ""fm2_surface_correction_px_p50"": 35.335824682233124, ""fm2_vertex_worst_inset_min_px"": -68.01037503857219, ""fm2_violation_run_max_frames"": 11.0, ""fm2_violation_runs"": 4.0, ""fm2_windowed_pass_frac"": 0.8333333333333334, ""fm3_static_frac"": 0.036491228070175435, ""observed_duration_s"": 380.0, ""reproj_px_p50"": 22.14516118215907, ""reproj_shoulder_widths_p50"": 0.07894399371654254, ""unit_files"": 2.0, ""unit_flagged_frac"": 0.0, ""unit_hip_flexion_min"": 165.20202112314308, ""unit_knee_between_min"": 0.5618347290063305}",render
r4_390,fresh_pass_improvised_390_V00_S0613_I00000502_P0229A_f0003232,V00_S0613_I00000502_P0229A,improvised/train/0012/0001/V00_S0613_I00000502_P0229A,improvised/train/0012/0023/V00_S0613_I00000502_P0765,fresh_pass_improvised,fresh,improvised,3232,V00,improvised,train,ipc_conversation,random draw from files passing all three detectors; participant not in the recheck cohort,"{""clip_anchored_on_fm2_violation"": false, ""flag_count"": 0, ""flags_fired"": """", ""fm1_hip_flexion_deg_p50"": 150.03315940054065, ""fm1_knee_between_torso_p50"": 0.5576569431616312, ""fm1_leg_over_torso_p50"": 1.2972030806300392, ""fm1_reasons"": """", ""fm1_shin_verticality_p50"": 0.9718501288298454, ""fm1_sitting_file"": false, ""fm1_sitting_participant"": false, ""fm1_unit"": ""0229A@0613"", ""fm1_unit_basis"": ""none"", ""fm2_in_frame_and_valid_frac"": 0.9966386554621849, ""fm2_pass_frac_round3_joints_only"": 0.9970588235294118, ""fm2_smplh_valid_frac"": 1.0, ""fm2_surface_correction_px_p50"": 37.31126665523925, ""fm2_vertex_worst_inset_min_px"": -50.80077822589567, ""fm2_violation_run_max_frames"": 20.0, ""fm2_violation_runs"": 2.0, ""fm2_windowed_pass_frac"": 0.7142857142857143, ""fm3_static_frac"": 0.7413165266106443, ""observed_duration_s"": 238.0, ""reproj_px_p50"": 19.791425502953558, ""reproj_shoulder_widths_p50"": 0.05922364780926212, ""unit_files"": 1.0, ""unit_flagged_frac"": 0.0, ""unit_hip_flexion_min"": 150.03315940054065, ""unit_knee_between_min"": 0.5576569431616312}",render
r4_391,fresh_pass_improvised_391_V00_S2047_I00001046_P1305A_f0002490,V00_S2047_I00001046_P1305A,improvised/test/0000/0040/V00_S2047_I00001046_P1305A,improvised/test/0000/0058/V00_S2047_I00001046_P1304A,fresh_pass_improvised,fresh,improvised,2490,V00,improvised,test,ipc_conversation,random draw from files passing all three detectors; participant not in the recheck cohort,"{""clip_anchored_on_fm2_violation"": false, ""flag_count"": 0, ""flags_fired"": """", ""fm1_hip_flexion_deg_p50"": 144.1884106172888, ""fm1_knee_between_torso_p50"": 0.5407328064570087, ""fm1_leg_over_torso_p50"": 1.1826378590357076, ""fm1_reasons"": """", ""fm1_shin_verticality_p50"": 0.9854601023498583, ""fm1_sitting_file"": false, ""fm1_sitting_participant"": false, ""fm1_unit"": ""1305A@2047"", ""fm1_unit_basis"": ""none"", ""fm2_in_frame_and_valid_frac"": 0.9961333333333333, ""fm2_pass_frac_round3_joints_only"": 0.9977333333333334, ""fm2_smplh_valid_frac"": 1.0, ""fm2_surface_correction_px_p50"": 44.72127137563257, ""fm2_vertex_worst_inset_min_px"": -29.15498580719259, ""fm2_violation_run_max_frames"": 12.0, ""fm2_violation_runs"": 5.0, ""fm2_windowed_pass_frac"": 0.75, ""fm3_static_frac"": 0.07786666666666667, ""observed_duration_s"": 250.0, ""reproj_px_p50"": 15.518794965831216, ""reproj_shoulder_widths_p50"": 0.04944798359549857, ""unit_files"": 2.0, ""unit_flagged_frac"": 0.0, ""unit_hip_flexion_min"": 140.4673045401948, ""unit_knee_between_min"": 0.5305756527067191}",render
