review_item_id,clip_id,file_id,source_relbase,partner_source_relbase,sample_group,vendor_stratum,label_stratum,start_frame,vendor,label,split,activity_type,selection_reason,signals_json,render_policy
r7_000,ask_posture_v03_000_V03_S0479_I00000031_P1817_f0002433,V03_S0479_I00000031_P1817,naturalistic/train/0122/0046/V03_S0479_I00000031_P1817,naturalistic/train/0122/0098/V03_S0479_I00000031_P1816,ask_posture_v03,V03,naturalistic,2433,V03,naturalistic,train,ipc_conversation,"V03, knee_between_torso in [0.20, 0.32) — posture calibration","{""audio"": ""present"", ""flags_fired"": ""fm1_sitting+fm2_smplh_invalid"", ""fm1_ankles_visible_frac"": 1.0, ""fm1_knee_between_torso_p50"": 0.2896185566029995, ""fm1_shin_verticality_p50"": 0.14834056372111348, ""fm2_smplh_valid_frac"": 0.8254666666666667, ""fm3_static_frac"": 0.023733333333333332, ""fps"": 30.0, ""geom_body_roll_deg"": -93.17983090904463, ""observed_duration_s"": 250.0, ""repair_applied"": ""90\u00b0 turn"", ""reproj_shoulder_widths_p50"": 0.14555440190191254, ""shown_raster"": ""2160x3840"", ""stored_raster"": ""3840x2160"", ""timebase"": ""consistent"", ""timebase_index_drift_s"": 0.0, ""unit_flagged_frac"": 1.0, ""vendor"": ""V03""}",render
r7_001,ask_posture_v03_001_V03_S1676_I00000008_P4821_f0000659,V03_S1676_I00000008_P4821,naturalistic/train/0162/0109/V03_S1676_I00000008_P4821,naturalistic/train/0162/0023/V03_S1676_I00000008_P4369,ask_posture_v03,V03,naturalistic,659,V03,naturalistic,train,ipc_conversation,"V03, knee_between_torso in [0.20, 0.32) — posture calibration","{""audio"": ""present"", ""flags_fired"": ""fm1_sitting+fm3_static_hands"", ""fm1_ankles_visible_frac"": 1.0, ""fm1_knee_between_torso_p50"": 0.2802056243738375, ""fm1_shin_verticality_p50"": 0.9996876490303903, ""fm2_smplh_valid_frac"": 1.0, ""fm3_static_frac"": 0.925759092425759, ""fps"": 29.97, ""geom_body_roll_deg"": -4.085608368823046, ""observed_duration_s"": 200.0328, ""repair_applied"": ""none"", ""reproj_shoulder_widths_p50"": 0.055490047085581376, ""shown_raster"": ""2160x3840"", ""stored_raster"": ""2160x3840"", ""timebase"": ""consistent"", ""timebase_index_drift_s"": 0.0, ""unit_flagged_frac"": 1.0, ""vendor"": ""V03""}",render
r7_002,ask_posture_v03_002_V03_S0955_I00000101_P3317_f0001116,V03_S0955_I00000101_P3317,naturalistic/train/0130/0066/V03_S0955_I00000101_P3317,naturalistic/train/0130/0054/V03_S0955_I00000101_P1860,ask_posture_v03,V03,naturalistic,1116,V03,naturalistic,train,ipc_conversation,"V03, knee_between_torso in [0.20, 0.32) — posture calibration","{""audio"": ""present"", ""flags_fired"": ""fm2_smplh_invalid"", ""fm1_ankles_visible_frac"": 1.0, ""fm1_knee_between_torso_p50"": 0.3054258181427032, ""fm1_shin_verticality_p50"": 0.2060105018059234, ""fm2_smplh_valid_frac"": 0.8624087591240875, ""fm3_static_frac"": 0.2405109489051095, ""fps"": 30.0, ""geom_body_roll_deg"": -92.86241387455053, ""observed_duration_s"": 274.0, ""repair_applied"": ""90\u00b0 turn"", ""reproj_shoulder_widths_p50"": 0.11745469482025092, ""shown_raster"": ""2160x3840"", ""stored_raster"": ""3840x2160"", ""timebase"": ""consistent"", ""timebase_index_drift_s"": 0.0, ""unit_flagged_frac"": 0.46153846153846156, ""vendor"": ""V03""}",render
r7_003,ask_posture_v03_003_V03_S0985_I00000435_P3380_f0002099,V03_S0985_I00000435_P3380,naturalistic/train/0132/0111/V03_S0985_I00000435_P3380,naturalistic/train/0132/0049/V03_S0985_I00000435_P3381,ask_posture_v03,V03,naturalistic,2099,V03,naturalistic,train,ipc_conversation,"V03, knee_between_torso in [0.20, 0.32) — posture calibration","{""audio"": ""present"", ""flags_fired"": ""fm2_smplh_invalid"", ""fm1_ankles_visible_frac"": 0.998989898989899, ""fm1_knee_between_torso_p50"": 0.2656711684973702, ""fm1_shin_verticality_p50"": 0.3401363575635049, ""fm2_smplh_valid_frac"": 0.9946969696969697, ""fm3_static_frac"": 0.473989898989899, ""fps"": 30.0, ""geom_body_roll_deg"": -89.99998591604911, ""observed_duration_s"": 132.0, ""repair_applied"": ""90\u00b0 turn"", ""reproj_shoulder_widths_p50"": 0.1012371137321477, ""shown_raster"": ""2160x3840"", ""stored_raster"": ""3840x2160"", ""timebase"": ""consistent"", ""timebase_index_drift_s"": 0.0, ""unit_flagged_frac"": 0.47058823529411764, ""vendor"": ""V03""}",render
r7_004,ask_posture_v03_004_V03_S2101_I00000189_P5712_f0003098,V03_S2101_I00000189_P5712,naturalistic/train/0179/0026/V03_S2101_I00000189_P5712,naturalistic/train/0179/0132/V03_S2101_I00000189_P5582,ask_posture_v03,V03,naturalistic,3098,V03,naturalistic,train,ipc_conversation,"V03, knee_between_torso in [0.20, 0.32) — posture calibration","{""audio"": ""present"", ""flags_fired"": ""fm1_sitting+fm2_smplh_invalid"", ""fm1_ankles_visible_frac"": 1.0, ""fm1_knee_between_torso_p50"": 0.2910247768813864, ""fm1_shin_verticality_p50"": 0.9904922731777516, ""fm2_smplh_valid_frac"": 0.9997818974918211, ""fm3_static_frac"": 0.5470010905125409, ""fps"": 29.97, ""geom_body_roll_deg"": 5.5837668153189615e-06, ""observed_duration_s"": 306.005333, ""repair_applied"": ""none"", ""reproj_shoulder_widths_p50"": 0.0691099148994044, ""shown_raster"": ""2160x3840"", ""stored_raster"": ""2160x3840"", ""timebase"": ""consistent"", ""timebase_index_drift_s"": 0.0, ""unit_flagged_frac"": 1.0, ""vendor"": ""V03""}",render
r7_005,ask_posture_v03_005_V03_S1490_I00000581_P3206_f0004663,V03_S1490_I00000581_P3206,improvised/train/0068/0002/V03_S1490_I00000581_P3206,improvised/train/0068/0015/V03_S1490_I00000581_P4178,ask_posture_v03,V03,improvised,4663,V03,improvised,train,ipc_conversation,"V03, knee_between_torso in [0.20, 0.32) — posture calibration","{""audio"": ""present"", ""flags_fired"": ""fm1_sitting"", ""fm1_ankles_visible_frac"": 1.0, ""fm1_knee_between_torso_p50"": 0.24878407991251267, ""fm1_shin_verticality_p50"": 0.9985422745979915, ""fm2_smplh_valid_frac"": 1.0, ""fm3_static_frac"": 0.3096437880104257, ""fps"": 29.97, ""geom_body_roll_deg"": 2.202585843060285, ""observed_duration_s"": 192.025167, ""repair_applied"": ""none"", ""reproj_shoulder_widths_p50"": 0.057140549501451844, ""shown_raster"": ""2160x3840"", ""stored_raster"": ""2160x3840"", ""timebase"": ""consistent"", ""timebase_index_drift_s"": 0.0, ""unit_flagged_frac"": 1.0, ""vendor"": ""V03""}",render
r7_006,ask_posture_v03_006_V03_S1685_I00000002_P4812_f0005061,V03_S1685_I00000002_P4812,naturalistic/train/0162/0025/V03_S1685_I00000002_P4812,naturalistic/train/0162/0007/V03_S1685_I00000002_P4827,ask_posture_v03,V03,naturalistic,5061,V03,naturalistic,train,ipc_conversation,"V03, knee_between_torso in [0.32, 0.40) — posture calibration","{""audio"": ""present"", ""flags_fired"": ""fm1_sitting+fm2_smplh_invalid"", ""fm1_ankles_visible_frac"": 0.2717079174073568, ""fm1_knee_between_torso_p50"": 0.3804018329795111, ""fm1_shin_verticality_p50"": 0.8507981552901028, ""fm2_smplh_valid_frac"": 0.998974429098865, ""fm3_static_frac"": 0.5950362368385068, ""fps"": 29.97, ""geom_body_roll_deg"": 3.8140744784942715, ""observed_duration_s"": 488.0205, ""repair_applied"": ""none"", ""reproj_shoulder_widths_p50"": 0.055506835001624275, ""shown_raster"": ""2160x3840"", ""stored_raster"": ""2160x3840"", ""timebase"": ""consistent"", ""timebase_index_drift_s"": 0.03336666666666667, ""unit_flagged_frac"": 1.0, ""vendor"": ""V03""}",render
r7_007,ask_posture_v03_007_V03_S1682_I00000340_P4711_f0004881,V03_S1682_I00000340_P4711,naturalistic/train/0162/0126/V03_S1682_I00000340_P4711,naturalistic/train/0162/0091/V03_S1682_I00000340_P4821,ask_posture_v03,V03,naturalistic,4881,V03,naturalistic,train,ipc_conversation,"V03, knee_between_torso in [0.32, 0.40) — posture calibration","{""audio"": ""present"", ""flags_fired"": ""fm1_sitting+fm2_smplh_invalid"", ""fm1_ankles_visible_frac"": 0.9937573996340544, ""fm1_knee_between_torso_p50"": 0.34304013950232093, ""fm1_shin_verticality_p50"": 0.9918816456326643, ""fm2_smplh_valid_frac"": 0.9953718652459369, ""fm3_static_frac"": 0.018512539016252286, ""fps"": 29.97, ""geom_body_roll_deg"": -0.9710191303256758, ""observed_duration_s"": 310.0097, ""repair_applied"": ""none"", ""reproj_shoulder_widths_p50"": 0.0745010956435828, ""shown_raster"": ""2160x3840"", ""stored_raster"": ""2160x3840"", ""timebase"": ""consistent"", ""timebase_index_drift_s"": 0.0, ""unit_flagged_frac"": 1.0, ""vendor"": ""V03""}",render
r7_008,ask_posture_v03_008_V03_S2044_I00000353_P4070_f0005308,V03_S2044_I00000353_P4070,naturalistic/train/0177/0040/V03_S2044_I00000353_P4070,naturalistic/train/0177/0099/V03_S2044_I00000353_P5336,ask_posture_v03,V03,naturalistic,5308,V03,naturalistic,train,grounded_gesture,"V03, knee_between_torso in [0.32, 0.40) — posture calibration","{""audio"": ""present"", ""flags_fired"": ""fm1_sitting+fm2_smplh_invalid"", ""fm1_ankles_visible_frac"": 1.0, ""fm1_knee_between_torso_p50"": 0.3663297929988483, ""fm1_shin_verticality_p50"": 0.9769000407068223, ""fm2_smplh_valid_frac"": 0.9952987564452532, ""fm3_static_frac"": 0.00030330603579011223, ""fps"": 29.97, ""geom_body_roll_deg"": 1.0050891098678967, ""observed_duration_s"": 220.019433, ""repair_applied"": ""none"", ""reproj_shoulder_widths_p50"": 0.05860490468071232, ""shown_raster"": ""2160x3840"", ""stored_raster"": ""2160x3840"", ""timebase"": ""consistent"", ""timebase_index_drift_s"": 0.03336666666666667, ""unit_flagged_frac"": 1.0, ""vendor"": ""V03""}",render
r7_009,ask_posture_v03_009_V03_S1693_I00000222_P4843_f0002414,V03_S1693_I00000222_P4843,naturalistic/train/0162/0051/V03_S1693_I00000222_P4843,naturalistic/train/0162/0138/V03_S1693_I00000222_P4828,ask_posture_v03,V03,naturalistic,2414,V03,naturalistic,train,ipc_conversation,"V03, knee_between_torso in [0.32, 0.40) — posture calibration","{""audio"": ""present"", ""flags_fired"": ""fm1_sitting"", ""fm1_ankles_visible_frac"": 1.0, ""fm1_knee_between_torso_p50"": 0.3499256017283178, ""fm1_shin_verticality_p50"": 0.9374251194448995, ""fm2_smplh_valid_frac"": 1.0, ""fm3_static_frac"": 0.4656810982048574, ""fps"": 29.97, ""geom_body_roll_deg"": 3.8785319229264377, ""observed_duration_s"": 158.166, ""repair_applied"": ""none"", ""reproj_shoulder_widths_p50"": 0.05574477415120225, ""shown_raster"": ""2160x3840"", ""stored_raster"": ""2160x3840"", ""timebase"": ""drifts -0.2 s"", ""timebase_index_drift_s"": -0.16683333333333333, ""unit_flagged_frac"": 1.0, ""vendor"": ""V03""}",render
r7_010,ask_posture_v03_010_V03_S0981_I00000285_P3318_f0002917,V03_S0981_I00000285_P3318,naturalistic/train/0131/0061/V03_S0981_I00000285_P3318,naturalistic/train/0131/0012/V03_S0981_I00000285_P3370,ask_posture_v03,V03,naturalistic,2917,V03,naturalistic,train,ipc_conversation,"V03, knee_between_torso in [0.32, 0.40) — posture calibration","{""audio"": ""present"", ""flags_fired"": ""fm1_sitting+fm2_smplh_invalid"", ""fm1_ankles_visible_frac"": 0.977, ""fm1_knee_between_torso_p50"": 0.3570343738242132, ""fm1_shin_verticality_p50"": 0.037011660509880265, ""fm2_smplh_valid_frac"": 0.9498333333333333, ""fm3_static_frac"": 0.006823609689525759, ""fps"": 30.0, ""geom_body_roll_deg"": -90.00000987703312, ""observed_duration_s"": 200.0, ""repair_applied"": ""90\u00b0 turn"", ""reproj_shoulder_widths_p50"": 0.08030679005633987, ""shown_raster"": ""2160x3840"", ""stored_raster"": ""3840x2160"", ""timebase"": ""consistent"", ""timebase_index_drift_s"": 0.0, ""unit_flagged_frac"": 0.8666666666666667, ""vendor"": ""V03""}",render
r7_011,ask_posture_v03_011_V03_S1588_I00000480_P4221_f0002401,V03_S1588_I00000480_P4221,improvised/train/0068/0068/V03_S1588_I00000480_P4221,improvised/train/0068/0048/V03_S1588_I00000480_P3025,ask_posture_v03,V03,improvised,2401,V03,improvised,train,ipc_conversation,"V03, knee_between_torso in [0.32, 0.40) — posture calibration","{""audio"": ""present"", ""flags_fired"": ""fm1_sitting+fm3_static_hands"", ""fm1_ankles_visible_frac"": 1.0, ""fm1_knee_between_torso_p50"": 0.39226681003072916, ""fm1_shin_verticality_p50"": 0.9998656534203908, ""fm2_smplh_valid_frac"": 1.0, ""fm3_static_frac"": 0.7992585727525486, ""fps"": 29.97, ""geom_body_roll_deg"": -1.0608986946771197, ""observed_duration_s"": 180.0128, ""repair_applied"": ""none"", ""reproj_shoulder_widths_p50"": 0.10186154198059057, ""shown_raster"": ""2160x3840"", ""stored_raster"": ""2160x3840"", ""timebase"": ""consistent"", ""timebase_index_drift_s"": 0.03336666666666667, ""unit_flagged_frac"": 1.0, ""vendor"": ""V03""}",render
r7_012,ask_posture_v03_012_V03_S1133_I00000203_P3487_f0001722,V03_S1133_I00000203_P3487,naturalistic/train/0137/0066/V03_S1133_I00000203_P3487,naturalistic/train/0137/0140/V03_S1133_I00000203_P3485,ask_posture_v03,V03,naturalistic,1722,V03,naturalistic,train,grounded_gesture,"V03, knee_between_torso in [0.40, 0.46) — posture calibration","{""audio"": ""present"", ""flags_fired"": ""fm1_sitting+fm2_smplh_invalid"", ""fm1_ankles_visible_frac"": 0.9984220018034266, ""fm1_knee_between_torso_p50"": 0.40523272437204855, ""fm1_shin_verticality_p50"": 0.9718501221782232, ""fm2_smplh_valid_frac"": 0.9776825969341749, ""fm3_static_frac"": 0.08340847610459874, ""fps"": 29.97, ""geom_body_roll_deg"": -4.685903488852636, ""observed_duration_s"": 296.029067, ""repair_applied"": ""none"", ""reproj_shoulder_widths_p50"": 0.06299095105239205, ""shown_raster"": ""2160x3840"", ""stored_raster"": ""2160x3840"", ""timebase"": ""consistent"", ""timebase_index_drift_s"": 0.0, ""unit_flagged_frac"": 1.0, ""vendor"": ""V03""}",render
r7_013,ask_posture_v03_013_V03_S1484_I00000031_P4189_f0000325,V03_S1484_I00000031_P4189,naturalistic/train/0152/0018/V03_S1484_I00000031_P4189,naturalistic/train/0152/0106/V03_S1484_I00000031_P4176,ask_posture_v03,V03,naturalistic,325,V03,naturalistic,train,ipc_conversation,"V03, knee_between_torso in [0.40, 0.46) — posture calibration","{""audio"": ""present"", ""flags_fired"": ""fm1_sitting+fm2_smplh_invalid"", ""fm1_ankles_visible_frac"": 1.0, ""fm1_knee_between_torso_p50"": 0.4132237780427307, ""fm1_shin_verticality_p50"": 0.7071067520392559, ""fm2_smplh_valid_frac"": 0.9601250977326036, ""fm3_static_frac"": 0.2796455564242898, ""fps"": 29.97, ""geom_body_roll_deg"": 0.0, ""observed_duration_s"": 128.0279, ""repair_applied"": ""none"", ""reproj_shoulder_widths_p50"": 0.09287196343975188, ""shown_raster"": ""2160x3840"", ""stored_raster"": ""2160x3840"", ""timebase"": ""consistent"", ""timebase_index_drift_s"": 0.0, ""unit_flagged_frac"": 1.0, ""vendor"": ""V03""}",render
r7_014,ask_posture_v03_014_V03_S0887_I00000089_P3087_f0000089,V03_S0887_I00000089_P3087,naturalistic/train/0128/0089/V03_S0887_I00000089_P3087,naturalistic/train/0128/0072/V03_S0887_I00000089_P3086,ask_posture_v03,V03,naturalistic,89,V03,naturalistic,train,ipc_conversation,"V03, knee_between_torso in [0.40, 0.46) — posture calibration","{""audio"": ""present"", ""flags_fired"": ""fm2_smplh_invalid"", ""fm1_ankles_visible_frac"": 1.0, ""fm1_knee_between_torso_p50"": 0.4510070552783029, ""fm1_shin_verticality_p50"": 0.98946109815712, ""fm2_smplh_valid_frac"": 0.7311517484760988, ""fm3_static_frac"": 0.42027590632017964, ""fps"": 29.97, ""geom_body_roll_deg"": 4.685899839502702, ""observed_duration_s"": 104.003533, ""repair_applied"": ""none"", ""reproj_shoulder_widths_p50"": 0.16671758261111666, ""shown_raster"": ""2160x3840"", ""stored_raster"": ""2160x3840"", ""timebase"": ""consistent"", ""timebase_index_drift_s"": 0.03336666666666667, ""unit_flagged_frac"": 0.0, ""vendor"": ""V03""}",render
r7_015,ask_posture_v03_015_V03_S0476_I00000327_P1804_f0001938,V03_S0476_I00000327_P1804,naturalistic/train/0122/0075/V03_S0476_I00000327_P1804,naturalistic/train/0122/0021/V03_S0476_I00000327_P1805,ask_posture_v03,V03,naturalistic,1938,V03,naturalistic,train,ipc_conversation,"V03, knee_between_torso in [0.40, 0.46) — posture calibration","{""audio"": ""present"", ""flags_fired"": ""fm1_sitting+fm2_smplh_invalid"", ""fm1_ankles_visible_frac"": 1.0, ""fm1_knee_between_torso_p50"": 0.4409778124609388, ""fm1_shin_verticality_p50"": 0.20094443537786377, ""fm2_smplh_valid_frac"": 0.8291666666666667, ""fm3_static_frac"": 0.033928571428571426, ""fps"": 30.0, ""geom_body_roll_deg"": -93.01279618696874, ""observed_duration_s"": 224.0, ""repair_applied"": ""90\u00b0 turn"", ""reproj_shoulder_widths_p50"": 0.09986740921349631, ""shown_raster"": ""2160x3840"", ""stored_raster"": ""3840x2160"", ""timebase"": ""consistent"", ""timebase_index_drift_s"": 0.0, ""unit_flagged_frac"": 0.5625, ""vendor"": ""V03""}",render
r7_016,ask_posture_v03_016_V03_S0965_I00000170_P3339_f0001676,V03_S0965_I00000170_P3339,naturalistic/train/0131/0072/V03_S0965_I00000170_P3339,naturalistic/train/0131/0038/V03_S0965_I00000170_P3338,ask_posture_v03,V03,naturalistic,1676,V03,naturalistic,train,ipc_conversation,"V03, knee_between_torso in [0.40, 0.46) — posture calibration","{""audio"": ""present"", ""flags_fired"": ""fm1_sitting+fm2_smplh_invalid"", ""fm1_ankles_visible_frac"": 0.9996732026143791, ""fm1_knee_between_torso_p50"": 0.4122682600401637, ""fm1_shin_verticality_p50"": 0.12663211584270112, ""fm2_smplh_valid_frac"": 0.9869281045751634, ""fm3_static_frac"": 0.008169934640522876, ""fps"": 30.0, ""geom_body_roll_deg"": -88.68291134171909, ""observed_duration_s"": 204.0, ""repair_applied"": ""90\u00b0 turn"", ""reproj_shoulder_widths_p50"": 0.11205344843920173, ""shown_raster"": ""2160x3840"", ""stored_raster"": ""3840x2160"", ""timebase"": ""consistent"", ""timebase_index_drift_s"": 0.0, ""unit_flagged_frac"": 1.0, ""vendor"": ""V03""}",render
r7_017,ask_posture_v03_017_V03_S0958_I00000209_P3324_f0000215,V03_S0958_I00000209_P3324,naturalistic/train/0130/0101/V03_S0958_I00000209_P3324,naturalistic/train/0130/0062/V03_S0958_I00000209_P3325,ask_posture_v03,V03,naturalistic,215,V03,naturalistic,train,ipc_conversation,"V03, knee_between_torso in [0.40, 0.46) — posture calibration","{""audio"": ""present"", ""flags_fired"": ""fm2_smplh_invalid+fm3_static_hands"", ""fm1_ankles_visible_frac"": 1.0, ""fm1_knee_between_torso_p50"": 0.43049145502345043, ""fm1_shin_verticality_p50"": 0.04993799555349774, ""fm2_smplh_valid_frac"": 0.9994505494505495, ""fm3_static_frac"": 0.8937728937728938, ""fps"": 30.0, ""geom_body_roll_deg"": -87.61406074645544, ""observed_duration_s"": 182.0, ""repair_applied"": ""90\u00b0 turn"", ""reproj_shoulder_widths_p50"": 0.11878613117891587, ""shown_raster"": ""2160x3840"", ""stored_raster"": ""3840x2160"", ""timebase"": ""consistent"", ""timebase_index_drift_s"": 0.0, ""unit_flagged_frac"": 0.0, ""vendor"": ""V03""}",render
r7_018,ask_posture_v03_018_V03_S1539_I00000411_P4369_f0001935,V03_S1539_I00000411_P4369,naturalistic/train/0155/0034/V03_S1539_I00000411_P4369,naturalistic/train/0155/0038/V03_S1539_I00000411_P4350,ask_posture_v03,V03,naturalistic,1935,V03,naturalistic,train,ipc_conversation,"V03, knee_between_torso in [0.46, 0.52) — posture calibration","{""audio"": ""present"", ""flags_fired"": ""none"", ""fm1_ankles_visible_frac"": 1.0, ""fm1_knee_between_torso_p50"": 0.5001067422809795, ""fm1_shin_verticality_p50"": 0.9899495299154618, ""fm2_smplh_valid_frac"": 1.0, ""fm3_static_frac"": 0.2377712989957888, ""fps"": 29.97, ""geom_body_roll_deg"": 3.814069799694925, ""observed_duration_s"": 206.0058, ""repair_applied"": ""none"", ""reproj_shoulder_widths_p50"": 0.05042048860649168, ""shown_raster"": ""2160x3840"", ""stored_raster"": ""2160x3840"", ""timebase"": ""consistent"", ""timebase_index_drift_s"": 0.0, ""unit_flagged_frac"": 0.0, ""vendor"": ""V03""}",render
r7_019,ask_posture_v03_019_V03_S1777_I00000349_P5173_f0002119,V03_S1777_I00000349_P5173,naturalistic/train/0166/0008/V03_S1777_I00000349_P5173,naturalistic/train/0166/0049/V03_S1777_I00000349_P5010,ask_posture_v03,V03,naturalistic,2119,V03,naturalistic,train,grounded_gesture,"V03, knee_between_torso in [0.46, 0.52) — posture calibration","{""audio"": ""present"", ""flags_fired"": ""none"", ""fm1_ankles_visible_frac"": 0.0844994617868676, ""fm1_knee_between_torso_p50"": 0.48161833960078804, ""fm1_shin_verticality_p50"": 0.9996144173287436, ""fm2_smplh_valid_frac"": 1.0, ""fm3_static_frac"": 0.0014352350197344816, ""fps"": 29.97, ""geom_body_roll_deg"": -4.085624782546164, ""observed_duration_s"": 186.0188, ""repair_applied"": ""none"", ""reproj_shoulder_widths_p50"": 0.08915734937782543, ""shown_raster"": ""2160x3840"", ""stored_raster"": ""2160x3840"", ""timebase"": ""consistent"", ""timebase_index_drift_s"": 0.0, ""unit_flagged_frac"": 0.0, ""vendor"": ""V03""}",render
r7_020,ask_posture_v03_020_V03_S0507_I00000045_P1800_f0001587,V03_S0507_I00000045_P1800,naturalistic/train/0122/0080/V03_S0507_I00000045_P1800,naturalistic/train/0122/0080/V03_S0507_I00000045_P1801,ask_posture_v03,V03,naturalistic,1587,V03,naturalistic,train,grounded_gesture,"V03, knee_between_torso in [0.46, 0.52) — posture calibration","{""audio"": ""present"", ""flags_fired"": ""fm2_smplh_invalid"", ""fm1_ankles_visible_frac"": 1.0, ""fm1_knee_between_torso_p50"": 0.5152794092397026, ""fm1_shin_verticality_p50"": 0.05872211174080485, ""fm2_smplh_valid_frac"": 0.9051388888888889, ""fm3_static_frac"": 0.16416666666666666, ""fps"": 30.0, ""geom_body_roll_deg"": 85.91438078610159, ""observed_duration_s"": 240.0, ""repair_applied"": ""270\u00b0 turn"", ""reproj_shoulder_widths_p50"": 0.08882993826913282, ""shown_raster"": ""2160x3840"", ""stored_raster"": ""3840x2160"", ""timebase"": ""consistent"", ""timebase_index_drift_s"": 0.0, ""unit_flagged_frac"": 0.0, ""vendor"": ""V03""}",render
r7_021,ask_posture_v03_021_V03_S0365_I00000206_P1823_f0004596,V03_S0365_I00000206_P1823,naturalistic/train/0117/0042/V03_S0365_I00000206_P1823,naturalistic/train/0117/0014/V03_S0365_I00000206_P1822,ask_posture_v03,V03,naturalistic,4596,V03,naturalistic,train,grounded_gesture,"V03, knee_between_torso in [0.46, 0.52) — posture calibration","{""audio"": ""present"", ""flags_fired"": ""fm1_sitting+fm2_smplh_invalid"", ""fm1_ankles_visible_frac"": 0.9925724637681159, ""fm1_knee_between_torso_p50"": 0.5071267671670743, ""fm1_shin_verticality_p50"": 2.6518001671194956e-07, ""fm2_smplh_valid_frac"": 0.9297101449275362, ""fm3_static_frac"": 0.12518115942028984, ""fps"": 30.0, ""geom_body_roll_deg"": -87.39743575732996, ""observed_duration_s"": 184.0, ""repair_applied"": ""90\u00b0 turn"", ""reproj_shoulder_widths_p50"": 0.0858072946945358, ""shown_raster"": ""2160x3840"", ""stored_raster"": ""3840x2160"", ""timebase"": ""consistent"", ""timebase_index_drift_s"": 0.0, ""unit_flagged_frac"": 0.6875, ""vendor"": ""V03""}",render
r7_022,ask_posture_v03_022_V03_S1186_I00000418_P3121_f0002057,V03_S1186_I00000418_P3121,naturalistic/train/0139/0048/V03_S1186_I00000418_P3121,naturalistic/train/0139/0116/V03_S1186_I00000418_P3675,ask_posture_v03,V03,naturalistic,2057,V03,naturalistic,train,ipc_conversation,"V03, knee_between_torso in [0.46, 0.52) — posture calibration","{""audio"": ""present"", ""flags_fired"": ""fm2_smplh_invalid"", ""fm1_ankles_visible_frac"": 0.4114260407440213, ""fm1_knee_between_torso_p50"": 0.5123209491220404, ""fm1_shin_verticality_p50"": 0.998168500873619, ""fm2_smplh_valid_frac"": 0.9946855624446412, ""fm3_static_frac"": 0.33244759374077354, ""fps"": 29.97, ""geom_body_roll_deg"": 1.7357045889283889, ""observed_duration_s"": 226.0258, ""repair_applied"": ""none"", ""reproj_shoulder_widths_p50"": 0.09802986101985275, ""shown_raster"": ""2160x3840"", ""stored_raster"": ""2160x3840"", ""timebase"": ""consistent"", ""timebase_index_drift_s"": 0.0, ""unit_flagged_frac"": 0.0, ""vendor"": ""V03""}",render
r7_023,ask_posture_v03_023_V03_S0937_I00000025_P3003_f0003281,V03_S0937_I00000025_P3003,naturalistic/train/0130/0011/V03_S0937_I00000025_P3003,naturalistic/train/0130/0064/V03_S0937_I00000025_P3250,ask_posture_v03,V03,naturalistic,3281,V03,naturalistic,train,ipc_conversation,"V03, knee_between_torso in [0.46, 0.52) — posture calibration","{""audio"": ""present"", ""flags_fired"": ""fm2_smplh_invalid"", ""fm1_ankles_visible_frac"": 1.0, ""fm1_knee_between_torso_p50"": 0.494007247601308, ""fm1_shin_verticality_p50"": 0.9986178129302453, ""fm2_smplh_valid_frac"": 0.985757304468137, ""fm3_static_frac"": 0.37690241718889883, ""fps"": 29.97, ""geom_body_roll_deg"": -1.7899102526859954, ""observed_duration_s"": 410.0096, ""repair_applied"": ""none"", ""reproj_shoulder_widths_p50"": 0.08834313285102974, ""shown_raster"": ""2160x3840"", ""stored_raster"": ""2160x3840"", ""timebase"": ""consistent"", ""timebase_index_drift_s"": -0.03336666666666667, ""unit_flagged_frac"": 0.0, ""vendor"": ""V03""}",render
r7_024,ask_posture_v03_024_V03_S0962_I00000343_P3334_f0003909,V03_S0962_I00000343_P3334,naturalistic/train/0130/0031/V03_S0962_I00000343_P3334,naturalistic/train/0130/0092/V03_S0962_I00000343_P3335,ask_posture_v03,V03,naturalistic,3909,V03,naturalistic,train,grounded_gesture,"V03, knee_between_torso in [0.52, 0.58) — posture calibration","{""audio"": ""present"", ""flags_fired"": ""fm2_smplh_invalid"", ""fm1_ankles_visible_frac"": 1.0, ""fm1_knee_between_torso_p50"": 0.542587556002264, ""fm1_shin_verticality_p50"": 0.03123466310788207, ""fm2_smplh_valid_frac"": 0.9869318181818182, ""fm3_static_frac"": 0.011931818181818182, ""fps"": 30.0, ""geom_body_roll_deg"": -87.39743779750019, ""observed_duration_s"": 176.0, ""repair_applied"": ""90\u00b0 turn"", ""reproj_shoulder_widths_p50"": 0.11849003855850958, ""shown_raster"": ""2160x3840"", ""stored_raster"": ""3840x2160"", ""timebase"": ""consistent"", ""timebase_index_drift_s"": 0.0, ""unit_flagged_frac"": 0.23076923076923078, ""vendor"": ""V03""}",render
r7_025,ask_posture_v03_025_V03_S0898_I00000028_P3108_f0001521,V03_S0898_I00000028_P3108,naturalistic/train/0128/0072/V03_S0898_I00000028_P3108,naturalistic/train/0128/0065/V03_S0898_I00000028_P3109,ask_posture_v03,V03,naturalistic,1521,V03,naturalistic,train,ipc_conversation,"V03, knee_between_torso in [0.52, 0.58) — posture calibration","{""audio"": ""present"", ""flags_fired"": ""fm2_smplh_invalid"", ""fm1_ankles_visible_frac"": 1.0, ""fm1_knee_between_torso_p50"": 0.5568024663083649, ""fm1_shin_verticality_p50"": 0.9968981425141963, ""fm2_smplh_valid_frac"": 0.9989572471324296, ""fm3_static_frac"": 0.4795504576526474, ""fps"": 29.97, ""geom_body_roll_deg"": -3.5763326346873847, ""observed_duration_s"": 288.0207, ""repair_applied"": ""none"", ""reproj_shoulder_widths_p50"": 0.1566467520947356, ""shown_raster"": ""2160x3840"", ""stored_raster"": ""2160x3840"", ""timebase"": ""consistent"", ""timebase_index_drift_s"": 0.0, ""unit_flagged_frac"": 0.0, ""vendor"": ""V03""}",render
r7_026,ask_posture_v03_026_V03_S1598_I00000097_P3855_f0003376,V03_S1598_I00000097_P3855,naturalistic/train/0158/0135/V03_S1598_I00000097_P3855,naturalistic/train/0158/0083/V03_S1598_I00000097_P4423,ask_posture_v03,V03,naturalistic,3376,V03,naturalistic,train,ipc_conversation,"V03, knee_between_torso in [0.52, 0.58) — posture calibration","{""audio"": ""present"", ""flags_fired"": ""fm2_smplh_invalid"", ""fm1_ankles_visible_frac"": 0.24, ""fm1_knee_between_torso_p50"": 0.575801211099817, ""fm1_shin_verticality_p50"": 0.9995677581690459, ""fm2_smplh_valid_frac"": 0.8043428571428571, ""fm3_static_frac"": 0.00045714285714285713, ""fps"": 29.97, ""geom_body_roll_deg"": -0.8551077165907135, ""observed_duration_s"": 146.012167, ""repair_applied"": ""none"", ""reproj_shoulder_widths_p50"": 0.07566642610376431, ""shown_raster"": ""2160x3840"", ""stored_raster"": ""2160x3840"", ""timebase"": ""consistent"", ""timebase_index_drift_s"": 0.0, ""unit_flagged_frac"": 0.0, ""vendor"": ""V03""}",render
r7_027,ask_posture_v03_027_V03_S0350_I00000302_P1674_f0000010,V03_S0350_I00000302_P1674,naturalistic/train/0116/0011/V03_S0350_I00000302_P1674,naturalistic/train/0116/0126/V03_S0350_I00000302_P1675,ask_posture_v03,V03,naturalistic,10,V03,naturalistic,train,ipc_conversation,"V03, knee_between_torso in [0.52, 0.58) — posture calibration","{""audio"": ""present"", ""flags_fired"": ""fm2_smplh_invalid"", ""fm1_ankles_visible_frac"": 0.9670833333333333, ""fm1_knee_between_torso_p50"": 0.5647830009091896, ""fm1_shin_verticality_p50"": 0.03446202541837229, ""fm2_smplh_valid_frac"": 0.9969444444444444, ""fm3_static_frac"": 0.18291666666666667, ""fps"": 30.0, ""geom_body_roll_deg"": -87.7974131275841, ""observed_duration_s"": 240.0, ""repair_applied"": ""90\u00b0 turn"", ""reproj_shoulder_widths_p50"": 0.12277718996623642, ""shown_raster"": ""2160x3840"", ""stored_raster"": ""3840x2160"", ""timebase"": ""consistent"", ""timebase_index_drift_s"": 0.0, ""unit_flagged_frac"": 0.0, ""vendor"": ""V03""}",render
r7_028,ask_posture_v03_028_V03_S1165_I00000413_P3506_f0003736,V03_S1165_I00000413_P3506,naturalistic/train/0138/0125/V03_S1165_I00000413_P3506,naturalistic/train/0138/0047/V03_S1165_I00000413_P3666,ask_posture_v03,V03,naturalistic,3736,V03,naturalistic,train,ipc_conversation,"V03, knee_between_torso in [0.52, 0.58) — posture calibration","{""audio"": ""present"", ""flags_fired"": ""fm2_smplh_invalid"", ""fm1_ankles_visible_frac"": 1.0, ""fm1_knee_between_torso_p50"": 0.551544307652527, ""fm1_shin_verticality_p50"": 0.9751329342162108, ""fm2_smplh_valid_frac"": 0.9978573614937252, ""fm3_static_frac"": 0.6640648913376186, ""fps"": 29.97, ""geom_body_roll_deg"": -3.576335006220848, ""observed_duration_s"": 218.0178, ""repair_applied"": ""none"", ""reproj_shoulder_widths_p50"": 0.06621407957784486, ""shown_raster"": ""2160x3840"", ""stored_raster"": ""2160x3840"", ""timebase"": ""consistent"", ""timebase_index_drift_s"": 0.0, ""unit_flagged_frac"": 0.0, ""vendor"": ""V03""}",render
r7_029,ask_posture_v03_029_V03_S1774_I00000007_P5154_f0004734,V03_S1774_I00000007_P5154,naturalistic/train/0166/0121/V03_S1774_I00000007_P5154,naturalistic/train/0166/0091/V03_S1774_I00000007_P4672,ask_posture_v03,V03,naturalistic,4734,V03,naturalistic,train,ipc_conversation,"V03, knee_between_torso in [0.52, 0.58) — posture calibration","{""audio"": ""present"", ""flags_fired"": ""fm2_smplh_invalid"", ""fm1_ankles_visible_frac"": 0.9440231628291741, ""fm1_knee_between_torso_p50"": 0.562870445925227, ""fm1_shin_verticality_p50"": 0.9996876492541649, ""fm2_smplh_valid_frac"": 0.9602922928443403, ""fm3_static_frac"": 0.5511583011583011, ""fps"": 29.97, ""geom_body_roll_deg"": 2.3215317061666076, ""observed_duration_s"": 242.008067, ""repair_applied"": ""none"", ""reproj_shoulder_widths_p50"": 0.18951257151707307, ""shown_raster"": ""2160x3840"", ""stored_raster"": ""2160x3840"", ""timebase"": ""consistent"", ""timebase_index_drift_s"": 0.03336666666666667, ""unit_flagged_frac"": 0.0, ""vendor"": ""V03""}",render
r7_030,ask_posture_v03_030_V03_S0183_I00000461_P1387_f0008117,V03_S0183_I00000461_P1387,naturalistic/train/0109/0134/V03_S0183_I00000461_P1387,naturalistic/train/0109/0087/V03_S0183_I00000461_P1322,ask_posture_v03,V03,naturalistic,8117,V03,naturalistic,train,ipc_conversation,"V03, knee_between_torso in [0.58, 0.66) — posture calibration","{""audio"": ""present"", ""flags_fired"": ""none"", ""fm1_ankles_visible_frac"": 0.9543409065964219, ""fm1_knee_between_torso_p50"": 0.5905591944448798, ""fm1_shin_verticality_p50"": 0.9968981486534685, ""fm2_smplh_valid_frac"": 1.0, ""fm3_static_frac"": 0.19492920645373724, ""fps"": 29.97, ""geom_body_roll_deg"": 0.0, ""observed_duration_s"": 304.003333, ""repair_applied"": ""none"", ""reproj_shoulder_widths_p50"": 0.12121017405605988, ""shown_raster"": ""2160x3840"", ""stored_raster"": ""2160x3840"", ""timebase"": ""consistent"", ""timebase_index_drift_s"": 0.03336666666666667, ""unit_flagged_frac"": 0.0, ""vendor"": ""V03""}",render
r7_031,ask_posture_v03_031_V03_S0364_I00000402_P1820_f0000565,V03_S0364_I00000402_P1820,naturalistic/train/0117/0099/V03_S0364_I00000402_P1820,naturalistic/train/0117/0051/V03_S0364_I00000402_P1821,ask_posture_v03,V03,naturalistic,565,V03,naturalistic,train,ipc_conversation,"V03, knee_between_torso in [0.58, 0.66) — posture calibration","{""audio"": ""present"", ""flags_fired"": ""fm2_smplh_invalid"", ""fm1_ankles_visible_frac"": 0.9114232209737828, ""fm1_knee_between_torso_p50"": 0.586433307098592, ""fm1_shin_verticality_p50"": 0.08789355621754569, ""fm2_smplh_valid_frac"": 0.7683520599250936, ""fm3_static_frac"": 0.0036968576709796672, ""fps"": 30.0, ""geom_body_roll_deg"": -90.0, ""observed_duration_s"": 178.0, ""repair_applied"": ""90\u00b0 turn"", ""reproj_shoulder_widths_p50"": 0.10777197343367657, ""shown_raster"": ""2160x3840"", ""stored_raster"": ""3840x2160"", ""timebase"": ""consistent"", ""timebase_index_drift_s"": 0.0, ""unit_flagged_frac"": 0.0, ""vendor"": ""V03""}",render
r7_032,ask_posture_v03_032_V03_S0360_I00000138_P1739_f0000651,V03_S0360_I00000138_P1739,naturalistic/train/0117/0051/V03_S0360_I00000138_P1739,naturalistic/train/0117/0066/V03_S0360_I00000138_P1738,ask_posture_v03,V03,naturalistic,651,V03,naturalistic,train,ipc_conversation,"V03, knee_between_torso in [0.58, 0.66) — posture calibration","{""audio"": ""present"", ""flags_fired"": ""none"", ""fm1_ankles_visible_frac"": 0.4794871794871795, ""fm1_knee_between_torso_p50"": 0.5879111605025171, ""fm1_shin_verticality_p50"": 2.0981726594672318e-07, ""fm2_smplh_valid_frac"": 1.0, ""fm3_static_frac"": 0.32153846153846155, ""fps"": 30.0, ""geom_body_roll_deg"": -93.1798282325943, ""observed_duration_s"": 130.0, ""repair_applied"": ""90\u00b0 turn"", ""reproj_shoulder_widths_p50"": 0.11818281182474516, ""shown_raster"": ""480x640"", ""stored_raster"": ""640x480"", ""timebase"": ""consistent"", ""timebase_index_drift_s"": 0.0, ""unit_flagged_frac"": 0.0, ""vendor"": ""V03""}",render
r7_033,ask_posture_v03_033_V03_S2077_I00000093_P4124_f0006516,V03_S2077_I00000093_P4124,naturalistic/train/0179/0102/V03_S2077_I00000093_P4124,naturalistic/train/0179/0136/V03_S2077_I00000093_P2304,ask_posture_v03,V03,naturalistic,6516,V03,naturalistic,train,ipc_conversation,"V03, knee_between_torso in [0.58, 0.66) — posture calibration","{""audio"": ""present"", ""flags_fired"": ""fm2_smplh_invalid"", ""fm1_ankles_visible_frac"": 1.0, ""fm1_knee_between_torso_p50"": 0.5983439921628866, ""fm1_shin_verticality_p50"": 0.9974586872028888, ""fm2_smplh_valid_frac"": 0.9997184288328875, ""fm3_static_frac"": 0.049274954244685344, ""fps"": 29.97, ""geom_body_roll_deg"": -2.4540260145685293, ""observed_duration_s"": 474.006867, ""repair_applied"": ""none"", ""reproj_shoulder_widths_p50"": 0.19172083037571963, ""shown_raster"": ""2160x3840"", ""stored_raster"": ""2160x3840"", ""timebase"": ""consistent"", ""timebase_index_drift_s"": 0.0, ""unit_flagged_frac"": 0.0, ""vendor"": ""V03""}",render
r7_034,ask_posture_v03_034_V03_S0196_I00000477_P1195_f0000749,V03_S0196_I00000477_P1195,naturalistic/train/0110/0014/V03_S0196_I00000477_P1195,naturalistic/train/0110/0022/V03_S0196_I00000477_P1306,ask_posture_v03,V03,naturalistic,749,V03,naturalistic,train,ipc_conversation,"V03, knee_between_torso in [0.58, 0.66) — posture calibration","{""audio"": ""present"", ""flags_fired"": ""fm2_smplh_invalid"", ""fm1_ankles_visible_frac"": 0.9898452611218569, ""fm1_knee_between_torso_p50"": 0.5892781621890358, ""fm1_shin_verticality_p50"": 0.9995920814592012, ""fm2_smplh_valid_frac"": 0.9922630560928434, ""fm3_static_frac"": 0.0, ""fps"": 29.97, ""geom_body_roll_deg"": -1.4878763652988947, ""observed_duration_s"": 138.004533, ""repair_applied"": ""none"", ""reproj_shoulder_widths_p50"": 0.18368948668969695, ""shown_raster"": ""2160x3840"", ""stored_raster"": ""2160x3840"", ""timebase"": ""consistent"", ""timebase_index_drift_s"": 0.0, ""unit_flagged_frac"": 0.0, ""vendor"": ""V03""}",render
r7_035,ask_posture_v03_035_V03_S1680_I00000013_P2244_f0001622,V03_S1680_I00000013_P2244,naturalistic/train/0162/0072/V03_S1680_I00000013_P2244,naturalistic/train/0162/0027/V03_S1680_I00000013_P4932,ask_posture_v03,V03,naturalistic,1622,V03,naturalistic,train,ipc_conversation,"V03, knee_between_torso in [0.58, 0.66) — posture calibration","{""audio"": ""present"", ""flags_fired"": ""fm2_smplh_invalid"", ""fm1_ankles_visible_frac"": 0.629546306711661, ""fm1_knee_between_torso_p50"": 0.6385867048629197, ""fm1_shin_verticality_p50"": 0.9972677370472339, ""fm2_smplh_valid_frac"": 0.989501312335958, ""fm3_static_frac"": 0.6182977127859017, ""fps"": 29.97, ""geom_body_roll_deg"": 0.0, ""observed_duration_s"": 178.0108, ""repair_applied"": ""none"", ""reproj_shoulder_widths_p50"": 0.131210568401664, ""shown_raster"": ""2160x3840"", ""stored_raster"": ""2160x3840"", ""timebase"": ""consistent"", ""timebase_index_drift_s"": 0.0, ""unit_flagged_frac"": 0.0, ""vendor"": ""V03""}",render
r7_036,ask_posture_v03_036_V03_S0990_I00000108_P3391_f0009287,V03_S0990_I00000108_P3391,naturalistic/train/0132/0087/V03_S0990_I00000108_P3391,naturalistic/train/0132/0034/V03_S0990_I00000108_P3390,ask_posture_v03,V03,naturalistic,9287,V03,naturalistic,train,ipc_conversation,"V03, knee_between_torso in [0.66, 0.80) — posture calibration","{""audio"": ""present"", ""flags_fired"": ""fm2_smplh_invalid"", ""fm1_ankles_visible_frac"": 0.9246666666666666, ""fm1_knee_between_torso_p50"": 0.6740934529544347, ""fm1_shin_verticality_p50"": 0.018178734689843445, ""fm2_smplh_valid_frac"": 0.9177037037037037, ""fm3_static_frac"": 0.18016502443322918, ""fps"": 30.0, ""geom_body_roll_deg"": -89.13194932754193, ""observed_duration_s"": 450.0, ""repair_applied"": ""90\u00b0 turn"", ""reproj_shoulder_widths_p50"": 0.17318894275028954, ""shown_raster"": ""2160x3840"", ""stored_raster"": ""3840x2160"", ""timebase"": ""consistent"", ""timebase_index_drift_s"": 0.0, ""unit_flagged_frac"": 0.07142857142857142, ""vendor"": ""V03""}",render
r7_037,ask_posture_v03_037_V03_S0287_I00000126_P1420_f0002554,V03_S0287_I00000126_P1420,naturalistic/train/0114/0125/V03_S0287_I00000126_P1420,naturalistic/train/0114/0111/V03_S0287_I00000126_P1630,ask_posture_v03,V03,naturalistic,2554,V03,naturalistic,train,ipc_conversation,"V03, knee_between_torso in [0.66, 0.80) — posture calibration","{""audio"": ""present"", ""flags_fired"": ""fm2_smplh_invalid"", ""fm1_ankles_visible_frac"": 0.43317353787152446, ""fm1_knee_between_torso_p50"": 0.6719337220690764, ""fm1_shin_verticality_p50"": 0.9889363796391165, ""fm2_smplh_valid_frac"": 0.9835091083413231, ""fm3_static_frac"": 0.3367209971236817, ""fps"": 29.97, ""geom_body_roll_deg"": -4.653346113973334, ""observed_duration_s"": 174.007167, ""repair_applied"": ""none"", ""reproj_shoulder_widths_p50"": 0.1332646186067037, ""shown_raster"": ""2160x3840"", ""stored_raster"": ""2160x3840"", ""timebase"": ""consistent"", ""timebase_index_drift_s"": 0.0, ""unit_flagged_frac"": 0.0, ""vendor"": ""V03""}",render
r7_038,ask_posture_v03_038_V03_S0407_I00000403_P1537_f0003427,V03_S0407_I00000403_P1537,naturalistic/train/0119/0095/V03_S0407_I00000403_P1537,naturalistic/train/0119/0121/V03_S0407_I00000403_P1570,ask_posture_v03,V03,naturalistic,3427,V03,naturalistic,train,ipc_conversation,"V03, knee_between_torso in [0.66, 0.80) — posture calibration","{""audio"": ""present"", ""flags_fired"": ""fm2_smplh_invalid"", ""fm1_ankles_visible_frac"": 0.14037819799777532, ""fm1_knee_between_torso_p50"": 0.7235613683141303, ""fm1_shin_verticality_p50"": 0.989949619059248, ""fm2_smplh_valid_frac"": 0.9951056729699667, ""fm3_static_frac"": 0.0017797552836484984, ""fps"": 29.97, ""geom_body_roll_deg"": 1.218881143320911, ""observed_duration_s"": 150.016167, ""repair_applied"": ""none"", ""reproj_shoulder_widths_p50"": 0.1230081069150566, ""shown_raster"": ""2160x3840"", ""stored_raster"": ""2160x3840"", ""timebase"": ""consistent"", ""timebase_index_drift_s"": 0.0, ""unit_flagged_frac"": 0.0, ""vendor"": ""V03""}",render
r7_039,ask_posture_v03_039_V03_S0917_I00000152_P1491_f0007813,V03_S0917_I00000152_P1491,naturalistic/train/0129/0011/V03_S0917_I00000152_P1491,naturalistic/train/0129/0050/V03_S0917_I00000152_P3154,ask_posture_v03,V03,naturalistic,7813,V03,naturalistic,train,ipc_conversation,"V03, knee_between_torso in [0.66, 0.80) — posture calibration","{""audio"": ""present"", ""flags_fired"": ""fm2_smplh_invalid"", ""fm1_ankles_visible_frac"": 0.09274611398963731, ""fm1_knee_between_torso_p50"": 0.6652832767261642, ""fm1_shin_verticality_p50"": 0.997785120620355, ""fm2_smplh_valid_frac"": 0.9678756476683937, ""fm3_static_frac"": 0.2644559585492228, ""fps"": 29.97, ""geom_body_roll_deg"": -0.7345180592745552, ""observed_duration_s"": 322.021333, ""repair_applied"": ""none"", ""reproj_shoulder_widths_p50"": 0.13888080499821337, ""shown_raster"": ""2160x3840"", ""stored_raster"": ""2160x3840"", ""timebase"": ""consistent"", ""timebase_index_drift_s"": 0.0, ""unit_flagged_frac"": 0.0, ""vendor"": ""V03""}",render
r7_040,ask_posture_v03_040_V03_S0489_I00000169_P2303_f0000471,V03_S0489_I00000169_P2303,naturalistic/train/0122/0067/V03_S0489_I00000169_P2303,naturalistic/train/0122/0060/V03_S0489_I00000169_P2302,ask_posture_v03,V03,naturalistic,471,V03,naturalistic,train,ipc_conversation,"V03, knee_between_torso in [0.66, 0.80) — posture calibration","{""audio"": ""present"", ""flags_fired"": ""fm2_smplh_invalid"", ""fm1_ankles_visible_frac"": 0.9093304061470912, ""fm1_knee_between_torso_p50"": 0.720393431514379, ""fm1_shin_verticality_p50"": 0.9999999999983229, ""fm2_smplh_valid_frac"": 0.4274423710208562, ""fm3_static_frac"": 0.3703622392974753, ""fps"": 29.97, ""geom_body_roll_deg"": 0.690277014556673, ""observed_duration_s"": 152.018533, ""repair_applied"": ""none"", ""reproj_shoulder_widths_p50"": 0.09244176751664954, ""shown_raster"": ""2160x3840"", ""stored_raster"": ""2160x3840"", ""timebase"": ""consistent"", ""timebase_index_drift_s"": -0.03336666666666667, ""unit_flagged_frac"": 0.0, ""vendor"": ""V03""}",render
r7_041,ask_posture_v03_041_V03_S0202_I00000126_P1429_f0003328,V03_S0202_I00000126_P1429,naturalistic/train/0110/0020/V03_S0202_I00000126_P1429,naturalistic/train/0110/0046/V03_S0202_I00000126_P1288,ask_posture_v03,V03,naturalistic,3328,V03,naturalistic,train,ipc_conversation,"V03, knee_between_torso in [0.66, 0.80) — posture calibration","{""audio"": ""present"", ""flags_fired"": ""fm2_smplh_invalid"", ""fm1_ankles_visible_frac"": 0.2074501442367992, ""fm1_knee_between_torso_p50"": 0.6709238833605506, ""fm1_shin_verticality_p50"": 0.9990561576195501, ""fm2_smplh_valid_frac"": 0.9983694970525524, ""fm3_static_frac"": 0.01417283331242945, ""fps"": 29.97, ""geom_body_roll_deg"": -5.477358586958922, ""observed_duration_s"": 266.032433, ""repair_applied"": ""none"", ""reproj_shoulder_widths_p50"": 0.15259901033147083, ""shown_raster"": ""2160x3840"", ""stored_raster"": ""2160x3840"", ""timebase"": ""consistent"", ""timebase_index_drift_s"": 0.0, ""unit_flagged_frac"": 0.0, ""vendor"": ""V03""}",render
r7_042,ask_raster_1012x1920_042_V01_S1344_I00000319_P2204_f0000809,V01_S1344_I00000319_P2204,naturalistic/train/0041/0021/V01_S1344_I00000319_P2204,naturalistic/train/0041/0046/V01_S1344_I00000319_P2383,ask_raster_1012x1920,V01,naturalistic,809,V01,naturalistic,train,ipc_conversation,every eligible file of this raster shares one geometry; this is a random draw of 1012x1920,"{""audio"": ""present"", ""flags_fired"": ""fm2_smplh_invalid"", ""fm1_ankles_visible_frac"": 1.0, ""fm1_knee_between_torso_p50"": 0.5962182829956862, ""fm1_shin_verticality_p50"": 0.999567754058937, ""fm2_smplh_valid_frac"": 0.9833333333333333, ""fm3_static_frac"": 0.5488505747126436, ""fps"": 30.0, ""geom_body_roll_deg"": -3.7517275064035975, ""observed_duration_s"": 58.0, ""repair_applied"": ""pixel aspect 1.0672"", ""reproj_shoulder_widths_p50"": 0.04300146762779468, ""shown_raster"": ""1080x1920"", ""stored_raster"": ""1012x1920"", ""timebase"": ""consistent"", ""timebase_index_drift_s"": 0.0, ""unit_flagged_frac"": 0.0, ""vendor"": ""V01""}",render
r7_043,ask_raster_1012x1920_043_V01_S1344_I00000366_P2383_f0000721,V01_S1344_I00000366_P2383,naturalistic/train/0041/0015/V01_S1344_I00000366_P2383,naturalistic/train/0041/0039/V01_S1344_I00000366_P2204,ask_raster_1012x1920,V01,naturalistic,721,V01,naturalistic,train,ipc_conversation,every eligible file of this raster shares one geometry; this is a random draw of 1012x1920,"{""audio"": ""present"", ""flags_fired"": ""fm2_smplh_invalid"", ""fm1_ankles_visible_frac"": 1.0, ""fm1_knee_between_torso_p50"": 0.6007583911767849, ""fm1_shin_verticality_p50"": 0.9983713344239766, ""fm2_smplh_valid_frac"": 0.9935185185185185, ""fm3_static_frac"": 0.6027777777777777, ""fps"": 30.0, ""geom_body_roll_deg"": 1.9091647543905665, ""observed_duration_s"": 72.0, ""repair_applied"": ""pixel aspect 1.0672"", ""reproj_shoulder_widths_p50"": 0.06008649712897604, ""shown_raster"": ""1080x1920"", ""stored_raster"": ""1012x1920"", ""timebase"": ""consistent"", ""timebase_index_drift_s"": 0.0, ""unit_flagged_frac"": 0.0, ""vendor"": ""V01""}",render
r7_044,ask_raster_1012x1920_044_V01_S1343_I00000317_P2381_f0000304,V01_S1343_I00000317_P2381,naturalistic/train/0041/0012/V01_S1343_I00000317_P2381,naturalistic/train/0041/0062/V01_S1343_I00000317_P2382,ask_raster_1012x1920,V01,naturalistic,304,V01,naturalistic,train,ipc_conversation,every eligible file of this raster shares one geometry; this is a random draw of 1012x1920,"{""audio"": ""present"", ""flags_fired"": ""fm2_smplh_invalid"", ""fm1_ankles_visible_frac"": 1.0, ""fm1_knee_between_torso_p50"": 0.576038858721572, ""fm1_shin_verticality_p50"": 0.9985422754689239, ""fm2_smplh_valid_frac"": 0.9329787234042554, ""fm3_static_frac"": 0.0003546099290780142, ""fps"": 30.0, ""geom_body_roll_deg"": 0.9391801948698715, ""observed_duration_s"": 94.0, ""repair_applied"": ""pixel aspect 1.0672"", ""reproj_shoulder_widths_p50"": 0.03939362596124822, ""shown_raster"": ""1080x1920"", ""stored_raster"": ""1012x1920"", ""timebase"": ""consistent"", ""timebase_index_drift_s"": 0.0, ""unit_flagged_frac"": 0.0, ""vendor"": ""V01""}",render
r7_045,ask_raster_1012x1920_045_V01_S1342_I00000278_P2380_f0000055,V01_S1342_I00000278_P2380,naturalistic/train/0041/0053/V01_S1342_I00000278_P2380,naturalistic/train/0041/0028/V01_S1342_I00000278_P2379,ask_raster_1012x1920,V01,naturalistic,55,V01,naturalistic,train,ipc_conversation,every eligible file of this raster shares one geometry; this is a random draw of 1012x1920,"{""audio"": ""present"", ""flags_fired"": ""fm3_static_hands"", ""fm1_ankles_visible_frac"": 1.0, ""fm1_knee_between_torso_p50"": 0.6181176069421005, ""fm1_shin_verticality_p50"": 0.9995677576738528, ""fm2_smplh_valid_frac"": 1.0, ""fm3_static_frac"": 0.8646666666666667, ""fps"": 30.0, ""geom_body_roll_deg"": 0.0, ""observed_duration_s"": 50.0, ""repair_applied"": ""pixel aspect 1.0672"", ""reproj_shoulder_widths_p50"": 0.048614878200579054, ""shown_raster"": ""1080x1920"", ""stored_raster"": ""1012x1920"", ""timebase"": ""consistent"", ""timebase_index_drift_s"": 0.0, ""unit_flagged_frac"": 0.0, ""vendor"": ""V01""}",render
r7_046,ask_raster_1920x1080_046_V01_S1559_I00000307_P2557_f0002075,V01_S1559_I00000307_P2557,naturalistic/train/0042/0037/V01_S1559_I00000307_P2557,naturalistic/train/0042/0040/V01_S1559_I00000307_P2556,ask_raster_1920x1080,V01,naturalistic,2075,V01,naturalistic,train,ipc_conversation,every eligible file of this raster shares one geometry; this is a random draw of 1920x1080,"{""audio"": ""present"", ""flags_fired"": ""fm1_sitting+fm2_smplh_invalid"", ""fm1_ankles_visible_frac"": 1.0, ""fm1_knee_between_torso_p50"": -0.4853926298145085, ""fm1_shin_verticality_p50"": 0.9922778767136676, ""fm2_smplh_valid_frac"": 0.9974334295797241, ""fm3_static_frac"": 0.08982996470965672, ""fps"": 29.97, ""geom_body_roll_deg"": -4.7636455024438895, ""observed_duration_s"": 104.0039, ""repair_applied"": ""pixel aspect 0.3164"", ""reproj_shoulder_widths_p50"": 0.0967648634816905, ""shown_raster"": ""608x1080"", ""stored_raster"": ""1920x1080"", ""timebase"": ""consistent"", ""timebase_index_drift_s"": 0.0, ""unit_flagged_frac"": 1.0, ""vendor"": ""V01""}",render
r7_047,ask_raster_1920x1080_047_V01_S1559_I00000125_P2556_f0001826,V01_S1559_I00000125_P2556,naturalistic/train/0042/0043/V01_S1559_I00000125_P2556,naturalistic/train/0042/0057/V01_S1559_I00000125_P2557,ask_raster_1920x1080,V01,naturalistic,1826,V01,naturalistic,train,ipc_conversation,every eligible file of this raster shares one geometry; this is a random draw of 1920x1080,"{""audio"": ""present"", ""flags_fired"": ""fm1_sitting+fm2_smplh_invalid+fm3_static_hands"", ""fm1_ankles_visible_frac"": 0.9967320261437909, ""fm1_knee_between_torso_p50"": -0.15393245693388863, ""fm1_shin_verticality_p50"": 0.9701426399176103, ""fm2_smplh_valid_frac"": 0.9743722050223598, ""fm3_static_frac"": 0.7777394900068918, ""fps"": 29.97, ""geom_body_roll_deg"": 8.365889465023397, ""observed_duration_s"": 194.0268, ""repair_applied"": ""pixel aspect 0.3164"", ""reproj_shoulder_widths_p50"": 0.11973232235683895, ""shown_raster"": ""608x1080"", ""stored_raster"": ""1920x1080"", ""timebase"": ""consistent"", ""timebase_index_drift_s"": 0.0, ""unit_flagged_frac"": 1.0, ""vendor"": ""V01""}",render
r7_048,ask_raster_1920x1080_048_V01_S1552_I00000131_P2546_f0003721,V01_S1552_I00000131_P2546,naturalistic/train/0042/0054/V01_S1552_I00000131_P2546,naturalistic/train/0042/0064/V01_S1552_I00000131_P2545,ask_raster_1920x1080,V01,naturalistic,3721,V01,naturalistic,train,ipc_conversation,every eligible file of this raster shares one geometry; this is a random draw of 1920x1080,"{""audio"": ""present"", ""flags_fired"": ""fm1_sitting+fm2_smplh_invalid"", ""fm1_ankles_visible_frac"": 0.9971235437940458, ""fm1_knee_between_torso_p50"": 0.0809084773147903, ""fm1_shin_verticality_p50"": 0.44721071755490077, ""fm2_smplh_valid_frac"": 0.8849417517618294, ""fm3_static_frac"": 0.05051086487264354, ""fps"": 29.97, ""geom_body_roll_deg"": 6.009019370056681, ""observed_duration_s"": 232.0318, ""repair_applied"": ""pixel aspect 0.3164"", ""reproj_shoulder_widths_p50"": 0.13248634723585367, ""shown_raster"": ""608x1080"", ""stored_raster"": ""1920x1080"", ""timebase"": ""consistent"", ""timebase_index_drift_s"": -0.03336666666666667, ""unit_flagged_frac"": 1.0, ""vendor"": ""V01""}",render
r7_049,ask_raster_1920x1080_049_V01_S1559_I00000128_P2556_f0001118,V01_S1559_I00000128_P2556,naturalistic/train/0042/0001/V01_S1559_I00000128_P2556,naturalistic/train/0042/0037/V01_S1559_I00000128_P2557,ask_raster_1920x1080,V01,naturalistic,1118,V01,naturalistic,train,ipc_conversation,every eligible file of this raster shares one geometry; this is a random draw of 1920x1080,"{""audio"": ""present"", ""flags_fired"": ""fm1_sitting+fm2_smplh_invalid"", ""fm1_ankles_visible_frac"": 0.998093422306959, ""fm1_knee_between_torso_p50"": -0.08282194340365473, ""fm1_shin_verticality_p50"": 0.9486826836810347, ""fm2_smplh_valid_frac"": 0.902049571020019, ""fm3_static_frac"": 0.6943847072879331, ""fps"": 29.97, ""geom_body_roll_deg"": 7.7651781150711034, ""observed_duration_s"": 140.006167, ""repair_applied"": ""pixel aspect 0.3164"", ""reproj_shoulder_widths_p50"": 0.11589827829443648, ""shown_raster"": ""608x1080"", ""stored_raster"": ""1920x1080"", ""timebase"": ""consistent"", ""timebase_index_drift_s"": 0.03336666666666667, ""unit_flagged_frac"": 1.0, ""vendor"": ""V01""}",render
r7_050,ask_raster_640x480_050_V03_S0350_I00000282_P1675_f0004272,V03_S0350_I00000282_P1675,naturalistic/train/0116/0045/V03_S0350_I00000282_P1675,naturalistic/train/0116/0045/V03_S0350_I00000282_P1674,ask_raster_640x480,V03,naturalistic,4272,V03,naturalistic,train,ipc_conversation,every eligible file of this raster shares one geometry; this is a random draw of 640x480,"{""audio"": ""present"", ""flags_fired"": ""fm2_smplh_invalid"", ""fm1_ankles_visible_frac"": 0.825297619047619, ""fm1_knee_between_torso_p50"": 0.6509198104080349, ""fm1_shin_verticality_p50"": 0.3162303223839029, ""fm2_smplh_valid_frac"": 0.9962797619047619, ""fm3_static_frac"": 0.019943443964875726, ""fps"": 30.0, ""geom_body_roll_deg"": -92.56376260830905, ""observed_duration_s"": 224.0, ""repair_applied"": ""90\u00b0 turn"", ""reproj_shoulder_widths_p50"": 0.1364144734327168, ""shown_raster"": ""480x640"", ""stored_raster"": ""640x480"", ""timebase"": ""consistent"", ""timebase_index_drift_s"": 0.0, ""unit_flagged_frac"": 0.0, ""vendor"": ""V03""}",render
r7_051,ask_raster_640x480_051_V03_S0359_I00000281_P1735_f0001286,V03_S0359_I00000281_P1735,naturalistic/train/0117/0071/V03_S0359_I00000281_P1735,naturalistic/train/0117/0064/V03_S0359_I00000281_P1734,ask_raster_640x480,V03,naturalistic,1286,V03,naturalistic,train,ipc_conversation,every eligible file of this raster shares one geometry; this is a random draw of 640x480,"{""audio"": ""present"", ""flags_fired"": ""fm2_smplh_invalid"", ""fm1_ankles_visible_frac"": 0.0249063670411985, ""fm1_knee_between_torso_p50"": 0.570101419994437, ""fm1_shin_verticality_p50"": 0.08304573899358371, ""fm2_smplh_valid_frac"": 0.9773408239700374, ""fm3_static_frac"": 0.21779026217228464, ""fps"": 30.0, ""geom_body_roll_deg"": -92.04541144868517, ""observed_duration_s"": 178.0, ""repair_applied"": ""90\u00b0 turn"", ""reproj_shoulder_widths_p50"": 0.09231569857406285, ""shown_raster"": ""480x640"", ""stored_raster"": ""640x480"", ""timebase"": ""consistent"", ""timebase_index_drift_s"": 0.0, ""unit_flagged_frac"": 0.0, ""vendor"": ""V03""}",render
r7_052,ask_raster_640x480_052_V03_S0360_I00000504_P1739_f0006766,V03_S0360_I00000504_P1739,naturalistic/train/0117/0077/V03_S0360_I00000504_P1739,naturalistic/train/0117/0051/V03_S0360_I00000504_P1738,ask_raster_640x480,V03,naturalistic,6766,V03,naturalistic,train,ipc_conversation,every eligible file of this raster shares one geometry; this is a random draw of 640x480,"{""audio"": ""present"", ""flags_fired"": ""fm2_smplh_invalid"", ""fm1_ankles_visible_frac"": 0.6266169154228856, ""fm1_knee_between_torso_p50"": 0.5872040183158367, ""fm1_shin_verticality_p50"": 0.05255865268233606, ""fm2_smplh_valid_frac"": 0.9963930348258706, ""fm3_static_frac"": 0.29440298507462687, ""fps"": 30.0, ""geom_body_roll_deg"": -93.1798291815008, ""observed_duration_s"": 268.0, ""repair_applied"": ""90\u00b0 turn"", ""reproj_shoulder_widths_p50"": 0.11989862179739849, ""shown_raster"": ""480x640"", ""stored_raster"": ""640x480"", ""timebase"": ""consistent"", ""timebase_index_drift_s"": 0.0, ""unit_flagged_frac"": 0.0, ""vendor"": ""V03""}",render
r7_053,ask_raster_640x480_053_V03_S0358_I00000482_P1732_f0001620,V03_S0358_I00000482_P1732,naturalistic/train/0117/0074/V03_S0358_I00000482_P1732,naturalistic/train/0117/0090/V03_S0358_I00000482_P1733,ask_raster_640x480,V03,naturalistic,1620,V03,naturalistic,train,ipc_conversation,every eligible file of this raster shares one geometry; this is a random draw of 640x480,"{""audio"": ""present"", ""flags_fired"": ""fm2_smplh_invalid"", ""fm1_ankles_visible_frac"": 0.5021021021021022, ""fm1_knee_between_torso_p50"": 0.5813381645543245, ""fm1_shin_verticality_p50"": 0.0, ""fm2_smplh_valid_frac"": 0.9995495495495496, ""fm3_static_frac"": 0.021021021021021023, ""fps"": 30.0, ""geom_body_roll_deg"": -90.00001106013713, ""observed_duration_s"": 222.0, ""repair_applied"": ""90\u00b0 turn"", ""reproj_shoulder_widths_p50"": 0.13652233486585785, ""shown_raster"": ""480x640"", ""stored_raster"": ""640x480"", ""timebase"": ""consistent"", ""timebase_index_drift_s"": 0.0, ""unit_flagged_frac"": 0.25, ""vendor"": ""V03""}",render
r7_054,ask_raster_1080x960_054_V03_S1558_I00000006_P1425_f0002247,V03_S1558_I00000006_P1425,naturalistic/train/0156/0001/V03_S1558_I00000006_P1425,naturalistic/train/0156/0050/V03_S1558_I00000006_P3264,ask_raster_1080x960,V03,naturalistic,2247,V03,naturalistic,train,ipc_conversation,every eligible file of this raster shares one geometry; this is a random draw of 1080x960,"{""audio"": ""present"", ""flags_fired"": ""fm2_smplh_invalid"", ""fm1_ankles_visible_frac"": 1.0, ""fm1_knee_between_torso_p50"": 0.5503033036142091, ""fm1_shin_verticality_p50"": 0.9988123515851886, ""fm2_smplh_valid_frac"": 0.9975024975024975, ""fm3_static_frac"": 0.37492507492507493, ""fps"": 29.97, ""geom_body_roll_deg"": 1.8183006186412456, ""observed_duration_s"": 334.000333, ""repair_applied"": ""none"", ""reproj_shoulder_widths_p50"": 0.041888438551215004, ""shown_raster"": ""1080x960"", ""stored_raster"": ""1080x960"", ""timebase"": ""consistent"", ""timebase_index_drift_s"": 0.0, ""unit_flagged_frac"": 0.07142857142857142, ""vendor"": ""V03""}",render
r7_055,ask_raster_1080x960_055_V03_S1558_I00000255_P3264_f0002786,V03_S1558_I00000255_P3264,naturalistic/train/0156/0057/V03_S1558_I00000255_P3264,naturalistic/train/0156/0044/V03_S1558_I00000255_P1425,ask_raster_1080x960,V03,naturalistic,2786,V03,naturalistic,train,grounded_gesture,every eligible file of this raster shares one geometry; this is a random draw of 1080x960,"{""audio"": ""present"", ""flags_fired"": ""fm2_smplh_invalid"", ""fm1_ankles_visible_frac"": 1.0, ""fm1_knee_between_torso_p50"": 0.5494461727738288, ""fm1_shin_verticality_p50"": 0.9971993142523506, ""fm2_smplh_valid_frac"": 0.9947773103148121, ""fm3_static_frac"": 0.47744088205425794, ""fps"": 29.97, ""geom_body_roll_deg"": 0.0, ""observed_duration_s"": 230.0298, ""repair_applied"": ""none"", ""reproj_shoulder_widths_p50"": 0.06615736552437965, ""shown_raster"": ""1080x960"", ""stored_raster"": ""1080x960"", ""timebase"": ""consistent"", ""timebase_index_drift_s"": -0.03336666666666667, ""unit_flagged_frac"": 0.0, ""vendor"": ""V03""}",render
r7_056,ask_raster_1080x960_056_V03_S1558_I00000002_P3264_f0002527,V03_S1558_I00000002_P3264,naturalistic/train/0156/0058/V03_S1558_I00000002_P3264,naturalistic/train/0156/0095/V03_S1558_I00000002_P1425,ask_raster_1080x960,V03,naturalistic,2527,V03,naturalistic,train,ipc_conversation,every eligible file of this raster shares one geometry; this is a random draw of 1080x960,"{""audio"": ""present"", ""flags_fired"": ""fm2_smplh_invalid"", ""fm1_ankles_visible_frac"": 1.0, ""fm1_knee_between_torso_p50"": 0.5629779590904338, ""fm1_shin_verticality_p50"": 0.9986876634765887, ""fm2_smplh_valid_frac"": 0.995869816619858, ""fm3_static_frac"": 0.00528663472658186, ""fps"": 29.97, ""geom_body_roll_deg"": 7.794487288075266e-06, ""observed_duration_s"": 202.001433, ""repair_applied"": ""none"", ""reproj_shoulder_widths_p50"": 0.07317117336992647, ""shown_raster"": ""1080x960"", ""stored_raster"": ""1080x960"", ""timebase"": ""consistent"", ""timebase_index_drift_s"": 0.0, ""unit_flagged_frac"": 0.0, ""vendor"": ""V03""}",render
r7_057,ask_raster_1080x960_057_V03_S1558_I00000003_P3264_f0002333,V03_S1558_I00000003_P3264,naturalistic/train/0156/0003/V03_S1558_I00000003_P3264,naturalistic/train/0156/0125/V03_S1558_I00000003_P1425,ask_raster_1080x960,V03,naturalistic,2333,V03,naturalistic,train,ipc_conversation,every eligible file of this raster shares one geometry; this is a random draw of 1080x960,"{""audio"": ""present"", ""flags_fired"": ""fm2_smplh_invalid"", ""fm1_ankles_visible_frac"": 1.0, ""fm1_knee_between_torso_p50"": 0.551065217979349, ""fm1_shin_verticality_p50"": 0.9971993274257049, ""fm2_smplh_valid_frac"": 0.9940239043824701, ""fm3_static_frac"": 0.461902390438247, ""fps"": 29.97, ""geom_body_roll_deg"": 0.0, ""observed_duration_s"": 134.000533, ""repair_applied"": ""none"", ""reproj_shoulder_widths_p50"": 0.07172037694499209, ""shown_raster"": ""1080x960"", ""stored_raster"": ""1080x960"", ""timebase"": ""consistent"", ""timebase_index_drift_s"": 0.0, ""unit_flagged_frac"": 0.0, ""vendor"": ""V03""}",render
r7_058,ask_raster_3840x2160_058_V03_S0959_I00000441_P1813_f0001643,V03_S0959_I00000441_P1813,naturalistic/train/0130/0018/V03_S0959_I00000441_P1813,naturalistic/train/0130/0095/V03_S0959_I00000441_P3326,ask_raster_3840x2160,V03,naturalistic,1643,V03,naturalistic,train,grounded_gesture,every eligible file of this raster shares one geometry; this is a random draw of 3840x2160,"{""audio"": ""present"", ""flags_fired"": ""fm1_sitting+fm2_smplh_invalid"", ""fm1_ankles_visible_frac"": 0.9998427672955975, ""fm1_knee_between_torso_p50"": 0.2950416576855316, ""fm1_shin_verticality_p50"": 0.02855970145843221, ""fm2_smplh_valid_frac"": 0.9973270440251573, ""fm3_static_frac"": 0.32332127693033497, ""fps"": 30.0, ""geom_body_roll_deg"": -91.36392406510367, ""observed_duration_s"": 212.0, ""repair_applied"": ""90\u00b0 turn"", ""reproj_shoulder_widths_p50"": 0.08478758155885026, ""shown_raster"": ""2160x3840"", ""stored_raster"": ""3840x2160"", ""timebase"": ""consistent"", ""timebase_index_drift_s"": 0.0, ""unit_flagged_frac"": 1.0, ""vendor"": ""V03""}",render
r7_059,ask_raster_3840x2160_059_V03_S0983_I00000434_P3376_f0002650,V03_S0983_I00000434_P3376,naturalistic/train/0132/0040/V03_S0983_I00000434_P3376,naturalistic/train/0132/0020/V03_S0983_I00000434_P3377,ask_raster_3840x2160,V03,naturalistic,2650,V03,naturalistic,train,ipc_conversation,every eligible file of this raster shares one geometry; this is a random draw of 3840x2160,"{""audio"": ""present"", ""flags_fired"": ""none"", ""fm1_ankles_visible_frac"": 0.9984848484848485, ""fm1_knee_between_torso_p50"": 0.5477715745917557, ""fm1_shin_verticality_p50"": 0.062378601898843256, ""fm2_smplh_valid_frac"": 1.0, ""fm3_static_frac"": 0.4753246753246753, ""fps"": 30.0, ""geom_body_roll_deg"": -88.85424875237666, ""observed_duration_s"": 154.0, ""repair_applied"": ""90\u00b0 turn"", ""reproj_shoulder_widths_p50"": 0.09590368584369174, ""shown_raster"": ""2160x3840"", ""stored_raster"": ""3840x2160"", ""timebase"": ""consistent"", ""timebase_index_drift_s"": 0.0, ""unit_flagged_frac"": 0.0, ""vendor"": ""V03""}",render
r7_060,ask_raster_3840x2160_060_V03_S0977_I00000342_P1864_f0000820,V03_S0977_I00000342_P1864,naturalistic/train/0131/0042/V03_S0977_I00000342_P1864,naturalistic/train/0131/0009/V03_S0977_I00000342_P3362,ask_raster_3840x2160,V03,naturalistic,820,V03,naturalistic,train,grounded_gesture,every eligible file of this raster shares one geometry; this is a random draw of 3840x2160,"{""audio"": ""present"", ""flags_fired"": ""fm2_smplh_invalid"", ""fm1_ankles_visible_frac"": 0.9975146198830409, ""fm1_knee_between_torso_p50"": 0.530574792933365, ""fm1_shin_verticality_p50"": 0.027767116104391205, ""fm2_smplh_valid_frac"": 0.9549707602339181, ""fm3_static_frac"": 0.0, ""fps"": 30.0, ""geom_body_roll_deg"": -93.99090684553994, ""observed_duration_s"": 228.0, ""repair_applied"": ""90\u00b0 turn"", ""reproj_shoulder_widths_p50"": 0.09474377168751545, ""shown_raster"": ""2160x3840"", ""stored_raster"": ""3840x2160"", ""timebase"": ""consistent"", ""timebase_index_drift_s"": 0.0, ""unit_flagged_frac"": 0.0, ""vendor"": ""V03""}",render
r7_061,ask_raster_3840x2160_061_V03_S0985_I00000408_P3381_f0002100,V03_S0985_I00000408_P3381,naturalistic/train/0132/0088/V03_S0985_I00000408_P3381,naturalistic/train/0132/0060/V03_S0985_I00000408_P3380,ask_raster_3840x2160,V03,naturalistic,2100,V03,naturalistic,train,ipc_conversation,every eligible file of this raster shares one geometry; this is a random draw of 3840x2160,"{""audio"": ""present"", ""flags_fired"": ""fm2_smplh_invalid"", ""fm1_ankles_visible_frac"": 1.0, ""fm1_knee_between_torso_p50"": 0.5178532521907668, ""fm1_shin_verticality_p50"": 0.08789359960584611, ""fm2_smplh_valid_frac"": 0.9947916666666666, ""fm3_static_frac"": 0.06041666666666667, ""fps"": 30.0, ""geom_body_roll_deg"": -91.43210739003605, ""observed_duration_s"": 224.0, ""repair_applied"": ""90\u00b0 turn"", ""reproj_shoulder_widths_p50"": 0.07991506132456405, ""shown_raster"": ""2160x3840"", ""stored_raster"": ""3840x2160"", ""timebase"": ""consistent"", ""timebase_index_drift_s"": 0.0, ""unit_flagged_frac"": 0.47058823529411764, ""vendor"": ""V03""}",render
r7_062,ask_raster_2180x3840_062_V03_S1852_I00000204_P4827_f0008196,V03_S1852_I00000204_P4827,naturalistic/train/0169/0095/V03_S1852_I00000204_P4827,naturalistic/train/0169/0079/V03_S1852_I00000204_P5010,ask_raster_2180x3840,V03,naturalistic,8196,V03,naturalistic,train,ipc_conversation,every eligible file of this raster shares one geometry; this is a random draw of 2180x3840,"{""audio"": ""present"", ""flags_fired"": ""fm2_smplh_invalid"", ""fm1_ankles_visible_frac"": 0.8175514108082257, ""fm1_knee_between_torso_p50"": 0.5780809217624796, ""fm1_shin_verticality_p50"": 0.9996144183578497, ""fm2_smplh_valid_frac"": 0.9925872788139646, ""fm3_static_frac"": 0.1245815399330464, ""fps"": 29.97, ""geom_body_roll_deg"": -2.5637630834685465, ""observed_duration_s"": 418.617833, ""repair_applied"": ""none"", ""reproj_shoulder_widths_p50"": 0.18890444492271252, ""shown_raster"": ""2180x3840"", ""stored_raster"": ""2180x3840"", ""timebase"": ""consistent"", ""timebase_index_drift_s"": 0.03336666666666667, ""unit_flagged_frac"": 0.3333333333333333, ""vendor"": ""V03""}",render
r7_063,ask_raster_2180x3840_063_V03_S1802_I00000013_P4343_f0004214,V03_S1802_I00000013_P4343,naturalistic/train/0168/0032/V03_S1802_I00000013_P4343,naturalistic/train/0168/0000/V03_S1802_I00000013_P4663,ask_raster_2180x3840,V03,naturalistic,4214,V03,naturalistic,train,ipc_conversation,every eligible file of this raster shares one geometry; this is a random draw of 2180x3840,"{""audio"": ""present"", ""flags_fired"": ""fm2_smplh_invalid"", ""fm1_ankles_visible_frac"": 0.9938611111111111, ""fm1_knee_between_torso_p50"": 0.5428767627443858, ""fm1_shin_verticality_p50"": 0.9996876437750011, ""fm2_smplh_valid_frac"": 0.9673888888888889, ""fm3_static_frac"": 0.027805555555555556, ""fps"": 29.97, ""geom_body_roll_deg"": -9.60519744423666, ""observed_duration_s"": 2204.536, ""repair_applied"": ""none"", ""reproj_shoulder_widths_p50"": 0.19294030646797145, ""shown_raster"": ""2180x3840"", ""stored_raster"": ""2180x3840"", ""timebase"": ""consistent"", ""timebase_index_drift_s"": 0.03336666666666667, ""unit_flagged_frac"": 0.0, ""vendor"": ""V03""}",render
r7_064,ask_raster_2180x3840_064_V03_S1802_I00000005_P4343_f0001861,V03_S1802_I00000005_P4343,naturalistic/train/0167/0116/V03_S1802_I00000005_P4343,naturalistic/train/0167/0103/V03_S1802_I00000005_P4663,ask_raster_2180x3840,V03,naturalistic,1861,V03,naturalistic,train,ipc_conversation,every eligible file of this raster shares one geometry; this is a random draw of 2180x3840,"{""audio"": ""present"", ""flags_fired"": ""fm2_smplh_invalid"", ""fm1_ankles_visible_frac"": 1.0, ""fm1_knee_between_torso_p50"": 0.5516424089979988, ""fm1_shin_verticality_p50"": 0.99968764524935, ""fm2_smplh_valid_frac"": 0.9962401597932088, ""fm3_static_frac"": 0.1229431123648331, ""fps"": 29.97, ""geom_body_roll_deg"": -4.205357930092987, ""observed_duration_s"": 284.0167, ""repair_applied"": ""none"", ""reproj_shoulder_widths_p50"": 0.19856628445232535, ""shown_raster"": ""2180x3840"", ""stored_raster"": ""2180x3840"", ""timebase"": ""consistent"", ""timebase_index_drift_s"": 0.0, ""unit_flagged_frac"": 0.0, ""vendor"": ""V03""}",render
r7_065,ask_raster_2180x3840_065_V03_S1802_I00000001_P4343_f0002060,V03_S1802_I00000001_P4343,naturalistic/train/0167/0081/V03_S1802_I00000001_P4343,naturalistic/train/0167/0079/V03_S1802_I00000001_P4663,ask_raster_2180x3840,V03,naturalistic,2060,V03,naturalistic,train,ipc_conversation,every eligible file of this raster shares one geometry; this is a random draw of 2180x3840,"{""audio"": ""present"", ""flags_fired"": ""none"", ""fm1_ankles_visible_frac"": 1.0, ""fm1_knee_between_torso_p50"": 0.5337827207481763, ""fm1_shin_verticality_p50"": 0.9997166796946481, ""fm2_smplh_valid_frac"": 1.0, ""fm3_static_frac"": 0.21303126097646646, ""fps"": 29.97, ""geom_body_roll_deg"": -7.539438700134957, ""observed_duration_s"": 190.0228, ""repair_applied"": ""none"", ""reproj_shoulder_widths_p50"": 0.21294624617958904, ""shown_raster"": ""2180x3840"", ""stored_raster"": ""2180x3840"", ""timebase"": ""consistent"", ""timebase_index_drift_s"": 0.0, ""unit_flagged_frac"": 0.0, ""vendor"": ""V03""}",render
r7_066,ask_anamorphic_v01_066_V01_S1544_I00000131_P2531_f0001372,V01_S1544_I00000131_P2531,naturalistic/train/0042/0021/V01_S1544_I00000131_P2531,naturalistic/train/0042/0002/V01_S1544_I00000131_P2532,ask_anamorphic_v01,V01,naturalistic,1372,V01,naturalistic,train,ipc_conversation,"V01 2160x2160: the picture and the 2D points are repairable, the released pose is not","{""audio"": ""present"", ""flags_fired"": ""fm1_sitting"", ""fm1_ankles_visible_frac"": 0.8201142857142857, ""fm1_knee_between_torso_p50"": 0.3677000751576764, ""fm1_shin_verticality_p50"": 0.8944270775323592, ""fm2_smplh_valid_frac"": 1.0, ""fm3_static_frac"": 0.6646857142857143, ""fps"": 29.97, ""geom_body_roll_deg"": -5.332167193601078, ""observed_duration_s"": 146.012167, ""repair_applied"": ""pixel aspect 0.5625"", ""reproj_shoulder_widths_p50"": 0.09205873729291218, ""shown_raster"": ""1215x2160"", ""stored_raster"": ""2160x2160"", ""timebase"": ""consistent"", ""timebase_index_drift_s"": 0.0, ""unit_flagged_frac"": 1.0, ""vendor"": ""V01""}",render
r7_067,ask_anamorphic_v01_067_V01_S0361_I00001112_P1709_f0000107,V01_S0361_I00001112_P1709,improvised/train/0053/0008/V01_S0361_I00001112_P1709,improvised/train/0053/0017/V01_S0361_I00001112_P1343,ask_anamorphic_v01,V01,improvised,107,V01,improvised,train,ipc_conversation,"V01 2160x2160: the picture and the 2D points are repairable, the released pose is not","{""audio"": ""present"", ""flags_fired"": ""fm1_sitting+fm2_smplh_invalid"", ""fm1_ankles_visible_frac"": 1.0, ""fm1_knee_between_torso_p50"": 0.26830518787841584, ""fm1_shin_verticality_p50"": 0.9953500271394269, ""fm2_smplh_valid_frac"": 0.9895698924731183, ""fm3_static_frac"": 0.0910752688172043, ""fps"": 30.0, ""geom_body_roll_deg"": 1.7098208703240891, ""observed_duration_s"": 310.0, ""repair_applied"": ""pixel aspect 0.5625"", ""reproj_shoulder_widths_p50"": 0.0576237385195086, ""shown_raster"": ""1215x2160"", ""stored_raster"": ""2160x2160"", ""timebase"": ""consistent"", ""timebase_index_drift_s"": 0.0, ""unit_flagged_frac"": 1.0, ""vendor"": ""V01""}",render
r7_068,ask_anamorphic_v01_068_V01_S0309_I00001235_P1636_f0001645,V01_S0309_I00001235_P1636,improvised/train/0052/0016/V01_S0309_I00001235_P1636,improvised/train/0052/0065/V01_S0309_I00001235_P1635,ask_anamorphic_v01,V01,improvised,1645,V01,improvised,train,ipc_conversation,"V01 2160x2160: the picture and the 2D points are repairable, the released pose is not","{""audio"": ""present"", ""flags_fired"": ""fm1_sitting"", ""fm1_ankles_visible_frac"": 1.0, ""fm1_knee_between_torso_p50"": 0.18193232292573824, ""fm1_shin_verticality_p50"": 0.9935326374076021, ""fm2_smplh_valid_frac"": 1.0, ""fm3_static_frac"": 0.6132387706855792, ""fps"": 30.0, ""geom_body_roll_deg"": -0.9240363596664154, ""observed_duration_s"": 282.0, ""repair_applied"": ""pixel aspect 0.5625"", ""reproj_shoulder_widths_p50"": 0.0746838073341565, ""shown_raster"": ""1215x2160"", ""stored_raster"": ""2160x2160"", ""timebase"": ""consistent"", ""timebase_index_drift_s"": 0.03333333333333333, ""unit_flagged_frac"": 1.0, ""vendor"": ""V01""}",render
r7_069,ask_anamorphic_v01_069_V01_S0227_I00001235_P1513_f0001201,V01_S0227_I00001235_P1513,improvised/train/0051/0022/V01_S0227_I00001235_P1513,improvised/train/0051/0033/V01_S0227_I00001235_P1512,ask_anamorphic_v01,V01,improvised,1201,V01,improvised,train,ipc_conversation,"V01 2160x2160: the picture and the 2D points are repairable, the released pose is not","{""audio"": ""present"", ""flags_fired"": ""fm1_sitting+fm2_smplh_invalid"", ""fm1_ankles_visible_frac"": 1.0, ""fm1_knee_between_torso_p50"": 0.3540697968671641, ""fm1_shin_verticality_p50"": 0.978980419737605, ""fm2_smplh_valid_frac"": 0.9944388270980788, ""fm3_static_frac"": 0.04196157735085945, ""fps"": 29.97, ""geom_body_roll_deg"": 19.179003716395474, ""observed_duration_s"": 132.031533, ""repair_applied"": ""pixel aspect 0.5625"", ""reproj_shoulder_widths_p50"": 0.07322198027866333, ""shown_raster"": ""1215x2160"", ""stored_raster"": ""2160x2160"", ""timebase"": ""consistent"", ""timebase_index_drift_s"": 0.0, ""unit_flagged_frac"": 1.0, ""vendor"": ""V01""}",render
r7_070,ask_anamorphic_v01_070_V01_S0339_I00001109_P1643_f0000068,V01_S0339_I00001109_P1643,improvised/train/0053/0036/V01_S0339_I00001109_P1643,improvised/train/0053/0037/V01_S0339_I00001109_P1680,ask_anamorphic_v01,V01,improvised,68,V01,improvised,train,ipc_conversation,"V01 2160x2160: the picture and the 2D points are repairable, the released pose is not","{""audio"": ""present"", ""flags_fired"": ""fm2_smplh_invalid"", ""fm1_ankles_visible_frac"": 0.9458904109589041, ""fm1_knee_between_torso_p50"": 0.49745515848300237, ""fm1_shin_verticality_p50"": 0.9950371613729203, ""fm2_smplh_valid_frac"": 0.6131278538812786, ""fm3_static_frac"": 0.16906392694063926, ""fps"": 29.976, ""geom_body_roll_deg"": -0.8069286723617418, ""observed_duration_s"": 292.0, ""repair_applied"": ""pixel aspect 0.5625"", ""reproj_shoulder_widths_p50"": 0.12194189718058197, ""shown_raster"": ""1215x2160"", ""stored_raster"": ""2160x2160"", ""timebase"": ""drifts +0.2 s"", ""timebase_index_drift_s"": 0.23333333333333334, ""unit_flagged_frac"": 0.0, ""vendor"": ""V01""}",render
r7_071,ask_anamorphic_v01_071_V01_S0233_I00001294_P1522_f0002644,V01_S0233_I00001294_P1522,improvised/train/0051/0056/V01_S0233_I00001294_P1522,improvised/train/0051/0027/V01_S0233_I00001294_P1521,ask_anamorphic_v01,V01,improvised,2644,V01,improvised,train,grounded_gesture,"V01 2160x2160: the picture and the 2D points are repairable, the released pose is not","{""audio"": ""present"", ""flags_fired"": ""fm1_sitting+fm2_smplh_invalid"", ""fm1_ankles_visible_frac"": 1.0, ""fm1_knee_between_torso_p50"": 0.36286439101211454, ""fm1_shin_verticality_p50"": 0.9984603520458487, ""fm2_smplh_valid_frac"": 0.9885095206828628, ""fm3_static_frac"": 0.09110308601444517, ""fps"": 29.97, ""geom_body_roll_deg"": -5.202658469343099e-06, ""observed_duration_s"": 203.236367, ""repair_applied"": ""pixel aspect 0.5625"", ""reproj_shoulder_widths_p50"": 0.0905950651270633, ""shown_raster"": ""1215x2160"", ""stored_raster"": ""2160x2160"", ""timebase"": ""consistent"", ""timebase_index_drift_s"": 0.03336666666666667, ""unit_flagged_frac"": 1.0, ""vendor"": ""V01""}",render
r7_072,ask_timebase_072_V01_S1607_I00000632_P2569_f0005401,V01_S1607_I00000632_P2569,improvised/train/0059/0024/V01_S1607_I00000632_P2569,,ask_timebase,V01,improvised,5401,V01,improvised,train,grounded_gesture,the released annotation grid and the container disagree; rendered with the fix applied,"{""audio"": ""empty WAV"", ""flags_fired"": ""fm1_sitting+fm2_smplh_invalid+fm3_static_hands"", ""fm1_ankles_visible_frac"": 1.0, ""fm1_knee_between_torso_p50"": 0.3139960429734191, ""fm1_shin_verticality_p50"": 0.9931506356287375, ""fm2_smplh_valid_frac"": 0.9845922150139017, ""fm3_static_frac"": 0.7648285449490269, ""fps"": 44.452, ""geom_body_roll_deg"": -4.332316158452713, ""observed_duration_s"": 180.013167, ""repair_applied"": ""pixel aspect 0.5625"", ""reproj_shoulder_widths_p50"": 0.08610936519204392, ""shown_raster"": ""1215x2160"", ""stored_raster"": ""2160x2160"", ""timebase"": ""drifts +13.1 s"", ""timebase_index_drift_s"": 13.138124999999999, ""unit_flagged_frac"": 1.0, ""vendor"": ""V01""}",render
r7_073,ask_timebase_073_V01_S1553_I00000127_P2548_f0001232,V01_S1553_I00000127_P2548,naturalistic/test/0001/0034/V01_S1553_I00000127_P2548,naturalistic/test/0001/0022/V01_S1553_I00000127_P2547,ask_timebase,V01,naturalistic,1232,V01,naturalistic,test,ipc_conversation,the released annotation grid and the container disagree; rendered with the fix applied,"{""audio"": ""present"", ""flags_fired"": ""fm1_sitting+fm2_smplh_invalid"", ""fm1_ankles_visible_frac"": 0.9505448076495442, ""fm1_knee_between_torso_p50"": 0.40109696114957233, ""fm1_shin_verticality_p50"": 0.9863936477129138, ""fm2_smplh_valid_frac"": 0.9860796086279742, ""fm3_static_frac"": 0.030598176562152544, ""fps"": 42.721, ""geom_body_roll_deg"": -4.085620076622082, ""observed_duration_s"": 128.016867, ""repair_applied"": ""pixel aspect 0.5625"", ""reproj_shoulder_widths_p50"": 0.098474743838698, ""shown_raster"": ""1215x2160"", ""stored_raster"": ""2160x2160"", ""timebase"": ""drifts +379.0 s"", ""timebase_index_drift_s"": 379.0386292259641, ""unit_flagged_frac"": 1.0, ""vendor"": ""V01""}",render
r7_074,ask_timebase_074_V01_S1607_I00000130_P2569_f0004122,V01_S1607_I00000130_P2569,improvised/train/0059/0035/V01_S1607_I00000130_P2569,,ask_timebase,V01,improvised,4122,V01,improvised,train,ipc_conversation,the released annotation grid and the container disagree; rendered with the fix applied,"{""audio"": ""empty WAV"", ""flags_fired"": ""fm1_sitting+fm2_smplh_invalid"", ""fm1_ankles_visible_frac"": 1.0, ""fm1_knee_between_torso_p50"": 0.3059588497441914, ""fm1_shin_verticality_p50"": 0.9995120772334946, ""fm2_smplh_valid_frac"": 0.968715953307393, ""fm3_static_frac"": 0.7301167315175098, ""fps"": 45.691, ""geom_body_roll_deg"": -5.273901967458145, ""observed_duration_s"": 134.008021, ""repair_applied"": ""pixel aspect 0.5625"", ""reproj_shoulder_widths_p50"": 0.08495146648230628, ""shown_raster"": ""1215x2160"", ""stored_raster"": ""2160x2160"", ""timebase"": ""drifts +6.3 s"", ""timebase_index_drift_s"": 6.3188125, ""unit_flagged_frac"": 1.0, ""vendor"": ""V01""}",render
r7_075,ask_timebase_075_V01_S1607_I00000134_P2569_f0006827,V01_S1607_I00000134_P2569,improvised/train/0059/0030/V01_S1607_I00000134_P2569,,ask_timebase,V01,improvised,6827,V01,improvised,train,ipc_conversation,the released annotation grid and the container disagree; rendered with the fix applied,"{""audio"": ""empty WAV"", ""flags_fired"": ""fm1_sitting+fm2_smplh_invalid"", ""fm1_ankles_visible_frac"": 1.0, ""fm1_knee_between_torso_p50"": 0.31168885432791404, ""fm1_shin_verticality_p50"": 0.9899494793037666, ""fm2_smplh_valid_frac"": 0.9292366875885807, ""fm3_static_frac"": 0.5917189714517108, ""fps"": 41.127, ""geom_body_roll_deg"": -4.398716100635729, ""observed_duration_s"": 206.018313, ""repair_applied"": ""pixel aspect 0.5625"", ""reproj_shoulder_widths_p50"": 0.07946341581042546, ""shown_raster"": ""1215x2160"", ""stored_raster"": ""2160x2160"", ""timebase"": ""drifts +29.3 s"", ""timebase_index_drift_s"": 29.300104166666664, ""unit_flagged_frac"": 1.0, ""vendor"": ""V01""}",render
r7_076,ask_timebase_076_V01_S1607_I00000137_P2569_f0004738,V01_S1607_I00000137_P2569,improvised/train/0059/0026/V01_S1607_I00000137_P2569,,ask_timebase,V01,improvised,4738,V01,improvised,train,ipc_conversation,the released annotation grid and the container disagree; rendered with the fix applied,"{""audio"": ""empty WAV"", ""flags_fired"": ""fm1_sitting+fm2_smplh_invalid"", ""fm1_ankles_visible_frac"": 1.0, ""fm1_knee_between_torso_p50"": 0.2860043613891699, ""fm1_shin_verticality_p50"": 0.9961298614698284, ""fm2_smplh_valid_frac"": 0.9410333642261353, ""fm3_static_frac"": 0.6314874884151993, ""fps"": 44.041, ""geom_body_roll_deg"": -5.194431382656972, ""observed_duration_s"": 180.012313, ""repair_applied"": ""pixel aspect 0.5625"", ""reproj_shoulder_widths_p50"": 0.09163051415823785, ""shown_raster"": ""1215x2160"", ""stored_raster"": ""2160x2160"", ""timebase"": ""drifts +14.7 s"", ""timebase_index_drift_s"": 14.702187499999999, ""unit_flagged_frac"": 1.0, ""vendor"": ""V01""}",render
r7_077,ask_timebase_077_V01_S1602_I00000125_P1071_f0002579,V01_S1602_I00000125_P1071,naturalistic/train/0042/0028/V01_S1602_I00000125_P1071,naturalistic/train/0042/0022/V01_S1602_I00000125_P2560,ask_timebase,V01,naturalistic,2579,V01,naturalistic,train,ipc_conversation,the released annotation grid and the container disagree; rendered with the fix applied,"{""audio"": ""present"", ""flags_fired"": ""fm1_sitting+fm2_smplh_invalid"", ""fm1_ankles_visible_frac"": 0.99025, ""fm1_knee_between_torso_p50"": 0.29941436442729374, ""fm1_shin_verticality_p50"": -0.9486834235542037, ""fm2_smplh_valid_frac"": 0.8917222222222222, ""fm3_static_frac"": 0.30226287112198374, ""fps"": 41.111, ""geom_body_roll_deg"": 0.9710232160191068, ""observed_duration_s"": 336.017541, ""repair_applied"": ""pixel aspect 0.5625"", ""reproj_shoulder_widths_p50"": 0.13103872043067724, ""shown_raster"": ""1215x2160"", ""stored_raster"": ""2160x2160"", ""timebase"": ""drifts +1517.2 s"", ""timebase_index_drift_s"": 1517.235895177686, ""unit_flagged_frac"": 1.0, ""vendor"": ""V01""}",render
r7_078,v01_pass_078_V01_S0633_I00001213_P1760_f0001610,V01_S0633_I00001213_P1760,improvised/train/0058/0032/V01_S0633_I00001213_P1760,improvised/train/0058/0043/V01_S0633_I00001213_P1861,v01_pass,V01,improvised,1610,V01,improvised,train,ipc_conversation,random draw from V01 files the pipeline sorted into 'pass',"{""audio"": ""present"", ""flags_fired"": ""none"", ""fm1_ankles_visible_frac"": 1.0, ""fm1_knee_between_torso_p50"": 0.565334023707504, ""fm1_shin_verticality_p50"": 0.9996876474361492, ""fm2_smplh_valid_frac"": 1.0, ""fm3_static_frac"": 0.42143713880710937, ""fps"": 29.97, ""geom_body_roll_deg"": -0.9391883033088113, ""observed_duration_s"": 306.0057, ""repair_applied"": ""none"", ""reproj_shoulder_widths_p50"": 0.055051501265529275, ""shown_raster"": ""1080x1920"", ""stored_raster"": ""1080x1920"", ""timebase"": ""consistent"", ""timebase_index_drift_s"": 0.0, ""unit_flagged_frac"": 0.0, ""vendor"": ""V01""}",render
r7_079,v01_pass_079_V01_S0113_I00000307_P1213_f0002027,V01_S0113_I00000307_P1213,improvised/train/0050/0002/V01_S0113_I00000307_P1213,improvised/train/0050/0031/V01_S0113_I00000307_P1212,v01_pass,V01,improvised,2027,V01,improvised,train,ipc_conversation,random draw from V01 files the pipeline sorted into 'pass',"{""audio"": ""present"", ""flags_fired"": ""none"", ""fm1_ankles_visible_frac"": 1.0, ""fm1_knee_between_torso_p50"": 0.6059417386121195, ""fm1_shin_verticality_p50"": 0.9996144225483338, ""fm2_smplh_valid_frac"": 1.0, ""fm3_static_frac"": 0.10343677010343677, ""fps"": 29.97, ""geom_body_roll_deg"": 0.0, ""observed_duration_s"": 100.0329, ""repair_applied"": ""none"", ""reproj_shoulder_widths_p50"": 0.0432904723164436, ""shown_raster"": ""1080x1920"", ""stored_raster"": ""1080x1920"", ""timebase"": ""consistent"", ""timebase_index_drift_s"": 0.0, ""unit_flagged_frac"": 0.0, ""vendor"": ""V01""}",render
r7_080,v01_pass_080_V01_S1705_I00000674_P1005_f0004540,V01_S1705_I00000674_P1005,improvised/train/0059/0002/V01_S1705_I00000674_P1005,improvised/train/0059/0032/V01_S1705_I00000674_P2621,v01_pass,V01,improvised,4540,V01,improvised,train,ipc_conversation,random draw from V01 files the pipeline sorted into 'pass',"{""audio"": ""present"", ""flags_fired"": ""none"", ""fm1_ankles_visible_frac"": 1.0, ""fm1_knee_between_torso_p50"": 0.61797867057935, ""fm1_shin_verticality_p50"": 0.9514445329721355, ""fm2_smplh_valid_frac"": 1.0, ""fm3_static_frac"": 0.18370607028753994, ""fps"": 29.97, ""geom_body_roll_deg"": 0.9093818753363505, ""observed_duration_s"": 188.0208, ""repair_applied"": ""none"", ""reproj_shoulder_widths_p50"": 0.060136937960794584, ""shown_raster"": ""1080x1920"", ""stored_raster"": ""1080x1920"", ""timebase"": ""consistent"", ""timebase_index_drift_s"": 0.0, ""unit_flagged_frac"": 0.0, ""vendor"": ""V01""}",render
r7_081,v01_pass_081_V01_S0632_I00001136_P1849_f0001555,V01_S0632_I00001136_P1849,improvised/train/0058/0012/V01_S0632_I00001136_P1849,improvised/train/0058/0053/V01_S0632_I00001136_P1866,v01_pass,V01,improvised,1555,V01,improvised,train,ipc_conversation,random draw from V01 files the pipeline sorted into 'pass',"{""audio"": ""present"", ""flags_fired"": ""none"", ""fm1_ankles_visible_frac"": 1.0, ""fm1_knee_between_torso_p50"": 0.4962611633169237, ""fm1_shin_verticality_p50"": 0.9974587167527882, ""fm2_smplh_valid_frac"": 1.0, ""fm3_static_frac"": 0.48702830188679247, ""fps"": 29.98, ""geom_body_roll_deg"": 1.941481117236277, ""observed_duration_s"": 198.031578, ""repair_applied"": ""none"", ""reproj_shoulder_widths_p50"": 0.06854376235962303, ""shown_raster"": ""1080x1920"", ""stored_raster"": ""1080x1920"", ""timebase"": ""consistent"", ""timebase_index_drift_s"": 0.0, ""unit_flagged_frac"": 0.0, ""vendor"": ""V01""}",render
r7_082,v01_pass_082_V01_S0108_I00000498_P1204_f0001081,V01_S0108_I00000498_P1204,naturalistic/dev/0001/0029/V01_S0108_I00000498_P1204,naturalistic/dev/0001/0004/V01_S0108_I00000498_P1203,v01_pass,V01,naturalistic,1081,V01,naturalistic,dev,ipc_conversation,random draw from V01 files the pipeline sorted into 'pass',"{""audio"": ""present"", ""flags_fired"": ""none"", ""fm1_ankles_visible_frac"": 1.0, ""fm1_knee_between_torso_p50"": 0.6095786765764954, ""fm1_shin_verticality_p50"": 0.998687655861999, ""fm2_smplh_valid_frac"": 1.0, ""fm3_static_frac"": 0.2816968541468065, ""fps"": 29.97, ""geom_body_roll_deg"": 0.774215734489041, ""observed_duration_s"": 140.006167, ""repair_applied"": ""none"", ""reproj_shoulder_widths_p50"": 0.04115635355023269, ""shown_raster"": ""1080x1920"", ""stored_raster"": ""1080x1920"", ""timebase"": ""consistent"", ""timebase_index_drift_s"": 0.03336666666666667, ""unit_flagged_frac"": 0.0, ""vendor"": ""V01""}",render
r7_083,v01_pass_083_V01_S0569_I00001232_P1846_f0004167,V01_S0569_I00001232_P1846,improvised/train/0056/0042/V01_S0569_I00001232_P1846,improvised/train/0056/0053/V01_S0569_I00001232_P1847,v01_pass,V01,improvised,4167,V01,improvised,train,ipc_conversation,random draw from V01 files the pipeline sorted into 'pass',"{""audio"": ""present"", ""flags_fired"": ""none"", ""fm1_ankles_visible_frac"": 1.0, ""fm1_knee_between_torso_p50"": 0.5143858274629692, ""fm1_shin_verticality_p50"": 0.9986876682715937, ""fm2_smplh_valid_frac"": 1.0, ""fm3_static_frac"": 0.3263693820224719, ""fps"": 29.98, ""geom_body_roll_deg"": -2.0825736669013546, ""observed_duration_s"": 190.026244, ""repair_applied"": ""none"", ""reproj_shoulder_widths_p50"": 0.06081838991757594, ""shown_raster"": ""1080x1920"", ""stored_raster"": ""1080x1920"", ""timebase"": ""consistent"", ""timebase_index_drift_s"": 0.0, ""unit_flagged_frac"": 0.0, ""vendor"": ""V01""}",render
r7_084,v01_pass_084_V01_S0837_I00001133_P1466_f0001863,V01_S0837_I00001133_P1466,improvised/train/0058/0012/V01_S0837_I00001133_P1466,improvised/train/0058/0017/V01_S0837_I00001133_P1048,v01_pass,V01,improvised,1863,V01,improvised,train,ipc_conversation,random draw from V01 files the pipeline sorted into 'pass',"{""audio"": ""present"", ""flags_fired"": ""none"", ""fm1_ankles_visible_frac"": 1.0, ""fm1_knee_between_torso_p50"": 0.5669558137129844, ""fm1_shin_verticality_p50"": 0.9997166671220256, ""fm2_smplh_valid_frac"": 1.0, ""fm3_static_frac"": 0.034382978723404255, ""fps"": 29.97, ""geom_body_roll_deg"": 1.005084974420145, ""observed_duration_s"": 196.029167, ""repair_applied"": ""none"", ""reproj_shoulder_widths_p50"": 0.05182445639413436, ""shown_raster"": ""1080x1920"", ""stored_raster"": ""1080x1920"", ""timebase"": ""consistent"", ""timebase_index_drift_s"": 0.0, ""unit_flagged_frac"": 0.0, ""vendor"": ""V01""}",render
r7_085,v01_pass_085_V01_S0619_I00001239_P1789_f0004457,V01_S0619_I00001239_P1789,improvised/train/0057/0032/V01_S0619_I00001239_P1789,improvised/train/0057/0016/V01_S0619_I00001239_P1502,v01_pass,V01,improvised,4457,V01,improvised,train,ipc_conversation,random draw from V01 files the pipeline sorted into 'pass',"{""audio"": ""present"", ""flags_fired"": ""none"", ""fm1_ankles_visible_frac"": 1.0, ""fm1_knee_between_torso_p50"": 0.6068005125159779, ""fm1_shin_verticality_p50"": 0.9995920866378477, ""fm2_smplh_valid_frac"": 1.0, ""fm3_static_frac"": 0.000525279054497702, ""fps"": 29.98, ""geom_body_roll_deg"": -1.8778802964917405, ""observed_duration_s"": 254.0022, ""repair_applied"": ""none"", ""reproj_shoulder_widths_p50"": 0.04273325731763701, ""shown_raster"": ""1080x1920"", ""stored_raster"": ""1080x1920"", ""timebase"": ""consistent"", ""timebase_index_drift_s"": 0.033355555555555555, ""unit_flagged_frac"": 0.0, ""vendor"": ""V01""}",render
r7_086,v01_pass_086_V01_S0372_I00001242_P1721_f0003433,V01_S0372_I00001242_P1721,improvised/train/0053/0029/V01_S0372_I00001242_P1721,improvised/train/0053/0043/V01_S0372_I00001242_P1722,v01_pass,V01,improvised,3433,V01,improvised,train,ipc_conversation,random draw from V01 files the pipeline sorted into 'pass',"{""audio"": ""present"", ""flags_fired"": ""none"", ""fm1_ankles_visible_frac"": 1.0, ""fm1_knee_between_torso_p50"": 0.6390752825664472, ""fm1_shin_verticality_p50"": 0.9965457617521786, ""fm2_smplh_valid_frac"": 1.0, ""fm3_static_frac"": 0.3758983572895277, ""fps"": 29.97, ""geom_body_roll_deg"": -2.5637799124224596, ""observed_duration_s"": 260.026067, ""repair_applied"": ""none"", ""reproj_shoulder_widths_p50"": 0.051969969453692116, ""shown_raster"": ""1080x1920"", ""stored_raster"": ""1080x1920"", ""timebase"": ""consistent"", ""timebase_index_drift_s"": 0.0, ""unit_flagged_frac"": 0.0, ""vendor"": ""V01""}",render
r7_087,v01_pass_087_V01_S0589_I00001086_P1743_f0004238,V01_S0589_I00001086_P1743,improvised/train/0056/0000/V01_S0589_I00001086_P1743,improvised/train/0056/0052/V01_S0589_I00001086_P1790,v01_pass,V01,improvised,4238,V01,improvised,train,ipc_conversation,random draw from V01 files the pipeline sorted into 'pass',"{""audio"": ""present"", ""flags_fired"": ""none"", ""fm1_ankles_visible_frac"": 0.2524271844660194, ""fm1_knee_between_torso_p50"": 0.6356277534075024, ""fm1_shin_verticality_p50"": 0.9417421009166015, ""fm2_smplh_valid_frac"": 1.0, ""fm3_static_frac"": 0.1677869056509833, ""fps"": 29.98, ""geom_body_roll_deg"": 0.0, ""observed_duration_s"": 268.011533, ""repair_applied"": ""none"", ""reproj_shoulder_widths_p50"": 0.10141903524885891, ""shown_raster"": ""1080x1920"", ""stored_raster"": ""1080x1920"", ""timebase"": ""consistent"", ""timebase_index_drift_s"": 0.0, ""unit_flagged_frac"": 0.0, ""vendor"": ""V01""}",render
r7_088,v01_pass_088_V01_S0133_I00000128_P1249_f0000000,V01_S0133_I00000128_P1249,naturalistic/train/0036/0033/V01_S0133_I00000128_P1249,naturalistic/train/0036/0031/V01_S0133_I00000128_P1023,v01_pass,V01,naturalistic,0,V01,naturalistic,train,ipc_conversation,random draw from V01 files the pipeline sorted into 'pass',"{""audio"": ""present"", ""flags_fired"": ""none"", ""fm1_ankles_visible_frac"": 1.0, ""fm1_knee_between_torso_p50"": 0.5889252246802288, ""fm1_shin_verticality_p50"": 0.9996714303826274, ""fm2_smplh_valid_frac"": 1.0, ""fm3_static_frac"": 0.24582869855394884, ""fps"": 29.97, ""geom_body_roll_deg"": -1.8778817488203001, ""observed_duration_s"": 30.029633, ""repair_applied"": ""none"", ""reproj_shoulder_widths_p50"": 0.04407165271052314, ""shown_raster"": ""1080x1920"", ""stored_raster"": ""1080x1920"", ""timebase"": ""consistent"", ""timebase_index_drift_s"": 0.0, ""unit_flagged_frac"": 0.0, ""vendor"": ""V01""}",render
r7_089,v01_pass_089_V01_S0632_I00001185_P1849_f0003187,V01_S0632_I00001185_P1849,improvised/train/0058/0005/V01_S0632_I00001185_P1849,improvised/train/0058/0039/V01_S0632_I00001185_P1866,v01_pass,V01,improvised,3187,V01,improvised,train,ipc_conversation,random draw from V01 files the pipeline sorted into 'pass',"{""audio"": ""present"", ""flags_fired"": ""none"", ""fm1_ankles_visible_frac"": 1.0, ""fm1_knee_between_torso_p50"": 0.532979423096337, ""fm1_shin_verticality_p50"": 0.9909924502047448, ""fm2_smplh_valid_frac"": 1.0, ""fm3_static_frac"": 0.00289081609962197, ""fps"": 29.98, ""geom_body_roll_deg"": 1.9414800743007374, ""observed_duration_s"": 150.033289, ""repair_applied"": ""none"", ""reproj_shoulder_widths_p50"": 0.07349222910812304, ""shown_raster"": ""1080x1920"", ""stored_raster"": ""1080x1920"", ""timebase"": ""consistent"", ""timebase_index_drift_s"": -0.033355555555555555, ""unit_flagged_frac"": 0.0, ""vendor"": ""V01""}",render
r7_090,v01_pass_090_V01_S0621_I00001200_P1744_f0003408,V01_S0621_I00001200_P1744,improvised/train/0057/0022/V01_S0621_I00001200_P1744,improvised/train/0057/0032/V01_S0621_I00001200_P1466,v01_pass,V01,improvised,3408,V01,improvised,train,ipc_conversation,random draw from V01 files the pipeline sorted into 'pass',"{""audio"": ""present"", ""flags_fired"": ""none"", ""fm1_ankles_visible_frac"": 1.0, ""fm1_knee_between_torso_p50"": 0.6170558311830698, ""fm1_shin_verticality_p50"": 0.9995120742033103, ""fm2_smplh_valid_frac"": 1.0, ""fm3_static_frac"": 0.5167656024386331, ""fps"": 29.97, ""geom_body_roll_deg"": -1.7899075921120449, ""observed_duration_s"": 208.007433, ""repair_applied"": ""none"", ""reproj_shoulder_widths_p50"": 0.0480448231351251, ""shown_raster"": ""1080x1920"", ""stored_raster"": ""1080x1920"", ""timebase"": ""consistent"", ""timebase_index_drift_s"": 0.0, ""unit_flagged_frac"": 0.0, ""vendor"": ""V01""}",render
r7_091,v01_fm1_sitting_091_V01_S1549_I00000127_P2539_f0004942,V01_S1549_I00000127_P2539,naturalistic/train/0042/0033/V01_S1549_I00000127_P2539,naturalistic/train/0042/0061/V01_S1549_I00000127_P2540,v01_fm1_sitting,V01,naturalistic,4942,V01,naturalistic,train,ipc_conversation,random draw from V01 files the pipeline sorted into 'fm1_sitting',"{""audio"": ""present"", ""flags_fired"": ""fm1_sitting"", ""fm1_ankles_visible_frac"": 1.0, ""fm1_knee_between_torso_p50"": 0.2832097688361286, ""fm1_shin_verticality_p50"": 0.3162266707455315, ""fm2_smplh_valid_frac"": 1.0, ""fm3_static_frac"": 0.661948095719582, ""fps"": 29.97, ""geom_body_roll_deg"": 1.5074414690108329, ""observed_duration_s"": 198.031167, ""repair_applied"": ""pixel aspect 0.5625"", ""reproj_shoulder_widths_p50"": 0.10253724057666089, ""shown_raster"": ""1215x2160"", ""stored_raster"": ""2160x2160"", ""timebase"": ""consistent"", ""timebase_index_drift_s"": -0.03336666666666667, ""unit_flagged_frac"": 1.0, ""vendor"": ""V01""}",render
r7_092,v01_fm1_sitting_092_V01_S0081_I00000131_P1155_f0001541,V01_S0081_I00000131_P1155,naturalistic/train/0035/0035/V01_S0081_I00000131_P1155,naturalistic/train/0035/0007/V01_S0081_I00000131_P1154,v01_fm1_sitting,V01,naturalistic,1541,V01,naturalistic,train,ipc_conversation,random draw from V01 files the pipeline sorted into 'fm1_sitting',"{""audio"": ""present"", ""flags_fired"": ""fm1_sitting"", ""fm1_ankles_visible_frac"": 1.0, ""fm1_knee_between_torso_p50"": 0.13100983573967723, ""fm1_shin_verticality_p50"": 0.9986178269578272, ""fm2_smplh_valid_frac"": 1.0, ""fm3_static_frac"": 0.005484460694698354, ""fps"": 29.97, ""geom_body_roll_deg"": -6.44159871812319, ""observed_duration_s"": 146.012533, ""repair_applied"": ""pixel aspect 0.5625"", ""reproj_shoulder_widths_p50"": 0.05881725016266197, ""shown_raster"": ""1215x2160"", ""stored_raster"": ""2160x2160"", ""timebase"": ""consistent"", ""timebase_index_drift_s"": 0.0, ""unit_flagged_frac"": 1.0, ""vendor"": ""V01""}",render
r7_093,v01_fm1_sitting_093_V01_S0074_I00000127_P1141_f0000930,V01_S0074_I00000127_P1141,naturalistic/train/0034/0061/V01_S0074_I00000127_P1141,naturalistic/train/0034/0034/V01_S0074_I00000127_P1140,v01_fm1_sitting,V01,naturalistic,930,V01,naturalistic,train,ipc_conversation,random draw from V01 files the pipeline sorted into 'fm1_sitting',"{""audio"": ""present"", ""flags_fired"": ""fm1_sitting"", ""fm1_ankles_visible_frac"": 1.0, ""fm1_knee_between_torso_p50"": 0.035086507001191314, ""fm1_shin_verticality_p50"": 0.994309121229396, ""fm2_smplh_valid_frac"": 1.0, ""fm3_static_frac"": 0.6219199178644764, ""fps"": 29.97, ""geom_body_roll_deg"": -5.4773654198386055, ""observed_duration_s"": 130.0299, ""repair_applied"": ""pixel aspect 0.5625"", ""reproj_shoulder_widths_p50"": 0.1057894673786039, ""shown_raster"": ""1215x2160"", ""stored_raster"": ""2160x2160"", ""timebase"": ""consistent"", ""timebase_index_drift_s"": -0.03336666666666667, ""unit_flagged_frac"": 1.0, ""vendor"": ""V01""}",render
r7_094,v01_fm1_sitting_094_V01_S0216_I00000126_P1402_f0000882,V01_S0216_I00000126_P1402,naturalistic/train/0039/0024/V01_S0216_I00000126_P1402,naturalistic/train/0039/0002/V01_S0216_I00000126_P1401,v01_fm1_sitting,V01,naturalistic,882,V01,naturalistic,train,ipc_conversation,random draw from V01 files the pipeline sorted into 'fm1_sitting',"{""audio"": ""present"", ""flags_fired"": ""fm1_sitting"", ""fm1_ankles_visible_frac"": 1.0, ""fm1_knee_between_torso_p50"": 0.16316000034622455, ""fm1_shin_verticality_p50"": 0.998168503905437, ""fm2_smplh_valid_frac"": 1.0, ""fm3_static_frac"": 0.29294007740557854, ""fps"": 29.97, ""geom_body_roll_deg"": -1.9749463232225766, ""observed_duration_s"": 250.016433, ""repair_applied"": ""pixel aspect 0.5625"", ""reproj_shoulder_widths_p50"": 0.07278355732457953, ""shown_raster"": ""1215x2160"", ""stored_raster"": ""2160x2160"", ""timebase"": ""consistent"", ""timebase_index_drift_s"": 0.0, ""unit_flagged_frac"": 1.0, ""vendor"": ""V01""}",render
r7_095,v01_fm1_sitting_095_V01_S0281_I00000135_P1600_f0001014,V01_S0281_I00000135_P1600,naturalistic/dev/0001/0023/V01_S0281_I00000135_P1600,naturalistic/dev/0001/0030/V01_S0281_I00000135_P1599,v01_fm1_sitting,V01,naturalistic,1014,V01,naturalistic,dev,collaborative_storytelling,random draw from V01 files the pipeline sorted into 'fm1_sitting',"{""audio"": ""present"", ""flags_fired"": ""fm1_sitting"", ""fm1_ankles_visible_frac"": 1.0, ""fm1_knee_between_torso_p50"": 0.00921968426505481, ""fm1_shin_verticality_p50"": 0.9954954763370915, ""fm2_smplh_valid_frac"": 1.0, ""fm3_static_frac"": 0.4885605338417541, ""fps"": 29.97, ""geom_body_roll_deg"": -1.7098155043872307, ""observed_duration_s"": 140.006167, ""repair_applied"": ""pixel aspect 0.5625"", ""reproj_shoulder_widths_p50"": 0.08267529929287377, ""shown_raster"": ""1215x2160"", ""stored_raster"": ""2160x2160"", ""timebase"": ""consistent"", ""timebase_index_drift_s"": 0.03336666666666667, ""unit_flagged_frac"": 1.0, ""vendor"": ""V01""}",render
r7_096,v01_fm1_sitting_096_V01_S0331_I00000618_P1673_f0002872,V01_S0331_I00000618_P1673,naturalistic/train/0040/0046/V01_S0331_I00000618_P1673,naturalistic/train/0040/0022/V01_S0331_I00000618_P1670,v01_fm1_sitting,V01,naturalistic,2872,V01,naturalistic,train,grounded_gesture,random draw from V01 files the pipeline sorted into 'fm1_sitting',"{""audio"": ""present"", ""flags_fired"": ""fm1_sitting"", ""fm1_ankles_visible_frac"": 1.0, ""fm1_knee_between_torso_p50"": 0.257993390523129, ""fm1_shin_verticality_p50"": 0.9701424423076933, ""fm2_smplh_valid_frac"": 1.0, ""fm3_static_frac"": 0.47230958566935594, ""fps"": 29.97, ""geom_body_roll_deg"": -3.6913887454918366, ""observed_duration_s"": 244.010433, ""repair_applied"": ""pixel aspect 0.5625"", ""reproj_shoulder_widths_p50"": 0.05644550473481926, ""shown_raster"": ""1215x2160"", ""stored_raster"": ""2160x2160"", ""timebase"": ""consistent"", ""timebase_index_drift_s"": 0.0, ""unit_flagged_frac"": 1.0, ""vendor"": ""V01""}",render
r7_097,v01_fm1_sitting_097_V01_S0355_I00001171_P1543_f0005619,V01_S0355_I00001171_P1543,improvised/train/0053/0031/V01_S0355_I00001171_P1543,improvised/train/0053/0021/V01_S0355_I00001171_P1613,v01_fm1_sitting,V01,improvised,5619,V01,improvised,train,ipc_conversation,random draw from V01 files the pipeline sorted into 'fm1_sitting',"{""audio"": ""present"", ""flags_fired"": ""fm1_sitting"", ""fm1_ankles_visible_frac"": 0.03179012345679012, ""fm1_knee_between_torso_p50"": 0.3716332805427708, ""fm1_shin_verticality_p50"": 0.999261169163867, ""fm2_smplh_valid_frac"": 1.0, ""fm3_static_frac"": 0.4842592592592593, ""fps"": 30.0, ""geom_body_roll_deg"": 1.5481656182251275, ""observed_duration_s"": 324.0, ""repair_applied"": ""pixel aspect 0.5625"", ""reproj_shoulder_widths_p50"": 0.1023541191830476, ""shown_raster"": ""1215x2160"", ""stored_raster"": ""2160x2160"", ""timebase"": ""consistent"", ""timebase_index_drift_s"": 0.03333333333333333, ""unit_flagged_frac"": 1.0, ""vendor"": ""V01""}",render
r7_098,v01_fm1_sitting_098_V01_S1558_I00000307_P2554_f0000464,V01_S1558_I00000307_P2554,naturalistic/train/0042/0010/V01_S1558_I00000307_P2554,naturalistic/train/0042/0013/V01_S1558_I00000307_P2555,v01_fm1_sitting,V01,naturalistic,464,V01,naturalistic,train,ipc_conversation,random draw from V01 files the pipeline sorted into 'fm1_sitting',"{""audio"": ""present"", ""flags_fired"": ""fm1_sitting"", ""fm1_ankles_visible_frac"": 0.9990375360923965, ""fm1_knee_between_torso_p50"": 0.2681753487504389, ""fm1_shin_verticality_p50"": 0.9999999999822891, ""fm2_smplh_valid_frac"": 1.0, ""fm3_static_frac"": 0.1863971767725377, ""fps"": 29.97, ""geom_body_roll_deg"": -1.4687971550155716, ""observed_duration_s"": 104.0039, ""repair_applied"": ""pixel aspect 0.5625"", ""reproj_shoulder_widths_p50"": 0.1087820131117017, ""shown_raster"": ""1215x2160"", ""stored_raster"": ""2160x2160"", ""timebase"": ""consistent"", ""timebase_index_drift_s"": 0.0, ""unit_flagged_frac"": 1.0, ""vendor"": ""V01""}",render
r7_099,v01_fm1_sitting_099_V01_S1606_I00000128_P2567_f0004626,V01_S1606_I00000128_P2567,naturalistic/train/0042/0029/V01_S1606_I00000128_P2567,naturalistic/train/0042/0029/V01_S1606_I00000128_P2568,v01_fm1_sitting,V01,naturalistic,4626,V01,naturalistic,train,ipc_conversation,random draw from V01 files the pipeline sorted into 'fm1_sitting',"{""audio"": ""present"", ""flags_fired"": ""fm1_sitting"", ""fm1_ankles_visible_frac"": 1.0, ""fm1_knee_between_torso_p50"": 0.37130867636620113, ""fm1_shin_verticality_p50"": 0.8944260862218689, ""fm2_smplh_valid_frac"": 1.0, ""fm3_static_frac"": 0.7005332968685902, ""fps"": 29.97, ""geom_body_roll_deg"": 1.34789039717664, ""observed_duration_s"": 244.010433, ""repair_applied"": ""pixel aspect 0.5625"", ""reproj_shoulder_widths_p50"": 0.10386138306412122, ""shown_raster"": ""1215x2160"", ""stored_raster"": ""2160x2160"", ""timebase"": ""consistent"", ""timebase_index_drift_s"": 0.0, ""unit_flagged_frac"": 1.0, ""vendor"": ""V01""}",render
r7_100,v01_fm1_sitting_100_V01_S1558_I00000130_P2554_f0003641,V01_S1558_I00000130_P2554,naturalistic/train/0042/0032/V01_S1558_I00000130_P2554,naturalistic/train/0042/0025/V01_S1558_I00000130_P2555,v01_fm1_sitting,V01,naturalistic,3641,V01,naturalistic,train,ipc_conversation,random draw from V01 files the pipeline sorted into 'fm1_sitting',"{""audio"": ""present"", ""flags_fired"": ""fm1_sitting"", ""fm1_ankles_visible_frac"": 0.9986097067745198, ""fm1_knee_between_torso_p50"": 0.15429859008599234, ""fm1_shin_verticality_p50"": 0.9647638669221409, ""fm2_smplh_valid_frac"": 1.0, ""fm3_static_frac"": 0.4764914054600607, ""fps"": 29.97, ""geom_body_roll_deg"": -0.8813970225705497, ""observed_duration_s"": 264.030067, ""repair_applied"": ""pixel aspect 0.5625"", ""reproj_shoulder_widths_p50"": 0.11563513689366679, ""shown_raster"": ""1215x2160"", ""stored_raster"": ""2160x2160"", ""timebase"": ""consistent"", ""timebase_index_drift_s"": 0.0, ""unit_flagged_frac"": 1.0, ""vendor"": ""V01""}",render
r7_101,v01_fm1_sitting_101_V01_S0303_I00001083_P1625_f0005197,V01_S0303_I00001083_P1625,improvised/train/0052/0068/V01_S0303_I00001083_P1625,improvised/train/0052/0037/V01_S0303_I00001083_P1626,v01_fm1_sitting,V01,improvised,5197,V01,improvised,train,ipc_conversation,random draw from V01 files the pipeline sorted into 'fm1_sitting',"{""audio"": ""present"", ""flags_fired"": ""fm1_sitting"", ""fm1_ankles_visible_frac"": 1.0, ""fm1_knee_between_torso_p50"": 0.28714998911565437, ""fm1_shin_verticality_p50"": 0.9986876611239859, ""fm2_smplh_valid_frac"": 1.0, ""fm3_static_frac"": 0.34967320261437906, ""fps"": 29.98, ""geom_body_roll_deg"": 0.9240397538525709, ""observed_duration_s"": 204.0, ""repair_applied"": ""pixel aspect 0.5625"", ""reproj_shoulder_widths_p50"": 0.06912391705684603, ""shown_raster"": ""1215x2160"", ""stored_raster"": ""2160x2160"", ""timebase"": ""drifts +0.2 s"", ""timebase_index_drift_s"": 0.16666666666666666, ""unit_flagged_frac"": 1.0, ""vendor"": ""V01""}",render
r7_102,v01_fm1_sitting_102_V01_S1600_I00000125_P2558_f0000253,V01_S1600_I00000125_P2558,naturalistic/train/0042/0027/V01_S1600_I00000125_P2558,naturalistic/train/0042/0028/V01_S1600_I00000125_P2559,v01_fm1_sitting,V01,naturalistic,253,V01,naturalistic,train,ipc_conversation,random draw from V01 files the pipeline sorted into 'fm1_sitting',"{""audio"": ""present"", ""flags_fired"": ""fm1_sitting"", ""fm1_ankles_visible_frac"": 0.9974080673902479, ""fm1_knee_between_torso_p50"": 0.39362435023808817, ""fm1_shin_verticality_p50"": 0.9805809979706627, ""fm2_smplh_valid_frac"": 1.0, ""fm3_static_frac"": 0.0920136076462012, ""fps"": 29.97, ""geom_body_roll_deg"": 9.353130266719636e-06, ""observed_duration_s"": 206.005433, ""repair_applied"": ""pixel aspect 0.5625"", ""reproj_shoulder_widths_p50"": 0.1313374650754274, ""shown_raster"": ""1215x2160"", ""stored_raster"": ""2160x2160"", ""timebase"": ""consistent"", ""timebase_index_drift_s"": 0.0, ""unit_flagged_frac"": 1.0, ""vendor"": ""V01""}",render
r7_103,v01_fm1_sitting_103_V01_S0218_I00000501_P1406_f0000593,V01_S0218_I00000501_P1406,naturalistic/test/0001/0046/V01_S0218_I00000501_P1406,naturalistic/test/0001/0021/V01_S0218_I00000501_P1405,v01_fm1_sitting,V01,naturalistic,593,V01,naturalistic,test,ipc_conversation,random draw from V01 files the pipeline sorted into 'fm1_sitting',"{""audio"": ""present"", ""flags_fired"": ""fm1_sitting"", ""fm1_ankles_visible_frac"": 1.0, ""fm1_knee_between_torso_p50"": 0.35830297518664833, ""fm1_shin_verticality_p50"": 0.9995677616117451, ""fm2_smplh_valid_frac"": 1.0, ""fm3_static_frac"": 0.0011914217633042098, ""fps"": 29.97, ""geom_body_roll_deg"": -3.878512760734183, ""observed_duration_s"": 84.017267, ""repair_applied"": ""pixel aspect 0.5625"", ""reproj_shoulder_widths_p50"": 0.11880083096697448, ""shown_raster"": ""1215x2160"", ""stored_raster"": ""2160x2160"", ""timebase"": ""consistent"", ""timebase_index_drift_s"": 0.0, ""unit_flagged_frac"": 0.75, ""vendor"": ""V01""}",render
r7_104,v01_fm2_smplh_invalid_104_V01_S0372_I00001203_P1722_f0005020,V01_S0372_I00001203_P1722,improvised/train/0053/0031/V01_S0372_I00001203_P1722,improvised/train/0053/0065/V01_S0372_I00001203_P1721,v01_fm2_smplh_invalid,V01,improvised,5020,V01,improvised,train,ipc_conversation,random draw from V01 files the pipeline sorted into 'fm2_smplh_invalid'; positioned on the longest untrusted stretch,"{""audio"": ""present"", ""flags_fired"": ""fm2_smplh_invalid"", ""fm1_ankles_visible_frac"": 1.0, ""fm1_knee_between_torso_p50"": 0.5925042592986958, ""fm1_shin_verticality_p50"": 0.999541183182882, ""fm2_smplh_valid_frac"": 0.997814081914404, ""fm3_static_frac"": 0.19684767602393005, ""fps"": 29.97, ""geom_body_roll_deg"": -1.7098158945812467, ""observed_duration_s"": 290.023067, ""repair_applied"": ""none"", ""reproj_shoulder_widths_p50"": 0.0417516201520753, ""shown_raster"": ""1080x1920"", ""stored_raster"": ""1080x1920"", ""timebase"": ""consistent"", ""timebase_index_drift_s"": 0.0, ""unit_flagged_frac"": 0.0, ""vendor"": ""V01""}",render
r7_105,v01_fm2_smplh_invalid_105_V01_S0091_I00000632_P1174_f0000000,V01_S0091_I00000632_P1174,naturalistic/train/0035/0040/V01_S0091_I00000632_P1174,naturalistic/train/0035/0001/V01_S0091_I00000632_P1175,v01_fm2_smplh_invalid,V01,naturalistic,0,V01,naturalistic,train,grounded_gesture,random draw from V01 files the pipeline sorted into 'fm2_smplh_invalid'; positioned on the longest untrusted stretch,"{""audio"": ""present"", ""flags_fired"": ""fm2_smplh_invalid"", ""fm1_ankles_visible_frac"": 0.9939329591991506, ""fm1_knee_between_torso_p50"": 0.4871330830431677, ""fm1_shin_verticality_p50"": 0.9945054599264339, ""fm2_smplh_valid_frac"": 0.9783103291369635, ""fm3_static_frac"": 0.03306537236462915, ""fps"": 29.97, ""geom_body_roll_deg"": 5.013113628452176, ""observed_duration_s"": 220.019433, ""repair_applied"": ""none"", ""reproj_shoulder_widths_p50"": 0.046500670559737826, ""shown_raster"": ""1080x1920"", ""stored_raster"": ""1080x1920"", ""timebase"": ""consistent"", ""timebase_index_drift_s"": 0.0, ""unit_flagged_frac"": 0.0, ""vendor"": ""V01""}",render
r7_106,v01_fm2_smplh_invalid_106_V01_S0751_I00001221_P1728_f0007373,V01_S0751_I00001221_P1728,improvised/train/0058/0017/V01_S0751_I00001221_P1728,improvised/train/0058/0031/V01_S0751_I00001221_P1763,v01_fm2_smplh_invalid,V01,improvised,7373,V01,improvised,train,ipc_conversation,random draw from V01 files the pipeline sorted into 'fm2_smplh_invalid'; positioned on the longest untrusted stretch,"{""audio"": ""present"", ""flags_fired"": ""fm2_smplh_invalid"", ""fm1_ankles_visible_frac"": 1.0, ""fm1_knee_between_torso_p50"": 0.6029259180497311, ""fm1_shin_verticality_p50"": 0.9995677625422457, ""fm2_smplh_valid_frac"": 0.9986611740473739, ""fm3_static_frac"": 0.017713697219361484, ""fps"": 29.97, ""geom_body_roll_deg"": 0.0, ""observed_duration_s"": 324.023333, ""repair_applied"": ""none"", ""reproj_shoulder_widths_p50"": 0.10925404000736645, ""shown_raster"": ""1080x1920"", ""stored_raster"": ""1080x1920"", ""timebase"": ""consistent"", ""timebase_index_drift_s"": 0.0, ""unit_flagged_frac"": 0.0, ""vendor"": ""V01""}",render
r7_107,v01_fm2_smplh_invalid_107_V01_S0101_I00000126_P1190_f0003637,V01_S0101_I00000126_P1190,improvised/train/0050/0018/V01_S0101_I00000126_P1190,improvised/train/0050/0025/V01_S0101_I00000126_P1191,v01_fm2_smplh_invalid,V01,improvised,3637,V01,improvised,train,ipc_conversation,random draw from V01 files the pipeline sorted into 'fm2_smplh_invalid'; positioned on the longest untrusted stretch,"{""audio"": ""present"", ""flags_fired"": ""fm2_smplh_invalid"", ""fm1_ankles_visible_frac"": 1.0, ""fm1_knee_between_torso_p50"": 0.5871179456416826, ""fm1_shin_verticality_p50"": 0.9965457468274403, ""fm2_smplh_valid_frac"": 0.9169615773508595, ""fm3_static_frac"": 0.0001263902932254803, ""fps"": 29.97, ""geom_body_roll_deg"": 0.0, ""observed_duration_s"": 264.030067, ""repair_applied"": ""none"", ""reproj_shoulder_widths_p50"": 0.06512952633596301, ""shown_raster"": ""1080x1920"", ""stored_raster"": ""1080x1920"", ""timebase"": ""consistent"", ""timebase_index_drift_s"": 0.0, ""unit_flagged_frac"": 0.0, ""vendor"": ""V01""}",render
r7_108,v01_fm2_smplh_invalid_108_V01_S0142_I00000140_P1260_f0002343,V01_S0142_I00000140_P1260,naturalistic/train/0037/0026/V01_S0142_I00000140_P1260,naturalistic/train/0037/0016/V01_S0142_I00000140_P1261,v01_fm2_smplh_invalid,V01,naturalistic,2343,V01,naturalistic,train,ipc_conversation,random draw from V01 files the pipeline sorted into 'fm2_smplh_invalid'; positioned on the longest untrusted stretch,"{""audio"": ""present"", ""flags_fired"": ""fm2_smplh_invalid"", ""fm1_ankles_visible_frac"": 1.0, ""fm1_knee_between_torso_p50"": 0.5863027300622319, ""fm1_shin_verticality_p50"": 0.999653920164991, ""fm2_smplh_valid_frac"": 0.9867081447963801, ""fm3_static_frac"": 0.0011312217194570137, ""fps"": 29.97, ""geom_body_roll_deg"": -3.2704910686126114, ""observed_duration_s"": 118.017533, ""repair_applied"": ""none"", ""reproj_shoulder_widths_p50"": 0.05596215510147509, ""shown_raster"": ""1080x1920"", ""stored_raster"": ""1080x1920"", ""timebase"": ""consistent"", ""timebase_index_drift_s"": 0.0, ""unit_flagged_frac"": 0.0, ""vendor"": ""V01""}",render
r7_109,v01_fm2_smplh_invalid_109_V01_S0619_I00001242_P1789_f0006067,V01_S0619_I00001242_P1789,improvised/train/0057/0050/V01_S0619_I00001242_P1789,improvised/train/0057/0042/V01_S0619_I00001242_P1502,v01_fm2_smplh_invalid,V01,improvised,6067,V01,improvised,train,ipc_conversation,random draw from V01 files the pipeline sorted into 'fm2_smplh_invalid'; positioned on the longest untrusted stretch,"{""audio"": ""present"", ""flags_fired"": ""fm2_smplh_invalid"", ""fm1_ankles_visible_frac"": 1.0, ""fm1_knee_between_torso_p50"": 0.6036128969676706, ""fm1_shin_verticality_p50"": 0.9995920916373786, ""fm2_smplh_valid_frac"": 0.9977717758271438, ""fm3_static_frac"": 0.028156650911546253, ""fps"": 29.98, ""geom_body_roll_deg"": -0.9391965324356012, ""observed_duration_s"": 494.029133, ""repair_applied"": ""none"", ""reproj_shoulder_widths_p50"": 0.03758742062375359, ""shown_raster"": ""1080x1920"", ""stored_raster"": ""1080x1920"", ""timebase"": ""consistent"", ""timebase_index_drift_s"": -0.033355555555555555, ""unit_flagged_frac"": 0.0, ""vendor"": ""V01""}",render
r7_110,v01_fm2_smplh_invalid_110_V01_S1715_I00000690_P1934_f0001802,V01_S1715_I00000690_P1934,improvised/train/0059/0029/V01_S1715_I00000690_P1934,improvised/train/0059/0040/V01_S1715_I00000690_P2070,v01_fm2_smplh_invalid,V01,improvised,1802,V01,improvised,train,ipc_conversation,random draw from V01 files the pipeline sorted into 'fm2_smplh_invalid'; positioned on the longest untrusted stretch,"{""audio"": ""present"", ""flags_fired"": ""fm2_smplh_invalid"", ""fm1_ankles_visible_frac"": 1.0, ""fm1_knee_between_torso_p50"": 0.58272713797172, ""fm1_shin_verticality_p50"": 0.9996144106151008, ""fm2_smplh_valid_frac"": 0.7084169884169884, ""fm3_static_frac"": 0.0018532818532818532, ""fps"": 29.98, ""geom_body_roll_deg"": -0.9240474025160191, ""observed_duration_s"": 216.010222, ""repair_applied"": ""none"", ""reproj_shoulder_widths_p50"": 0.04154194964223988, ""shown_raster"": ""1080x1920"", ""stored_raster"": ""1080x1920"", ""timebase"": ""consistent"", ""timebase_index_drift_s"": 0.0, ""unit_flagged_frac"": 0.0, ""vendor"": ""V01""}",render
r7_111,v01_fm2_smplh_invalid_111_V01_S0109_I00000139_P1206_f0000176,V01_S0109_I00000139_P1206,naturalistic/train/0035/0031/V01_S0109_I00000139_P1206,naturalistic/train/0035/0045/V01_S0109_I00000139_P1205,v01_fm2_smplh_invalid,V01,naturalistic,176,V01,naturalistic,train,ipc_conversation,random draw from V01 files the pipeline sorted into 'fm2_smplh_invalid'; positioned on the longest untrusted stretch,"{""audio"": ""present"", ""flags_fired"": ""fm2_smplh_invalid"", ""fm1_ankles_visible_frac"": 1.0, ""fm1_knee_between_torso_p50"": 0.6416196427537602, ""fm1_shin_verticality_p50"": 0.9995120696562205, ""fm2_smplh_valid_frac"": 0.9948652118100129, ""fm3_static_frac"": 0.0, ""fps"": 29.97, ""geom_body_roll_deg"": -0.795719615843919, ""observed_duration_s"": 52.018267, ""repair_applied"": ""none"", ""reproj_shoulder_widths_p50"": 0.06288665091462081, ""shown_raster"": ""1080x1920"", ""stored_raster"": ""1080x1920"", ""timebase"": ""consistent"", ""timebase_index_drift_s"": 0.0, ""unit_flagged_frac"": 0.0, ""vendor"": ""V01""}",render
r7_112,v01_fm2_smplh_invalid_112_V01_S0594_I00000722_P1747_f0000000,V01_S0594_I00000722_P1747,improvised/train/0056/0036/V01_S0594_I00000722_P1747,improvised/train/0056/0014/V01_S0594_I00000722_P1231,v01_fm2_smplh_invalid,V01,improvised,0,V01,improvised,train,ipc_conversation,random draw from V01 files the pipeline sorted into 'fm2_smplh_invalid'; positioned on the longest untrusted stretch,"{""audio"": ""present"", ""flags_fired"": ""fm2_smplh_invalid"", ""fm1_ankles_visible_frac"": 0.7702052597819115, ""fm1_knee_between_torso_p50"": 0.6495233398480477, ""fm1_shin_verticality_p50"": 0.9994059985348474, ""fm2_smplh_valid_frac"": 0.995830660679923, ""fm3_static_frac"": 0.6701411161000641, ""fps"": 29.98, ""geom_body_roll_deg"": 0.7538476998795309, ""observed_duration_s"": 208.005244, ""repair_applied"": ""none"", ""reproj_shoulder_widths_p50"": 0.12779666537968182, ""shown_raster"": ""1080x1920"", ""stored_raster"": ""1080x1920"", ""timebase"": ""consistent"", ""timebase_index_drift_s"": 0.0, ""unit_flagged_frac"": 0.0, ""vendor"": ""V01""}",render
r7_113,v01_fm2_smplh_invalid_113_V01_S1554_I00000134_P2549_f0000765,V01_S1554_I00000134_P2549,naturalistic/train/0042/0046/V01_S1554_I00000134_P2549,naturalistic/train/0042/0019/V01_S1554_I00000134_P2550,v01_fm2_smplh_invalid,V01,naturalistic,765,V01,naturalistic,train,ipc_conversation,random draw from V01 files the pipeline sorted into 'fm2_smplh_invalid'; positioned on the longest untrusted stretch,"{""audio"": ""present"", ""flags_fired"": ""fm2_smplh_invalid"", ""fm1_ankles_visible_frac"": 0.9923256589923256, ""fm1_knee_between_torso_p50"": 0.5419907156422391, ""fm1_shin_verticality_p50"": 0.9899495228953037, ""fm2_smplh_valid_frac"": 0.9878211544878212, ""fm3_static_frac"": 0.03153153153153153, ""fps"": 29.97, ""geom_body_roll_deg"": 0.8069413963375835, ""observed_duration_s"": 200.0328, ""repair_applied"": ""pixel aspect 0.5625"", ""reproj_shoulder_widths_p50"": 0.09908887755033058, ""shown_raster"": ""1215x2160"", ""stored_raster"": ""2160x2160"", ""timebase"": ""consistent"", ""timebase_index_drift_s"": 0.0, ""unit_flagged_frac"": 0.0, ""vendor"": ""V01""}",render
r7_114,v01_fm2_smplh_invalid_114_V01_S1881_I00000180_P2767_f0000000,V01_S1881_I00000180_P2767,improvised/dev/0000/0033/V01_S1881_I00000180_P2767,improvised/dev/0000/0002/V01_S1881_I00000180_P2766,v01_fm2_smplh_invalid,V01,improvised,0,V01,improvised,dev,ipc_conversation,random draw from V01 files the pipeline sorted into 'fm2_smplh_invalid'; positioned on the longest untrusted stretch,"{""audio"": ""present"", ""flags_fired"": ""fm2_smplh_invalid"", ""fm1_ankles_visible_frac"": 0.1555486284289277, ""fm1_knee_between_torso_p50"": 0.6578735495364672, ""fm1_shin_verticality_p50"": 0.9999999999998533, ""fm2_smplh_valid_frac"": 0.9985972568578554, ""fm3_static_frac"": 0.48285536159601, ""fps"": 29.98, ""geom_body_roll_deg"": -2.174748240701887, ""observed_duration_s"": 214.009244, ""repair_applied"": ""none"", ""reproj_shoulder_widths_p50"": 0.035784065570358264, ""shown_raster"": ""1080x1920"", ""stored_raster"": ""1080x1920"", ""timebase"": ""consistent"", ""timebase_index_drift_s"": 0.0, ""unit_flagged_frac"": 0.0, ""vendor"": ""V01""}",render
r7_115,v01_fm2_smplh_invalid_115_V01_S0618_I00001221_P1744_f0007807,V01_S0618_I00001221_P1744,improvised/train/0057/0008/V01_S0618_I00001221_P1744,improvised/train/0057/0025/V01_S0618_I00001221_P1789,v01_fm2_smplh_invalid,V01,improvised,7807,V01,improvised,train,ipc_conversation,random draw from V01 files the pipeline sorted into 'fm2_smplh_invalid'; positioned on the longest untrusted stretch,"{""audio"": ""present"", ""flags_fired"": ""fm2_smplh_invalid"", ""fm1_ankles_visible_frac"": 1.0, ""fm1_knee_between_torso_p50"": 0.6363517283765, ""fm1_shin_verticality_p50"": 0.9995411763139058, ""fm2_smplh_valid_frac"": 0.9750839562344275, ""fm3_static_frac"": 0.10865561694290976, ""fps"": 29.97, ""geom_body_roll_deg"": -6.4186279293260465e-06, ""observed_duration_s"": 308.0077, ""repair_applied"": ""none"", ""reproj_shoulder_widths_p50"": 0.14560114394951934, ""shown_raster"": ""1080x1920"", ""stored_raster"": ""1080x1920"", ""timebase"": ""consistent"", ""timebase_index_drift_s"": 0.0, ""unit_flagged_frac"": 0.0, ""vendor"": ""V01""}",render
r7_116,v01_fm2_smplh_invalid_116_V01_S0160_I00000140_P1293_f0001263,V01_S0160_I00000140_P1293,naturalistic/train/0037/0010/V01_S0160_I00000140_P1293,naturalistic/train/0037/0010/V01_S0160_I00000140_P1294,v01_fm2_smplh_invalid,V01,naturalistic,1263,V01,naturalistic,train,ipc_conversation,random draw from V01 files the pipeline sorted into 'fm2_smplh_invalid'; positioned on the longest untrusted stretch,"{""audio"": ""present"", ""flags_fired"": ""fm2_smplh_invalid"", ""fm1_ankles_visible_frac"": 1.0, ""fm1_knee_between_torso_p50"": 0.5576909353720103, ""fm1_shin_verticality_p50"": 0.9996144214143077, ""fm2_smplh_valid_frac"": 0.9982620785540494, ""fm3_static_frac"": 0.01737921445950643, ""fps"": 29.97, ""geom_body_roll_deg"": 0.0, ""observed_duration_s"": 96.0289, ""repair_applied"": ""none"", ""reproj_shoulder_widths_p50"": 0.0531396798359564, ""shown_raster"": ""1080x1920"", ""stored_raster"": ""1080x1920"", ""timebase"": ""consistent"", ""timebase_index_drift_s"": 0.0, ""unit_flagged_frac"": 0.0, ""vendor"": ""V01""}",render
r7_117,v01_fm3_static_hands_117_V01_S1895_I00001304_P2668_f0001948,V01_S1895_I00001304_P2668,improvised/train/0061/0024/V01_S1895_I00001304_P2668,improvised/train/0061/0058/V01_S1895_I00001304_P2689,v01_fm3_static_hands,V01,improvised,1948,V01,improvised,train,collaborative_storytelling,random draw from V01 files the pipeline sorted into 'fm3_static_hands',"{""audio"": ""present"", ""flags_fired"": ""fm3_static_hands"", ""fm1_ankles_visible_frac"": 1.0, ""fm1_knee_between_torso_p50"": 0.6128146807545383, ""fm1_shin_verticality_p50"": 0.9984603424037402, ""fm2_smplh_valid_frac"": 1.0, ""fm3_static_frac"": 0.9889867841409692, ""fps"": 29.98, ""geom_body_roll_deg"": -3.13635963262765, ""observed_duration_s"": 106.0036, ""repair_applied"": ""none"", ""reproj_shoulder_widths_p50"": 0.04350730579215193, ""shown_raster"": ""1080x1920"", ""stored_raster"": ""1080x1920"", ""timebase"": ""consistent"", ""timebase_index_drift_s"": 0.033355555555555555, ""unit_flagged_frac"": 0.0, ""vendor"": ""V01""}",render
r7_118,v01_fm3_static_hands_118_V01_S0620_I00001252_P1856_f0000783,V01_S0620_I00001252_P1856,improvised/train/0057/0034/V01_S0620_I00001252_P1856,improvised/train/0057/0009/V01_S0620_I00001252_P1243,v01_fm3_static_hands,V01,improvised,783,V01,improvised,train,collaborative_storytelling,random draw from V01 files the pipeline sorted into 'fm3_static_hands',"{""audio"": ""present"", ""flags_fired"": ""fm3_static_hands"", ""fm1_ankles_visible_frac"": 0.24858597285067874, ""fm1_knee_between_torso_p50"": 0.665972527113497, ""fm1_shin_verticality_p50"": 0.9992611779442455, ""fm2_smplh_valid_frac"": 1.0, ""fm3_static_frac"": 0.9493778280542986, ""fps"": 29.97, ""geom_body_roll_deg"": -0.7538450800788143, ""observed_duration_s"": 118.017533, ""repair_applied"": ""none"", ""reproj_shoulder_widths_p50"": 0.04180402140513087, ""shown_raster"": ""1080x1920"", ""stored_raster"": ""1080x1920"", ""timebase"": ""consistent"", ""timebase_index_drift_s"": 0.0, ""unit_flagged_frac"": 0.0, ""vendor"": ""V01""}",render
r7_119,v01_fm3_static_hands_119_V01_S1423_I00000139_P2438_f0000969,V01_S1423_I00000139_P2438,naturalistic/train/0041/0024/V01_S1423_I00000139_P2438,naturalistic/train/0041/0061/V01_S1423_I00000139_P2437,v01_fm3_static_hands,V01,naturalistic,969,V01,naturalistic,train,ipc_conversation,random draw from V01 files the pipeline sorted into 'fm3_static_hands',"{""audio"": ""present"", ""flags_fired"": ""fm3_static_hands"", ""fm1_ankles_visible_frac"": 0.8198609731876862, ""fm1_knee_between_torso_p50"": 0.4483244134081456, ""fm1_shin_verticality_p50"": 0.7071094106036123, ""fm2_smplh_valid_frac"": 1.0, ""fm3_static_frac"": 0.903475670307845, ""fps"": 29.97, ""geom_body_roll_deg"": 0.0, ""observed_duration_s"": 168.0008, ""repair_applied"": ""pixel aspect 0.5625"", ""reproj_shoulder_widths_p50"": 0.13528493723395285, ""shown_raster"": ""1215x2160"", ""stored_raster"": ""2160x2160"", ""timebase"": ""consistent"", ""timebase_index_drift_s"": 0.03336666666666667, ""unit_flagged_frac"": 0.0, ""vendor"": ""V01""}",render
r7_120,v01_fm3_static_hands_120_V01_S1895_I00001028_P2668_f0001567,V01_S1895_I00001028_P2668,improvised/train/0061/0013/V01_S1895_I00001028_P2668,improvised/train/0061/0029/V01_S1895_I00001028_P2689,v01_fm3_static_hands,V01,improvised,1567,V01,improvised,train,ipc_conversation,random draw from V01 files the pipeline sorted into 'fm3_static_hands',"{""audio"": ""present"", ""flags_fired"": ""fm3_static_hands"", ""fm1_ankles_visible_frac"": 1.0, ""fm1_knee_between_torso_p50"": 0.6044618581651765, ""fm1_shin_verticality_p50"": 1.0, ""fm2_smplh_valid_frac"": 1.0, ""fm3_static_frac"": 0.9634627625716105, ""fps"": 29.98, ""geom_body_roll_deg"": -3.224522519006126, ""observed_duration_s"": 262.007533, ""repair_applied"": ""none"", ""reproj_shoulder_widths_p50"": 0.05137693207992594, ""shown_raster"": ""1080x1920"", ""stored_raster"": ""1080x1920"", ""timebase"": ""consistent"", ""timebase_index_drift_s"": 0.033355555555555555, ""unit_flagged_frac"": 0.0, ""vendor"": ""V01""}",render
r7_121,v01_fm3_static_hands_121_V01_S0093_I00000131_P1178_f0001281,V01_S0093_I00000131_P1178,naturalistic/train/0035/0036/V01_S0093_I00000131_P1178,naturalistic/train/0035/0025/V01_S0093_I00000131_P1179,v01_fm3_static_hands,V01,naturalistic,1281,V01,naturalistic,train,ipc_conversation,random draw from V01 files the pipeline sorted into 'fm3_static_hands',"{""audio"": ""present"", ""flags_fired"": ""fm3_static_hands"", ""fm1_ankles_visible_frac"": 1.0, ""fm1_knee_between_torso_p50"": 0.553098394507799, ""fm1_shin_verticality_p50"": 0.9997166741416419, ""fm2_smplh_valid_frac"": 1.0, ""fm3_static_frac"": 0.7711950970377937, ""fps"": 29.97, ""geom_body_roll_deg"": 0.0, ""observed_duration_s"": 98.0309, ""repair_applied"": ""none"", ""reproj_shoulder_widths_p50"": 0.12517441770178575, ""shown_raster"": ""1080x1920"", ""stored_raster"": ""1080x1920"", ""timebase"": ""consistent"", ""timebase_index_drift_s"": 0.0, ""unit_flagged_frac"": 0.0, ""vendor"": ""V01""}",render
r7_122,v01_fm3_static_hands_122_V01_S0567_I00001229_P1789_f0004338,V01_S0567_I00001229_P1789,improvised/train/0056/0050/V01_S0567_I00001229_P1789,improvised/train/0056/0001/V01_S0567_I00001229_P1844,v01_fm3_static_hands,V01,improvised,4338,V01,improvised,train,ipc_conversation,random draw from V01 files the pipeline sorted into 'fm3_static_hands',"{""audio"": ""present"", ""flags_fired"": ""fm3_static_hands"", ""fm1_ankles_visible_frac"": 1.0, ""fm1_knee_between_torso_p50"": 0.5914634974147694, ""fm1_shin_verticality_p50"": 0.9995411801324637, ""fm2_smplh_valid_frac"": 1.0, ""fm3_static_frac"": 0.9046295009036563, ""fps"": 29.97, ""geom_body_roll_deg"": -2.7702169644801775, ""observed_duration_s"": 240.006067, ""repair_applied"": ""none"", ""reproj_shoulder_widths_p50"": 0.04862632359158722, ""shown_raster"": ""1080x1920"", ""stored_raster"": ""1080x1920"", ""timebase"": ""consistent"", ""timebase_index_drift_s"": 0.03336666666666667, ""unit_flagged_frac"": 0.0, ""vendor"": ""V01""}",render
r7_123,v01_fm3_static_hands_123_V01_S0195_I00000135_P1362_f0001315,V01_S0195_I00000135_P1362,naturalistic/dev/0001/0029/V01_S0195_I00000135_P1362,naturalistic/dev/0001/0011/V01_S0195_I00000135_P1363,v01_fm3_static_hands,V01,naturalistic,1315,V01,naturalistic,dev,collaborative_storytelling,random draw from V01 files the pipeline sorted into 'fm3_static_hands',"{""audio"": ""present"", ""flags_fired"": ""fm3_static_hands"", ""fm1_ankles_visible_frac"": 1.0, ""fm1_knee_between_torso_p50"": 0.5151075416693666, ""fm1_shin_verticality_p50"": 0.9997418355449427, ""fm2_smplh_valid_frac"": 1.0, ""fm3_static_frac"": 0.7906241012366984, ""fps"": 29.97, ""geom_body_roll_deg"": 10.304840067261507, ""observed_duration_s"": 116.0159, ""repair_applied"": ""pixel aspect 0.5625"", ""reproj_shoulder_widths_p50"": 0.13617027184269637, ""shown_raster"": ""1215x2160"", ""stored_raster"": ""2160x2160"", ""timebase"": ""consistent"", ""timebase_index_drift_s"": 0.0, ""unit_flagged_frac"": 0.0, ""vendor"": ""V01""}",render
r7_124,v01_fm3_static_hands_124_V01_S1708_I00000702_P2654_f0001169,V01_S1708_I00000702_P2654,improvised/train/0059/0007/V01_S1708_I00000702_P2654,improvised/train/0059/0046/V01_S1708_I00000702_P1963,v01_fm3_static_hands,V01,improvised,1169,V01,improvised,train,ipc_conversation,random draw from V01 files the pipeline sorted into 'fm3_static_hands',"{""audio"": ""present"", ""flags_fired"": ""fm3_static_hands"", ""fm1_ankles_visible_frac"": 1.0, ""fm1_knee_between_torso_p50"": 0.5591716113971137, ""fm1_shin_verticality_p50"": 0.9981685023044728, ""fm2_smplh_valid_frac"": 1.0, ""fm3_static_frac"": 0.9248661055853099, ""fps"": 29.98, ""geom_body_roll_deg"": -6.899068763385335e-06, ""observed_duration_s"": 218.011556, ""repair_applied"": ""none"", ""reproj_shoulder_widths_p50"": 0.048880867517586905, ""shown_raster"": ""1080x1920"", ""stored_raster"": ""1080x1920"", ""timebase"": ""consistent"", ""timebase_index_drift_s"": 0.0, ""unit_flagged_frac"": 0.0, ""vendor"": ""V01""}",render
r7_125,v01_fm3_static_hands_125_V01_S1874_I00000184_P2759_f0001038,V01_S1874_I00000184_P2759,naturalistic/test/0001/0038/V01_S1874_I00000184_P2759,naturalistic/test/0001/0000/V01_S1874_I00000184_P2760,v01_fm3_static_hands,V01,naturalistic,1038,V01,naturalistic,test,ipc_conversation,random draw from V01 files the pipeline sorted into 'fm3_static_hands',"{""audio"": ""present"", ""flags_fired"": ""fm3_static_hands"", ""fm1_ankles_visible_frac"": 1.0, ""fm1_knee_between_torso_p50"": 0.5765912010378658, ""fm1_shin_verticality_p50"": 0.9997026949973674, ""fm2_smplh_valid_frac"": 1.0, ""fm3_static_frac"": 0.8205002452182443, ""fps"": 29.98, ""geom_body_roll_deg"": -3.416583707709901, ""observed_duration_s"": 68.011978, ""repair_applied"": ""none"", ""reproj_shoulder_widths_p50"": 0.09180467933632895, ""shown_raster"": ""1080x1920"", ""stored_raster"": ""1080x1920"", ""timebase"": ""consistent"", ""timebase_index_drift_s"": 0.0, ""unit_flagged_frac"": 0.0, ""vendor"": ""V01""}",render
r7_126,v01_fm3_static_hands_126_V01_S1650_I00000131_P1721_f0000979,V01_S1650_I00000131_P1721,naturalistic/dev/0001/0007/V01_S1650_I00000131_P1721,naturalistic/dev/0001/0016/V01_S1650_I00000131_P1514,v01_fm3_static_hands,V01,naturalistic,979,V01,naturalistic,dev,ipc_conversation,random draw from V01 files the pipeline sorted into 'fm3_static_hands',"{""audio"": ""present"", ""flags_fired"": ""fm3_static_hands"", ""fm1_ankles_visible_frac"": 1.0, ""fm1_knee_between_torso_p50"": 0.6451707226460037, ""fm1_shin_verticality_p50"": 0.9995411750044287, ""fm2_smplh_valid_frac"": 1.0, ""fm3_static_frac"": 0.8999073215940686, ""fps"": 29.97, ""geom_body_roll_deg"": -8.284472453446229e-06, ""observed_duration_s"": 72.0049, ""repair_applied"": ""none"", ""reproj_shoulder_widths_p50"": 0.07496387747215424, ""shown_raster"": ""1080x1920"", ""stored_raster"": ""1080x1920"", ""timebase"": ""consistent"", ""timebase_index_drift_s"": 0.03336666666666667, ""unit_flagged_frac"": 0.0, ""vendor"": ""V01""}",render
r7_127,v01_fm3_static_hands_127_V01_S0105_I00000307_P1004_f0000309,V01_S0105_I00000307_P1004,naturalistic/train/0035/0007/V01_S0105_I00000307_P1004,naturalistic/train/0035/0031/V01_S0105_I00000307_P1198,v01_fm3_static_hands,V01,naturalistic,309,V01,naturalistic,train,ipc_conversation,random draw from V01 files the pipeline sorted into 'fm3_static_hands',"{""audio"": ""present"", ""flags_fired"": ""fm3_static_hands"", ""fm1_ankles_visible_frac"": 1.0, ""fm1_knee_between_torso_p50"": 0.5427130484824636, ""fm1_shin_verticality_p50"": 0.9996876538737574, ""fm2_smplh_valid_frac"": 1.0, ""fm3_static_frac"": 0.9097651421508035, ""fps"": 29.97, ""geom_body_roll_deg"": 7.396978360938646e-06, ""observed_duration_s"": 54.020267, ""repair_applied"": ""none"", ""reproj_shoulder_widths_p50"": 0.06425428563899174, ""shown_raster"": ""1080x1920"", ""stored_raster"": ""1080x1920"", ""timebase"": ""consistent"", ""timebase_index_drift_s"": 0.0, ""unit_flagged_frac"": 0.0, ""vendor"": ""V01""}",render
r7_128,v01_fm3_static_hands_128_V01_S0118_I00000134_P1223_f0000796,V01_S0118_I00000134_P1223,naturalistic/train/0036/0021/V01_S0118_I00000134_P1223,naturalistic/train/0036/0023/V01_S0118_I00000134_P1222,v01_fm3_static_hands,V01,naturalistic,796,V01,naturalistic,train,ipc_conversation,random draw from V01 files the pipeline sorted into 'fm3_static_hands',"{""audio"": ""present"", ""flags_fired"": ""fm3_static_hands"", ""fm1_ankles_visible_frac"": 1.0, ""fm1_knee_between_torso_p50"": 0.6278012946682112, ""fm1_shin_verticality_p50"": 0.9995120777488808, ""fm2_smplh_valid_frac"": 1.0, ""fm3_static_frac"": 0.8157695223654283, ""fps"": 29.97, ""geom_body_roll_deg"": -2.6425503539195097, ""observed_duration_s"": 88.021267, ""repair_applied"": ""none"", ""reproj_shoulder_widths_p50"": 0.043845543652688834, ""shown_raster"": ""1080x1920"", ""stored_raster"": ""1080x1920"", ""timebase"": ""consistent"", ""timebase_index_drift_s"": 0.0, ""unit_flagged_frac"": 0.0, ""vendor"": ""V01""}",render
r7_129,v01_fm3_static_hands_129_V01_S0283_I00000264_P1604_f0000785,V01_S0283_I00000264_P1604,naturalistic/dev/0001/0028/V01_S0283_I00000264_P1604,naturalistic/dev/0001/0038/V01_S0283_I00000264_P1603,v01_fm3_static_hands,V01,naturalistic,785,V01,naturalistic,dev,ipc_conversation,random draw from V01 files the pipeline sorted into 'fm3_static_hands',"{""audio"": ""present"", ""flags_fired"": ""fm3_static_hands"", ""fm1_ankles_visible_frac"": 1.0, ""fm1_knee_between_torso_p50"": 0.5784975724306695, ""fm1_shin_verticality_p50"": 0.9996876499175851, ""fm2_smplh_valid_frac"": 1.0, ""fm3_static_frac"": 0.9849833147942157, ""fps"": 29.97, ""geom_body_roll_deg"": 1.8182975871681482, ""observed_duration_s"": 60.026633, ""repair_applied"": ""none"", ""reproj_shoulder_widths_p50"": 0.0324553560989201, ""shown_raster"": ""1080x1920"", ""stored_raster"": ""1080x1920"", ""timebase"": ""consistent"", ""timebase_index_drift_s"": -0.03336666666666667, ""unit_flagged_frac"": 0.0, ""vendor"": ""V01""}",render
r7_130,v01_multi_130_V01_S0237_I00001295_P1526_f0006173,V01_S0237_I00001295_P1526,improvised/train/0051/0034/V01_S0237_I00001295_P1526,improvised/train/0051/0053/V01_S0237_I00001295_P1527,v01_multi,V01,improvised,6173,V01,improvised,train,collaborative_storytelling,random draw from V01 files the pipeline sorted into 'multi'; positioned on the longest untrusted stretch,"{""audio"": ""present"", ""flags_fired"": ""fm1_sitting+fm2_smplh_invalid"", ""fm1_ankles_visible_frac"": 1.0, ""fm1_knee_between_torso_p50"": 0.3324075678681973, ""fm1_shin_verticality_p50"": 0.9912278850179246, ""fm2_smplh_valid_frac"": 0.7995192987416938, ""fm3_static_frac"": 0.009614025166124699, ""fps"": 29.97, ""geom_body_roll_deg"": -2.290612877003773, ""observed_duration_s"": 236.002067, ""repair_applied"": ""pixel aspect 0.5625"", ""reproj_shoulder_widths_p50"": 0.11534195915928469, ""shown_raster"": ""1215x2160"", ""stored_raster"": ""2160x2160"", ""timebase"": ""consistent"", ""timebase_index_drift_s"": 0.03336666666666667, ""unit_flagged_frac"": 1.0, ""vendor"": ""V01""}",render
r7_131,v01_multi_131_V01_S0202_I00000135_P1376_f0001007,V01_S0202_I00000135_P1376,naturalistic/train/0038/0011/V01_S0202_I00000135_P1376,naturalistic/train/0038/0003/V01_S0202_I00000135_P1377,v01_multi,V01,naturalistic,1007,V01,naturalistic,train,collaborative_storytelling,random draw from V01 files the pipeline sorted into 'multi'; positioned on the longest untrusted stretch,"{""audio"": ""present"", ""flags_fired"": ""fm1_sitting+fm2_smplh_invalid"", ""fm1_ankles_visible_frac"": 1.0, ""fm1_knee_between_torso_p50"": 0.3538902781680086, ""fm1_shin_verticality_p50"": 0.9981310240535118, ""fm2_smplh_valid_frac"": 0.9985491476242292, ""fm3_static_frac"": 0.7116430903155604, ""fps"": 29.97, ""geom_body_roll_deg"": -3.945195862664087, ""observed_duration_s"": 92.0249, ""repair_applied"": ""pixel aspect 0.5625"", ""reproj_shoulder_widths_p50"": 0.09293340743467617, ""shown_raster"": ""1215x2160"", ""stored_raster"": ""2160x2160"", ""timebase"": ""consistent"", ""timebase_index_drift_s"": 0.0, ""unit_flagged_frac"": 1.0, ""vendor"": ""V01""}",render
r7_132,v01_multi_132_V01_S0320_I00000602_P1657_f0002432,V01_S0320_I00000602_P1657,naturalistic/train/0040/0038/V01_S0320_I00000602_P1657,naturalistic/train/0040/0026/V01_S0320_I00000602_P1658,v01_multi,V01,naturalistic,2432,V01,naturalistic,train,grounded_gesture,random draw from V01 files the pipeline sorted into 'multi'; positioned on the longest untrusted stretch,"{""audio"": ""present"", ""flags_fired"": ""fm1_sitting+fm2_smplh_invalid"", ""fm1_ankles_visible_frac"": 1.0, ""fm1_knee_between_torso_p50"": 0.2687465429411392, ""fm1_shin_verticality_p50"": 0.9796027330516687, ""fm2_smplh_valid_frac"": 0.9936768464953586, ""fm3_static_frac"": 0.02892506390421095, ""fps"": 29.97, ""geom_body_roll_deg"": 3.5763327468790953, ""observed_duration_s"": 248.014067, ""repair_applied"": ""pixel aspect 0.5625"", ""reproj_shoulder_widths_p50"": 0.06245959791561231, ""shown_raster"": ""1215x2160"", ""stored_raster"": ""2160x2160"", ""timebase"": ""consistent"", ""timebase_index_drift_s"": 0.03336666666666667, ""unit_flagged_frac"": 1.0, ""vendor"": ""V01""}",render
r7_133,v01_multi_133_V01_S0064_I00000137_P1120_f0000644,V01_S0064_I00000137_P1120,naturalistic/train/0034/0014/V01_S0064_I00000137_P1120,naturalistic/train/0034/0040/V01_S0064_I00000137_P1121,v01_multi,V01,naturalistic,644,V01,naturalistic,train,ipc_conversation,random draw from V01 files the pipeline sorted into 'multi'; positioned on the longest untrusted stretch,"{""audio"": ""present"", ""flags_fired"": ""fm1_sitting+fm2_smplh_invalid"", ""fm1_ankles_visible_frac"": 1.0, ""fm1_knee_between_torso_p50"": 0.14264376173108398, ""fm1_shin_verticality_p50"": 0.9916004075476095, ""fm2_smplh_valid_frac"": 0.8716915995397008, ""fm3_static_frac"": 0.25316455696202533, ""fps"": 29.97, ""geom_body_roll_deg"": -4.427154055292238, ""observed_duration_s"": 58.024633, ""repair_applied"": ""pixel aspect 0.5625"", ""reproj_shoulder_widths_p50"": 0.07241665640088318, ""shown_raster"": ""1215x2160"", ""stored_raster"": ""2160x2160"", ""timebase"": ""consistent"", ""timebase_index_drift_s"": -0.03336666666666667, ""unit_flagged_frac"": 1.0, ""vendor"": ""V01""}",render
r7_134,v01_multi_134_V01_S0046_I00000313_P1088_f0001293,V01_S0046_I00000313_P1088,naturalistic/train/0033/0023/V01_S0046_I00000313_P1088,naturalistic/train/0033/0006/V01_S0046_I00000313_P1089,v01_multi,V01,naturalistic,1293,V01,naturalistic,train,ipc_conversation,random draw from V01 files the pipeline sorted into 'multi'; positioned on the longest untrusted stretch,"{""audio"": ""present"", ""flags_fired"": ""fm1_sitting+fm2_smplh_invalid"", ""fm1_ankles_visible_frac"": 1.0, ""fm1_knee_between_torso_p50"": 0.1333214185197648, ""fm1_shin_verticality_p50"": 0.9994449120380917, ""fm2_smplh_valid_frac"": 0.3495475113122172, ""fm3_static_frac"": 0.6289592760180995, ""fps"": 29.97, ""geom_body_roll_deg"": 3.224520513627876, ""observed_duration_s"": 118.017533, ""repair_applied"": ""pixel aspect 0.5625"", ""reproj_shoulder_widths_p50"": 0.08679484206929725, ""shown_raster"": ""1215x2160"", ""stored_raster"": ""2160x2160"", ""timebase"": ""consistent"", ""timebase_index_drift_s"": 0.0, ""unit_flagged_frac"": 1.0, ""vendor"": ""V01""}",render
r7_135,v01_multi_135_V01_S0047_I00000131_P1091_f0008392,V01_S0047_I00000131_P1091,naturalistic/train/0033/0016/V01_S0047_I00000131_P1091,naturalistic/train/0033/0025/V01_S0047_I00000131_P1090,v01_multi,V01,naturalistic,8392,V01,naturalistic,train,ipc_conversation,random draw from V01 files the pipeline sorted into 'multi'; positioned on the longest untrusted stretch,"{""audio"": ""present"", ""flags_fired"": ""fm1_sitting+fm2_smplh_invalid"", ""fm1_ankles_visible_frac"": 1.0, ""fm1_knee_between_torso_p50"": 0.1826793731131683, ""fm1_shin_verticality_p50"": 0.9945054246943303, ""fm2_smplh_valid_frac"": 0.909051770530621, ""fm3_static_frac"": 0.13938219782585298, ""fps"": 29.97, ""geom_body_roll_deg"": 5.792796964792618, ""observed_duration_s"": 310.0097, ""repair_applied"": ""pixel aspect 0.5625"", ""reproj_shoulder_widths_p50"": 0.07655939305920818, ""shown_raster"": ""1215x2160"", ""stored_raster"": ""2160x2160"", ""timebase"": ""consistent"", ""timebase_index_drift_s"": 0.0, ""unit_flagged_frac"": 1.0, ""vendor"": ""V01""}",render
r7_136,v01_multi_136_V01_S0216_I00000313_P1402_f0001671,V01_S0216_I00000313_P1402,naturalistic/train/0039/0061/V01_S0216_I00000313_P1402,naturalistic/train/0039/0047/V01_S0216_I00000313_P1401,v01_multi,V01,naturalistic,1671,V01,naturalistic,train,ipc_conversation,random draw from V01 files the pipeline sorted into 'multi',"{""audio"": ""present"", ""flags_fired"": ""fm1_sitting+fm3_static_hands"", ""fm1_ankles_visible_frac"": 1.0, ""fm1_knee_between_torso_p50"": 0.18469543294437657, ""fm1_shin_verticality_p50"": 0.985622263785376, ""fm2_smplh_valid_frac"": 1.0, ""fm3_static_frac"": 0.8150542118432027, ""fps"": 29.97, ""geom_body_roll_deg"": -2.082558820471126, ""observed_duration_s"": 160.026533, ""repair_applied"": ""pixel aspect 0.5625"", ""reproj_shoulder_widths_p50"": 0.07156063300151769, ""shown_raster"": ""1215x2160"", ""stored_raster"": ""2160x2160"", ""timebase"": ""consistent"", ""timebase_index_drift_s"": 0.0, ""unit_flagged_frac"": 1.0, ""vendor"": ""V01""}",render
r7_137,v01_multi_137_V01_S1268_I00000128_P2286_f0006277,V01_S1268_I00000128_P2286,naturalistic/train/0041/0005/V01_S1268_I00000128_P2286,naturalistic/train/0041/0042/V01_S1268_I00000128_P2285,v01_multi,V01,naturalistic,6277,V01,naturalistic,train,ipc_conversation,random draw from V01 files the pipeline sorted into 'multi'; positioned on the longest untrusted stretch,"{""audio"": ""present"", ""flags_fired"": ""fm1_sitting+fm2_smplh_invalid"", ""fm1_ankles_visible_frac"": 0.9720602197206022, ""fm1_knee_between_torso_p50"": 0.41026912575063096, ""fm1_shin_verticality_p50"": 0.9938837515478399, ""fm2_smplh_valid_frac"": 0.9892852298928523, ""fm3_static_frac"": 0.030788010307880104, ""fps"": 29.97, ""geom_body_roll_deg"": -2.231171562433926, ""observed_duration_s"": 246.012433, ""repair_applied"": ""pixel aspect 0.5625"", ""reproj_shoulder_widths_p50"": 0.11235316407392136, ""shown_raster"": ""1215x2160"", ""stored_raster"": ""2160x2160"", ""timebase"": ""consistent"", ""timebase_index_drift_s"": 0.0, ""unit_flagged_frac"": 1.0, ""vendor"": ""V01""}",render
r7_138,v01_multi_138_V01_S0648_I00001227_P1743_f0005274,V01_S0648_I00001227_P1743,improvised/train/0058/0038/V01_S0648_I00001227_P1743,improvised/train/0058/0021/V01_S0648_I00001227_P1873,v01_multi,V01,improvised,5274,V01,improvised,train,ipc_conversation,random draw from V01 files the pipeline sorted into 'multi'; positioned on the longest untrusted stretch,"{""audio"": ""present"", ""flags_fired"": ""fm1_sitting+fm2_smplh_invalid"", ""fm1_ankles_visible_frac"": 1.0, ""fm1_knee_between_torso_p50"": 0.17970209604524662, ""fm1_shin_verticality_p50"": 0.9570244077832177, ""fm2_smplh_valid_frac"": 0.9889860706187237, ""fm3_static_frac"": 0.014253320375769355, ""fps"": 29.97, ""geom_body_roll_deg"": 5.826334610340005, ""observed_duration_s"": 206.005433, ""repair_applied"": ""pixel aspect 0.5625"", ""reproj_shoulder_widths_p50"": 0.10332689945285747, ""shown_raster"": ""1215x2160"", ""stored_raster"": ""2160x2160"", ""timebase"": ""consistent"", ""timebase_index_drift_s"": 0.03336666666666667, ""unit_flagged_frac"": 1.0, ""vendor"": ""V01""}",render
r7_139,v01_multi_139_V01_S0042_I00000138_P1081_f0000044,V01_S0042_I00000138_P1081,naturalistic/train/0033/0062/V01_S0042_I00000138_P1081,naturalistic/train/0033/0042/V01_S0042_I00000138_P1080,v01_multi,V01,naturalistic,44,V01,naturalistic,train,ipc_conversation,random draw from V01 files the pipeline sorted into 'multi'; positioned on the longest untrusted stretch,"{""audio"": ""present"", ""flags_fired"": ""fm1_sitting+fm2_smplh_invalid+fm3_static_hands"", ""fm1_ankles_visible_frac"": 1.0, ""fm1_knee_between_torso_p50"": 0.3031693551893149, ""fm1_shin_verticality_p50"": 0.9979252941747572, ""fm2_smplh_valid_frac"": 0.06899166034874905, ""fm3_static_frac"": 0.9052312357846853, ""fps"": 29.97, ""geom_body_roll_deg"": 2.489545407146127, ""observed_duration_s"": 44.010633, ""repair_applied"": ""pixel aspect 0.5625"", ""reproj_shoulder_widths_p50"": 0.14590119495283502, ""shown_raster"": ""1215x2160"", ""stored_raster"": ""2160x2160"", ""timebase"": ""consistent"", ""timebase_index_drift_s"": 0.0, ""unit_flagged_frac"": 1.0, ""vendor"": ""V01""}",render
r7_140,v01_multi_140_V01_S0081_I00000632_P1154_f0000000,V01_S0081_I00000632_P1154,naturalistic/train/0035/0011/V01_S0081_I00000632_P1154,naturalistic/train/0035/0018/V01_S0081_I00000632_P1155,v01_multi,V01,naturalistic,0,V01,naturalistic,train,grounded_gesture,random draw from V01 files the pipeline sorted into 'multi'; positioned on the longest untrusted stretch,"{""audio"": ""present"", ""flags_fired"": ""fm1_sitting+fm2_smplh_invalid"", ""fm1_ankles_visible_frac"": 1.0, ""fm1_knee_between_torso_p50"": 0.2508830593119022, ""fm1_shin_verticality_p50"": 0.9805806279601073, ""fm2_smplh_valid_frac"": 0.9860355458832064, ""fm3_static_frac"": 0.025389916575988394, ""fps"": 29.97, ""geom_body_roll_deg"": -5.588249899126812e-06, ""observed_duration_s"": 184.017167, ""repair_applied"": ""pixel aspect 0.5625"", ""reproj_shoulder_widths_p50"": 0.12367791848977186, ""shown_raster"": ""1215x2160"", ""stored_raster"": ""2160x2160"", ""timebase"": ""consistent"", ""timebase_index_drift_s"": -0.03336666666666667, ""unit_flagged_frac"": 1.0, ""vendor"": ""V01""}",render
r7_141,v01_multi_141_V01_S1286_I00000131_P2303_f0001997,V01_S1286_I00000131_P2303,naturalistic/train/0041/0063/V01_S1286_I00000131_P2303,naturalistic/train/0041/0004/V01_S1286_I00000131_P2304,v01_multi,V01,naturalistic,1997,V01,naturalistic,train,ipc_conversation,random draw from V01 files the pipeline sorted into 'multi'; positioned on the longest untrusted stretch,"{""audio"": ""present"", ""flags_fired"": ""fm1_sitting+fm2_smplh_invalid+fm3_static_hands"", ""fm1_ankles_visible_frac"": 1.0, ""fm1_knee_between_torso_p50"": 0.2986470398147904, ""fm1_shin_verticality_p50"": 0.997458692958885, ""fm2_smplh_valid_frac"": 0.998595258999122, ""fm3_static_frac"": 0.8086040386303776, ""fps"": 29.97, ""geom_body_roll_deg"": -1.6135306923946287, ""observed_duration_s"": 190.023167, ""repair_applied"": ""pixel aspect 0.5625"", ""reproj_shoulder_widths_p50"": 0.132899149442126, ""shown_raster"": ""1215x2160"", ""stored_raster"": ""2160x2160"", ""timebase"": ""consistent"", ""timebase_index_drift_s"": 0.0, ""unit_flagged_frac"": 1.0, ""vendor"": ""V01""}",render
r7_142,v01_multi_142_V01_S0307_I00001223_P1632_f0008118,V01_S0307_I00001223_P1632,improvised/test/0000/0039/V01_S0307_I00001223_P1632,improvised/test/0000/0053/V01_S0307_I00001223_P1633,v01_multi,V01,improvised,8118,V01,improvised,test,ipc_conversation,random draw from V01 files the pipeline sorted into 'multi'; positioned on the longest untrusted stretch,"{""audio"": ""present"", ""flags_fired"": ""fm1_sitting+fm2_smplh_invalid"", ""fm1_ankles_visible_frac"": 1.0, ""fm1_knee_between_torso_p50"": 0.22377710872247436, ""fm1_shin_verticality_p50"": 0.9730803670747795, ""fm2_smplh_valid_frac"": 0.9990506329113924, ""fm3_static_frac"": 0.0889240506329114, ""fps"": 30.0, ""geom_body_roll_deg"": 0.0, ""observed_duration_s"": 316.0, ""repair_applied"": ""pixel aspect 0.5625"", ""reproj_shoulder_widths_p50"": 0.09061391183681448, ""shown_raster"": ""1215x2160"", ""stored_raster"": ""2160x2160"", ""timebase"": ""consistent"", ""timebase_index_drift_s"": 0.0, ""unit_flagged_frac"": 1.0, ""vendor"": ""V01""}",render
r7_143,v02_pass_143_V02_S5309_I00000729_P5225_f0002562,V02_S5309_I00000729_P5225,naturalistic/train/0101/0038/V02_S5309_I00000729_P5225,naturalistic/train/0101/0019/V02_S5309_I00000729_P5285,v02_pass,V02,naturalistic,2562,V02,naturalistic,train,grounded_gesture,random draw from V02 files the pipeline sorted into 'pass',"{""audio"": ""present"", ""flags_fired"": ""none"", ""fm1_ankles_visible_frac"": 1.0, ""fm1_knee_between_torso_p50"": 0.6330688773494153, ""fm1_shin_verticality_p50"": 0.9993628666360395, ""fm2_smplh_valid_frac"": 1.0, ""fm3_static_frac"": 0.0, ""fps"": 30.0, ""geom_body_roll_deg"": -3.224523275815507, ""observed_duration_s"": 154.0, ""repair_applied"": ""none"", ""reproj_shoulder_widths_p50"": 0.052765988553110994, ""shown_raster"": ""1080x1920"", ""stored_raster"": ""1080x1920"", ""timebase"": ""consistent"", ""timebase_index_drift_s"": 0.0, ""unit_flagged_frac"": 0.0, ""vendor"": ""V02""}",render
r7_144,v02_pass_144_V02_S3154_I00000515_P4049_f0000395,V02_S3154_I00000515_P4049,naturalistic/train/0051/0043/V02_S3154_I00000515_P4049,naturalistic/train/0051/0011/V02_S3154_I00000515_P4077,v02_pass,V02,naturalistic,395,V02,naturalistic,train,ipc_conversation,random draw from V02 files the pipeline sorted into 'pass',"{""audio"": ""present"", ""flags_fired"": ""none"", ""fm1_ankles_visible_frac"": 0.0010309278350515464, ""fm1_knee_between_torso_p50"": 0.6364403140283428, ""fm1_shin_verticality_p50"": 0.998752351164358, ""fm2_smplh_valid_frac"": 1.0, ""fm3_static_frac"": 0.3015463917525773, ""fps"": 30.0, ""geom_body_roll_deg"": -0.7538501392074277, ""observed_duration_s"": 194.0, ""repair_applied"": ""none"", ""reproj_shoulder_widths_p50"": 0.1451949279841472, ""shown_raster"": ""1080x1920"", ""stored_raster"": ""1080x1920"", ""timebase"": ""consistent"", ""timebase_index_drift_s"": 0.0, ""unit_flagged_frac"": 0.0, ""vendor"": ""V02""}",render
r7_145,v02_pass_145_V02_S3299_I00000483_P4144_f0002067,V02_S3299_I00000483_P4144,naturalistic/train/0059/0040/V02_S3299_I00000483_P4144,naturalistic/train/0059/0051/V02_S3299_I00000483_P4153,v02_pass,V02,naturalistic,2067,V02,naturalistic,train,ipc_conversation,random draw from V02 files the pipeline sorted into 'pass',"{""audio"": ""present"", ""flags_fired"": ""none"", ""fm1_ankles_visible_frac"": 0.2953216374269006, ""fm1_knee_between_torso_p50"": 0.7310399764354263, ""fm1_shin_verticality_p50"": 0.9980525784828885, ""fm2_smplh_valid_frac"": 1.0, ""fm3_static_frac"": 0.12660818713450292, ""fps"": 30.0, ""geom_body_roll_deg"": 0.0, ""observed_duration_s"": 228.0, ""repair_applied"": ""none"", ""reproj_shoulder_widths_p50"": 0.11208530405810185, ""shown_raster"": ""1080x1920"", ""stored_raster"": ""1080x1920"", ""timebase"": ""consistent"", ""timebase_index_drift_s"": 0.0, ""unit_flagged_frac"": 0.0, ""vendor"": ""V02""}",render
r7_146,v02_pass_146_V02_S3634_I00000315_P4259_f0001769,V02_S3634_I00000315_P4259,naturalistic/train/0079/0022/V02_S3634_I00000315_P4259,naturalistic/train/0079/0038/V02_S3634_I00000315_P4242,v02_pass,V02,naturalistic,1769,V02,naturalistic,train,ipc_conversation,random draw from V02 files the pipeline sorted into 'pass',"{""audio"": ""present"", ""flags_fired"": ""none"", ""fm1_ankles_visible_frac"": 0.7961956521739131, ""fm1_knee_between_torso_p50"": 0.5890121195027404, ""fm1_shin_verticality_p50"": 0.9996539242623973, ""fm2_smplh_valid_frac"": 1.0, ""fm3_static_frac"": 0.11684782608695653, ""fps"": 30.0, ""geom_body_roll_deg"": -2.3533004920471834, ""observed_duration_s"": 184.0, ""repair_applied"": ""none"", ""reproj_shoulder_widths_p50"": 0.1880552402501801, ""shown_raster"": ""1080x1920"", ""stored_raster"": ""1080x1920"", ""timebase"": ""consistent"", ""timebase_index_drift_s"": 0.0, ""unit_flagged_frac"": 0.0, ""vendor"": ""V02""}",render
r7_147,v02_pass_147_V02_S5195_I00000302_P5224_f0001276,V02_S5195_I00000302_P5224,naturalistic/train/0093/0007/V02_S5195_I00000302_P5224,naturalistic/train/0093/0036/V02_S5195_I00000302_P5223,v02_pass,V02,naturalistic,1276,V02,naturalistic,train,ipc_conversation,random draw from V02 files the pipeline sorted into 'pass',"{""audio"": ""present"", ""flags_fired"": ""none"", ""fm1_ankles_visible_frac"": 0.8681992337164751, ""fm1_knee_between_torso_p50"": 0.6374162605396931, ""fm1_shin_verticality_p50"": 0.999406007391159, ""fm2_smplh_valid_frac"": 1.0, ""fm3_static_frac"": 0.43582375478927204, ""fps"": 30.0, ""geom_body_roll_deg"": 0.7848262330125426, ""observed_duration_s"": 174.0, ""repair_applied"": ""none"", ""reproj_shoulder_widths_p50"": 0.05454759743054399, ""shown_raster"": ""1080x1920"", ""stored_raster"": ""1080x1920"", ""timebase"": ""consistent"", ""timebase_index_drift_s"": 0.0, ""unit_flagged_frac"": 0.0, ""vendor"": ""V02""}",render
r7_148,v02_pass_148_V02_S5223_I00000156_P5071_f0000238,V02_S5223_I00000156_P5071,naturalistic/train/0095/0008/V02_S5223_I00000156_P5071,naturalistic/train/0095/0029/V02_S5223_I00000156_P5159,v02_pass,V02,naturalistic,238,V02,naturalistic,train,ipc_conversation,random draw from V02 files the pipeline sorted into 'pass',"{""audio"": ""present"", ""flags_fired"": ""none"", ""fm1_ankles_visible_frac"": 0.6053571428571428, ""fm1_knee_between_torso_p50"": 0.5435848454327172, ""fm1_shin_verticality_p50"": 0.9995120776653359, ""fm2_smplh_valid_frac"": 1.0, ""fm3_static_frac"": 0.6876984126984127, ""fps"": 30.0, ""geom_body_roll_deg"": -7.244955911929584e-06, ""observed_duration_s"": 168.0, ""repair_applied"": ""none"", ""reproj_shoulder_widths_p50"": 0.1642339984683986, ""shown_raster"": ""1080x1920"", ""stored_raster"": ""1080x1920"", ""timebase"": ""consistent"", ""timebase_index_drift_s"": 0.0, ""unit_flagged_frac"": 0.0, ""vendor"": ""V02""}",render
r7_149,v02_pass_149_V02_S3286_I00000126_P4145_f0001944,V02_S3286_I00000126_P4145,naturalistic/train/0059/0050/V02_S3286_I00000126_P4145,naturalistic/train/0059/0019/V02_S3286_I00000126_P4122,v02_pass,V02,naturalistic,1944,V02,naturalistic,train,ipc_conversation,random draw from V02 files the pipeline sorted into 'pass',"{""audio"": ""present"", ""flags_fired"": ""none"", ""fm1_ankles_visible_frac"": 0.9668498168498169, ""fm1_knee_between_torso_p50"": 0.6919288018747027, ""fm1_shin_verticality_p50"": 0.8944287844325346, ""fm2_smplh_valid_frac"": 1.0, ""fm3_static_frac"": 0.3010989010989011, ""fps"": 30.0, ""geom_body_roll_deg"": -1.8279674483041262, ""observed_duration_s"": 182.0, ""repair_applied"": ""none"", ""reproj_shoulder_widths_p50"": 0.09717403105658626, ""shown_raster"": ""1080x1920"", ""stored_raster"": ""1080x1920"", ""timebase"": ""consistent"", ""timebase_index_drift_s"": 0.0, ""unit_flagged_frac"": 0.0, ""vendor"": ""V02""}",render
r7_150,v02_pass_150_V02_S5118_I00000298_P5150_f0000007,V02_S5118_I00000298_P5150,naturalistic/train/0088/0032/V02_S5118_I00000298_P5150,naturalistic/train/0088/0001/V02_S5118_I00000298_P5151,v02_pass,V02,naturalistic,7,V02,naturalistic,train,ipc_conversation,random draw from V02 files the pipeline sorted into 'pass',"{""audio"": ""present"", ""flags_fired"": ""none"", ""fm1_ankles_visible_frac"": 1.0, ""fm1_knee_between_torso_p50"": 0.6008042100982555, ""fm1_shin_verticality_p50"": 0.9995120740054457, ""fm2_smplh_valid_frac"": 1.0, ""fm3_static_frac"": 0.6908914728682171, ""fps"": 30.0, ""geom_body_roll_deg"": -2.4195143181616077, ""observed_duration_s"": 172.0, ""repair_applied"": ""none"", ""reproj_shoulder_widths_p50"": 0.15459318867449767, ""shown_raster"": ""1080x1920"", ""stored_raster"": ""1080x1920"", ""timebase"": ""consistent"", ""timebase_index_drift_s"": 0.0, ""unit_flagged_frac"": 0.0, ""vendor"": ""V02""}",render
r7_151,v02_pass_151_V02_S3651_I00000325_P4240_f0000605,V02_S3651_I00000325_P4240,naturalistic/train/0080/0009/V02_S3651_I00000325_P4240,naturalistic/train/0080/0024/V02_S3651_I00000325_P4257,v02_pass,V02,naturalistic,605,V02,naturalistic,train,ipc_conversation,random draw from V02 files the pipeline sorted into 'pass',"{""audio"": ""present"", ""flags_fired"": ""none"", ""fm1_ankles_visible_frac"": 1.0, ""fm1_knee_between_torso_p50"": 0.5987105481311754, ""fm1_shin_verticality_p50"": 0.9996876537624784, ""fm2_smplh_valid_frac"": 1.0, ""fm3_static_frac"": 0.5599593495934959, ""fps"": 30.0, ""geom_body_roll_deg"": -1.709819655199624, ""observed_duration_s"": 164.0, ""repair_applied"": ""none"", ""reproj_shoulder_widths_p50"": 0.17894618024884937, ""shown_raster"": ""1080x1920"", ""stored_raster"": ""1080x1920"", ""timebase"": ""consistent"", ""timebase_index_drift_s"": 0.0, ""unit_flagged_frac"": 0.0, ""vendor"": ""V02""}",render
r7_152,v02_pass_152_V02_S5009_I00000372_P5014_f0001935,V02_S5009_I00000372_P5014,naturalistic/train/0081/0013/V02_S5009_I00000372_P5014,naturalistic/train/0081/0040/V02_S5009_I00000372_P5013,v02_pass,V02,naturalistic,1935,V02,naturalistic,train,ipc_conversation,random draw from V02 files the pipeline sorted into 'pass',"{""audio"": ""present"", ""flags_fired"": ""none"", ""fm1_ankles_visible_frac"": 0.000749063670411985, ""fm1_knee_between_torso_p50"": 0.6692216999055076, ""fm1_shin_verticality_p50"": 0.998274405718692, ""fm2_smplh_valid_frac"": 1.0, ""fm3_static_frac"": 0.16273408239700374, ""fps"": 30.0, ""geom_body_roll_deg"": 3.0940619426443554, ""observed_duration_s"": 178.0, ""repair_applied"": ""none"", ""reproj_shoulder_widths_p50"": 0.15108125541277934, ""shown_raster"": ""1080x1920"", ""stored_raster"": ""1080x1920"", ""timebase"": ""consistent"", ""timebase_index_drift_s"": 0.0, ""unit_flagged_frac"": 0.0, ""vendor"": ""V02""}",render
r7_153,v02_pass_153_V02_S5197_I00000751_P5225_f0003031,V02_S5197_I00000751_P5225,naturalistic/train/0093/0012/V02_S5197_I00000751_P5225,naturalistic/train/0093/0043/V02_S5197_I00000751_P5226,v02_pass,V02,naturalistic,3031,V02,naturalistic,train,grounded_gesture,random draw from V02 files the pipeline sorted into 'pass',"{""audio"": ""present"", ""flags_fired"": ""none"", ""fm1_ankles_visible_frac"": 0.8092592592592592, ""fm1_knee_between_torso_p50"": 0.6381341757927386, ""fm1_shin_verticality_p50"": 0.9899494936611666, ""fm2_smplh_valid_frac"": 1.0, ""fm3_static_frac"": 0.46728395061728395, ""fps"": 30.0, ""geom_body_roll_deg"": -3.136362512158513, ""observed_duration_s"": 162.0, ""repair_applied"": ""none"", ""reproj_shoulder_widths_p50"": 0.08479625162859097, ""shown_raster"": ""1080x1920"", ""stored_raster"": ""1080x1920"", ""timebase"": ""consistent"", ""timebase_index_drift_s"": 0.0, ""unit_flagged_frac"": 0.0, ""vendor"": ""V02""}",render
r7_154,v02_pass_154_V02_S5278_I00000219_P5168_f0001848,V02_S5278_I00000219_P5168,naturalistic/train/0099/0020/V02_S5278_I00000219_P5168,naturalistic/train/0099/0031/V02_S5278_I00000219_P5270,v02_pass,V02,naturalistic,1848,V02,naturalistic,train,ipc_conversation,random draw from V02 files the pipeline sorted into 'pass',"{""audio"": ""present"", ""flags_fired"": ""none"", ""fm1_ankles_visible_frac"": 0.959349593495935, ""fm1_knee_between_torso_p50"": 0.6746434364058636, ""fm1_shin_verticality_p50"": 0.9863938494602964, ""fm2_smplh_valid_frac"": 1.0, ""fm3_static_frac"": 0.019715447154471544, ""fps"": 30.0, ""geom_body_roll_deg"": 1.3803534257604153, ""observed_duration_s"": 164.0, ""repair_applied"": ""none"", ""reproj_shoulder_widths_p50"": 0.09007667546229321, ""shown_raster"": ""1080x1920"", ""stored_raster"": ""1080x1920"", ""timebase"": ""consistent"", ""timebase_index_drift_s"": 0.0, ""unit_flagged_frac"": 0.0, ""vendor"": ""V02""}",render
r7_155,v02_pass_155_V02_S3481_I00000095_P4201_f0003953,V02_S3481_I00000095_P4201,naturalistic/train/0070/0039/V02_S3481_I00000095_P4201,naturalistic/train/0070/0050/V02_S3481_I00000095_P4202,v02_pass,V02,naturalistic,3953,V02,naturalistic,train,ipc_conversation,random draw from V02 files the pipeline sorted into 'pass',"{""audio"": ""present"", ""flags_fired"": ""none"", ""fm1_ankles_visible_frac"": 0.9875, ""fm1_knee_between_torso_p50"": 0.6931102005436917, ""fm1_shin_verticality_p50"": 0.9805802835186522, ""fm2_smplh_valid_frac"": 1.0, ""fm3_static_frac"": 0.00034722222222222224, ""fps"": 30.0, ""geom_body_roll_deg"": 0.6437456037418561, ""observed_duration_s"": 192.0, ""repair_applied"": ""none"", ""reproj_shoulder_widths_p50"": 0.06342499112444087, ""shown_raster"": ""1080x1920"", ""stored_raster"": ""1080x1920"", ""timebase"": ""consistent"", ""timebase_index_drift_s"": 0.0, ""unit_flagged_frac"": 0.0, ""vendor"": ""V02""}",render
r7_156,v02_fm1_sitting_156_V02_S5172_I00000283_P5208_f0002047,V02_S5172_I00000283_P5208,naturalistic/train/0092/0024/V02_S5172_I00000283_P5208,naturalistic/train/0092/0041/V02_S5172_I00000283_P5207,v02_fm1_sitting,V02,naturalistic,2047,V02,naturalistic,train,ipc_conversation,random draw from V02 files the pipeline sorted into 'fm1_sitting',"{""audio"": ""present"", ""flags_fired"": ""fm1_sitting"", ""fm1_ankles_visible_frac"": 0.9980842911877394, ""fm1_knee_between_torso_p50"": 0.6039413477794642, ""fm1_shin_verticality_p50"": -0.70711244078004, ""fm2_smplh_valid_frac"": 1.0, ""fm3_static_frac"": 0.7130268199233717, ""fps"": 30.0, ""geom_body_roll_deg"": 0.6030910162619953, ""observed_duration_s"": 174.0, ""repair_applied"": ""none"", ""reproj_shoulder_widths_p50"": 0.11478801409138732, ""shown_raster"": ""1080x1920"", ""stored_raster"": ""1080x1920"", ""timebase"": ""consistent"", ""timebase_index_drift_s"": 0.0, ""unit_flagged_frac"": 1.0, ""vendor"": ""V02""}",render
r7_157,v02_fm1_sitting_157_V02_S5401_I00000281_P5506_f0001921,V02_S5401_I00000281_P5506,naturalistic/train/0103/0023/V02_S5401_I00000281_P5506,naturalistic/train/0103/0037/V02_S5401_I00000281_P5505,v02_fm1_sitting,V02,naturalistic,1921,V02,naturalistic,train,ipc_conversation,random draw from V02 files the pipeline sorted into 'fm1_sitting',"{""audio"": ""present"", ""flags_fired"": ""fm1_sitting"", ""fm1_ankles_visible_frac"": 0.9879166666666667, ""fm1_knee_between_torso_p50"": 0.6687106533377705, ""fm1_shin_verticality_p50"": 0.9486827645177744, ""fm2_smplh_valid_frac"": 1.0, ""fm3_static_frac"": 0.625, ""fps"": 30.0, ""geom_body_roll_deg"": 0.6510570359578908, ""observed_duration_s"": 160.0, ""repair_applied"": ""none"", ""reproj_shoulder_widths_p50"": 0.10643984355972338, ""shown_raster"": ""1080x1920"", ""stored_raster"": ""1080x1920"", ""timebase"": ""consistent"", ""timebase_index_drift_s"": 0.0, ""unit_flagged_frac"": 0.5, ""vendor"": ""V02""}",render
r7_158,v02_fm1_sitting_158_V02_S3330_I00000390_P4150_f0004241,V02_S3330_I00000390_P4150,naturalistic/train/0061/0009/V02_S3330_I00000390_P4150,naturalistic/train/0061/0005/V02_S3330_I00000390_P4065,v02_fm1_sitting,V02,naturalistic,4241,V02,naturalistic,train,ipc_conversation,random draw from V02 files the pipeline sorted into 'fm1_sitting',"{""audio"": ""present"", ""flags_fired"": ""fm1_sitting"", ""fm1_ankles_visible_frac"": 0.9693602693602693, ""fm1_knee_between_torso_p50"": 0.6923486504595878, ""fm1_shin_verticality_p50"": -0.7071166379589455, ""fm2_smplh_valid_frac"": 1.0, ""fm3_static_frac"": 0.12912457912457911, ""fps"": 30.0, ""geom_body_roll_deg"": -1.9091573859826276, ""observed_duration_s"": 198.0, ""repair_applied"": ""none"", ""reproj_shoulder_widths_p50"": 0.1116980888092631, ""shown_raster"": ""1080x1920"", ""stored_raster"": ""1080x1920"", ""timebase"": ""consistent"", ""timebase_index_drift_s"": 0.0, ""unit_flagged_frac"": 1.0, ""vendor"": ""V02""}",render
r7_159,v02_fm1_sitting_159_V02_S3306_I00000486_P4146_f0002277,V02_S3306_I00000486_P4146,naturalistic/train/0060/0003/V02_S3306_I00000486_P4146,naturalistic/train/0060/0000/V02_S3306_I00000486_P4156,v02_fm1_sitting,V02,naturalistic,2277,V02,naturalistic,train,ipc_conversation,random draw from V02 files the pipeline sorted into 'fm1_sitting',"{""audio"": ""present"", ""flags_fired"": ""fm1_sitting"", ""fm1_ankles_visible_frac"": 0.9707482993197278, ""fm1_knee_between_torso_p50"": 0.5992240828590186, ""fm1_shin_verticality_p50"": -0.5547023089538894, ""fm2_smplh_valid_frac"": 1.0, ""fm3_static_frac"": 0.0005102040816326531, ""fps"": 30.0, ""geom_body_roll_deg"": -1.2590495916305156, ""observed_duration_s"": 196.0, ""repair_applied"": ""none"", ""reproj_shoulder_widths_p50"": 0.09610605152161557, ""shown_raster"": ""1080x1920"", ""stored_raster"": ""1080x1920"", ""timebase"": ""consistent"", ""timebase_index_drift_s"": 0.0, ""unit_flagged_frac"": 1.0, ""vendor"": ""V02""}",render
r7_160,v02_fm1_sitting_160_V02_S3096_I00000309_P4043_f0003008,V02_S3096_I00000309_P4043,naturalistic/train/0047/0045/V02_S3096_I00000309_P4043,naturalistic/train/0047/0044/V02_S3096_I00000309_P4069,v02_fm1_sitting,V02,naturalistic,3008,V02,naturalistic,train,ipc_conversation,random draw from V02 files the pipeline sorted into 'fm1_sitting',"{""audio"": ""present"", ""flags_fired"": ""fm1_sitting"", ""fm1_ankles_visible_frac"": 1.0, ""fm1_knee_between_torso_p50"": 0.6194314480129524, ""fm1_shin_verticality_p50"": -0.8944271909999159, ""fm2_smplh_valid_frac"": 1.0, ""fm3_static_frac"": 0.5552721088435374, ""fps"": 30.0, ""geom_body_roll_deg"": 0.6365948585288459, ""observed_duration_s"": 196.0, ""repair_applied"": ""none"", ""reproj_shoulder_widths_p50"": 0.10487285035666195, ""shown_raster"": ""1080x1920"", ""stored_raster"": ""1080x1920"", ""timebase"": ""consistent"", ""timebase_index_drift_s"": 0.0, ""unit_flagged_frac"": 1.0, ""vendor"": ""V02""}",render
r7_161,v02_fm1_sitting_161_V02_S3623_I00000194_P4241_f0001318,V02_S3623_I00000194_P4241,naturalistic/train/0079/0032/V02_S3623_I00000194_P4241,naturalistic/train/0079/0021/V02_S3623_I00000194_P4243,v02_fm1_sitting,V02,naturalistic,1318,V02,naturalistic,train,collaborative_storytelling,random draw from V02 files the pipeline sorted into 'fm1_sitting',"{""audio"": ""present"", ""flags_fired"": ""fm1_sitting"", ""fm1_ankles_visible_frac"": 0.9453125, ""fm1_knee_between_torso_p50"": 0.5732608408216622, ""fm1_shin_verticality_p50"": -0.554699615773321, ""fm2_smplh_valid_frac"": 1.0, ""fm3_static_frac"": 0.18203125, ""fps"": 30.0, ""geom_body_roll_deg"": -1.6683346108883188, ""observed_duration_s"": 128.0, ""repair_applied"": ""none"", ""reproj_shoulder_widths_p50"": 0.12312281760954402, ""shown_raster"": ""1080x1920"", ""stored_raster"": ""1080x1920"", ""timebase"": ""consistent"", ""timebase_index_drift_s"": 0.0, ""unit_flagged_frac"": 1.0, ""vendor"": ""V02""}",render
r7_162,v02_fm1_sitting_162_V02_S3022_I00000498_P4029_f0003581,V02_S3022_I00000498_P4029,naturalistic/train/0043/0042/V02_S3022_I00000498_P4029,naturalistic/train/0043/0048/V02_S3022_I00000498_P4028,v02_fm1_sitting,V02,naturalistic,3581,V02,naturalistic,train,ipc_conversation,random draw from V02 files the pipeline sorted into 'fm1_sitting',"{""audio"": ""present"", ""flags_fired"": ""fm1_sitting"", ""fm1_ankles_visible_frac"": 0.3570707070707071, ""fm1_knee_between_torso_p50"": 0.6256093453311145, ""fm1_shin_verticality_p50"": 0.970142500145332, ""fm2_smplh_valid_frac"": 1.0, ""fm3_static_frac"": 0.43703703703703706, ""fps"": 30.0, ""geom_body_roll_deg"": 0.0, ""observed_duration_s"": 198.0, ""repair_applied"": ""none"", ""reproj_shoulder_widths_p50"": 0.10662093971938813, ""shown_raster"": ""1080x1920"", ""stored_raster"": ""1080x1920"", ""timebase"": ""consistent"", ""timebase_index_drift_s"": 0.0, ""unit_flagged_frac"": 0.5, ""vendor"": ""V02""}",render
r7_163,v02_fm1_sitting_163_V02_S3393_I00000202_P4146_f0003384,V02_S3393_I00000202_P4146,naturalistic/train/0065/0014/V02_S3393_I00000202_P4146,naturalistic/train/0065/0043/V02_S3393_I00000202_P4170,v02_fm1_sitting,V02,naturalistic,3384,V02,naturalistic,train,ipc_conversation,random draw from V02 files the pipeline sorted into 'fm1_sitting',"{""audio"": ""present"", ""flags_fired"": ""fm1_sitting"", ""fm1_ankles_visible_frac"": 1.0, ""fm1_knee_between_torso_p50"": 0.5840454657500966, ""fm1_shin_verticality_p50"": -0.8320502943378437, ""fm2_smplh_valid_frac"": 1.0, ""fm3_static_frac"": 0.00016835016835016836, ""fps"": 30.0, ""geom_body_roll_deg"": -1.1691464186185077, ""observed_duration_s"": 198.0, ""repair_applied"": ""none"", ""reproj_shoulder_widths_p50"": 0.11140461544700916, ""shown_raster"": ""1080x1920"", ""stored_raster"": ""1080x1920"", ""timebase"": ""consistent"", ""timebase_index_drift_s"": 0.0, ""unit_flagged_frac"": 1.0, ""vendor"": ""V02""}",render
r7_164,v02_fm1_sitting_164_V02_S3434_I00000015_P4196_f0004451,V02_S3434_I00000015_P4196,naturalistic/train/0067/0052/V02_S3434_I00000015_P4196,naturalistic/train/0067/0006/V02_S3434_I00000015_P4198,v02_fm1_sitting,V02,naturalistic,4451,V02,naturalistic,train,ipc_conversation,random draw from V02 files the pipeline sorted into 'fm1_sitting',"{""audio"": ""present"", ""flags_fired"": ""fm1_sitting"", ""fm1_ankles_visible_frac"": 0.7838187702265372, ""fm1_knee_between_torso_p50"": 0.5707276676729257, ""fm1_shin_verticality_p50"": -0.7071039048336303, ""fm2_smplh_valid_frac"": 1.0, ""fm3_static_frac"": 0.23592233009708738, ""fps"": 30.0, ""geom_body_roll_deg"": 1.206049488970748, ""observed_duration_s"": 206.0, ""repair_applied"": ""none"", ""reproj_shoulder_widths_p50"": 0.12797829535635713, ""shown_raster"": ""1080x1920"", ""stored_raster"": ""1080x1920"", ""timebase"": ""consistent"", ""timebase_index_drift_s"": 0.0, ""unit_flagged_frac"": 1.0, ""vendor"": ""V02""}",render
r7_165,v02_fm1_sitting_165_V02_S3059_I00000126_P4056_f0004540,V02_S3059_I00000126_P4056,naturalistic/train/0045/0058/V02_S3059_I00000126_P4056,naturalistic/train/0045/0030/V02_S3059_I00000126_P4047,v02_fm1_sitting,V02,naturalistic,4540,V02,naturalistic,train,ipc_conversation,random draw from V02 files the pipeline sorted into 'fm1_sitting',"{""audio"": ""present"", ""flags_fired"": ""fm1_sitting"", ""fm1_ankles_visible_frac"": 0.998639455782313, ""fm1_knee_between_torso_p50"": 0.5725615194285095, ""fm1_shin_verticality_p50"": -0.7999991478030304, ""fm2_smplh_valid_frac"": 1.0, ""fm3_static_frac"": 0.10850340136054422, ""fps"": 30.0, ""geom_body_roll_deg"": -1.6683310498160764, ""observed_duration_s"": 196.0, ""repair_applied"": ""none"", ""reproj_shoulder_widths_p50"": 0.1264858763079018, ""shown_raster"": ""1080x1920"", ""stored_raster"": ""1080x1920"", ""timebase"": ""consistent"", ""timebase_index_drift_s"": 0.0, ""unit_flagged_frac"": 1.0, ""vendor"": ""V02""}",render
r7_166,v02_fm2_smplh_invalid_166_V02_S5248_I00000223_P5255_f0002770,V02_S5248_I00000223_P5255,naturalistic/train/0097/0026/V02_S5248_I00000223_P5255,naturalistic/train/0097/0030/V02_S5248_I00000223_P5143,v02_fm2_smplh_invalid,V02,naturalistic,2770,V02,naturalistic,train,ipc_conversation,random draw from V02 files the pipeline sorted into 'fm2_smplh_invalid'; positioned on the longest untrusted stretch,"{""audio"": ""present"", ""flags_fired"": ""fm2_smplh_invalid"", ""fm1_ankles_visible_frac"": 0.9198795180722892, ""fm1_knee_between_torso_p50"": 0.6366614455585412, ""fm1_shin_verticality_p50"": 0.997785162736374, ""fm2_smplh_valid_frac"": 0.9839357429718876, ""fm3_static_frac"": 0.0, ""fps"": 30.0, ""geom_body_roll_deg"": 2.260497545176073, ""observed_duration_s"": 166.0, ""repair_applied"": ""none"", ""reproj_shoulder_widths_p50"": 0.15347807405916977, ""shown_raster"": ""1080x1920"", ""stored_raster"": ""1080x1920"", ""timebase"": ""consistent"", ""timebase_index_drift_s"": 0.0, ""unit_flagged_frac"": 0.0, ""vendor"": ""V02""}",render
r7_167,v02_fm2_smplh_invalid_167_V02_S3526_I00000752_P4222_f0001380,V02_S3526_I00000752_P4222,naturalistic/train/0073/0053/V02_S3526_I00000752_P4222,naturalistic/train/0073/0002/V02_S3526_I00000752_P4191,v02_fm2_smplh_invalid,V02,naturalistic,1380,V02,naturalistic,train,grounded_gesture,random draw from V02 files the pipeline sorted into 'fm2_smplh_invalid'; positioned on the longest untrusted stretch,"{""audio"": ""present"", ""flags_fired"": ""fm2_smplh_invalid"", ""fm1_ankles_visible_frac"": 0.04649122807017544, ""fm1_knee_between_torso_p50"": 0.6667241031618685, ""fm1_shin_verticality_p50"": 0.9992009781684331, ""fm2_smplh_valid_frac"": 0.9864035087719298, ""fm3_static_frac"": 0.46271929824561403, ""fps"": 30.0, ""geom_body_roll_deg"": -1.5275209769440796, ""observed_duration_s"": 76.0, ""repair_applied"": ""none"", ""reproj_shoulder_widths_p50"": 0.13902339213159962, ""shown_raster"": ""1080x1920"", ""stored_raster"": ""1080x1920"", ""timebase"": ""consistent"", ""timebase_index_drift_s"": 0.0, ""unit_flagged_frac"": 0.0, ""vendor"": ""V02""}",render
r7_168,v02_fm2_smplh_invalid_168_V02_S5329_I00000732_P5290_f0003900,V02_S5329_I00000732_P5290,naturalistic/train/0102/0032/V02_S5329_I00000732_P5290,naturalistic/train/0102/0026/V02_S5329_I00000732_P5141,v02_fm2_smplh_invalid,V02,naturalistic,3900,V02,naturalistic,train,grounded_gesture,random draw from V02 files the pipeline sorted into 'fm2_smplh_invalid'; positioned on the longest untrusted stretch,"{""audio"": ""present"", ""flags_fired"": ""fm2_smplh_invalid"", ""fm1_ankles_visible_frac"": 1.0, ""fm1_knee_between_torso_p50"": 0.5664585166102465, ""fm1_shin_verticality_p50"": 0.9999999999999487, ""fm2_smplh_valid_frac"": 0.9902083333333334, ""fm3_static_frac"": 0.5620833333333334, ""fps"": 30.0, ""geom_body_roll_deg"": -1.636566404287718, ""observed_duration_s"": 160.0, ""repair_applied"": ""none"", ""reproj_shoulder_widths_p50"": 0.05795350130031529, ""shown_raster"": ""1080x1920"", ""stored_raster"": ""1080x1920"", ""timebase"": ""consistent"", ""timebase_index_drift_s"": 0.0, ""unit_flagged_frac"": 0.0, ""vendor"": ""V02""}",render
r7_169,v02_fm2_smplh_invalid_169_V02_S5216_I00000226_P5207_f0000000,V02_S5216_I00000226_P5207,naturalistic/train/0095/0041/V02_S5216_I00000226_P5207,naturalistic/train/0095/0030/V02_S5216_I00000226_P5237,v02_fm2_smplh_invalid,V02,naturalistic,0,V02,naturalistic,train,ipc_conversation,random draw from V02 files the pipeline sorted into 'fm2_smplh_invalid'; positioned on the longest untrusted stretch,"{""audio"": ""present"", ""flags_fired"": ""fm2_smplh_invalid"", ""fm1_ankles_visible_frac"": 1.0, ""fm1_knee_between_torso_p50"": 0.5551853009904981, ""fm1_shin_verticality_p50"": 0.9981684961809855, ""fm2_smplh_valid_frac"": 0.9475903614457831, ""fm3_static_frac"": 0.004417670682730923, ""fps"": 30.0, ""geom_body_roll_deg"": -2.602558058319296, ""observed_duration_s"": 166.0, ""repair_applied"": ""none"", ""reproj_shoulder_widths_p50"": 0.11562990474186358, ""shown_raster"": ""1080x1920"", ""stored_raster"": ""1080x1920"", ""timebase"": ""consistent"", ""timebase_index_drift_s"": 0.0, ""unit_flagged_frac"": 0.0, ""vendor"": ""V02""}",render
r7_170,v02_fm2_smplh_invalid_170_V02_S3248_I00000495_P4130_f0002655,V02_S3248_I00000495_P4130,naturalistic/train/0056/0049/V02_S3248_I00000495_P4130,naturalistic/train/0056/0051/V02_S3248_I00000495_P4107,v02_fm2_smplh_invalid,V02,naturalistic,2655,V02,naturalistic,train,ipc_conversation,random draw from V02 files the pipeline sorted into 'fm2_smplh_invalid'; positioned on the longest untrusted stretch,"{""audio"": ""present"", ""flags_fired"": ""fm2_smplh_invalid"", ""fm1_ankles_visible_frac"": 0.4914191419141914, ""fm1_knee_between_torso_p50"": 0.6705020737716381, ""fm1_shin_verticality_p50"": 0.9701430197297176, ""fm2_smplh_valid_frac"": 0.9336633663366337, ""fm3_static_frac"": 0.20396039603960395, ""fps"": 30.0, ""geom_body_roll_deg"": -1.3478924790101845, ""observed_duration_s"": 202.0, ""repair_applied"": ""none"", ""reproj_shoulder_widths_p50"": 0.08836162050839036, ""shown_raster"": ""1080x1920"", ""stored_raster"": ""1080x1920"", ""timebase"": ""consistent"", ""timebase_index_drift_s"": 0.0, ""unit_flagged_frac"": 0.0, ""vendor"": ""V02""}",render
r7_171,v02_fm2_smplh_invalid_171_V02_S3109_I00000484_P4028_f0002183,V02_S3109_I00000484_P4028,naturalistic/train/0048/0012/V02_S3109_I00000484_P4028,naturalistic/train/0048/0033/V02_S3109_I00000484_P4037,v02_fm2_smplh_invalid,V02,naturalistic,2183,V02,naturalistic,train,ipc_conversation,random draw from V02 files the pipeline sorted into 'fm2_smplh_invalid'; positioned on the longest untrusted stretch,"{""audio"": ""present"", ""flags_fired"": ""fm2_smplh_invalid"", ""fm1_ankles_visible_frac"": 0.14139784946236558, ""fm1_knee_between_torso_p50"": 0.6227009742582321, ""fm1_shin_verticality_p50"": 0.9958931690109392, ""fm2_smplh_valid_frac"": 0.9903225806451613, ""fm3_static_frac"": 0.07983870967741935, ""fps"": 30.0, ""geom_body_roll_deg"": -2.9737324188017356, ""observed_duration_s"": 248.0, ""repair_applied"": ""none"", ""reproj_shoulder_widths_p50"": 0.1432695450287816, ""shown_raster"": ""1080x1920"", ""stored_raster"": ""1080x1920"", ""timebase"": ""consistent"", ""timebase_index_drift_s"": 0.0, ""unit_flagged_frac"": 0.0, ""vendor"": ""V02""}",render
r7_172,v02_fm2_smplh_invalid_172_V02_S3208_I00000498_P4110_f0005760,V02_S3208_I00000498_P4110,naturalistic/train/0054/0013/V02_S3208_I00000498_P4110,naturalistic/train/0054/0020/V02_S3208_I00000498_P4109,v02_fm2_smplh_invalid,V02,naturalistic,5760,V02,naturalistic,train,ipc_conversation,random draw from V02 files the pipeline sorted into 'fm2_smplh_invalid'; positioned on the longest untrusted stretch,"{""audio"": ""present"", ""flags_fired"": ""fm2_smplh_invalid"", ""fm1_ankles_visible_frac"": 0.5951951951951951, ""fm1_knee_between_torso_p50"": 0.6603079680511332, ""fm1_shin_verticality_p50"": 0.9992009542901981, ""fm2_smplh_valid_frac"": 0.9867867867867868, ""fm3_static_frac"": 0.0037537537537537537, ""fps"": 30.0, ""geom_body_roll_deg"": -2.2026029629580313, ""observed_duration_s"": 222.0, ""repair_applied"": ""none"", ""reproj_shoulder_widths_p50"": 0.18363296681769475, ""shown_raster"": ""1080x1920"", ""stored_raster"": ""1080x1920"", ""timebase"": ""consistent"", ""timebase_index_drift_s"": 0.0, ""unit_flagged_frac"": 0.0, ""vendor"": ""V02""}",render
r7_173,v02_fm2_smplh_invalid_173_V02_S3152_I00000486_P4086_f0000087,V02_S3152_I00000486_P4086,naturalistic/train/0051/0046/V02_S3152_I00000486_P4086,naturalistic/train/0051/0038/V02_S3152_I00000486_P4085,v02_fm2_smplh_invalid,V02,naturalistic,87,V02,naturalistic,train,ipc_conversation,random draw from V02 files the pipeline sorted into 'fm2_smplh_invalid'; positioned on the longest untrusted stretch,"{""audio"": ""present"", ""flags_fired"": ""fm2_smplh_invalid"", ""fm1_ankles_visible_frac"": 0.5319571865443425, ""fm1_knee_between_torso_p50"": 0.6537186511969886, ""fm1_shin_verticality_p50"": 0.999480115512714, ""fm2_smplh_valid_frac"": 0.7451070336391438, ""fm3_static_frac"": 0.0013761467889908258, ""fps"": 30.0, ""geom_body_roll_deg"": -1.6365791166296864, ""observed_duration_s"": 218.0, ""repair_applied"": ""none"", ""reproj_shoulder_widths_p50"": 0.199225076357411, ""shown_raster"": ""1080x1920"", ""stored_raster"": ""1080x1920"", ""timebase"": ""consistent"", ""timebase_index_drift_s"": 0.0, ""unit_flagged_frac"": 0.0, ""vendor"": ""V02""}",render
r7_174,v02_fm2_smplh_invalid_174_V02_S5304_I00000368_P5121_f0004440,V02_S5304_I00000368_P5121,naturalistic/train/0100/0002/V02_S5304_I00000368_P5121,naturalistic/train/0100/0010/V02_S5304_I00000368_P5265,v02_fm2_smplh_invalid,V02,naturalistic,4440,V02,naturalistic,train,ipc_conversation,random draw from V02 files the pipeline sorted into 'fm2_smplh_invalid'; positioned on the longest untrusted stretch,"{""audio"": ""present"", ""flags_fired"": ""fm2_smplh_invalid"", ""fm1_ankles_visible_frac"": 0.14719101123595504, ""fm1_knee_between_torso_p50"": 0.6711942549899161, ""fm1_shin_verticality_p50"": 0.9992611746313143, ""fm2_smplh_valid_frac"": 0.994943820224719, ""fm3_static_frac"": 0.000749063670411985, ""fps"": 30.0, ""geom_body_roll_deg"": 0.0, ""observed_duration_s"": 178.0, ""repair_applied"": ""none"", ""reproj_shoulder_widths_p50"": 0.15906488586213413, ""shown_raster"": ""1080x1920"", ""stored_raster"": ""1080x1920"", ""timebase"": ""consistent"", ""timebase_index_drift_s"": 0.0, ""unit_flagged_frac"": 0.0, ""vendor"": ""V02""}",render
r7_175,v02_fm2_smplh_invalid_175_V02_S3459_I00000106_P4202_f0003849,V02_S3459_I00000106_P4202,naturalistic/train/0069/0010/V02_S3459_I00000106_P4202,naturalistic/train/0069/0040/V02_S3459_I00000106_P4198,v02_fm2_smplh_invalid,V02,naturalistic,3849,V02,naturalistic,train,ipc_conversation,random draw from V02 files the pipeline sorted into 'fm2_smplh_invalid'; positioned on the longest untrusted stretch,"{""audio"": ""present"", ""flags_fired"": ""fm2_smplh_invalid"", ""fm1_ankles_visible_frac"": 0.630976430976431, ""fm1_knee_between_torso_p50"": 0.6112590876676528, ""fm1_shin_verticality_p50"": 0.0, ""fm2_smplh_valid_frac"": 0.976936026936027, ""fm3_static_frac"": 0.03148148148148148, ""fps"": 30.0, ""geom_body_roll_deg"": -1.8087398446445644, ""observed_duration_s"": 198.0, ""repair_applied"": ""none"", ""reproj_shoulder_widths_p50"": 0.1077247046736158, ""shown_raster"": ""1080x1920"", ""stored_raster"": ""1080x1920"", ""timebase"": ""consistent"", ""timebase_index_drift_s"": 0.0, ""unit_flagged_frac"": 0.0, ""vendor"": ""V02""}",render
r7_176,v02_fm2_smplh_invalid_176_V02_S3061_I00000498_P4058_f0000052,V02_S3061_I00000498_P4058,naturalistic/train/0045/0001/V02_S3061_I00000498_P4058,naturalistic/train/0045/0001/V02_S3061_I00000498_P4047,v02_fm2_smplh_invalid,V02,naturalistic,52,V02,naturalistic,train,ipc_conversation,random draw from V02 files the pipeline sorted into 'fm2_smplh_invalid'; positioned on the longest untrusted stretch,"{""audio"": ""present"", ""flags_fired"": ""fm2_smplh_invalid"", ""fm1_ankles_visible_frac"": 0.1590909090909091, ""fm1_knee_between_torso_p50"": 0.6456989940462209, ""fm1_shin_verticality_p50"": 0.9980525957988351, ""fm2_smplh_valid_frac"": 0.9741046831955923, ""fm3_static_frac"": 0.01584022038567493, ""fps"": 30.0, ""geom_body_roll_deg"": -7.18028009773976e-06, ""observed_duration_s"": 242.0, ""repair_applied"": ""none"", ""reproj_shoulder_widths_p50"": 0.10925652284674159, ""shown_raster"": ""1080x1920"", ""stored_raster"": ""1080x1920"", ""timebase"": ""consistent"", ""timebase_index_drift_s"": 0.0, ""unit_flagged_frac"": 0.0, ""vendor"": ""V02""}",render
r7_177,v02_fm2_smplh_invalid_177_V02_S5090_I00000748_P5116_f0001775,V02_S5090_I00000748_P5116,naturalistic/train/0086/0026/V02_S5090_I00000748_P5116,naturalistic/train/0086/0009/V02_S5090_I00000748_P5095,v02_fm2_smplh_invalid,V02,naturalistic,1775,V02,naturalistic,train,grounded_gesture,random draw from V02 files the pipeline sorted into 'fm2_smplh_invalid'; positioned on the longest untrusted stretch,"{""audio"": ""present"", ""flags_fired"": ""fm2_smplh_invalid"", ""fm1_ankles_visible_frac"": 1.0, ""fm1_knee_between_torso_p50"": 0.6075915199987557, ""fm1_shin_verticality_p50"": 0.9965457582448797, ""fm2_smplh_valid_frac"": 0.9982539682539683, ""fm3_static_frac"": 0.5801587301587302, ""fps"": 30.0, ""geom_body_roll_deg"": 4.343237622105386, ""observed_duration_s"": 210.0, ""repair_applied"": ""none"", ""reproj_shoulder_widths_p50"": 0.16151079642646038, ""shown_raster"": ""1080x1920"", ""stored_raster"": ""1080x1920"", ""timebase"": ""consistent"", ""timebase_index_drift_s"": 0.0, ""unit_flagged_frac"": 0.0, ""vendor"": ""V02""}",render
r7_178,v02_fm2_smplh_invalid_178_V02_S3641_I00000765_P4135_f0001398,V02_S3641_I00000765_P4135,naturalistic/train/0080/0000/V02_S3641_I00000765_P4135,naturalistic/train/0080/0036/V02_S3641_I00000765_P4264,v02_fm2_smplh_invalid,V02,naturalistic,1398,V02,naturalistic,train,grounded_gesture,random draw from V02 files the pipeline sorted into 'fm2_smplh_invalid'; positioned on the longest untrusted stretch,"{""audio"": ""present"", ""flags_fired"": ""fm2_smplh_invalid"", ""fm1_ankles_visible_frac"": 0.20169082125603865, ""fm1_knee_between_torso_p50"": 0.6302751074133774, ""fm1_shin_verticality_p50"": 0.9805807443107396, ""fm2_smplh_valid_frac"": 0.8702898550724638, ""fm3_static_frac"": 0.0, ""fps"": 30.0, ""geom_body_roll_deg"": -1.363932590488449, ""observed_duration_s"": 138.0, ""repair_applied"": ""none"", ""reproj_shoulder_widths_p50"": 0.09709506473120319, ""shown_raster"": ""1080x1920"", ""stored_raster"": ""1080x1920"", ""timebase"": ""consistent"", ""timebase_index_drift_s"": 0.0, ""unit_flagged_frac"": 0.0, ""vendor"": ""V02""}",render
r7_179,v02_fm3_static_hands_179_V02_S5037_I00000126_P5046_f0003006,V02_S5037_I00000126_P5046,naturalistic/train/0083/0025/V02_S5037_I00000126_P5046,naturalistic/train/0083/0010/V02_S5037_I00000126_P5012,v02_fm3_static_hands,V02,naturalistic,3006,V02,naturalistic,train,ipc_conversation,random draw from V02 files the pipeline sorted into 'fm3_static_hands',"{""audio"": ""present"", ""flags_fired"": ""fm3_static_hands"", ""fm1_ankles_visible_frac"": 0.8158914728682171, ""fm1_knee_between_torso_p50"": 0.6303201375432188, ""fm1_shin_verticality_p50"": 0.9991330804868233, ""fm2_smplh_valid_frac"": 1.0, ""fm3_static_frac"": 0.7558139534883721, ""fps"": 30.0, ""geom_body_roll_deg"": -0.7440555531578777, ""observed_duration_s"": 172.0, ""repair_applied"": ""none"", ""reproj_shoulder_widths_p50"": 0.14589275069828242, ""shown_raster"": ""1080x1920"", ""stored_raster"": ""1080x1920"", ""timebase"": ""consistent"", ""timebase_index_drift_s"": 0.0, ""unit_flagged_frac"": 0.0, ""vendor"": ""V02""}",render
r7_180,v02_fm3_static_hands_180_V02_S5197_I00000751_P5226_f0003664,V02_S5197_I00000751_P5226,naturalistic/train/0093/0043/V02_S5197_I00000751_P5226,naturalistic/train/0093/0012/V02_S5197_I00000751_P5225,v02_fm3_static_hands,V02,naturalistic,3664,V02,naturalistic,train,grounded_gesture,random draw from V02 files the pipeline sorted into 'fm3_static_hands',"{""audio"": ""present"", ""flags_fired"": ""fm3_static_hands"", ""fm1_ankles_visible_frac"": 0.9995884773662551, ""fm1_knee_between_torso_p50"": 0.636119803738648, ""fm1_shin_verticality_p50"": 0.999999999991545, ""fm2_smplh_valid_frac"": 1.0, ""fm3_static_frac"": 0.7833333333333333, ""fps"": 30.0, ""geom_body_roll_deg"": 0.0, ""observed_duration_s"": 162.0, ""repair_applied"": ""none"", ""reproj_shoulder_widths_p50"": 0.10304796412086478, ""shown_raster"": ""1080x1920"", ""stored_raster"": ""1080x1920"", ""timebase"": ""consistent"", ""timebase_index_drift_s"": 0.0, ""unit_flagged_frac"": 0.0, ""vendor"": ""V02""}",render
r7_181,v02_fm3_static_hands_181_V02_S5321_I00000025_P5270_f0003584,V02_S5321_I00000025_P5270,naturalistic/train/0101/0008/V02_S5321_I00000025_P5270,naturalistic/train/0101/0010/V02_S5321_I00000025_P5210,v02_fm3_static_hands,V02,naturalistic,3584,V02,naturalistic,train,ipc_conversation,random draw from V02 files the pipeline sorted into 'fm3_static_hands',"{""audio"": ""present"", ""flags_fired"": ""fm3_static_hands"", ""fm1_ankles_visible_frac"": 1.0, ""fm1_knee_between_torso_p50"": 0.616596111142212, ""fm1_shin_verticality_p50"": 0.999362855820607, ""fm2_smplh_valid_frac"": 1.0, ""fm3_static_frac"": 0.9786274509803922, ""fps"": 30.0, ""geom_body_roll_deg"": -2.321524231240084, ""observed_duration_s"": 170.0, ""repair_applied"": ""none"", ""reproj_shoulder_widths_p50"": 0.04295040086196848, ""shown_raster"": ""1080x1920"", ""stored_raster"": ""1080x1920"", ""timebase"": ""consistent"", ""timebase_index_drift_s"": 0.0, ""unit_flagged_frac"": 0.0, ""vendor"": ""V02""}",render
r7_182,v02_fm3_static_hands_182_V02_S5079_I00000281_P5103_f0000629,V02_S5079_I00000281_P5103,naturalistic/train/0086/0017/V02_S5079_I00000281_P5103,naturalistic/train/0086/0021/V02_S5079_I00000281_P5102,v02_fm3_static_hands,V02,naturalistic,629,V02,naturalistic,train,ipc_conversation,random draw from V02 files the pipeline sorted into 'fm3_static_hands',"{""audio"": ""present"", ""flags_fired"": ""fm3_static_hands"", ""fm1_ankles_visible_frac"": 1.0, ""fm1_knee_between_torso_p50"": 0.564564434792288, ""fm1_shin_verticality_p50"": 0.9996714309094813, ""fm2_smplh_valid_frac"": 1.0, ""fm3_static_frac"": 0.8841176470588236, ""fps"": 30.0, ""geom_body_roll_deg"": 1.7899110557639348, ""observed_duration_s"": 170.0, ""repair_applied"": ""none"", ""reproj_shoulder_widths_p50"": 0.15981927589722725, ""shown_raster"": ""1080x1920"", ""stored_raster"": ""1080x1920"", ""timebase"": ""consistent"", ""timebase_index_drift_s"": 0.0, ""unit_flagged_frac"": 0.0, ""vendor"": ""V02""}",render
r7_183,v02_fm3_static_hands_183_V02_S5121_I00000184_P5156_f0003408,V02_S5121_I00000184_P5156,naturalistic/train/0088/0035/V02_S5121_I00000184_P5156,naturalistic/train/0088/0041/V02_S5121_I00000184_P5122,v02_fm3_static_hands,V02,naturalistic,3408,V02,naturalistic,train,ipc_conversation,random draw from V02 files the pipeline sorted into 'fm3_static_hands',"{""audio"": ""present"", ""flags_fired"": ""fm3_static_hands"", ""fm1_ankles_visible_frac"": 1.0, ""fm1_knee_between_torso_p50"": 0.6424534760779526, ""fm1_shin_verticality_p50"": 0.9976303298019991, ""fm2_smplh_valid_frac"": 1.0, ""fm3_static_frac"": 0.92015503875969, ""fps"": 30.0, ""geom_body_roll_deg"": 0.8680514497455426, ""observed_duration_s"": 172.0, ""repair_applied"": ""none"", ""reproj_shoulder_widths_p50"": 0.15045983976852895, ""shown_raster"": ""1080x1920"", ""stored_raster"": ""1080x1920"", ""timebase"": ""consistent"", ""timebase_index_drift_s"": 0.0, ""unit_flagged_frac"": 0.0, ""vendor"": ""V02""}",render
r7_184,v02_fm3_static_hands_184_V02_S5059_I00000184_P5071_f0004198,V02_S5059_I00000184_P5071,naturalistic/train/0084/0019/V02_S5059_I00000184_P5071,naturalistic/train/0084/0035/V02_S5059_I00000184_P5072,v02_fm3_static_hands,V02,naturalistic,4198,V02,naturalistic,train,ipc_conversation,random draw from V02 files the pipeline sorted into 'fm3_static_hands',"{""audio"": ""present"", ""flags_fired"": ""fm3_static_hands"", ""fm1_ankles_visible_frac"": 1.0, ""fm1_knee_between_torso_p50"": 0.5248458779820468, ""fm1_shin_verticality_p50"": 0.9995677582714722, ""fm2_smplh_valid_frac"": 1.0, ""fm3_static_frac"": 0.7522988505747127, ""fps"": 30.0, ""geom_body_roll_deg"": 0.7848280325980683, ""observed_duration_s"": 174.0, ""repair_applied"": ""none"", ""reproj_shoulder_widths_p50"": 0.1163483601933929, ""shown_raster"": ""1080x1920"", ""stored_raster"": ""1080x1920"", ""timebase"": ""consistent"", ""timebase_index_drift_s"": 0.0, ""unit_flagged_frac"": 0.0, ""vendor"": ""V02""}",render
r7_185,v02_fm3_static_hands_185_V02_S5280_I00000419_P5270_f0000249,V02_S5280_I00000419_P5270,naturalistic/train/0099/0000/V02_S5280_I00000419_P5270,naturalistic/train/0099/0006/V02_S5280_I00000419_P5262,v02_fm3_static_hands,V02,naturalistic,249,V02,naturalistic,train,ipc_conversation,random draw from V02 files the pipeline sorted into 'fm3_static_hands',"{""audio"": ""present"", ""flags_fired"": ""fm3_static_hands"", ""fm1_ankles_visible_frac"": 0.9525925925925925, ""fm1_knee_between_torso_p50"": 0.6146227801532449, ""fm1_shin_verticality_p50"": 0.9980526061785051, ""fm2_smplh_valid_frac"": 1.0, ""fm3_static_frac"": 0.9729629629629629, ""fps"": 30.0, ""geom_body_roll_deg"": -0.6986991222532364, ""observed_duration_s"": 180.0, ""repair_applied"": ""none"", ""reproj_shoulder_widths_p50"": 0.09990894813197931, ""shown_raster"": ""1080x1920"", ""stored_raster"": ""1080x1920"", ""timebase"": ""consistent"", ""timebase_index_drift_s"": 0.0, ""unit_flagged_frac"": 0.0, ""vendor"": ""V02""}",render
r7_186,v02_fm3_static_hands_186_V02_S5305_I00000303_P5284_f0000815,V02_S5305_I00000303_P5284,naturalistic/train/0101/0024/V02_S5305_I00000303_P5284,naturalistic/train/0101/0041/V02_S5305_I00000303_P5283,v02_fm3_static_hands,V02,naturalistic,815,V02,naturalistic,train,ipc_conversation,random draw from V02 files the pipeline sorted into 'fm3_static_hands',"{""audio"": ""present"", ""flags_fired"": ""fm3_static_hands"", ""fm1_ankles_visible_frac"": 0.5887596899224806, ""fm1_knee_between_torso_p50"": 0.5155504960517604, ""fm1_shin_verticality_p50"": 0.9968152816878617, ""fm2_smplh_valid_frac"": 1.0, ""fm3_static_frac"": 0.9114341085271318, ""fps"": 30.0, ""geom_body_roll_deg"": -1.5074384701304753, ""observed_duration_s"": 172.0, ""repair_applied"": ""none"", ""reproj_shoulder_widths_p50"": 0.0740403884054805, ""shown_raster"": ""1080x1920"", ""stored_raster"": ""1080x1920"", ""timebase"": ""consistent"", ""timebase_index_drift_s"": 0.0, ""unit_flagged_frac"": 0.0, ""vendor"": ""V02""}",render
r7_187,v02_fm3_static_hands_187_V02_S5082_I00000305_P5106_f0001084,V02_S5082_I00000305_P5106,naturalistic/train/0086/0035/V02_S5082_I00000305_P5106,naturalistic/train/0086/0021/V02_S5082_I00000305_P5105,v02_fm3_static_hands,V02,naturalistic,1084,V02,naturalistic,train,ipc_conversation,random draw from V02 files the pipeline sorted into 'fm3_static_hands',"{""audio"": ""present"", ""flags_fired"": ""fm3_static_hands"", ""fm1_ankles_visible_frac"": 1.0, ""fm1_knee_between_torso_p50"": 0.6139993801017753, ""fm1_shin_verticality_p50"": 0.999405991712893, ""fm2_smplh_valid_frac"": 1.0, ""fm3_static_frac"": 0.8969135802469136, ""fps"": 30.0, ""geom_body_roll_deg"": 0.0, ""observed_duration_s"": 162.0, ""repair_applied"": ""none"", ""reproj_shoulder_widths_p50"": 0.1789709382108196, ""shown_raster"": ""1080x1920"", ""stored_raster"": ""1080x1920"", ""timebase"": ""consistent"", ""timebase_index_drift_s"": 0.0, ""unit_flagged_frac"": 0.0, ""vendor"": ""V02""}",render
r7_188,v02_fm3_static_hands_188_V02_S5099_I00000212_P5123_f0002217,V02_S5099_I00000212_P5123,naturalistic/train/0087/0020/V02_S5099_I00000212_P5123,naturalistic/train/0087/0041/V02_S5099_I00000212_P5071,v02_fm3_static_hands,V02,naturalistic,2217,V02,naturalistic,train,ipc_conversation,random draw from V02 files the pipeline sorted into 'fm3_static_hands',"{""audio"": ""present"", ""flags_fired"": ""fm3_static_hands"", ""fm1_ankles_visible_frac"": 0.5724074074074074, ""fm1_knee_between_torso_p50"": 0.6313991771115979, ""fm1_shin_verticality_p50"": 0.9805806835984547, ""fm2_smplh_valid_frac"": 1.0, ""fm3_static_frac"": 0.8157407407407408, ""fps"": 30.0, ""geom_body_roll_deg"": -2.2605042745425354, ""observed_duration_s"": 180.0, ""repair_applied"": ""none"", ""reproj_shoulder_widths_p50"": 0.08337225447709301, ""shown_raster"": ""1080x1920"", ""stored_raster"": ""1080x1920"", ""timebase"": ""consistent"", ""timebase_index_drift_s"": 0.0, ""unit_flagged_frac"": 0.0, ""vendor"": ""V02""}",render
r7_189,v02_fm3_static_hands_189_V02_S5334_I00000282_P5267_f0003321,V02_S5334_I00000282_P5267,naturalistic/train/0102/0006/V02_S5334_I00000282_P5267,naturalistic/train/0102/0012/V02_S5334_I00000282_P5266,v02_fm3_static_hands,V02,naturalistic,3321,V02,naturalistic,train,ipc_conversation,random draw from V02 files the pipeline sorted into 'fm3_static_hands',"{""audio"": ""present"", ""flags_fired"": ""fm3_static_hands"", ""fm1_ankles_visible_frac"": 1.0, ""fm1_knee_between_torso_p50"": 0.6470233207310496, ""fm1_shin_verticality_p50"": 0.9994449069791543, ""fm2_smplh_valid_frac"": 1.0, ""fm3_static_frac"": 0.799468085106383, ""fps"": 30.0, ""geom_body_roll_deg"": -1.6846817841690513, ""observed_duration_s"": 188.0, ""repair_applied"": ""none"", ""reproj_shoulder_widths_p50"": 0.10835610633366125, ""shown_raster"": ""1080x1920"", ""stored_raster"": ""1080x1920"", ""timebase"": ""consistent"", ""timebase_index_drift_s"": 0.0, ""unit_flagged_frac"": 0.0, ""vendor"": ""V02""}",render
r7_190,v02_fm3_static_hands_190_V02_S3245_I00000135_P4107_f0001854,V02_S3245_I00000135_P4107,naturalistic/train/0056/0017/V02_S3245_I00000135_P4107,naturalistic/train/0056/0041/V02_S3245_I00000135_P4129,v02_fm3_static_hands,V02,naturalistic,1854,V02,naturalistic,train,collaborative_storytelling,random draw from V02 files the pipeline sorted into 'fm3_static_hands',"{""audio"": ""present"", ""flags_fired"": ""fm3_static_hands"", ""fm1_ankles_visible_frac"": 0.5775438596491228, ""fm1_knee_between_torso_p50"": 0.6543980200342439, ""fm1_shin_verticality_p50"": 0.9486827286815953, ""fm2_smplh_valid_frac"": 1.0, ""fm3_static_frac"": 0.7626315789473684, ""fps"": 30.0, ""geom_body_roll_deg"": -0.6662007038409208, ""observed_duration_s"": 190.0, ""repair_applied"": ""none"", ""reproj_shoulder_widths_p50"": 0.07153024827629548, ""shown_raster"": ""1080x1920"", ""stored_raster"": ""1080x1920"", ""timebase"": ""consistent"", ""timebase_index_drift_s"": 0.0, ""unit_flagged_frac"": 0.0, ""vendor"": ""V02""}",render
r7_191,v02_fm3_static_hands_191_V02_S5294_I00000405_P5265_f0001477,V02_S5294_I00000405_P5265,naturalistic/train/0100/0033/V02_S5294_I00000405_P5265,naturalistic/train/0100/0010/V02_S5294_I00000405_P5262,v02_fm3_static_hands,V02,naturalistic,1477,V02,naturalistic,train,ipc_conversation,random draw from V02 files the pipeline sorted into 'fm3_static_hands',"{""audio"": ""present"", ""flags_fired"": ""fm3_static_hands"", ""fm1_ankles_visible_frac"": 1.0, ""fm1_knee_between_torso_p50"": 0.5943296865479865, ""fm1_shin_verticality_p50"": 0.9994060018075295, ""fm2_smplh_valid_frac"": 1.0, ""fm3_static_frac"": 0.7684981684981685, ""fps"": 30.0, ""geom_body_roll_deg"": -0.7957201285326652, ""observed_duration_s"": 182.0, ""repair_applied"": ""none"", ""reproj_shoulder_widths_p50"": 0.1452673175872743, ""shown_raster"": ""1080x1920"", ""stored_raster"": ""1080x1920"", ""timebase"": ""consistent"", ""timebase_index_drift_s"": 0.0, ""unit_flagged_frac"": 0.0, ""vendor"": ""V02""}",render
r7_192,v02_multi_192_V02_S3297_I00000461_P4152_f0002910,V02_S3297_I00000461_P4152,naturalistic/train/0059/0020/V02_S3297_I00000461_P4152,naturalistic/train/0059/0052/V02_S3297_I00000461_P4155,v02_multi,V02,naturalistic,2910,V02,naturalistic,train,ipc_conversation,random draw from V02 files the pipeline sorted into 'multi'; positioned on the longest untrusted stretch,"{""audio"": ""present"", ""flags_fired"": ""fm1_sitting+fm2_smplh_invalid"", ""fm1_ankles_visible_frac"": 0.9546666666666667, ""fm1_knee_between_torso_p50"": 0.5828802505915235, ""fm1_shin_verticality_p50"": -0.9883717738863664, ""fm2_smplh_valid_frac"": 0.8095, ""fm3_static_frac"": 0.0085, ""fps"": 30.0, ""geom_body_roll_deg"": 2.411036561729582, ""observed_duration_s"": 200.0, ""repair_applied"": ""none"", ""reproj_shoulder_widths_p50"": 0.1352849849077815, ""shown_raster"": ""1080x1920"", ""stored_raster"": ""1080x1920"", ""timebase"": ""consistent"", ""timebase_index_drift_s"": 0.0, ""unit_flagged_frac"": 1.0, ""vendor"": ""V02""}",render
r7_193,v02_multi_193_V02_S3414_I00000112_P4191_f0004194,V02_S3414_I00000112_P4191,naturalistic/train/0066/0035/V02_S3414_I00000112_P4191,naturalistic/train/0066/0003/V02_S3414_I00000112_P4187,v02_multi,V02,naturalistic,4194,V02,naturalistic,train,ipc_conversation,random draw from V02 files the pipeline sorted into 'multi'; positioned on the longest untrusted stretch,"{""audio"": ""present"", ""flags_fired"": ""fm1_sitting+fm2_smplh_invalid"", ""fm1_ankles_visible_frac"": 0.9966049382716049, ""fm1_knee_between_torso_p50"": 0.5911024501142735, ""fm1_shin_verticality_p50"": -0.7071067811865475, ""fm2_smplh_valid_frac"": 0.8189814814814815, ""fm3_static_frac"": 0.004012345679012346, ""fps"": 30.0, ""geom_body_roll_deg"": 1.157332742226711, ""observed_duration_s"": 216.0, ""repair_applied"": ""none"", ""reproj_shoulder_widths_p50"": 0.12152542150083138, ""shown_raster"": ""1080x1920"", ""stored_raster"": ""1080x1920"", ""timebase"": ""consistent"", ""timebase_index_drift_s"": 0.0, ""unit_flagged_frac"": 1.0, ""vendor"": ""V02""}",render
r7_194,v02_multi_194_V02_S3631_I00000422_P4255_f0003173,V02_S3631_I00000422_P4255,naturalistic/train/0079/0049/V02_S3631_I00000422_P4255,naturalistic/train/0079/0006/V02_S3631_I00000422_P4257,v02_multi,V02,naturalistic,3173,V02,naturalistic,train,ipc_conversation,random draw from V02 files the pipeline sorted into 'multi'; positioned on the longest untrusted stretch,"{""audio"": ""present"", ""flags_fired"": ""fm1_sitting+fm2_smplh_invalid"", ""fm1_ankles_visible_frac"": 0.9950354609929078, ""fm1_knee_between_torso_p50"": 0.5824189612038573, ""fm1_shin_verticality_p50"": -0.832050676553156, ""fm2_smplh_valid_frac"": 0.8129432624113475, ""fm3_static_frac"": 0.000533997864008544, ""fps"": 30.0, ""geom_body_roll_deg"": 1.0708214761388977, ""observed_duration_s"": 188.0, ""repair_applied"": ""none"", ""reproj_shoulder_widths_p50"": 0.13892244305788462, ""shown_raster"": ""1080x1920"", ""stored_raster"": ""1080x1920"", ""timebase"": ""consistent"", ""timebase_index_drift_s"": 0.0, ""unit_flagged_frac"": 1.0, ""vendor"": ""V02""}",render
r7_195,v02_multi_195_V02_S3096_I00000307_P4043_f0001419,V02_S3096_I00000307_P4043,naturalistic/train/0047/0040/V02_S3096_I00000307_P4043,naturalistic/train/0047/0050/V02_S3096_I00000307_P4069,v02_multi,V02,naturalistic,1419,V02,naturalistic,train,ipc_conversation,random draw from V02 files the pipeline sorted into 'multi'; positioned on the longest untrusted stretch,"{""audio"": ""present"", ""flags_fired"": ""fm1_sitting+fm2_smplh_invalid"", ""fm1_ankles_visible_frac"": 1.0, ""fm1_knee_between_torso_p50"": 0.63257857320033, ""fm1_shin_verticality_p50"": -0.9486832980505138, ""fm2_smplh_valid_frac"": 0.9775510204081632, ""fm3_static_frac"": 0.01054421768707483, ""fps"": 30.0, ""geom_body_roll_deg"": 0.6365955370133571, ""observed_duration_s"": 196.0, ""repair_applied"": ""none"", ""reproj_shoulder_widths_p50"": 0.09898670524392697, ""shown_raster"": ""1080x1920"", ""stored_raster"": ""1080x1920"", ""timebase"": ""consistent"", ""timebase_index_drift_s"": 0.0, ""unit_flagged_frac"": 1.0, ""vendor"": ""V02""}",render
r7_196,v02_multi_196_V02_S3480_I00000148_P4211_f0004242,V02_S3480_I00000148_P4211,naturalistic/train/0070/0009/V02_S3480_I00000148_P4211,naturalistic/train/0070/0024/V02_S3480_I00000148_P4196,v02_multi,V02,naturalistic,4242,V02,naturalistic,train,ipc_conversation,random draw from V02 files the pipeline sorted into 'multi'; positioned on the longest untrusted stretch,"{""audio"": ""present"", ""flags_fired"": ""fm1_sitting+fm2_smplh_invalid"", ""fm1_ankles_visible_frac"": 0.8039518900343643, ""fm1_knee_between_torso_p50"": 0.563741719855519, ""fm1_shin_verticality_p50"": -0.7071087973699817, ""fm2_smplh_valid_frac"": 0.761168384879725, ""fm3_static_frac"": 0.5207903780068729, ""fps"": 30.0, ""geom_body_roll_deg"": 0.0, ""observed_duration_s"": 194.0, ""repair_applied"": ""none"", ""reproj_shoulder_widths_p50"": 0.09704457904106153, ""shown_raster"": ""1080x1920"", ""stored_raster"": ""1080x1920"", ""timebase"": ""consistent"", ""timebase_index_drift_s"": 0.0, ""unit_flagged_frac"": 1.0, ""vendor"": ""V02""}",render
r7_197,v02_multi_197_V02_S3541_I00000751_P4194_f0003300,V02_S3541_I00000751_P4194,naturalistic/train/0074/0030/V02_S3541_I00000751_P4194,naturalistic/train/0074/0044/V02_S3541_I00000751_P4226,v02_multi,V02,naturalistic,3300,V02,naturalistic,train,grounded_gesture,random draw from V02 files the pipeline sorted into 'multi'; positioned on the longest untrusted stretch,"{""audio"": ""present"", ""flags_fired"": ""fm1_sitting+fm2_smplh_invalid"", ""fm1_ankles_visible_frac"": 0.9633333333333334, ""fm1_knee_between_torso_p50"": 0.5555261817216581, ""fm1_shin_verticality_p50"": -0.9120887893766702, ""fm2_smplh_valid_frac"": 0.919047619047619, ""fm3_static_frac"": 0.09545563837460928, ""fps"": 30.0, ""geom_body_roll_deg"": -1.1691402928762906, ""observed_duration_s"": 140.0, ""repair_applied"": ""none"", ""reproj_shoulder_widths_p50"": 0.11534972015641204, ""shown_raster"": ""1080x1920"", ""stored_raster"": ""1080x1920"", ""timebase"": ""consistent"", ""timebase_index_drift_s"": 0.0, ""unit_flagged_frac"": 1.0, ""vendor"": ""V02""}",render
r7_198,v02_multi_198_V02_S5025_I00000374_P5018_f0000548,V02_S5025_I00000374_P5018,naturalistic/train/0082/0025/V02_S5025_I00000374_P5018,naturalistic/train/0082/0011/V02_S5025_I00000374_P5033,v02_multi,V02,naturalistic,548,V02,naturalistic,train,ipc_conversation,random draw from V02 files the pipeline sorted into 'multi'; positioned on the longest untrusted stretch,"{""audio"": ""present"", ""flags_fired"": ""fm2_smplh_invalid+fm3_static_hands"", ""fm1_ankles_visible_frac"": 1.0, ""fm1_knee_between_torso_p50"": 0.5596386650864189, ""fm1_shin_verticality_p50"": 0.9993148305177388, ""fm2_smplh_valid_frac"": 0.9958801498127341, ""fm3_static_frac"": 0.7574906367041199, ""fps"": 30.0, ""geom_body_roll_deg"": 0.8069309271398486, ""observed_duration_s"": 178.0, ""repair_applied"": ""none"", ""reproj_shoulder_widths_p50"": 0.06509044306923407, ""shown_raster"": ""1080x1920"", ""stored_raster"": ""1080x1920"", ""timebase"": ""consistent"", ""timebase_index_drift_s"": 0.0, ""unit_flagged_frac"": 0.0, ""vendor"": ""V02""}",render
r7_199,v02_multi_199_V02_S3593_I00000765_P4095_f0004800,V02_S3593_I00000765_P4095,naturalistic/train/0077/0021/V02_S3593_I00000765_P4095,naturalistic/train/0077/0028/V02_S3593_I00000765_P4232,v02_multi,V02,naturalistic,4800,V02,naturalistic,train,grounded_gesture,random draw from V02 files the pipeline sorted into 'multi'; positioned on the longest untrusted stretch,"{""audio"": ""present"", ""flags_fired"": ""fm1_sitting+fm2_smplh_invalid"", ""fm1_ankles_visible_frac"": 0.7736842105263158, ""fm1_knee_between_torso_p50"": 0.5716877901209245, ""fm1_shin_verticality_p50"": 0.8944271909999159, ""fm2_smplh_valid_frac"": 0.9859649122807017, ""fm3_static_frac"": 0.6463157894736842, ""fps"": 30.0, ""geom_body_roll_deg"": -0.6820606075359261, ""observed_duration_s"": 190.0, ""repair_applied"": ""none"", ""reproj_shoulder_widths_p50"": 0.10652212070771327, ""shown_raster"": ""1080x1920"", ""stored_raster"": ""1080x1920"", ""timebase"": ""consistent"", ""timebase_index_drift_s"": 0.0, ""unit_flagged_frac"": 0.5, ""vendor"": ""V02""}",render
r7_200,v02_multi_200_V02_S3594_I00000209_P4227_f0000446,V02_S3594_I00000209_P4227,naturalistic/train/0077/0022/V02_S3594_I00000209_P4227,naturalistic/train/0077/0035/V02_S3594_I00000209_P4244,v02_multi,V02,naturalistic,446,V02,naturalistic,train,ipc_conversation,random draw from V02 files the pipeline sorted into 'multi'; positioned on the longest untrusted stretch,"{""audio"": ""present"", ""flags_fired"": ""fm1_sitting+fm2_smplh_invalid"", ""fm1_ankles_visible_frac"": 0.8744897959183674, ""fm1_knee_between_torso_p50"": 0.5866116663151157, ""fm1_shin_verticality_p50"": -0.7071132784486558, ""fm2_smplh_valid_frac"": 0.9236394557823129, ""fm3_static_frac"": 0.007823129251700681, ""fps"": 30.0, ""geom_body_roll_deg"": 1.259043738926897, ""observed_duration_s"": 196.0, ""repair_applied"": ""none"", ""reproj_shoulder_widths_p50"": 0.11021586191414826, ""shown_raster"": ""1080x1920"", ""stored_raster"": ""1080x1920"", ""timebase"": ""consistent"", ""timebase_index_drift_s"": 0.0, ""unit_flagged_frac"": 1.0, ""vendor"": ""V02""}",render
r7_201,v02_multi_201_V02_S3448_I00000732_P4187_f0002160,V02_S3448_I00000732_P4187,naturalistic/train/0068/0039/V02_S3448_I00000732_P4187,naturalistic/train/0068/0007/V02_S3448_I00000732_P4201,v02_multi,V02,naturalistic,2160,V02,naturalistic,train,grounded_gesture,random draw from V02 files the pipeline sorted into 'multi'; positioned on the longest untrusted stretch,"{""audio"": ""present"", ""flags_fired"": ""fm1_sitting+fm2_smplh_invalid"", ""fm1_ankles_visible_frac"": 0.965359477124183, ""fm1_knee_between_torso_p50"": 0.565505404075795, ""fm1_shin_verticality_p50"": -0.24253313698835824, ""fm2_smplh_valid_frac"": 0.9898692810457517, ""fm3_static_frac"": 0.3503267973856209, ""fps"": 30.0, ""geom_body_roll_deg"": 0.5672688403548563, ""observed_duration_s"": 102.0, ""repair_applied"": ""none"", ""reproj_shoulder_widths_p50"": 0.1372929853014403, ""shown_raster"": ""1080x1920"", ""stored_raster"": ""1080x1920"", ""timebase"": ""consistent"", ""timebase_index_drift_s"": 0.0, ""unit_flagged_frac"": 0.5, ""vendor"": ""V02""}",render
r7_202,v02_multi_202_V02_S3432_I00000282_P4175_f0002133,V02_S3432_I00000282_P4175,naturalistic/train/0067/0027/V02_S3432_I00000282_P4175,naturalistic/train/0067/0049/V02_S3432_I00000282_P4197,v02_multi,V02,naturalistic,2133,V02,naturalistic,train,ipc_conversation,random draw from V02 files the pipeline sorted into 'multi'; positioned on the longest untrusted stretch,"{""audio"": ""present"", ""flags_fired"": ""fm1_sitting+fm2_smplh_invalid"", ""fm1_ankles_visible_frac"": 0.8648333333333333, ""fm1_knee_between_torso_p50"": 0.630207016543826, ""fm1_shin_verticality_p50"": -0.7071067811865476, ""fm2_smplh_valid_frac"": 0.998, ""fm3_static_frac"": 0.038, ""fps"": 30.0, ""geom_body_roll_deg"": -3.077460732937429, ""observed_duration_s"": 200.0, ""repair_applied"": ""none"", ""reproj_shoulder_widths_p50"": 0.11127064970383968, ""shown_raster"": ""1080x1920"", ""stored_raster"": ""1080x1920"", ""timebase"": ""consistent"", ""timebase_index_drift_s"": 0.0, ""unit_flagged_frac"": 1.0, ""vendor"": ""V02""}",render
r7_203,v02_multi_203_V02_S3529_I00000335_P4191_f0004740,V02_S3529_I00000335_P4191,naturalistic/train/0073/0039/V02_S3529_I00000335_P4191,naturalistic/train/0073/0034/V02_S3529_I00000335_P4214,v02_multi,V02,naturalistic,4740,V02,naturalistic,train,ipc_conversation,random draw from V02 files the pipeline sorted into 'multi'; positioned on the longest untrusted stretch,"{""audio"": ""present"", ""flags_fired"": ""fm1_sitting+fm2_smplh_invalid"", ""fm1_ankles_visible_frac"": 0.8044326241134752, ""fm1_knee_between_torso_p50"": 0.6032979539135306, ""fm1_shin_verticality_p50"": -0.707108896679765, ""fm2_smplh_valid_frac"": 0.9104609929078015, ""fm3_static_frac"": 0.2797872340425532, ""fps"": 30.0, ""geom_body_roll_deg"": -1.827969779693064, ""observed_duration_s"": 188.0, ""repair_applied"": ""none"", ""reproj_shoulder_widths_p50"": 0.11985629097621894, ""shown_raster"": ""1080x1920"", ""stored_raster"": ""1080x1920"", ""timebase"": ""consistent"", ""timebase_index_drift_s"": 0.0, ""unit_flagged_frac"": 0.5, ""vendor"": ""V02""}",render
r7_204,v02_multi_204_V02_S3614_I00000333_P4234_f0004083,V02_S3614_I00000333_P4234,naturalistic/train/0078/0001/V02_S3614_I00000333_P4234,naturalistic/train/0078/0039/V02_S3614_I00000333_P4174,v02_multi,V02,naturalistic,4083,V02,naturalistic,train,ipc_conversation,random draw from V02 files the pipeline sorted into 'multi'; positioned on the longest untrusted stretch,"{""audio"": ""present"", ""flags_fired"": ""fm1_sitting+fm2_smplh_invalid"", ""fm1_ankles_visible_frac"": 0.7558052434456929, ""fm1_knee_between_torso_p50"": 0.5735473694402127, ""fm1_shin_verticality_p50"": -0.8944305662478098, ""fm2_smplh_valid_frac"": 0.9732209737827715, ""fm3_static_frac"": 0.0, ""fps"": 30.0, ""geom_body_roll_deg"": -2.4628132693136138, ""observed_duration_s"": 178.0, ""repair_applied"": ""none"", ""reproj_shoulder_widths_p50"": 0.1003998410027688, ""shown_raster"": ""1080x1920"", ""stored_raster"": ""1080x1920"", ""timebase"": ""consistent"", ""timebase_index_drift_s"": 0.0, ""unit_flagged_frac"": 1.0, ""vendor"": ""V02""}",render
r7_205,v03_pass_205_V03_S0934_I00000027_P2707_f0002405,V03_S0934_I00000027_P2707,naturalistic/train/0130/0049/V03_S0934_I00000027_P2707,naturalistic/train/0130/0024/V03_S0934_I00000027_P2699,v03_pass,V03,naturalistic,2405,V03,naturalistic,train,ipc_conversation,random draw from V03 files the pipeline sorted into 'pass',"{""audio"": ""present"", ""flags_fired"": ""none"", ""fm1_ankles_visible_frac"": 1.0, ""fm1_knee_between_torso_p50"": 0.4444026705465107, ""fm1_shin_verticality_p50"": 0.9996714283983248, ""fm2_smplh_valid_frac"": 1.0, ""fm3_static_frac"": 0.39806013579049465, ""fps"": 29.97, ""geom_body_roll_deg"": -1.909162765156567, ""observed_duration_s"": 172.0048, ""repair_applied"": ""none"", ""reproj_shoulder_widths_p50"": 0.16726782845771507, ""shown_raster"": ""2160x3840"", ""stored_raster"": ""2160x3840"", ""timebase"": ""consistent"", ""timebase_index_drift_s"": 0.03336666666666667, ""unit_flagged_frac"": 0.0, ""vendor"": ""V03""}",render
r7_206,v03_pass_206_V03_S0100_I00000135_P1125_f0001882,V03_S0100_I00000135_P1125,naturalistic/train/0105/0062/V03_S0100_I00000135_P1125,naturalistic/train/0105/0139/V03_S0100_I00000135_P1225,v03_pass,V03,naturalistic,1882,V03,naturalistic,train,collaborative_storytelling,random draw from V03 files the pipeline sorted into 'pass',"{""audio"": ""present"", ""flags_fired"": ""none"", ""fm1_ankles_visible_frac"": 1.0, ""fm1_knee_between_torso_p50"": 0.5702081891656763, ""fm1_shin_verticality_p50"": 0.9997166737441361, ""fm2_smplh_valid_frac"": 1.0, ""fm3_static_frac"": 0.0002527805864509606, ""fps"": 29.97, ""geom_body_roll_deg"": -7.348650214281699e-06, ""observed_duration_s"": 132.031533, ""repair_applied"": ""none"", ""reproj_shoulder_widths_p50"": 0.18481497535752078, ""shown_raster"": ""2160x3840"", ""stored_raster"": ""2160x3840"", ""timebase"": ""consistent"", ""timebase_index_drift_s"": 0.0, ""unit_flagged_frac"": 0.0, ""vendor"": ""V03""}",render
r7_207,v03_pass_207_V03_S0251_I00000788_P1606_f0006792,V03_S0251_I00000788_P1606,improvised/dev/0001/0044/V03_S0251_I00000788_P1606,improvised/dev/0001/0058/V03_S0251_I00000788_P1607,v03_pass,V03,improvised,6792,V03,improvised,dev,grounded_gesture,random draw from V03 files the pipeline sorted into 'pass',"{""audio"": ""present"", ""flags_fired"": ""none"", ""fm1_ankles_visible_frac"": 1.0, ""fm1_knee_between_torso_p50"": 0.5444777352197848, ""fm1_shin_verticality_p50"": 0.9989200817984852, ""fm2_smplh_valid_frac"": 1.0, ""fm3_static_frac"": 0.07105355267763389, ""fps"": 29.97, ""geom_body_roll_deg"": 2.8623946949543067, ""observed_duration_s"": 286.0187, ""repair_applied"": ""none"", ""reproj_shoulder_widths_p50"": 0.06418624403184511, ""shown_raster"": ""2160x3840"", ""stored_raster"": ""2160x3840"", ""timebase"": ""consistent"", ""timebase_index_drift_s"": 0.0, ""unit_flagged_frac"": 0.0, ""vendor"": ""V03""}",render
r7_208,v03_pass_208_V03_S0112_I00000371_P1248_f0002201,V03_S0112_I00000371_P1248,improvised/train/0062/0029/V03_S0112_I00000371_P1248,improvised/train/0062/0012/V03_S0112_I00000371_P1000,v03_pass,V03,improvised,2201,V03,improvised,train,ipc_conversation,random draw from V03 files the pipeline sorted into 'pass',"{""audio"": ""present"", ""flags_fired"": ""none"", ""fm1_ankles_visible_frac"": 1.0, ""fm1_knee_between_torso_p50"": 0.5662801537035633, ""fm1_shin_verticality_p50"": 0.9973337206581783, ""fm2_smplh_valid_frac"": 1.0, ""fm3_static_frac"": 0.018658055256548258, ""fps"": 29.97, ""geom_body_roll_deg"": -8.600660357755696e-06, ""observed_duration_s"": 186.019167, ""repair_applied"": ""none"", ""reproj_shoulder_widths_p50"": 0.1715700040454022, ""shown_raster"": ""2160x3840"", ""stored_raster"": ""2160x3840"", ""timebase"": ""consistent"", ""timebase_index_drift_s"": -0.03336666666666667, ""unit_flagged_frac"": 0.0, ""vendor"": ""V03""}",render
r7_209,v03_pass_209_V03_S0519_I00000479_P2003_f0004530,V03_S0519_I00000479_P2003,naturalistic/train/0123/0101/V03_S0519_I00000479_P2003,naturalistic/train/0123/0076/V03_S0519_I00000479_P1993,v03_pass,V03,naturalistic,4530,V03,naturalistic,train,ipc_conversation,random draw from V03 files the pipeline sorted into 'pass',"{""audio"": ""present"", ""flags_fired"": ""none"", ""fm1_ankles_visible_frac"": 1.0, ""fm1_knee_between_torso_p50"": 0.5708009902643562, ""fm1_shin_verticality_p50"": 0.9988681450006884, ""fm2_smplh_valid_frac"": 1.0, ""fm3_static_frac"": 0.541095890410959, ""fps"": 29.97, ""geom_body_roll_deg"": 1.6365717863010407, ""observed_duration_s"": 190.0228, ""repair_applied"": ""none"", ""reproj_shoulder_widths_p50"": 0.17373683653933816, ""shown_raster"": ""2160x3840"", ""stored_raster"": ""2160x3840"", ""timebase"": ""consistent"", ""timebase_index_drift_s"": 0.0, ""unit_flagged_frac"": 0.0, ""vendor"": ""V03""}",render
r7_210,v03_pass_210_V03_S0064_I00000374_P1139_f0000984,V03_S0064_I00000374_P1139,naturalistic/train/0104/0067/V03_S0064_I00000374_P1139,naturalistic/train/0104/0015/V03_S0064_I00000374_P1137,v03_pass,V03,naturalistic,984,V03,naturalistic,train,ipc_conversation,random draw from V03 files the pipeline sorted into 'pass',"{""audio"": ""present"", ""flags_fired"": ""none"", ""fm1_ankles_visible_frac"": 1.0, ""fm1_knee_between_torso_p50"": 0.5226287319265268, ""fm1_shin_verticality_p50"": 0.9990561557981588, ""fm2_smplh_valid_frac"": 1.0, ""fm3_static_frac"": 0.17071590540978296, ""fps"": 29.97, ""geom_body_roll_deg"": -2.0825698190378876, ""observed_duration_s"": 206.005433, ""repair_applied"": ""none"", ""reproj_shoulder_widths_p50"": 0.08097573037110004, ""shown_raster"": ""2160x3840"", ""stored_raster"": ""2160x3840"", ""timebase"": ""consistent"", ""timebase_index_drift_s"": 0.03336666666666667, ""unit_flagged_frac"": 0.0, ""vendor"": ""V03""}",render
r7_211,v03_pass_211_V03_S0684_I00000388_P2446_f0003218,V03_S0684_I00000388_P2446,naturalistic/train/0124/0048/V03_S0684_I00000388_P2446,naturalistic/train/0124/0021/V03_S0684_I00000388_P2448,v03_pass,V03,naturalistic,3218,V03,naturalistic,train,ipc_conversation,random draw from V03 files the pipeline sorted into 'pass',"{""audio"": ""present"", ""flags_fired"": ""none"", ""fm1_ankles_visible_frac"": 0.004223864836325237, ""fm1_knee_between_torso_p50"": 0.6295272693909241, ""fm1_shin_verticality_p50"": 0.9938837197751373, ""fm2_smplh_valid_frac"": 1.0, ""fm3_static_frac"": 0.4192185850052798, ""fps"": 29.97, ""geom_body_roll_deg"": -7.59463402869551, ""observed_duration_s"": 158.024167, ""repair_applied"": ""none"", ""reproj_shoulder_widths_p50"": 0.14875964501572592, ""shown_raster"": ""2160x3840"", ""stored_raster"": ""2160x3840"", ""timebase"": ""consistent"", ""timebase_index_drift_s"": 0.0, ""unit_flagged_frac"": 0.0, ""vendor"": ""V03""}",render
r7_212,v03_pass_212_V03_S1836_I00000300_P1965_f0000655,V03_S1836_I00000300_P1965,naturalistic/train/0169/0046/V03_S1836_I00000300_P1965,naturalistic/train/0169/0141/V03_S1836_I00000300_P4090,v03_pass,V03,naturalistic,655,V03,naturalistic,train,grounded_gesture,random draw from V03 files the pipeline sorted into 'pass',"{""audio"": ""present"", ""flags_fired"": ""none"", ""fm1_ankles_visible_frac"": 1.0, ""fm1_knee_between_torso_p50"": 0.5563522705536424, ""fm1_shin_verticality_p50"": 0.9958932159217857, ""fm2_smplh_valid_frac"": 1.0, ""fm3_static_frac"": 0.07905711695376247, ""fps"": 29.97, ""geom_body_roll_deg"": 0.9548346865145737, ""observed_duration_s"": 184.017167, ""repair_applied"": ""none"", ""reproj_shoulder_widths_p50"": 0.05631049304880979, ""shown_raster"": ""2160x3840"", ""stored_raster"": ""2160x3840"", ""timebase"": ""consistent"", ""timebase_index_drift_s"": 0.0, ""unit_flagged_frac"": 0.0, ""vendor"": ""V03""}",render
r7_213,v03_pass_213_V03_S0701_I00000070_P2024_f0000368,V03_S0701_I00000070_P2024,naturalistic/train/0125/0105/V03_S0701_I00000070_P2024,naturalistic/train/0125/0002/V03_S0701_I00000070_P2051,v03_pass,V03,naturalistic,368,V03,naturalistic,train,collaborative_storytelling,random draw from V03 files the pipeline sorted into 'pass',"{""audio"": ""present"", ""flags_fired"": ""none"", ""fm1_ankles_visible_frac"": 1.0, ""fm1_knee_between_torso_p50"": 0.5334118823757361, ""fm1_shin_verticality_p50"": 0.9966846088462444, ""fm2_smplh_valid_frac"": 1.0, ""fm3_static_frac"": 0.5257182576459685, ""fps"": 29.97, ""geom_body_roll_deg"": -1.058696683885688e-05, ""observed_duration_s"": 144.010533, ""repair_applied"": ""none"", ""reproj_shoulder_widths_p50"": 0.09452973480096696, ""shown_raster"": ""2160x3840"", ""stored_raster"": ""2160x3840"", ""timebase"": ""consistent"", ""timebase_index_drift_s"": 0.0, ""unit_flagged_frac"": 0.0, ""vendor"": ""V03""}",render
r7_214,v03_pass_214_V03_S1902_I00000197_P4672_f0001977,V03_S1902_I00000197_P4672,naturalistic/train/0171/0006/V03_S1902_I00000197_P4672,naturalistic/train/0171/0086/V03_S1902_I00000197_P4663,v03_pass,V03,naturalistic,1977,V03,naturalistic,train,ipc_conversation,random draw from V03 files the pipeline sorted into 'pass',"{""audio"": ""present"", ""flags_fired"": ""none"", ""fm1_ankles_visible_frac"": 0.8110893032384691, ""fm1_knee_between_torso_p50"": 0.5679789779799261, ""fm1_shin_verticality_p50"": 0.9982743751579236, ""fm2_smplh_valid_frac"": 1.0, ""fm3_static_frac"": 0.002208047105004907, ""fps"": 29.97, ""geom_body_roll_deg"": 3.136356507537145, ""observed_duration_s"": 272.005067, ""repair_applied"": ""none"", ""reproj_shoulder_widths_p50"": 0.19682617617701653, ""shown_raster"": ""2160x3840"", ""stored_raster"": ""2160x3840"", ""timebase"": ""consistent"", ""timebase_index_drift_s"": 0.0, ""unit_flagged_frac"": 0.0, ""vendor"": ""V03""}",render
r7_215,v03_pass_215_V03_S1672_I00000347_P4802_f0000725,V03_S1672_I00000347_P4802,naturalistic/train/0162/0138/V03_S1672_I00000347_P4802,naturalistic/train/0162/0136/V03_S1672_I00000347_P4792,v03_pass,V03,naturalistic,725,V03,naturalistic,train,grounded_gesture,random draw from V03 files the pipeline sorted into 'pass',"{""audio"": ""present"", ""flags_fired"": ""none"", ""fm1_ankles_visible_frac"": 1.0, ""fm1_knee_between_torso_p50"": 0.5588206276310679, ""fm1_shin_verticality_p50"": 0.9996714342573614, ""fm2_smplh_valid_frac"": 1.0, ""fm3_static_frac"": 0.47752808988764045, ""fps"": 29.97, ""geom_body_roll_deg"": 1.9091494203975434, ""observed_duration_s"": 196.029167, ""repair_applied"": ""none"", ""reproj_shoulder_widths_p50"": 0.16539630882062145, ""shown_raster"": ""2160x3840"", ""stored_raster"": ""2160x3840"", ""timebase"": ""consistent"", ""timebase_index_drift_s"": -0.03336666666666667, ""unit_flagged_frac"": 0.0, ""vendor"": ""V03""}",render
r7_216,v03_pass_216_V03_S1873_I00000410_P3754_f0004111,V03_S1873_I00000410_P3754,naturalistic/train/0170/0095/V03_S1873_I00000410_P3754,naturalistic/train/0170/0131/V03_S1873_I00000410_P3046,v03_pass,V03,naturalistic,4111,V03,naturalistic,train,ipc_conversation,random draw from V03 files the pipeline sorted into 'pass',"{""audio"": ""present"", ""flags_fired"": ""none"", ""fm1_ankles_visible_frac"": 0.9218133197504138, ""fm1_knee_between_torso_p50"": 0.6206844631098843, ""fm1_shin_verticality_p50"": 0.999541183775168, ""fm2_smplh_valid_frac"": 1.0, ""fm3_static_frac"": 0.40201196994779065, ""fps"": 29.966, ""geom_body_roll_deg"": -2.5637672528617634, ""observed_duration_s"": 262.028433, ""repair_applied"": ""none"", ""reproj_shoulder_widths_p50"": 0.13880103069420185, ""shown_raster"": ""2160x3840"", ""stored_raster"": ""2160x3840"", ""timebase"": ""consistent"", ""timebase_index_drift_s"": 0.03336666666666667, ""unit_flagged_frac"": 0.0, ""vendor"": ""V03""}",render
r7_217,v03_pass_217_V03_S0497_I00000432_P2433_f0002300,V03_S0497_I00000432_P2433,naturalistic/train/0122/0063/V03_S0497_I00000432_P2433,naturalistic/train/0122/0052/V03_S0497_I00000432_P1540,v03_pass,V03,naturalistic,2300,V03,naturalistic,train,ipc_conversation,random draw from V03 files the pipeline sorted into 'pass',"{""audio"": ""present"", ""flags_fired"": ""none"", ""fm1_ankles_visible_frac"": 0.9950932286555446, ""fm1_knee_between_torso_p50"": 0.5946194559840206, ""fm1_shin_verticality_p50"": 0.9995920866394132, ""fm2_smplh_valid_frac"": 1.0, ""fm3_static_frac"": 0.25986261040235525, ""fps"": 29.97, ""geom_body_roll_deg"": 0.0, ""observed_duration_s"": 170.003167, ""repair_applied"": ""none"", ""reproj_shoulder_widths_p50"": 0.17329480785229628, ""shown_raster"": ""2160x3840"", ""stored_raster"": ""2160x3840"", ""timebase"": ""consistent"", ""timebase_index_drift_s"": 0.0, ""unit_flagged_frac"": 0.0, ""vendor"": ""V03""}",render
r7_218,v03_fm1_sitting_218_V03_S2102_I00000017_P5457_f0007889,V03_S2102_I00000017_P5457,naturalistic/train/0179/0082/V03_S2102_I00000017_P5457,naturalistic/train/0179/0092/V03_S2102_I00000017_P5336,v03_fm1_sitting,V03,naturalistic,7889,V03,naturalistic,train,ipc_conversation,random draw from V03 files the pipeline sorted into 'fm1_sitting',"{""audio"": ""present"", ""flags_fired"": ""fm1_sitting"", ""fm1_ankles_visible_frac"": 1.0, ""fm1_knee_between_torso_p50"": 0.38003149226654187, ""fm1_shin_verticality_p50"": 0.9965457518927783, ""fm2_smplh_valid_frac"": 1.0, ""fm3_static_frac"": 0.09368315984600029, ""fps"": 29.97, ""geom_body_roll_deg"": 1.8183040336396281, ""observed_duration_s"": 468.0005, ""repair_applied"": ""none"", ""reproj_shoulder_widths_p50"": 0.09640886202003937, ""shown_raster"": ""2160x3840"", ""stored_raster"": ""2160x3840"", ""timebase"": ""consistent"", ""timebase_index_drift_s"": 0.03336666666666667, ""unit_flagged_frac"": 0.5, ""vendor"": ""V03""}",render
r7_219,v03_fm1_sitting_219_V03_S1302_I00000140_P3821_f0000576,V03_S1302_I00000140_P3821,improvised/train/0066/0026/V03_S1302_I00000140_P3821,improvised/train/0066/0078/V03_S1302_I00000140_P2024,v03_fm1_sitting,V03,improvised,576,V03,improvised,train,ipc_conversation,random draw from V03 files the pipeline sorted into 'fm1_sitting',"{""audio"": ""present"", ""flags_fired"": ""fm1_sitting"", ""fm1_ankles_visible_frac"": 1.0, ""fm1_knee_between_torso_p50"": 0.3401687439740115, ""fm1_shin_verticality_p50"": 0.9965457416883365, ""fm2_smplh_valid_frac"": 1.0, ""fm3_static_frac"": 0.15661103979460847, ""fps"": 29.97, ""geom_body_roll_deg"": 0.8814053223645356, ""observed_duration_s"": 52.018633, ""repair_applied"": ""none"", ""reproj_shoulder_widths_p50"": 0.10153690849955124, ""shown_raster"": ""2160x3840"", ""stored_raster"": ""2160x3840"", ""timebase"": ""consistent"", ""timebase_index_drift_s"": -0.03336666666666667, ""unit_flagged_frac"": 1.0, ""vendor"": ""V03""}",render
r7_220,v03_fm1_sitting_220_V03_S1694_I00000784_P4683_f0004033,V03_S1694_I00000784_P4683,improvised/train/0068/0072/V03_S1694_I00000784_P4683,improvised/train/0068/0139/V03_S1694_I00000784_P2024,v03_fm1_sitting,V03,improvised,4033,V03,improvised,train,grounded_gesture,random draw from V03 files the pipeline sorted into 'fm1_sitting',"{""audio"": ""present"", ""flags_fired"": ""fm1_sitting"", ""fm1_ankles_visible_frac"": 1.0, ""fm1_knee_between_torso_p50"": 0.41530927182801713, ""fm1_shin_verticality_p50"": 0.9961298625072414, ""fm2_smplh_valid_frac"": 1.0, ""fm3_static_frac"": 0.00045495905368516835, ""fps"": 29.97, ""geom_body_roll_deg"": 0.0, ""observed_duration_s"": 220.0198, ""repair_applied"": ""none"", ""reproj_shoulder_widths_p50"": 0.11042181345155563, ""shown_raster"": ""2160x3840"", ""stored_raster"": ""2160x3840"", ""timebase"": ""consistent"", ""timebase_index_drift_s"": 0.0, ""unit_flagged_frac"": 1.0, ""vendor"": ""V03""}",render
r7_221,v03_fm1_sitting_221_V03_S1480_I00000140_P3510_f0002024,V03_S1480_I00000140_P3510,improvised/train/0067/0000/V03_S1480_I00000140_P3510,improvised/train/0067/0011/V03_S1480_I00000140_P4178,v03_fm1_sitting,V03,improvised,2024,V03,improvised,train,ipc_conversation,random draw from V03 files the pipeline sorted into 'fm1_sitting',"{""audio"": ""present"", ""flags_fired"": ""fm1_sitting"", ""fm1_ankles_visible_frac"": 1.0, ""fm1_knee_between_torso_p50"": 0.39900860977037933, ""fm1_shin_verticality_p50"": 0.9887154850630485, ""fm2_smplh_valid_frac"": 1.0, ""fm3_static_frac"": 0.6354280368002495, ""fps"": 29.97, ""geom_body_roll_deg"": -1.9091620484514424, ""observed_duration_s"": 214.0138, ""repair_applied"": ""none"", ""reproj_shoulder_widths_p50"": 0.07143851627459333, ""shown_raster"": ""2160x3840"", ""stored_raster"": ""2160x3840"", ""timebase"": ""consistent"", ""timebase_index_drift_s"": -0.03336666666666667, ""unit_flagged_frac"": 1.0, ""vendor"": ""V03""}",render
r7_222,v03_fm1_sitting_222_V03_S1684_I00000079_P4821_f0003735,V03_S1684_I00000079_P4821,naturalistic/train/0162/0042/V03_S1684_I00000079_P4821,naturalistic/train/0162/0081/V03_S1684_I00000079_P4351,v03_fm1_sitting,V03,naturalistic,3735,V03,naturalistic,train,ipc_conversation,random draw from V03 files the pipeline sorted into 'fm1_sitting',"{""audio"": ""present"", ""flags_fired"": ""fm1_sitting"", ""fm1_ankles_visible_frac"": 1.0, ""fm1_knee_between_torso_p50"": 0.21310334847313184, ""fm1_shin_verticality_p50"": 0.9980525823178058, ""fm2_smplh_valid_frac"": 1.0, ""fm3_static_frac"": 0.5421059655678634, ""fps"": 29.97, ""geom_body_roll_deg"": -6.5710268522579925e-06, ""observed_duration_s"": 250.016067, ""repair_applied"": ""none"", ""reproj_shoulder_widths_p50"": 0.06747668059504307, ""shown_raster"": ""2160x3840"", ""stored_raster"": ""2160x3840"", ""timebase"": ""consistent"", ""timebase_index_drift_s"": 0.03336666666666667, ""unit_flagged_frac"": 1.0, ""vendor"": ""V03""}",render
r7_223,v03_fm1_sitting_223_V03_S1461_I00000000_P4714_f0000066,V03_S1461_I00000000_P4714,naturalistic/train/0152/0160/V03_S1461_I00000000_P4714,naturalistic/train/0152/0110/V03_S1461_I00000000_P4379,v03_fm1_sitting,V03,naturalistic,66,V03,naturalistic,train,ipc_conversation,random draw from V03 files the pipeline sorted into 'fm1_sitting',"{""audio"": ""present"", ""flags_fired"": ""fm1_sitting"", ""fm1_ankles_visible_frac"": 1.0, ""fm1_knee_between_torso_p50"": 0.42855261828443825, ""fm1_shin_verticality_p50"": 0.982338548117728, ""fm2_smplh_valid_frac"": 1.0, ""fm3_static_frac"": 0.44555656657567483, ""fps"": 29.97, ""geom_body_roll_deg"": 2.045413406319958, ""observed_duration_s"": 110.0099, ""repair_applied"": ""none"", ""reproj_shoulder_widths_p50"": 0.07893815078965276, ""shown_raster"": ""2160x3840"", ""stored_raster"": ""2160x3840"", ""timebase"": ""consistent"", ""timebase_index_drift_s"": 0.0, ""unit_flagged_frac"": 1.0, ""vendor"": ""V03""}",render
r7_224,v03_fm1_sitting_224_V03_S1230_I00000785_P2024_f0000084,V03_S1230_I00000785_P2024,improvised/train/0066/0093/V03_S1230_I00000785_P2024,improvised/train/0066/0050/V03_S1230_I00000785_P3520,v03_fm1_sitting,V03,improvised,84,V03,improvised,train,grounded_gesture,random draw from V03 files the pipeline sorted into 'fm1_sitting',"{""audio"": ""present"", ""flags_fired"": ""fm1_sitting"", ""fm1_ankles_visible_frac"": 1.0, ""fm1_knee_between_torso_p50"": 0.4119669314027717, ""fm1_shin_verticality_p50"": 0.9934089334164838, ""fm2_smplh_valid_frac"": 1.0, ""fm3_static_frac"": 0.011821974965229486, ""fps"": 29.97, ""geom_body_roll_deg"": -1.6846839398364337, ""observed_duration_s"": 48.014267, ""repair_applied"": ""none"", ""reproj_shoulder_widths_p50"": 0.0802800877308905, ""shown_raster"": ""2160x3840"", ""stored_raster"": ""2160x3840"", ""timebase"": ""consistent"", ""timebase_index_drift_s"": 0.0, ""unit_flagged_frac"": 1.0, ""vendor"": ""V03""}",render
r7_225,v03_fm1_sitting_225_V03_S1843_I00000542_P2967_f0001002,V03_S1843_I00000542_P2967,improvised/train/0069/0055/V03_S1843_I00000542_P2967,improvised/train/0069/0056/V03_S1843_I00000542_P4712,v03_fm1_sitting,V03,improvised,1002,V03,improvised,train,ipc_conversation,random draw from V03 files the pipeline sorted into 'fm1_sitting',"{""audio"": ""present"", ""flags_fired"": ""fm1_sitting"", ""fm1_ankles_visible_frac"": 1.0, ""fm1_knee_between_torso_p50"": 0.1443869869799039, ""fm1_shin_verticality_p50"": 0.9730803211118743, ""fm2_smplh_valid_frac"": 1.0, ""fm3_static_frac"": 0.6698858647936786, ""fps"": 29.97, ""geom_body_roll_deg"": 1.0809227100925611, ""observed_duration_s"": 190.023167, ""repair_applied"": ""none"", ""reproj_shoulder_widths_p50"": 0.053861448420253345, ""shown_raster"": ""2160x3840"", ""stored_raster"": ""2160x3840"", ""timebase"": ""consistent"", ""timebase_index_drift_s"": 0.0, ""unit_flagged_frac"": 1.0, ""vendor"": ""V03""}",render
r7_226,v03_fm1_sitting_226_V03_S1473_I00000408_P4040_f0006712,V03_S1473_I00000408_P4040,naturalistic/train/0152/0120/V03_S1473_I00000408_P4040,naturalistic/train/0152/0063/V03_S1473_I00000408_P2672,v03_fm1_sitting,V03,naturalistic,6712,V03,naturalistic,train,ipc_conversation,random draw from V03 files the pipeline sorted into 'fm1_sitting',"{""audio"": ""present"", ""flags_fired"": ""fm1_sitting"", ""fm1_ankles_visible_frac"": 1.0, ""fm1_knee_between_torso_p50"": 0.413613288062615, ""fm1_shin_verticality_p50"": 0.9863939643523433, ""fm2_smplh_valid_frac"": 1.0, ""fm3_static_frac"": 0.5070219661505222, ""fps"": 29.97, ""geom_body_roll_deg"": 0.9093797397960646, ""observed_duration_s"": 278.0107, ""repair_applied"": ""none"", ""reproj_shoulder_widths_p50"": 0.07267569377266615, ""shown_raster"": ""2160x3840"", ""stored_raster"": ""2160x3840"", ""timebase"": ""consistent"", ""timebase_index_drift_s"": 0.0, ""unit_flagged_frac"": 1.0, ""vendor"": ""V03""}",render
r7_227,v03_fm1_sitting_227_V03_S2019_I00000006_P5456_f0002794,V03_S2019_I00000006_P5456,naturalistic/train/0176/0107/V03_S2019_I00000006_P5456,naturalistic/train/0176/0014/V03_S2019_I00000006_P5303,v03_fm1_sitting,V03,naturalistic,2794,V03,naturalistic,train,ipc_conversation,random draw from V03 files the pipeline sorted into 'fm1_sitting',"{""audio"": ""present"", ""flags_fired"": ""fm1_sitting"", ""fm1_ankles_visible_frac"": 1.0, ""fm1_knee_between_torso_p50"": 0.43336658200302947, ""fm1_shin_verticality_p50"": 0.9982743669440166, ""fm2_smplh_valid_frac"": 1.0, ""fm3_static_frac"": 0.18151484818151484, ""fps"": 29.97, ""geom_body_roll_deg"": -0.90938590254571, ""observed_duration_s"": 200.033167, ""repair_applied"": ""none"", ""reproj_shoulder_widths_p50"": 0.09173317890864027, ""shown_raster"": ""2160x3840"", ""stored_raster"": ""2160x3840"", ""timebase"": ""consistent"", ""timebase_index_drift_s"": -0.03336666666666667, ""unit_flagged_frac"": 0.5, ""vendor"": ""V03""}",render
r7_228,v03_fm1_sitting_228_V03_S1460_I00000184_P4712_f0004049,V03_S1460_I00000184_P4712,naturalistic/train/0151/0118/V03_S1460_I00000184_P4712,naturalistic/train/0151/0025/V03_S1460_I00000184_P4178,v03_fm1_sitting,V03,naturalistic,4049,V03,naturalistic,train,ipc_conversation,random draw from V03 files the pipeline sorted into 'fm1_sitting',"{""audio"": ""present"", ""flags_fired"": ""fm1_sitting"", ""fm1_ankles_visible_frac"": 1.0, ""fm1_knee_between_torso_p50"": 0.34592094134184104, ""fm1_shin_verticality_p50"": 0.9662349593566153, ""fm2_smplh_valid_frac"": 1.0, ""fm3_static_frac"": 0.38904161531898757, ""fps"": 29.97, ""geom_body_roll_deg"": 0.9710319036333654, ""observed_duration_s"": 352.017967, ""repair_applied"": ""none"", ""reproj_shoulder_widths_p50"": 0.10102802973552799, ""shown_raster"": ""2160x3840"", ""stored_raster"": ""2160x3840"", ""timebase"": ""consistent"", ""timebase_index_drift_s"": 0.0, ""unit_flagged_frac"": 1.0, ""vendor"": ""V03""}",render
r7_229,v03_fm1_sitting_229_V03_S1588_I00000483_P4221_f0001224,V03_S1588_I00000483_P4221,improvised/train/0068/0149/V03_S1588_I00000483_P4221,improvised/train/0068/0038/V03_S1588_I00000483_P3025,v03_fm1_sitting,V03,improvised,1224,V03,improvised,train,ipc_conversation,random draw from V03 files the pipeline sorted into 'fm1_sitting',"{""audio"": ""present"", ""flags_fired"": ""fm1_sitting"", ""fm1_ankles_visible_frac"": 1.0, ""fm1_knee_between_torso_p50"": 0.40392389956813657, ""fm1_shin_verticality_p50"": 0.9998563958080879, ""fm2_smplh_valid_frac"": 1.0, ""fm3_static_frac"": 0.6731138343422413, ""fps"": 29.97, ""geom_body_roll_deg"": -1.0230248244996463, ""observed_duration_s"": 226.025433, ""repair_applied"": ""none"", ""reproj_shoulder_widths_p50"": 0.07158809712339348, ""shown_raster"": ""2160x3840"", ""stored_raster"": ""2160x3840"", ""timebase"": ""consistent"", ""timebase_index_drift_s"": 0.0, ""unit_flagged_frac"": 1.0, ""vendor"": ""V03""}",render
r7_230,v03_fm1_sitting_230_V03_S1996_I00000002_P5434_f0004088,V03_S1996_I00000002_P5434,naturalistic/train/0175/0119/V03_S1996_I00000002_P5434,naturalistic/train/0175/0117/V03_S1996_I00000002_P5018,v03_fm1_sitting,V03,naturalistic,4088,V03,naturalistic,train,ipc_conversation,random draw from V03 files the pipeline sorted into 'fm1_sitting',"{""audio"": ""present"", ""flags_fired"": ""fm1_sitting"", ""fm1_ankles_visible_frac"": 1.0, ""fm1_knee_between_torso_p50"": 0.3714126465147427, ""fm1_shin_verticality_p50"": 0.9961298719865075, ""fm2_smplh_valid_frac"": 1.0, ""fm3_static_frac"": 0.005483895883216189, ""fps"": 29.97, ""geom_body_roll_deg"": -9.941088123234459e-06, ""observed_duration_s"": 432.031233, ""repair_applied"": ""none"", ""reproj_shoulder_widths_p50"": 0.046593708840229654, ""shown_raster"": ""2160x3840"", ""stored_raster"": ""2160x3840"", ""timebase"": ""consistent"", ""timebase_index_drift_s"": 0.0, ""unit_flagged_frac"": 1.0, ""vendor"": ""V03""}",render
r7_231,v03_fm2_smplh_invalid_231_V03_S1581_I00000005_P4357_f0000000,V03_S1581_I00000005_P4357,naturalistic/train/0157/0072/V03_S1581_I00000005_P4357,naturalistic/train/0157/0115/V03_S1581_I00000005_P4174,v03_fm2_smplh_invalid,V03,naturalistic,0,V03,naturalistic,train,ipc_conversation,random draw from V03 files the pipeline sorted into 'fm2_smplh_invalid'; positioned on the longest untrusted stretch,"{""audio"": ""present"", ""flags_fired"": ""fm2_smplh_invalid"", ""fm1_ankles_visible_frac"": 1.0, ""fm1_knee_between_torso_p50"": 0.5506980852137009, ""fm1_shin_verticality_p50"": 0.6936420542694126, ""fm2_smplh_valid_frac"": 0.999536536381894, ""fm3_static_frac"": 0.5518306812915186, ""fps"": 29.97, ""geom_body_roll_deg"": 5.8288478940217165e-06, ""observed_duration_s"": 216.015433, ""repair_applied"": ""none"", ""reproj_shoulder_widths_p50"": 0.10743112802883616, ""shown_raster"": ""2160x3840"", ""stored_raster"": ""2160x3840"", ""timebase"": ""consistent"", ""timebase_index_drift_s"": 0.0, ""unit_flagged_frac"": 0.0, ""vendor"": ""V03""}",render
r7_232,v03_fm2_smplh_invalid_232_V03_S1733_I00000382_P4938_f0001650,V03_S1733_I00000382_P4938,improvised/train/0068/0027/V03_S1733_I00000382_P4938,improvised/train/0068/0103/V03_S1733_I00000382_P1290,v03_fm2_smplh_invalid,V03,improvised,1650,V03,improvised,train,ipc_conversation,random draw from V03 files the pipeline sorted into 'fm2_smplh_invalid'; positioned on the longest untrusted stretch,"{""audio"": ""present"", ""flags_fired"": ""fm2_smplh_invalid"", ""fm1_ankles_visible_frac"": 1.0, ""fm1_knee_between_torso_p50"": 0.5438225260807639, ""fm1_shin_verticality_p50"": 0.9945054466768274, ""fm2_smplh_valid_frac"": 0.4122553737568175, ""fm3_static_frac"": 0.0, ""fps"": 29.97, ""geom_body_roll_deg"": -0.9877671198587503, ""observed_duration_s"": 104.0039, ""repair_applied"": ""none"", ""reproj_shoulder_widths_p50"": 0.1351970498959352, ""shown_raster"": ""2160x3840"", ""stored_raster"": ""2160x3840"", ""timebase"": ""consistent"", ""timebase_index_drift_s"": 0.0, ""unit_flagged_frac"": 0.0, ""vendor"": ""V03""}",render
r7_233,v03_fm2_smplh_invalid_233_V03_S2118_I00000265_P4749_f0001052,V03_S2118_I00000265_P4749,naturalistic/train/0180/0081/V03_S2118_I00000265_P4749,naturalistic/train/0180/0074/V03_S2118_I00000265_P4214,v03_fm2_smplh_invalid,V03,naturalistic,1052,V03,naturalistic,train,ipc_conversation,random draw from V03 files the pipeline sorted into 'fm2_smplh_invalid'; positioned on the longest untrusted stretch,"{""audio"": ""present"", ""flags_fired"": ""fm2_smplh_invalid"", ""fm1_ankles_visible_frac"": 0.4299448607380178, ""fm1_knee_between_torso_p50"": 0.6591313813306904, ""fm1_shin_verticality_p50"": 0.99654571958985, ""fm2_smplh_valid_frac"": 0.3497808567793016, ""fm3_static_frac"": 0.31740421320514633, ""fps"": 29.97, ""geom_body_roll_deg"": 0.7345168508357454, ""observed_duration_s"": 236.002433, ""repair_applied"": ""none"", ""reproj_shoulder_widths_p50"": 0.10790031737767558, ""shown_raster"": ""2160x3840"", ""stored_raster"": ""2160x3840"", ""timebase"": ""consistent"", ""timebase_index_drift_s"": 0.0, ""unit_flagged_frac"": 0.0, ""vendor"": ""V03""}",render
r7_234,v03_fm2_smplh_invalid_234_V03_S1559_I00000348_P4343_f0006875,V03_S1559_I00000348_P4343,naturalistic/train/0156/0112/V03_S1559_I00000348_P4343,naturalistic/train/0156/0028/V03_S1559_I00000348_P3081,v03_fm2_smplh_invalid,V03,naturalistic,6875,V03,naturalistic,train,grounded_gesture,random draw from V03 files the pipeline sorted into 'fm2_smplh_invalid'; positioned on the longest untrusted stretch,"{""audio"": ""present"", ""flags_fired"": ""fm2_smplh_invalid"", ""fm1_ankles_visible_frac"": 0.007641365257259297, ""fm1_knee_between_torso_p50"": 0.5925624675196661, ""fm1_shin_verticality_p50"": 1.0, ""fm2_smplh_valid_frac"": 0.9857361181864494, ""fm3_static_frac"": 0.2741976566479878, ""fps"": 29.97, ""geom_body_roll_deg"": 2.6425382267037056, ""observed_duration_s"": 262.028067, ""repair_applied"": ""none"", ""reproj_shoulder_widths_p50"": 0.18775973866472345, ""shown_raster"": ""2160x3840"", ""stored_raster"": ""2160x3840"", ""timebase"": ""consistent"", ""timebase_index_drift_s"": 0.0, ""unit_flagged_frac"": 0.0, ""vendor"": ""V03""}",render
r7_235,v03_fm2_smplh_invalid_235_V03_S0138_I00000125_P1300_f0003820,V03_S0138_I00000125_P1300,naturalistic/train/0107/0046/V03_S0138_I00000125_P1300,naturalistic/train/0107/0007/V03_S0138_I00000125_P1021,v03_fm2_smplh_invalid,V03,naturalistic,3820,V03,naturalistic,train,ipc_conversation,random draw from V03 files the pipeline sorted into 'fm2_smplh_invalid'; positioned on the longest untrusted stretch,"{""audio"": ""present"", ""flags_fired"": ""fm2_smplh_invalid"", ""fm1_ankles_visible_frac"": 0.977014335145823, ""fm1_knee_between_torso_p50"": 0.6024694375237514, ""fm1_shin_verticality_p50"": 0.9968981725316355, ""fm2_smplh_valid_frac"": 0.9942535837864558, ""fm3_static_frac"": 0.046589223924864066, ""fps"": 29.97, ""geom_body_roll_deg"": -1.660295561738589, ""observed_duration_s"": 540.006133, ""repair_applied"": ""none"", ""reproj_shoulder_widths_p50"": 0.21193559610174473, ""shown_raster"": ""2160x3840"", ""stored_raster"": ""2160x3840"", ""timebase"": ""consistent"", ""timebase_index_drift_s"": 0.0, ""unit_flagged_frac"": 0.0, ""vendor"": ""V03""}",render
r7_236,v03_fm2_smplh_invalid_236_V03_S1175_I00000151_P2990_f0000361,V03_S1175_I00000151_P2990,naturalistic/train/0139/0085/V03_S1175_I00000151_P2990,naturalistic/train/0139/0142/V03_S1175_I00000151_P3743,v03_fm2_smplh_invalid,V03,naturalistic,361,V03,naturalistic,train,grounded_gesture,random draw from V03 files the pipeline sorted into 'fm2_smplh_invalid'; positioned on the longest untrusted stretch,"{""audio"": ""present"", ""flags_fired"": ""fm2_smplh_invalid"", ""fm1_ankles_visible_frac"": 0.2686618507051944, ""fm1_knee_between_torso_p50"": 0.5791057901777921, ""fm1_shin_verticality_p50"": 0.894427190999916, ""fm2_smplh_valid_frac"": 0.9824561403508771, ""fm3_static_frac"": 0.025971792225662194, ""fps"": 29.97, ""geom_body_roll_deg"": 1.7183662237920736, ""observed_duration_s"": 194.0268, ""repair_applied"": ""none"", ""reproj_shoulder_widths_p50"": 0.1672837004280341, ""shown_raster"": ""2160x3840"", ""stored_raster"": ""2160x3840"", ""timebase"": ""consistent"", ""timebase_index_drift_s"": 0.0, ""unit_flagged_frac"": 0.0, ""vendor"": ""V03""}",render
r7_237,v03_fm2_smplh_invalid_237_V03_S1355_I00000784_P4130_f0004037,V03_S1355_I00000784_P4130,improvised/train/0067/0151/V03_S1355_I00000784_P4130,improvised/train/0067/0036/V03_S1355_I00000784_P1306,v03_fm2_smplh_invalid,V03,improvised,4037,V03,improvised,train,grounded_gesture,random draw from V03 files the pipeline sorted into 'fm2_smplh_invalid'; positioned on the longest untrusted stretch,"{""audio"": ""present"", ""flags_fired"": ""fm2_smplh_invalid"", ""fm1_ankles_visible_frac"": 0.9686892926522683, ""fm1_knee_between_torso_p50"": 0.5423975318928288, ""fm1_shin_verticality_p50"": 0.9982048500116472, ""fm2_smplh_valid_frac"": 0.9526911210147412, ""fm3_static_frac"": 0.001599817163752714, ""fps"": 29.97, ""geom_body_roll_deg"": 4.905476954339332e-06, ""observed_duration_s"": 292.025067, ""repair_applied"": ""none"", ""reproj_shoulder_widths_p50"": 0.15987764334131255, ""shown_raster"": ""2160x3840"", ""stored_raster"": ""2160x3840"", ""timebase"": ""consistent"", ""timebase_index_drift_s"": -0.03336666666666667, ""unit_flagged_frac"": 0.0, ""vendor"": ""V03""}",render
r7_238,v03_fm2_smplh_invalid_238_V03_S0461_I00000414_P2257_f0000711,V03_S0461_I00000414_P2257,naturalistic/train/0121/0015/V03_S0461_I00000414_P2257,naturalistic/train/0121/0010/V03_S0461_I00000414_P2256,v03_fm2_smplh_invalid,V03,naturalistic,711,V03,naturalistic,train,ipc_conversation,random draw from V03 files the pipeline sorted into 'fm2_smplh_invalid'; positioned on the longest untrusted stretch,"{""audio"": ""present"", ""flags_fired"": ""fm2_smplh_invalid"", ""fm1_ankles_visible_frac"": 1.0, ""fm1_knee_between_torso_p50"": 0.5662344655315246, ""fm1_shin_verticality_p50"": 0.9996349694296515, ""fm2_smplh_valid_frac"": 0.3309683604985618, ""fm3_static_frac"": 0.5148609779482263, ""fps"": 29.97, ""geom_body_roll_deg"": 0.9093828908056385, ""observed_duration_s"": 174.0068, ""repair_applied"": ""none"", ""reproj_shoulder_widths_p50"": 0.16639055692939103, ""shown_raster"": ""2160x3840"", ""stored_raster"": ""2160x3840"", ""timebase"": ""consistent"", ""timebase_index_drift_s"": 0.03336666666666667, ""unit_flagged_frac"": 0.0, ""vendor"": ""V03""}",render
r7_239,v03_fm2_smplh_invalid_239_V03_S1096_I00000008_P5628_f0013750,V03_S1096_I00000008_P5628,naturalistic/dev/0002/0099/V03_S1096_I00000008_P5628,naturalistic/dev/0002/0090/V03_S1096_I00000008_P5629,v03_fm2_smplh_invalid,V03,naturalistic,13750,V03,naturalistic,dev,ipc_conversation,random draw from V03 files the pipeline sorted into 'fm2_smplh_invalid'; positioned on the longest untrusted stretch,"{""audio"": ""present"", ""flags_fired"": ""fm2_smplh_invalid"", ""fm1_ankles_visible_frac"": 0.6020429009193055, ""fm1_knee_between_torso_p50"": 0.44960989634576415, ""fm1_shin_verticality_p50"": 0.6709133293725728, ""fm2_smplh_valid_frac"": 0.9951651344909772, ""fm3_static_frac"": 0.34797412325502214, ""fps"": 29.97, ""geom_body_roll_deg"": -1.6135400514976688, ""observed_duration_s"": 490.022867, ""repair_applied"": ""none"", ""reproj_shoulder_widths_p50"": 0.09163317404231655, ""shown_raster"": ""2160x3840"", ""stored_raster"": ""2160x3840"", ""timebase"": ""consistent"", ""timebase_index_drift_s"": -0.03336666666666667, ""unit_flagged_frac"": 0.0, ""vendor"": ""V03""}",render
r7_240,v03_fm2_smplh_invalid_240_V03_S0914_I00000399_P3147_f0003713,V03_S0914_I00000399_P3147,naturalistic/train/0129/0035/V03_S0914_I00000399_P3147,naturalistic/train/0129/0096/V03_S0914_I00000399_P3146,v03_fm2_smplh_invalid,V03,naturalistic,3713,V03,naturalistic,train,ipc_conversation,random draw from V03 files the pipeline sorted into 'fm2_smplh_invalid'; positioned on the longest untrusted stretch,"{""audio"": ""present"", ""flags_fired"": ""fm2_smplh_invalid"", ""fm1_ankles_visible_frac"": 0.1697144690407443, ""fm1_knee_between_torso_p50"": 0.6575695219606819, ""fm1_shin_verticality_p50"": 0.9972677664609282, ""fm2_smplh_valid_frac"": 0.9491498235482836, ""fm3_static_frac"": 0.05405838947706128, ""fps"": 29.97, ""geom_body_roll_deg"": 3.5763345377245335, ""observed_duration_s"": 208.007433, ""repair_applied"": ""none"", ""reproj_shoulder_widths_p50"": 0.1344973558371866, ""shown_raster"": ""2160x3840"", ""stored_raster"": ""2160x3840"", ""timebase"": ""consistent"", ""timebase_index_drift_s"": 0.03336666666666667, ""unit_flagged_frac"": 0.0, ""vendor"": ""V03""}",render
r7_241,v03_fm2_smplh_invalid_241_V03_S1545_I00000051_P4414_f0004459,V03_S1545_I00000051_P4414,naturalistic/train/0155/0008/V03_S1545_I00000051_P4414,naturalistic/train/0155/0104/V03_S1545_I00000051_P4415,v03_fm2_smplh_invalid,V03,naturalistic,4459,V03,naturalistic,train,ipc_conversation,random draw from V03 files the pipeline sorted into 'fm2_smplh_invalid'; positioned on the longest untrusted stretch,"{""audio"": ""present"", ""flags_fired"": ""fm2_smplh_invalid"", ""fm1_ankles_visible_frac"": 0.45312783318223027, ""fm1_knee_between_torso_p50"": 0.6281269798512155, ""fm1_shin_verticality_p50"": 0.9994449049513219, ""fm2_smplh_valid_frac"": 0.971350861287398, ""fm3_static_frac"": 0.005802357207615594, ""fps"": 29.97, ""geom_body_roll_deg"": 4.830427248880376, ""observed_duration_s"": 184.017167, ""repair_applied"": ""none"", ""reproj_shoulder_widths_p50"": 0.1456804617061327, ""shown_raster"": ""2160x3840"", ""stored_raster"": ""2160x3840"", ""timebase"": ""consistent"", ""timebase_index_drift_s"": 0.0, ""unit_flagged_frac"": 0.0, ""vendor"": ""V03""}",render
r7_242,v03_fm2_smplh_invalid_242_V03_S0925_I00000197_P3171_f0003487,V03_S0925_I00000197_P3171,naturalistic/train/0129/0109/V03_S0925_I00000197_P3171,naturalistic/train/0129/0088/V03_S0925_I00000197_P3170,v03_fm2_smplh_invalid,V03,naturalistic,3487,V03,naturalistic,train,ipc_conversation,random draw from V03 files the pipeline sorted into 'fm2_smplh_invalid'; positioned on the longest untrusted stretch,"{""audio"": ""present"", ""flags_fired"": ""fm2_smplh_invalid"", ""fm1_ankles_visible_frac"": 0.9747653806047967, ""fm1_knee_between_torso_p50"": 0.5570243252634268, ""fm1_shin_verticality_p50"": 0.9945054683750646, ""fm2_smplh_valid_frac"": 0.9789363920750782, ""fm3_static_frac"": 0.0004171011470281543, ""fps"": 29.97, ""geom_body_roll_deg"": 0.8303159189076871, ""observed_duration_s"": 160.026167, ""repair_applied"": ""none"", ""reproj_shoulder_widths_p50"": 0.14724182063950714, ""shown_raster"": ""2160x3840"", ""stored_raster"": ""2160x3840"", ""timebase"": ""consistent"", ""timebase_index_drift_s"": 0.0, ""unit_flagged_frac"": 0.0, ""vendor"": ""V03""}",render
r7_243,v03_fm2_smplh_invalid_243_V03_S0228_I00000140_P1529_f0000000,V03_S0228_I00000140_P1529,improvised/dev/0001/0041/V03_S0228_I00000140_P1529,improvised/dev/0001/0013/V03_S0228_I00000140_P1528,v03_fm2_smplh_invalid,V03,improvised,0,V03,improvised,dev,ipc_conversation,random draw from V03 files the pipeline sorted into 'fm2_smplh_invalid'; positioned on the longest untrusted stretch,"{""audio"": ""present"", ""flags_fired"": ""fm2_smplh_invalid"", ""fm1_ankles_visible_frac"": 0.1566408576533651, ""fm1_knee_between_torso_p50"": 0.6237642584108536, ""fm1_shin_verticality_p50"": 0.982872186934322, ""fm2_smplh_valid_frac"": 0.9916617033948779, ""fm3_static_frac"": 0.26444312090530075, ""fps"": 29.97, ""geom_body_roll_deg"": -6.70983872768668, ""observed_duration_s"": 56.022633, ""repair_applied"": ""none"", ""reproj_shoulder_widths_p50"": 0.1397376261946826, ""shown_raster"": ""2160x3840"", ""stored_raster"": ""2160x3840"", ""timebase"": ""consistent"", ""timebase_index_drift_s"": 0.0, ""unit_flagged_frac"": 0.0, ""vendor"": ""V03""}",render
r7_244,v03_fm3_static_hands_244_V03_S0122_I00000375_P1268_f0002649,V03_S0122_I00000375_P1268,naturalistic/train/0106/0063/V03_S0122_I00000375_P1268,naturalistic/train/0106/0064/V03_S0122_I00000375_P1195,v03_fm3_static_hands,V03,naturalistic,2649,V03,naturalistic,train,ipc_conversation,random draw from V03 files the pipeline sorted into 'fm3_static_hands',"{""audio"": ""present"", ""flags_fired"": ""fm3_static_hands"", ""fm1_ankles_visible_frac"": 0.006857142857142857, ""fm1_knee_between_torso_p50"": 0.5621192426853144, ""fm1_shin_verticality_p50"": 0.9994449242311759, ""fm2_smplh_valid_frac"": 1.0, ""fm3_static_frac"": 0.9842285714285715, ""fps"": 29.97, ""geom_body_roll_deg"": 0.7538428479189294, ""observed_duration_s"": 146.012167, ""repair_applied"": ""none"", ""reproj_shoulder_widths_p50"": 0.1608934666451898, ""shown_raster"": ""2160x3840"", ""stored_raster"": ""2160x3840"", ""timebase"": ""consistent"", ""timebase_index_drift_s"": 0.0, ""unit_flagged_frac"": 0.0, ""vendor"": ""V03""}",render
r7_245,v03_fm3_static_hands_245_V03_S1437_I00000483_P4353_f0005344,V03_S1437_I00000483_P4353,improvised/train/0067/0014/V03_S1437_I00000483_P4353,improvised/train/0067/0061/V03_S1437_I00000483_P4391,v03_fm3_static_hands,V03,improvised,5344,V03,improvised,train,ipc_conversation,random draw from V03 files the pipeline sorted into 'fm3_static_hands',"{""audio"": ""present"", ""flags_fired"": ""fm3_static_hands"", ""fm1_ankles_visible_frac"": 1.0, ""fm1_knee_between_torso_p50"": 0.6198414704903489, ""fm1_shin_verticality_p50"": 0.9999999999999606, ""fm2_smplh_valid_frac"": 1.0, ""fm3_static_frac"": 0.757705751509374, ""fps"": 29.97, ""geom_body_roll_deg"": -0.8069349008083653, ""observed_duration_s"": 210.0098, ""repair_applied"": ""none"", ""reproj_shoulder_widths_p50"": 0.147256300362154, ""shown_raster"": ""2160x3840"", ""stored_raster"": ""2160x3840"", ""timebase"": ""consistent"", ""timebase_index_drift_s"": 0.0, ""unit_flagged_frac"": 0.0, ""vendor"": ""V03""}",render
r7_246,v03_fm3_static_hands_246_V03_S1527_I00000237_P4342_f0001214,V03_S1527_I00000237_P4342,naturalistic/train/0154/0078/V03_S1527_I00000237_P4342,naturalistic/train/0154/0104/V03_S1527_I00000237_P4343,v03_fm3_static_hands,V03,naturalistic,1214,V03,naturalistic,train,ipc_conversation,random draw from V03 files the pipeline sorted into 'fm3_static_hands',"{""audio"": ""present"", ""flags_fired"": ""fm3_static_hands"", ""fm1_ankles_visible_frac"": 0.5927482921702575, ""fm1_knee_between_torso_p50"": 0.5817981151932499, ""fm1_shin_verticality_p50"": 0.9996539170012257, ""fm2_smplh_valid_frac"": 1.0, ""fm3_static_frac"": 0.934971098265896, ""fps"": 29.97, ""geom_body_roll_deg"": 0.8184528745347657, ""observed_duration_s"": 254.020067, ""repair_applied"": ""none"", ""reproj_shoulder_widths_p50"": 0.20367943044080122, ""shown_raster"": ""2160x3840"", ""stored_raster"": ""2160x3840"", ""timebase"": ""consistent"", ""timebase_index_drift_s"": 0.0, ""unit_flagged_frac"": 0.0, ""vendor"": ""V03""}",render
r7_247,v03_fm3_static_hands_247_V03_S1321_I00000207_P4065_f0004125,V03_S1321_I00000207_P4065,naturalistic/train/0145/0135/V03_S1321_I00000207_P4065,naturalistic/train/0145/0041/V03_S1321_I00000207_P4133,v03_fm3_static_hands,V03,naturalistic,4125,V03,naturalistic,train,ipc_conversation,random draw from V03 files the pipeline sorted into 'fm3_static_hands',"{""audio"": ""present"", ""flags_fired"": ""fm3_static_hands"", ""fm1_ankles_visible_frac"": 1.0, ""fm1_knee_between_torso_p50"": 0.6099294246266435, ""fm1_shin_verticality_p50"": 0.9996539216450162, ""fm2_smplh_valid_frac"": 1.0, ""fm3_static_frac"": 0.792971420757555, ""fps"": 29.97, ""geom_body_roll_deg"": -1.6135354665827477, ""observed_duration_s"": 244.010433, ""repair_applied"": ""none"", ""reproj_shoulder_widths_p50"": 0.17194061885591838, ""shown_raster"": ""2160x3840"", ""stored_raster"": ""2160x3840"", ""timebase"": ""consistent"", ""timebase_index_drift_s"": 0.0, ""unit_flagged_frac"": 0.0, ""vendor"": ""V03""}",render
r7_248,v03_fm3_static_hands_248_V03_S0154_I00000130_P1330_f0002061,V03_S0154_I00000130_P1330,naturalistic/train/0108/0098/V03_S0154_I00000130_P1330,naturalistic/train/0108/0107/V03_S0154_I00000130_P1331,v03_fm3_static_hands,V03,naturalistic,2061,V03,naturalistic,train,ipc_conversation,random draw from V03 files the pipeline sorted into 'fm3_static_hands',"{""audio"": ""present"", ""flags_fired"": ""fm3_static_hands"", ""fm1_ankles_visible_frac"": 0.0, ""fm1_knee_between_torso_p50"": 0.6876501221447583, ""fm1_shin_verticality_p50"": 0.9992611831789706, ""fm2_smplh_valid_frac"": 1.0, ""fm3_static_frac"": 0.7966631908237748, ""fps"": 29.97, ""geom_body_roll_deg"": 0.0, ""observed_duration_s"": 160.026533, ""repair_applied"": ""none"", ""reproj_shoulder_widths_p50"": 0.16125690027599077, ""shown_raster"": ""2160x3840"", ""stored_raster"": ""2160x3840"", ""timebase"": ""consistent"", ""timebase_index_drift_s"": -0.03336666666666667, ""unit_flagged_frac"": 0.0, ""vendor"": ""V03""}",render
r7_249,v03_fm3_static_hands_249_V03_S1713_I00000088_P4876_f0002393,V03_S1713_I00000088_P4876,naturalistic/train/0163/0040/V03_S1713_I00000088_P4876,naturalistic/train/0163/0068/V03_S1713_I00000088_P4875,v03_fm3_static_hands,V03,naturalistic,2393,V03,naturalistic,train,collaborative_storytelling,random draw from V03 files the pipeline sorted into 'fm3_static_hands',"{""audio"": ""present"", ""flags_fired"": ""fm3_static_hands"", ""fm1_ankles_visible_frac"": 0.00992108229988726, ""fm1_knee_between_torso_p50"": 0.6551283803899826, ""fm1_shin_verticality_p50"": 0.9950371673647682, ""fm2_smplh_valid_frac"": 1.0, ""fm3_static_frac"": 0.8703494926719278, ""fps"": 29.97, ""geom_body_roll_deg"": 0.0, ""observed_duration_s"": 148.014167, ""repair_applied"": ""none"", ""reproj_shoulder_widths_p50"": 0.11910620090172977, ""shown_raster"": ""2160x3840"", ""stored_raster"": ""2160x3840"", ""timebase"": ""consistent"", ""timebase_index_drift_s"": 0.0, ""unit_flagged_frac"": 0.0, ""vendor"": ""V03""}",render
r7_250,v03_fm3_static_hands_250_V03_S1252_I00000194_P3879_f0001736,V03_S1252_I00000194_P3879,naturalistic/train/0142/0034/V03_S1252_I00000194_P3879,naturalistic/train/0142/0050/V03_S1252_I00000194_P2972,v03_fm3_static_hands,V03,naturalistic,1736,V03,naturalistic,train,collaborative_storytelling,random draw from V03 files the pipeline sorted into 'fm3_static_hands',"{""audio"": ""present"", ""flags_fired"": ""fm3_static_hands"", ""fm1_ankles_visible_frac"": 0.9960159362549801, ""fm1_knee_between_torso_p50"": 0.6007923117039438, ""fm1_shin_verticality_p50"": 0.9995120750984868, ""fm2_smplh_valid_frac"": 1.0, ""fm3_static_frac"": 0.8650398406374502, ""fps"": 29.97, ""geom_body_roll_deg"": -0.7252236266985739, ""observed_duration_s"": 134.000167, ""repair_applied"": ""none"", ""reproj_shoulder_widths_p50"": 0.15466101595636045, ""shown_raster"": ""2160x3840"", ""stored_raster"": ""2160x3840"", ""timebase"": ""consistent"", ""timebase_index_drift_s"": 0.03336666666666667, ""unit_flagged_frac"": 0.0, ""vendor"": ""V03""}",render
r7_251,v03_fm3_static_hands_251_V03_S0676_I00000223_P2786_f0004087,V03_S0676_I00000223_P2786,naturalistic/train/0124/0054/V03_S0676_I00000223_P2786,naturalistic/train/0124/0071/V03_S0676_I00000223_P2787,v03_fm3_static_hands,V03,naturalistic,4087,V03,naturalistic,train,ipc_conversation,random draw from V03 files the pipeline sorted into 'fm3_static_hands',"{""audio"": ""present"", ""flags_fired"": ""fm3_static_hands"", ""fm1_ankles_visible_frac"": 1.0, ""fm1_knee_between_torso_p50"": 0.5944565704856111, ""fm1_shin_verticality_p50"": 0.9947814589034913, ""fm2_smplh_valid_frac"": 1.0, ""fm3_static_frac"": 0.9172123479887746, ""fps"": 29.97, ""geom_body_roll_deg"": -5.355826061045243, ""observed_duration_s"": 214.0138, ""repair_applied"": ""none"", ""reproj_shoulder_widths_p50"": 0.18000013156029585, ""shown_raster"": ""2160x3840"", ""stored_raster"": ""2160x3840"", ""timebase"": ""consistent"", ""timebase_index_drift_s"": 0.0, ""unit_flagged_frac"": 0.0, ""vendor"": ""V03""}",render
r7_252,v03_fm3_static_hands_252_V03_S1099_I00000207_P3194_f0000711,V03_S1099_I00000207_P3194,naturalistic/train/0136/0116/V03_S1099_I00000207_P3194,naturalistic/train/0136/0038/V03_S1099_I00000207_P3195,v03_fm3_static_hands,V03,naturalistic,711,V03,naturalistic,train,ipc_conversation,random draw from V03 files the pipeline sorted into 'fm3_static_hands',"{""audio"": ""present"", ""flags_fired"": ""fm3_static_hands"", ""fm1_ankles_visible_frac"": 0.9954502369668247, ""fm1_knee_between_torso_p50"": 0.5518085447042282, ""fm1_shin_verticality_p50"": 0.9975751155352477, ""fm2_smplh_valid_frac"": 1.0, ""fm3_static_frac"": 0.7783886255924171, ""fps"": 29.97, ""geom_body_roll_deg"": -1.6365799224006223, ""observed_duration_s"": 176.009167, ""repair_applied"": ""none"", ""reproj_shoulder_widths_p50"": 0.17524895064616355, ""shown_raster"": ""2160x3840"", ""stored_raster"": ""2160x3840"", ""timebase"": ""consistent"", ""timebase_index_drift_s"": 0.0, ""unit_flagged_frac"": 0.0, ""vendor"": ""V03""}",render
r7_253,v03_fm3_static_hands_253_V03_S0419_I00000417_P2307_f0000134,V03_S0419_I00000417_P2307,naturalistic/train/0119/0053/V03_S0419_I00000417_P2307,naturalistic/train/0119/0096/V03_S0419_I00000417_P1911,v03_fm3_static_hands,V03,naturalistic,134,V03,naturalistic,train,ipc_conversation,random draw from V03 files the pipeline sorted into 'fm3_static_hands',"{""audio"": ""present"", ""flags_fired"": ""fm3_static_hands"", ""fm1_ankles_visible_frac"": 1.0, ""fm1_knee_between_torso_p50"": 0.5998765779508883, ""fm1_shin_verticality_p50"": 0.9825702871311686, ""fm2_smplh_valid_frac"": 1.0, ""fm3_static_frac"": 0.8322050290135397, ""fps"": 29.97, ""geom_body_roll_deg"": 1.8778694489344723, ""observed_duration_s"": 138.004533, ""repair_applied"": ""none"", ""reproj_shoulder_widths_p50"": 0.17202170554070648, ""shown_raster"": ""2160x3840"", ""stored_raster"": ""2160x3840"", ""timebase"": ""consistent"", ""timebase_index_drift_s"": 0.0, ""unit_flagged_frac"": 0.0, ""vendor"": ""V03""}",render
r7_254,v03_fm3_static_hands_254_V03_S0696_I00000495_P2007_f0003452,V03_S0696_I00000495_P2007,naturalistic/train/0125/0123/V03_S0696_I00000495_P2007,naturalistic/train/0125/0029/V03_S0696_I00000495_P1990,v03_fm3_static_hands,V03,naturalistic,3452,V03,naturalistic,train,ipc_conversation,random draw from V03 files the pipeline sorted into 'fm3_static_hands',"{""audio"": ""present"", ""flags_fired"": ""fm3_static_hands"", ""fm1_ankles_visible_frac"": 1.0, ""fm1_knee_between_torso_p50"": 0.6179169594733175, ""fm1_shin_verticality_p50"": 0.9950372044671889, ""fm2_smplh_valid_frac"": 1.0, ""fm3_static_frac"": 0.8809788654060067, ""fps"": 29.97, ""geom_body_roll_deg"": 0.0, ""observed_duration_s"": 180.0128, ""repair_applied"": ""none"", ""reproj_shoulder_widths_p50"": 0.059779249377580695, ""shown_raster"": ""2160x3840"", ""stored_raster"": ""2160x3840"", ""timebase"": ""consistent"", ""timebase_index_drift_s"": 0.0, ""unit_flagged_frac"": 0.0, ""vendor"": ""V03""}",render
r7_255,v03_fm3_static_hands_255_V03_S1474_I00000014_P4165_f0002988,V03_S1474_I00000014_P4165,naturalistic/train/0152/0018/V03_S1474_I00000014_P4165,naturalistic/train/0152/0068/V03_S1474_I00000014_P3637,v03_fm3_static_hands,V03,naturalistic,2988,V03,naturalistic,train,collaborative_storytelling,random draw from V03 files the pipeline sorted into 'fm3_static_hands',"{""audio"": ""present"", ""flags_fired"": ""fm3_static_hands"", ""fm1_ankles_visible_frac"": 0.008399440037330844, ""fm1_knee_between_torso_p50"": 0.6644455258959877, ""fm1_shin_verticality_p50"": 0.9999999999998768, ""fm2_smplh_valid_frac"": 1.0, ""fm3_static_frac"": 0.8030797946803546, ""fps"": 29.97, ""geom_body_roll_deg"": 0.725211823621694, ""observed_duration_s"": 286.0187, ""repair_applied"": ""none"", ""reproj_shoulder_widths_p50"": 0.19743646073556592, ""shown_raster"": ""2160x3840"", ""stored_raster"": ""2160x3840"", ""timebase"": ""consistent"", ""timebase_index_drift_s"": 0.03336666666666667, ""unit_flagged_frac"": 0.0, ""vendor"": ""V03""}",render
r7_256,v03_fm3_static_hands_256_V03_S0041_I00000131_P1000_f0001649,V03_S0041_I00000131_P1000,improvised/train/0061/0022/V03_S0041_I00000131_P1000,improvised/train/0061/0046/V03_S0041_I00000131_P1014,v03_fm3_static_hands,V03,improvised,1649,V03,improvised,train,ipc_conversation,random draw from V03 files the pipeline sorted into 'fm3_static_hands',"{""audio"": ""present"", ""flags_fired"": ""fm3_static_hands"", ""fm1_ankles_visible_frac"": 1.0, ""fm1_knee_between_torso_p50"": 0.5868972848688123, ""fm1_shin_verticality_p50"": 1.0, ""fm2_smplh_valid_frac"": 1.0, ""fm3_static_frac"": 0.8526958290946084, ""fps"": 29.97, ""geom_body_roll_deg"": 0.0, ""observed_duration_s"": 164.030533, ""repair_applied"": ""none"", ""reproj_shoulder_widths_p50"": 0.14729060439704925, ""shown_raster"": ""2160x3840"", ""stored_raster"": ""2160x3840"", ""timebase"": ""consistent"", ""timebase_index_drift_s"": -0.03336666666666667, ""unit_flagged_frac"": 0.0, ""vendor"": ""V03""}",render
r7_257,v03_multi_257_V03_S1912_I00000188_P5347_f0002292,V03_S1912_I00000188_P5347,naturalistic/train/0171/0074/V03_S1912_I00000188_P5347,naturalistic/train/0171/0122/V03_S1912_I00000188_P5227,v03_multi,V03,naturalistic,2292,V03,naturalistic,train,ipc_conversation,random draw from V03 files the pipeline sorted into 'multi'; positioned on the longest untrusted stretch,"{""audio"": ""present"", ""flags_fired"": ""fm1_sitting+fm2_smplh_invalid"", ""fm1_ankles_visible_frac"": 1.0, ""fm1_knee_between_torso_p50"": 0.4233664758807707, ""fm1_shin_verticality_p50"": 0.9715203149049576, ""fm2_smplh_valid_frac"": 0.9940417080436942, ""fm3_static_frac"": 0.40476663356504466, ""fps"": 29.97, ""geom_body_roll_deg"": -1.7357066531340761, ""observed_duration_s"": 168.0008, ""repair_applied"": ""none"", ""reproj_shoulder_widths_p50"": 0.0990818853768842, ""shown_raster"": ""2160x3840"", ""stored_raster"": ""2160x3840"", ""timebase"": ""consistent"", ""timebase_index_drift_s"": 0.03336666666666667, ""unit_flagged_frac"": 1.0, ""vendor"": ""V03""}",render
r7_258,v03_multi_258_V03_S1850_I00000003_P5183_f0006782,V03_S1850_I00000003_P5183,naturalistic/train/0169/0025/V03_S1850_I00000003_P5183,naturalistic/train/0169/0064/V03_S1850_I00000003_P4684,v03_multi,V03,naturalistic,6782,V03,naturalistic,train,ipc_conversation,random draw from V03 files the pipeline sorted into 'multi'; positioned on the longest untrusted stretch,"{""audio"": ""present"", ""flags_fired"": ""fm1_sitting+fm2_smplh_invalid"", ""fm1_ankles_visible_frac"": 0.6394934405095928, ""fm1_knee_between_torso_p50"": 0.42406558089595114, ""fm1_shin_verticality_p50"": 0.8285890913331175, ""fm2_smplh_valid_frac"": 0.9872601804807766, ""fm3_static_frac"": 0.03981193599757337, ""fps"": 29.97, ""geom_body_roll_deg"": 2.9609349191148286, ""observed_duration_s"": 440.005867, ""repair_applied"": ""none"", ""reproj_shoulder_widths_p50"": 0.063342098371601, ""shown_raster"": ""2160x3840"", ""stored_raster"": ""2160x3840"", ""timebase"": ""consistent"", ""timebase_index_drift_s"": 0.03336666666666667, ""unit_flagged_frac"": 1.0, ""vendor"": ""V03""}",render
r7_259,v03_multi_259_V03_S0692_I00000382_P1537_f0002462,V03_S0692_I00000382_P1537,improvised/train/0065/0076/V03_S0692_I00000382_P1537,improvised/train/0065/0139/V03_S0692_I00000382_P1633,v03_multi,V03,improvised,2462,V03,improvised,train,ipc_conversation,random draw from V03 files the pipeline sorted into 'multi'; positioned on the longest untrusted stretch,"{""audio"": ""present"", ""flags_fired"": ""fm1_sitting+fm2_smplh_invalid"", ""fm1_ankles_visible_frac"": 0.795688847235239, ""fm1_knee_between_torso_p50"": 0.5693355060755856, ""fm1_shin_verticality_p50"": -0.9486832980505139, ""fm2_smplh_valid_frac"": 0.9550140581068416, ""fm3_static_frac"": 0.25098406747891283, ""fps"": 29.97, ""geom_body_roll_deg"": 5.092113871376005, ""observed_duration_s"": 178.0108, ""repair_applied"": ""none"", ""reproj_shoulder_widths_p50"": 0.17021952235008928, ""shown_raster"": ""2160x3840"", ""stored_raster"": ""2160x3840"", ""timebase"": ""consistent"", ""timebase_index_drift_s"": 0.03336666666666667, ""unit_flagged_frac"": 1.0, ""vendor"": ""V03""}",render
r7_260,v03_multi_260_V03_S0158_I00000138_P1340_f0000000,V03_S0158_I00000138_P1340,naturalistic/train/0108/0054/V03_S0158_I00000138_P1340,naturalistic/train/0108/0079/V03_S0158_I00000138_P1313,v03_multi,V03,naturalistic,0,V03,naturalistic,train,ipc_conversation,random draw from V03 files the pipeline sorted into 'multi'; positioned on the longest untrusted stretch,"{""audio"": ""present"", ""flags_fired"": ""fm1_sitting+fm2_smplh_invalid"", ""fm1_ankles_visible_frac"": 0.18288950107131927, ""fm1_knee_between_torso_p50"": 0.6074348683718401, ""fm1_shin_verticality_p50"": 0.8000003899635306, ""fm2_smplh_valid_frac"": 0.9998469543924089, ""fm3_static_frac"": 0.17554331190694827, ""fps"": 29.97, ""geom_body_roll_deg"": 1.9749301204673264, ""observed_duration_s"": 218.0178, ""repair_applied"": ""none"", ""reproj_shoulder_widths_p50"": 0.12431845499091006, ""shown_raster"": ""2160x3840"", ""stored_raster"": ""2160x3840"", ""timebase"": ""consistent"", ""timebase_index_drift_s"": 0.0, ""unit_flagged_frac"": 0.5, ""vendor"": ""V03""}",render
r7_261,v03_multi_261_V03_S0518_I00000482_P1934_f0013786,V03_S0518_I00000482_P1934,naturalistic/train/0123/0097/V03_S0518_I00000482_P1934,naturalistic/train/0123/0003/V03_S0518_I00000482_P1984,v03_multi,V03,naturalistic,13786,V03,naturalistic,train,ipc_conversation,random draw from V03 files the pipeline sorted into 'multi'; positioned on the longest untrusted stretch,"{""audio"": ""present"", ""flags_fired"": ""fm1_sitting+fm2_smplh_invalid"", ""fm1_ankles_visible_frac"": 1.0, ""fm1_knee_between_torso_p50"": 0.3636617639098972, ""fm1_shin_verticality_p50"": 0.9847836085157616, ""fm2_smplh_valid_frac"": 0.9997957099080694, ""fm3_static_frac"": 0.20898876404494382, ""fps"": 29.97, ""geom_body_roll_deg"": 1.0809344510204775, ""observed_duration_s"": 490.0225, ""repair_applied"": ""none"", ""reproj_shoulder_widths_p50"": 0.04795978663937664, ""shown_raster"": ""2160x3840"", ""stored_raster"": ""2160x3840"", ""timebase"": ""consistent"", ""timebase_index_drift_s"": 0.0, ""unit_flagged_frac"": 1.0, ""vendor"": ""V03""}",render
r7_262,v03_multi_262_V03_S1684_I00000076_P4821_f0004016,V03_S1684_I00000076_P4821,naturalistic/train/0162/0150/V03_S1684_I00000076_P4821,naturalistic/train/0162/0077/V03_S1684_I00000076_P4351,v03_multi,V03,naturalistic,4016,V03,naturalistic,train,grounded_gesture,random draw from V03 files the pipeline sorted into 'multi'; positioned on the longest untrusted stretch,"{""audio"": ""present"", ""flags_fired"": ""fm1_sitting+fm2_smplh_invalid"", ""fm1_ankles_visible_frac"": 1.0, ""fm1_knee_between_torso_p50"": 0.24696310413151393, ""fm1_shin_verticality_p50"": 0.9918816683043213, ""fm2_smplh_valid_frac"": 0.9991861648016277, ""fm3_static_frac"": 0.37375381485249237, ""fps"": 29.97, ""geom_body_roll_deg"": -2.6979262820015327e-05, ""observed_duration_s"": 164.030167, ""repair_applied"": ""none"", ""reproj_shoulder_widths_p50"": 0.0647377486398351, ""shown_raster"": ""2160x3840"", ""stored_raster"": ""2160x3840"", ""timebase"": ""consistent"", ""timebase_index_drift_s"": 0.0, ""unit_flagged_frac"": 1.0, ""vendor"": ""V03""}",render
r7_263,v03_multi_263_V03_S1293_I00000199_P3821_f0003658,V03_S1293_I00000199_P3821,naturalistic/train/0144/0118/V03_S1293_I00000199_P3821,naturalistic/train/0144/0071/V03_S1293_I00000199_P3815,v03_multi,V03,naturalistic,3658,V03,naturalistic,train,grounded_gesture,random draw from V03 files the pipeline sorted into 'multi'; positioned on the longest untrusted stretch,"{""audio"": ""present"", ""flags_fired"": ""fm1_sitting+fm2_smplh_invalid+fm3_static_hands"", ""fm1_ankles_visible_frac"": 1.0, ""fm1_knee_between_torso_p50"": 0.30706194998332936, ""fm1_shin_verticality_p50"": 0.9986876688477747, ""fm2_smplh_valid_frac"": 0.9928184730968954, ""fm3_static_frac"": 0.7880897138437741, ""fps"": 29.97, ""geom_body_roll_deg"": -1.150885574526667e-05, ""observed_duration_s"": 302.001333, ""repair_applied"": ""none"", ""reproj_shoulder_widths_p50"": 0.07004065705326895, ""shown_raster"": ""2160x3840"", ""stored_raster"": ""2160x3840"", ""timebase"": ""consistent"", ""timebase_index_drift_s"": 0.03336666666666667, ""unit_flagged_frac"": 1.0, ""vendor"": ""V03""}",render
r7_264,v03_multi_264_V03_S1740_I00000200_P4969_f0000000,V03_S1740_I00000200_P4969,naturalistic/train/0165/0138/V03_S1740_I00000200_P4969,naturalistic/train/0165/0115/V03_S1740_I00000200_P4683,v03_multi,V03,naturalistic,0,V03,naturalistic,train,ipc_conversation,random draw from V03 files the pipeline sorted into 'multi'; positioned on the longest untrusted stretch,"{""audio"": ""present"", ""flags_fired"": ""fm1_sitting+fm2_smplh_invalid"", ""fm1_ankles_visible_frac"": 1.0, ""fm1_knee_between_torso_p50"": 0.2684178286133396, ""fm1_shin_verticality_p50"": 0.9980525699718478, ""fm2_smplh_valid_frac"": 0.9998037291462217, ""fm3_static_frac"": 0.04474975466143278, ""fps"": 29.97, ""geom_body_roll_deg"": -1.0050787525947518, ""observed_duration_s"": 170.0028, ""repair_applied"": ""none"", ""reproj_shoulder_widths_p50"": 0.0866871249642028, ""shown_raster"": ""2160x3840"", ""stored_raster"": ""2160x3840"", ""timebase"": ""consistent"", ""timebase_index_drift_s"": 0.03336666666666667, ""unit_flagged_frac"": 1.0, ""vendor"": ""V03""}",render
r7_265,v03_multi_265_V03_S1109_I00000154_P3820_f0002659,V03_S1109_I00000154_P3820,naturalistic/train/0137/0013/V03_S1109_I00000154_P3820,naturalistic/train/0137/0131/V03_S1109_I00000154_P3821,v03_multi,V03,naturalistic,2659,V03,naturalistic,train,ipc_conversation,random draw from V03 files the pipeline sorted into 'multi'; positioned on the longest untrusted stretch,"{""audio"": ""present"", ""flags_fired"": ""fm1_sitting+fm2_smplh_invalid"", ""fm1_ankles_visible_frac"": 1.0, ""fm1_knee_between_torso_p50"": 0.3421314686807775, ""fm1_shin_verticality_p50"": 0.9971993160896808, ""fm2_smplh_valid_frac"": 0.9750967117988395, ""fm3_static_frac"": 0.19922630560928434, ""fps"": 29.97, ""geom_body_roll_deg"": -0.8814047788128143, ""observed_duration_s"": 138.004533, ""repair_applied"": ""none"", ""reproj_shoulder_widths_p50"": 0.08337939892348326, ""shown_raster"": ""2160x3840"", ""stored_raster"": ""2160x3840"", ""timebase"": ""consistent"", ""timebase_index_drift_s"": 0.0, ""unit_flagged_frac"": 1.0, ""vendor"": ""V03""}",render
r7_266,v03_multi_266_V03_S0320_I00000057_P1655_f0000735,V03_S0320_I00000057_P1655,naturalistic/train/0115/0079/V03_S0320_I00000057_P1655,naturalistic/train/0115/0010/V03_S0320_I00000057_P1792,v03_multi,V03,naturalistic,735,V03,naturalistic,train,ipc_conversation,random draw from V03 files the pipeline sorted into 'multi'; positioned on the longest untrusted stretch,"{""audio"": ""present"", ""flags_fired"": ""fm1_sitting+fm2_smplh_invalid"", ""fm1_ankles_visible_frac"": 0.9975071907957814, ""fm1_knee_between_torso_p50"": 0.5621530627856102, ""fm1_shin_verticality_p50"": -0.8944271909999159, ""fm2_smplh_valid_frac"": 0.9896452540747843, ""fm3_static_frac"": 0.06251198465963567, ""fps"": 29.97, ""geom_body_roll_deg"": -3.4682286717847375, ""observed_duration_s"": 174.007167, ""repair_applied"": ""none"", ""reproj_shoulder_widths_p50"": 0.10838744382389878, ""shown_raster"": ""2160x3840"", ""stored_raster"": ""2160x3840"", ""timebase"": ""consistent"", ""timebase_index_drift_s"": 0.0, ""unit_flagged_frac"": 1.0, ""vendor"": ""V03""}",render
r7_267,v03_multi_267_V03_S0261_I00000382_P1490_f0001648,V03_S0261_I00000382_P1490,naturalistic/train/0113/0036/V03_S0261_I00000382_P1490,naturalistic/train/0113/0128/V03_S0261_I00000382_P1634,v03_multi,V03,naturalistic,1648,V03,naturalistic,train,ipc_conversation,random draw from V03 files the pipeline sorted into 'multi'; positioned on the longest untrusted stretch,"{""audio"": ""present"", ""flags_fired"": ""fm1_sitting+fm2_smplh_invalid"", ""fm1_ankles_visible_frac"": 0.19365390906117108, ""fm1_knee_between_torso_p50"": 0.3595460817807079, ""fm1_shin_verticality_p50"": 0.9883716535249109, ""fm2_smplh_valid_frac"": 0.9666339548577036, ""fm3_static_frac"": 0.23061825318940138, ""fps"": 29.97, ""geom_body_roll_deg"": 3.9182471896753697, ""observed_duration_s"": 102.0019, ""repair_applied"": ""none"", ""reproj_shoulder_widths_p50"": 0.0827795473343974, ""shown_raster"": ""2160x3840"", ""stored_raster"": ""2160x3840"", ""timebase"": ""consistent"", ""timebase_index_drift_s"": 0.0, ""unit_flagged_frac"": 0.5, ""vendor"": ""V03""}",render
r7_268,v03_multi_268_V03_S1284_I00000055_P3671_f0000660,V03_S1284_I00000055_P3671,naturalistic/train/0144/0026/V03_S1284_I00000055_P3671,naturalistic/train/0144/0027/V03_S1284_I00000055_P3921,v03_multi,V03,naturalistic,660,V03,naturalistic,train,ipc_conversation,random draw from V03 files the pipeline sorted into 'multi',"{""audio"": ""present"", ""flags_fired"": ""fm1_sitting+fm3_static_hands"", ""fm1_ankles_visible_frac"": 1.0, ""fm1_knee_between_torso_p50"": 0.385457606783861, ""fm1_shin_verticality_p50"": 0.9993148351909742, ""fm2_smplh_valid_frac"": 1.0, ""fm3_static_frac"": 0.7739244951712028, ""fps"": 29.97, ""geom_body_roll_deg"": 1.0895608064068837e-05, ""observed_duration_s"": 76.009267, ""repair_applied"": ""none"", ""reproj_shoulder_widths_p50"": 0.049635080298342515, ""shown_raster"": ""2160x3840"", ""stored_raster"": ""2160x3840"", ""timebase"": ""consistent"", ""timebase_index_drift_s"": 0.0, ""unit_flagged_frac"": 1.0, ""vendor"": ""V03""}",render
r7_269,v03_multi_269_V03_S0173_I00000130_P1331_f0007132,V03_S0173_I00000130_P1331,naturalistic/train/0109/0003/V03_S0173_I00000130_P1331,naturalistic/train/0109/0153/V03_S0173_I00000130_P1372,v03_multi,V03,naturalistic,7132,V03,naturalistic,train,ipc_conversation,random draw from V03 files the pipeline sorted into 'multi'; positioned on the longest untrusted stretch,"{""audio"": ""present"", ""flags_fired"": ""fm1_sitting+fm2_smplh_invalid+fm3_static_hands"", ""fm1_ankles_visible_frac"": 0.9040089641434262, ""fm1_knee_between_torso_p50"": 0.5746602543606446, ""fm1_shin_verticality_p50"": -0.7071081906497176, ""fm2_smplh_valid_frac"": 0.9912848605577689, ""fm3_static_frac"": 0.7745268924302788, ""fps"": 29.97, ""geom_body_roll_deg"": -0.49821259986850785, ""observed_duration_s"": 268.0007, ""repair_applied"": ""none"", ""reproj_shoulder_widths_p50"": 0.13026559396203044, ""shown_raster"": ""2160x3840"", ""stored_raster"": ""2160x3840"", ""timebase"": ""consistent"", ""timebase_index_drift_s"": 0.03336666666666667, ""unit_flagged_frac"": 1.0, ""vendor"": ""V03""}",render
