review_item_id,clip_id,file_id,source_relbase,partner_source_relbase,sample_group,vendor_stratum,label_stratum,start_frame,vendor,label,split,activity_type,selection_reason,signals_json,render_policy
r10_000,ask_posture_v03_000_V03_S1784_I00000338_P4801_f0003328,V03_S1784_I00000338_P4801,naturalistic/train/0167/0075/V03_S1784_I00000338_P4801,naturalistic/train/0167/0011/V03_S1784_I00000338_P4792,ask_posture_v03,V03,naturalistic,3328,V03,naturalistic,train,ipc_conversation,"V03, hip flexion 138-146 degrees — around the new 146 cut","{""audio"": ""present"", ""audio_spectral_flatness"": 0.0005063098755517508, ""audio_speech_level_db"": -18.918130877786957, ""audio_status"": ""ok"", ""audio_voice_isolation_db"": 11.371000238436542, ""flags_fired"": ""fm1_sitting+fm2_smplh_invalid"", ""fm0_reasons"": ""none"", ""fm1_ankles_visible_frac"": 1.0, ""fm1_hip_flexion_deg_p25"": 138.2797748089488, ""fm1_hip_flexion_deg_p50"": 140.31322036368687, ""fm1_hip_flexion_deg_p75"": 142.83320062989884, ""fm1_knee_between_torso_p50"": 0.48919142479853156, ""fm1_scope"": ""this file (session is 100% seated over 1 files)"", ""fm1_shin_verticality_p50"": 0.9990138097113722, ""fm2_smplh_valid_frac"": 0.9715157680569685, ""fm3_static_frac"": 0.36154628687690743, ""fps"": 29.97, ""geom_body_roll_deg"": -3.814073632603542, ""observed_duration_s"": 164.030533, ""repair_applied"": ""none"", ""reproj_shoulder_widths_p50"": 0.11372780384528774, ""shown_raster"": ""2160x3840"", ""stored_raster"": ""2160x3840"", ""timebase"": ""consistent"", ""timebase_index_drift_s"": -0.03336666666666667, ""unit_flagged_frac"": 1.0, ""vendor"": ""V03""}",render
r10_001,ask_posture_v03_001_V03_S1859_I00000093_P4408_f0001388,V03_S1859_I00000093_P4408,naturalistic/train/0169/0037/V03_S1859_I00000093_P4408,naturalistic/train/0169/0039/V03_S1859_I00000093_P5227,ask_posture_v03,V03,naturalistic,1388,V03,naturalistic,train,ipc_conversation,"V03, hip flexion 138-146 degrees — around the new 146 cut","{""audio"": ""present"", ""audio_spectral_flatness"": 0.000522568586383713, ""audio_speech_level_db"": -19.6392768021843, ""audio_status"": ""ok"", ""audio_voice_isolation_db"": 7.44388892283462, ""flags_fired"": ""fm1_sitting+fm2_smplh_invalid"", ""fm0_reasons"": ""none"", ""fm1_ankles_visible_frac"": 0.48331802877257424, ""fm1_hip_flexion_deg_p25"": 142.99488784455292, ""fm1_hip_flexion_deg_p50"": 144.81688740277033, ""fm1_hip_flexion_deg_p75"": 146.50305285136966, ""fm1_knee_between_torso_p50"": 0.6615422449062064, ""fm1_scope"": ""this file (session is 100% seated over 2 files)"", ""fm1_shin_verticality_p50"": 0.4472116218098238, ""fm2_smplh_valid_frac"": 0.9765840220385675, ""fm3_static_frac"": 0.2785430058157331, ""fps"": 29.97, ""geom_body_roll_deg"": 1.3478858600406087, ""observed_duration_s"": 218.0178, ""repair_applied"": ""none"", ""reproj_shoulder_widths_p50"": 0.10569930453666264, ""shown_raster"": ""2160x3840"", ""stored_raster"": ""2160x3840"", ""timebase"": ""consistent"", ""timebase_index_drift_s"": 0.0, ""unit_flagged_frac"": 1.0, ""vendor"": ""V03""}",render
r10_002,ask_posture_v03_002_V03_S0870_I00000056_P2963_f0001280,V03_S0870_I00000056_P2963,naturalistic/test/0002/0022/V03_S0870_I00000056_P2963,,ask_posture_v03,V03,naturalistic,1280,V03,naturalistic,test,ipc_conversation,"V03, hip flexion 138-146 degrees — around the new 146 cut","{""audio"": ""present"", ""audio_spectral_flatness"": 0.00031666185880142086, ""audio_speech_level_db"": -17.54606991387579, ""audio_status"": ""ok"", ""audio_voice_isolation_db"": null, ""flags_fired"": ""fm1_sitting"", ""fm0_reasons"": ""none"", ""fm1_ankles_visible_frac"": 1.0, ""fm1_hip_flexion_deg_p25"": 141.15099146937172, ""fm1_hip_flexion_deg_p50"": 143.60923509170505, ""fm1_hip_flexion_deg_p75"": 147.80940894803172, ""fm1_knee_between_torso_p50"": 0.519660302130353, ""fm1_scope"": ""this file (session is 100% seated over 1 files)"", ""fm1_shin_verticality_p50"": 0.9997531763661356, ""fm2_smplh_valid_frac"": 1.0, ""fm3_static_frac"": 0.022019572953736653, ""fps"": 29.97, ""geom_body_roll_deg"": 4.527899647101588e-06, ""observed_duration_s"": 150.016533, ""repair_applied"": ""none"", ""reproj_shoulder_widths_p50"": 0.17049717690898497, ""shown_raster"": ""2160x3840"", ""stored_raster"": ""2160x3840"", ""timebase"": ""consistent"", ""timebase_index_drift_s"": 0.0, ""unit_flagged_frac"": 1.0, ""vendor"": ""V03""}",render
r10_003,ask_posture_v03_003_V03_S1388_I00000121_P4325_f0003969,V03_S1388_I00000121_P4325,naturalistic/train/0149/0055/V03_S1388_I00000121_P4325,naturalistic/train/0149/0047/V03_S1388_I00000121_P4318,ask_posture_v03,V03,naturalistic,3969,V03,naturalistic,train,collaborative_storytelling,"V03, hip flexion 138-146 degrees — around the new 146 cut","{""audio"": ""present"", ""audio_spectral_flatness"": 0.0004208050237623477, ""audio_speech_level_db"": -17.548089921747064, ""audio_status"": ""ok"", ""audio_voice_isolation_db"": 12.482595535877444, ""flags_fired"": ""fm1_sitting+fm2_smplh_invalid"", ""fm0_reasons"": ""none"", ""fm1_ankles_visible_frac"": 1.0, ""fm1_hip_flexion_deg_p25"": 141.24311602646435, ""fm1_hip_flexion_deg_p50"": 145.59302423867035, ""fm1_hip_flexion_deg_p75"": 152.11360126163785, ""fm1_knee_between_torso_p50"": 0.5188475853395493, ""fm1_scope"": ""this file (session is 100% seated over 1 files)"", ""fm1_shin_verticality_p50"": 0.9996876505957909, ""fm2_smplh_valid_frac"": 0.99678391959799, ""fm3_static_frac"": 0.0, ""fps"": 29.97, ""geom_body_roll_deg"": -0.9391908723376854, ""observed_duration_s"": 166.032167, ""repair_applied"": ""none"", ""reproj_shoulder_widths_p50"": 0.12124556896480264, ""shown_raster"": ""2160x3840"", ""stored_raster"": ""2160x3840"", ""timebase"": ""consistent"", ""timebase_index_drift_s"": 0.0, ""unit_flagged_frac"": 1.0, ""vendor"": ""V03""}",render
r10_004,ask_posture_v03_004_V03_S1777_I00000349_P5010_f0001805,V03_S1777_I00000349_P5010,naturalistic/train/0166/0049/V03_S1777_I00000349_P5010,naturalistic/train/0166/0008/V03_S1777_I00000349_P5173,ask_posture_v03,V03,naturalistic,1805,V03,naturalistic,train,grounded_gesture,"V03, hip flexion 138-146 degrees — around the new 146 cut","{""audio"": ""present"", ""audio_spectral_flatness"": 0.00038141059875463636, ""audio_speech_level_db"": -18.630834256568, ""audio_status"": ""ok"", ""audio_voice_isolation_db"": 21.107385222458706, ""flags_fired"": ""fm1_sitting+fm2_smplh_invalid"", ""fm0_reasons"": ""none"", ""fm1_ankles_visible_frac"": 0.9976677430929315, ""fm1_hip_flexion_deg_p25"": 141.07314708498308, ""fm1_hip_flexion_deg_p50"": 143.23807440281112, ""fm1_hip_flexion_deg_p75"": 147.8215562265936, ""fm1_knee_between_torso_p50"": 0.5466849236050412, ""fm1_scope"": ""this file (session is 100% seated over 1 files)"", ""fm1_shin_verticality_p50"": 0.9994801117722887, ""fm2_smplh_valid_frac"": 0.9978471474703983, ""fm3_static_frac"": 0.6535701471115896, ""fps"": 29.97, ""geom_body_roll_deg"": -0.7252234916694529, ""observed_duration_s"": 186.0188, ""repair_applied"": ""none"", ""reproj_shoulder_widths_p50"": 0.2000646499807936, ""shown_raster"": ""2160x3840"", ""stored_raster"": ""2160x3840"", ""timebase"": ""consistent"", ""timebase_index_drift_s"": 0.0, ""unit_flagged_frac"": 1.0, ""vendor"": ""V03""}",render
r10_005,ask_posture_v03_005_V03_S1707_I00000074_P4875_f0014682,V03_S1707_I00000074_P4875,naturalistic/train/0163/0083/V03_S1707_I00000074_P4875,naturalistic/train/0163/0115/V03_S1707_I00000074_P4872,ask_posture_v03,V03,naturalistic,14682,V03,naturalistic,train,ipc_conversation,"V03, hip flexion 138-146 degrees — around the new 146 cut","{""audio"": ""present"", ""audio_spectral_flatness"": 0.005543355909770639, ""audio_speech_level_db"": -21.683924975947026, ""audio_status"": ""ok"", ""audio_voice_isolation_db"": 11.443194984131107, ""flags_fired"": ""fm1_sitting"", ""fm0_reasons"": ""none"", ""fm1_ankles_visible_frac"": 0.9741935483870968, ""fm1_hip_flexion_deg_p25"": 138.8735789856257, ""fm1_hip_flexion_deg_p50"": 141.77693297789182, ""fm1_hip_flexion_deg_p75"": 146.7487176448397, ""fm1_knee_between_torso_p50"": 0.5042467837991813, ""fm1_scope"": ""this file (session is 100% seated over 1 files)"", ""fm1_shin_verticality_p50"": 0.9985422634318651, ""fm2_smplh_valid_frac"": 1.0, ""fm3_static_frac"": 0.3046875, ""fps"": 29.97, ""geom_body_roll_deg"": 0.8680460194263668, ""observed_duration_s"": 662.027667, ""repair_applied"": ""none"", ""reproj_shoulder_widths_p50"": 0.15860980129342672, ""shown_raster"": ""2160x3840"", ""stored_raster"": ""2160x3840"", ""timebase"": ""consistent"", ""timebase_index_drift_s"": 0.0, ""unit_flagged_frac"": 1.0, ""vendor"": ""V03""}",render
r10_006,ask_posture_v03_006_V03_S1739_I00000078_P4749_f0002213,V03_S1739_I00000078_P4749,naturalistic/train/0165/0109/V03_S1739_I00000078_P4749,naturalistic/train/0165/0041/V03_S1739_I00000078_P4737,ask_posture_v03,V03,naturalistic,2213,V03,naturalistic,train,ipc_conversation,"V03, hip flexion 138-146 degrees — around the new 146 cut","{""audio"": ""present"", ""audio_spectral_flatness"": 0.0006068961195014483, ""audio_speech_level_db"": -16.867019286917458, ""audio_status"": ""ok"", ""audio_voice_isolation_db"": 6.678606342450974, ""flags_fired"": ""fm1_sitting+fm2_smplh_invalid"", ""fm0_reasons"": ""none"", ""fm1_ankles_visible_frac"": 1.0, ""fm1_hip_flexion_deg_p25"": 141.19921262984442, ""fm1_hip_flexion_deg_p50"": 143.62871040944563, ""fm1_hip_flexion_deg_p75"": 148.05433736885882, ""fm1_knee_between_torso_p50"": 0.5002633752936191, ""fm1_scope"": ""this file (session is 100% seated over 1 files)"", ""fm1_shin_verticality_p50"": 0.9991330805613297, ""fm2_smplh_valid_frac"": 0.2088882658068134, ""fm3_static_frac"": 0.19458853217440067, ""fps"": 29.97, ""geom_body_roll_deg"": -1.0416333727790763, ""observed_duration_s"": 238.004067, ""repair_applied"": ""none"", ""reproj_shoulder_widths_p50"": 0.08047534664469766, ""shown_raster"": ""2160x3840"", ""stored_raster"": ""2160x3840"", ""timebase"": ""consistent"", ""timebase_index_drift_s"": 0.03336666666666667, ""unit_flagged_frac"": 1.0, ""vendor"": ""V03""}",render
r10_007,ask_posture_v03_007_V03_S0365_I00000206_P1823_f0002883,V03_S0365_I00000206_P1823,naturalistic/train/0117/0042/V03_S0365_I00000206_P1823,naturalistic/train/0117/0014/V03_S0365_I00000206_P1822,ask_posture_v03,V03,naturalistic,2883,V03,naturalistic,train,grounded_gesture,"V03, hip flexion 138-146 degrees — around the new 146 cut","{""audio"": ""present"", ""audio_spectral_flatness"": 0.003569461842334471, ""audio_speech_level_db"": -35.795697951192345, ""audio_status"": ""ok"", ""audio_voice_isolation_db"": 8.655221157488219, ""flags_fired"": ""fm0_unusable_source+fm1_sitting+fm2_smplh_invalid"", ""fm0_reasons"": ""raster_3840x2160"", ""fm1_ankles_visible_frac"": 0.9925724637681159, ""fm1_hip_flexion_deg_p25"": 141.60849599550275, ""fm1_hip_flexion_deg_p50"": 145.22513748165915, ""fm1_hip_flexion_deg_p75"": 148.7391683967079, ""fm1_knee_between_torso_p50"": 0.5071267671670743, ""fm1_scope"": ""this file (session is 88% seated over 16 files)"", ""fm1_shin_verticality_p50"": 2.6518001671194956e-07, ""fm2_smplh_valid_frac"": 0.9297101449275362, ""fm3_static_frac"": 0.12518115942028984, ""fps"": 30.0, ""geom_body_roll_deg"": -87.39743575732996, ""observed_duration_s"": 184.0, ""repair_applied"": ""90\u00b0 turn"", ""reproj_shoulder_widths_p50"": 0.0858072946945358, ""shown_raster"": ""2160x3840"", ""stored_raster"": ""3840x2160"", ""timebase"": ""consistent"", ""timebase_index_drift_s"": 0.0, ""unit_flagged_frac"": 0.875, ""vendor"": ""V03""}",render
r10_008,ask_posture_v03_008_V03_S0197_I00000125_P1416_f0003031,V03_S0197_I00000125_P1416,naturalistic/train/0110/0031/V03_S0197_I00000125_P1416,naturalistic/train/0110/0084/V03_S0197_I00000125_P1417,ask_posture_v03,V03,naturalistic,3031,V03,naturalistic,train,ipc_conversation,"V03, hip flexion 138-146 degrees — around the new 146 cut","{""audio"": ""present"", ""audio_spectral_flatness"": 0.0007882322180364438, ""audio_speech_level_db"": -20.83274222466198, ""audio_status"": ""ok"", ""audio_voice_isolation_db"": 38.94283043795967, ""flags_fired"": ""fm1_sitting+fm2_smplh_invalid"", ""fm0_reasons"": ""none"", ""fm1_ankles_visible_frac"": 0.9952581664910432, ""fm1_hip_flexion_deg_p25"": 144.38980965386415, ""fm1_hip_flexion_deg_p50"": 145.62609667062236, ""fm1_hip_flexion_deg_p75"": 146.76363729546262, ""fm1_knee_between_torso_p50"": 0.5863418661829954, ""fm1_scope"": ""this file (session is 100% seated over 1 files)"", ""fm1_shin_verticality_p50"": 0.9125094291181364, ""fm2_smplh_valid_frac"": 0.9964875307341061, ""fm3_static_frac"": 0.23112047769582017, ""fps"": 29.97, ""geom_body_roll_deg"": -1.684679728406428, ""observed_duration_s"": 190.0228, ""repair_applied"": ""none"", ""reproj_shoulder_widths_p50"": 0.08822121021668664, ""shown_raster"": ""2160x3840"", ""stored_raster"": ""2160x3840"", ""timebase"": ""consistent"", ""timebase_index_drift_s"": 0.0, ""unit_flagged_frac"": 1.0, ""vendor"": ""V03""}",render
r10_009,ask_posture_v03_009_V03_S0216_I00000386_P1474_f0004330,V03_S0216_I00000386_P1474,naturalistic/train/0111/0011/V03_S0216_I00000386_P1474,naturalistic/train/0111/0069/V03_S0216_I00000386_P1475,ask_posture_v03,V03,naturalistic,4330,V03,naturalistic,train,ipc_conversation,"V03, hip flexion 138-146 degrees — around the new 146 cut","{""audio"": ""present"", ""audio_spectral_flatness"": 0.012771969310442482, ""audio_speech_level_db"": -22.784278571895502, ""audio_status"": ""ok"", ""audio_voice_isolation_db"": 57.773061086138576, ""flags_fired"": ""fm1_sitting+fm2_smplh_invalid"", ""fm0_reasons"": ""none"", ""fm1_ankles_visible_frac"": 0.9488415199258573, ""fm1_hip_flexion_deg_p25"": 143.52923745272838, ""fm1_hip_flexion_deg_p50"": 145.79103572509587, ""fm1_hip_flexion_deg_p75"": 149.519549000738, ""fm1_knee_between_torso_p50"": 0.5954463230154238, ""fm1_scope"": ""this file (session is 100% seated over 2 files)"", ""fm1_shin_verticality_p50"": 0.9999999998527872, ""fm2_smplh_valid_frac"": 0.9809082483781278, ""fm3_static_frac"": 0.6789620018535681, ""fps"": 29.97, ""geom_body_roll_deg"": 0.6902759112687323, ""observed_duration_s"": 180.013167, ""repair_applied"": ""none"", ""reproj_shoulder_widths_p50"": 0.09504022620209772, ""shown_raster"": ""2160x3840"", ""stored_raster"": ""2160x3840"", ""timebase"": ""consistent"", ""timebase_index_drift_s"": 0.0, ""unit_flagged_frac"": 1.0, ""vendor"": ""V03""}",render
r10_010,ask_posture_v03_010_V03_S0985_I00000408_P3381_f0001423,V03_S0985_I00000408_P3381,naturalistic/train/0132/0088/V03_S0985_I00000408_P3381,naturalistic/train/0132/0060/V03_S0985_I00000408_P3380,ask_posture_v03,V03,naturalistic,1423,V03,naturalistic,train,ipc_conversation,"V03, hip flexion 146-152 degrees — around the new 146 cut","{""audio"": ""present"", ""audio_spectral_flatness"": 0.0005009383468503322, ""audio_speech_level_db"": -22.370743687675745, ""audio_status"": ""ok"", ""audio_voice_isolation_db"": 3.343617074134877, ""flags_fired"": ""fm0_unusable_source+fm2_smplh_invalid"", ""fm0_reasons"": ""raster_3840x2160"", ""fm1_ankles_visible_frac"": 1.0, ""fm1_hip_flexion_deg_p25"": 145.62450077535715, ""fm1_hip_flexion_deg_p50"": 149.23805339634174, ""fm1_hip_flexion_deg_p75"": 152.32806721718504, ""fm1_knee_between_torso_p50"": 0.5178532521907668, ""fm1_scope"": ""this file (session is 53% seated over 17 files)"", ""fm1_shin_verticality_p50"": 0.08789359960584611, ""fm2_smplh_valid_frac"": 0.9947916666666666, ""fm3_static_frac"": 0.06041666666666667, ""fps"": 30.0, ""geom_body_roll_deg"": -91.43210739003605, ""observed_duration_s"": 224.0, ""repair_applied"": ""90\u00b0 turn"", ""reproj_shoulder_widths_p50"": 0.07991506132456405, ""shown_raster"": ""2160x3840"", ""stored_raster"": ""3840x2160"", ""timebase"": ""consistent"", ""timebase_index_drift_s"": 0.0, ""unit_flagged_frac"": 0.5294117647058824, ""vendor"": ""V03""}",render
r10_011,ask_posture_v03_011_V03_S0478_I00000068_P1810_f0001130,V03_S0478_I00000068_P1810,naturalistic/test/0002/0002/V03_S0478_I00000068_P1810,naturalistic/test/0002/0033/V03_S0478_I00000068_P1811,ask_posture_v03,V03,naturalistic,1130,V03,naturalistic,test,ipc_conversation,"V03, hip flexion 146-152 degrees — around the new 146 cut","{""audio"": ""present"", ""audio_spectral_flatness"": 0.0006281217769425203, ""audio_speech_level_db"": -13.95951994364937, ""audio_status"": ""ok"", ""audio_voice_isolation_db"": 0.588866607129485, ""flags_fired"": ""fm0_unusable_source+fm2_smplh_invalid"", ""fm0_reasons"": ""raster_3840x2160"", ""fm1_ankles_visible_frac"": 1.0, ""fm1_hip_flexion_deg_p25"": 144.7923951370356, ""fm1_hip_flexion_deg_p50"": 147.58752604007245, ""fm1_hip_flexion_deg_p75"": 150.36954499987013, ""fm1_knee_between_torso_p50"": 0.5235529309806026, ""fm1_scope"": ""this file (session is 85% seated over 13 files)"", ""fm1_shin_verticality_p50"": 0.05872209908118235, ""fm2_smplh_valid_frac"": 0.9995, ""fm3_static_frac"": 0.0845, ""fps"": 30.0, ""geom_body_roll_deg"": -88.72696740349251, ""observed_duration_s"": 400.0, ""repair_applied"": ""90\u00b0 turn"", ""reproj_shoulder_widths_p50"": 0.10529974762195125, ""shown_raster"": ""2160x3840"", ""stored_raster"": ""3840x2160"", ""timebase"": ""consistent"", ""timebase_index_drift_s"": 0.0, ""unit_flagged_frac"": 0.8461538461538461, ""vendor"": ""V03""}",render
r10_012,ask_posture_v03_012_V03_S0425_I00000071_P2353_f0000465,V03_S0425_I00000071_P2353,naturalistic/train/0119/0067/V03_S0425_I00000071_P2353,naturalistic/train/0119/0029/V03_S0425_I00000071_P2350,ask_posture_v03,V03,naturalistic,465,V03,naturalistic,train,ipc_conversation,"V03, hip flexion 146-152 degrees — around the new 146 cut","{""audio"": ""present"", ""audio_spectral_flatness"": 0.0006674830800277001, ""audio_speech_level_db"": -18.511919771381343, ""audio_status"": ""ok"", ""audio_voice_isolation_db"": 12.324570531893787, ""flags_fired"": ""none"", ""fm0_reasons"": ""none"", ""fm1_ankles_visible_frac"": 1.0, ""fm1_hip_flexion_deg_p25"": 147.5294354955765, ""fm1_hip_flexion_deg_p50"": 150.68703973548702, ""fm1_hip_flexion_deg_p75"": 154.5404272589683, ""fm1_knee_between_torso_p50"": 0.5420844236817524, ""fm1_scope"": ""this file (session is 0% seated over 2 files)"", ""fm1_shin_verticality_p50"": 0.9997418329533766, ""fm2_smplh_valid_frac"": 1.0, ""fm3_static_frac"": 0.6809176225234619, ""fps"": 29.97, ""geom_body_roll_deg"": 0.8680527733914987, ""observed_duration_s"": 96.029267, ""repair_applied"": ""none"", ""reproj_shoulder_widths_p50"": 0.14943115351732897, ""shown_raster"": ""2160x3840"", ""stored_raster"": ""2160x3840"", ""timebase"": ""consistent"", ""timebase_index_drift_s"": -0.03336666666666667, ""unit_flagged_frac"": 0.0, ""vendor"": ""V03""}",render
r10_013,ask_posture_v03_013_V03_S0955_I00000100_P1860_f0006645,V03_S0955_I00000100_P1860,naturalistic/train/0130/0050/V03_S0955_I00000100_P1860,naturalistic/train/0130/0073/V03_S0955_I00000100_P3317,ask_posture_v03,V03,naturalistic,6645,V03,naturalistic,train,ipc_conversation,"V03, hip flexion 146-152 degrees — around the new 146 cut","{""audio"": ""present"", ""audio_spectral_flatness"": 0.00048537836715536895, ""audio_speech_level_db"": -8.718675104557592, ""audio_status"": ""ok"", ""audio_voice_isolation_db"": 1.0881521696236738, ""flags_fired"": ""fm0_unusable_source+fm2_smplh_invalid"", ""fm0_reasons"": ""raster_3840x2160"", ""fm1_ankles_visible_frac"": 0.9995642701525055, ""fm1_hip_flexion_deg_p25"": 143.83431383245852, ""fm1_hip_flexion_deg_p50"": 146.5689682629838, ""fm1_hip_flexion_deg_p75"": 153.12180996979075, ""fm1_knee_between_torso_p50"": 0.5061238037356518, ""fm1_scope"": ""this file (session is 31% seated over 13 files)"", ""fm1_shin_verticality_p50"": 0.029399014290911695, ""fm2_smplh_valid_frac"": 0.9983660130718954, ""fm3_static_frac"": 0.6219485614646905, ""fps"": 30.0, ""geom_body_roll_deg"": -88.56790406983532, ""observed_duration_s"": 306.0, ""repair_applied"": ""90\u00b0 turn"", ""reproj_shoulder_widths_p50"": 0.09085034346509699, ""shown_raster"": ""2160x3840"", ""stored_raster"": ""3840x2160"", ""timebase"": ""consistent"", ""timebase_index_drift_s"": 0.0, ""unit_flagged_frac"": 0.3076923076923077, ""vendor"": ""V03""}",render
r10_014,ask_posture_v03_014_V03_S1710_I00000367_P4863_f0000653,V03_S1710_I00000367_P4863,naturalistic/train/0163/0076/V03_S1710_I00000367_P4863,naturalistic/train/0163/0075/V03_S1710_I00000367_P2642,ask_posture_v03,V03,naturalistic,653,V03,naturalistic,train,ipc_conversation,"V03, hip flexion 146-152 degrees — around the new 146 cut","{""audio"": ""present"", ""audio_spectral_flatness"": 0.0005042689447725996, ""audio_speech_level_db"": -19.733742746648996, ""audio_status"": ""ok"", ""audio_voice_isolation_db"": 5.23732637548231, ""flags_fired"": ""none"", ""fm0_reasons"": ""none"", ""fm1_ankles_visible_frac"": 1.0, ""fm1_hip_flexion_deg_p25"": 144.24164839594368, ""fm1_hip_flexion_deg_p50"": 146.03239289862242, ""fm1_hip_flexion_deg_p75"": 147.72951597039759, ""fm1_knee_between_torso_p50"": 0.5065115312170638, ""fm1_scope"": ""this file (session is 0% seated over 1 files)"", ""fm1_shin_verticality_p50"": 0.9990138068859833, ""fm2_smplh_valid_frac"": 1.0, ""fm3_static_frac"": 0.00034746351633078526, ""fps"": 29.97, ""geom_body_roll_deg"": -1.9749397755252214, ""observed_duration_s"": 96.029267, ""repair_applied"": ""none"", ""reproj_shoulder_widths_p50"": 0.10536560120346453, ""shown_raster"": ""2160x3840"", ""stored_raster"": ""2160x3840"", ""timebase"": ""consistent"", ""timebase_index_drift_s"": 0.0, ""unit_flagged_frac"": 0.0, ""vendor"": ""V03""}",render
r10_015,ask_posture_v03_015_V03_S0955_I00000099_P1860_f0001546,V03_S0955_I00000099_P1860,naturalistic/train/0130/0050/V03_S0955_I00000099_P1860,naturalistic/train/0130/0014/V03_S0955_I00000099_P3317,ask_posture_v03,V03,naturalistic,1546,V03,naturalistic,train,ipc_conversation,"V03, hip flexion 146-152 degrees — around the new 146 cut","{""audio"": ""present"", ""audio_spectral_flatness"": 0.0011902601874545357, ""audio_speech_level_db"": -8.665985541083227, ""audio_status"": ""ok"", ""audio_voice_isolation_db"": 0.858652076243976, ""flags_fired"": ""fm0_unusable_source+fm2_smplh_invalid"", ""fm0_reasons"": ""raster_3840x2160"", ""fm1_ankles_visible_frac"": 0.9198581560283688, ""fm1_hip_flexion_deg_p25"": 145.53063467261023, ""fm1_hip_flexion_deg_p50"": 150.310619983439, ""fm1_hip_flexion_deg_p75"": 152.7050686326249, ""fm1_knee_between_torso_p50"": 0.5151828536476413, ""fm1_scope"": ""this file (session is 31% seated over 13 files)"", ""fm1_shin_verticality_p50"": 0.029399154466785902, ""fm2_smplh_valid_frac"": 0.9195035460992907, ""fm3_static_frac"": 0.5178617322025186, ""fps"": 30.0, ""geom_body_roll_deg"": -89.99998981734905, ""observed_duration_s"": 282.0, ""repair_applied"": ""90\u00b0 turn"", ""reproj_shoulder_widths_p50"": 0.10357405331973779, ""shown_raster"": ""2160x3840"", ""stored_raster"": ""3840x2160"", ""timebase"": ""consistent"", ""timebase_index_drift_s"": 0.0, ""unit_flagged_frac"": 0.3076923076923077, ""vendor"": ""V03""}",render
r10_016,ask_posture_v03_016_V03_S0985_I00000454_P3381_f0000541,V03_S0985_I00000454_P3381,naturalistic/train/0132/0004/V03_S0985_I00000454_P3381,naturalistic/train/0132/0044/V03_S0985_I00000454_P3380,ask_posture_v03,V03,naturalistic,541,V03,naturalistic,train,grounded_gesture,"V03, hip flexion 146-152 degrees — around the new 146 cut","{""audio"": ""present"", ""audio_spectral_flatness"": 0.0008859783585603911, ""audio_speech_level_db"": -26.67001953577591, ""audio_status"": ""ok"", ""audio_voice_isolation_db"": 5.162281857580215, ""flags_fired"": ""fm0_unusable_source+fm2_smplh_invalid"", ""fm0_reasons"": ""raster_3840x2160"", ""fm1_ankles_visible_frac"": 1.0, ""fm1_hip_flexion_deg_p25"": 144.13511868698754, ""fm1_hip_flexion_deg_p50"": 146.0775479322025, ""fm1_hip_flexion_deg_p75"": 148.11606134673298, ""fm1_knee_between_torso_p50"": 0.5041071669309916, ""fm1_scope"": ""this file (session is 53% seated over 17 files)"", ""fm1_shin_verticality_p50"": 0.027017310155038173, ""fm2_smplh_valid_frac"": 0.9941176470588236, ""fm3_static_frac"": 0.17598039215686276, ""fps"": 30.0, ""geom_body_roll_deg"": -91.43209738155267, ""observed_duration_s"": 136.0, ""repair_applied"": ""90\u00b0 turn"", ""reproj_shoulder_widths_p50"": 0.08144918667108621, ""shown_raster"": ""2160x3840"", ""stored_raster"": ""3840x2160"", ""timebase"": ""consistent"", ""timebase_index_drift_s"": 0.0, ""unit_flagged_frac"": 0.5294117647058824, ""vendor"": ""V03""}",render
r10_017,ask_posture_v03_017_V03_S0966_I00000121_P3340_f0004190,V03_S0966_I00000121_P3340,naturalistic/train/0131/0045/V03_S0966_I00000121_P3340,naturalistic/train/0131/0068/V03_S0966_I00000121_P3341,ask_posture_v03,V03,naturalistic,4190,V03,naturalistic,train,collaborative_storytelling,"V03, hip flexion 146-152 degrees — around the new 146 cut","{""audio"": ""present"", ""audio_spectral_flatness"": 0.0014851451620558741, ""audio_speech_level_db"": -16.107740584111294, ""audio_status"": ""ok"", ""audio_voice_isolation_db"": 0.5585995556309387, ""flags_fired"": ""fm0_unusable_source+fm2_smplh_invalid"", ""fm0_reasons"": ""raster_3840x2160"", ""fm1_ankles_visible_frac"": 0.732, ""fm1_hip_flexion_deg_p25"": 148.8367056306095, ""fm1_hip_flexion_deg_p50"": 151.1133270672272, ""fm1_hip_flexion_deg_p75"": 153.66053735149464, ""fm1_knee_between_torso_p50"": 0.5233124961210427, ""fm1_scope"": ""this file (session is 32% seated over 19 files)"", ""fm1_shin_verticality_p50"": 0.03843310993625667, ""fm2_smplh_valid_frac"": 0.8251666666666667, ""fm3_static_frac"": 0.29233333333333333, ""fps"": 30.0, ""geom_body_roll_deg"": -87.70940184638178, ""observed_duration_s"": 200.0, ""repair_applied"": ""90\u00b0 turn"", ""reproj_shoulder_widths_p50"": 0.1249534786048523, ""shown_raster"": ""2160x3840"", ""stored_raster"": ""3840x2160"", ""timebase"": ""consistent"", ""timebase_index_drift_s"": 0.0, ""unit_flagged_frac"": 0.3157894736842105, ""vendor"": ""V03""}",render
r10_018,ask_posture_v03_018_V03_S0955_I00000467_P1860_f0001592,V03_S0955_I00000467_P1860,naturalistic/train/0130/0056/V03_S0955_I00000467_P1860,naturalistic/train/0130/0060/V03_S0955_I00000467_P3317,ask_posture_v03,V03,naturalistic,1592,V03,naturalistic,train,grounded_gesture,"V03, hip flexion 146-152 degrees — around the new 146 cut","{""audio"": ""present"", ""audio_spectral_flatness"": 0.0006890756478075843, ""audio_speech_level_db"": -8.937085151006412, ""audio_status"": ""ok"", ""audio_voice_isolation_db"": 1.3680302656716203, ""flags_fired"": ""fm0_unusable_source+fm2_smplh_invalid"", ""fm0_reasons"": ""raster_3840x2160"", ""fm1_ankles_visible_frac"": 0.996875, ""fm1_hip_flexion_deg_p25"": 146.8261194110912, ""fm1_hip_flexion_deg_p50"": 150.7930513754897, ""fm1_hip_flexion_deg_p75"": 154.04160557661447, ""fm1_knee_between_torso_p50"": 0.5147206238991124, ""fm1_scope"": ""this file (session is 31% seated over 13 files)"", ""fm1_shin_verticality_p50"": 0.027767150608811145, ""fm2_smplh_valid_frac"": 0.9787760416666667, ""fm3_static_frac"": 0.09809299895506791, ""fps"": 30.0, ""geom_body_roll_deg"": -88.60283284114209, ""observed_duration_s"": 256.0, ""repair_applied"": ""90\u00b0 turn"", ""reproj_shoulder_widths_p50"": 0.09830642121875988, ""shown_raster"": ""2160x3840"", ""stored_raster"": ""3840x2160"", ""timebase"": ""consistent"", ""timebase_index_drift_s"": 0.0, ""unit_flagged_frac"": 0.3076923076923077, ""vendor"": ""V03""}",render
r10_019,ask_posture_v03_019_V03_S0361_I00000206_P1813_f0001092,V03_S0361_I00000206_P1813,naturalistic/train/0117/0096/V03_S0361_I00000206_P1813,naturalistic/train/0117/0079/V03_S0361_I00000206_P1674,ask_posture_v03,V03,naturalistic,1092,V03,naturalistic,train,grounded_gesture,"V03, hip flexion 146-152 degrees — around the new 146 cut","{""audio"": ""present"", ""audio_spectral_flatness"": 0.0005754673044686644, ""audio_speech_level_db"": -23.009540368214818, ""audio_status"": ""ok"", ""audio_voice_isolation_db"": 7.197457493390839, ""flags_fired"": ""fm0_unusable_source+fm2_smplh_invalid"", ""fm0_reasons"": ""raster_3840x2160"", ""fm1_ankles_visible_frac"": 1.0, ""fm1_hip_flexion_deg_p25"": 148.37109899135112, ""fm1_hip_flexion_deg_p50"": 151.5391981798362, ""fm1_hip_flexion_deg_p75"": 154.9726253292913, ""fm1_knee_between_torso_p50"": 0.5213298281147779, ""fm1_scope"": ""this file (session is 64% seated over 14 files)"", ""fm1_shin_verticality_p50"": 0.08726135037835153, ""fm2_smplh_valid_frac"": 0.9825670498084291, ""fm3_static_frac"": 0.011877394636015325, ""fps"": 30.0, ""geom_body_roll_deg"": -92.79271498982666, ""observed_duration_s"": 174.0, ""repair_applied"": ""90\u00b0 turn"", ""reproj_shoulder_widths_p50"": 0.08774969832279977, ""shown_raster"": ""2160x3840"", ""stored_raster"": ""3840x2160"", ""timebase"": ""consistent"", ""timebase_index_drift_s"": 0.0, ""unit_flagged_frac"": 0.6428571428571429, ""vendor"": ""V03""}",render
r10_020,ask_scope_newly_rejected_020_V03_S0962_I00000121_P3334_f0000176,V03_S0962_I00000121_P3334,naturalistic/train/0130/0074/V03_S0962_I00000121_P3334,naturalistic/train/0130/0109/V03_S0962_I00000121_P3335,ask_scope_newly_rejected,V03,naturalistic,176,V03,naturalistic,train,collaborative_storytelling,its own file reads seated; its session outvoted it — newly rejected,"{""audio"": ""present"", ""audio_spectral_flatness"": 0.0010122741798611321, ""audio_speech_level_db"": -11.609345372098282, ""audio_status"": ""ok"", ""audio_voice_isolation_db"": 0.9789239852590317, ""flags_fired"": ""fm0_unusable_source+fm1_sitting+fm2_smplh_invalid"", ""fm0_reasons"": ""raster_3840x2160"", ""fm1_ankles_visible_frac"": 1.0, ""fm1_hip_flexion_deg_p25"": 92.18248839108429, ""fm1_hip_flexion_deg_p50"": 96.71376797131421, ""fm1_hip_flexion_deg_p75"": 102.13420129740587, ""fm1_knee_between_torso_p50"": 0.23242996146471795, ""fm1_scope"": ""this file (session is 23% seated over 13 files)"", ""fm1_shin_verticality_p50"": 0.2039542821074687, ""fm2_smplh_valid_frac"": 0.9933333333333333, ""fm3_static_frac"": 0.028148148148148148, ""fps"": 30.0, ""geom_body_roll_deg"": -88.80650797282347, ""observed_duration_s"": 180.0, ""repair_applied"": ""90\u00b0 turn"", ""reproj_shoulder_widths_p50"": 0.14059785708318984, ""shown_raster"": ""2160x3840"", ""stored_raster"": ""3840x2160"", ""timebase"": ""consistent"", ""timebase_index_drift_s"": 0.0, ""unit_flagged_frac"": 0.23076923076923078, ""vendor"": ""V03""}",render
r10_021,ask_scope_newly_rejected_021_V03_S0361_I00000199_P1674_f0005739,V03_S0361_I00000199_P1674,naturalistic/train/0117/0015/V03_S0361_I00000199_P1674,naturalistic/train/0117/0040/V03_S0361_I00000199_P1813,ask_scope_newly_rejected,V03,naturalistic,5739,V03,naturalistic,train,grounded_gesture,its own file reads seated; its session outvoted it — newly rejected,"{""audio"": ""present"", ""audio_spectral_flatness"": 0.00032293124527164147, ""audio_speech_level_db"": -22.09126548881037, ""audio_status"": ""ok"", ""audio_voice_isolation_db"": 1.7531318276827426, ""flags_fired"": ""fm0_unusable_source+fm1_sitting+fm2_smplh_invalid"", ""fm0_reasons"": ""raster_3840x2160"", ""fm1_ankles_visible_frac"": 0.47131782945736433, ""fm1_hip_flexion_deg_p25"": 161.6294777051511, ""fm1_hip_flexion_deg_p50"": 163.09102723541196, ""fm1_hip_flexion_deg_p75"": 164.6769177616393, ""fm1_knee_between_torso_p50"": 0.5580265503701474, ""fm1_scope"": ""this file (session is 21% seated over 14 files)"", ""fm1_shin_verticality_p50"": -6.820403293364332e-07, ""fm2_smplh_valid_frac"": 0.9968023255813954, ""fm3_static_frac"": 0.4252906976744186, ""fps"": 30.0, ""geom_body_roll_deg"": -87.79740250038981, ""observed_duration_s"": 344.0, ""repair_applied"": ""90\u00b0 turn"", ""reproj_shoulder_widths_p50"": 0.144213166141188, ""shown_raster"": ""2160x3840"", ""stored_raster"": ""3840x2160"", ""timebase"": ""consistent"", ""timebase_index_drift_s"": 0.0, ""unit_flagged_frac"": 0.21428571428571427, ""vendor"": ""V03""}",render
r10_022,ask_scope_newly_rejected_022_V03_S0977_I00000121_P3362_f0000681,V03_S0977_I00000121_P3362,naturalistic/train/0131/0017/V03_S0977_I00000121_P3362,naturalistic/train/0131/0047/V03_S0977_I00000121_P1864,ask_scope_newly_rejected,V03,naturalistic,681,V03,naturalistic,train,collaborative_storytelling,its own file reads seated; its session outvoted it — newly rejected,"{""audio"": ""present"", ""audio_spectral_flatness"": 0.0011046817701228506, ""audio_speech_level_db"": -17.88199689773881, ""audio_status"": ""ok"", ""audio_voice_isolation_db"": null, ""flags_fired"": ""fm0_unusable_source+fm1_sitting+fm2_smplh_invalid"", ""fm0_reasons"": ""raster_3840x2160"", ""fm1_ankles_visible_frac"": 0.7401960784313726, ""fm1_hip_flexion_deg_p25"": 153.99452844087836, ""fm1_hip_flexion_deg_p50"": 155.29576785208738, ""fm1_hip_flexion_deg_p75"": 157.28826221635518, ""fm1_knee_between_torso_p50"": 0.5272196548974918, ""fm1_scope"": ""this file (session is 15% seated over 13 files)"", ""fm1_shin_verticality_p50"": -0.021271713340796444, ""fm2_smplh_valid_frac"": 0.9931372549019608, ""fm3_static_frac"": 0.11518324607329843, ""fps"": 30.0, ""geom_body_roll_deg"": -87.56336380233242, ""observed_duration_s"": 102.0, ""repair_applied"": ""90\u00b0 turn"", ""reproj_shoulder_widths_p50"": 0.13983482183337864, ""shown_raster"": ""2160x3840"", ""stored_raster"": ""3840x2160"", ""timebase"": ""consistent"", ""timebase_index_drift_s"": 0.0, ""unit_flagged_frac"": 0.15384615384615385, ""vendor"": ""V03""}",render
r10_023,ask_scope_newly_rejected_023_V03_S0978_I00000270_P1848_f0003472,V03_S0978_I00000270_P1848,naturalistic/train/0131/0052/V03_S0978_I00000270_P1848,naturalistic/train/0131/0054/V03_S0978_I00000270_P3364,ask_scope_newly_rejected,V03,naturalistic,3472,V03,naturalistic,train,ipc_conversation,its own file reads seated; its session outvoted it — newly rejected,"{""audio"": ""present"", ""audio_spectral_flatness"": 0.00017577286647076982, ""audio_speech_level_db"": -13.806399975170478, ""audio_status"": ""ok"", ""audio_voice_isolation_db"": 2.644458311931027, ""flags_fired"": ""fm0_unusable_source+fm1_sitting+fm2_smplh_invalid"", ""fm0_reasons"": ""raster_3840x2160"", ""fm1_ankles_visible_frac"": 0.8706521739130435, ""fm1_hip_flexion_deg_p25"": 165.19577332386297, ""fm1_hip_flexion_deg_p50"": 166.5454922146679, ""fm1_hip_flexion_deg_p75"": 168.15790329825484, ""fm1_knee_between_torso_p50"": 0.5948608094732719, ""fm1_scope"": ""this file (session is 37% seated over 19 files)"", ""fm1_shin_verticality_p50"": -0.04756520912337362, ""fm2_smplh_valid_frac"": 0.8554347826086957, ""fm3_static_frac"": 0.0, ""fps"": 30.0, ""geom_body_roll_deg"": -88.85421921596064, ""observed_duration_s"": 184.0, ""repair_applied"": ""90\u00b0 turn"", ""reproj_shoulder_widths_p50"": 0.12579637250211076, ""shown_raster"": ""2160x3840"", ""stored_raster"": ""3840x2160"", ""timebase"": ""consistent"", ""timebase_index_drift_s"": 0.0, ""unit_flagged_frac"": 0.3684210526315789, ""vendor"": ""V03""}",render
r10_024,ask_scope_newly_rejected_024_V03_S0362_I00000118_P1814_f0005249,V03_S0362_I00000118_P1814,naturalistic/train/0117/0091/V03_S0362_I00000118_P1814,naturalistic/train/0117/0060/V03_S0362_I00000118_P1733,ask_scope_newly_rejected,V03,naturalistic,5249,V03,naturalistic,train,ipc_conversation,its own file reads seated; its session outvoted it — newly rejected,"{""audio"": ""present"", ""audio_spectral_flatness"": 0.00026130684451140226, ""audio_speech_level_db"": -19.88325233238215, ""audio_status"": ""ok"", ""audio_voice_isolation_db"": 2.3132973191577535, ""flags_fired"": ""fm0_unusable_source+fm1_sitting+fm2_smplh_invalid"", ""fm0_reasons"": ""raster_3840x2160"", ""fm1_ankles_visible_frac"": 1.0, ""fm1_hip_flexion_deg_p25"": 164.83445766570657, ""fm1_hip_flexion_deg_p50"": 166.94526120191878, ""fm1_hip_flexion_deg_p75"": 168.88037847730504, ""fm1_knee_between_torso_p50"": 0.5899186461805155, ""fm1_scope"": ""this file (session is 37% seated over 19 files)"", ""fm1_shin_verticality_p50"": -2.68541119486153e-07, ""fm2_smplh_valid_frac"": 0.9884057971014493, ""fm3_static_frac"": 0.39260869565217393, ""fps"": 30.0, ""geom_body_roll_deg"": -90.0, ""observed_duration_s"": 230.0, ""repair_applied"": ""90\u00b0 turn"", ""reproj_shoulder_widths_p50"": 0.1184867461283272, ""shown_raster"": ""2160x3840"", ""stored_raster"": ""3840x2160"", ""timebase"": ""consistent"", ""timebase_index_drift_s"": 0.0, ""unit_flagged_frac"": 0.3684210526315789, ""vendor"": ""V03""}",render
r10_025,ask_scope_newly_rejected_025_V03_S0972_I00000410_P3352_f0004262,V03_S0972_I00000410_P3352,naturalistic/train/0131/0028/V03_S0972_I00000410_P3352,naturalistic/train/0131/0003/V03_S0972_I00000410_P3353,ask_scope_newly_rejected,V03,naturalistic,4262,V03,naturalistic,train,ipc_conversation,its own file reads seated; its session outvoted it — newly rejected,"{""audio"": ""present"", ""audio_spectral_flatness"": 0.0008313503485555437, ""audio_speech_level_db"": -24.938169657345007, ""audio_status"": ""ok"", ""audio_voice_isolation_db"": 0.9023741555864878, ""flags_fired"": ""fm0_unusable_source+fm1_sitting+fm2_smplh_invalid"", ""fm0_reasons"": ""raster_3840x2160"", ""fm1_ankles_visible_frac"": 0.9880952380952381, ""fm1_hip_flexion_deg_p25"": 84.88834460863339, ""fm1_hip_flexion_deg_p50"": 90.45161131211265, ""fm1_hip_flexion_deg_p75"": 93.49619456516047, ""fm1_knee_between_torso_p50"": 0.1397718975109924, ""fm1_scope"": ""this file (session is 39% seated over 18 files)"", ""fm1_shin_verticality_p50"": 0.27074558906039187, ""fm2_smplh_valid_frac"": 0.9990842490842491, ""fm3_static_frac"": 0.16117216117216118, ""fps"": 30.0, ""geom_body_roll_deg"": -89.01224765049962, ""observed_duration_s"": 182.0, ""repair_applied"": ""90\u00b0 turn"", ""reproj_shoulder_widths_p50"": 0.09486300106901471, ""shown_raster"": ""2160x3840"", ""stored_raster"": ""3840x2160"", ""timebase"": ""consistent"", ""timebase_index_drift_s"": 0.0, ""unit_flagged_frac"": 0.3888888888888889, ""vendor"": ""V03""}",render
r10_026,ask_scope_newly_rejected_026_V03_S0957_I00000337_P3323_f0002902,V03_S0957_I00000337_P3323,naturalistic/train/0130/0010/V03_S0957_I00000337_P3323,naturalistic/train/0130/0072/V03_S0957_I00000337_P3322,ask_scope_newly_rejected,V03,naturalistic,2902,V03,naturalistic,train,ipc_conversation,its own file reads seated; its session outvoted it — newly rejected,"{""audio"": ""present"", ""audio_spectral_flatness"": 0.0004988802142185453, ""audio_speech_level_db"": -8.597703521498302, ""audio_status"": ""ok"", ""audio_voice_isolation_db"": 6.428924237873157, ""flags_fired"": ""fm0_unusable_source+fm1_sitting+fm2_smplh_invalid"", ""fm0_reasons"": ""raster_3840x2160"", ""fm1_ankles_visible_frac"": 1.0, ""fm1_hip_flexion_deg_p25"": 111.82999272350662, ""fm1_hip_flexion_deg_p50"": 112.97246479195027, ""fm1_hip_flexion_deg_p75"": 114.09054930401932, ""fm1_knee_between_torso_p50"": 0.41040039404348483, ""fm1_scope"": ""this file (session is 7% seated over 14 files)"", ""fm1_shin_verticality_p50"": 0.37637693304514847, ""fm2_smplh_valid_frac"": 0.9972222222222222, ""fm3_static_frac"": 0.3598290598290598, ""fps"": 30.0, ""geom_body_roll_deg"": -88.60282061237174, ""observed_duration_s"": 156.0, ""repair_applied"": ""90\u00b0 turn"", ""reproj_shoulder_widths_p50"": 0.08484091468882796, ""shown_raster"": ""2160x3840"", ""stored_raster"": ""3840x2160"", ""timebase"": ""consistent"", ""timebase_index_drift_s"": 0.0, ""unit_flagged_frac"": 0.07142857142857142, ""vendor"": ""V03""}",render
r10_027,ask_scope_newly_rejected_027_V03_S0975_I00000270_P3358_f0009404,V03_S0975_I00000270_P3358,naturalistic/test/0002/0039/V03_S0975_I00000270_P3358,naturalistic/test/0002/0103/V03_S0975_I00000270_P3359,ask_scope_newly_rejected,V03,naturalistic,9404,V03,naturalistic,test,ipc_conversation,its own file reads seated; its session outvoted it — newly rejected,"{""audio"": ""present"", ""audio_spectral_flatness"": 0.00045312651214827706, ""audio_speech_level_db"": -10.794526909702359, ""audio_status"": ""ok"", ""audio_voice_isolation_db"": 0.8888303048950412, ""flags_fired"": ""fm0_unusable_source+fm1_sitting+fm2_smplh_invalid"", ""fm0_reasons"": ""raster_3840x2160"", ""fm1_ankles_visible_frac"": 1.0, ""fm1_hip_flexion_deg_p25"": 117.10463251787374, ""fm1_hip_flexion_deg_p50"": 120.56065290003671, ""fm1_hip_flexion_deg_p75"": 126.46624033004888, ""fm1_knee_between_torso_p50"": 0.43455285303959473, ""fm1_scope"": ""this file (session is 29% seated over 7 files)"", ""fm1_shin_verticality_p50"": 0.035691876550725976, ""fm2_smplh_valid_frac"": 0.9968115942028986, ""fm3_static_frac"": 0.19304347826086957, ""fps"": 30.0, ""geom_body_roll_deg"": -89.02898896292967, ""observed_duration_s"": 690.0, ""repair_applied"": ""90\u00b0 turn"", ""reproj_shoulder_widths_p50"": 0.1173120634750843, ""shown_raster"": ""2160x3840"", ""stored_raster"": ""3840x2160"", ""timebase"": ""consistent"", ""timebase_index_drift_s"": 0.0, ""unit_flagged_frac"": 0.2857142857142857, ""vendor"": ""V03""}",render
r10_028,ask_scope_newly_rejected_028_V03_S0985_I00000432_P3380_f0001956,V03_S0985_I00000432_P3380,naturalistic/train/0132/0053/V03_S0985_I00000432_P3380,naturalistic/train/0132/0073/V03_S0985_I00000432_P3381,ask_scope_newly_rejected,V03,naturalistic,1956,V03,naturalistic,train,ipc_conversation,its own file reads seated; its session outvoted it — newly rejected,"{""audio"": ""present"", ""audio_spectral_flatness"": 0.0013119870665238309, ""audio_speech_level_db"": -15.024914133092294, ""audio_status"": ""ok"", ""audio_voice_isolation_db"": 0.7699983851964678, ""flags_fired"": ""fm0_unusable_source+fm1_sitting+fm2_smplh_invalid"", ""fm0_reasons"": ""raster_3840x2160"", ""fm1_ankles_visible_frac"": 1.0, ""fm1_hip_flexion_deg_p25"": 98.32259834088913, ""fm1_hip_flexion_deg_p50"": 107.2019793574802, ""fm1_hip_flexion_deg_p75"": 114.10040325313169, ""fm1_knee_between_torso_p50"": 0.33241843841417995, ""fm1_scope"": ""this file (session is 47% seated over 17 files)"", ""fm1_shin_verticality_p50"": 0.14549387001460115, ""fm2_smplh_valid_frac"": 0.952415458937198, ""fm3_static_frac"": 0.011835748792270532, ""fps"": 30.0, ""geom_body_roll_deg"": -90.0, ""observed_duration_s"": 138.0, ""repair_applied"": ""90\u00b0 turn"", ""reproj_shoulder_widths_p50"": 0.11220284241841408, ""shown_raster"": ""2160x3840"", ""stored_raster"": ""3840x2160"", ""timebase"": ""consistent"", ""timebase_index_drift_s"": 0.0, ""unit_flagged_frac"": 0.47058823529411764, ""vendor"": ""V03""}",render
r10_029,ask_scope_newly_rejected_029_V03_S0982_I00000070_P3375_f0000989,V03_S0982_I00000070_P3375,naturalistic/train/0132/0026/V03_S0982_I00000070_P3375,naturalistic/train/0132/0009/V03_S0982_I00000070_P3374,ask_scope_newly_rejected,V03,naturalistic,989,V03,naturalistic,train,collaborative_storytelling,its own file reads seated; its session outvoted it — newly rejected,"{""audio"": ""present"", ""audio_spectral_flatness"": 0.00045538071462174673, ""audio_speech_level_db"": -17.64235722127298, ""audio_status"": ""ok"", ""audio_voice_isolation_db"": 3.7268126507287103, ""flags_fired"": ""fm0_unusable_source+fm1_sitting+fm2_smplh_invalid"", ""fm0_reasons"": ""raster_3840x2160"", ""fm1_ankles_visible_frac"": 0.9980519480519481, ""fm1_hip_flexion_deg_p25"": 150.59103635872174, ""fm1_hip_flexion_deg_p50"": 156.89945884009595, ""fm1_hip_flexion_deg_p75"": 162.37333109845903, ""fm1_knee_between_torso_p50"": 0.5281895746741376, ""fm1_scope"": ""this file (session is 11% seated over 18 files)"", ""fm1_shin_verticality_p50"": -0.03123470341101319, ""fm2_smplh_valid_frac"": 0.7632034632034632, ""fm3_static_frac"": 0.0, ""fps"": 30.0, ""geom_body_roll_deg"": -91.33221199825192, ""observed_duration_s"": 154.0, ""repair_applied"": ""90\u00b0 turn"", ""reproj_shoulder_widths_p50"": 0.08128347173063824, ""shown_raster"": ""2160x3840"", ""stored_raster"": ""3840x2160"", ""timebase"": ""consistent"", ""timebase_index_drift_s"": 0.0, ""unit_flagged_frac"": 0.1111111111111111, ""vendor"": ""V03""}",render
r10_030,ask_scope_newly_rejected_030_V03_S0978_I00000269_P1848_f0000973,V03_S0978_I00000269_P1848,naturalistic/train/0131/0010/V03_S0978_I00000269_P1848,naturalistic/train/0131/0012/V03_S0978_I00000269_P3364,ask_scope_newly_rejected,V03,naturalistic,973,V03,naturalistic,train,ipc_conversation,its own file reads seated; its session outvoted it — newly rejected,"{""audio"": ""present"", ""audio_spectral_flatness"": 0.0005289454167579862, ""audio_speech_level_db"": -12.69639790678244, ""audio_status"": ""ok"", ""audio_voice_isolation_db"": 1.9835150313808678, ""flags_fired"": ""fm0_unusable_source+fm1_sitting+fm2_smplh_invalid"", ""fm0_reasons"": ""raster_3840x2160"", ""fm1_ankles_visible_frac"": 0.6430678466076696, ""fm1_hip_flexion_deg_p25"": 162.45331748047138, ""fm1_hip_flexion_deg_p50"": 164.56567028850492, ""fm1_hip_flexion_deg_p75"": 166.87380387460203, ""fm1_knee_between_torso_p50"": 0.5658504473498924, ""fm1_scope"": ""this file (session is 37% seated over 19 files)"", ""fm1_shin_verticality_p50"": -0.039968027938858855, ""fm2_smplh_valid_frac"": 0.9176991150442478, ""fm3_static_frac"": 0.021854695806261076, ""fps"": 30.0, ""geom_body_roll_deg"": -88.69804057539633, ""observed_duration_s"": 226.0, ""repair_applied"": ""90\u00b0 turn"", ""reproj_shoulder_widths_p50"": 0.12667726436706234, ""shown_raster"": ""2160x3840"", ""stored_raster"": ""3840x2160"", ""timebase"": ""consistent"", ""timebase_index_drift_s"": 0.0, ""unit_flagged_frac"": 0.3684210526315789, ""vendor"": ""V03""}",render
r10_031,ask_scope_newly_rejected_031_V03_S0958_I00000209_P3325_f0002120,V03_S0958_I00000209_P3325,naturalistic/train/0130/0062/V03_S0958_I00000209_P3325,naturalistic/train/0130/0101/V03_S0958_I00000209_P3324,ask_scope_newly_rejected,V03,naturalistic,2120,V03,naturalistic,train,ipc_conversation,its own file reads seated; its session outvoted it — newly rejected,"{""audio"": ""present"", ""audio_spectral_flatness"": 0.16030406664304062, ""audio_speech_level_db"": -87.74598126945602, ""audio_status"": ""ok"", ""audio_voice_isolation_db"": null, ""flags_fired"": ""fm0_unusable_source+fm1_sitting+fm2_smplh_invalid+fm4_audio_dead"", ""fm0_reasons"": ""raster_3840x2160"", ""fm1_ankles_visible_frac"": 0.9941391941391942, ""fm1_hip_flexion_deg_p25"": 123.96656296001433, ""fm1_hip_flexion_deg_p50"": 126.47066616050935, ""fm1_hip_flexion_deg_p75"": 134.2570860419523, ""fm1_knee_between_torso_p50"": 0.44172439806399855, ""fm1_scope"": ""this file (session is 18% seated over 17 files)"", ""fm1_shin_verticality_p50"": 0.027017042653789364, ""fm2_smplh_valid_frac"": 0.871978021978022, ""fm3_static_frac"": 0.16941391941391942, ""fps"": 30.0, ""geom_body_roll_deg"": -91.3019394370261, ""observed_duration_s"": 182.0, ""repair_applied"": ""90\u00b0 turn"", ""reproj_shoulder_widths_p50"": 0.07710422942815587, ""shown_raster"": ""2160x3840"", ""stored_raster"": ""3840x2160"", ""timebase"": ""consistent"", ""timebase_index_drift_s"": 0.0, ""unit_flagged_frac"": 0.17647058823529413, ""vendor"": ""V03""}",render
r10_032,ask_scope_newly_rejected_032_V03_S0978_I00000267_P1848_f0004155,V03_S0978_I00000267_P1848,naturalistic/train/0131/0006/V03_S0978_I00000267_P1848,naturalistic/train/0131/0023/V03_S0978_I00000267_P3364,ask_scope_newly_rejected,V03,naturalistic,4155,V03,naturalistic,train,ipc_conversation,its own file reads seated; its session outvoted it — newly rejected,"{""audio"": ""present"", ""audio_spectral_flatness"": 0.00034024101957684977, ""audio_speech_level_db"": -14.346993146755429, ""audio_status"": ""ok"", ""audio_voice_isolation_db"": 2.3307491599484496, ""flags_fired"": ""fm0_unusable_source+fm1_sitting+fm2_smplh_invalid"", ""fm0_reasons"": ""raster_3840x2160"", ""fm1_ankles_visible_frac"": 0.4844927536231884, ""fm1_hip_flexion_deg_p25"": 162.54094774858675, ""fm1_hip_flexion_deg_p50"": 166.74993453809907, ""fm1_hip_flexion_deg_p75"": 169.92857409780754, ""fm1_knee_between_torso_p50"": 0.5827227628734667, ""fm1_scope"": ""this file (session is 37% seated over 19 files)"", ""fm1_shin_verticality_p50"": -0.047565074802430274, ""fm2_smplh_valid_frac"": 0.994927536231884, ""fm3_static_frac"": 0.11441415313225058, ""fps"": 30.0, ""geom_body_roll_deg"": -87.91743302651898, ""observed_duration_s"": 230.0, ""repair_applied"": ""90\u00b0 turn"", ""reproj_shoulder_widths_p50"": 0.1299126419485132, ""shown_raster"": ""2160x3840"", ""stored_raster"": ""3840x2160"", ""timebase"": ""consistent"", ""timebase_index_drift_s"": 0.0, ""unit_flagged_frac"": 0.3684210526315789, ""vendor"": ""V03""}",render
r10_033,ask_scope_newly_rejected_033_V03_S0985_I00000402_P3380_f0002960,V03_S0985_I00000402_P3380,naturalistic/train/0132/0035/V03_S0985_I00000402_P3380,naturalistic/train/0132/0029/V03_S0985_I00000402_P3381,ask_scope_newly_rejected,V03,naturalistic,2960,V03,naturalistic,train,ipc_conversation,its own file reads seated; its session outvoted it — newly rejected,"{""audio"": ""present"", ""audio_spectral_flatness"": 0.0012803221186045294, ""audio_speech_level_db"": -22.10464817483714, ""audio_status"": ""ok"", ""audio_voice_isolation_db"": 0.6710188562721311, ""flags_fired"": ""fm0_unusable_source+fm1_sitting+fm2_smplh_invalid"", ""fm0_reasons"": ""raster_3840x2160"", ""fm1_ankles_visible_frac"": 0.9696969696969697, ""fm1_hip_flexion_deg_p25"": 166.6139550744918, ""fm1_hip_flexion_deg_p50"": 170.20408364262101, ""fm1_hip_flexion_deg_p75"": 172.27288724693796, ""fm1_knee_between_torso_p50"": 0.5605755052418229, ""fm1_scope"": ""this file (session is 47% seated over 17 files)"", ""fm1_shin_verticality_p50"": -5.513895740729537e-07, ""fm2_smplh_valid_frac"": 0.9371900826446281, ""fm3_static_frac"": 0.00013844662882458813, ""fps"": 30.0, ""geom_body_roll_deg"": -88.78111393061243, ""observed_duration_s"": 242.0, ""repair_applied"": ""90\u00b0 turn"", ""reproj_shoulder_widths_p50"": 0.12864364929782718, ""shown_raster"": ""2160x3840"", ""stored_raster"": ""3840x2160"", ""timebase"": ""consistent"", ""timebase_index_drift_s"": 0.0, ""unit_flagged_frac"": 0.47058823529411764, ""vendor"": ""V03""}",render
r10_034,ask_scope_newly_kept_034_V03_S0360_I00000384_P1738_f0001511,V03_S0360_I00000384_P1738,naturalistic/train/0117/0095/V03_S0360_I00000384_P1738,naturalistic/train/0117/0011/V03_S0360_I00000384_P1739,ask_scope_newly_kept,V03,naturalistic,1511,V03,naturalistic,train,ipc_conversation,its own file reads standing; its session outvoted it — newly kept,"{""audio"": ""present"", ""audio_spectral_flatness"": 0.0004045905442845147, ""audio_speech_level_db"": -28.845267322542078, ""audio_status"": ""ok"", ""audio_voice_isolation_db"": 2.44062774413375, ""flags_fired"": ""fm0_unusable_source+fm2_smplh_invalid"", ""fm0_reasons"": ""raster_3840x2160"", ""fm1_ankles_visible_frac"": 1.0, ""fm1_hip_flexion_deg_p25"": 153.35675826369442, ""fm1_hip_flexion_deg_p50"": 154.8680888421531, ""fm1_hip_flexion_deg_p75"": 156.07508532361916, ""fm1_knee_between_torso_p50"": 0.5386751179794476, ""fm1_scope"": ""this file (session is 53% seated over 17 files)"", ""fm1_shin_verticality_p50"": 0.22722961560641844, ""fm2_smplh_valid_frac"": 0.882010582010582, ""fm3_static_frac"": 0.17486772486772487, ""fps"": 30.0, ""geom_body_roll_deg"": -88.72697510006884, ""observed_duration_s"": 126.0, ""repair_applied"": ""90\u00b0 turn"", ""reproj_shoulder_widths_p50"": 0.09700083943161772, ""shown_raster"": ""2160x3840"", ""stored_raster"": ""3840x2160"", ""timebase"": ""consistent"", ""timebase_index_drift_s"": 0.0, ""unit_flagged_frac"": 0.5294117647058824, ""vendor"": ""V03""}",render
r10_035,ask_scope_newly_kept_035_V03_S0476_I00000325_P1804_f0000644,V03_S0476_I00000325_P1804,naturalistic/train/0122/0111/V03_S0476_I00000325_P1804,naturalistic/train/0122/0090/V03_S0476_I00000325_P1805,ask_scope_newly_kept,V03,naturalistic,644,V03,naturalistic,train,ipc_conversation,its own file reads standing; its session outvoted it — newly kept,"{""audio"": ""present"", ""audio_spectral_flatness"": 0.00011542147475487993, ""audio_speech_level_db"": -13.379599353171848, ""audio_status"": ""ok"", ""audio_voice_isolation_db"": 3.4344536552806124, ""flags_fired"": ""fm0_unusable_source+fm2_smplh_invalid"", ""fm0_reasons"": ""raster_3840x2160"", ""fm1_ankles_visible_frac"": 1.0, ""fm1_hip_flexion_deg_p25"": 163.03839628169573, ""fm1_hip_flexion_deg_p50"": 165.8579517027162, ""fm1_hip_flexion_deg_p75"": 168.86997645231747, ""fm1_knee_between_torso_p50"": 0.5840595214877521, ""fm1_scope"": ""this file (session is 62% seated over 16 files)"", ""fm1_shin_verticality_p50"": 0.03569157302661484, ""fm2_smplh_valid_frac"": 0.7384408602150537, ""fm3_static_frac"": 0.010217800484001076, ""fps"": 30.0, ""geom_body_roll_deg"": -91.21886953603828, ""observed_duration_s"": 124.0, ""repair_applied"": ""90\u00b0 turn"", ""reproj_shoulder_widths_p50"": 0.1022372027057985, ""shown_raster"": ""2160x3840"", ""stored_raster"": ""3840x2160"", ""timebase"": ""consistent"", ""timebase_index_drift_s"": 0.0, ""unit_flagged_frac"": 0.625, ""vendor"": ""V03""}",render
r10_036,ask_scope_newly_kept_036_V03_S0963_I00000447_P3335_f0001570,V03_S0963_I00000447_P3335,naturalistic/train/0130/0001/V03_S0963_I00000447_P3335,naturalistic/train/0130/0000/V03_S0963_I00000447_P3334,ask_scope_newly_kept,V03,naturalistic,1570,V03,naturalistic,train,grounded_gesture,its own file reads standing; its session outvoted it — newly kept,"{""audio"": ""present"", ""audio_spectral_flatness"": 0.00046991149682390905, ""audio_speech_level_db"": -24.62365987615317, ""audio_status"": ""ok"", ""audio_voice_isolation_db"": 5.955558413967089, ""flags_fired"": ""fm0_unusable_source+fm2_smplh_invalid"", ""fm0_reasons"": ""raster_3840x2160"", ""fm1_ankles_visible_frac"": 1.0, ""fm1_hip_flexion_deg_p25"": 163.1539372241574, ""fm1_hip_flexion_deg_p50"": 165.01570729630947, ""fm1_hip_flexion_deg_p75"": 166.84179493296415, ""fm1_knee_between_torso_p50"": 0.5709823594819652, ""fm1_scope"": ""this file (session is 69% seated over 16 files)"", ""fm1_shin_verticality_p50"": 0.033314752299638, ""fm2_smplh_valid_frac"": 0.9959016393442623, ""fm3_static_frac"": 0.13442622950819672, ""fps"": 30.0, ""geom_body_roll_deg"": -91.27303002005671, ""observed_duration_s"": 122.0, ""repair_applied"": ""90\u00b0 turn"", ""reproj_shoulder_widths_p50"": 0.12547830961213108, ""shown_raster"": ""2160x3840"", ""stored_raster"": ""3840x2160"", ""timebase"": ""consistent"", ""timebase_index_drift_s"": 0.0, ""unit_flagged_frac"": 0.6875, ""vendor"": ""V03""}",render
r10_037,ask_scope_newly_kept_037_V03_S0365_I00000199_P1822_f0003968,V03_S0365_I00000199_P1822,naturalistic/train/0117/0003/V03_S0365_I00000199_P1822,naturalistic/train/0117/0043/V03_S0365_I00000199_P1823,ask_scope_newly_kept,V03,naturalistic,3968,V03,naturalistic,train,grounded_gesture,its own file reads standing; its session outvoted it — newly kept,"{""audio"": ""present"", ""audio_spectral_flatness"": 0.001033235967646325, ""audio_speech_level_db"": -29.106013748164592, ""audio_status"": ""ok"", ""audio_voice_isolation_db"": 2.094608851229557, ""flags_fired"": ""fm0_unusable_source+fm2_smplh_invalid"", ""fm0_reasons"": ""raster_3840x2160"", ""fm1_ankles_visible_frac"": 1.0, ""fm1_hip_flexion_deg_p25"": 155.7442920879492, ""fm1_hip_flexion_deg_p50"": 157.3931979451674, ""fm1_hip_flexion_deg_p75"": 159.77327794487843, ""fm1_knee_between_torso_p50"": 0.5309956884197342, ""fm1_scope"": ""this file (session is 81% seated over 16 files)"", ""fm1_shin_verticality_p50"": 0.0, ""fm2_smplh_valid_frac"": 0.9683333333333334, ""fm3_static_frac"": 0.42333333333333334, ""fps"": 30.0, ""geom_body_roll_deg"": -92.54480178324523, ""observed_duration_s"": 200.0, ""repair_applied"": ""90\u00b0 turn"", ""reproj_shoulder_widths_p50"": 0.06732128784271516, ""shown_raster"": ""2160x3840"", ""stored_raster"": ""3840x2160"", ""timebase"": ""consistent"", ""timebase_index_drift_s"": 0.0, ""unit_flagged_frac"": 0.8125, ""vendor"": ""V03""}",render
r10_038,ask_scope_newly_kept_038_V03_S1374_I00000340_P3083_f0002731,V03_S1374_I00000340_P3083,naturalistic/train/0148/0050/V03_S1374_I00000340_P3083,naturalistic/train/0148/0115/V03_S1374_I00000340_P4303,ask_scope_newly_kept,V03,naturalistic,2731,V03,naturalistic,train,ipc_conversation,its own file reads standing; its session outvoted it — newly kept,"{""audio"": ""present"", ""audio_spectral_flatness"": 0.0013491832076700007, ""audio_speech_level_db"": -21.04323543844423, ""audio_status"": ""ok"", ""audio_voice_isolation_db"": 7.539275815060487, ""flags_fired"": ""fm2_smplh_invalid+fm3_static_hands"", ""fm0_reasons"": ""none"", ""fm1_ankles_visible_frac"": 0.6441470345586213, ""fm1_hip_flexion_deg_p25"": 163.35446487585327, ""fm1_hip_flexion_deg_p50"": 164.41442728461806, ""fm1_hip_flexion_deg_p75"": 165.2798947544768, ""fm1_knee_between_torso_p50"": 0.5694848788509882, ""fm1_scope"": ""this file (session is 67% seated over 3 files)"", ""fm1_shin_verticality_p50"": 0.7071067811865475, ""fm2_smplh_valid_frac"": 0.8273902282519021, ""fm3_static_frac"": 0.8308735906132552, ""fps"": 29.97, ""geom_body_roll_deg"": 3.4995063386092175e-06, ""observed_duration_s"": 364.030333, ""repair_applied"": ""none"", ""reproj_shoulder_widths_p50"": 0.10474379627990493, ""shown_raster"": ""2160x3840"", ""stored_raster"": ""2160x3840"", ""timebase"": ""consistent"", ""timebase_index_drift_s"": -0.03336666666666667, ""unit_flagged_frac"": 0.6666666666666666, ""vendor"": ""V03""}",render
r10_039,ask_scope_newly_kept_039_V03_S0361_I00000028_P1813_f0002895,V03_S0361_I00000028_P1813,naturalistic/train/0117/0078/V03_S0361_I00000028_P1813,naturalistic/train/0117/0074/V03_S0361_I00000028_P1674,ask_scope_newly_kept,V03,naturalistic,2895,V03,naturalistic,train,ipc_conversation,its own file reads standing; its session outvoted it — newly kept,"{""audio"": ""present"", ""audio_spectral_flatness"": 0.0004252642379424866, ""audio_speech_level_db"": -23.170919822948118, ""audio_status"": ""ok"", ""audio_voice_isolation_db"": 2.066823781258342, ""flags_fired"": ""fm0_unusable_source+fm2_smplh_invalid"", ""fm0_reasons"": ""raster_3840x2160"", ""fm1_ankles_visible_frac"": 1.0, ""fm1_hip_flexion_deg_p25"": 148.27231536904463, ""fm1_hip_flexion_deg_p50"": 152.6359200052967, ""fm1_hip_flexion_deg_p75"": 158.0584044594491, ""fm1_knee_between_torso_p50"": 0.5253139692796744, ""fm1_scope"": ""this file (session is 64% seated over 14 files)"", ""fm1_shin_verticality_p50"": 2.1704792956550832e-07, ""fm2_smplh_valid_frac"": 0.9496503496503497, ""fm3_static_frac"": 0.0011655011655011655, ""fps"": 30.0, ""geom_body_roll_deg"": -91.50744598713368, ""observed_duration_s"": 286.0, ""repair_applied"": ""90\u00b0 turn"", ""reproj_shoulder_widths_p50"": 0.0939681856483188, ""shown_raster"": ""2160x3840"", ""stored_raster"": ""3840x2160"", ""timebase"": ""consistent"", ""timebase_index_drift_s"": 0.0, ""unit_flagged_frac"": 0.6428571428571429, ""vendor"": ""V03""}",render
r10_040,ask_scope_newly_kept_040_V03_S0361_I00000034_P1813_f0006413,V03_S0361_I00000034_P1813,naturalistic/train/0117/0060/V03_S0361_I00000034_P1813,naturalistic/train/0117/0082/V03_S0361_I00000034_P1674,ask_scope_newly_kept,V03,naturalistic,6413,V03,naturalistic,train,ipc_conversation,its own file reads standing; its session outvoted it — newly kept,"{""audio"": ""present"", ""audio_spectral_flatness"": 0.000401366890001274, ""audio_speech_level_db"": -20.202233522844324, ""audio_status"": ""ok"", ""audio_voice_isolation_db"": 2.937029009337717, ""flags_fired"": ""fm0_unusable_source+fm2_smplh_invalid"", ""fm0_reasons"": ""raster_3840x2160"", ""fm1_ankles_visible_frac"": 1.0, ""fm1_hip_flexion_deg_p25"": 147.233275817626, ""fm1_hip_flexion_deg_p50"": 150.0330966444725, ""fm1_hip_flexion_deg_p75"": 155.57492640607026, ""fm1_knee_between_torso_p50"": 0.5195148909249232, ""fm1_scope"": ""this file (session is 64% seated over 14 files)"", ""fm1_shin_verticality_p50"": 0.10748188846147229, ""fm2_smplh_valid_frac"": 0.9402777777777778, ""fm3_static_frac"": 0.021212121212121213, ""fps"": 30.0, ""geom_body_roll_deg"": -92.60256690922914, ""observed_duration_s"": 264.0, ""repair_applied"": ""90\u00b0 turn"", ""reproj_shoulder_widths_p50"": 0.09724917598002772, ""shown_raster"": ""2160x3840"", ""stored_raster"": ""3840x2160"", ""timebase"": ""consistent"", ""timebase_index_drift_s"": 0.0, ""unit_flagged_frac"": 0.6428571428571429, ""vendor"": ""V03""}",render
r10_041,ask_scope_newly_kept_041_V03_S0365_I00000026_P1822_f0006878,V03_S0365_I00000026_P1822,naturalistic/train/0117/0065/V03_S0365_I00000026_P1822,naturalistic/train/0117/0028/V03_S0365_I00000026_P1823,ask_scope_newly_kept,V03,naturalistic,6878,V03,naturalistic,train,ipc_conversation,its own file reads standing; its session outvoted it — newly kept,"{""audio"": ""present"", ""audio_spectral_flatness"": 0.002010416983823095, ""audio_speech_level_db"": -33.704818485686346, ""audio_status"": ""ok"", ""audio_voice_isolation_db"": 3.330809443917996, ""flags_fired"": ""fm0_unusable_source+fm2_smplh_invalid"", ""fm0_reasons"": ""raster_3840x2160"", ""fm1_ankles_visible_frac"": 1.0, ""fm1_hip_flexion_deg_p25"": 158.86112705193037, ""fm1_hip_flexion_deg_p50"": 162.7122612601069, ""fm1_hip_flexion_deg_p75"": 168.5775200587688, ""fm1_knee_between_torso_p50"": 0.543900503286971, ""fm1_scope"": ""this file (session is 81% seated over 16 files)"", ""fm1_shin_verticality_p50"": 0.0, ""fm2_smplh_valid_frac"": 0.9998834498834499, ""fm3_static_frac"": 0.00011655011655011655, ""fps"": 30.0, ""geom_body_roll_deg"": -92.72631913656318, ""observed_duration_s"": 286.0, ""repair_applied"": ""90\u00b0 turn"", ""reproj_shoulder_widths_p50"": 0.07805639076206078, ""shown_raster"": ""2160x3840"", ""stored_raster"": ""3840x2160"", ""timebase"": ""consistent"", ""timebase_index_drift_s"": 0.0, ""unit_flagged_frac"": 0.8125, ""vendor"": ""V03""}",render
r10_042,ask_scope_newly_kept_042_V03_S0967_I00000250_P1805_f0003311,V03_S0967_I00000250_P1805,naturalistic/train/0131/0031/V03_S0967_I00000250_P1805,naturalistic/train/0131/0054/V03_S0967_I00000250_P3342,ask_scope_newly_kept,V03,naturalistic,3311,V03,naturalistic,train,ipc_conversation,its own file reads standing; its session outvoted it — newly kept,"{""audio"": ""present"", ""audio_spectral_flatness"": 0.00019811984507102948, ""audio_speech_level_db"": -9.333291223396444, ""audio_status"": ""ok"", ""audio_voice_isolation_db"": 3.4596424594526716, ""flags_fired"": ""fm0_unusable_source+fm2_smplh_invalid"", ""fm0_reasons"": ""raster_3840x2160"", ""fm1_ankles_visible_frac"": 0.9997835497835498, ""fm1_hip_flexion_deg_p25"": 160.72224973284392, ""fm1_hip_flexion_deg_p50"": 163.4678307881628, ""fm1_hip_flexion_deg_p75"": 166.51250815488848, ""fm1_knee_between_torso_p50"": 0.5723994927780599, ""fm1_scope"": ""this file (session is 59% seated over 17 files)"", ""fm1_shin_verticality_p50"": 0.14980538494875645, ""fm2_smplh_valid_frac"": 0.6376623376623377, ""fm3_static_frac"": 0.005849220103986135, ""fps"": 30.0, ""geom_body_roll_deg"": -91.2453549623861, ""observed_duration_s"": 154.0, ""repair_applied"": ""90\u00b0 turn"", ""reproj_shoulder_widths_p50"": 0.12571466270439377, ""shown_raster"": ""2160x3840"", ""stored_raster"": ""3840x2160"", ""timebase"": ""consistent"", ""timebase_index_drift_s"": 0.0, ""unit_flagged_frac"": 0.5882352941176471, ""vendor"": ""V03""}",render
r10_043,ask_scope_newly_kept_043_V03_S0508_I00000008_P1824_f0001512,V03_S0508_I00000008_P1824,naturalistic/train/0122/0047/V03_S0508_I00000008_P1824,naturalistic/train/0122/0117/V03_S0508_I00000008_P1825,ask_scope_newly_kept,V03,naturalistic,1512,V03,naturalistic,train,ipc_conversation,its own file reads standing; its session outvoted it — newly kept,"{""audio"": ""present"", ""audio_spectral_flatness"": 0.0002792471782248634, ""audio_speech_level_db"": -13.220170196697666, ""audio_status"": ""ok"", ""audio_voice_isolation_db"": 1.1257194748493835, ""flags_fired"": ""fm0_unusable_source+fm2_smplh_invalid"", ""fm0_reasons"": ""raster_3840x2160"", ""fm1_ankles_visible_frac"": 1.0, ""fm1_hip_flexion_deg_p25"": 146.05677221217778, ""fm1_hip_flexion_deg_p50"": 148.73437336245112, ""fm1_hip_flexion_deg_p75"": 150.3314760248627, ""fm1_knee_between_torso_p50"": 0.5281485209312695, ""fm1_scope"": ""this file (session is 60% seated over 10 files)"", ""fm1_shin_verticality_p50"": 0.19002191860291057, ""fm2_smplh_valid_frac"": 0.9516666666666667, ""fm3_static_frac"": 0.298, ""fps"": 30.0, ""geom_body_roll_deg"": -91.43208667438228, ""observed_duration_s"": 100.0, ""repair_applied"": ""90\u00b0 turn"", ""reproj_shoulder_widths_p50"": 0.09674080437549969, ""shown_raster"": ""2160x3840"", ""stored_raster"": ""3840x2160"", ""timebase"": ""consistent"", ""timebase_index_drift_s"": 0.0, ""unit_flagged_frac"": 0.6, ""vendor"": ""V03""}",render
r10_044,ask_scope_newly_kept_044_V03_S0981_I00000448_P3370_f0002786,V03_S0981_I00000448_P3370,naturalistic/train/0131/0035/V03_S0981_I00000448_P3370,naturalistic/train/0131/0013/V03_S0981_I00000448_P3318,ask_scope_newly_kept,V03,naturalistic,2786,V03,naturalistic,train,grounded_gesture,its own file reads standing; its session outvoted it — newly kept,"{""audio"": ""present"", ""audio_spectral_flatness"": 0.002258231135495962, ""audio_speech_level_db"": -9.091787259346582, ""audio_status"": ""ok"", ""audio_voice_isolation_db"": 1.774124276153361, ""flags_fired"": ""fm0_unusable_source+fm2_smplh_invalid"", ""fm0_reasons"": ""raster_3840x2160"", ""fm1_ankles_visible_frac"": 0.9854761904761905, ""fm1_hip_flexion_deg_p25"": 153.5287466227366, ""fm1_hip_flexion_deg_p50"": 156.27434588540297, ""fm1_hip_flexion_deg_p75"": 158.24044729528322, ""fm1_knee_between_torso_p50"": 0.5391356754941823, ""fm1_scope"": ""this file (session is 67% seated over 15 files)"", ""fm1_shin_verticality_p50"": 0.0, ""fm2_smplh_valid_frac"": 0.9721428571428572, ""fm3_static_frac"": 0.3547297297297297, ""fps"": 30.0, ""geom_body_roll_deg"": -90.0, ""observed_duration_s"": 140.0, ""repair_applied"": ""90\u00b0 turn"", ""reproj_shoulder_widths_p50"": 0.09790099557691895, ""shown_raster"": ""2160x3840"", ""stored_raster"": ""3840x2160"", ""timebase"": ""consistent"", ""timebase_index_drift_s"": 0.0, ""unit_flagged_frac"": 0.6666666666666666, ""vendor"": ""V03""}",render
r10_045,ask_scope_newly_kept_045_V03_S0967_I00000253_P1805_f0001429,V03_S0967_I00000253_P1805,naturalistic/train/0131/0052/V03_S0967_I00000253_P1805,naturalistic/train/0131/0069/V03_S0967_I00000253_P3342,ask_scope_newly_kept,V03,naturalistic,1429,V03,naturalistic,train,ipc_conversation,its own file reads standing; its session outvoted it — newly kept,"{""audio"": ""present"", ""audio_spectral_flatness"": 0.0001302514195747495, ""audio_speech_level_db"": -10.291903612656068, ""audio_status"": ""ok"", ""audio_voice_isolation_db"": 2.342087251454293, ""flags_fired"": ""fm0_unusable_source+fm2_smplh_invalid"", ""fm0_reasons"": ""raster_3840x2160"", ""fm1_ankles_visible_frac"": 1.0, ""fm1_hip_flexion_deg_p25"": 161.32829221596847, ""fm1_hip_flexion_deg_p50"": 164.56819319414382, ""fm1_hip_flexion_deg_p75"": 166.40804756985267, ""fm1_knee_between_torso_p50"": 0.5677424972040076, ""fm1_scope"": ""this file (session is 59% seated over 17 files)"", ""fm1_shin_verticality_p50"": 0.12403473458920845, ""fm2_smplh_valid_frac"": 0.9838768115942029, ""fm3_static_frac"": 0.017391304347826087, ""fps"": 30.0, ""geom_body_roll_deg"": -90.0, ""observed_duration_s"": 184.0, ""repair_applied"": ""90\u00b0 turn"", ""reproj_shoulder_widths_p50"": 0.10518429909948535, ""shown_raster"": ""2160x3840"", ""stored_raster"": ""3840x2160"", ""timebase"": ""consistent"", ""timebase_index_drift_s"": 0.0, ""unit_flagged_frac"": 0.5882352941176471, ""vendor"": ""V03""}",render
r10_046,ask_scope_newly_kept_046_V03_S0975_I00000265_P3359_f0004008,V03_S0975_I00000265_P3359,naturalistic/test/0002/0070/V03_S0975_I00000265_P3359,,ask_scope_newly_kept,V03,naturalistic,4008,V03,naturalistic,test,ipc_conversation,its own file reads standing; its session outvoted it — newly kept,"{""audio"": ""present"", ""audio_spectral_flatness"": 0.0001593647081718061, ""audio_speech_level_db"": -10.559009126210828, ""audio_status"": ""ok"", ""audio_voice_isolation_db"": null, ""flags_fired"": ""fm0_unusable_source+fm2_smplh_invalid"", ""fm0_reasons"": ""raster_3840x2160"", ""fm1_ankles_visible_frac"": 0.5548556430446194, ""fm1_hip_flexion_deg_p25"": 165.68724522663075, ""fm1_hip_flexion_deg_p50"": 166.75726384315172, ""fm1_hip_flexion_deg_p75"": 167.6834974467668, ""fm1_knee_between_torso_p50"": 0.6258168296605611, ""fm1_scope"": ""this file (session is 71% seated over 7 files)"", ""fm1_shin_verticality_p50"": 0.041630351466696525, ""fm2_smplh_valid_frac"": 0.9730971128608924, ""fm3_static_frac"": 0.442257217847769, ""fps"": 30.0, ""geom_body_roll_deg"": -93.23969876311682, ""observed_duration_s"": 254.0, ""repair_applied"": ""90\u00b0 turn"", ""reproj_shoulder_widths_p50"": 0.12248914943043711, ""shown_raster"": ""2160x3840"", ""stored_raster"": ""3840x2160"", ""timebase"": ""consistent"", ""timebase_index_drift_s"": 0.0, ""unit_flagged_frac"": 0.7142857142857143, ""vendor"": ""V03""}",render
r10_047,ask_scope_newly_kept_047_V03_S0197_I00000463_P1417_f0009636,V03_S0197_I00000463_P1417,naturalistic/train/0110/0088/V03_S0197_I00000463_P1417,naturalistic/train/0110/0106/V03_S0197_I00000463_P1416,ask_scope_newly_kept,V03,naturalistic,9636,V03,naturalistic,train,grounded_gesture,its own file reads standing; its session outvoted it — newly kept,"{""audio"": ""present"", ""audio_spectral_flatness"": 0.00791818276954962, ""audio_speech_level_db"": -21.108720464921824, ""audio_status"": ""ok"", ""audio_voice_isolation_db"": 10.052258838566617, ""flags_fired"": ""fm2_smplh_invalid"", ""fm0_reasons"": ""none"", ""fm1_ankles_visible_frac"": 0.6855262486607826, ""fm1_hip_flexion_deg_p25"": 164.68168933572264, ""fm1_hip_flexion_deg_p50"": 166.00503893499024, ""fm1_hip_flexion_deg_p75"": 167.59322715015023, ""fm1_knee_between_torso_p50"": 0.5593917693357384, ""fm1_scope"": ""this file (session is 50% seated over 2 files)"", ""fm1_shin_verticality_p50"": 0.9926458528006388, ""fm2_smplh_valid_frac"": 0.9992347329217897, ""fm3_static_frac"": 0.13820723432477935, ""fps"": 29.97, ""geom_body_roll_deg"": -0.8303155434837052, ""observed_duration_s"": 654.020033, ""repair_applied"": ""none"", ""reproj_shoulder_widths_p50"": 0.17547187396794392, ""shown_raster"": ""2160x3840"", ""stored_raster"": ""2160x3840"", ""timebase"": ""consistent"", ""timebase_index_drift_s"": 0.0, ""unit_flagged_frac"": 0.5, ""vendor"": ""V03""}",render
r10_048,v01_pass_048_V01_S0563_I00001223_P1840_f0006595,V01_S0563_I00001223_P1840,improvised/test/0000/0013/V01_S0563_I00001223_P1840,improvised/test/0000/0006/V01_S0563_I00001223_P1841,v01_pass,V01,improvised,6595,V01,improvised,test,ipc_conversation,random draw from V01 files the pipeline sorted into 'pass',"{""audio"": ""present"", ""audio_spectral_flatness"": 0.0030249905032546224, ""audio_speech_level_db"": -29.49739972850398, ""audio_status"": ""ok"", ""audio_voice_isolation_db"": 15.843414354759505, ""flags_fired"": ""none"", ""fm0_reasons"": ""none"", ""fm1_ankles_visible_frac"": 0.9960745829244357, ""fm1_hip_flexion_deg_p25"": 157.94243634256435, ""fm1_hip_flexion_deg_p50"": 159.62558490901668, ""fm1_hip_flexion_deg_p75"": 160.91891429103254, ""fm1_knee_between_torso_p50"": 0.5904943674362069, ""fm1_scope"": ""session majority over 3 files"", ""fm1_shin_verticality_p50"": 0.971667583301886, ""fm2_smplh_valid_frac"": 1.0, ""fm3_static_frac"": 0.6512512266928361, ""fps"": 29.97, ""geom_body_roll_deg"": -3.4682221867656233, ""observed_duration_s"": 272.005067, ""repair_applied"": ""none"", ""reproj_shoulder_widths_p50"": 0.0526641592573038, ""shown_raster"": ""1080x1920"", ""stored_raster"": ""1080x1920"", ""timebase"": ""consistent"", ""timebase_index_drift_s"": 0.0, ""unit_flagged_frac"": 0.0, ""vendor"": ""V01""}",render
r10_049,v01_pass_049_V01_S0935_I00001223_P2039_f0001947,V01_S0935_I00001223_P2039,improvised/dev/0000/0032/V01_S0935_I00001223_P2039,improvised/dev/0000/0009/V01_S0935_I00001223_P2040,v01_pass,V01,improvised,1947,V01,improvised,dev,ipc_conversation,random draw from V01 files the pipeline sorted into 'pass',"{""audio"": ""present"", ""audio_spectral_flatness"": 0.00267912548695103, ""audio_speech_level_db"": -25.061777580503993, ""audio_status"": ""ok"", ""audio_voice_isolation_db"": 8.318804452773309, ""flags_fired"": ""none"", ""fm0_reasons"": ""none"", ""fm1_ankles_visible_frac"": 1.0, ""fm1_hip_flexion_deg_p25"": 156.26120082994714, ""fm1_hip_flexion_deg_p50"": 159.14565294139942, ""fm1_hip_flexion_deg_p75"": 161.5062184443942, ""fm1_knee_between_torso_p50"": 0.5855284550327425, ""fm1_scope"": ""session majority over 2 files"", ""fm1_shin_verticality_p50"": 0.9994801140843151, ""fm2_smplh_valid_frac"": 1.0, ""fm3_static_frac"": 0.4787256788539662, ""fps"": 29.98, ""geom_body_roll_deg"": -7.89484715291695e-06, ""observed_duration_s"": 156.003933, ""repair_applied"": ""none"", ""reproj_shoulder_widths_p50"": 0.03621673601211426, ""shown_raster"": ""1080x1920"", ""stored_raster"": ""1080x1920"", ""timebase"": ""consistent"", ""timebase_index_drift_s"": 0.0, ""unit_flagged_frac"": 0.0, ""vendor"": ""V01""}",render
r10_050,v01_pass_050_V01_S0599_I00001201_P1033_f0006668,V01_S0599_I00001201_P1033,improvised/train/0056/0035/V01_S0599_I00001201_P1033,improvised/train/0056/0044/V01_S0599_I00001201_P1719,v01_pass,V01,improvised,6668,V01,improvised,train,ipc_conversation,random draw from V01 files the pipeline sorted into 'pass',"{""audio"": ""present"", ""audio_spectral_flatness"": 0.0035823700449359192, ""audio_speech_level_db"": -12.921197637092677, ""audio_status"": ""ok"", ""audio_voice_isolation_db"": 4.603482462768113, ""flags_fired"": ""none"", ""fm0_reasons"": ""none"", ""fm1_ankles_visible_frac"": 1.0, ""fm1_hip_flexion_deg_p25"": 159.49704917252183, ""fm1_hip_flexion_deg_p50"": 160.90686141660066, ""fm1_hip_flexion_deg_p75"": 162.6396889261622, ""fm1_knee_between_torso_p50"": 0.5825228844670328, ""fm1_scope"": ""session majority over 3 files"", ""fm1_shin_verticality_p50"": 0.9996349685494004, ""fm2_smplh_valid_frac"": 1.0, ""fm3_static_frac"": 0.034731707317073174, ""fps"": 29.97, ""geom_body_roll_deg"": -0.8951632572111055, ""observed_duration_s"": 342.008333, ""repair_applied"": ""none"", ""reproj_shoulder_widths_p50"": 0.04348477052178498, ""shown_raster"": ""1080x1920"", ""stored_raster"": ""1080x1920"", ""timebase"": ""consistent"", ""timebase_index_drift_s"": 0.0, ""unit_flagged_frac"": 0.0, ""vendor"": ""V01""}",render
r10_051,v01_pass_051_V01_S1756_I00000655_P2164_f0001354,V01_S1756_I00000655_P2164,improvised/train/0060/0019/V01_S1756_I00000655_P2164,improvised/train/0060/0016/V01_S1756_I00000655_P2613,v01_pass,V01,improvised,1354,V01,improvised,train,collaborative_storytelling,random draw from V01 files the pipeline sorted into 'pass',"{""audio"": ""present"", ""audio_spectral_flatness"": 0.00024208689258336, ""audio_speech_level_db"": -30.412905407533415, ""audio_status"": ""ok"", ""audio_voice_isolation_db"": 9.045895127759852, ""flags_fired"": ""none"", ""fm0_reasons"": ""none"", ""fm1_ankles_visible_frac"": 1.0, ""fm1_hip_flexion_deg_p25"": 160.32128457423227, ""fm1_hip_flexion_deg_p50"": 161.77604680864658, ""fm1_hip_flexion_deg_p75"": 163.6570512200783, ""fm1_knee_between_torso_p50"": 0.6070087004450981, ""fm1_scope"": ""session majority over 2 files"", ""fm1_shin_verticality_p50"": 0.9984603573367682, ""fm2_smplh_valid_frac"": 1.0, ""fm3_static_frac"": 0.029017047515415305, ""fps"": 29.97, ""geom_body_roll_deg"": 3.576339316764452, ""observed_duration_s"": 92.0249, ""repair_applied"": ""none"", ""reproj_shoulder_widths_p50"": 0.03846081659616974, ""shown_raster"": ""1080x1920"", ""stored_raster"": ""1080x1920"", ""timebase"": ""consistent"", ""timebase_index_drift_s"": 0.0, ""unit_flagged_frac"": 0.0, ""vendor"": ""V01""}",render
r10_052,v01_pass_052_V01_S1343_I00000320_P2382_f0000377,V01_S1343_I00000320_P2382,naturalistic/train/0041/0018/V01_S1343_I00000320_P2382,naturalistic/train/0041/0016/V01_S1343_I00000320_P2381,v01_pass,V01,naturalistic,377,V01,naturalistic,train,ipc_conversation,random draw from V01 files the pipeline sorted into 'pass',"{""audio"": ""present"", ""audio_spectral_flatness"": 0.0029726211276533427, ""audio_speech_level_db"": -37.89162821801391, ""audio_status"": ""ok"", ""audio_voice_isolation_db"": 9.438361418671255, ""flags_fired"": ""none"", ""fm0_reasons"": ""none"", ""fm1_ankles_visible_frac"": 1.0, ""fm1_hip_flexion_deg_p25"": 153.54242217482619, ""fm1_hip_flexion_deg_p50"": 154.93533422960033, ""fm1_hip_flexion_deg_p75"": 162.4940614692773, ""fm1_knee_between_torso_p50"": 0.6181300784413585, ""fm1_scope"": ""session majority over 2 files"", ""fm1_shin_verticality_p50"": 0.9981684921794254, ""fm2_smplh_valid_frac"": 1.0, ""fm3_static_frac"": 0.462037037037037, ""fps"": 30.0, ""geom_body_roll_deg"": 1.8476052084221415, ""observed_duration_s"": 72.0, ""repair_applied"": ""pixel aspect 1.0672"", ""reproj_shoulder_widths_p50"": 0.036001639481924246, ""shown_raster"": ""1080x1920"", ""stored_raster"": ""1012x1920"", ""timebase"": ""consistent"", ""timebase_index_drift_s"": 0.0, ""unit_flagged_frac"": 0.0, ""vendor"": ""V01""}",render
r10_053,v01_pass_053_V01_S0196_I00000128_P1364_f0000010,V01_S0196_I00000128_P1364,naturalistic/train/0038/0021/V01_S0196_I00000128_P1364,naturalistic/train/0038/0041/V01_S0196_I00000128_P1365,v01_pass,V01,naturalistic,10,V01,naturalistic,train,ipc_conversation,random draw from V01 files the pipeline sorted into 'pass',"{""audio"": ""present"", ""audio_spectral_flatness"": 0.010144851750424714, ""audio_speech_level_db"": -16.046365811253718, ""audio_status"": ""ok"", ""audio_voice_isolation_db"": 13.788759120988685, ""flags_fired"": ""none"", ""fm0_reasons"": ""none"", ""fm1_ankles_visible_frac"": 1.0, ""fm1_hip_flexion_deg_p25"": 165.07865352840457, ""fm1_hip_flexion_deg_p50"": 166.21161722451558, ""fm1_hip_flexion_deg_p75"": 167.70401685793945, ""fm1_knee_between_torso_p50"": 0.6004583049925908, ""fm1_scope"": ""session majority over 1 files"", ""fm1_shin_verticality_p50"": 0.9967290513691165, ""fm2_smplh_valid_frac"": 1.0, ""fm3_static_frac"": 0.1472193074501574, ""fps"": 29.97, ""geom_body_roll_deg"": -2.3532936346371747, ""observed_duration_s"": 318.017333, ""repair_applied"": ""none"", ""reproj_shoulder_widths_p50"": 0.039203936938698225, ""shown_raster"": ""1080x1920"", ""stored_raster"": ""1080x1920"", ""timebase"": ""consistent"", ""timebase_index_drift_s"": 0.0, ""unit_flagged_frac"": 0.0, ""vendor"": ""V01""}",render
r10_054,v01_pass_054_V01_S0134_I00000130_P1250_f0000145,V01_S0134_I00000130_P1250,naturalistic/train/0036/0029/V01_S0134_I00000130_P1250,naturalistic/train/0036/0012/V01_S0134_I00000130_P1053,v01_pass,V01,naturalistic,145,V01,naturalistic,train,ipc_conversation,random draw from V01 files the pipeline sorted into 'pass',"{""audio"": ""present"", ""audio_spectral_flatness"": 0.0014660628881422175, ""audio_speech_level_db"": -22.31317017377283, ""audio_status"": ""ok"", ""audio_voice_isolation_db"": 11.07814638444185, ""flags_fired"": ""none"", ""fm0_reasons"": ""none"", ""fm1_ankles_visible_frac"": 1.0, ""fm1_hip_flexion_deg_p25"": 160.15468728557227, ""fm1_hip_flexion_deg_p50"": 162.2833965054308, ""fm1_hip_flexion_deg_p75"": 165.24931575561848, ""fm1_knee_between_torso_p50"": 0.6502950942780932, ""fm1_scope"": ""session majority over 3 files"", ""fm1_shin_verticality_p50"": 0.9994449059374051, ""fm2_smplh_valid_frac"": 1.0, ""fm3_static_frac"": 0.0, ""fps"": 29.97, ""geom_body_roll_deg"": -2.4540261784263553, ""observed_duration_s"": 128.0279, ""repair_applied"": ""none"", ""reproj_shoulder_widths_p50"": 0.04602175469586893, ""shown_raster"": ""1080x1920"", ""stored_raster"": ""1080x1920"", ""timebase"": ""consistent"", ""timebase_index_drift_s"": -0.03336666666666667, ""unit_flagged_frac"": 0.0, ""vendor"": ""V01""}",render
r10_055,v01_pass_055_V01_S1342_I00000329_P2379_f0001073,V01_S1342_I00000329_P2379,naturalistic/train/0041/0051/V01_S1342_I00000329_P2379,naturalistic/train/0041/0029/V01_S1342_I00000329_P2380,v01_pass,V01,naturalistic,1073,V01,naturalistic,train,collaborative_storytelling,random draw from V01 files the pipeline sorted into 'pass',"{""audio"": ""present"", ""audio_spectral_flatness"": 0.0018925617375147989, ""audio_speech_level_db"": -16.18816823126671, ""audio_status"": ""ok"", ""audio_voice_isolation_db"": 20.95322974022444, ""flags_fired"": ""none"", ""fm0_reasons"": ""none"", ""fm1_ankles_visible_frac"": 1.0, ""fm1_hip_flexion_deg_p25"": 157.1741449251583, ""fm1_hip_flexion_deg_p50"": 159.18644829195114, ""fm1_hip_flexion_deg_p75"": 161.1378066818575, ""fm1_knee_between_torso_p50"": 0.5741902234784504, ""fm1_scope"": ""session majority over 3 files"", ""fm1_shin_verticality_p50"": 1.0, ""fm2_smplh_valid_frac"": 1.0, ""fm3_static_frac"": 0.5443693693693694, ""fps"": 30.0, ""geom_body_roll_deg"": -2.0095392323698915, ""observed_duration_s"": 148.0, ""repair_applied"": ""pixel aspect 1.0672"", ""reproj_shoulder_widths_p50"": 0.033550490202935344, ""shown_raster"": ""1080x1920"", ""stored_raster"": ""1012x1920"", ""timebase"": ""consistent"", ""timebase_index_drift_s"": 0.0, ""unit_flagged_frac"": 0.0, ""vendor"": ""V01""}",render
r10_056,v01_fm0_unusable_source_056_V01_S0074_I00000309_P1140_f0000157,V01_S0074_I00000309_P1140,naturalistic/train/0034/0048/V01_S0074_I00000309_P1140,naturalistic/train/0034/0031/V01_S0074_I00000309_P1141,v01_fm0_unusable_source,V01,naturalistic,157,V01,naturalistic,train,ipc_conversation,random draw from V01 files the pipeline sorted into 'fm0_unusable_source',"{""audio"": ""present"", ""audio_spectral_flatness"": 0.0003924978597136436, ""audio_speech_level_db"": -10.635784365938017, ""audio_status"": ""ok"", ""audio_voice_isolation_db"": 5.410419607834438, ""flags_fired"": ""fm0_unusable_source"", ""fm0_reasons"": ""raster_2160x2160"", ""fm1_ankles_visible_frac"": 0.9988358556461001, ""fm1_hip_flexion_deg_p25"": 97.24285597409865, ""fm1_hip_flexion_deg_p50"": 100.33798789028627, ""fm1_hip_flexion_deg_p75"": 103.67805594727261, ""fm1_knee_between_torso_p50"": 0.28712058657260797, ""fm1_scope"": ""session majority over 4 files"", ""fm1_shin_verticality_p50"": 0.9976303057012924, ""fm2_smplh_valid_frac"": 1.0, ""fm3_static_frac"": 0.4827318587504851, ""fps"": 29.97, ""geom_body_roll_deg"": 9.994930559436666e-06, ""observed_duration_s"": 86.0189, ""repair_applied"": ""pixel aspect 0.5625"", ""reproj_shoulder_widths_p50"": 0.1075359271139083, ""shown_raster"": ""1215x2160"", ""stored_raster"": ""2160x2160"", ""timebase"": ""consistent"", ""timebase_index_drift_s"": 0.0, ""unit_flagged_frac"": 0.0, ""vendor"": ""V01""}",render
r10_057,v01_fm0_unusable_source_057_V01_S1258_I00001295_P1566_f0002075,V01_S1258_I00001295_P1566,improvised/train/0059/0037/V01_S1258_I00001295_P1566,improvised/train/0059/0020/V01_S1258_I00001295_P1232,v01_fm0_unusable_source,V01,improvised,2075,V01,improvised,train,collaborative_storytelling,random draw from V01 files the pipeline sorted into 'fm0_unusable_source',"{""audio"": ""present"", ""audio_spectral_flatness"": 0.0014027779109775233, ""audio_speech_level_db"": -12.716279242007678, ""audio_status"": ""ok"", ""audio_voice_isolation_db"": 7.98214742153185, ""flags_fired"": ""fm0_unusable_source"", ""fm0_reasons"": ""raster_2160x2160"", ""fm1_ankles_visible_frac"": 1.0, ""fm1_hip_flexion_deg_p25"": 92.97016299270607, ""fm1_hip_flexion_deg_p50"": 94.81385621215198, ""fm1_hip_flexion_deg_p75"": 96.97397225865838, ""fm1_knee_between_torso_p50"": 0.23440172200792325, ""fm1_scope"": ""session majority over 4 files"", ""fm1_shin_verticality_p50"": 0.9956342595987151, ""fm2_smplh_valid_frac"": 1.0, ""fm3_static_frac"": 0.0009930486593843098, ""fps"": 29.97, ""geom_body_roll_deg"": 1.2453611437126992, ""observed_duration_s"": 168.001167, ""repair_applied"": ""pixel aspect 0.5625"", ""reproj_shoulder_widths_p50"": 0.12157826705956389, ""shown_raster"": ""1215x2160"", ""stored_raster"": ""2160x2160"", ""timebase"": ""consistent"", ""timebase_index_drift_s"": 0.0, ""unit_flagged_frac"": 0.0, ""vendor"": ""V01""}",render
r10_058,v01_fm0_unusable_source_058_V01_S0130_I00000137_P1244_f0000092,V01_S0130_I00000137_P1244,naturalistic/train/0036/0005/V01_S0130_I00000137_P1244,naturalistic/train/0036/0007/V01_S0130_I00000137_P1243,v01_fm0_unusable_source,V01,naturalistic,92,V01,naturalistic,train,ipc_conversation,random draw from V01 files the pipeline sorted into 'fm0_unusable_source',"{""audio"": ""present"", ""audio_spectral_flatness"": 0.002189988068134796, ""audio_speech_level_db"": -11.982864962608959, ""audio_status"": ""ok"", ""audio_voice_isolation_db"": 3.542519155962033, ""flags_fired"": ""fm0_unusable_source"", ""fm0_reasons"": ""raster_2160x2160"", ""fm1_ankles_visible_frac"": 1.0, ""fm1_hip_flexion_deg_p25"": 89.84231488156463, ""fm1_hip_flexion_deg_p50"": 90.80420132189789, ""fm1_hip_flexion_deg_p75"": 93.92660283072611, ""fm1_knee_between_torso_p50"": 0.18809686956842203, ""fm1_scope"": ""session majority over 3 files"", ""fm1_shin_verticality_p50"": 0.9954954635865362, ""fm2_smplh_valid_frac"": 1.0, ""fm3_static_frac"": 0.37978410206084395, ""fps"": 29.97, ""geom_body_roll_deg"": 6.241914347415049, ""observed_duration_s"": 34.000633, ""repair_applied"": ""pixel aspect 0.5625"", ""reproj_shoulder_widths_p50"": 0.06714086772480836, ""shown_raster"": ""1215x2160"", ""stored_raster"": ""2160x2160"", ""timebase"": ""consistent"", ""timebase_index_drift_s"": 0.0, ""unit_flagged_frac"": 0.0, ""vendor"": ""V01""}",render
r10_059,v01_fm0_unusable_source_059_V01_S0270_I00000132_P1579_f0004992,V01_S0270_I00000132_P1579,naturalistic/train/0039/0026/V01_S0270_I00000132_P1579,naturalistic/train/0039/0047/V01_S0270_I00000132_P1580,v01_fm0_unusable_source,V01,naturalistic,4992,V01,naturalistic,train,ipc_conversation,random draw from V01 files the pipeline sorted into 'fm0_unusable_source',"{""audio"": ""present"", ""audio_spectral_flatness"": 0.015371410413444865, ""audio_speech_level_db"": -21.01580580313111, ""audio_status"": ""ok"", ""audio_voice_isolation_db"": 12.293408296121937, ""flags_fired"": ""fm0_unusable_source"", ""fm0_reasons"": ""raster_2160x2160"", ""fm1_ankles_visible_frac"": 1.0, ""fm1_hip_flexion_deg_p25"": 87.11360826667682, ""fm1_hip_flexion_deg_p50"": 88.3235353468535, ""fm1_hip_flexion_deg_p75"": 90.41775561171804, ""fm1_knee_between_torso_p50"": 0.15268052247623143, ""fm1_scope"": ""session majority over 4 files"", ""fm1_shin_verticality_p50"": 0.9947814398639838, ""fm2_smplh_valid_frac"": 1.0, ""fm3_static_frac"": 0.2788844621513944, ""fps"": 29.97, ""geom_body_roll_deg"": 0.8951661113208483, ""observed_duration_s"": 268.0007, ""repair_applied"": ""pixel aspect 0.5625"", ""reproj_shoulder_widths_p50"": 0.11147725116142533, ""shown_raster"": ""1215x2160"", ""stored_raster"": ""2160x2160"", ""timebase"": ""consistent"", ""timebase_index_drift_s"": 0.03336666666666667, ""unit_flagged_frac"": 0.0, ""vendor"": ""V01""}",render
r10_060,v01_fm0_unusable_source_060_V01_S0227_I00001223_P1513_f0001358,V01_S0227_I00001223_P1513,improvised/train/0051/0064/V01_S0227_I00001223_P1513,improvised/train/0051/0063/V01_S0227_I00001223_P1512,v01_fm0_unusable_source,V01,improvised,1358,V01,improvised,train,ipc_conversation,random draw from V01 files the pipeline sorted into 'fm0_unusable_source',"{""audio"": ""present"", ""audio_spectral_flatness"": 0.00021973895787683647, ""audio_speech_level_db"": -14.596076186094402, ""audio_status"": ""ok"", ""audio_voice_isolation_db"": 9.517001521670178, ""flags_fired"": ""fm0_unusable_source"", ""fm0_reasons"": ""raster_2160x2160"", ""fm1_ankles_visible_frac"": 1.0, ""fm1_hip_flexion_deg_p25"": 90.46062477998137, ""fm1_hip_flexion_deg_p50"": 91.85591765395952, ""fm1_hip_flexion_deg_p75"": 93.6622058756466, ""fm1_knee_between_torso_p50"": 0.23734521008739295, ""fm1_scope"": ""session majority over 2 files"", ""fm1_shin_verticality_p50"": 0.967617294364352, ""fm2_smplh_valid_frac"": 1.0, ""fm3_static_frac"": 0.5448341232227488, ""fps"": 29.97, ""geom_body_roll_deg"": 16.260212188115545, ""observed_duration_s"": 176.009167, ""repair_applied"": ""pixel aspect 0.5625"", ""reproj_shoulder_widths_p50"": 0.078969819516626, ""shown_raster"": ""1215x2160"", ""stored_raster"": ""2160x2160"", ""timebase"": ""consistent"", ""timebase_index_drift_s"": 0.0, ""unit_flagged_frac"": 0.0, ""vendor"": ""V01""}",render
r10_061,v01_fm0_unusable_source_061_V01_S0046_I00000125_P1089_f0002770,V01_S0046_I00000125_P1089,naturalistic/train/0033/0058/V01_S0046_I00000125_P1089,naturalistic/train/0033/0047/V01_S0046_I00000125_P1088,v01_fm0_unusable_source,V01,naturalistic,2770,V01,naturalistic,train,ipc_conversation,random draw from V01 files the pipeline sorted into 'fm0_unusable_source',"{""audio"": ""present"", ""audio_spectral_flatness"": 0.0008545305384799837, ""audio_speech_level_db"": -16.52852833608621, ""audio_status"": ""ok"", ""audio_voice_isolation_db"": 2.602595094909948, ""flags_fired"": ""fm0_unusable_source"", ""fm0_reasons"": ""raster_2160x2160"", ""fm1_ankles_visible_frac"": 1.0, ""fm1_hip_flexion_deg_p25"": 86.7771412515055, ""fm1_hip_flexion_deg_p50"": 87.7071449603128, ""fm1_hip_flexion_deg_p75"": 88.7179005377935, ""fm1_knee_between_torso_p50"": 0.15925866008158127, ""fm1_scope"": ""session majority over 5 files"", ""fm1_shin_verticality_p50"": 0.9912279463489484, ""fm2_smplh_valid_frac"": 1.0, ""fm3_static_frac"": 0.6445904954499494, ""fps"": 29.97, ""geom_body_roll_deg"": 3.715281779583223, ""observed_duration_s"": 132.0319, ""repair_applied"": ""pixel aspect 0.5625"", ""reproj_shoulder_widths_p50"": 0.10176954950467423, ""shown_raster"": ""1215x2160"", ""stored_raster"": ""2160x2160"", ""timebase"": ""consistent"", ""timebase_index_drift_s"": -0.03336666666666667, ""unit_flagged_frac"": 0.0, ""vendor"": ""V01""}",render
r10_062,v01_fm0_unusable_source_062_V01_S1266_I00000307_P2282_f0000483,V01_S1266_I00000307_P2282,naturalistic/train/0041/0022/V01_S1266_I00000307_P2282,naturalistic/train/0041/0020/V01_S1266_I00000307_P1094,v01_fm0_unusable_source,V01,naturalistic,483,V01,naturalistic,train,ipc_conversation,random draw from V01 files the pipeline sorted into 'fm0_unusable_source',"{""audio"": ""present"", ""audio_spectral_flatness"": 0.0025357611425814645, ""audio_speech_level_db"": -10.710592362135433, ""audio_status"": ""ok"", ""audio_voice_isolation_db"": 5.093775935044564, ""flags_fired"": ""fm0_unusable_source"", ""fm0_reasons"": ""raster_2160x2160"", ""fm1_ankles_visible_frac"": 0.7210475266731329, ""fm1_hip_flexion_deg_p25"": 117.5548938904264, ""fm1_hip_flexion_deg_p50"": 120.27804193806827, ""fm1_hip_flexion_deg_p75"": 122.39885946084677, ""fm1_knee_between_torso_p50"": 0.43338515354951723, ""fm1_scope"": ""session majority over 3 files"", ""fm1_shin_verticality_p50"": 0.9284772605803454, ""fm2_smplh_valid_frac"": 1.0, ""fm3_static_frac"": 0.5536372453928226, ""fps"": 29.97, ""geom_body_roll_deg"": -5.000654359282313, ""observed_duration_s"": 172.005167, ""repair_applied"": ""pixel aspect 0.5625"", ""reproj_shoulder_widths_p50"": 0.08588126892132834, ""shown_raster"": ""1215x2160"", ""stored_raster"": ""2160x2160"", ""timebase"": ""consistent"", ""timebase_index_drift_s"": 0.0, ""unit_flagged_frac"": 0.0, ""vendor"": ""V01""}",render
r10_063,v01_fm0_unusable_source_063_V01_S0201_I00000128_P1375_f0002892,V01_S0201_I00000128_P1375,naturalistic/train/0038/0001/V01_S0201_I00000128_P1375,naturalistic/train/0038/0005/V01_S0201_I00000128_P1374,v01_fm0_unusable_source,V01,naturalistic,2892,V01,naturalistic,train,ipc_conversation,random draw from V01 files the pipeline sorted into 'fm0_unusable_source',"{""audio"": ""present"", ""audio_spectral_flatness"": 0.03248917453118411, ""audio_speech_level_db"": -16.16143146698863, ""audio_status"": ""ok"", ""audio_voice_isolation_db"": 8.56215082651559, ""flags_fired"": ""fm0_unusable_source"", ""fm0_reasons"": ""raster_2160x2160"", ""fm1_ankles_visible_frac"": 0.9995164410058027, ""fm1_hip_flexion_deg_p25"": 101.87786220123704, ""fm1_hip_flexion_deg_p50"": 103.4735952013331, ""fm1_hip_flexion_deg_p75"": 105.48882836778262, ""fm1_knee_between_torso_p50"": 0.3075098169269227, ""fm1_scope"": ""session majority over 3 files"", ""fm1_shin_verticality_p50"": 0.9984603582276009, ""fm2_smplh_valid_frac"": 1.0, ""fm3_static_frac"": 0.6351547388781431, ""fps"": 29.97, ""geom_body_roll_deg"": -0.8425238960562017, ""observed_duration_s"": 138.004533, ""repair_applied"": ""pixel aspect 0.5625"", ""reproj_shoulder_widths_p50"": 0.08786037073486827, ""shown_raster"": ""1215x2160"", ""stored_raster"": ""2160x2160"", ""timebase"": ""consistent"", ""timebase_index_drift_s"": 0.0, ""unit_flagged_frac"": 0.0, ""vendor"": ""V01""}",render
r10_064,v01_fm2_smplh_invalid_064_V01_S0279_I00000618_P1595_f0002335,V01_S0279_I00000618_P1595,naturalistic/train/0040/0018/V01_S0279_I00000618_P1595,naturalistic/train/0040/0045/V01_S0279_I00000618_P1596,v01_fm2_smplh_invalid,V01,naturalistic,2335,V01,naturalistic,train,grounded_gesture,random draw from V01 files the pipeline sorted into 'fm2_smplh_invalid'; positioned on the longest untrusted stretch,"{""audio"": ""present"", ""audio_spectral_flatness"": 0.015499378975658564, ""audio_speech_level_db"": -14.388689541469816, ""audio_status"": ""ok"", ""audio_voice_isolation_db"": 24.93629628072292, ""flags_fired"": ""fm2_smplh_invalid"", ""fm0_reasons"": ""none"", ""fm1_ankles_visible_frac"": 1.0, ""fm1_hip_flexion_deg_p25"": 157.36206542543894, ""fm1_hip_flexion_deg_p50"": 158.7534245269012, ""fm1_hip_flexion_deg_p75"": 160.28167582118337, ""fm1_knee_between_torso_p50"": 0.5470397475976929, ""fm1_scope"": ""session majority over 3 files"", ""fm1_shin_verticality_p50"": 0.9996714333353951, ""fm2_smplh_valid_frac"": 0.9998426188227888, ""fm3_static_frac"": 0.42854894554611267, ""fps"": 29.97, ""geom_body_roll_deg"": 0.0, ""observed_duration_s"": 212.0118, ""repair_applied"": ""none"", ""reproj_shoulder_widths_p50"": 0.055515626874419556, ""shown_raster"": ""1080x1920"", ""stored_raster"": ""1080x1920"", ""timebase"": ""consistent"", ""timebase_index_drift_s"": 0.0, ""unit_flagged_frac"": 0.0, ""vendor"": ""V01""}",render
r10_065,v01_fm2_smplh_invalid_065_V01_S0620_I00001201_P1243_f0003155,V01_S0620_I00001201_P1243,improvised/train/0057/0040/V01_S0620_I00001201_P1243,improvised/train/0057/0050/V01_S0620_I00001201_P1856,v01_fm2_smplh_invalid,V01,improvised,3155,V01,improvised,train,ipc_conversation,random draw from V01 files the pipeline sorted into 'fm2_smplh_invalid'; positioned on the longest untrusted stretch,"{""audio"": ""present"", ""audio_spectral_flatness"": 0.0014976021553223787, ""audio_speech_level_db"": -25.114551408075773, ""audio_status"": ""ok"", ""audio_voice_isolation_db"": 14.119631086292054, ""flags_fired"": ""fm2_smplh_invalid"", ""fm0_reasons"": ""none"", ""fm1_ankles_visible_frac"": 1.0, ""fm1_hip_flexion_deg_p25"": 158.50459870869366, ""fm1_hip_flexion_deg_p50"": 160.55254186803145, ""fm1_hip_flexion_deg_p75"": 164.25452185299082, ""fm1_knee_between_torso_p50"": 0.6398828448117303, ""fm1_scope"": ""session majority over 3 files"", ""fm1_shin_verticality_p50"": 0.9995120793949894, ""fm2_smplh_valid_frac"": 0.9993969849246231, ""fm3_static_frac"": 0.0026130653266331657, ""fps"": 29.97, ""geom_body_roll_deg"": 2.5261174655415344, ""observed_duration_s"": 332.0317, ""repair_applied"": ""none"", ""reproj_shoulder_widths_p50"": 0.06069327589832874, ""shown_raster"": ""1080x1920"", ""stored_raster"": ""1080x1920"", ""timebase"": ""consistent"", ""timebase_index_drift_s"": -0.03336666666666667, ""unit_flagged_frac"": 0.0, ""vendor"": ""V01""}",render
r10_066,v01_fm2_smplh_invalid_066_V01_S0430_I00001017_P1783_f0001920,V01_S0430_I00001017_P1783,improvised/train/0053/0067/V01_S0430_I00001017_P1783,improvised/train/0053/0043/V01_S0430_I00001017_P1784,v01_fm2_smplh_invalid,V01,improvised,1920,V01,improvised,train,collaborative_storytelling,random draw from V01 files the pipeline sorted into 'fm2_smplh_invalid'; positioned on the longest untrusted stretch,"{""audio"": ""present"", ""audio_spectral_flatness"": 0.001245793775959922, ""audio_speech_level_db"": -26.91014358144951, ""audio_status"": ""ok"", ""audio_voice_isolation_db"": 36.09864468443704, ""flags_fired"": ""fm2_smplh_invalid"", ""fm0_reasons"": ""none"", ""fm1_ankles_visible_frac"": 1.0, ""fm1_hip_flexion_deg_p25"": 149.40294104375957, ""fm1_hip_flexion_deg_p50"": 150.6663345646645, ""fm1_hip_flexion_deg_p75"": 151.45399131257284, ""fm1_knee_between_torso_p50"": 0.6708455476992696, ""fm1_scope"": ""session majority over 2 files"", ""fm1_shin_verticality_p50"": 0.9946917955277372, ""fm2_smplh_valid_frac"": 0.7319915254237288, ""fm3_static_frac"": 0.16234110169491525, ""fps"": 29.97, ""geom_body_roll_deg"": 0.7742245297840946, ""observed_duration_s"": 126.0259, ""repair_applied"": ""none"", ""reproj_shoulder_widths_p50"": 0.0412315339652594, ""shown_raster"": ""1080x1920"", ""stored_raster"": ""1080x1920"", ""timebase"": ""consistent"", ""timebase_index_drift_s"": -0.03336666666666667, ""unit_flagged_frac"": 0.0, ""vendor"": ""V01""}",render
r10_067,v01_fm2_smplh_invalid_067_V01_S0549_I00000725_P1791_f0006729,V01_S0549_I00000725_P1791,improvised/train/0055/0028/V01_S0549_I00000725_P1791,improvised/train/0055/0038/V01_S0549_I00000725_P1746,v01_fm2_smplh_invalid,V01,improvised,6729,V01,improvised,train,ipc_conversation,random draw from V01 files the pipeline sorted into 'fm2_smplh_invalid'; positioned on the longest untrusted stretch,"{""audio"": ""present"", ""audio_spectral_flatness"": 0.001055276869335611, ""audio_speech_level_db"": -14.675943242018679, ""audio_status"": ""ok"", ""audio_voice_isolation_db"": 7.938156054403599, ""flags_fired"": ""fm2_smplh_invalid"", ""fm0_reasons"": ""none"", ""fm1_ankles_visible_frac"": 1.0, ""fm1_hip_flexion_deg_p25"": 151.51930713057624, ""fm1_hip_flexion_deg_p50"": 158.2005325823537, ""fm1_hip_flexion_deg_p75"": 162.99305677415526, ""fm1_knee_between_torso_p50"": 0.6069478765769344, ""fm1_scope"": ""session majority over 2 files"", ""fm1_shin_verticality_p50"": 0.9967290518336147, ""fm2_smplh_valid_frac"": 0.8632222222222222, ""fm3_static_frac"": 0.00044444444444444447, ""fps"": 30.0, ""geom_body_roll_deg"": 0.8951765430590387, ""observed_duration_s"": 300.0, ""repair_applied"": ""none"", ""reproj_shoulder_widths_p50"": 0.08293332388751704, ""shown_raster"": ""1080x1920"", ""stored_raster"": ""1080x1920"", ""timebase"": ""consistent"", ""timebase_index_drift_s"": 0.0, ""unit_flagged_frac"": 0.0, ""vendor"": ""V01""}",render
r10_068,v01_fm2_smplh_invalid_068_V01_S0101_I00000126_P1190_f0003637,V01_S0101_I00000126_P1190,improvised/train/0050/0018/V01_S0101_I00000126_P1190,improvised/train/0050/0025/V01_S0101_I00000126_P1191,v01_fm2_smplh_invalid,V01,improvised,3637,V01,improvised,train,ipc_conversation,random draw from V01 files the pipeline sorted into 'fm2_smplh_invalid'; positioned on the longest untrusted stretch,"{""audio"": ""present"", ""audio_spectral_flatness"": 0.0008592575780156128, ""audio_speech_level_db"": -18.73673484500035, ""audio_status"": ""ok"", ""audio_voice_isolation_db"": 9.12160541984017, ""flags_fired"": ""fm2_smplh_invalid"", ""fm0_reasons"": ""none"", ""fm1_ankles_visible_frac"": 1.0, ""fm1_hip_flexion_deg_p25"": 155.58280341961313, ""fm1_hip_flexion_deg_p50"": 158.97928387876394, ""fm1_hip_flexion_deg_p75"": 162.60701983044748, ""fm1_knee_between_torso_p50"": 0.5871179456416826, ""fm1_scope"": ""session majority over 2 files"", ""fm1_shin_verticality_p50"": 0.9965457468274403, ""fm2_smplh_valid_frac"": 0.9169615773508595, ""fm3_static_frac"": 0.0001263902932254803, ""fps"": 29.97, ""geom_body_roll_deg"": 0.0, ""observed_duration_s"": 264.030067, ""repair_applied"": ""none"", ""reproj_shoulder_widths_p50"": 0.06512952633596301, ""shown_raster"": ""1080x1920"", ""stored_raster"": ""1080x1920"", ""timebase"": ""consistent"", ""timebase_index_drift_s"": 0.0, ""unit_flagged_frac"": 0.0, ""vendor"": ""V01""}",render
r10_069,v01_fm2_smplh_invalid_069_V01_S0105_I00000135_P1004_f0002138,V01_S0105_I00000135_P1004,naturalistic/train/0035/0014/V01_S0105_I00000135_P1004,naturalistic/train/0035/0037/V01_S0105_I00000135_P1198,v01_fm2_smplh_invalid,V01,naturalistic,2138,V01,naturalistic,train,collaborative_storytelling,random draw from V01 files the pipeline sorted into 'fm2_smplh_invalid'; positioned on the longest untrusted stretch,"{""audio"": ""present"", ""audio_spectral_flatness"": 0.00026570378342575694, ""audio_speech_level_db"": -17.18871493700753, ""audio_status"": ""ok"", ""audio_voice_isolation_db"": 9.779364105725929, ""flags_fired"": ""fm2_smplh_invalid"", ""fm0_reasons"": ""none"", ""fm1_ankles_visible_frac"": 1.0, ""fm1_hip_flexion_deg_p25"": 160.33289283939962, ""fm1_hip_flexion_deg_p50"": 163.18439746532357, ""fm1_hip_flexion_deg_p75"": 165.12453221232187, ""fm1_knee_between_torso_p50"": 0.5593929987634038, ""fm1_scope"": ""session majority over 1 files"", ""fm1_shin_verticality_p50"": 0.9996876464081228, ""fm2_smplh_valid_frac"": 0.999712395743457, ""fm3_static_frac"": 0.03480011504170262, ""fps"": 29.97, ""geom_body_roll_deg"": -0.8680567739417652, ""observed_duration_s"": 116.0159, ""repair_applied"": ""none"", ""reproj_shoulder_widths_p50"": 0.0517009032146668, ""shown_raster"": ""1080x1920"", ""stored_raster"": ""1080x1920"", ""timebase"": ""consistent"", ""timebase_index_drift_s"": 0.0, ""unit_flagged_frac"": 0.0, ""vendor"": ""V01""}",render
r10_070,v01_fm2_smplh_invalid_070_V01_S0330_I00000324_P1674_f0004616,V01_S0330_I00000324_P1674,naturalistic/train/0040/0040/V01_S0330_I00000324_P1674,naturalistic/train/0040/0018/V01_S0330_I00000324_P1672,v01_fm2_smplh_invalid,V01,naturalistic,4616,V01,naturalistic,train,ipc_conversation,random draw from V01 files the pipeline sorted into 'fm2_smplh_invalid'; positioned on the longest untrusted stretch,"{""audio"": ""present"", ""audio_spectral_flatness"": 0.02000732216976638, ""audio_speech_level_db"": -10.239617096953303, ""audio_status"": ""ok"", ""audio_voice_isolation_db"": 5.8588709138403186, ""flags_fired"": ""fm2_smplh_invalid"", ""fm0_reasons"": ""none"", ""fm1_ankles_visible_frac"": 1.0, ""fm1_hip_flexion_deg_p25"": 164.96129980122546, ""fm1_hip_flexion_deg_p50"": 167.65309557033547, ""fm1_hip_flexion_deg_p75"": 170.0151509158188, ""fm1_knee_between_torso_p50"": 0.5721566307252757, ""fm1_scope"": ""session majority over 2 files"", ""fm1_shin_verticality_p50"": 0.9883717178434794, ""fm2_smplh_valid_frac"": 0.9902085222121487, ""fm3_static_frac"": 0.0027198549410698096, ""fps"": 29.97, ""geom_body_roll_deg"": 0.0, ""observed_duration_s"": 184.017167, ""repair_applied"": ""none"", ""reproj_shoulder_widths_p50"": 0.05923504872816173, ""shown_raster"": ""1080x1920"", ""stored_raster"": ""1080x1920"", ""timebase"": ""consistent"", ""timebase_index_drift_s"": 0.0, ""unit_flagged_frac"": 0.0, ""vendor"": ""V01""}",render
r10_071,v01_fm2_smplh_invalid_071_V01_S0108_I00000139_P1204_f0000248,V01_S0108_I00000139_P1204,naturalistic/dev/0001/0037/V01_S0108_I00000139_P1204,naturalistic/dev/0001/0028/V01_S0108_I00000139_P1203,v01_fm2_smplh_invalid,V01,naturalistic,248,V01,naturalistic,dev,ipc_conversation,random draw from V01 files the pipeline sorted into 'fm2_smplh_invalid'; positioned on the longest untrusted stretch,"{""audio"": ""present"", ""audio_spectral_flatness"": 0.0007146992219525153, ""audio_speech_level_db"": -12.697237992154323, ""audio_status"": ""ok"", ""audio_voice_isolation_db"": 22.939196297808444, ""flags_fired"": ""fm2_smplh_invalid"", ""fm0_reasons"": ""none"", ""fm1_ankles_visible_frac"": 1.0, ""fm1_hip_flexion_deg_p25"": 161.3978917650183, ""fm1_hip_flexion_deg_p50"": 163.94644590427012, ""fm1_hip_flexion_deg_p75"": 165.6870045084792, ""fm1_knee_between_torso_p50"": 0.6266028821270675, ""fm1_scope"": ""session majority over 2 files"", ""fm1_shin_verticality_p50"": 0.9996144177027146, ""fm2_smplh_valid_frac"": 0.9771968854282537, ""fm3_static_frac"": 0.00778642936596218, ""fps"": 29.97, ""geom_body_roll_deg"": 5.676903702650813e-06, ""observed_duration_s"": 60.026267, ""repair_applied"": ""none"", ""reproj_shoulder_widths_p50"": 0.04714425656039905, ""shown_raster"": ""1080x1920"", ""stored_raster"": ""1080x1920"", ""timebase"": ""consistent"", ""timebase_index_drift_s"": 0.0, ""unit_flagged_frac"": 0.0, ""vendor"": ""V01""}",render
r10_072,v01_fm3_static_hands_072_V01_S0133_I00000135_P1249_f0001546,V01_S0133_I00000135_P1249,naturalistic/train/0036/0008/V01_S0133_I00000135_P1249,naturalistic/train/0036/0029/V01_S0133_I00000135_P1023,v01_fm3_static_hands,V01,naturalistic,1546,V01,naturalistic,train,collaborative_storytelling,random draw from V01 files the pipeline sorted into 'fm3_static_hands',"{""audio"": ""present"", ""audio_spectral_flatness"": 0.0010154676680955263, ""audio_speech_level_db"": -24.914365367143848, ""audio_status"": ""ok"", ""audio_voice_isolation_db"": 16.83219799292932, ""flags_fired"": ""fm3_static_hands"", ""fm0_reasons"": ""none"", ""fm1_ankles_visible_frac"": 1.0, ""fm1_hip_flexion_deg_p25"": 170.57383474405674, ""fm1_hip_flexion_deg_p50"": 170.97018466453022, ""fm1_hip_flexion_deg_p75"": 171.31362030684085, ""fm1_knee_between_torso_p50"": 0.5817935096069292, ""fm1_scope"": ""session majority over 2 files"", ""fm1_shin_verticality_p50"": 0.9996714351524667, ""fm2_smplh_valid_frac"": 1.0, ""fm3_static_frac"": 0.9771490750816104, ""fps"": 29.97, ""geom_body_roll_deg"": -1.8476114614267707, ""observed_duration_s"": 92.0249, ""repair_applied"": ""none"", ""reproj_shoulder_widths_p50"": 0.05592580217632563, ""shown_raster"": ""1080x1920"", ""stored_raster"": ""1080x1920"", ""timebase"": ""consistent"", ""timebase_index_drift_s"": 0.0, ""unit_flagged_frac"": 0.0, ""vendor"": ""V01""}",render
r10_073,v01_fm3_static_hands_073_V01_S0219_I00000132_P1408_f0001073,V01_S0219_I00000132_P1408,naturalistic/train/0039/0020/V01_S0219_I00000132_P1408,naturalistic/train/0039/0007/V01_S0219_I00000132_P1407,v01_fm3_static_hands,V01,naturalistic,1073,V01,naturalistic,train,ipc_conversation,random draw from V01 files the pipeline sorted into 'fm3_static_hands',"{""audio"": ""present"", ""audio_spectral_flatness"": 0.003622350170905344, ""audio_speech_level_db"": -18.228923046567218, ""audio_status"": ""ok"", ""audio_voice_isolation_db"": 12.366665679758244, ""flags_fired"": ""fm3_static_hands"", ""fm0_reasons"": ""none"", ""fm1_ankles_visible_frac"": 1.0, ""fm1_hip_flexion_deg_p25"": 157.64701683244922, ""fm1_hip_flexion_deg_p50"": 158.415832287767, ""fm1_hip_flexion_deg_p75"": 159.02743800613027, ""fm1_knee_between_torso_p50"": 0.60018566008794, ""fm1_scope"": ""session majority over 3 files"", ""fm1_shin_verticality_p50"": 1.0, ""fm2_smplh_valid_frac"": 1.0, ""fm3_static_frac"": 0.9497535077739856, ""fps"": 29.97, ""geom_body_roll_deg"": 1.7899139308292127, ""observed_duration_s"": 176.0088, ""repair_applied"": ""none"", ""reproj_shoulder_widths_p50"": 0.04069500251204142, ""shown_raster"": ""1080x1920"", ""stored_raster"": ""1080x1920"", ""timebase"": ""consistent"", ""timebase_index_drift_s"": 0.0, ""unit_flagged_frac"": 0.0, ""vendor"": ""V01""}",render
r10_074,v01_fm3_static_hands_074_V01_S0282_I00000139_P1602_f0000099,V01_S0282_I00000139_P1602,naturalistic/train/0040/0030/V01_S0282_I00000139_P1602,naturalistic/train/0040/0007/V01_S0282_I00000139_P1601,v01_fm3_static_hands,V01,naturalistic,99,V01,naturalistic,train,ipc_conversation,random draw from V01 files the pipeline sorted into 'fm3_static_hands',"{""audio"": ""present"", ""audio_spectral_flatness"": 0.039132346933101816, ""audio_speech_level_db"": -17.33495365779173, ""audio_status"": ""ok"", ""audio_voice_isolation_db"": 13.526027082732757, ""flags_fired"": ""fm3_static_hands"", ""fm0_reasons"": ""none"", ""fm1_ankles_visible_frac"": 1.0, ""fm1_hip_flexion_deg_p25"": 163.27408126197304, ""fm1_hip_flexion_deg_p50"": 163.92041943175946, ""fm1_hip_flexion_deg_p75"": 164.61366304933287, ""fm1_knee_between_torso_p50"": 0.5572330854587364, ""fm1_scope"": ""session majority over 3 files"", ""fm1_shin_verticality_p50"": 0.9997166754474549, ""fm2_smplh_valid_frac"": 1.0, ""fm3_static_frac"": 0.7996965098634294, ""fps"": 29.97, ""geom_body_roll_deg"": 0.868053338171477, ""observed_duration_s"": 44.010267, ""repair_applied"": ""none"", ""reproj_shoulder_widths_p50"": 0.1067415627771619, ""shown_raster"": ""1080x1920"", ""stored_raster"": ""1080x1920"", ""timebase"": ""consistent"", ""timebase_index_drift_s"": 0.0, ""unit_flagged_frac"": 0.0, ""vendor"": ""V01""}",render
r10_075,v01_fm3_static_hands_075_V01_S0113_I00000131_P1213_f0001527,V01_S0113_I00000131_P1213,improvised/train/0050/0042/V01_S0113_I00000131_P1213,improvised/train/0050/0032/V01_S0113_I00000131_P1212,v01_fm3_static_hands,V01,improvised,1527,V01,improvised,train,ipc_conversation,random draw from V01 files the pipeline sorted into 'fm3_static_hands',"{""audio"": ""present"", ""audio_spectral_flatness"": 0.001340916975331595, ""audio_speech_level_db"": -26.004022270318416, ""audio_status"": ""ok"", ""audio_voice_isolation_db"": 9.369898096403864, ""flags_fired"": ""fm3_static_hands"", ""fm0_reasons"": ""none"", ""fm1_ankles_visible_frac"": 1.0, ""fm1_hip_flexion_deg_p25"": 170.12561011521382, ""fm1_hip_flexion_deg_p50"": 170.5048198335364, ""fm1_hip_flexion_deg_p75"": 170.75451822177075, ""fm1_knee_between_torso_p50"": 0.5979194923318039, ""fm1_scope"": ""session majority over 3 files"", ""fm1_shin_verticality_p50"": 0.9996144187502102, ""fm2_smplh_valid_frac"": 1.0, ""fm3_static_frac"": 0.9716383049716383, ""fps"": 29.97, ""geom_body_roll_deg"": 0.9548405558756864, ""observed_duration_s"": 100.0329, ""repair_applied"": ""none"", ""reproj_shoulder_widths_p50"": 0.045661181014098974, ""shown_raster"": ""1080x1920"", ""stored_raster"": ""1080x1920"", ""timebase"": ""consistent"", ""timebase_index_drift_s"": 0.0, ""unit_flagged_frac"": 0.0, ""vendor"": ""V01""}",render
r10_076,v01_fm3_static_hands_076_V01_S1871_I00000699_P2756_f0000848,V01_S1871_I00000699_P2756,improvised/train/0061/0000/V01_S1871_I00000699_P2756,improvised/train/0061/0010/V01_S1871_I00000699_P2745,v01_fm3_static_hands,V01,improvised,848,V01,improvised,train,collaborative_storytelling,random draw from V01 files the pipeline sorted into 'fm3_static_hands',"{""audio"": ""present"", ""audio_spectral_flatness"": 0.0009538532173319184, ""audio_speech_level_db"": -31.52091264081182, ""audio_status"": ""ok"", ""audio_voice_isolation_db"": 33.19592459122515, ""flags_fired"": ""fm3_static_hands"", ""fm0_reasons"": ""none"", ""fm1_ankles_visible_frac"": 1.0, ""fm1_hip_flexion_deg_p25"": 157.0005476075234, ""fm1_hip_flexion_deg_p50"": 158.28268599487143, ""fm1_hip_flexion_deg_p75"": 159.63471947859185, ""fm1_knee_between_torso_p50"": 0.6286240630096973, ""fm1_scope"": ""session majority over 3 files"", ""fm1_shin_verticality_p50"": 0.9995411787181137, ""fm2_smplh_valid_frac"": 1.0, ""fm3_static_frac"": 0.9524772497472194, ""fps"": 29.97, ""geom_body_roll_deg"": -1.487868279057131, ""observed_duration_s"": 66.032633, ""repair_applied"": ""none"", ""reproj_shoulder_widths_p50"": 0.05404119417612245, ""shown_raster"": ""1080x1920"", ""stored_raster"": ""1080x1920"", ""timebase"": ""consistent"", ""timebase_index_drift_s"": -0.03336666666666667, ""unit_flagged_frac"": 0.0, ""vendor"": ""V01""}",render
r10_077,v01_fm3_static_hands_077_V01_S1822_I00000693_P2647_f0003475,V01_S1822_I00000693_P2647,improvised/train/0060/0023/V01_S1822_I00000693_P2647,improvised/train/0060/0035/V01_S1822_I00000693_P2639,v01_fm3_static_hands,V01,improvised,3475,V01,improvised,train,ipc_conversation,random draw from V01 files the pipeline sorted into 'fm3_static_hands',"{""audio"": ""present"", ""audio_spectral_flatness"": 0.00629993321857038, ""audio_speech_level_db"": -35.44922129659288, ""audio_status"": ""ok"", ""audio_voice_isolation_db"": 20.407129546941437, ""flags_fired"": ""fm3_static_hands"", ""fm0_reasons"": ""none"", ""fm1_ankles_visible_frac"": 1.0, ""fm1_hip_flexion_deg_p25"": 140.3033392642933, ""fm1_hip_flexion_deg_p50"": 143.83662677934575, ""fm1_hip_flexion_deg_p75"": 146.730487869693, ""fm1_knee_between_torso_p50"": 0.5493438266641782, ""fm1_scope"": ""session majority over 2 files"", ""fm1_shin_verticality_p50"": 0.9995920935089891, ""fm2_smplh_valid_frac"": 1.0, ""fm3_static_frac"": 0.7551239275500476, ""fps"": 29.97, ""geom_body_roll_deg"": 0.9093716524186324, ""observed_duration_s"": 280.013067, ""repair_applied"": ""none"", ""reproj_shoulder_widths_p50"": 0.04627937898629602, ""shown_raster"": ""1080x1920"", ""stored_raster"": ""1080x1920"", ""timebase"": ""consistent"", ""timebase_index_drift_s"": 0.0, ""unit_flagged_frac"": 0.0, ""vendor"": ""V01""}",render
r10_078,v01_fm3_static_hands_078_V01_S0610_I00001240_P1788_f0000092,V01_S0610_I00001240_P1788,improvised/train/0057/0047/V01_S0610_I00001240_P1788,improvised/train/0057/0027/V01_S0610_I00001240_P1747,v01_fm3_static_hands,V01,improvised,92,V01,improvised,train,ipc_conversation,random draw from V01 files the pipeline sorted into 'fm3_static_hands',"{""audio"": ""present"", ""audio_spectral_flatness"": 0.0007302410701937396, ""audio_speech_level_db"": -20.70423544642573, ""audio_status"": ""ok"", ""audio_voice_isolation_db"": 9.629961900221746, ""flags_fired"": ""fm3_static_hands"", ""fm0_reasons"": ""none"", ""fm1_ankles_visible_frac"": 1.0, ""fm1_hip_flexion_deg_p25"": 160.13732712162584, ""fm1_hip_flexion_deg_p50"": 160.7902906853528, ""fm1_hip_flexion_deg_p75"": 161.74644206977524, ""fm1_knee_between_torso_p50"": 0.6021829858563876, ""fm1_scope"": ""session majority over 2 files"", ""fm1_shin_verticality_p50"": 0.9996539145841077, ""fm2_smplh_valid_frac"": 1.0, ""fm3_static_frac"": 0.8868908001042481, ""fps"": 29.97, ""geom_body_roll_deg"": -3.468240281905815, ""observed_duration_s"": 128.0279, ""repair_applied"": ""none"", ""reproj_shoulder_widths_p50"": 0.13720265224309217, ""shown_raster"": ""1080x1920"", ""stored_raster"": ""1080x1920"", ""timebase"": ""consistent"", ""timebase_index_drift_s"": 0.0, ""unit_flagged_frac"": 0.0, ""vendor"": ""V01""}",render
r10_079,v01_fm3_static_hands_079_V01_S0151_I00000130_P1276_f0000279,V01_S0151_I00000130_P1276,naturalistic/train/0037/0031/V01_S0151_I00000130_P1276,naturalistic/train/0037/0017/V01_S0151_I00000130_P1277,v01_fm3_static_hands,V01,naturalistic,279,V01,naturalistic,train,ipc_conversation,random draw from V01 files the pipeline sorted into 'fm3_static_hands',"{""audio"": ""present"", ""audio_spectral_flatness"": 0.004323725275689983, ""audio_speech_level_db"": -21.69722019117627, ""audio_status"": ""ok"", ""audio_voice_isolation_db"": -0.24819215139173542, ""flags_fired"": ""fm3_static_hands"", ""fm0_reasons"": ""none"", ""fm1_ankles_visible_frac"": 1.0, ""fm1_hip_flexion_deg_p25"": 156.03235800749522, ""fm1_hip_flexion_deg_p50"": 156.9080241141057, ""fm1_hip_flexion_deg_p75"": 157.56877363516202, ""fm1_knee_between_torso_p50"": 0.5652560850732498, ""fm1_scope"": ""session majority over 2 files"", ""fm1_shin_verticality_p50"": 0.9986876711340179, ""fm2_smplh_valid_frac"": 1.0, ""fm3_static_frac"": 0.9619593538301199, ""fps"": 29.97, ""geom_body_roll_deg"": 1.847609062529957, ""observed_duration_s"": 64.030633, ""repair_applied"": ""none"", ""reproj_shoulder_widths_p50"": 0.0563875559892124, ""shown_raster"": ""1080x1920"", ""stored_raster"": ""1080x1920"", ""timebase"": ""consistent"", ""timebase_index_drift_s"": 0.0, ""unit_flagged_frac"": 0.0, ""vendor"": ""V01""}",render
r10_080,v01_fm4_audio_dead_080_V01_S0104_I00000128_P1196_f0002492,V01_S0104_I00000128_P1196,naturalistic/train/0035/0006/V01_S0104_I00000128_P1196,,v01_fm4_audio_dead,V01,naturalistic,2492,V01,naturalistic,train,ipc_conversation,random draw from V01 files the pipeline sorted into 'fm4_audio_dead',"{""audio"": ""empty WAV"", ""audio_spectral_flatness"": null, ""audio_speech_level_db"": null, ""audio_status"": ""empty"", ""audio_voice_isolation_db"": null, ""flags_fired"": ""fm4_audio_dead"", ""fm0_reasons"": ""none"", ""fm1_ankles_visible_frac"": 0.9985367281240854, ""fm1_hip_flexion_deg_p25"": 156.44627022893627, ""fm1_hip_flexion_deg_p50"": 159.20508828382384, ""fm1_hip_flexion_deg_p75"": 161.28412729720486, ""fm1_knee_between_torso_p50"": 0.6719309048710083, ""fm1_scope"": ""session majority over 2 files"", ""fm1_shin_verticality_p50"": 0.9994449090585207, ""fm2_smplh_valid_frac"": 1.0, ""fm3_static_frac"": 0.31460345332162715, ""fps"": 29.97, ""geom_body_roll_deg"": -0.7538425752984812, ""observed_duration_s"": 114.0139, ""repair_applied"": ""none"", ""reproj_shoulder_widths_p50"": 0.06169433296408698, ""shown_raster"": ""1080x1920"", ""stored_raster"": ""1080x1920"", ""timebase"": ""consistent"", ""timebase_index_drift_s"": 0.0, ""unit_flagged_frac"": 0.0, ""vendor"": ""V01""}",render
r10_081,v01_fm4_audio_dead_081_V01_S1708_I00000701_P2654_f0002900,V01_S1708_I00000701_P2654,improvised/train/0059/0031/V01_S1708_I00000701_P2654,improvised/train/0059/0046/V01_S1708_I00000701_P1963,v01_fm4_audio_dead,V01,improvised,2900,V01,improvised,train,ipc_conversation,random draw from V01 files the pipeline sorted into 'fm4_audio_dead',"{""audio"": ""present"", ""audio_spectral_flatness"": 0.16227380559652016, ""audio_speech_level_db"": -87.81192054776888, ""audio_status"": ""ok"", ""audio_voice_isolation_db"": null, ""flags_fired"": ""fm4_audio_dead"", ""fm0_reasons"": ""none"", ""fm1_ankles_visible_frac"": 1.0, ""fm1_hip_flexion_deg_p25"": 140.71339908001806, ""fm1_hip_flexion_deg_p50"": 142.55142672425887, ""fm1_hip_flexion_deg_p75"": 143.89167962431162, ""fm1_knee_between_torso_p50"": 0.554617065545969, ""fm1_scope"": ""session majority over 2 files"", ""fm1_shin_verticality_p50"": 0.9887154984196607, ""fm2_smplh_valid_frac"": 1.0, ""fm3_static_frac"": 0.7414030261348006, ""fps"": 29.98, ""geom_body_roll_deg"": 3.4919109985926294e-06, ""observed_duration_s"": 194.029267, ""repair_applied"": ""none"", ""reproj_shoulder_widths_p50"": 0.04520254733426704, ""shown_raster"": ""1080x1920"", ""stored_raster"": ""1080x1920"", ""timebase"": ""consistent"", ""timebase_index_drift_s"": -0.033355555555555555, ""unit_flagged_frac"": 0.0, ""vendor"": ""V01""}",render
r10_082,v01_multi_082_V01_S0065_I00000131_P1123_f0005264,V01_S0065_I00000131_P1123,naturalistic/train/0034/0039/V01_S0065_I00000131_P1123,naturalistic/train/0034/0030/V01_S0065_I00000131_P1122,v01_multi,V01,naturalistic,5264,V01,naturalistic,train,ipc_conversation,random draw from V01 files the pipeline sorted into 'multi'; positioned on the longest untrusted stretch,"{""audio"": ""present"", ""audio_spectral_flatness"": 0.002960353355080611, ""audio_speech_level_db"": -7.989658381539426, ""audio_status"": ""ok"", ""audio_voice_isolation_db"": 3.9823301790388683, ""flags_fired"": ""fm0_unusable_source+fm2_smplh_invalid"", ""fm0_reasons"": ""raster_2160x2160"", ""fm1_ankles_visible_frac"": 1.0, ""fm1_hip_flexion_deg_p25"": 101.37067889851204, ""fm1_hip_flexion_deg_p50"": 104.30191686708797, ""fm1_hip_flexion_deg_p75"": 108.18157949551238, ""fm1_knee_between_torso_p50"": 0.31149014011793597, ""fm1_scope"": ""session majority over 2 files"", ""fm1_shin_verticality_p50"": 0.9993628656699219, ""fm2_smplh_valid_frac"": 0.9640427599611273, ""fm3_static_frac"": 0.08179462261094914, ""fps"": 29.97, ""geom_body_roll_deg"": -0.8814068650697429, ""observed_duration_s"": 206.0058, ""repair_applied"": ""pixel aspect 0.5625"", ""reproj_shoulder_widths_p50"": 0.12024286032399173, ""shown_raster"": ""1215x2160"", ""stored_raster"": ""2160x2160"", ""timebase"": ""consistent"", ""timebase_index_drift_s"": 0.0, ""unit_flagged_frac"": 0.0, ""vendor"": ""V01""}",render
r10_083,v01_multi_083_V01_S0650_I00001223_P1876_f0001728,V01_S0650_I00001223_P1876,improvised/train/0058/0058/V01_S0650_I00001223_P1876,improvised/train/0058/0012/V01_S0650_I00001223_P1263,v01_multi,V01,improvised,1728,V01,improvised,train,ipc_conversation,random draw from V01 files the pipeline sorted into 'multi'; positioned on the longest untrusted stretch,"{""audio"": ""present"", ""audio_spectral_flatness"": 0.00014230846800074618, ""audio_speech_level_db"": -17.139426868677504, ""audio_status"": ""ok"", ""audio_voice_isolation_db"": 12.148825276526997, ""flags_fired"": ""fm0_unusable_source+fm2_smplh_invalid"", ""fm0_reasons"": ""raster_2160x2160"", ""fm1_ankles_visible_frac"": 1.0, ""fm1_hip_flexion_deg_p25"": 119.73091662369293, ""fm1_hip_flexion_deg_p50"": 133.96857192390468, ""fm1_hip_flexion_deg_p75"": 139.7962614320072, ""fm1_knee_between_torso_p50"": 0.6464549976988656, ""fm1_scope"": ""session majority over 1 files"", ""fm1_shin_verticality_p50"": 0.9899495157121055, ""fm2_smplh_valid_frac"": 0.9926681542875359, ""fm3_static_frac"": 0.03772181489746042, ""fps"": 29.97, ""geom_body_roll_deg"": -1.6365867668101088, ""observed_duration_s"": 314.0137, ""repair_applied"": ""pixel aspect 0.5625"", ""reproj_shoulder_widths_p50"": 0.14530662552671597, ""shown_raster"": ""1215x2160"", ""stored_raster"": ""2160x2160"", ""timebase"": ""consistent"", ""timebase_index_drift_s"": 0.0, ""unit_flagged_frac"": 0.0, ""vendor"": ""V01""}",render
r10_084,v01_multi_084_V01_S0046_I00000498_P1089_f0001558,V01_S0046_I00000498_P1089,naturalistic/train/0033/0015/V01_S0046_I00000498_P1089,naturalistic/train/0033/0025/V01_S0046_I00000498_P1088,v01_multi,V01,naturalistic,1558,V01,naturalistic,train,ipc_conversation,random draw from V01 files the pipeline sorted into 'multi'; positioned on the longest untrusted stretch,"{""audio"": ""present"", ""audio_spectral_flatness"": 0.0021002834898503973, ""audio_speech_level_db"": -19.733802590845443, ""audio_status"": ""ok"", ""audio_voice_isolation_db"": 5.00772796492814, ""flags_fired"": ""fm0_unusable_source+fm2_smplh_invalid"", ""fm0_reasons"": ""raster_2160x2160"", ""fm1_ankles_visible_frac"": 1.0, ""fm1_hip_flexion_deg_p25"": 86.42360702808719, ""fm1_hip_flexion_deg_p50"": 87.65170044799558, ""fm1_hip_flexion_deg_p75"": 89.26357216817934, ""fm1_knee_between_torso_p50"": 0.15424634272315052, ""fm1_scope"": ""session majority over 5 files"", ""fm1_shin_verticality_p50"": 0.9956342074207314, ""fm2_smplh_valid_frac"": 0.9943572129538764, ""fm3_static_frac"": 0.5539744847890088, ""fps"": 29.97, ""geom_body_roll_deg"": 3.972488737579199, ""observed_duration_s"": 136.002533, ""repair_applied"": ""pixel aspect 0.5625"", ""reproj_shoulder_widths_p50"": 0.0933838979542464, ""shown_raster"": ""1215x2160"", ""stored_raster"": ""2160x2160"", ""timebase"": ""consistent"", ""timebase_index_drift_s"": 0.0, ""unit_flagged_frac"": 0.0, ""vendor"": ""V01""}",render
r10_085,v01_multi_085_V01_S1607_I00000134_P2569_f0007187,V01_S1607_I00000134_P2569,improvised/train/0059/0030/V01_S1607_I00000134_P2569,,v01_multi,V01,improvised,7187,V01,improvised,train,ipc_conversation,random draw from V01 files the pipeline sorted into 'multi'; positioned on the longest untrusted stretch,"{""audio"": ""empty WAV"", ""audio_spectral_flatness"": null, ""audio_speech_level_db"": null, ""audio_status"": ""empty"", ""audio_voice_isolation_db"": null, ""flags_fired"": ""fm0_unusable_source+fm2_smplh_invalid+fm4_audio_dead"", ""fm0_reasons"": ""raster_2160x2160+timebase_mismatch"", ""fm1_ankles_visible_frac"": 1.0, ""fm1_hip_flexion_deg_p25"": 100.57520664829497, ""fm1_hip_flexion_deg_p50"": 102.65363151713666, ""fm1_hip_flexion_deg_p75"": 104.65908111972182, ""fm1_knee_between_torso_p50"": 0.31168885432791404, ""fm1_scope"": ""session majority over 2 files"", ""fm1_shin_verticality_p50"": 0.9899494793037666, ""fm2_smplh_valid_frac"": 0.9292366875885807, ""fm3_static_frac"": 0.5917189714517108, ""fps"": 41.127, ""geom_body_roll_deg"": -4.398716100635729, ""observed_duration_s"": 206.018313, ""repair_applied"": ""pixel aspect 0.5625"", ""reproj_shoulder_widths_p50"": 0.07946341581042546, ""shown_raster"": ""1215x2160"", ""stored_raster"": ""2160x2160"", ""timebase"": ""drifts +29.3 s"", ""timebase_index_drift_s"": 29.300104166666664, ""unit_flagged_frac"": 0.0, ""vendor"": ""V01""}",render
r10_086,v01_multi_086_V01_S1549_I00000126_P2540_f0003231,V01_S1549_I00000126_P2540,naturalistic/train/0042/0026/V01_S1549_I00000126_P2540,naturalistic/train/0042/0039/V01_S1549_I00000126_P2539,v01_multi,V01,naturalistic,3231,V01,naturalistic,train,ipc_conversation,random draw from V01 files the pipeline sorted into 'multi'; positioned on the longest untrusted stretch,"{""audio"": ""present"", ""audio_spectral_flatness"": 0.0002621982405974471, ""audio_speech_level_db"": -9.104735001825917, ""audio_status"": ""ok"", ""audio_voice_isolation_db"": 4.385581731009608, ""flags_fired"": ""fm0_unusable_source+fm2_smplh_invalid"", ""fm0_reasons"": ""raster_2160x2160"", ""fm1_ankles_visible_frac"": 0.9887285843101894, ""fm1_hip_flexion_deg_p25"": 101.83913646324794, ""fm1_hip_flexion_deg_p50"": 104.55144253409128, ""fm1_hip_flexion_deg_p75"": 107.10615270482565, ""fm1_knee_between_torso_p50"": 0.32736663635750507, ""fm1_scope"": ""session majority over 4 files"", ""fm1_shin_verticality_p50"": 0.8320482773874076, ""fm2_smplh_valid_frac"": 0.9655094679891795, ""fm3_static_frac"": 0.16952209197475204, ""fps"": 29.97, ""geom_body_roll_deg"": 1.5911360992374717, ""observed_duration_s"": 148.014533, ""repair_applied"": ""pixel aspect 0.5625"", ""reproj_shoulder_widths_p50"": 0.1072746569653148, ""shown_raster"": ""1215x2160"", ""stored_raster"": ""2160x2160"", ""timebase"": ""consistent"", ""timebase_index_drift_s"": 0.0, ""unit_flagged_frac"": 0.0, ""vendor"": ""V01""}",render
r10_087,v01_multi_087_V01_S0104_I00000132_P1196_f0000671,V01_S0104_I00000132_P1196,naturalistic/train/0035/0010/V01_S0104_I00000132_P1196,,v01_multi,V01,naturalistic,671,V01,naturalistic,train,ipc_conversation,random draw from V01 files the pipeline sorted into 'multi'; positioned on the longest untrusted stretch,"{""audio"": ""empty WAV"", ""audio_spectral_flatness"": null, ""audio_speech_level_db"": null, ""audio_status"": ""empty"", ""audio_voice_isolation_db"": null, ""flags_fired"": ""fm2_smplh_invalid+fm4_audio_dead"", ""fm0_reasons"": ""none"", ""fm1_ankles_visible_frac"": 0.9995366079703429, ""fm1_hip_flexion_deg_p25"": 154.2979504042858, ""fm1_hip_flexion_deg_p50"": 163.52612174600213, ""fm1_hip_flexion_deg_p75"": 170.79304479624153, ""fm1_knee_between_torso_p50"": 0.667560344598493, ""fm1_scope"": ""session majority over 2 files"", ""fm1_shin_verticality_p50"": 0.9983713313432904, ""fm2_smplh_valid_frac"": 0.9786839666357738, ""fm3_static_frac"": 0.42168674698795183, ""fps"": 29.97, ""geom_body_roll_deg"": 0.0, ""observed_duration_s"": 72.005267, ""repair_applied"": ""none"", ""reproj_shoulder_widths_p50"": 0.09302793040785368, ""shown_raster"": ""1080x1920"", ""stored_raster"": ""1080x1920"", ""timebase"": ""consistent"", ""timebase_index_drift_s"": 0.0, ""unit_flagged_frac"": 0.0, ""vendor"": ""V01""}",render
r10_088,v01_multi_088_V01_S1542_I00000127_P2528_f0000675,V01_S1542_I00000127_P2528,naturalistic/train/0042/0027/V01_S1542_I00000127_P2528,naturalistic/train/0042/0038/V01_S1542_I00000127_P2527,v01_multi,V01,naturalistic,675,V01,naturalistic,train,ipc_conversation,random draw from V01 files the pipeline sorted into 'multi'; positioned on the longest untrusted stretch,"{""audio"": ""present"", ""audio_spectral_flatness"": 0.0017096698291187017, ""audio_speech_level_db"": -18.626599609215948, ""audio_status"": ""ok"", ""audio_voice_isolation_db"": 18.24704181993818, ""flags_fired"": ""fm0_unusable_source+fm2_smplh_invalid"", ""fm0_reasons"": ""raster_2160x2160"", ""fm1_ankles_visible_frac"": 0.48830072880705794, ""fm1_hip_flexion_deg_p25"": 97.3029071409814, ""fm1_hip_flexion_deg_p50"": 103.01903153950077, ""fm1_hip_flexion_deg_p75"": 109.13954189474721, ""fm1_knee_between_torso_p50"": 0.3199626766445758, ""fm1_scope"": ""session majority over 6 files"", ""fm1_shin_verticality_p50"": 0.9922778767136676, ""fm2_smplh_valid_frac"": 0.9973149213655543, ""fm3_static_frac"": 0.0009589566551591868, ""fps"": 29.97, ""geom_body_roll_deg"": 0.7440666028629437, ""observed_duration_s"": 174.0068, ""repair_applied"": ""pixel aspect 0.5625"", ""reproj_shoulder_widths_p50"": 0.1103639297150055, ""shown_raster"": ""1215x2160"", ""stored_raster"": ""2160x2160"", ""timebase"": ""consistent"", ""timebase_index_drift_s"": 0.0, ""unit_flagged_frac"": 0.0, ""vendor"": ""V01""}",render
r10_089,v01_multi_089_V01_S0338_I00001107_P1679_f0006643,V01_S0338_I00001107_P1679,improvised/test/0000/0003/V01_S0338_I00001107_P1679,improvised/test/0000/0059/V01_S0338_I00001107_P1352,v01_multi,V01,improvised,6643,V01,improvised,test,ipc_conversation,random draw from V01 files the pipeline sorted into 'multi'; positioned on the longest untrusted stretch,"{""audio"": ""present"", ""audio_spectral_flatness"": 0.003756837602718666, ""audio_speech_level_db"": -8.557599764292569, ""audio_status"": ""ok"", ""audio_voice_isolation_db"": 8.013479474501153, ""flags_fired"": ""fm0_unusable_source+fm2_smplh_invalid"", ""fm0_reasons"": ""raster_2160x2160"", ""fm1_ankles_visible_frac"": 0.8552545155993432, ""fm1_hip_flexion_deg_p25"": 107.57451319365028, ""fm1_hip_flexion_deg_p50"": 114.75700445094668, ""fm1_hip_flexion_deg_p75"": 127.19731616039392, ""fm1_knee_between_torso_p50"": 0.3848790637111795, ""fm1_scope"": ""session majority over 1 files"", ""fm1_shin_verticality_p50"": 0.9938837428928313, ""fm2_smplh_valid_frac"": 0.885303776683087, ""fm3_static_frac"": 0.0, ""fps"": 29.99, ""geom_body_roll_deg"": -4.028266869178048, ""observed_duration_s"": 406.0, ""repair_applied"": ""pixel aspect 0.5625"", ""reproj_shoulder_widths_p50"": 0.13318702655114786, ""shown_raster"": ""1215x2160"", ""stored_raster"": ""2160x2160"", ""timebase"": ""drifts +0.2 s"", ""timebase_index_drift_s"": 0.16666666666666666, ""unit_flagged_frac"": 0.0, ""vendor"": ""V01""}",render
r10_090,v02_pass_090_V02_S5282_I00000299_P5273_f0001880,V02_S5282_I00000299_P5273,naturalistic/train/0099/0038/V02_S5282_I00000299_P5273,naturalistic/train/0099/0037/V02_S5282_I00000299_P5274,v02_pass,V02,naturalistic,1880,V02,naturalistic,train,ipc_conversation,random draw from V02 files the pipeline sorted into 'pass',"{""audio"": ""present"", ""audio_spectral_flatness"": 0.0006468111365353391, ""audio_speech_level_db"": -47.919759357018705, ""audio_status"": ""ok"", ""audio_voice_isolation_db"": -1.2271466046187687, ""flags_fired"": ""none"", ""fm0_reasons"": ""none"", ""fm1_ankles_visible_frac"": 1.0, ""fm1_hip_flexion_deg_p25"": 151.94694112010774, ""fm1_hip_flexion_deg_p50"": 153.62363728061013, ""fm1_hip_flexion_deg_p75"": 155.0341173855253, ""fm1_knee_between_torso_p50"": 0.6385565148183325, ""fm1_scope"": ""session majority over 1 files"", ""fm1_shin_verticality_p50"": 0.9994060017759525, ""fm2_smplh_valid_frac"": 1.0, ""fm3_static_frac"": 0.657520325203252, ""fps"": 30.0, ""geom_body_roll_deg"": 1.6365784184604997, ""observed_duration_s"": 164.0, ""repair_applied"": ""none"", ""reproj_shoulder_widths_p50"": 0.08621993500466768, ""shown_raster"": ""1080x1920"", ""stored_raster"": ""1080x1920"", ""timebase"": ""consistent"", ""timebase_index_drift_s"": 0.0, ""unit_flagged_frac"": 0.0, ""vendor"": ""V02""}",render
r10_091,v02_pass_091_V02_S3141_I00000313_P4081_f0001157,V02_S3141_I00000313_P4081,naturalistic/train/0050/0031/V02_S3141_I00000313_P4081,naturalistic/train/0050/0035/V02_S3141_I00000313_P4041,v02_pass,V02,naturalistic,1157,V02,naturalistic,train,ipc_conversation,random draw from V02 files the pipeline sorted into 'pass',"{""audio"": ""present"", ""audio_spectral_flatness"": 0.006344455205678528, ""audio_speech_level_db"": -46.69063108020666, ""audio_status"": ""ok"", ""audio_voice_isolation_db"": 10.465867678959315, ""flags_fired"": ""none"", ""fm0_reasons"": ""none"", ""fm1_ankles_visible_frac"": 0.25164835164835164, ""fm1_hip_flexion_deg_p25"": 169.6052356505295, ""fm1_hip_flexion_deg_p50"": 170.02471639992842, ""fm1_hip_flexion_deg_p75"": 170.4667105912535, ""fm1_knee_between_torso_p50"": 0.65727418347187, ""fm1_scope"": ""session majority over 2 files"", ""fm1_shin_verticality_p50"": 0.9965457362911696, ""fm2_smplh_valid_frac"": 1.0, ""fm3_static_frac"": 0.17417582417582417, ""fps"": 30.0, ""geom_body_roll_deg"": -2.174752136968423, ""observed_duration_s"": 182.0, ""repair_applied"": ""none"", ""reproj_shoulder_widths_p50"": 0.08838635881040237, ""shown_raster"": ""1080x1920"", ""stored_raster"": ""1080x1920"", ""timebase"": ""consistent"", ""timebase_index_drift_s"": 0.0, ""unit_flagged_frac"": 0.0, ""vendor"": ""V02""}",render
r10_092,v02_pass_092_V02_S3293_I00000510_P4150_f0001531,V02_S3293_I00000510_P4150,naturalistic/train/0059/0012/V02_S3293_I00000510_P4150,naturalistic/train/0059/0046/V02_S3293_I00000510_P4145,v02_pass,V02,naturalistic,1531,V02,naturalistic,train,ipc_conversation,random draw from V02 files the pipeline sorted into 'pass',"{""audio"": ""present"", ""audio_spectral_flatness"": 0.0007297444907404088, ""audio_speech_level_db"": -32.52025572482129, ""audio_status"": ""ok"", ""audio_voice_isolation_db"": 8.446054595196085, ""flags_fired"": ""none"", ""fm0_reasons"": ""none"", ""fm1_ankles_visible_frac"": 0.4666666666666667, ""fm1_hip_flexion_deg_p25"": 166.47705828865077, ""fm1_hip_flexion_deg_p50"": 168.32908823922742, ""fm1_hip_flexion_deg_p75"": 169.56836719129467, ""fm1_knee_between_torso_p50"": 0.7031939505918676, ""fm1_scope"": ""session majority over 4 files"", ""fm1_shin_verticality_p50"": 0.9899493374559083, ""fm2_smplh_valid_frac"": 1.0, ""fm3_static_frac"": 0.3416666666666667, ""fps"": 30.0, ""geom_body_roll_deg"": 1.4144276904135626, ""observed_duration_s"": 196.0, ""repair_applied"": ""none"", ""reproj_shoulder_widths_p50"": 0.09781597962874031, ""shown_raster"": ""1080x1920"", ""stored_raster"": ""1080x1920"", ""timebase"": ""consistent"", ""timebase_index_drift_s"": 0.0, ""unit_flagged_frac"": 0.0, ""vendor"": ""V02""}",render
r10_093,v02_pass_093_V02_S5137_I00000202_P5174_f0003451,V02_S5137_I00000202_P5174,naturalistic/train/0089/0010/V02_S5137_I00000202_P5174,naturalistic/train/0089/0020/V02_S5137_I00000202_P5135,v02_pass,V02,naturalistic,3451,V02,naturalistic,train,ipc_conversation,random draw from V02 files the pipeline sorted into 'pass',"{""audio"": ""present"", ""audio_spectral_flatness"": 0.003474396397668009, ""audio_speech_level_db"": -46.898691741918135, ""audio_status"": ""ok"", ""audio_voice_isolation_db"": 17.293643451995763, ""flags_fired"": ""none"", ""fm0_reasons"": ""none"", ""fm1_ankles_visible_frac"": 1.0, ""fm1_hip_flexion_deg_p25"": 132.9409663177218, ""fm1_hip_flexion_deg_p50"": 135.18651327479785, ""fm1_hip_flexion_deg_p75"": 136.92659191787774, ""fm1_knee_between_torso_p50"": 0.5107758697893358, ""fm1_scope"": ""session majority over 1 files"", ""fm1_shin_verticality_p50"": 0.9996349713525191, ""fm2_smplh_valid_frac"": 1.0, ""fm3_static_frac"": 0.03773946360153257, ""fps"": 30.0, ""geom_body_roll_deg"": -2.7702172078967457, ""observed_duration_s"": 174.0, ""repair_applied"": ""none"", ""reproj_shoulder_widths_p50"": 0.07639612612659955, ""shown_raster"": ""1080x1920"", ""stored_raster"": ""1080x1920"", ""timebase"": ""consistent"", ""timebase_index_drift_s"": 0.0, ""unit_flagged_frac"": 0.0, ""vendor"": ""V02""}",render
r10_094,v02_pass_094_V02_S3293_I00000486_P4150_f0004126,V02_S3293_I00000486_P4150,naturalistic/train/0059/0018/V02_S3293_I00000486_P4150,naturalistic/train/0059/0045/V02_S3293_I00000486_P4145,v02_pass,V02,naturalistic,4126,V02,naturalistic,train,ipc_conversation,random draw from V02 files the pipeline sorted into 'pass',"{""audio"": ""present"", ""audio_spectral_flatness"": 0.000658776958047237, ""audio_speech_level_db"": -34.184764602852724, ""audio_status"": ""ok"", ""audio_voice_isolation_db"": 15.267946625496053, ""flags_fired"": ""none"", ""fm0_reasons"": ""none"", ""fm1_ankles_visible_frac"": 0.29903846153846153, ""fm1_hip_flexion_deg_p25"": 165.3733874303147, ""fm1_hip_flexion_deg_p50"": 166.9614209486487, ""fm1_hip_flexion_deg_p75"": 168.29092133273883, ""fm1_knee_between_torso_p50"": 0.6773661605201564, ""fm1_scope"": ""session majority over 4 files"", ""fm1_shin_verticality_p50"": 0.9999999999895381, ""fm2_smplh_valid_frac"": 1.0, ""fm3_static_frac"": 0.29262820512820514, ""fps"": 30.0, ""geom_body_roll_deg"": 1.432100282438042, ""observed_duration_s"": 208.0, ""repair_applied"": ""none"", ""reproj_shoulder_widths_p50"": 0.09630937524968763, ""shown_raster"": ""1080x1920"", ""stored_raster"": ""1080x1920"", ""timebase"": ""consistent"", ""timebase_index_drift_s"": 0.0, ""unit_flagged_frac"": 0.0, ""vendor"": ""V02""}",render
r10_095,v02_pass_095_V02_S5216_I00000196_P5237_f0002755,V02_S5216_I00000196_P5237,naturalistic/train/0095/0016/V02_S5216_I00000196_P5237,naturalistic/train/0095/0036/V02_S5216_I00000196_P5207,v02_pass,V02,naturalistic,2755,V02,naturalistic,train,ipc_conversation,random draw from V02 files the pipeline sorted into 'pass',"{""audio"": ""present"", ""audio_spectral_flatness"": 0.0066639039758607625, ""audio_speech_level_db"": -43.05646320819918, ""audio_status"": ""ok"", ""audio_voice_isolation_db"": 9.11491990250452, ""flags_fired"": ""none"", ""fm0_reasons"": ""none"", ""fm1_ankles_visible_frac"": 1.0, ""fm1_hip_flexion_deg_p25"": 144.17819040854073, ""fm1_hip_flexion_deg_p50"": 145.83106602756254, ""fm1_hip_flexion_deg_p75"": 148.34191987553893, ""fm1_knee_between_torso_p50"": 0.572431010622018, ""fm1_scope"": ""session majority over 1 files"", ""fm1_shin_verticality_p50"": 0.9982743671168417, ""fm2_smplh_valid_frac"": 1.0, ""fm3_static_frac"": 0.7069444444444445, ""fps"": 30.0, ""geom_body_roll_deg"": 1.5911453653822705, ""observed_duration_s"": 168.0, ""repair_applied"": ""none"", ""reproj_shoulder_widths_p50"": 0.12690842530644447, ""shown_raster"": ""1080x1920"", ""stored_raster"": ""1080x1920"", ""timebase"": ""consistent"", ""timebase_index_drift_s"": 0.0, ""unit_flagged_frac"": 0.0, ""vendor"": ""V02""}",render
r10_096,v02_pass_096_V02_S5114_I00000204_P5145_f0003981,V02_S5114_I00000204_P5145,naturalistic/test/0001/0003/V02_S5114_I00000204_P5145,naturalistic/test/0001/0048/V02_S5114_I00000204_P5125,v02_pass,V02,naturalistic,3981,V02,naturalistic,test,ipc_conversation,random draw from V02 files the pipeline sorted into 'pass',"{""audio"": ""present"", ""audio_spectral_flatness"": 0.005825912215553967, ""audio_speech_level_db"": -47.59287835193612, ""audio_status"": ""ok"", ""audio_voice_isolation_db"": 9.641576423422329, ""flags_fired"": ""none"", ""fm0_reasons"": ""none"", ""fm1_ankles_visible_frac"": 1.0, ""fm1_hip_flexion_deg_p25"": 127.75061817519452, ""fm1_hip_flexion_deg_p50"": 129.71876342770474, ""fm1_hip_flexion_deg_p75"": 131.80818298102153, ""fm1_knee_between_torso_p50"": 0.6040870640159568, ""fm1_scope"": ""session majority over 2 files"", ""fm1_shin_verticality_p50"": 0.9992611764544193, ""fm2_smplh_valid_frac"": 1.0, ""fm3_static_frac"": 0.5591085271317829, ""fps"": 30.0, ""geom_body_roll_deg"": 0.0, ""observed_duration_s"": 172.0, ""repair_applied"": ""none"", ""reproj_shoulder_widths_p50"": 0.08307768299489404, ""shown_raster"": ""1080x1920"", ""stored_raster"": ""1080x1920"", ""timebase"": ""consistent"", ""timebase_index_drift_s"": 0.0, ""unit_flagged_frac"": 0.0, ""vendor"": ""V02""}",render
r10_097,v02_pass_097_V02_S5332_I00000112_P5036_f0000020,V02_S5332_I00000112_P5036,naturalistic/train/0102/0028/V02_S5332_I00000112_P5036,naturalistic/train/0102/0019/V02_S5332_I00000112_P5147,v02_pass,V02,naturalistic,20,V02,naturalistic,train,ipc_conversation,random draw from V02 files the pipeline sorted into 'pass',"{""audio"": ""present"", ""audio_spectral_flatness"": 0.0012983494820809074, ""audio_speech_level_db"": -39.21254742140912, ""audio_status"": ""ok"", ""audio_voice_isolation_db"": 1.8528840364248431, ""flags_fired"": ""none"", ""fm0_reasons"": ""none"", ""fm1_ankles_visible_frac"": 1.0, ""fm1_hip_flexion_deg_p25"": 140.90328327684318, ""fm1_hip_flexion_deg_p50"": 142.73122519944303, ""fm1_hip_flexion_deg_p75"": 144.48378088080062, ""fm1_knee_between_torso_p50"": 0.5750143653599786, ""fm1_scope"": ""session majority over 2 files"", ""fm1_shin_verticality_p50"": 0.9995920845544188, ""fm2_smplh_valid_frac"": 1.0, ""fm3_static_frac"": 0.43413654618473896, ""fps"": 30.0, ""geom_body_roll_deg"": -0.8951768519481469, ""observed_duration_s"": 166.0, ""repair_applied"": ""none"", ""reproj_shoulder_widths_p50"": 0.06033373436694444, ""shown_raster"": ""1080x1920"", ""stored_raster"": ""1080x1920"", ""timebase"": ""consistent"", ""timebase_index_drift_s"": 0.0, ""unit_flagged_frac"": 0.0, ""vendor"": ""V02""}",render
r10_098,v02_fm2_smplh_invalid_098_V02_S3157_I00000500_P4086_f0001492,V02_S3157_I00000500_P4086,naturalistic/train/0051/0016/V02_S3157_I00000500_P4086,naturalistic/train/0051/0044/V02_S3157_I00000500_P4049,v02_fm2_smplh_invalid,V02,naturalistic,1492,V02,naturalistic,train,ipc_conversation,random draw from V02 files the pipeline sorted into 'fm2_smplh_invalid'; positioned on the longest untrusted stretch,"{""audio"": ""present"", ""audio_spectral_flatness"": 0.006683451969242974, ""audio_speech_level_db"": -43.67893376743731, ""audio_status"": ""ok"", ""audio_voice_isolation_db"": 9.738455916428958, ""flags_fired"": ""fm2_smplh_invalid"", ""fm0_reasons"": ""none"", ""fm1_ankles_visible_frac"": 0.9766323024054983, ""fm1_hip_flexion_deg_p25"": 173.3705313632036, ""fm1_hip_flexion_deg_p50"": 174.72733231731297, ""fm1_hip_flexion_deg_p75"": 175.9759993907668, ""fm1_knee_between_torso_p50"": 0.7425799349407737, ""fm1_scope"": ""session majority over 2 files"", ""fm1_shin_verticality_p50"": 0.9999999999634155, ""fm2_smplh_valid_frac"": 0.9987972508591065, ""fm3_static_frac"": 0.006185567010309278, ""fps"": 30.0, ""geom_body_roll_deg"": -1.414424616435233, ""observed_duration_s"": 194.0, ""repair_applied"": ""none"", ""reproj_shoulder_widths_p50"": 0.14249644365641329, ""shown_raster"": ""1080x1920"", ""stored_raster"": ""1080x1920"", ""timebase"": ""consistent"", ""timebase_index_drift_s"": 0.0, ""unit_flagged_frac"": 0.0, ""vendor"": ""V02""}",render
r10_099,v02_fm2_smplh_invalid_099_V02_S3527_I00000422_P4223_f0003599,V02_S3527_I00000422_P4223,naturalistic/train/0073/0011/V02_S3527_I00000422_P4223,naturalistic/train/0073/0044/V02_S3527_I00000422_P4191,v02_fm2_smplh_invalid,V02,naturalistic,3599,V02,naturalistic,train,ipc_conversation,random draw from V02 files the pipeline sorted into 'fm2_smplh_invalid'; positioned on the longest untrusted stretch,"{""audio"": ""present"", ""audio_spectral_flatness"": 0.046763156643997265, ""audio_speech_level_db"": -31.949921504382427, ""audio_status"": ""ok"", ""audio_voice_isolation_db"": 6.150461859579544, ""flags_fired"": ""fm2_smplh_invalid"", ""fm0_reasons"": ""none"", ""fm1_ankles_visible_frac"": 0.0036340852130325816, ""fm1_hip_flexion_deg_p25"": 164.44271848626028, ""fm1_hip_flexion_deg_p50"": 168.13016882306295, ""fm1_hip_flexion_deg_p75"": 171.78794387297643, ""fm1_knee_between_torso_p50"": 0.6502077011717445, ""fm1_scope"": ""session majority over 1 files"", ""fm1_shin_verticality_p50"": 0.9993628559822606, ""fm2_smplh_valid_frac"": 0.9973684210526316, ""fm3_static_frac"": 0.0, ""fps"": 30.0, ""geom_body_roll_deg"": -1.5693579107809497, ""observed_duration_s"": 266.0, ""repair_applied"": ""none"", ""reproj_shoulder_widths_p50"": 0.1438196386889642, ""shown_raster"": ""1080x1920"", ""stored_raster"": ""1080x1920"", ""timebase"": ""consistent"", ""timebase_index_drift_s"": 0.0, ""unit_flagged_frac"": 0.0, ""vendor"": ""V02""}",render
r10_100,v02_fm2_smplh_invalid_100_V02_S5273_I00000728_P5234_f0000000,V02_S5273_I00000728_P5234,naturalistic/train/0098/0042/V02_S5273_I00000728_P5234,naturalistic/train/0098/0003/V02_S5273_I00000728_P5245,v02_fm2_smplh_invalid,V02,naturalistic,0,V02,naturalistic,train,grounded_gesture,random draw from V02 files the pipeline sorted into 'fm2_smplh_invalid'; positioned on the longest untrusted stretch,"{""audio"": ""present"", ""audio_spectral_flatness"": 0.0015539587199707484, ""audio_speech_level_db"": -35.61323829032324, ""audio_status"": ""ok"", ""audio_voice_isolation_db"": 7.638868440076849, ""flags_fired"": ""fm2_smplh_invalid"", ""fm0_reasons"": ""none"", ""fm1_ankles_visible_frac"": 0.997072072072072, ""fm1_hip_flexion_deg_p25"": 129.21973283575053, ""fm1_hip_flexion_deg_p50"": 132.13447436383382, ""fm1_hip_flexion_deg_p75"": 136.31940954670137, ""fm1_knee_between_torso_p50"": 0.5853639673328062, ""fm1_scope"": ""session majority over 1 files"", ""fm1_shin_verticality_p50"": 0.9995120760870789, ""fm2_smplh_valid_frac"": 0.9518018018018019, ""fm3_static_frac"": 0.35, ""fps"": 30.0, ""geom_body_roll_deg"": 1.5693555165227102, ""observed_duration_s"": 148.0, ""repair_applied"": ""none"", ""reproj_shoulder_widths_p50"": 0.09876866993077582, ""shown_raster"": ""1080x1920"", ""stored_raster"": ""1080x1920"", ""timebase"": ""consistent"", ""timebase_index_drift_s"": 0.0, ""unit_flagged_frac"": 0.0, ""vendor"": ""V02""}",render
r10_101,v02_fm2_smplh_invalid_101_V02_S5318_I00000179_P5287_f0001238,V02_S5318_I00000179_P5287,naturalistic/train/0101/0041/V02_S5318_I00000179_P5287,naturalistic/train/0101/0016/V02_S5318_I00000179_P5283,v02_fm2_smplh_invalid,V02,naturalistic,1238,V02,naturalistic,train,ipc_conversation,random draw from V02 files the pipeline sorted into 'fm2_smplh_invalid'; positioned on the longest untrusted stretch,"{""audio"": ""present"", ""audio_spectral_flatness"": 0.011953426596501109, ""audio_speech_level_db"": -45.74087075415402, ""audio_status"": ""ok"", ""audio_voice_isolation_db"": 6.434562023712149, ""flags_fired"": ""fm2_smplh_invalid"", ""fm0_reasons"": ""none"", ""fm1_ankles_visible_frac"": 1.0, ""fm1_hip_flexion_deg_p25"": 116.31241469463527, ""fm1_hip_flexion_deg_p50"": 117.66958979957809, ""fm1_hip_flexion_deg_p75"": 120.41491084461646, ""fm1_knee_between_torso_p50"": 0.5853470922928801, ""fm1_scope"": ""session majority over 1 files"", ""fm1_shin_verticality_p50"": 0.9987523409076987, ""fm2_smplh_valid_frac"": 0.9978927203065134, ""fm3_static_frac"": 0.45229885057471264, ""fps"": 30.0, ""geom_body_roll_deg"": -2.174750739779136, ""observed_duration_s"": 174.0, ""repair_applied"": ""none"", ""reproj_shoulder_widths_p50"": 0.12689695510885646, ""shown_raster"": ""1080x1920"", ""stored_raster"": ""1080x1920"", ""timebase"": ""consistent"", ""timebase_index_drift_s"": 0.0, ""unit_flagged_frac"": 0.0, ""vendor"": ""V02""}",render
r10_102,v02_fm2_smplh_invalid_102_V02_S3538_I00000405_P4159_f0000000,V02_S3538_I00000405_P4159,naturalistic/train/0074/0007/V02_S3538_I00000405_P4159,naturalistic/train/0074/0048/V02_S3538_I00000405_P4203,v02_fm2_smplh_invalid,V02,naturalistic,0,V02,naturalistic,train,ipc_conversation,random draw from V02 files the pipeline sorted into 'fm2_smplh_invalid'; positioned on the longest untrusted stretch,"{""audio"": ""present"", ""audio_spectral_flatness"": 0.002511544792875641, ""audio_speech_level_db"": -36.91677715883526, ""audio_status"": ""ok"", ""audio_voice_isolation_db"": 6.25202597442024, ""flags_fired"": ""fm2_smplh_invalid"", ""fm0_reasons"": ""none"", ""fm1_ankles_visible_frac"": 0.4922222222222222, ""fm1_hip_flexion_deg_p25"": 161.1476383837383, ""fm1_hip_flexion_deg_p50"": 165.60025355789122, ""fm1_hip_flexion_deg_p75"": 167.90336792854276, ""fm1_knee_between_torso_p50"": 0.5673362952930521, ""fm1_scope"": ""session majority over 1 files"", ""fm1_shin_verticality_p50"": 0.9977851578566089, ""fm2_smplh_valid_frac"": 0.8305555555555556, ""fm3_static_frac"": 0.14592592592592593, ""fps"": 30.0, ""geom_body_roll_deg"": -0.9240520222825956, ""observed_duration_s"": 180.0, ""repair_applied"": ""none"", ""reproj_shoulder_widths_p50"": 0.10333943710098384, ""shown_raster"": ""1080x1920"", ""stored_raster"": ""1080x1920"", ""timebase"": ""consistent"", ""timebase_index_drift_s"": 0.0, ""unit_flagged_frac"": 0.0, ""vendor"": ""V02""}",render
r10_103,v02_fm2_smplh_invalid_103_V02_S3127_I00000504_P4077_f0000000,V02_S3127_I00000504_P4077,naturalistic/train/0049/0009/V02_S3127_I00000504_P4077,naturalistic/train/0049/0011/V02_S3127_I00000504_P4078,v02_fm2_smplh_invalid,V02,naturalistic,0,V02,naturalistic,train,ipc_conversation,random draw from V02 files the pipeline sorted into 'fm2_smplh_invalid'; positioned on the longest untrusted stretch,"{""audio"": ""present"", ""audio_spectral_flatness"": 0.0004177872439098116, ""audio_speech_level_db"": -31.8471452039144, ""audio_status"": ""ok"", ""audio_voice_isolation_db"": 8.024475980082016, ""flags_fired"": ""fm2_smplh_invalid"", ""fm0_reasons"": ""none"", ""fm1_ankles_visible_frac"": 0.9473270440251572, ""fm1_hip_flexion_deg_p25"": 154.79813180293752, ""fm1_hip_flexion_deg_p50"": 157.17901754368813, ""fm1_hip_flexion_deg_p75"": 163.7615261063865, ""fm1_knee_between_torso_p50"": 0.6681648737799402, ""fm1_scope"": ""session majority over 2 files"", ""fm1_shin_verticality_p50"": 0.9486832980505139, ""fm2_smplh_valid_frac"": 0.9968553459119497, ""fm3_static_frac"": 0.31242138364779876, ""fps"": 30.0, ""geom_body_roll_deg"": -1.8881877257228987, ""observed_duration_s"": 212.0, ""repair_applied"": ""none"", ""reproj_shoulder_widths_p50"": 0.12972573255791373, ""shown_raster"": ""1080x1920"", ""stored_raster"": ""1080x1920"", ""timebase"": ""consistent"", ""timebase_index_drift_s"": 0.0, ""unit_flagged_frac"": 0.0, ""vendor"": ""V02""}",render
r10_104,v02_fm2_smplh_invalid_104_V02_S3364_I00000169_P4180_f0000100,V02_S3364_I00000169_P4180,naturalistic/train/0063/0039/V02_S3364_I00000169_P4180,naturalistic/train/0063/0052/V02_S3364_I00000169_P4135,v02_fm2_smplh_invalid,V02,naturalistic,100,V02,naturalistic,train,ipc_conversation,random draw from V02 files the pipeline sorted into 'fm2_smplh_invalid'; positioned on the longest untrusted stretch,"{""audio"": ""present"", ""audio_spectral_flatness"": 0.002851897253786479, ""audio_speech_level_db"": -35.9381746000854, ""audio_status"": ""ok"", ""audio_voice_isolation_db"": 8.115037591889081, ""flags_fired"": ""fm2_smplh_invalid"", ""fm0_reasons"": ""none"", ""fm1_ankles_visible_frac"": 0.448, ""fm1_hip_flexion_deg_p25"": 158.88585193623965, ""fm1_hip_flexion_deg_p50"": 163.3803337906573, ""fm1_hip_flexion_deg_p75"": 165.60293547300887, ""fm1_knee_between_torso_p50"": 0.6060614901631206, ""fm1_scope"": ""session majority over 2 files"", ""fm1_shin_verticality_p50"": 0.9931506188777168, ""fm2_smplh_valid_frac"": 0.88, ""fm3_static_frac"": 0.012, ""fps"": 30.0, ""geom_body_roll_deg"": -6.979811890933064e-06, ""observed_duration_s"": 198.0, ""repair_applied"": ""none"", ""reproj_shoulder_widths_p50"": 0.08020698882137071, ""shown_raster"": ""1080x1920"", ""stored_raster"": ""1080x1920"", ""timebase"": ""drifts -0.3 s"", ""timebase_index_drift_s"": -0.26666666666666666, ""unit_flagged_frac"": 0.0, ""vendor"": ""V02""}",render
r10_105,v02_fm2_smplh_invalid_105_V02_S3297_I00000135_P4152_f0003088,V02_S3297_I00000135_P4152,naturalistic/train/0059/0003/V02_S3297_I00000135_P4152,naturalistic/train/0059/0009/V02_S3297_I00000135_P4155,v02_fm2_smplh_invalid,V02,naturalistic,3088,V02,naturalistic,train,collaborative_storytelling,random draw from V02 files the pipeline sorted into 'fm2_smplh_invalid'; positioned on the longest untrusted stretch,"{""audio"": ""present"", ""audio_spectral_flatness"": 0.0002508436409151643, ""audio_speech_level_db"": -21.8733644622776, ""audio_status"": ""ok"", ""audio_voice_isolation_db"": 16.188006555789702, ""flags_fired"": ""fm2_smplh_invalid"", ""fm0_reasons"": ""none"", ""fm1_ankles_visible_frac"": 0.9047368421052632, ""fm1_hip_flexion_deg_p25"": 155.56933004181752, ""fm1_hip_flexion_deg_p50"": 161.31227499022958, ""fm1_hip_flexion_deg_p75"": 166.41830309614113, ""fm1_knee_between_torso_p50"": 0.6168763449214802, ""fm1_scope"": ""session majority over 1 files"", ""fm1_shin_verticality_p50"": -0.9761866919229731, ""fm2_smplh_valid_frac"": 0.897719298245614, ""fm3_static_frac"": 0.0017543859649122807, ""fps"": 30.0, ""geom_body_roll_deg"": 1.9525065056992772, ""observed_duration_s"": 190.0, ""repair_applied"": ""none"", ""reproj_shoulder_widths_p50"": 0.12186032584628498, ""shown_raster"": ""1080x1920"", ""stored_raster"": ""1080x1920"", ""timebase"": ""consistent"", ""timebase_index_drift_s"": 0.0, ""unit_flagged_frac"": 0.0, ""vendor"": ""V02""}",render
r10_106,v02_fm3_static_hands_106_V02_S5125_I00000280_P5162_f0003608,V02_S5125_I00000280_P5162,naturalistic/train/0088/0019/V02_S5125_I00000280_P5162,naturalistic/train/0088/0029/V02_S5125_I00000280_P5161,v02_fm3_static_hands,V02,naturalistic,3608,V02,naturalistic,train,ipc_conversation,random draw from V02 files the pipeline sorted into 'fm3_static_hands',"{""audio"": ""present"", ""audio_spectral_flatness"": 0.0021486903342290416, ""audio_speech_level_db"": -43.80192861687703, ""audio_status"": ""ok"", ""audio_voice_isolation_db"": 26.518951373348628, ""flags_fired"": ""fm3_static_hands"", ""fm0_reasons"": ""none"", ""fm1_ankles_visible_frac"": 1.0, ""fm1_hip_flexion_deg_p25"": 133.89932592959366, ""fm1_hip_flexion_deg_p50"": 135.38349241931593, ""fm1_hip_flexion_deg_p75"": 137.07700180027487, ""fm1_knee_between_torso_p50"": 0.5976961450973896, ""fm1_scope"": ""session majority over 1 files"", ""fm1_shin_verticality_p50"": 0.9994059986816327, ""fm2_smplh_valid_frac"": 1.0, ""fm3_static_frac"": 0.8696787148594377, ""fps"": 30.0, ""geom_body_roll_deg"": -0.8069238584650642, ""observed_duration_s"": 166.0, ""repair_applied"": ""none"", ""reproj_shoulder_widths_p50"": 0.03216615297510545, ""shown_raster"": ""1080x1920"", ""stored_raster"": ""1080x1920"", ""timebase"": ""consistent"", ""timebase_index_drift_s"": 0.0, ""unit_flagged_frac"": 0.0, ""vendor"": ""V02""}",render
r10_107,v02_fm3_static_hands_107_V02_S5262_I00000204_P5262_f0000665,V02_S5262_I00000204_P5262,naturalistic/train/0098/0026/V02_S5262_I00000204_P5262,naturalistic/train/0098/0016/V02_S5262_I00000204_P5263,v02_fm3_static_hands,V02,naturalistic,665,V02,naturalistic,train,ipc_conversation,random draw from V02 files the pipeline sorted into 'fm3_static_hands',"{""audio"": ""present"", ""audio_spectral_flatness"": 0.01705322647310262, ""audio_speech_level_db"": -56.667116809437715, ""audio_status"": ""ok"", ""audio_voice_isolation_db"": 15.52096441672149, ""flags_fired"": ""fm3_static_hands"", ""fm0_reasons"": ""none"", ""fm1_ankles_visible_frac"": 1.0, ""fm1_hip_flexion_deg_p25"": 123.23398625470617, ""fm1_hip_flexion_deg_p50"": 124.41343828619543, ""fm1_hip_flexion_deg_p75"": 125.78028770951869, ""fm1_knee_between_torso_p50"": 0.5413663406657282, ""fm1_scope"": ""session majority over 2 files"", ""fm1_shin_verticality_p50"": 1.0, ""fm2_smplh_valid_frac"": 1.0, ""fm3_static_frac"": 0.9003875968992248, ""fps"": 30.0, ""geom_body_roll_deg"": -2.9994296322493974e-06, ""observed_duration_s"": 172.0, ""repair_applied"": ""none"", ""reproj_shoulder_widths_p50"": 0.1272537899810858, ""shown_raster"": ""1080x1920"", ""stored_raster"": ""1080x1920"", ""timebase"": ""consistent"", ""timebase_index_drift_s"": 0.0, ""unit_flagged_frac"": 0.0, ""vendor"": ""V02""}",render
r10_108,v02_fm3_static_hands_108_V02_S5089_I00000201_P5116_f0002864,V02_S5089_I00000201_P5116,naturalistic/train/0086/0018/V02_S5089_I00000201_P5116,naturalistic/train/0086/0022/V02_S5089_I00000201_P5105,v02_fm3_static_hands,V02,naturalistic,2864,V02,naturalistic,train,ipc_conversation,random draw from V02 files the pipeline sorted into 'fm3_static_hands',"{""audio"": ""present"", ""audio_spectral_flatness"": 0.0025888357949137982, ""audio_speech_level_db"": -47.68329508756524, ""audio_status"": ""ok"", ""audio_voice_isolation_db"": 11.015904831818219, ""flags_fired"": ""fm3_static_hands"", ""fm0_reasons"": ""none"", ""fm1_ankles_visible_frac"": 1.0, ""fm1_hip_flexion_deg_p25"": 124.20104677579843, ""fm1_hip_flexion_deg_p50"": 125.11740726035234, ""fm1_hip_flexion_deg_p75"": 126.17057072401182, ""fm1_knee_between_torso_p50"": 0.5788596769697532, ""fm1_scope"": ""session majority over 2 files"", ""fm1_shin_verticality_p50"": 0.9992611689694753, ""fm2_smplh_valid_frac"": 1.0, ""fm3_static_frac"": 0.9674603174603175, ""fps"": 30.0, ""geom_body_roll_deg"": 0.7848325848648652, ""observed_duration_s"": 168.0, ""repair_applied"": ""none"", ""reproj_shoulder_widths_p50"": 0.11303575638973232, ""shown_raster"": ""1080x1920"", ""stored_raster"": ""1080x1920"", ""timebase"": ""consistent"", ""timebase_index_drift_s"": 0.0, ""unit_flagged_frac"": 0.0, ""vendor"": ""V02""}",render
r10_109,v02_fm3_static_hands_109_V02_S5063_I00000269_P5078_f0000380,V02_S5063_I00000269_P5078,naturalistic/train/0085/0023/V02_S5063_I00000269_P5078,naturalistic/train/0085/0005/V02_S5063_I00000269_P5079,v02_fm3_static_hands,V02,naturalistic,380,V02,naturalistic,train,ipc_conversation,random draw from V02 files the pipeline sorted into 'fm3_static_hands',"{""audio"": ""present"", ""audio_spectral_flatness"": 0.009953102317280494, ""audio_speech_level_db"": -49.20631828383221, ""audio_status"": ""ok"", ""audio_voice_isolation_db"": 7.369196162971975, ""flags_fired"": ""fm3_static_hands"", ""fm0_reasons"": ""none"", ""fm1_ankles_visible_frac"": 1.0, ""fm1_hip_flexion_deg_p25"": 153.0235303214323, ""fm1_hip_flexion_deg_p50"": 154.07196821320974, ""fm1_hip_flexion_deg_p75"": 154.96585996954028, ""fm1_knee_between_torso_p50"": 0.5913752359880591, ""fm1_scope"": ""session majority over 1 files"", ""fm1_shin_verticality_p50"": 0.9984603591704235, ""fm2_smplh_valid_frac"": 1.0, ""fm3_static_frac"": 0.9287037037037037, ""fps"": 30.0, ""geom_body_roll_deg"": 1.9414921592672878, ""observed_duration_s"": 180.0, ""repair_applied"": ""none"", ""reproj_shoulder_widths_p50"": 0.14226462589993802, ""shown_raster"": ""1080x1920"", ""stored_raster"": ""1080x1920"", ""timebase"": ""consistent"", ""timebase_index_drift_s"": 0.0, ""unit_flagged_frac"": 0.0, ""vendor"": ""V02""}",render
r10_110,v02_fm3_static_hands_110_V02_S5014_I00000377_P5021_f0001724,V02_S5014_I00000377_P5021,naturalistic/train/0082/0003/V02_S5014_I00000377_P5021,naturalistic/train/0082/0036/V02_S5014_I00000377_P5022,v02_fm3_static_hands,V02,naturalistic,1724,V02,naturalistic,train,ipc_conversation,random draw from V02 files the pipeline sorted into 'fm3_static_hands',"{""audio"": ""present"", ""audio_spectral_flatness"": 0.007302180968177432, ""audio_speech_level_db"": -35.76037589370374, ""audio_status"": ""ok"", ""audio_voice_isolation_db"": 14.597236025961674, ""flags_fired"": ""fm3_static_hands"", ""fm0_reasons"": ""none"", ""fm1_ankles_visible_frac"": 1.0, ""fm1_hip_flexion_deg_p25"": 138.8921840756825, ""fm1_hip_flexion_deg_p50"": 139.7103842359025, ""fm1_hip_flexion_deg_p75"": 140.68577235030804, ""fm1_knee_between_torso_p50"": 0.577293821432145, ""fm1_scope"": ""session majority over 2 files"", ""fm1_shin_verticality_p50"": 1.0, ""fm2_smplh_valid_frac"": 1.0, ""fm3_static_frac"": 0.9668831168831169, ""fps"": 30.0, ""geom_body_roll_deg"": -0.9240365743119157, ""observed_duration_s"": 154.0, ""repair_applied"": ""none"", ""reproj_shoulder_widths_p50"": 0.0759674406340725, ""shown_raster"": ""1080x1920"", ""stored_raster"": ""1080x1920"", ""timebase"": ""consistent"", ""timebase_index_drift_s"": 0.0, ""unit_flagged_frac"": 0.0, ""vendor"": ""V02""}",render
r10_111,v02_fm3_static_hands_111_V02_S5099_I00000213_P5123_f0002909,V02_S5099_I00000213_P5123,naturalistic/train/0087/0021/V02_S5099_I00000213_P5123,naturalistic/train/0087/0026/V02_S5099_I00000213_P5071,v02_fm3_static_hands,V02,naturalistic,2909,V02,naturalistic,train,ipc_conversation,random draw from V02 files the pipeline sorted into 'fm3_static_hands',"{""audio"": ""present"", ""audio_spectral_flatness"": 0.0197087949426533, ""audio_speech_level_db"": -53.84258382713224, ""audio_status"": ""ok"", ""audio_voice_isolation_db"": 8.011254331503283, ""flags_fired"": ""fm3_static_hands"", ""fm0_reasons"": ""none"", ""fm1_ankles_visible_frac"": 0.7299625468164794, ""fm1_hip_flexion_deg_p25"": 143.965466235115, ""fm1_hip_flexion_deg_p50"": 146.77674730421762, ""fm1_hip_flexion_deg_p75"": 152.50275108592166, ""fm1_knee_between_torso_p50"": 0.6477598117506724, ""fm1_scope"": ""session majority over 4 files"", ""fm1_shin_verticality_p50"": 0.9999999999998418, ""fm2_smplh_valid_frac"": 1.0, ""fm3_static_frac"": 0.7730337078651686, ""fps"": 30.0, ""geom_body_roll_deg"": -2.202606175509181, ""observed_duration_s"": 178.0, ""repair_applied"": ""none"", ""reproj_shoulder_widths_p50"": 0.06415017239220937, ""shown_raster"": ""1080x1920"", ""stored_raster"": ""1080x1920"", ""timebase"": ""consistent"", ""timebase_index_drift_s"": 0.0, ""unit_flagged_frac"": 0.0, ""vendor"": ""V02""}",render
r10_112,v02_fm3_static_hands_112_V02_S5013_I00000387_P5019_f0000730,V02_S5013_I00000387_P5019,naturalistic/train/0081/0043/V02_S5013_I00000387_P5019,naturalistic/train/0081/0031/V02_S5013_I00000387_P5020,v02_fm3_static_hands,V02,naturalistic,730,V02,naturalistic,train,ipc_conversation,random draw from V02 files the pipeline sorted into 'fm3_static_hands',"{""audio"": ""present"", ""audio_spectral_flatness"": 0.026394399650933334, ""audio_speech_level_db"": -49.22104329111764, ""audio_status"": ""ok"", ""audio_voice_isolation_db"": 16.88575781931616, ""flags_fired"": ""fm3_static_hands"", ""fm0_reasons"": ""none"", ""fm1_ankles_visible_frac"": 0.9551136363636363, ""fm1_hip_flexion_deg_p25"": 137.69458450621488, ""fm1_hip_flexion_deg_p50"": 139.04146409921174, ""fm1_hip_flexion_deg_p75"": 140.43352836155847, ""fm1_knee_between_torso_p50"": 0.6758430950901936, ""fm1_scope"": ""session majority over 1 files"", ""fm1_shin_verticality_p50"": 0.99654577719509, ""fm2_smplh_valid_frac"": 1.0, ""fm3_static_frac"": 0.8660984848484848, ""fps"": 30.0, ""geom_body_roll_deg"": -1.4144157089238392, ""observed_duration_s"": 176.0, ""repair_applied"": ""none"", ""reproj_shoulder_widths_p50"": 0.1776096464551831, ""shown_raster"": ""1080x1920"", ""stored_raster"": ""1080x1920"", ""timebase"": ""consistent"", ""timebase_index_drift_s"": 0.0, ""unit_flagged_frac"": 0.0, ""vendor"": ""V02""}",render
r10_113,v02_fm3_static_hands_113_V02_S5204_I00000305_P5231_f0003910,V02_S5204_I00000305_P5231,naturalistic/train/0094/0032/V02_S5204_I00000305_P5231,naturalistic/train/0094/0009/V02_S5204_I00000305_P5230,v02_fm3_static_hands,V02,naturalistic,3910,V02,naturalistic,train,ipc_conversation,random draw from V02 files the pipeline sorted into 'fm3_static_hands',"{""audio"": ""present"", ""audio_spectral_flatness"": 0.018769448899082598, ""audio_speech_level_db"": -44.1667841596335, ""audio_status"": ""ok"", ""audio_voice_isolation_db"": 6.761139066817408, ""flags_fired"": ""fm3_static_hands"", ""fm0_reasons"": ""none"", ""fm1_ankles_visible_frac"": 1.0, ""fm1_hip_flexion_deg_p25"": 146.14894295347887, ""fm1_hip_flexion_deg_p50"": 148.79952367725537, ""fm1_hip_flexion_deg_p75"": 152.26601040218793, ""fm1_knee_between_torso_p50"": 0.6341844816204332, ""fm1_scope"": ""session majority over 3 files"", ""fm1_shin_verticality_p50"": 0.9995120703021245, ""fm2_smplh_valid_frac"": 1.0, ""fm3_static_frac"": 0.7702651515151515, ""fps"": 30.0, ""geom_body_roll_deg"": -3.2245141557051413, ""observed_duration_s"": 176.0, ""repair_applied"": ""none"", ""reproj_shoulder_widths_p50"": 0.17573511135056274, ""shown_raster"": ""1080x1920"", ""stored_raster"": ""1080x1920"", ""timebase"": ""consistent"", ""timebase_index_drift_s"": 0.0, ""unit_flagged_frac"": 0.0, ""vendor"": ""V02""}",render
r10_114,v02_fm4_audio_dead_114_V02_S5057_I00000181_P5029_f0002552,V02_S5057_I00000181_P5029,naturalistic/train/0084/0027/V02_S5057_I00000181_P5029,naturalistic/train/0084/0039/V02_S5057_I00000181_P5068,v02_fm4_audio_dead,V02,naturalistic,2552,V02,naturalistic,train,ipc_conversation,random draw from V02 files the pipeline sorted into 'fm4_audio_dead',"{""audio"": ""present"", ""audio_spectral_flatness"": 0.2213595707156074, ""audio_speech_level_db"": -69.99217532135285, ""audio_status"": ""ok"", ""audio_voice_isolation_db"": 18.7480076526006, ""flags_fired"": ""fm4_audio_dead"", ""fm0_reasons"": ""none"", ""fm1_ankles_visible_frac"": 0.9065292096219931, ""fm1_hip_flexion_deg_p25"": 151.45067214866555, ""fm1_hip_flexion_deg_p50"": 155.97377642332088, ""fm1_hip_flexion_deg_p75"": 159.53205608278455, ""fm1_knee_between_torso_p50"": 0.7748080783259061, ""fm1_scope"": ""session majority over 2 files"", ""fm1_shin_verticality_p50"": 0.9999999999976834, ""fm2_smplh_valid_frac"": 1.0, ""fm3_static_frac"": 0.43780068728522337, ""fps"": 30.0, ""geom_body_roll_deg"": 2.0952574989948953, ""observed_duration_s"": 194.0, ""repair_applied"": ""none"", ""reproj_shoulder_widths_p50"": 0.07856386030874332, ""shown_raster"": ""1080x1920"", ""stored_raster"": ""1080x1920"", ""timebase"": ""consistent"", ""timebase_index_drift_s"": 0.0, ""unit_flagged_frac"": 0.0, ""vendor"": ""V02""}",render
r10_115,v02_fm4_audio_dead_115_V02_S5207_I00000179_P5158_f0003580,V02_S5207_I00000179_P5158,naturalistic/train/0094/0033/V02_S5207_I00000179_P5158,naturalistic/train/0094/0042/V02_S5207_I00000179_P5168,v02_fm4_audio_dead,V02,naturalistic,3580,V02,naturalistic,train,ipc_conversation,random draw from V02 files the pipeline sorted into 'fm4_audio_dead',"{""audio"": ""present"", ""audio_spectral_flatness"": 0.09724211209625704, ""audio_speech_level_db"": -57.577055137433646, ""audio_status"": ""ok"", ""audio_voice_isolation_db"": 11.773727974294454, ""flags_fired"": ""fm4_audio_dead"", ""fm0_reasons"": ""none"", ""fm1_ankles_visible_frac"": 0.998995983935743, ""fm1_hip_flexion_deg_p25"": 143.8966581039798, ""fm1_hip_flexion_deg_p50"": 152.47817336321486, ""fm1_hip_flexion_deg_p75"": 154.9855921949339, ""fm1_knee_between_torso_p50"": 0.5988749543673754, ""fm1_scope"": ""session majority over 2 files"", ""fm1_shin_verticality_p50"": 0.9994801183170483, ""fm2_smplh_valid_frac"": 1.0, ""fm3_static_frac"": 0.14779116465863454, ""fps"": 30.0, ""geom_body_roll_deg"": -0.818457577780078, ""observed_duration_s"": 166.0, ""repair_applied"": ""none"", ""reproj_shoulder_widths_p50"": 0.05584196610785905, ""shown_raster"": ""1080x1920"", ""stored_raster"": ""1080x1920"", ""timebase"": ""consistent"", ""timebase_index_drift_s"": 0.0, ""unit_flagged_frac"": 0.0, ""vendor"": ""V02""}",render
r10_116,v02_fm4_audio_dead_116_V02_S5057_I00000188_P5068_f0003984,V02_S5057_I00000188_P5068,naturalistic/train/0084/0036/V02_S5057_I00000188_P5068,naturalistic/train/0084/0022/V02_S5057_I00000188_P5029,v02_fm4_audio_dead,V02,naturalistic,3984,V02,naturalistic,train,ipc_conversation,random draw from V02 files the pipeline sorted into 'fm4_audio_dead',"{""audio"": ""present"", ""audio_spectral_flatness"": 0.34495443757990124, ""audio_speech_level_db"": -56.71116721428366, ""audio_status"": ""ok"", ""audio_voice_isolation_db"": 22.461289761882306, ""flags_fired"": ""fm4_audio_dead"", ""fm0_reasons"": ""none"", ""fm1_ankles_visible_frac"": 0.9787878787878788, ""fm1_hip_flexion_deg_p25"": 147.69335077897813, ""fm1_hip_flexion_deg_p50"": 153.35727868859578, ""fm1_hip_flexion_deg_p75"": 158.8947766702924, ""fm1_knee_between_torso_p50"": 0.7909837926380102, ""fm1_scope"": ""session majority over 2 files"", ""fm1_shin_verticality_p50"": 1.0, ""fm2_smplh_valid_frac"": 1.0, ""fm3_static_frac"": 0.5869318181818182, ""fps"": 30.0, ""geom_body_roll_deg"": 1.9749361658481148, ""observed_duration_s"": 176.0, ""repair_applied"": ""none"", ""reproj_shoulder_widths_p50"": 0.10923804729707581, ""shown_raster"": ""1080x1920"", ""stored_raster"": ""1080x1920"", ""timebase"": ""consistent"", ""timebase_index_drift_s"": 0.0, ""unit_flagged_frac"": 0.0, ""vendor"": ""V02""}",render
r10_117,v02_fm4_audio_dead_117_V02_S5160_I00000210_P5197_f0001276,V02_S5160_I00000210_P5197,naturalistic/train/0091/0016/V02_S5160_I00000210_P5197,naturalistic/train/0091/0033/V02_S5160_I00000210_P5122,v02_fm4_audio_dead,V02,naturalistic,1276,V02,naturalistic,train,ipc_conversation,random draw from V02 files the pipeline sorted into 'fm4_audio_dead',"{""audio"": ""present"", ""audio_spectral_flatness"": 0.20492227475354746, ""audio_speech_level_db"": -78.99953351027085, ""audio_status"": ""ok"", ""audio_voice_isolation_db"": null, ""flags_fired"": ""fm4_audio_dead"", ""fm0_reasons"": ""none"", ""fm1_ankles_visible_frac"": 1.0, ""fm1_hip_flexion_deg_p25"": 134.17813790045147, ""fm1_hip_flexion_deg_p50"": 136.4516198522595, ""fm1_hip_flexion_deg_p75"": 139.56507319277307, ""fm1_knee_between_torso_p50"": 0.553896073453556, ""fm1_scope"": ""session majority over 2 files"", ""fm1_shin_verticality_p50"": 0.9994801089506415, ""fm2_smplh_valid_frac"": 1.0, ""fm3_static_frac"": 0.32722222222222225, ""fps"": 30.0, ""geom_body_roll_deg"": -4.144619161286149, ""observed_duration_s"": 180.0, ""repair_applied"": ""none"", ""reproj_shoulder_widths_p50"": 0.15604072179989062, ""shown_raster"": ""1080x1920"", ""stored_raster"": ""1080x1920"", ""timebase"": ""consistent"", ""timebase_index_drift_s"": 0.0, ""unit_flagged_frac"": 0.0, ""vendor"": ""V02""}",render
r10_118,v02_fm4_audio_dead_118_V02_S5057_I00000184_P5029_f0004090,V02_S5057_I00000184_P5029,naturalistic/train/0084/0022/V02_S5057_I00000184_P5029,naturalistic/train/0084/0025/V02_S5057_I00000184_P5068,v02_fm4_audio_dead,V02,naturalistic,4090,V02,naturalistic,train,ipc_conversation,random draw from V02 files the pipeline sorted into 'fm4_audio_dead',"{""audio"": ""present"", ""audio_spectral_flatness"": 0.43752748261902313, ""audio_speech_level_db"": -56.161377869005165, ""audio_status"": ""ok"", ""audio_voice_isolation_db"": 23.783236680982505, ""flags_fired"": ""fm4_audio_dead"", ""fm0_reasons"": ""none"", ""fm1_ankles_visible_frac"": 0.9119850187265918, ""fm1_hip_flexion_deg_p25"": 152.3382634729008, ""fm1_hip_flexion_deg_p50"": 155.51291701620323, ""fm1_hip_flexion_deg_p75"": 159.0726843769011, ""fm1_knee_between_torso_p50"": 0.7982324933273268, ""fm1_scope"": ""session majority over 2 files"", ""fm1_shin_verticality_p50"": 0.9999999999959375, ""fm2_smplh_valid_frac"": 1.0, ""fm3_static_frac"": 0.26835205992509364, ""fps"": 30.0, ""geom_body_roll_deg"": 2.0700280342258934, ""observed_duration_s"": 178.0, ""repair_applied"": ""none"", ""reproj_shoulder_widths_p50"": 0.0633396336883066, ""shown_raster"": ""1080x1920"", ""stored_raster"": ""1080x1920"", ""timebase"": ""consistent"", ""timebase_index_drift_s"": 0.0, ""unit_flagged_frac"": 0.0, ""vendor"": ""V02""}",render
r10_119,v02_fm4_audio_dead_119_V02_S5054_I00000242_P5063_f0003556,V02_S5054_I00000242_P5063,naturalistic/dev/0002/0023/V02_S5054_I00000242_P5063,naturalistic/dev/0002/0023/V02_S5054_I00000242_P5062,v02_fm4_audio_dead,V02,naturalistic,3556,V02,naturalistic,dev,ipc_conversation,random draw from V02 files the pipeline sorted into 'fm4_audio_dead',"{""audio"": ""present"", ""audio_spectral_flatness"": 0.4697242727702173, ""audio_speech_level_db"": -74.0560783003936, ""audio_status"": ""ok"", ""audio_voice_isolation_db"": 19.8788214975914, ""flags_fired"": ""fm4_audio_dead"", ""fm0_reasons"": ""none"", ""fm1_ankles_visible_frac"": 0.8275862068965517, ""fm1_hip_flexion_deg_p25"": 143.52892590100484, ""fm1_hip_flexion_deg_p50"": 146.3509915861164, ""fm1_hip_flexion_deg_p75"": 151.15017651821356, ""fm1_knee_between_torso_p50"": 0.6789494880991271, ""fm1_scope"": ""session majority over 1 files"", ""fm1_shin_verticality_p50"": 0.9970545339579591, ""fm2_smplh_valid_frac"": 1.0, ""fm3_static_frac"": 0.04003831417624521, ""fps"": 30.0, ""geom_body_roll_deg"": -1.4320929418904629, ""observed_duration_s"": 174.0, ""repair_applied"": ""none"", ""reproj_shoulder_widths_p50"": 0.12590833446700211, ""shown_raster"": ""1080x1920"", ""stored_raster"": ""1080x1920"", ""timebase"": ""consistent"", ""timebase_index_drift_s"": 0.0, ""unit_flagged_frac"": 0.0, ""vendor"": ""V02""}",render
r10_120,v02_multi_120_V02_S5322_I00000073_P5144_f0004140,V02_S5322_I00000073_P5144,naturalistic/train/0102/0006/V02_S5322_I00000073_P5144,naturalistic/train/0102/0010/V02_S5322_I00000073_P5270,v02_multi,V02,naturalistic,4140,V02,naturalistic,train,ipc_conversation,random draw from V02 files the pipeline sorted into 'multi'; positioned on the longest untrusted stretch,"{""audio"": ""present"", ""audio_spectral_flatness"": 0.025556818193601966, ""audio_speech_level_db"": -55.52581899330857, ""audio_status"": ""ok"", ""audio_voice_isolation_db"": 6.008905136162957, ""flags_fired"": ""fm2_smplh_invalid+fm3_static_hands"", ""fm0_reasons"": ""none"", ""fm1_ankles_visible_frac"": 1.0, ""fm1_hip_flexion_deg_p25"": 117.2240552310137, ""fm1_hip_flexion_deg_p50"": 117.7361052285944, ""fm1_hip_flexion_deg_p75"": 118.22625558320155, ""fm1_knee_between_torso_p50"": 0.5246206847360926, ""fm1_scope"": ""session majority over 2 files"", ""fm1_shin_verticality_p50"": 0.9934089577997145, ""fm2_smplh_valid_frac"": 0.9930555555555556, ""fm3_static_frac"": 0.9688492063492063, ""fps"": 30.0, ""geom_body_roll_deg"": -1.591142445212457, ""observed_duration_s"": 168.0, ""repair_applied"": ""none"", ""reproj_shoulder_widths_p50"": 0.13858326986938463, ""shown_raster"": ""1080x1920"", ""stored_raster"": ""1080x1920"", ""timebase"": ""consistent"", ""timebase_index_drift_s"": 0.0, ""unit_flagged_frac"": 0.0, ""vendor"": ""V02""}",render
r10_121,v02_multi_121_V02_S5087_I00000306_P5113_f0000096,V02_S5087_I00000306_P5113,naturalistic/train/0086/0041/V02_S5087_I00000306_P5113,naturalistic/train/0086/0038/V02_S5087_I00000306_P5114,v02_multi,V02,naturalistic,96,V02,naturalistic,train,ipc_conversation,random draw from V02 files the pipeline sorted into 'multi',"{""audio"": ""present"", ""audio_spectral_flatness"": 0.060070654998664375, ""audio_speech_level_db"": -64.33084887646828, ""audio_status"": ""ok"", ""audio_voice_isolation_db"": 28.042689548151895, ""flags_fired"": ""fm3_static_hands+fm4_audio_dead"", ""fm0_reasons"": ""none"", ""fm1_ankles_visible_frac"": 0.9927083333333333, ""fm1_hip_flexion_deg_p25"": 146.50124183610947, ""fm1_hip_flexion_deg_p50"": 147.79928298286688, ""fm1_hip_flexion_deg_p75"": 149.44837973318147, ""fm1_knee_between_torso_p50"": 0.6897906895798905, ""fm1_scope"": ""session majority over 3 files"", ""fm1_shin_verticality_p50"": 0.9486838359310492, ""fm2_smplh_valid_frac"": 1.0, ""fm3_static_frac"": 0.9635416666666666, ""fps"": 30.0, ""geom_body_roll_deg"": -3.814079264396274, ""observed_duration_s"": 160.0, ""repair_applied"": ""none"", ""reproj_shoulder_widths_p50"": 0.10704389978833717, ""shown_raster"": ""1080x1920"", ""stored_raster"": ""1080x1920"", ""timebase"": ""consistent"", ""timebase_index_drift_s"": 0.0, ""unit_flagged_frac"": 0.0, ""vendor"": ""V02""}",render
r10_122,v02_multi_122_V02_S5260_I00000264_P5156_f0004500,V02_S5260_I00000264_P5156,naturalistic/train/0098/0004/V02_S5260_I00000264_P5156,naturalistic/train/0098/0015/V02_S5260_I00000264_P5216,v02_multi,V02,naturalistic,4500,V02,naturalistic,train,ipc_conversation,random draw from V02 files the pipeline sorted into 'multi'; positioned on the longest untrusted stretch,"{""audio"": ""present"", ""audio_spectral_flatness"": 0.02534647568637554, ""audio_speech_level_db"": -47.880935045000086, ""audio_status"": ""ok"", ""audio_voice_isolation_db"": 19.99189408416012, ""flags_fired"": ""fm2_smplh_invalid+fm3_static_hands"", ""fm0_reasons"": ""none"", ""fm1_ankles_visible_frac"": 1.0, ""fm1_hip_flexion_deg_p25"": 129.10357949338828, ""fm1_hip_flexion_deg_p50"": 130.29793951974312, ""fm1_hip_flexion_deg_p75"": 131.5466777366334, ""fm1_knee_between_torso_p50"": 0.5729772058568992, ""fm1_scope"": ""session majority over 2 files"", ""fm1_shin_verticality_p50"": 0.9994449112238619, ""fm2_smplh_valid_frac"": 0.9979629629629629, ""fm3_static_frac"": 0.7694444444444445, ""fps"": 30.0, ""geom_body_roll_deg"": 3.4165893240067957, ""observed_duration_s"": 180.0, ""repair_applied"": ""none"", ""reproj_shoulder_widths_p50"": 0.042908516880580894, ""shown_raster"": ""1080x1920"", ""stored_raster"": ""1080x1920"", ""timebase"": ""consistent"", ""timebase_index_drift_s"": 0.0, ""unit_flagged_frac"": 0.0, ""vendor"": ""V02""}",render
r10_123,v02_multi_123_V02_S5202_I00000330_P5064_f0002418,V02_S5202_I00000330_P5064,naturalistic/train/0094/0014/V02_S5202_I00000330_P5064,naturalistic/train/0094/0026/V02_S5202_I00000330_P5228,v02_multi,V02,naturalistic,2418,V02,naturalistic,train,ipc_conversation,random draw from V02 files the pipeline sorted into 'multi'; positioned on the longest untrusted stretch,"{""audio"": ""present"", ""audio_spectral_flatness"": 0.0062124911108848, ""audio_speech_level_db"": -49.55402742977234, ""audio_status"": ""ok"", ""audio_voice_isolation_db"": 20.61699339486459, ""flags_fired"": ""fm2_smplh_invalid+fm3_static_hands"", ""fm0_reasons"": ""none"", ""fm1_ankles_visible_frac"": 1.0, ""fm1_hip_flexion_deg_p25"": 134.1087430914881, ""fm1_hip_flexion_deg_p50"": 135.9355270575424, ""fm1_hip_flexion_deg_p75"": 137.77826763193013, ""fm1_knee_between_torso_p50"": 0.5229919185930143, ""fm1_scope"": ""session majority over 1 files"", ""fm1_shin_verticality_p50"": 0.9986876509995268, ""fm2_smplh_valid_frac"": 0.9995833333333334, ""fm3_static_frac"": 0.7558333333333334, ""fps"": 30.0, ""geom_body_roll_deg"": -3.873881241279952e-06, ""observed_duration_s"": 160.0, ""repair_applied"": ""none"", ""reproj_shoulder_widths_p50"": 0.0942751784770182, ""shown_raster"": ""1080x1920"", ""stored_raster"": ""1080x1920"", ""timebase"": ""consistent"", ""timebase_index_drift_s"": 0.0, ""unit_flagged_frac"": 0.0, ""vendor"": ""V02""}",render
r10_124,v02_multi_124_V02_S5076_I00000179_P5099_f0003239,V02_S5076_I00000179_P5099,naturalistic/train/0085/0032/V02_S5076_I00000179_P5099,naturalistic/train/0085/0023/V02_S5076_I00000179_P5100,v02_multi,V02,naturalistic,3239,V02,naturalistic,train,ipc_conversation,random draw from V02 files the pipeline sorted into 'multi',"{""audio"": ""present"", ""audio_spectral_flatness"": 0.8396450365097528, ""audio_speech_level_db"": -81.5319265095577, ""audio_status"": ""ok"", ""audio_voice_isolation_db"": null, ""flags_fired"": ""fm3_static_hands+fm4_audio_dead"", ""fm0_reasons"": ""none"", ""fm1_ankles_visible_frac"": 1.0, ""fm1_hip_flexion_deg_p25"": 125.75209130731918, ""fm1_hip_flexion_deg_p50"": 126.91973154917328, ""fm1_hip_flexion_deg_p75"": 128.2047927446963, ""fm1_knee_between_torso_p50"": 0.5488702168273767, ""fm1_scope"": ""session majority over 1 files"", ""fm1_shin_verticality_p50"": 0.9976303395133237, ""fm2_smplh_valid_frac"": 1.0, ""fm3_static_frac"": 0.9702247191011236, ""fps"": 30.0, ""geom_body_roll_deg"": 0.7957289762040736, ""observed_duration_s"": 178.0, ""repair_applied"": ""none"", ""reproj_shoulder_widths_p50"": 0.12359883027655613, ""shown_raster"": ""1080x1920"", ""stored_raster"": ""1080x1920"", ""timebase"": ""consistent"", ""timebase_index_drift_s"": 0.0, ""unit_flagged_frac"": 0.0, ""vendor"": ""V02""}",render
r10_125,v02_multi_125_V02_S3061_I00000383_P4058_f0003855,V02_S3061_I00000383_P4058,naturalistic/train/0045/0058/V02_S3061_I00000383_P4058,naturalistic/train/0045/0026/V02_S3061_I00000383_P4047,v02_multi,V02,naturalistic,3855,V02,naturalistic,train,ipc_conversation,random draw from V02 files the pipeline sorted into 'multi'; positioned on the longest untrusted stretch,"{""audio"": ""present"", ""audio_spectral_flatness"": 0.7992821953482542, ""audio_speech_level_db"": -84.11545609454646, ""audio_status"": ""ok"", ""audio_voice_isolation_db"": null, ""flags_fired"": ""fm2_smplh_invalid+fm4_audio_dead"", ""fm0_reasons"": ""none"", ""fm1_ankles_visible_frac"": 0.42920110192837463, ""fm1_hip_flexion_deg_p25"": 167.33347744462822, ""fm1_hip_flexion_deg_p50"": 170.36818505288733, ""fm1_hip_flexion_deg_p75"": 172.82755123219926, ""fm1_knee_between_torso_p50"": 0.6757754595376302, ""fm1_scope"": ""session majority over 1 files"", ""fm1_shin_verticality_p50"": 0.9974586998307351, ""fm2_smplh_valid_frac"": 0.9579889807162535, ""fm3_static_frac"": 0.0008264462809917355, ""fps"": 30.0, ""geom_body_roll_deg"": 0.0, ""observed_duration_s"": 242.0, ""repair_applied"": ""none"", ""reproj_shoulder_widths_p50"": 0.08952236428309246, ""shown_raster"": ""1080x1920"", ""stored_raster"": ""1080x1920"", ""timebase"": ""consistent"", ""timebase_index_drift_s"": 0.0, ""unit_flagged_frac"": 0.0, ""vendor"": ""V02""}",render
r10_126,v02_multi_126_V02_S3232_I00000135_P4127_f0000000,V02_S3232_I00000135_P4127,naturalistic/train/0056/0006/V02_S3232_I00000135_P4127,naturalistic/train/0056/0008/V02_S3232_I00000135_P4123,v02_multi,V02,naturalistic,0,V02,naturalistic,train,collaborative_storytelling,random draw from V02 files the pipeline sorted into 'multi'; positioned on the longest untrusted stretch,"{""audio"": ""present"", ""audio_spectral_flatness"": 0.0006435218379659787, ""audio_speech_level_db"": -30.86551086491516, ""audio_status"": ""ok"", ""audio_voice_isolation_db"": 30.25213068149568, ""flags_fired"": ""fm2_smplh_invalid+fm3_static_hands"", ""fm0_reasons"": ""none"", ""fm1_ankles_visible_frac"": 0.1870967741935484, ""fm1_hip_flexion_deg_p25"": null, ""fm1_hip_flexion_deg_p50"": null, ""fm1_hip_flexion_deg_p75"": null, ""fm1_knee_between_torso_p50"": null, ""fm1_scope"": ""session majority over 2 files"", ""fm1_shin_verticality_p50"": 0.9938838569112061, ""fm2_smplh_valid_frac"": 0.0, ""fm3_static_frac"": 0.9193548387096774, ""fps"": 30.0, ""geom_body_roll_deg"": -3.447384786547314, ""observed_duration_s"": 186.0, ""repair_applied"": ""none"", ""reproj_shoulder_widths_p50"": 0.10315882043943414, ""shown_raster"": ""1080x1920"", ""stored_raster"": ""1080x1920"", ""timebase"": ""consistent"", ""timebase_index_drift_s"": 0.0, ""unit_flagged_frac"": 0.0, ""vendor"": ""V02""}",render
r10_127,v02_multi_127_V02_S5220_I00000223_P5236_f0003242,V02_S5220_I00000223_P5236,naturalistic/train/0095/0007/V02_S5220_I00000223_P5236,naturalistic/train/0095/0024/V02_S5220_I00000223_P5211,v02_multi,V02,naturalistic,3242,V02,naturalistic,train,ipc_conversation,random draw from V02 files the pipeline sorted into 'multi',"{""audio"": ""present"", ""audio_spectral_flatness"": 0.05357420093346534, ""audio_speech_level_db"": -81.10390654115056, ""audio_status"": ""ok"", ""audio_voice_isolation_db"": 23.726435831657383, ""flags_fired"": ""fm3_static_hands+fm4_audio_dead"", ""fm0_reasons"": ""none"", ""fm1_ankles_visible_frac"": 0.9901234567901235, ""fm1_hip_flexion_deg_p25"": 125.54278222900746, ""fm1_hip_flexion_deg_p50"": 128.4860764836959, ""fm1_hip_flexion_deg_p75"": 131.95965190896163, ""fm1_knee_between_torso_p50"": 0.6509723969441407, ""fm1_scope"": ""session majority over 1 files"", ""fm1_shin_verticality_p50"": 0.9899495414462856, ""fm2_smplh_valid_frac"": 1.0, ""fm3_static_frac"": 0.8833333333333333, ""fps"": 30.0, ""geom_body_roll_deg"": -0.6510590175732144, ""observed_duration_s"": 162.0, ""repair_applied"": ""none"", ""reproj_shoulder_widths_p50"": 0.16084153579397115, ""shown_raster"": ""1080x1920"", ""stored_raster"": ""1080x1920"", ""timebase"": ""consistent"", ""timebase_index_drift_s"": 0.0, ""unit_flagged_frac"": 0.0, ""vendor"": ""V02""}",render
r10_128,v03_pass_128_V03_S1142_I00000421_P3617_f0000439,V03_S1142_I00000421_P3617,naturalistic/train/0138/0008/V03_S1142_I00000421_P3617,naturalistic/train/0138/0091/V03_S1142_I00000421_P3493,v03_pass,V03,naturalistic,439,V03,naturalistic,train,ipc_conversation,random draw from V03 files the pipeline sorted into 'pass',"{""audio"": ""present"", ""audio_spectral_flatness"": 0.001640314683592791, ""audio_speech_level_db"": -21.21849813467534, ""audio_status"": ""ok"", ""audio_voice_isolation_db"": -7.280961542443778, ""flags_fired"": ""none"", ""fm0_reasons"": ""none"", ""fm1_ankles_visible_frac"": 1.0, ""fm1_hip_flexion_deg_p25"": 168.4797227121711, ""fm1_hip_flexion_deg_p50"": 170.6176184203491, ""fm1_hip_flexion_deg_p75"": 171.3618907876759, ""fm1_knee_between_torso_p50"": 0.5772589342131491, ""fm1_scope"": ""this file (session is 0% seated over 1 files)"", ""fm1_shin_verticality_p50"": 0.9908301500056511, ""fm2_smplh_valid_frac"": 1.0, ""fm3_static_frac"": 0.6105702364394993, ""fps"": 29.97, ""geom_body_roll_deg"": 8.763064574758354e-06, ""observed_duration_s"": 48.014267, ""repair_applied"": ""none"", ""reproj_shoulder_widths_p50"": 0.18751567384647244, ""shown_raster"": ""2160x3840"", ""stored_raster"": ""2160x3840"", ""timebase"": ""consistent"", ""timebase_index_drift_s"": 0.0, ""unit_flagged_frac"": 0.0, ""vendor"": ""V03""}",render
r10_129,v03_pass_129_V03_S1708_I00000222_P4864_f0003842,V03_S1708_I00000222_P4864,naturalistic/train/0163/0051/V03_S1708_I00000222_P4864,naturalistic/train/0163/0127/V03_S1708_I00000222_P4876,v03_pass,V03,naturalistic,3842,V03,naturalistic,train,ipc_conversation,random draw from V03 files the pipeline sorted into 'pass',"{""audio"": ""present"", ""audio_spectral_flatness"": 0.024753215670935476, ""audio_speech_level_db"": -29.8307381044388, ""audio_status"": ""ok"", ""audio_voice_isolation_db"": 16.28026387751033, ""flags_fired"": ""none"", ""fm0_reasons"": ""none"", ""fm1_ankles_visible_frac"": 1.0, ""fm1_hip_flexion_deg_p25"": 167.13660891307222, ""fm1_hip_flexion_deg_p50"": 168.9689393855516, ""fm1_hip_flexion_deg_p75"": 170.1606135220497, ""fm1_knee_between_torso_p50"": 0.57721064025418, ""fm1_scope"": ""this file (session is 0% seated over 1 files)"", ""fm1_shin_verticality_p50"": 0.9996539160824274, ""fm2_smplh_valid_frac"": 1.0, ""fm3_static_frac"": 0.3112796208530806, ""fps"": 29.97, ""geom_body_roll_deg"": 7.471546424496478, ""observed_duration_s"": 176.009167, ""repair_applied"": ""none"", ""reproj_shoulder_widths_p50"": 0.16201289532213184, ""shown_raster"": ""2160x3840"", ""stored_raster"": ""2160x3840"", ""timebase"": ""consistent"", ""timebase_index_drift_s"": 0.0, ""unit_flagged_frac"": 0.0, ""vendor"": ""V03""}",render
r10_130,v03_pass_130_V03_S1760_I00000247_P5085_f0006055,V03_S1760_I00000247_P5085,naturalistic/train/0166/0064/V03_S1760_I00000247_P5085,naturalistic/train/0166/0028/V03_S1760_I00000247_P5084,v03_pass,V03,naturalistic,6055,V03,naturalistic,train,ipc_conversation,random draw from V03 files the pipeline sorted into 'pass',"{""audio"": ""present"", ""audio_spectral_flatness"": 0.007817731164616534, ""audio_speech_level_db"": -21.254274763822025, ""audio_status"": ""ok"", ""audio_voice_isolation_db"": 19.288343860316328, ""flags_fired"": ""none"", ""fm0_reasons"": ""none"", ""fm1_ankles_visible_frac"": 0.002969037183656157, ""fm1_hip_flexion_deg_p25"": 167.82296467830275, ""fm1_hip_flexion_deg_p50"": 168.76616720595877, ""fm1_hip_flexion_deg_p75"": 169.8227286855527, ""fm1_knee_between_torso_p50"": 0.6178539278322914, ""fm1_scope"": ""this file (session is 0% seated over 1 files)"", ""fm1_shin_verticality_p50"": 0.999444903457336, ""fm2_smplh_valid_frac"": 1.0, ""fm3_static_frac"": 0.7245864555351336, ""fps"": 29.97, ""geom_body_roll_deg"": -1.6846846848802264, ""observed_duration_s"": 236.002433, ""repair_applied"": ""none"", ""reproj_shoulder_widths_p50"": 0.11176029671179269, ""shown_raster"": ""2160x3840"", ""stored_raster"": ""2160x3840"", ""timebase"": ""consistent"", ""timebase_index_drift_s"": 0.0, ""unit_flagged_frac"": 0.0, ""vendor"": ""V03""}",render
r10_131,v03_pass_131_V03_S1477_I00000060_P4174_f0002128,V03_S1477_I00000060_P4174,naturalistic/train/0152/0052/V03_S1477_I00000060_P4174,naturalistic/train/0152/0053/V03_S1477_I00000060_P4133,v03_pass,V03,naturalistic,2128,V03,naturalistic,train,ipc_conversation,random draw from V03 files the pipeline sorted into 'pass',"{""audio"": ""present"", ""audio_spectral_flatness"": 0.00042848260572765737, ""audio_speech_level_db"": -17.140285381218455, ""audio_status"": ""ok"", ""audio_voice_isolation_db"": 12.966858275493216, ""flags_fired"": ""none"", ""fm0_reasons"": ""none"", ""fm1_ankles_visible_frac"": 0.9700093720712277, ""fm1_hip_flexion_deg_p25"": 168.65233636530235, ""fm1_hip_flexion_deg_p50"": 169.68353172590326, ""fm1_hip_flexion_deg_p75"": 170.80381741425947, ""fm1_knee_between_torso_p50"": 0.6145389906075986, ""fm1_scope"": ""this file (session is 0% seated over 2 files)"", ""fm1_shin_verticality_p50"": 0.9996144190065397, ""fm2_smplh_valid_frac"": 1.0, ""fm3_static_frac"": 0.17975632614807874, ""fps"": 29.97, ""geom_body_roll_deg"": -0.7848240049504032, ""observed_duration_s"": 356.022333, ""repair_applied"": ""none"", ""reproj_shoulder_widths_p50"": 0.2025143193440046, ""shown_raster"": ""2160x3840"", ""stored_raster"": ""2160x3840"", ""timebase"": ""consistent"", ""timebase_index_drift_s"": 0.0, ""unit_flagged_frac"": 0.0, ""vendor"": ""V03""}",render
r10_132,v03_pass_132_V03_S1915_I00000241_P3855_f0003602,V03_S1915_I00000241_P3855,naturalistic/train/0172/0105/V03_S1915_I00000241_P3855,naturalistic/train/0172/0056/V03_S1915_I00000241_P5354,v03_pass,V03,naturalistic,3602,V03,naturalistic,train,ipc_conversation,random draw from V03 files the pipeline sorted into 'pass',"{""audio"": ""present"", ""audio_spectral_flatness"": 0.013284061855585783, ""audio_speech_level_db"": -20.896800961746493, ""audio_status"": ""ok"", ""audio_voice_isolation_db"": 20.961849713414146, ""flags_fired"": ""none"", ""fm0_reasons"": ""none"", ""fm1_ankles_visible_frac"": 1.0, ""fm1_hip_flexion_deg_p25"": 163.5991506868619, ""fm1_hip_flexion_deg_p50"": 164.3079663773202, ""fm1_hip_flexion_deg_p75"": 164.9740123426451, ""fm1_knee_between_torso_p50"": 0.545080258401564, ""fm1_scope"": ""this file (session is 0% seated over 2 files)"", ""fm1_shin_verticality_p50"": 0.9997166760737214, ""fm2_smplh_valid_frac"": 1.0, ""fm3_static_frac"": 0.0, ""fps"": 29.97, ""geom_body_roll_deg"": -1.0050823174475223, ""observed_duration_s"": 206.0058, ""repair_applied"": ""none"", ""reproj_shoulder_widths_p50"": 0.12341377655924787, ""shown_raster"": ""2160x3840"", ""stored_raster"": ""2160x3840"", ""timebase"": ""consistent"", ""timebase_index_drift_s"": 0.0, ""unit_flagged_frac"": 0.0, ""vendor"": ""V03""}",render
r10_133,v03_pass_133_V03_S1860_I00000221_P5218_f0003394,V03_S1860_I00000221_P5218,naturalistic/train/0170/0028/V03_S1860_I00000221_P5218,naturalistic/train/0170/0056/V03_S1860_I00000221_P5232,v03_pass,V03,naturalistic,3394,V03,naturalistic,train,ipc_conversation,random draw from V03 files the pipeline sorted into 'pass',"{""audio"": ""present"", ""audio_spectral_flatness"": 0.00190954238059293, ""audio_speech_level_db"": -20.936626317496454, ""audio_status"": ""ok"", ""audio_voice_isolation_db"": 12.83925430820975, ""flags_fired"": ""none"", ""fm0_reasons"": ""none"", ""fm1_ankles_visible_frac"": 1.0, ""fm1_hip_flexion_deg_p25"": 160.6939691004078, ""fm1_hip_flexion_deg_p50"": 162.4081344918777, ""fm1_hip_flexion_deg_p75"": 164.13020499575663, ""fm1_knee_between_torso_p50"": 0.5529857121954258, ""fm1_scope"": ""this file (session is 0% seated over 1 files)"", ""fm1_shin_verticality_p50"": 0.9997166760425882, ""fm2_smplh_valid_frac"": 1.0, ""fm3_static_frac"": 0.46713008937437933, ""fps"": 29.97, ""geom_body_roll_deg"": -1.762394595890547, ""observed_duration_s"": 168.001167, ""repair_applied"": ""none"", ""reproj_shoulder_widths_p50"": 0.15525790208966417, ""shown_raster"": ""2160x3840"", ""stored_raster"": ""2160x3840"", ""timebase"": ""consistent"", ""timebase_index_drift_s"": 0.0, ""unit_flagged_frac"": 0.0, ""vendor"": ""V03""}",render
r10_134,v03_pass_134_V03_S0047_I00000137_P1078_f0008145,V03_S0047_I00000137_P1078,naturalistic/train/0104/0006/V03_S0047_I00000137_P1078,naturalistic/train/0104/0004/V03_S0047_I00000137_P1112,v03_pass,V03,naturalistic,8145,V03,naturalistic,train,ipc_conversation,random draw from V03 files the pipeline sorted into 'pass',"{""audio"": ""present"", ""audio_spectral_flatness"": 0.00014464331373719255, ""audio_speech_level_db"": -19.494196542733164, ""audio_status"": ""ok"", ""audio_voice_isolation_db"": 10.10261084126098, ""flags_fired"": ""none"", ""fm0_reasons"": ""none"", ""fm1_ankles_visible_frac"": 1.0, ""fm1_hip_flexion_deg_p25"": 162.79570617359525, ""fm1_hip_flexion_deg_p50"": 164.30129880730868, ""fm1_hip_flexion_deg_p75"": 165.49457552836793, ""fm1_knee_between_torso_p50"": 0.5584882227218624, ""fm1_scope"": ""this file (session is 0% seated over 2 files)"", ""fm1_shin_verticality_p50"": 0.9996876471122863, ""fm2_smplh_valid_frac"": 1.0, ""fm3_static_frac"": 0.05134871628209295, ""fps"": 29.97, ""geom_body_roll_deg"": 1.0050890495862428, ""observed_duration_s"": 308.007333, ""repair_applied"": ""none"", ""reproj_shoulder_widths_p50"": 0.17180092614438833, ""shown_raster"": ""2160x3840"", ""stored_raster"": ""2160x3840"", ""timebase"": ""consistent"", ""timebase_index_drift_s"": 0.03336666666666667, ""unit_flagged_frac"": 0.0, ""vendor"": ""V03""}",render
r10_135,v03_pass_135_V03_S1818_I00000180_P4997_f0000567,V03_S1818_I00000180_P4997,naturalistic/train/0168/0002/V03_S1818_I00000180_P4997,naturalistic/train/0168/0035/V03_S1818_I00000180_P4684,v03_pass,V03,naturalistic,567,V03,naturalistic,train,ipc_conversation,random draw from V03 files the pipeline sorted into 'pass',"{""audio"": ""present"", ""audio_spectral_flatness"": 0.0002536242575956554, ""audio_speech_level_db"": -19.57898943048439, ""audio_status"": ""ok"", ""audio_voice_isolation_db"": 15.260339302299379, ""flags_fired"": ""none"", ""fm0_reasons"": ""none"", ""fm1_ankles_visible_frac"": 0.999635335946759, ""fm1_hip_flexion_deg_p25"": 166.29060031254386, ""fm1_hip_flexion_deg_p50"": 167.01596555217782, ""fm1_hip_flexion_deg_p75"": 168.31514878967118, ""fm1_knee_between_torso_p50"": 0.5795790258889706, ""fm1_scope"": ""this file (session is 0% seated over 1 files)"", ""fm1_shin_verticality_p50"": 0.9996876499723734, ""fm2_smplh_valid_frac"": 1.0, ""fm3_static_frac"": 0.22025708815753486, ""fps"": 29.97, ""geom_body_roll_deg"": 0.0, ""observed_duration_s"": 366.031967, ""repair_applied"": ""none"", ""reproj_shoulder_widths_p50"": 0.18420991216045368, ""shown_raster"": ""2160x3840"", ""stored_raster"": ""2160x3840"", ""timebase"": ""consistent"", ""timebase_index_drift_s"": 0.0, ""unit_flagged_frac"": 0.0, ""vendor"": ""V03""}",render
r10_136,v03_fm0_unusable_source_136_V03_S0968_I00000111_P3345_f0004575,V03_S0968_I00000111_P3345,naturalistic/train/0131/0070/V03_S0968_I00000111_P3345,naturalistic/train/0131/0046/V03_S0968_I00000111_P3344,v03_fm0_unusable_source,V03,naturalistic,4575,V03,naturalistic,train,ipc_conversation,random draw from V03 files the pipeline sorted into 'fm0_unusable_source',"{""audio"": ""present"", ""audio_spectral_flatness"": 0.002290167317805679, ""audio_speech_level_db"": -25.405012929344473, ""audio_status"": ""ok"", ""audio_voice_isolation_db"": 2.3590111503152693, ""flags_fired"": ""fm0_unusable_source"", ""fm0_reasons"": ""raster_3840x2160"", ""fm1_ankles_visible_frac"": 1.0, ""fm1_hip_flexion_deg_p25"": 152.25354870278423, ""fm1_hip_flexion_deg_p50"": 153.2267563628174, ""fm1_hip_flexion_deg_p75"": 154.18171419561583, ""fm1_knee_between_torso_p50"": 0.5211465129827153, ""fm1_scope"": ""this file (session is 0% seated over 1 files)"", ""fm1_shin_verticality_p50"": 0.0, ""fm2_smplh_valid_frac"": 1.0, ""fm3_static_frac"": 0.7443452380952381, ""fps"": 30.0, ""geom_body_roll_deg"": -91.39717737912993, ""observed_duration_s"": 224.0, ""repair_applied"": ""90\u00b0 turn"", ""reproj_shoulder_widths_p50"": 0.10487133068416382, ""shown_raster"": ""2160x3840"", ""stored_raster"": ""3840x2160"", ""timebase"": ""consistent"", ""timebase_index_drift_s"": 0.0, ""unit_flagged_frac"": 0.0, ""vendor"": ""V03""}",render
r10_137,v03_fm0_unusable_source_137_V03_S0478_I00000059_P1811_f0007716,V03_S0478_I00000059_P1811,naturalistic/test/0002/0053/V03_S0478_I00000059_P1811,naturalistic/test/0002/0029/V03_S0478_I00000059_P1810,v03_fm0_unusable_source,V03,naturalistic,7716,V03,naturalistic,test,ipc_conversation,random draw from V03 files the pipeline sorted into 'fm0_unusable_source',"{""audio"": ""present"", ""audio_spectral_flatness"": 0.0005120115912050379, ""audio_speech_level_db"": -11.818586522024056, ""audio_status"": ""ok"", ""audio_voice_isolation_db"": 1.9237260037052546, ""flags_fired"": ""fm0_unusable_source"", ""fm0_reasons"": ""raster_3840x2160"", ""fm1_ankles_visible_frac"": 1.0, ""fm1_hip_flexion_deg_p25"": 166.1989326358433, ""fm1_hip_flexion_deg_p50"": 167.68774524649993, ""fm1_hip_flexion_deg_p75"": 169.14698038788646, ""fm1_knee_between_torso_p50"": 0.5847285163618572, ""fm1_scope"": ""this file (session is 0% seated over 1 files)"", ""fm1_shin_verticality_p50"": 0.0, ""fm2_smplh_valid_frac"": 1.0, ""fm3_static_frac"": 0.3662222222222222, ""fps"": 30.0, ""geom_body_roll_deg"": -88.69804655318043, ""observed_duration_s"": 300.0, ""repair_applied"": ""90\u00b0 turn"", ""reproj_shoulder_widths_p50"": 0.0772979038809675, ""shown_raster"": ""2160x3840"", ""stored_raster"": ""3840x2160"", ""timebase"": ""consistent"", ""timebase_index_drift_s"": 0.0, ""unit_flagged_frac"": 0.0, ""vendor"": ""V03""}",render
r10_138,v03_fm0_unusable_source_138_V03_S0350_I00000070_P1674_f0001621,V03_S0350_I00000070_P1674,naturalistic/train/0116/0125/V03_S0350_I00000070_P1674,naturalistic/train/0116/0020/V03_S0350_I00000070_P1675,v03_fm0_unusable_source,V03,naturalistic,1621,V03,naturalistic,train,collaborative_storytelling,random draw from V03 files the pipeline sorted into 'fm0_unusable_source',"{""audio"": ""present"", ""audio_spectral_flatness"": 0.001543984324109045, ""audio_speech_level_db"": -30.540632489235513, ""audio_status"": ""ok"", ""audio_voice_isolation_db"": 0.6549894171708022, ""flags_fired"": ""fm0_unusable_source"", ""fm0_reasons"": ""raster_3840x2160"", ""fm1_ankles_visible_frac"": 0.9859259259259259, ""fm1_hip_flexion_deg_p25"": 161.37176986404955, ""fm1_hip_flexion_deg_p50"": 163.43381313127128, ""fm1_hip_flexion_deg_p75"": 165.7946546177423, ""fm1_knee_between_torso_p50"": 0.5700113533256045, ""fm1_scope"": ""this file (session is 0% seated over 2 files)"", ""fm1_shin_verticality_p50"": 0.0643822615101668, ""fm2_smplh_valid_frac"": 1.0, ""fm3_static_frac"": 0.045, ""fps"": 30.0, ""geom_body_roll_deg"": -87.79741130046627, ""observed_duration_s"": 180.0, ""repair_applied"": ""90\u00b0 turn"", ""reproj_shoulder_widths_p50"": 0.12399130370740155, ""shown_raster"": ""2160x3840"", ""stored_raster"": ""3840x2160"", ""timebase"": ""consistent"", ""timebase_index_drift_s"": 0.0, ""unit_flagged_frac"": 0.0, ""vendor"": ""V03""}",render
r10_139,v03_fm0_unusable_source_139_V03_S0350_I00000297_P1674_f0000145,V03_S0350_I00000297_P1674,naturalistic/train/0116/0070/V03_S0350_I00000297_P1674,naturalistic/train/0116/0072/V03_S0350_I00000297_P1675,v03_fm0_unusable_source,V03,naturalistic,145,V03,naturalistic,train,ipc_conversation,random draw from V03 files the pipeline sorted into 'fm0_unusable_source',"{""audio"": ""present"", ""audio_spectral_flatness"": 0.0008525955373421557, ""audio_speech_level_db"": -26.13663746685603, ""audio_status"": ""ok"", ""audio_voice_isolation_db"": 0.8499306782354912, ""flags_fired"": ""fm0_unusable_source"", ""fm0_reasons"": ""raster_3840x2160"", ""fm1_ankles_visible_frac"": 0.9943502824858758, ""fm1_hip_flexion_deg_p25"": 161.28619835195008, ""fm1_hip_flexion_deg_p50"": 163.8233599607997, ""fm1_hip_flexion_deg_p75"": 165.8773655951499, ""fm1_knee_between_torso_p50"": 0.5737781933115572, ""fm1_scope"": ""this file (session is 0% seated over 2 files)"", ""fm1_shin_verticality_p50"": 0.06651864928649744, ""fm2_smplh_valid_frac"": 1.0, ""fm3_static_frac"": 0.14166666666666666, ""fps"": 30.0, ""geom_body_roll_deg"": -88.91906949213349, ""observed_duration_s"": 236.0, ""repair_applied"": ""90\u00b0 turn"", ""reproj_shoulder_widths_p50"": 0.12258390566970775, ""shown_raster"": ""2160x3840"", ""stored_raster"": ""3840x2160"", ""timebase"": ""consistent"", ""timebase_index_drift_s"": 0.0, ""unit_flagged_frac"": 0.0, ""vendor"": ""V03""}",render
r10_140,v03_fm0_unusable_source_140_V03_S0507_I00000401_P1801_f0001234,V03_S0507_I00000401_P1801,naturalistic/train/0122/0068/V03_S0507_I00000401_P1801,naturalistic/train/0122/0096/V03_S0507_I00000401_P1800,v03_fm0_unusable_source,V03,naturalistic,1234,V03,naturalistic,train,ipc_conversation,random draw from V03 files the pipeline sorted into 'fm0_unusable_source',"{""audio"": ""present"", ""audio_spectral_flatness"": 0.0005988736234587839, ""audio_speech_level_db"": -20.402247967321692, ""audio_status"": ""ok"", ""audio_voice_isolation_db"": 1.863172016018651, ""flags_fired"": ""fm0_unusable_source"", ""fm0_reasons"": ""raster_3840x2160"", ""fm1_ankles_visible_frac"": 1.0, ""fm1_hip_flexion_deg_p25"": 167.1083722598387, ""fm1_hip_flexion_deg_p50"": 167.8469685907482, ""fm1_hip_flexion_deg_p75"": 168.7962381586572, ""fm1_knee_between_torso_p50"": 0.5522755571168217, ""fm1_scope"": ""this file (session is 0% seated over 1 files)"", ""fm1_shin_verticality_p50"": 0.03331455393123091, ""fm2_smplh_valid_frac"": 1.0, ""fm3_static_frac"": 0.3775811209439528, ""fps"": 30.0, ""geom_body_roll_deg"": 90.0, ""observed_duration_s"": 226.0, ""repair_applied"": ""270\u00b0 turn"", ""reproj_shoulder_widths_p50"": 0.06955703174659522, ""shown_raster"": ""2160x3840"", ""stored_raster"": ""3840x2160"", ""timebase"": ""consistent"", ""timebase_index_drift_s"": 0.0, ""unit_flagged_frac"": 0.0, ""vendor"": ""V03""}",render
r10_141,v03_fm1_sitting_141_V03_S1788_I00000197_P4817_f0005271,V03_S1788_I00000197_P4817,naturalistic/train/0167/0018/V03_S1788_I00000197_P4817,naturalistic/train/0167/0028/V03_S1788_I00000197_P4816,v03_fm1_sitting,V03,naturalistic,5271,V03,naturalistic,train,ipc_conversation,random draw from V03 files the pipeline sorted into 'fm1_sitting',"{""audio"": ""present"", ""audio_spectral_flatness"": 0.0015130494613975534, ""audio_speech_level_db"": -18.157621352183273, ""audio_status"": ""ok"", ""audio_voice_isolation_db"": 8.891529396020792, ""flags_fired"": ""fm1_sitting"", ""fm0_reasons"": ""none"", ""fm1_ankles_visible_frac"": 1.0, ""fm1_hip_flexion_deg_p25"": 90.41393501691422, ""fm1_hip_flexion_deg_p50"": 97.84295722729281, ""fm1_hip_flexion_deg_p75"": 103.06453994107868, ""fm1_knee_between_torso_p50"": 0.3305480104021474, ""fm1_scope"": ""this file (session is 100% seated over 3 files)"", ""fm1_shin_verticality_p50"": 0.9301551660544849, ""fm2_smplh_valid_frac"": 1.0, ""fm3_static_frac"": 0.0016531409678388939, ""fps"": 29.97, ""geom_body_roll_deg"": 4.467158392050139, ""observed_duration_s"": 222.021433, ""repair_applied"": ""none"", ""reproj_shoulder_widths_p50"": 0.05813310185716165, ""shown_raster"": ""2160x3840"", ""stored_raster"": ""2160x3840"", ""timebase"": ""consistent"", ""timebase_index_drift_s"": 0.03336666666666667, ""unit_flagged_frac"": 1.0, ""vendor"": ""V03""}",render
r10_142,v03_fm1_sitting_142_V03_S2064_I00000000_P5470_f0002640,V03_S2064_I00000000_P5470,naturalistic/train/0178/0004/V03_S2064_I00000000_P5470,naturalistic/train/0178/0125/V03_S2064_I00000000_P5434,v03_fm1_sitting,V03,naturalistic,2640,V03,naturalistic,train,ipc_conversation,random draw from V03 files the pipeline sorted into 'fm1_sitting',"{""audio"": ""present"", ""audio_spectral_flatness"": 0.0005796107847796968, ""audio_speech_level_db"": -20.361128120091543, ""audio_status"": ""ok"", ""audio_voice_isolation_db"": 10.764731122220908, ""flags_fired"": ""fm1_sitting"", ""fm0_reasons"": ""none"", ""fm1_ankles_visible_frac"": 1.0, ""fm1_hip_flexion_deg_p25"": 108.92884466681168, ""fm1_hip_flexion_deg_p50"": 110.58926115486236, ""fm1_hip_flexion_deg_p75"": 112.00487048815775, ""fm1_knee_between_torso_p50"": 0.3943096238346712, ""fm1_scope"": ""this file (session is 100% seated over 1 files)"", ""fm1_shin_verticality_p50"": 0.992645875727967, ""fm2_smplh_valid_frac"": 1.0, ""fm3_static_frac"": 0.631319514661274, ""fps"": 29.97, ""geom_body_roll_deg"": -1.0809123501115334, ""observed_duration_s"": 264.030433, ""repair_applied"": ""none"", ""reproj_shoulder_widths_p50"": 0.04579149090107542, ""shown_raster"": ""2160x3840"", ""stored_raster"": ""2160x3840"", ""timebase"": ""consistent"", ""timebase_index_drift_s"": -0.03336666666666667, ""unit_flagged_frac"": 1.0, ""vendor"": ""V03""}",render
r10_143,v03_fm1_sitting_143_V03_S1892_I00000009_P5210_f0003893,V03_S1892_I00000009_P5210,naturalistic/train/0171/0021/V03_S1892_I00000009_P5210,naturalistic/train/0171/0130/V03_S1892_I00000009_P5018,v03_fm1_sitting,V03,naturalistic,3893,V03,naturalistic,train,ipc_conversation,random draw from V03 files the pipeline sorted into 'fm1_sitting',"{""audio"": ""present"", ""audio_spectral_flatness"": 0.03727687124015185, ""audio_speech_level_db"": -24.903511898217015, ""audio_status"": ""ok"", ""audio_voice_isolation_db"": 37.06788591762107, ""flags_fired"": ""fm1_sitting"", ""fm0_reasons"": ""none"", ""fm1_ankles_visible_frac"": 1.0, ""fm1_hip_flexion_deg_p25"": 103.33228118294566, ""fm1_hip_flexion_deg_p50"": 106.00040378101798, ""fm1_hip_flexion_deg_p75"": 110.5335380899284, ""fm1_knee_between_torso_p50"": 0.377804594194507, ""fm1_scope"": ""this file (session is 50% seated over 2 files)"", ""fm1_shin_verticality_p50"": 0.9977851664638377, ""fm2_smplh_valid_frac"": 1.0, ""fm3_static_frac"": 0.7248459958932238, ""fps"": 29.967, ""geom_body_roll_deg"": 0.9710182792716999, ""observed_duration_s"": 390.022967, ""repair_applied"": ""none"", ""reproj_shoulder_widths_p50"": 0.05792730232543922, ""shown_raster"": ""2160x3840"", ""stored_raster"": ""2160x3840"", ""timebase"": ""consistent"", ""timebase_index_drift_s"": 0.0, ""unit_flagged_frac"": 0.5, ""vendor"": ""V03""}",render
r10_144,v03_fm1_sitting_144_V03_S1155_I00000537_P3506_f0011804,V03_S1155_I00000537_P3506,improvised/train/0065/0050/V03_S1155_I00000537_P3506,improvised/train/0065/0052/V03_S1155_I00000537_P1306,v03_fm1_sitting,V03,improvised,11804,V03,improvised,train,ipc_conversation,random draw from V03 files the pipeline sorted into 'fm1_sitting',"{""audio"": ""present"", ""audio_spectral_flatness"": 6.113881681095211e-05, ""audio_speech_level_db"": -19.953819814722642, ""audio_status"": ""ok"", ""audio_voice_isolation_db"": null, ""flags_fired"": ""fm1_sitting"", ""fm0_reasons"": ""none"", ""fm1_ankles_visible_frac"": 1.0, ""fm1_hip_flexion_deg_p25"": 105.66838935158069, ""fm1_hip_flexion_deg_p50"": 107.05852738275149, ""fm1_hip_flexion_deg_p75"": 108.88357457355087, ""fm1_knee_between_torso_p50"": 0.379583128111885, ""fm1_scope"": ""this file (session is 100% seated over 1 files)"", ""fm1_shin_verticality_p50"": 0.9996714309094812, ""fm2_smplh_valid_frac"": 1.0, ""fm3_static_frac"": 0.0002926972047416947, ""fps"": 29.97, ""geom_body_roll_deg"": 0.0, ""observed_duration_s"": 456.021867, ""repair_applied"": ""none"", ""reproj_shoulder_widths_p50"": 0.0795526243646543, ""shown_raster"": ""2160x3840"", ""stored_raster"": ""2160x3840"", ""timebase"": ""consistent"", ""timebase_index_drift_s"": 0.0, ""unit_flagged_frac"": 1.0, ""vendor"": ""V03""}",render
r10_145,v03_fm1_sitting_145_V03_S1490_I00000140_P3206_f0002486,V03_S1490_I00000140_P3206,improvised/train/0067/0148/V03_S1490_I00000140_P3206,improvised/train/0067/0022/V03_S1490_I00000140_P4178,v03_fm1_sitting,V03,improvised,2486,V03,improvised,train,ipc_conversation,random draw from V03 files the pipeline sorted into 'fm1_sitting',"{""audio"": ""present"", ""audio_spectral_flatness"": 5.177105630753312e-05, ""audio_speech_level_db"": -20.00916416099011, ""audio_status"": ""ok"", ""audio_voice_isolation_db"": 13.71406235002395, ""flags_fired"": ""fm1_sitting"", ""fm0_reasons"": ""none"", ""fm1_ankles_visible_frac"": 1.0, ""fm1_hip_flexion_deg_p25"": 84.09014328589049, ""fm1_hip_flexion_deg_p50"": 84.89740008797835, ""fm1_hip_flexion_deg_p75"": 94.06770881140815, ""fm1_knee_between_torso_p50"": 0.11765754155096372, ""fm1_scope"": ""this file (session is 100% seated over 1 files)"", ""fm1_shin_verticality_p50"": 0.9992319385016994, ""fm2_smplh_valid_frac"": 1.0, ""fm3_static_frac"": 0.4489051094890511, ""fps"": 29.97, ""geom_body_roll_deg"": 6.443452622415834e-06, ""observed_duration_s"": 128.027533, ""repair_applied"": ""none"", ""reproj_shoulder_widths_p50"": 0.06488866277556019, ""shown_raster"": ""2160x3840"", ""stored_raster"": ""2160x3840"", ""timebase"": ""consistent"", ""timebase_index_drift_s"": 0.0, ""unit_flagged_frac"": 1.0, ""vendor"": ""V03""}",render
r10_146,v03_fm1_sitting_146_V03_S1891_I00000182_P5166_f0004563,V03_S1891_I00000182_P5166,naturalistic/train/0171/0126/V03_S1891_I00000182_P5166,naturalistic/train/0171/0032/V03_S1891_I00000182_P4812,v03_fm1_sitting,V03,naturalistic,4563,V03,naturalistic,train,ipc_conversation,random draw from V03 files the pipeline sorted into 'fm1_sitting',"{""audio"": ""present"", ""audio_spectral_flatness"": 0.001269016312227477, ""audio_speech_level_db"": -15.504104164244414, ""audio_status"": ""ok"", ""audio_voice_isolation_db"": 11.769397675575373, ""flags_fired"": ""fm1_sitting"", ""fm0_reasons"": ""none"", ""fm1_ankles_visible_frac"": 1.0, ""fm1_hip_flexion_deg_p25"": 115.10224151936224, ""fm1_hip_flexion_deg_p50"": 117.68806390473759, ""fm1_hip_flexion_deg_p75"": 121.55840079937738, ""fm1_knee_between_torso_p50"": 0.47894876653787966, ""fm1_scope"": ""this file (session is 100% seated over 1 files)"", ""fm1_shin_verticality_p50"": 0.9723872936463784, ""fm2_smplh_valid_frac"": 1.0, ""fm3_static_frac"": 0.0507388379852762, ""fps"": 29.97, ""geom_body_roll_deg"": 0.9710171270040892, ""observed_duration_s"": 630.0294, ""repair_applied"": ""none"", ""reproj_shoulder_widths_p50"": 0.04208155896059356, ""shown_raster"": ""2160x3840"", ""stored_raster"": ""2160x3840"", ""timebase"": ""consistent"", ""timebase_index_drift_s"": -0.03336666666666667, ""unit_flagged_frac"": 1.0, ""vendor"": ""V03""}",render
r10_147,v03_fm1_sitting_147_V03_S0115_I00000139_P1254_f0000312,V03_S0115_I00000139_P1254,naturalistic/train/0106/0050/V03_S0115_I00000139_P1254,naturalistic/train/0106/0037/V03_S0115_I00000139_P1255,v03_fm1_sitting,V03,naturalistic,312,V03,naturalistic,train,ipc_conversation,random draw from V03 files the pipeline sorted into 'fm1_sitting',"{""audio"": ""present"", ""audio_spectral_flatness"": 0.0004691051542721063, ""audio_speech_level_db"": -20.03074784751094, ""audio_status"": ""ok"", ""audio_voice_isolation_db"": 4.575387663378374, ""flags_fired"": ""fm1_sitting"", ""fm0_reasons"": ""none"", ""fm1_ankles_visible_frac"": 0.8552278820375335, ""fm1_hip_flexion_deg_p25"": 159.37718120628034, ""fm1_hip_flexion_deg_p50"": 160.5406353884539, ""fm1_hip_flexion_deg_p75"": 161.98390577522338, ""fm1_knee_between_torso_p50"": 0.5782440733044703, ""fm1_scope"": ""this file (session is 100% seated over 1 files)"", ""fm1_shin_verticality_p50"": -0.9161574386543488, ""fm2_smplh_valid_frac"": 1.0, ""fm3_static_frac"": 0.31486446231754545, ""fps"": 29.961, ""geom_body_roll_deg"": -1.023030835438824, ""observed_duration_s"": 112.0119, ""repair_applied"": ""none"", ""reproj_shoulder_widths_p50"": 0.1394647606584482, ""shown_raster"": ""2160x3840"", ""stored_raster"": ""2160x3840"", ""timebase"": ""consistent"", ""timebase_index_drift_s"": 0.03336666666666667, ""unit_flagged_frac"": 1.0, ""vendor"": ""V03""}",render
r10_148,v03_fm1_sitting_148_V03_S2049_I00000188_P5588_f0001539,V03_S2049_I00000188_P5588,naturalistic/train/0178/0148/V03_S2049_I00000188_P5588,naturalistic/train/0178/0110/V03_S2049_I00000188_P5579,v03_fm1_sitting,V03,naturalistic,1539,V03,naturalistic,train,ipc_conversation,random draw from V03 files the pipeline sorted into 'fm1_sitting',"{""audio"": ""present"", ""audio_spectral_flatness"": 0.17005544444244347, ""audio_speech_level_db"": -17.021274999921907, ""audio_status"": ""ok"", ""audio_voice_isolation_db"": 13.53545953342378, ""flags_fired"": ""fm1_sitting"", ""fm0_reasons"": ""none"", ""fm1_ankles_visible_frac"": 1.0, ""fm1_hip_flexion_deg_p25"": 101.82091688363002, ""fm1_hip_flexion_deg_p50"": 102.85370770091686, ""fm1_hip_flexion_deg_p75"": 105.96398767755683, ""fm1_knee_between_torso_p50"": 0.34054390270036095, ""fm1_scope"": ""this file (session is 100% seated over 1 files)"", ""fm1_shin_verticality_p50"": 0.9996349718574925, ""fm2_smplh_valid_frac"": 1.0, ""fm3_static_frac"": 0.10166833024383289, ""fps"": 29.97, ""geom_body_roll_deg"": -5.213754142471928e-06, ""observed_duration_s"": 234.000433, ""repair_applied"": ""none"", ""reproj_shoulder_widths_p50"": 0.05311833750652403, ""shown_raster"": ""2160x3840"", ""stored_raster"": ""2160x3840"", ""timebase"": ""consistent"", ""timebase_index_drift_s"": 0.0, ""unit_flagged_frac"": 1.0, ""vendor"": ""V03""}",render
r10_149,v03_fm2_smplh_invalid_149_V03_S0938_I00000173_P3264_f0000026,V03_S0938_I00000173_P3264,naturalistic/train/0130/0038/V03_S0938_I00000173_P3264,naturalistic/train/0130/0024/V03_S0938_I00000173_P3265,v03_fm2_smplh_invalid,V03,naturalistic,26,V03,naturalistic,train,ipc_conversation,random draw from V03 files the pipeline sorted into 'fm2_smplh_invalid'; positioned on the longest untrusted stretch,"{""audio"": ""present"", ""audio_spectral_flatness"": 0.0014652087420893274, ""audio_speech_level_db"": -26.596678728935508, ""audio_status"": ""ok"", ""audio_voice_isolation_db"": 15.375601697438439, ""flags_fired"": ""fm2_smplh_invalid"", ""fm0_reasons"": ""none"", ""fm1_ankles_visible_frac"": 1.0, ""fm1_hip_flexion_deg_p25"": 165.11223126133405, ""fm1_hip_flexion_deg_p50"": 166.47407275136732, ""fm1_hip_flexion_deg_p75"": 166.8242136379821, ""fm1_knee_between_torso_p50"": 0.5653534426090292, ""fm1_scope"": ""this file (session is 0% seated over 3 files)"", ""fm1_shin_verticality_p50"": 0.99971667329305, ""fm2_smplh_valid_frac"": 0.962640977443609, ""fm3_static_frac"": 0.5986842105263158, ""fps"": 29.97, ""geom_body_roll_deg"": 0.8550963257439927, ""observed_duration_s"": 142.008533, ""repair_applied"": ""none"", ""reproj_shoulder_widths_p50"": 0.17489416757684256, ""shown_raster"": ""2160x3840"", ""stored_raster"": ""2160x3840"", ""timebase"": ""consistent"", ""timebase_index_drift_s"": 0.0, ""unit_flagged_frac"": 0.0, ""vendor"": ""V03""}",render
r10_150,v03_fm2_smplh_invalid_150_V03_S0676_I00000332_P2786_f0000000,V03_S0676_I00000332_P2786,naturalistic/train/0124/0035/V03_S0676_I00000332_P2786,naturalistic/train/0124/0112/V03_S0676_I00000332_P2787,v03_fm2_smplh_invalid,V03,naturalistic,0,V03,naturalistic,train,ipc_conversation,random draw from V03 files the pipeline sorted into 'fm2_smplh_invalid'; positioned on the longest untrusted stretch,"{""audio"": ""present"", ""audio_spectral_flatness"": 0.0010644301850651458, ""audio_speech_level_db"": -25.74152879536212, ""audio_status"": ""ok"", ""audio_voice_isolation_db"": null, ""flags_fired"": ""fm2_smplh_invalid"", ""fm0_reasons"": ""none"", ""fm1_ankles_visible_frac"": 1.0, ""fm1_hip_flexion_deg_p25"": 155.68394008599284, ""fm1_hip_flexion_deg_p50"": 158.24114242536564, ""fm1_hip_flexion_deg_p75"": 160.77355741109497, ""fm1_knee_between_torso_p50"": 0.583825559635641, ""fm1_scope"": ""this file (session is 0% seated over 1 files)"", ""fm1_shin_verticality_p50"": 0.9968981158111507, ""fm2_smplh_valid_frac"": 0.30105186797243383, ""fm3_static_frac"": 0.6282190787087414, ""fps"": 29.97, ""geom_body_roll_deg"": -2.6837774609683756, ""observed_duration_s"": 92.025267, ""repair_applied"": ""none"", ""reproj_shoulder_widths_p50"": 0.1889147795074409, ""shown_raster"": ""2160x3840"", ""stored_raster"": ""2160x3840"", ""timebase"": ""consistent"", ""timebase_index_drift_s"": -0.03336666666666667, ""unit_flagged_frac"": 0.0, ""vendor"": ""V03""}",render
r10_151,v03_fm2_smplh_invalid_151_V03_S1624_I00000119_P4277_f0003896,V03_S1624_I00000119_P4277,naturalistic/train/0159/0100/V03_S1624_I00000119_P4277,naturalistic/train/0159/0065/V03_S1624_I00000119_P4625,v03_fm2_smplh_invalid,V03,naturalistic,3896,V03,naturalistic,train,ipc_conversation,random draw from V03 files the pipeline sorted into 'fm2_smplh_invalid'; positioned on the longest untrusted stretch,"{""audio"": ""present"", ""audio_spectral_flatness"": 0.00021237428609928127, ""audio_speech_level_db"": -18.852949979680368, ""audio_status"": ""ok"", ""audio_voice_isolation_db"": 8.593231418510602, ""flags_fired"": ""fm2_smplh_invalid"", ""fm0_reasons"": ""none"", ""fm1_ankles_visible_frac"": 1.0, ""fm1_hip_flexion_deg_p25"": 163.39424358254294, ""fm1_hip_flexion_deg_p50"": 165.37868996963692, ""fm1_hip_flexion_deg_p75"": 168.99461145827172, ""fm1_knee_between_torso_p50"": 0.588581378167855, ""fm1_scope"": ""this file (session is 0% seated over 1 files)"", ""fm1_shin_verticality_p50"": 0.9996349733029194, ""fm2_smplh_valid_frac"": 0.7108060230292295, ""fm3_static_frac"": 0.009890758783584292, ""fps"": 29.97, ""geom_body_roll_deg"": 6.834199126398376e-06, ""observed_duration_s"": 226.0258, ""repair_applied"": ""none"", ""reproj_shoulder_widths_p50"": 0.17796867305866226, ""shown_raster"": ""2160x3840"", ""stored_raster"": ""2160x3840"", ""timebase"": ""consistent"", ""timebase_index_drift_s"": 0.0, ""unit_flagged_frac"": 0.0, ""vendor"": ""V03""}",render
r10_152,v03_fm2_smplh_invalid_152_V03_S1068_I00000121_P3538_f0001721,V03_S1068_I00000121_P3538,naturalistic/train/0135/0127/V03_S1068_I00000121_P3538,naturalistic/train/0135/0031/V03_S1068_I00000121_P3539,v03_fm2_smplh_invalid,V03,naturalistic,1721,V03,naturalistic,train,collaborative_storytelling,random draw from V03 files the pipeline sorted into 'fm2_smplh_invalid'; positioned on the longest untrusted stretch,"{""audio"": ""present"", ""audio_spectral_flatness"": 0.0016449763802357722, ""audio_speech_level_db"": -19.53803598142151, ""audio_status"": ""ok"", ""audio_voice_isolation_db"": 11.108809591826176, ""flags_fired"": ""fm2_smplh_invalid"", ""fm0_reasons"": ""none"", ""fm1_ankles_visible_frac"": 0.5093064938646078, ""fm1_hip_flexion_deg_p25"": 147.99359461258015, ""fm1_hip_flexion_deg_p50"": 152.84046583862056, ""fm1_hip_flexion_deg_p75"": 155.48352641144578, ""fm1_knee_between_torso_p50"": 0.5680330988994384, ""fm1_scope"": ""this file (session is 0% seated over 2 files)"", ""fm1_shin_verticality_p50"": 0.9956342092448278, ""fm2_smplh_valid_frac"": 0.9870398455811389, ""fm3_static_frac"": 0.1897146008548187, ""fps"": 29.97, ""geom_body_roll_deg"": 0.9240391088668763, ""observed_duration_s"": 242.008433, ""repair_applied"": ""none"", ""reproj_shoulder_widths_p50"": 0.140627815925536, ""shown_raster"": ""2160x3840"", ""stored_raster"": ""2160x3840"", ""timebase"": ""consistent"", ""timebase_index_drift_s"": 0.0, ""unit_flagged_frac"": 0.0, ""vendor"": ""V03""}",render
r10_153,v03_fm2_smplh_invalid_153_V03_S1621_I00000069_P4615_f0009226,V03_S1621_I00000069_P4615,naturalistic/train/0159/0037/V03_S1621_I00000069_P4615,naturalistic/train/0159/0066/V03_S1621_I00000069_P4614,v03_fm2_smplh_invalid,V03,naturalistic,9226,V03,naturalistic,train,ipc_conversation,random draw from V03 files the pipeline sorted into 'fm2_smplh_invalid'; positioned on the longest untrusted stretch,"{""audio"": ""present"", ""audio_spectral_flatness"": 0.0010565649187008579, ""audio_speech_level_db"": -19.250472189159215, ""audio_status"": ""ok"", ""audio_voice_isolation_db"": 4.458736526494852, ""flags_fired"": ""fm2_smplh_invalid"", ""fm0_reasons"": ""none"", ""fm1_ankles_visible_frac"": 0.013425468904244817, ""fm1_hip_flexion_deg_p25"": 154.41643686927188, ""fm1_hip_flexion_deg_p50"": 156.0748158602544, ""fm1_hip_flexion_deg_p75"": 157.82914552578626, ""fm1_knee_between_torso_p50"": 0.6383037306649744, ""fm1_scope"": ""this file (session is 0% seated over 2 files)"", ""fm1_shin_verticality_p50"": 0.9992009753208723, ""fm2_smplh_valid_frac"": 0.9718657453109576, ""fm3_static_frac"": 0.5451135241855873, ""fps"": 29.97, ""geom_body_roll_deg"": -0.763901409764915, ""observed_duration_s"": 338.004333, ""repair_applied"": ""none"", ""reproj_shoulder_widths_p50"": 0.15391793447180635, ""shown_raster"": ""2160x3840"", ""stored_raster"": ""2160x3840"", ""timebase"": ""consistent"", ""timebase_index_drift_s"": 0.0, ""unit_flagged_frac"": 0.0, ""vendor"": ""V03""}",render
r10_154,v03_fm2_smplh_invalid_154_V03_S2008_I00000009_P3739_f0005382,V03_S2008_I00000009_P3739,naturalistic/train/0176/0061/V03_S2008_I00000009_P3739,naturalistic/train/0176/0108/V03_S2008_I00000009_P5525,v03_fm2_smplh_invalid,V03,naturalistic,5382,V03,naturalistic,train,ipc_conversation,random draw from V03 files the pipeline sorted into 'fm2_smplh_invalid'; positioned on the longest untrusted stretch,"{""audio"": ""present"", ""audio_spectral_flatness"": 8.69688697176894e-05, ""audio_speech_level_db"": -24.190047227587655, ""audio_status"": ""ok"", ""audio_voice_isolation_db"": 12.391490426434222, ""flags_fired"": ""fm2_smplh_invalid"", ""fm0_reasons"": ""none"", ""fm1_ankles_visible_frac"": 0.2824207492795389, ""fm1_hip_flexion_deg_p25"": 167.53577628222402, ""fm1_hip_flexion_deg_p50"": 168.36147882614648, ""fm1_hip_flexion_deg_p75"": 171.0691094096253, ""fm1_knee_between_torso_p50"": 0.6435535944624946, ""fm1_scope"": ""this file (session is 0% seated over 1 files)"", ""fm1_shin_verticality_p50"": 0.9970544682096121, ""fm2_smplh_valid_frac"": 0.9995449719399363, ""fm3_static_frac"": 0.6431063248900348, ""fps"": 29.97, ""geom_body_roll_deg"": -3.2245145540414355, ""observed_duration_s"": 220.019433, ""repair_applied"": ""none"", ""reproj_shoulder_widths_p50"": 0.1733592454010777, ""shown_raster"": ""2160x3840"", ""stored_raster"": ""2160x3840"", ""timebase"": ""consistent"", ""timebase_index_drift_s"": 0.0, ""unit_flagged_frac"": 0.0, ""vendor"": ""V03""}",render
r10_155,v03_fm2_smplh_invalid_155_V03_S0915_I00000164_P3148_f0005154,V03_S0915_I00000164_P3148,naturalistic/train/0129/0100/V03_S0915_I00000164_P3148,naturalistic/train/0129/0068/V03_S0915_I00000164_P3149,v03_fm2_smplh_invalid,V03,naturalistic,5154,V03,naturalistic,train,ipc_conversation,random draw from V03 files the pipeline sorted into 'fm2_smplh_invalid'; positioned on the longest untrusted stretch,"{""audio"": ""present"", ""audio_spectral_flatness"": 0.0028868577289190584, ""audio_speech_level_db"": -17.503738604199373, ""audio_status"": ""ok"", ""audio_voice_isolation_db"": 12.205358631771633, ""flags_fired"": ""fm2_smplh_invalid"", ""fm0_reasons"": ""none"", ""fm1_ankles_visible_frac"": 0.7926990419557317, ""fm1_hip_flexion_deg_p25"": 163.05072448891806, ""fm1_hip_flexion_deg_p50"": 164.2552598853194, ""fm1_hip_flexion_deg_p75"": 165.308711068895, ""fm1_knee_between_torso_p50"": 0.6534631294892699, ""fm1_scope"": ""this file (session is 0% seated over 2 files)"", ""fm1_shin_verticality_p50"": 0.9805806756909202, ""fm2_smplh_valid_frac"": 0.9555665675586389, ""fm3_static_frac"": 0.5700303746203172, ""fps"": 29.97, ""geom_body_roll_deg"": -1.5481563491702677, ""observed_duration_s"": 202.001433, ""repair_applied"": ""none"", ""reproj_shoulder_widths_p50"": 0.11808343285556401, ""shown_raster"": ""2160x3840"", ""stored_raster"": ""2160x3840"", ""timebase"": ""consistent"", ""timebase_index_drift_s"": 0.03336666666666667, ""unit_flagged_frac"": 0.0, ""vendor"": ""V03""}",render
r10_156,v03_fm2_smplh_invalid_156_V03_S1243_I00000073_P3861_f0001865,V03_S1243_I00000073_P3861,naturalistic/train/0142/0051/V03_S1243_I00000073_P3861,naturalistic/train/0142/0110/V03_S1243_I00000073_P3860,v03_fm2_smplh_invalid,V03,naturalistic,1865,V03,naturalistic,train,ipc_conversation,random draw from V03 files the pipeline sorted into 'fm2_smplh_invalid'; positioned on the longest untrusted stretch,"{""audio"": ""present"", ""audio_spectral_flatness"": 0.0017015197396905097, ""audio_speech_level_db"": -17.732779108367126, ""audio_status"": ""ok"", ""audio_voice_isolation_db"": 1.9237449914296145, ""flags_fired"": ""fm2_smplh_invalid"", ""fm0_reasons"": ""none"", ""fm1_ankles_visible_frac"": 0.5340747752011358, ""fm1_hip_flexion_deg_p25"": 171.99588364346346, ""fm1_hip_flexion_deg_p50"": 172.67476131306015, ""fm1_hip_flexion_deg_p75"": 173.18696770274562, ""fm1_knee_between_torso_p50"": 0.6530188343784399, ""fm1_scope"": ""this file (session is 0% seated over 2 files)"", ""fm1_shin_verticality_p50"": 0.9899494490934585, ""fm2_smplh_valid_frac"": 0.9196639848556555, ""fm3_static_frac"": 0.006034788782392616, ""fps"": 29.97, ""geom_body_roll_deg"": -0.6820585570550521, ""observed_duration_s"": 282.015067, ""repair_applied"": ""none"", ""reproj_shoulder_widths_p50"": 0.09957219273982656, ""shown_raster"": ""2160x3840"", ""stored_raster"": ""2160x3840"", ""timebase"": ""consistent"", ""timebase_index_drift_s"": 0.0, ""unit_flagged_frac"": 0.0, ""vendor"": ""V03""}",render
r10_157,v03_fm3_static_hands_157_V03_S1332_I00000162_P2921_f0000124,V03_S1332_I00000162_P2921,naturalistic/train/0146/0057/V03_S1332_I00000162_P2921,naturalistic/train/0146/0069/V03_S1332_I00000162_P4026,v03_fm3_static_hands,V03,naturalistic,124,V03,naturalistic,train,ipc_conversation,random draw from V03 files the pipeline sorted into 'fm3_static_hands',"{""audio"": ""present"", ""audio_spectral_flatness"": 0.0012678549525774422, ""audio_speech_level_db"": -22.112992326300933, ""audio_status"": ""ok"", ""audio_voice_isolation_db"": 9.238579090765723, ""flags_fired"": ""fm3_static_hands"", ""fm0_reasons"": ""none"", ""fm1_ankles_visible_frac"": 0.4443882709807887, ""fm1_hip_flexion_deg_p25"": 157.8255016902013, ""fm1_hip_flexion_deg_p50"": 159.990825699867, ""fm1_hip_flexion_deg_p75"": 161.4505712068846, ""fm1_knee_between_torso_p50"": 0.557637404923222, ""fm1_scope"": ""this file (session is 0% seated over 1 files)"", ""fm1_shin_verticality_p50"": 0.9996539186095594, ""fm2_smplh_valid_frac"": 1.0, ""fm3_static_frac"": 0.8346814964610718, ""fps"": 29.97, ""geom_body_roll_deg"": -0.8951719529500024, ""observed_duration_s"": 132.0319, ""repair_applied"": ""none"", ""reproj_shoulder_widths_p50"": 0.16265684741861544, ""shown_raster"": ""2160x3840"", ""stored_raster"": ""2160x3840"", ""timebase"": ""consistent"", ""timebase_index_drift_s"": -0.03336666666666667, ""unit_flagged_frac"": 0.0, ""vendor"": ""V03""}",render
r10_158,v03_fm3_static_hands_158_V03_S1790_I00000282_P5106_f0004322,V03_S1790_I00000282_P5106,naturalistic/train/0167/0111/V03_S1790_I00000282_P5106,naturalistic/train/0167/0042/V03_S1790_I00000282_P5107,v03_fm3_static_hands,V03,naturalistic,4322,V03,naturalistic,train,ipc_conversation,random draw from V03 files the pipeline sorted into 'fm3_static_hands',"{""audio"": ""present"", ""audio_spectral_flatness"": 0.00028728854920558907, ""audio_speech_level_db"": -21.15805327994698, ""audio_status"": ""ok"", ""audio_voice_isolation_db"": 16.871835113384194, ""flags_fired"": ""fm3_static_hands"", ""fm0_reasons"": ""none"", ""fm1_ankles_visible_frac"": 0.9982688070506768, ""fm1_hip_flexion_deg_p25"": 159.49737920479782, ""fm1_hip_flexion_deg_p50"": 161.3473141497517, ""fm1_hip_flexion_deg_p75"": 163.11877032273696, ""fm1_knee_between_torso_p50"": 0.6211202467069059, ""fm1_scope"": ""this file (session is 0% seated over 2 files)"", ""fm1_shin_verticality_p50"": 0.9979253264185414, ""fm2_smplh_valid_frac"": 1.0, ""fm3_static_frac"": 0.8624488511174063, ""fps"": 29.97, ""geom_body_roll_deg"": 2.290613137729922, ""observed_duration_s"": 212.0118, ""repair_applied"": ""none"", ""reproj_shoulder_widths_p50"": 0.15475640655874784, ""shown_raster"": ""2160x3840"", ""stored_raster"": ""2160x3840"", ""timebase"": ""consistent"", ""timebase_index_drift_s"": 0.0, ""unit_flagged_frac"": 0.0, ""vendor"": ""V03""}",render
r10_159,v03_fm3_static_hands_159_V03_S1334_I00000120_P3081_f0002211,V03_S1334_I00000120_P3081,naturalistic/train/0146/0032/V03_S1334_I00000120_P3081,naturalistic/train/0146/0094/V03_S1334_I00000120_P2641,v03_fm3_static_hands,V03,naturalistic,2211,V03,naturalistic,train,ipc_conversation,random draw from V03 files the pipeline sorted into 'fm3_static_hands',"{""audio"": ""present"", ""audio_spectral_flatness"": 0.000334679985505211, ""audio_speech_level_db"": -30.918352888448602, ""audio_status"": ""ok"", ""audio_voice_isolation_db"": 14.690267805199284, ""flags_fired"": ""fm3_static_hands"", ""fm0_reasons"": ""none"", ""fm1_ankles_visible_frac"": 1.0, ""fm1_hip_flexion_deg_p25"": 152.2995561392654, ""fm1_hip_flexion_deg_p50"": 154.38529033641603, ""fm1_hip_flexion_deg_p75"": 156.49514223472175, ""fm1_knee_between_torso_p50"": 0.5639118743503363, ""fm1_scope"": ""this file (session is 0% seated over 1 files)"", ""fm1_shin_verticality_p50"": 0.9967290541773515, ""fm2_smplh_valid_frac"": 1.0, ""fm3_static_frac"": 0.8150619637750238, ""fps"": 29.97, ""geom_body_roll_deg"": 9.205473542369892e-06, ""observed_duration_s"": 140.006167, ""repair_applied"": ""none"", ""reproj_shoulder_widths_p50"": 0.11774376270972942, ""shown_raster"": ""2160x3840"", ""stored_raster"": ""2160x3840"", ""timebase"": ""consistent"", ""timebase_index_drift_s"": 0.03336666666666667, ""unit_flagged_frac"": 0.0, ""vendor"": ""V03""}",render
r10_160,v03_fm3_static_hands_160_V03_S1046_I00000304_P1971_f0001280,V03_S1046_I00000304_P1971,naturalistic/train/0134/0018/V03_S1046_I00000304_P1971,naturalistic/train/0134/0048/V03_S1046_I00000304_P1786,v03_fm3_static_hands,V03,naturalistic,1280,V03,naturalistic,train,ipc_conversation,random draw from V03 files the pipeline sorted into 'fm3_static_hands',"{""audio"": ""present"", ""audio_spectral_flatness"": 0.0016795830554694096, ""audio_speech_level_db"": -30.7571341845485, ""audio_status"": ""ok"", ""audio_voice_isolation_db"": 16.736255966189848, ""flags_fired"": ""fm3_static_hands"", ""fm0_reasons"": ""none"", ""fm1_ankles_visible_frac"": 1.0, ""fm1_hip_flexion_deg_p25"": 161.94404241180683, ""fm1_hip_flexion_deg_p50"": 162.47765896259568, ""fm1_hip_flexion_deg_p75"": 163.0321478033198, ""fm1_knee_between_torso_p50"": 0.5525684541236511, ""fm1_scope"": ""this file (session is 0% seated over 1 files)"", ""fm1_shin_verticality_p50"": 0.9997296930658299, ""fm2_smplh_valid_frac"": 1.0, ""fm3_static_frac"": 0.9006196377502383, ""fps"": 29.97, ""geom_body_roll_deg"": 1.7098133783469294, ""observed_duration_s"": 140.006167, ""repair_applied"": ""none"", ""reproj_shoulder_widths_p50"": 0.14696220426480117, ""shown_raster"": ""2160x3840"", ""stored_raster"": ""2160x3840"", ""timebase"": ""consistent"", ""timebase_index_drift_s"": 0.03336666666666667, ""unit_flagged_frac"": 0.0, ""vendor"": ""V03""}",render
r10_161,v03_fm3_static_hands_161_V03_S1621_I00000064_P4615_f0000169,V03_S1621_I00000064_P4615,naturalistic/train/0159/0095/V03_S1621_I00000064_P4615,naturalistic/train/0159/0005/V03_S1621_I00000064_P4614,v03_fm3_static_hands,V03,naturalistic,169,V03,naturalistic,train,ipc_conversation,random draw from V03 files the pipeline sorted into 'fm3_static_hands',"{""audio"": ""present"", ""audio_spectral_flatness"": 0.0005341356985587986, ""audio_speech_level_db"": -22.05245738478114, ""audio_status"": ""ok"", ""audio_voice_isolation_db"": 8.583768212423763, ""flags_fired"": ""fm3_static_hands"", ""fm0_reasons"": ""none"", ""fm1_ankles_visible_frac"": 0.008223684210526315, ""fm1_hip_flexion_deg_p25"": 154.8675838483659, ""fm1_hip_flexion_deg_p50"": 156.53557238822924, ""fm1_hip_flexion_deg_p75"": 159.73011716324484, ""fm1_knee_between_torso_p50"": 0.6469661396852484, ""fm1_scope"": ""this file (session is 0% seated over 2 files)"", ""fm1_shin_verticality_p50"": 0.9991330876262229, ""fm2_smplh_valid_frac"": 1.0, ""fm3_static_frac"": 0.7817199248120301, ""fps"": 29.97, ""geom_body_roll_deg"": -0.7742208689163361, ""observed_duration_s"": 142.008167, ""repair_applied"": ""none"", ""reproj_shoulder_widths_p50"": 0.15156384682613488, ""shown_raster"": ""2160x3840"", ""stored_raster"": ""2160x3840"", ""timebase"": ""consistent"", ""timebase_index_drift_s"": 0.03336666666666667, ""unit_flagged_frac"": 0.0, ""vendor"": ""V03""}",render
r10_162,v03_fm3_static_hands_162_V03_S0182_I00000125_P1338_f0000996,V03_S0182_I00000125_P1338,naturalistic/train/0109/0048/V03_S0182_I00000125_P1338,naturalistic/train/0109/0069/V03_S0182_I00000125_P1339,v03_fm3_static_hands,V03,naturalistic,996,V03,naturalistic,train,ipc_conversation,random draw from V03 files the pipeline sorted into 'fm3_static_hands',"{""audio"": ""present"", ""audio_spectral_flatness"": 0.0010526765985077549, ""audio_speech_level_db"": -20.217731012293193, ""audio_status"": ""ok"", ""audio_voice_isolation_db"": 5.81743913870798, ""flags_fired"": ""fm3_static_hands"", ""fm0_reasons"": ""none"", ""fm1_ankles_visible_frac"": 0.9366537717601547, ""fm1_hip_flexion_deg_p25"": 149.82555198350815, ""fm1_hip_flexion_deg_p50"": 151.8065535718115, ""fm1_hip_flexion_deg_p75"": 153.82639866026955, ""fm1_knee_between_torso_p50"": 0.5504243960990947, ""fm1_scope"": ""this file (session is 0% seated over 1 files)"", ""fm1_shin_verticality_p50"": 0.9999999999999459, ""fm2_smplh_valid_frac"": 1.0, ""fm3_static_frac"": 0.9011121856866537, ""fps"": 29.97, ""geom_body_roll_deg"": -9.449069812498658e-06, ""observed_duration_s"": 138.004167, ""repair_applied"": ""none"", ""reproj_shoulder_widths_p50"": 0.09327240585478917, ""shown_raster"": ""2160x3840"", ""stored_raster"": ""2160x3840"", ""timebase"": ""consistent"", ""timebase_index_drift_s"": 0.03336666666666667, ""unit_flagged_frac"": 0.0, ""vendor"": ""V03""}",render
r10_163,v03_fm3_static_hands_163_V03_S1276_I00000319_P2292_f0007359,V03_S1276_I00000319_P2292,naturalistic/train/0143/0000/V03_S1276_I00000319_P2292,naturalistic/train/0143/0005/V03_S1276_I00000319_P2791,v03_fm3_static_hands,V03,naturalistic,7359,V03,naturalistic,train,ipc_conversation,random draw from V03 files the pipeline sorted into 'fm3_static_hands',"{""audio"": ""present"", ""audio_spectral_flatness"": 0.0007708292969402335, ""audio_speech_level_db"": -21.06581301092977, ""audio_status"": ""ok"", ""audio_voice_isolation_db"": 14.329205614784591, ""flags_fired"": ""fm3_static_hands"", ""fm0_reasons"": ""none"", ""fm1_ankles_visible_frac"": 0.015328467153284672, ""fm1_hip_flexion_deg_p25"": 172.76221676489783, ""fm1_hip_flexion_deg_p50"": 173.2402035213376, ""fm1_hip_flexion_deg_p75"": 173.81307552774825, ""fm1_knee_between_torso_p50"": 0.6155983612445467, ""fm1_scope"": ""this file (session is 0% seated over 3 files)"", ""fm1_shin_verticality_p50"": 0.9994449034826605, ""fm2_smplh_valid_frac"": 1.0, ""fm3_static_frac"": 0.9223149113660063, ""fps"": 29.97, ""geom_body_roll_deg"": 2.3215224824644647, ""observed_duration_s"": 320.019333, ""repair_applied"": ""none"", ""reproj_shoulder_widths_p50"": 0.1972323114505387, ""shown_raster"": ""2160x3840"", ""stored_raster"": ""2160x3840"", ""timebase"": ""consistent"", ""timebase_index_drift_s"": 0.0, ""unit_flagged_frac"": 0.0, ""vendor"": ""V03""}",render
r10_164,v03_fm3_static_hands_164_V03_S1434_I00000026_P4353_f0005319,V03_S1434_I00000026_P4353,naturalistic/train/0150/0140/V03_S1434_I00000026_P4353,naturalistic/train/0150/0140/V03_S1434_I00000026_P4379,v03_fm3_static_hands,V03,naturalistic,5319,V03,naturalistic,train,ipc_conversation,random draw from V03 files the pipeline sorted into 'fm3_static_hands',"{""audio"": ""present"", ""audio_spectral_flatness"": 0.0004271502790103934, ""audio_speech_level_db"": -76.89368485217659, ""audio_status"": ""ok"", ""audio_voice_isolation_db"": 24.064503374816372, ""flags_fired"": ""fm3_static_hands"", ""fm0_reasons"": ""none"", ""fm1_ankles_visible_frac"": 1.0, ""fm1_hip_flexion_deg_p25"": 165.6798648025675, ""fm1_hip_flexion_deg_p50"": 166.55926488080783, ""fm1_hip_flexion_deg_p75"": 167.4957707266795, ""fm1_knee_between_torso_p50"": 0.6171561202599334, ""fm1_scope"": ""this file (session is 0% seated over 1 files)"", ""fm1_shin_verticality_p50"": 0.9996349692815377, ""fm2_smplh_valid_frac"": 1.0, ""fm3_static_frac"": 0.8643551428985927, ""fps"": 29.97, ""geom_body_roll_deg"": -1.527526827078825, ""observed_duration_s"": 230.0298, ""repair_applied"": ""none"", ""reproj_shoulder_widths_p50"": 0.121851209978421, ""shown_raster"": ""2160x3840"", ""stored_raster"": ""2160x3840"", ""timebase"": ""consistent"", ""timebase_index_drift_s"": -0.03336666666666667, ""unit_flagged_frac"": 0.0, ""vendor"": ""V03""}",render
r10_165,v03_fm4_audio_dead_165_V03_S1289_I00000055_P3930_f0003946,V03_S1289_I00000055_P3930,naturalistic/train/0144/0116/V03_S1289_I00000055_P3930,naturalistic/train/0144/0009/V03_S1289_I00000055_P3675,v03_fm4_audio_dead,V03,naturalistic,3946,V03,naturalistic,train,ipc_conversation,random draw from V03 files the pipeline sorted into 'fm4_audio_dead',"{""audio"": ""present"", ""audio_spectral_flatness"": 0.07619942327263544, ""audio_speech_level_db"": -77.82058467144257, ""audio_status"": ""ok"", ""audio_voice_isolation_db"": null, ""flags_fired"": ""fm4_audio_dead"", ""fm0_reasons"": ""none"", ""fm1_ankles_visible_frac"": 1.0, ""fm1_hip_flexion_deg_p25"": 161.61964526839853, ""fm1_hip_flexion_deg_p50"": 162.25448152878917, ""fm1_hip_flexion_deg_p75"": 162.8839309513084, ""fm1_knee_between_torso_p50"": 0.5931218174321765, ""fm1_scope"": ""this file (session is 0% seated over 2 files)"", ""fm1_shin_verticality_p50"": 0.9996714283193786, ""fm2_smplh_valid_frac"": 1.0, ""fm3_static_frac"": 0.7005183025591188, ""fps"": 29.97, ""geom_body_roll_deg"": 0.842522475072337, ""observed_duration_s"": 206.0058, ""repair_applied"": ""none"", ""reproj_shoulder_widths_p50"": 0.19204100741746769, ""shown_raster"": ""2160x3840"", ""stored_raster"": ""2160x3840"", ""timebase"": ""consistent"", ""timebase_index_drift_s"": 0.0, ""unit_flagged_frac"": 0.0, ""vendor"": ""V03""}",render
r10_166,v03_fm4_audio_dead_166_V03_S0081_I00000130_P1185_f0000018,V03_S0081_I00000130_P1185,naturalistic/train/0105/0106/V03_S0081_I00000130_P1185,,v03_fm4_audio_dead,V03,naturalistic,18,V03,naturalistic,train,ipc_conversation,random draw from V03 files the pipeline sorted into 'fm4_audio_dead',"{""audio"": ""empty WAV"", ""audio_spectral_flatness"": null, ""audio_speech_level_db"": null, ""audio_status"": ""empty"", ""audio_voice_isolation_db"": null, ""flags_fired"": ""fm4_audio_dead"", ""fm0_reasons"": ""none"", ""fm1_ankles_visible_frac"": 1.0, ""fm1_hip_flexion_deg_p25"": 160.39173642509616, ""fm1_hip_flexion_deg_p50"": 161.93893163567049, ""fm1_hip_flexion_deg_p75"": 164.25478957691092, ""fm1_knee_between_torso_p50"": 0.5825423842271312, ""fm1_scope"": ""this file (session is 0% seated over 1 files)"", ""fm1_shin_verticality_p50"": 0.9997026903580069, ""fm2_smplh_valid_frac"": 1.0, ""fm3_static_frac"": 0.00411522633744856, ""fps"": 29.97, ""geom_body_roll_deg"": 0.8303269598383582, ""observed_duration_s"": 40.473767, ""repair_applied"": ""none"", ""reproj_shoulder_widths_p50"": 0.18677856042973684, ""shown_raster"": ""2160x3840"", ""stored_raster"": ""2160x3840"", ""timebase"": ""drifts +0.1 s"", ""timebase_index_drift_s"": 0.06673333333333334, ""unit_flagged_frac"": 0.0, ""vendor"": ""V03""}",render
r10_167,v03_multi_167_V03_S0495_I00000125_P2085_f0000000,V03_S0495_I00000125_P2085,improvised/train/0064/0050/V03_S0495_I00000125_P2085,improvised/train/0064/0018/V03_S0495_I00000125_P1322,v03_multi,V03,improvised,0,V03,improvised,train,ipc_conversation,random draw from V03 files the pipeline sorted into 'multi'; positioned on the longest untrusted stretch,"{""audio"": ""present"", ""audio_spectral_flatness"": 0.00029493188123274494, ""audio_speech_level_db"": -37.66151651182379, ""audio_status"": ""ok"", ""audio_voice_isolation_db"": 7.810914966778668, ""flags_fired"": ""fm1_sitting+fm2_smplh_invalid"", ""fm0_reasons"": ""none"", ""fm1_ankles_visible_frac"": 0.9861194527861195, ""fm1_hip_flexion_deg_p25"": 104.07494778706717, ""fm1_hip_flexion_deg_p50"": 105.4352069332233, ""fm1_hip_flexion_deg_p75"": 108.71117644353839, ""fm1_knee_between_torso_p50"": 0.3548247518946456, ""fm1_scope"": ""this file (session is 100% seated over 1 files)"", ""fm1_shin_verticality_p50"": 0.9976836784167036, ""fm2_smplh_valid_frac"": 0.9995995995995997, ""fm3_static_frac"": 0.48141474808141477, ""fps"": 29.97, ""geom_body_roll_deg"": -1.709806917557543, ""observed_duration_s"": 500.032867, ""repair_applied"": ""none"", ""reproj_shoulder_widths_p50"": 0.09771362609583592, ""shown_raster"": ""2160x3840"", ""stored_raster"": ""2160x3840"", ""timebase"": ""consistent"", ""timebase_index_drift_s"": -0.03336666666666667, ""unit_flagged_frac"": 1.0, ""vendor"": ""V03""}",render
r10_168,v03_multi_168_V03_S0281_I00000490_P1446_f0000000,V03_S0281_I00000490_P1446,naturalistic/train/0114/0036/V03_S0281_I00000490_P1446,naturalistic/train/0114/0060/V03_S0281_I00000490_P1447,v03_multi,V03,naturalistic,0,V03,naturalistic,train,ipc_conversation,random draw from V03 files the pipeline sorted into 'multi'; positioned on the longest untrusted stretch,"{""audio"": ""present"", ""audio_spectral_flatness"": 0.0016826773110559636, ""audio_speech_level_db"": -27.929391164923125, ""audio_status"": ""ok"", ""audio_voice_isolation_db"": 10.19370312662912, ""flags_fired"": ""fm2_smplh_invalid+fm3_static_hands"", ""fm0_reasons"": ""none"", ""fm1_ankles_visible_frac"": 0.1461939520333681, ""fm1_hip_flexion_deg_p25"": null, ""fm1_hip_flexion_deg_p50"": null, ""fm1_hip_flexion_deg_p75"": null, ""fm1_knee_between_torso_p50"": null, ""fm1_scope"": ""this file (session is 0% seated over 1 files)"", ""fm1_shin_verticality_p50"": 0.9950371902099892, ""fm2_smplh_valid_frac"": 0.0, ""fm3_static_frac"": 0.8913451511991658, ""fps"": 29.97, ""geom_body_roll_deg"": -2.419511996683468, ""observed_duration_s"": 160.026167, ""repair_applied"": ""none"", ""reproj_shoulder_widths_p50"": 0.08792278003560712, ""shown_raster"": ""2160x3840"", ""stored_raster"": ""2160x3840"", ""timebase"": ""consistent"", ""timebase_index_drift_s"": 0.0, ""unit_flagged_frac"": 0.0, ""vendor"": ""V03""}",render
r10_169,v03_multi_169_V03_S1941_I00000194_P4146_f0001688,V03_S1941_I00000194_P4146,naturalistic/train/0173/0058/V03_S1941_I00000194_P4146,naturalistic/train/0173/0102/V03_S1941_I00000194_P5186,v03_multi,V03,naturalistic,1688,V03,naturalistic,train,collaborative_storytelling,random draw from V03 files the pipeline sorted into 'multi'; positioned on the longest untrusted stretch,"{""audio"": ""present"", ""audio_spectral_flatness"": 0.00015240369283773365, ""audio_speech_level_db"": -18.00691401582111, ""audio_status"": ""ok"", ""audio_voice_isolation_db"": 11.25385144920864, ""flags_fired"": ""fm1_sitting+fm2_smplh_invalid"", ""fm0_reasons"": ""none"", ""fm1_ankles_visible_frac"": 1.0, ""fm1_hip_flexion_deg_p25"": 114.11110450295206, ""fm1_hip_flexion_deg_p50"": 116.26682891303096, ""fm1_hip_flexion_deg_p75"": 119.16724765993666, ""fm1_knee_between_torso_p50"": 0.5103338854821596, ""fm1_scope"": ""this file (session is 100% seated over 1 files)"", ""fm1_shin_verticality_p50"": 0.9922778982173734, ""fm2_smplh_valid_frac"": 0.9852941176470589, ""fm3_static_frac"": 0.020390509144834406, ""fps"": 29.97, ""geom_body_roll_deg"": 0.9548486353533565, ""observed_duration_s"": 270.003067, ""repair_applied"": ""none"", ""reproj_shoulder_widths_p50"": 0.09949664144495536, ""shown_raster"": ""2160x3840"", ""stored_raster"": ""2160x3840"", ""timebase"": ""consistent"", ""timebase_index_drift_s"": 0.0, ""unit_flagged_frac"": 1.0, ""vendor"": ""V03""}",render
r10_170,v03_multi_170_V03_S1831_I00000582_P2974_f0004516,V03_S1831_I00000582_P2974,improvised/train/0069/0031/V03_S1831_I00000582_P2974,improvised/train/0069/0002/V03_S1831_I00000582_P1209,v03_multi,V03,improvised,4516,V03,improvised,train,ipc_conversation,random draw from V03 files the pipeline sorted into 'multi'; positioned on the longest untrusted stretch,"{""audio"": ""present"", ""audio_spectral_flatness"": 0.0003777451356806377, ""audio_speech_level_db"": -17.990098176261384, ""audio_status"": ""ok"", ""audio_voice_isolation_db"": 18.446506151465098, ""flags_fired"": ""fm2_smplh_invalid+fm3_static_hands"", ""fm0_reasons"": ""none"", ""fm1_ankles_visible_frac"": 1.0, ""fm1_hip_flexion_deg_p25"": 158.76221184353741, ""fm1_hip_flexion_deg_p50"": 159.82297861444562, ""fm1_hip_flexion_deg_p75"": 161.01558619512622, ""fm1_knee_between_torso_p50"": 0.5336302477395123, ""fm1_scope"": ""this file (session is 0% seated over 1 files)"", ""fm1_shin_verticality_p50"": 0.997575101952112, ""fm2_smplh_valid_frac"": 0.9956551963851233, ""fm3_static_frac"": 0.8498435870698644, ""fps"": 29.97, ""geom_body_roll_deg"": 1.0199792659888407e-05, ""observed_duration_s"": 192.0248, ""repair_applied"": ""none"", ""reproj_shoulder_widths_p50"": 0.056709020889902484, ""shown_raster"": ""2160x3840"", ""stored_raster"": ""2160x3840"", ""timebase"": ""consistent"", ""timebase_index_drift_s"": 0.0, ""unit_flagged_frac"": 0.0, ""vendor"": ""V03""}",render
r10_171,v03_multi_171_V03_S0368_I00000128_P1331_f0019403,V03_S0368_I00000128_P1331,naturalistic/train/0117/0030/V03_S0368_I00000128_P1331,naturalistic/train/0117/0025/V03_S0368_I00000128_P1963,v03_multi,V03,naturalistic,19403,V03,naturalistic,train,ipc_conversation,random draw from V03 files the pipeline sorted into 'multi'; positioned on the longest untrusted stretch,"{""audio"": ""present"", ""audio_spectral_flatness"": 0.0008699303384905845, ""audio_speech_level_db"": -17.447156156109756, ""audio_status"": ""ok"", ""audio_voice_isolation_db"": 1.8143936842489223, ""flags_fired"": ""fm1_sitting+fm2_smplh_invalid"", ""fm0_reasons"": ""none"", ""fm1_ankles_visible_frac"": 1.0, ""fm1_hip_flexion_deg_p25"": 97.64189659109746, ""fm1_hip_flexion_deg_p50"": 100.46721059580882, ""fm1_hip_flexion_deg_p75"": 102.92904538397956, ""fm1_knee_between_torso_p50"": 0.2970161836137899, ""fm1_scope"": ""this file (session is 100% seated over 1 files)"", ""fm1_shin_verticality_p50"": 0.9994449079579207, ""fm2_smplh_valid_frac"": 0.99959218477737, ""fm3_static_frac"": 0.26856486115745376, ""fps"": 29.97, ""geom_body_roll_deg"": -13.781605127260617, ""observed_duration_s"": 900.032467, ""repair_applied"": ""none"", ""reproj_shoulder_widths_p50"": 0.0559059458366696, ""shown_raster"": ""2160x3840"", ""stored_raster"": ""2160x3840"", ""timebase"": ""consistent"", ""timebase_index_drift_s"": -0.03336666666666667, ""unit_flagged_frac"": 1.0, ""vendor"": ""V03""}",render
r10_172,v03_multi_172_V03_S1699_I00000220_P4677_f0000000,V03_S1699_I00000220_P4677,naturalistic/train/0163/0094/V03_S1699_I00000220_P4677,naturalistic/train/0163/0128/V03_S1699_I00000220_P4065,v03_multi,V03,naturalistic,0,V03,naturalistic,train,ipc_conversation,random draw from V03 files the pipeline sorted into 'multi'; positioned on the longest untrusted stretch,"{""audio"": ""present"", ""audio_spectral_flatness"": 0.0003342693309548819, ""audio_speech_level_db"": -15.553444572087736, ""audio_status"": ""ok"", ""audio_voice_isolation_db"": 13.112178238235948, ""flags_fired"": ""fm1_sitting+fm2_smplh_invalid"", ""fm0_reasons"": ""none"", ""fm1_ankles_visible_frac"": 1.0, ""fm1_hip_flexion_deg_p25"": 100.9476996376425, ""fm1_hip_flexion_deg_p50"": 102.05500799078379, ""fm1_hip_flexion_deg_p75"": 103.39781131303909, ""fm1_knee_between_torso_p50"": 0.3603806220508187, ""fm1_scope"": ""this file (session is 100% seated over 2 files)"", ""fm1_shin_verticality_p50"": 0.9557792067648649, ""fm2_smplh_valid_frac"": 0.9979433272394881, ""fm3_static_frac"": 0.32061243144424134, ""fps"": 29.97, ""geom_body_roll_deg"": 0.9391970624965154, ""observed_duration_s"": 146.012533, ""repair_applied"": ""none"", ""reproj_shoulder_widths_p50"": 0.07126356625959289, ""shown_raster"": ""2160x3840"", ""stored_raster"": ""2160x3840"", ""timebase"": ""consistent"", ""timebase_index_drift_s"": 0.0, ""unit_flagged_frac"": 1.0, ""vendor"": ""V03""}",render
r10_173,v03_multi_173_V03_S1107_I00000034_P3817_f0002089,V03_S1107_I00000034_P3817,naturalistic/train/0137/0021/V03_S1107_I00000034_P3817,naturalistic/train/0137/0090/V03_S1107_I00000034_P3816,v03_multi,V03,naturalistic,2089,V03,naturalistic,train,ipc_conversation,random draw from V03 files the pipeline sorted into 'multi',"{""audio"": ""present"", ""audio_spectral_flatness"": 0.00014327436967655465, ""audio_speech_level_db"": -19.24682082053388, ""audio_status"": ""ok"", ""audio_voice_isolation_db"": 13.21797991226789, ""flags_fired"": ""fm1_sitting+fm3_static_hands"", ""fm0_reasons"": ""none"", ""fm1_ankles_visible_frac"": 1.0, ""fm1_hip_flexion_deg_p25"": 110.77650754908382, ""fm1_hip_flexion_deg_p50"": 111.99239481032464, ""fm1_hip_flexion_deg_p75"": 113.04360267234128, ""fm1_knee_between_torso_p50"": 0.48676035319732236, ""fm1_scope"": ""this file (session is 100% seated over 1 files)"", ""fm1_shin_verticality_p50"": 0.9988681491965116, ""fm2_smplh_valid_frac"": 1.0, ""fm3_static_frac"": 0.755885078776645, ""fps"": 29.97, ""geom_body_roll_deg"": 0.0, ""observed_duration_s"": 180.013167, ""repair_applied"": ""none"", ""reproj_shoulder_widths_p50"": 0.059051697172130324, ""shown_raster"": ""2160x3840"", ""stored_raster"": ""2160x3840"", ""timebase"": ""consistent"", ""timebase_index_drift_s"": 0.0, ""unit_flagged_frac"": 1.0, ""vendor"": ""V03""}",render
r10_174,v03_multi_174_V03_S1565_I00000502_P4357_f0002267,V03_S1565_I00000502_P4357,improvised/train/0068/0064/V03_S1565_I00000502_P4357,improvised/train/0068/0045/V03_S1565_I00000502_P1306,v03_multi,V03,improvised,2267,V03,improvised,train,ipc_conversation,random draw from V03 files the pipeline sorted into 'multi'; positioned on the longest untrusted stretch,"{""audio"": ""present"", ""audio_spectral_flatness"": 0.0008208139683590699, ""audio_speech_level_db"": -19.953088356568617, ""audio_status"": ""ok"", ""audio_voice_isolation_db"": 3.8020492561365526, ""flags_fired"": ""fm1_sitting+fm2_smplh_invalid"", ""fm0_reasons"": ""none"", ""fm1_ankles_visible_frac"": 1.0, ""fm1_hip_flexion_deg_p25"": 97.83781207015191, ""fm1_hip_flexion_deg_p50"": 103.95165203214178, ""fm1_hip_flexion_deg_p75"": 111.70202627381431, ""fm1_knee_between_torso_p50"": 0.32466116377936427, ""fm1_scope"": ""this file (session is 100% seated over 3 files)"", ""fm1_shin_verticality_p50"": 0.8733638774563169, ""fm2_smplh_valid_frac"": 0.9956013954193842, ""fm3_static_frac"": 0.03261034430456545, ""fps"": 29.97, ""geom_body_roll_deg"": -2.9609353583359095, ""observed_duration_s"": 220.019433, ""repair_applied"": ""none"", ""reproj_shoulder_widths_p50"": 0.08386068802241611, ""shown_raster"": ""2160x3840"", ""stored_raster"": ""2160x3840"", ""timebase"": ""consistent"", ""timebase_index_drift_s"": 0.0, ""unit_flagged_frac"": 1.0, ""vendor"": ""V03""}",render
