review_item_id,clip_id,file_id,source_relbase,partner_source_relbase,sample_group,vendor_stratum,label_stratum,start_frame,vendor,label,split,activity_type,selection_reason,signals_json,render_policy
vend_000,v01_pass_000_V01_S0474_I00001233_P1226_f0005272,V01_S0474_I00001233_P1226,improvised/train/0054/0050/V01_S0474_I00001233_P1226,improvised/train/0054/0048/V01_S0474_I00001233_P1790,v01_pass,V01,improvised,5272,V01,improvised,train,ipc_conversation,random draw from V01 files the current pipeline keeps,"{""flags_fired"": ""none"", ""fm1_knee_between_torso_p50"": 0.5189977919634288, ""fm2_longest_invalid_run_frames"": 0.0, ""fm2_smplh_valid_frac"": 1.0, ""fm3_static_frac"": 0.5057124097176625, ""fps"": 29.98, ""observed_duration_s"": 254.002556, ""raster"": ""1080x1920"", ""reproj_shoulder_widths_p50"": 0.04771723680504711, ""valid_frac_box"": 1.0, ""vendor"": ""V01"", ""verdict"": ""PASSES the current pipeline""}",render
vend_001,v01_pass_001_V01_S1650_I00000128_P1721_f0001314,V01_S1650_I00000128_P1721,naturalistic/dev/0001/0031/V01_S1650_I00000128_P1721,naturalistic/dev/0001/0037/V01_S1650_I00000128_P1514,v01_pass,V01,naturalistic,1314,V01,naturalistic,dev,ipc_conversation,random draw from V01 files the current pipeline keeps,"{""flags_fired"": ""none"", ""fm1_knee_between_torso_p50"": 0.6301979535164031, ""fm2_longest_invalid_run_frames"": 0.0, ""fm2_smplh_valid_frac"": 1.0, ""fm3_static_frac"": 0.6849613152804642, ""fps"": 29.97, ""observed_duration_s"": 138.004533, ""raster"": ""1080x1920"", ""reproj_shoulder_widths_p50"": 0.047115769055735, ""valid_frac_box"": 1.0, ""vendor"": ""V01"", ""verdict"": ""PASSES the current pipeline""}",render
vend_002,v01_pass_002_V01_S0625_I00001222_P1863_f0001640,V01_S0625_I00001222_P1863,improvised/train/0057/0040/V01_S0625_I00001222_P1863,improvised/train/0057/0031/V01_S0625_I00001222_P1793,v01_pass,V01,improvised,1640,V01,improvised,train,ipc_conversation,random draw from V01 files the current pipeline keeps,"{""flags_fired"": ""none"", ""fm1_knee_between_torso_p50"": 0.6296189234597083, ""fm2_longest_invalid_run_frames"": 0.0, ""fm2_smplh_valid_frac"": 1.0, ""fm3_static_frac"": 0.02187567684643708, ""fps"": 29.98, ""observed_duration_s"": 154.0026, ""raster"": ""1080x1920"", ""reproj_shoulder_widths_p50"": 0.09472378582235715, ""valid_frac_box"": 1.0, ""vendor"": ""V01"", ""verdict"": ""PASSES the current pipeline""}",render
vend_003,v01_pass_003_V01_S0570_I00001233_P1719_f0007476,V01_S0570_I00001233_P1719,improvised/train/0056/0011/V01_S0570_I00001233_P1719,improvised/train/0056/0012/V01_S0570_I00001233_P1754,v01_pass,V01,improvised,7476,V01,improvised,train,ipc_conversation,random draw from V01 files the current pipeline keeps,"{""flags_fired"": ""none"", ""fm1_knee_between_torso_p50"": 0.598170857721652, ""fm2_longest_invalid_run_frames"": 0.0, ""fm2_smplh_valid_frac"": 1.0, ""fm3_static_frac"": 0.05220470641992232, ""fps"": 29.98, ""observed_duration_s"": 292.027533, ""raster"": ""1080x1920"", ""reproj_shoulder_widths_p50"": 0.04208849012855806, ""valid_frac_box"": 1.0, ""vendor"": ""V01"", ""verdict"": ""PASSES the current pipeline""}",render
vend_004,v01_pass_004_V01_S0603_I00000723_P1723_f0000176,V01_S0603_I00000723_P1723,improvised/train/0057/0010/V01_S0603_I00000723_P1723,improvised/train/0057/0038/V01_S0603_I00000723_P1785,v01_pass,V01,improvised,176,V01,improvised,train,ipc_conversation,random draw from V01 files the current pipeline keeps,"{""flags_fired"": ""none"", ""fm1_knee_between_torso_p50"": 0.6316767349902729, ""fm2_longest_invalid_run_frames"": 0.0, ""fm2_smplh_valid_frac"": 1.0, ""fm3_static_frac"": 0.602203182374541, ""fps"": 29.98, ""observed_duration_s"": 218.011556, ""raster"": ""1080x1920"", ""reproj_shoulder_widths_p50"": 0.1501839314383902, ""valid_frac_box"": 1.0, ""vendor"": ""V01"", ""verdict"": ""PASSES the current pipeline""}",render
vend_005,v01_pass_005_V01_S0260_I00001233_P1470_f0006457,V01_S0260_I00001233_P1470,improvised/train/0051/0001/V01_S0260_I00001233_P1470,improvised/train/0051/0043/V01_S0260_I00001233_P1471,v01_pass,V01,improvised,6457,V01,improvised,train,ipc_conversation,random draw from V01 files the current pipeline keeps,"{""flags_fired"": ""none"", ""fm1_knee_between_torso_p50"": 0.556785670173952, ""fm2_longest_invalid_run_frames"": 0.0, ""fm2_smplh_valid_frac"": 1.0, ""fm3_static_frac"": 0.08199261113097366, ""fps"": 29.97, ""observed_duration_s"": 280.0127, ""raster"": ""1080x1920"", ""reproj_shoulder_widths_p50"": 0.10594344857114285, ""valid_frac_box"": 1.0, ""vendor"": ""V01"", ""verdict"": ""PASSES the current pipeline""}",render
vend_006,v01_pass_006_V01_S0143_I00000138_P1262_f0000402,V01_S0143_I00000138_P1262,naturalistic/train/0037/0031/V01_S0143_I00000138_P1262,naturalistic/train/0037/0015/V01_S0143_I00000138_P1263,v01_pass,V01,naturalistic,402,V01,naturalistic,train,ipc_conversation,random draw from V01 files the current pipeline keeps,"{""flags_fired"": ""none"", ""fm1_knee_between_torso_p50"": 0.6075720469580119, ""fm2_longest_invalid_run_frames"": 0.0, ""fm2_smplh_valid_frac"": 1.0, ""fm3_static_frac"": 0.579924650161464, ""fps"": 29.97, ""observed_duration_s"": 124.023533, ""raster"": ""1080x1920"", ""reproj_shoulder_widths_p50"": 0.03939229622469067, ""valid_frac_box"": 1.0, ""vendor"": ""V01"", ""verdict"": ""PASSES the current pipeline""}",render
vend_007,v01_pass_007_V01_S1870_I00000641_P2406_f0002561,V01_S1870_I00000641_P2406,improvised/train/0061/0027/V01_S1870_I00000641_P2406,improvised/train/0061/0012/V01_S1870_I00000641_P2745,v01_pass,V01,improvised,2561,V01,improvised,train,ipc_conversation,random draw from V01 files the current pipeline keeps,"{""flags_fired"": ""none"", ""fm1_knee_between_torso_p50"": 0.716202147335172, ""fm2_longest_invalid_run_frames"": 0.0, ""fm2_smplh_valid_frac"": 1.0, ""fm3_static_frac"": 0.39089481946624804, ""fps"": 29.98, ""observed_duration_s"": 170.012911, ""raster"": ""1080x1920"", ""reproj_shoulder_widths_p50"": 0.055927699012054244, ""valid_frac_box"": 1.0, ""vendor"": ""V01"", ""verdict"": ""PASSES the current pipeline""}",render
vend_008,v01_pass_008_V01_S1699_I00000683_P2639_f0005759,V01_S1699_I00000683_P2639,improvised/train/0059/0014/V01_S1699_I00000683_P2639,improvised/train/0059/0050/V01_S1699_I00000683_P1889,v01_pass,V01,improvised,5759,V01,improvised,train,ipc_conversation,random draw from V01 files the current pipeline keeps,"{""flags_fired"": ""none"", ""fm1_knee_between_torso_p50"": 0.5932519243985006, ""fm2_longest_invalid_run_frames"": 0.0, ""fm2_smplh_valid_frac"": 1.0, ""fm3_static_frac"": 0.014397719173200286, ""fps"": 29.98, ""observed_duration_s"": 234.022222, ""raster"": ""1080x1920"", ""reproj_shoulder_widths_p50"": 0.039181325540527376, ""valid_frac_box"": 1.0, ""vendor"": ""V01"", ""verdict"": ""PASSES the current pipeline""}",render
vend_009,v01_pass_009_V01_S0618_I00001222_P1789_f0005788,V01_S0618_I00001222_P1789,improvised/train/0057/0040/V01_S0618_I00001222_P1789,improvised/train/0057/0040/V01_S0618_I00001222_P1744,v01_pass,V01,improvised,5788,V01,improvised,train,ipc_conversation,random draw from V01 files the current pipeline keeps,"{""flags_fired"": ""none"", ""fm1_knee_between_torso_p50"": 0.5828576456717074, ""fm2_longest_invalid_run_frames"": 0.0, ""fm2_smplh_valid_frac"": 1.0, ""fm3_static_frac"": 0.10706556333545512, ""fps"": 29.98, ""observed_duration_s"": 262.007889, ""raster"": ""1080x1920"", ""reproj_shoulder_widths_p50"": 0.03399372395678053, ""valid_frac_box"": 1.0, ""vendor"": ""V01"", ""verdict"": ""PASSES the current pipeline""}",render
vend_010,v01_pass_010_V01_S1896_I00000675_P2677_f0000473,V01_S1896_I00000675_P2677,improvised/train/0061/0052/V01_S1896_I00000675_P2677,improvised/train/0061/0015/V01_S1896_I00000675_P2615,v01_pass,V01,improvised,473,V01,improvised,train,ipc_conversation,random draw from V01 files the current pipeline keeps,"{""flags_fired"": ""none"", ""fm1_knee_between_torso_p50"": 0.6243023374017946, ""fm2_longest_invalid_run_frames"": 0.0, ""fm2_smplh_valid_frac"": 1.0, ""fm3_static_frac"": 0.0017556693489392831, ""fps"": 29.98, ""observed_duration_s"": 228.018222, ""raster"": ""1080x1920"", ""reproj_shoulder_widths_p50"": 0.05140934660873724, ""valid_frac_box"": 1.0, ""vendor"": ""V01"", ""verdict"": ""PASSES the current pipeline""}",render
vend_011,v01_pass_011_V01_S0428_I00001015_P1246_f0006163,V01_S0428_I00001015_P1246,improvised/train/0053/0050/V01_S0428_I00001015_P1246,improvised/train/0053/0032/V01_S0428_I00001015_P1768,v01_pass,V01,improvised,6163,V01,improvised,train,ipc_conversation,random draw from V01 files the current pipeline keeps,"{""flags_fired"": ""none"", ""fm1_knee_between_torso_p50"": 0.5686734430380442, ""fm2_longest_invalid_run_frames"": 0.0, ""fm2_smplh_valid_frac"": 1.0, ""fm3_static_frac"": 0.16313289305990036, ""fps"": 29.97, ""observed_duration_s"": 288.0207, ""raster"": ""1080x1920"", ""reproj_shoulder_widths_p50"": 0.04366539544282289, ""valid_frac_box"": 1.0, ""vendor"": ""V01"", ""verdict"": ""PASSES the current pipeline""}",render
vend_012,v01_pass_012_V01_S0254_I00000307_P1559_f0004112,V01_S0254_I00000307_P1559,naturalistic/train/0039/0013/V01_S0254_I00000307_P1559,naturalistic/train/0039/0055/V01_S0254_I00000307_P1558,v01_pass,V01,naturalistic,4112,V01,naturalistic,train,ipc_conversation,random draw from V01 files the current pipeline keeps,"{""flags_fired"": ""none"", ""fm1_knee_between_torso_p50"": 0.6127230771737237, ""fm2_longest_invalid_run_frames"": 0.0, ""fm2_smplh_valid_frac"": 1.0, ""fm3_static_frac"": 0.4839302112029385, ""fps"": 29.97, ""observed_duration_s"": 218.0178, ""raster"": ""1080x1920"", ""reproj_shoulder_widths_p50"": 0.043317807689388574, ""valid_frac_box"": 1.0, ""vendor"": ""V01"", ""verdict"": ""PASSES the current pipeline""}",render
vend_013,v01_pass_013_V01_S0329_I00000601_P1672_f0005269,V01_S0329_I00000601_P1672,naturalistic/train/0040/0009/V01_S0329_I00000601_P1672,naturalistic/train/0040/0037/V01_S0329_I00000601_P1673,v01_pass,V01,naturalistic,5269,V01,naturalistic,train,grounded_gesture,random draw from V01 files the current pipeline keeps,"{""flags_fired"": ""none"", ""fm1_knee_between_torso_p50"": 0.5518222848251602, ""fm2_longest_invalid_run_frames"": 0.0, ""fm2_smplh_valid_frac"": 1.0, ""fm3_static_frac"": 0.3947262209067671, ""fps"": 29.97, ""observed_duration_s"": 248.014433, ""raster"": ""1080x1920"", ""reproj_shoulder_widths_p50"": 0.05747669233457815, ""valid_frac_box"": 1.0, ""vendor"": ""V01"", ""verdict"": ""PASSES the current pipeline""}",render
vend_014,v01_pass_014_V01_S0151_I00000125_P1276_f0000574,V01_S0151_I00000125_P1276,naturalistic/train/0037/0011/V01_S0151_I00000125_P1276,naturalistic/train/0037/0011/V01_S0151_I00000125_P1277,v01_pass,V01,naturalistic,574,V01,naturalistic,train,ipc_conversation,random draw from V01 files the current pipeline keeps,"{""flags_fired"": ""none"", ""fm1_knee_between_torso_p50"": 0.5854081078573758, ""fm2_longest_invalid_run_frames"": 0.0, ""fm2_smplh_valid_frac"": 1.0, ""fm3_static_frac"": 0.03465982028241335, ""fps"": 29.97, ""observed_duration_s"": 78.0109, ""raster"": ""1080x1920"", ""reproj_shoulder_widths_p50"": 0.05111679636948905, ""valid_frac_box"": 1.0, ""vendor"": ""V01"", ""verdict"": ""PASSES the current pipeline""}",render
vend_015,v01_pass_015_V01_S0596_I00001185_P1851_f0001628,V01_S0596_I00001185_P1851,improvised/train/0056/0023/V01_S0596_I00001185_P1851,improvised/train/0056/0050/V01_S0596_I00001185_P1791,v01_pass,V01,improvised,1628,V01,improvised,train,ipc_conversation,random draw from V01 files the current pipeline keeps,"{""flags_fired"": ""none"", ""fm1_knee_between_torso_p50"": 0.5849867146400323, ""fm2_longest_invalid_run_frames"": 0.0, ""fm2_smplh_valid_frac"": 1.0, ""fm3_static_frac"": 0.0, ""fps"": 29.97, ""observed_duration_s"": 198.0308, ""raster"": ""1080x1920"", ""reproj_shoulder_widths_p50"": 0.05569160407789399, ""valid_frac_box"": 1.0, ""vendor"": ""V01"", ""verdict"": ""PASSES the current pipeline""}",render
vend_016,v01_pass_016_V01_S0118_I00000138_P1222_f0000826,V01_S0118_I00000138_P1222,naturalistic/train/0036/0014/V01_S0118_I00000138_P1222,naturalistic/train/0036/0031/V01_S0118_I00000138_P1223,v01_pass,V01,naturalistic,826,V01,naturalistic,train,ipc_conversation,random draw from V01 files the current pipeline keeps,"{""flags_fired"": ""none"", ""fm1_knee_between_torso_p50"": 0.5899130651934703, ""fm2_longest_invalid_run_frames"": 0.0, ""fm2_smplh_valid_frac"": 1.0, ""fm3_static_frac"": 0.4934445768772348, ""fps"": 29.97, ""observed_duration_s"": 112.011533, ""raster"": ""1080x1920"", ""reproj_shoulder_widths_p50"": 0.03717045379395256, ""valid_frac_box"": 1.0, ""vendor"": ""V01"", ""verdict"": ""PASSES the current pipeline""}",render
vend_017,v01_pass_017_V01_S0149_I00000125_P1063_f0003247,V01_S0149_I00000125_P1063,improvised/train/0050/0020/V01_S0149_I00000125_P1063,improvised/train/0050/0015/V01_S0149_I00000125_P1272,v01_pass,V01,improvised,3247,V01,improvised,train,ipc_conversation,random draw from V01 files the current pipeline keeps,"{""flags_fired"": ""none"", ""fm1_knee_between_torso_p50"": 0.5754638970155237, ""fm2_longest_invalid_run_frames"": 0.0, ""fm2_smplh_valid_frac"": 1.0, ""fm3_static_frac"": 0.4098867147270855, ""fps"": 29.97, ""observed_duration_s"": 162.028167, ""raster"": ""1080x1920"", ""reproj_shoulder_widths_p50"": 0.04703551989118439, ""valid_frac_box"": 1.0, ""vendor"": ""V01"", ""verdict"": ""PASSES the current pipeline""}",render
vend_018,v01_pass_018_V01_S0594_I00000718_P1231_f0004230,V01_S0594_I00000718_P1231,improvised/train/0056/0019/V01_S0594_I00000718_P1231,improvised/train/0056/0041/V01_S0594_I00000718_P1747,v01_pass,V01,improvised,4230,V01,improvised,train,ipc_conversation,random draw from V01 files the current pipeline keeps,"{""flags_fired"": ""none"", ""fm1_knee_between_torso_p50"": 0.6050214462752135, ""fm2_longest_invalid_run_frames"": 0.0, ""fm2_smplh_valid_frac"": 1.0, ""fm3_static_frac"": 0.4505019305019305, ""fps"": 29.98, ""observed_duration_s"": 216.010222, ""raster"": ""1080x1920"", ""reproj_shoulder_widths_p50"": 0.07692854447804817, ""valid_frac_box"": 1.0, ""vendor"": ""V01"", ""verdict"": ""PASSES the current pipeline""}",render
vend_019,v01_pass_019_V01_S0108_I00000125_P1203_f0000004,V01_S0108_I00000125_P1203,naturalistic/dev/0001/0029/V01_S0108_I00000125_P1203,naturalistic/dev/0001/0007/V01_S0108_I00000125_P1204,v01_pass,V01,naturalistic,4,V01,naturalistic,dev,ipc_conversation,random draw from V01 files the current pipeline keeps,"{""flags_fired"": ""none"", ""fm1_knee_between_torso_p50"": 0.5718465190400881, ""fm2_longest_invalid_run_frames"": 0.0, ""fm2_smplh_valid_frac"": 1.0, ""fm3_static_frac"": 0.7282841249465126, ""fps"": 29.97, ""observed_duration_s"": 78.0109, ""raster"": ""1080x1920"", ""reproj_shoulder_widths_p50"": 0.03972264504684823, ""valid_frac_box"": 1.0, ""vendor"": ""V01"", ""verdict"": ""PASSES the current pipeline""}",render
vend_020,v01_pass_020_V01_S0114_I00000140_P1214_f0000695,V01_S0114_I00000140_P1214,improvised/train/0050/0010/V01_S0114_I00000140_P1214,improvised/train/0050/0009/V01_S0114_I00000140_P1215,v01_pass,V01,improvised,695,V01,improvised,train,ipc_conversation,random draw from V01 files the current pipeline keeps,"{""flags_fired"": ""none"", ""fm1_knee_between_torso_p50"": 0.5646931145787917, ""fm2_longest_invalid_run_frames"": 0.0, ""fm2_smplh_valid_frac"": 1.0, ""fm3_static_frac"": 0.6393146979260595, ""fps"": 29.97, ""observed_duration_s"": 74.0069, ""raster"": ""1080x1920"", ""reproj_shoulder_widths_p50"": 0.04439406105267765, ""valid_frac_box"": 1.0, ""vendor"": ""V01"", ""verdict"": ""PASSES the current pipeline""}",render
vend_021,v01_pass_021_V01_S0603_I00000719_P1723_f0004787,V01_S0603_I00000719_P1723,improvised/train/0057/0016/V01_S0603_I00000719_P1723,improvised/train/0057/0048/V01_S0603_I00000719_P1785,v01_pass,V01,improvised,4787,V01,improvised,train,ipc_conversation,random draw from V01 files the current pipeline keeps,"{""flags_fired"": ""none"", ""fm1_knee_between_torso_p50"": 0.644417712967652, ""fm2_longest_invalid_run_frames"": 0.0, ""fm2_smplh_valid_frac"": 1.0, ""fm3_static_frac"": 0.23876786929884275, ""fps"": 29.98, ""observed_duration_s"": 196.030244, ""raster"": ""1080x1920"", ""reproj_shoulder_widths_p50"": 0.04860618024758906, ""valid_frac_box"": 1.0, ""vendor"": ""V01"", ""verdict"": ""PASSES the current pipeline""}",render
vend_022,v01_pass_022_V01_S1845_I00000696_P2737_f0001902,V01_S1845_I00000696_P2737,improvised/train/0061/0000/V01_S1845_I00000696_P2737,improvised/train/0061/0054/V01_S1845_I00000696_P2637,v01_pass,V01,improvised,1902,V01,improvised,train,ipc_conversation,random draw from V01 files the current pipeline keeps,"{""flags_fired"": ""none"", ""fm1_knee_between_torso_p50"": 0.5862111355893234, ""fm2_longest_invalid_run_frames"": 0.0, ""fm2_smplh_valid_frac"": 1.0, ""fm3_static_frac"": 0.020081688223281144, ""fps"": 29.98, ""observed_duration_s"": 196.0306, ""raster"": ""1080x1920"", ""reproj_shoulder_widths_p50"": 0.05110686443382917, ""valid_frac_box"": 1.0, ""vendor"": ""V01"", ""verdict"": ""PASSES the current pipeline""}",render
vend_023,v01_pass_023_V01_S0133_I00000309_P1023_f0000139,V01_S0133_I00000309_P1023,naturalistic/train/0036/0017/V01_S0133_I00000309_P1023,naturalistic/train/0036/0002/V01_S0133_I00000309_P1249,v01_pass,V01,naturalistic,139,V01,naturalistic,train,ipc_conversation,random draw from V01 files the current pipeline keeps,"{""flags_fired"": ""none"", ""fm1_knee_between_torso_p50"": 0.6534910770795853, ""fm2_longest_invalid_run_frames"": 0.0, ""fm2_smplh_valid_frac"": 1.0, ""fm3_static_frac"": 0.42124768375540456, ""fps"": 29.97, ""observed_duration_s"": 54.020633, ""raster"": ""1080x1920"", ""reproj_shoulder_widths_p50"": 0.06360546817077366, ""valid_frac_box"": 1.0, ""vendor"": ""V01"", ""verdict"": ""PASSES the current pipeline""}",render
vend_024,v01_pass_024_V01_S0492_I00000719_P1721_f0000532,V01_S0492_I00000719_P1721,improvised/train/0054/0039/V01_S0492_I00000719_P1721,improvised/train/0054/0029/V01_S0492_I00000719_P1801,v01_pass,V01,improvised,532,V01,improvised,train,ipc_conversation,random draw from V01 files the current pipeline keeps,"{""flags_fired"": ""none"", ""fm1_knee_between_torso_p50"": 0.628692820591776, ""fm2_longest_invalid_run_frames"": 0.0, ""fm2_smplh_valid_frac"": 1.0, ""fm3_static_frac"": 0.005608856088560886, ""fps"": 29.98, ""observed_duration_s"": 226.016889, ""raster"": ""1080x1920"", ""reproj_shoulder_widths_p50"": 0.16228967874045222, ""valid_frac_box"": 1.0, ""vendor"": ""V01"", ""verdict"": ""PASSES the current pipeline""}",render
vend_025,v01_pass_025_V01_S0632_I00001133_P1849_f0000528,V01_S0632_I00001133_P1849,improvised/train/0058/0053/V01_S0632_I00001133_P1849,improvised/train/0058/0047/V01_S0632_I00001133_P1866,v01_pass,V01,improvised,528,V01,improvised,train,ipc_conversation,random draw from V01 files the current pipeline keeps,"{""flags_fired"": ""none"", ""fm1_knee_between_torso_p50"": 0.5184206900302337, ""fm2_longest_invalid_run_frames"": 0.0, ""fm2_smplh_valid_frac"": 1.0, ""fm3_static_frac"": 0.7234085824689852, ""fps"": 29.98, ""observed_duration_s"": 164.009267, ""raster"": ""1080x1920"", ""reproj_shoulder_widths_p50"": 0.06598467556075376, ""valid_frac_box"": 1.0, ""vendor"": ""V01"", ""verdict"": ""PASSES the current pipeline""}",render
vend_026,v01_pass_026_V01_S0091_I00000135_P1175_f0000092,V01_S0091_I00000135_P1175,naturalistic/train/0035/0042/V01_S0091_I00000135_P1175,naturalistic/train/0035/0008/V01_S0091_I00000135_P1174,v01_pass,V01,naturalistic,92,V01,naturalistic,train,collaborative_storytelling,random draw from V01 files the current pipeline keeps,"{""flags_fired"": ""none"", ""fm1_knee_between_torso_p50"": 0.6274779215825315, ""fm2_longest_invalid_run_frames"": 0.0, ""fm2_smplh_valid_frac"": 1.0, ""fm3_static_frac"": 0.5159235668789809, ""fps"": 29.97, ""observed_duration_s"": 110.009533, ""raster"": ""1080x1920"", ""reproj_shoulder_widths_p50"": 0.041660113427165246, ""valid_frac_box"": 1.0, ""vendor"": ""V01"", ""verdict"": ""PASSES the current pipeline""}",render
vend_027,v01_pass_027_V01_S0143_I00000498_P1263_f0001420,V01_S0143_I00000498_P1263,naturalistic/train/0037/0029/V01_S0143_I00000498_P1263,naturalistic/train/0037/0005/V01_S0143_I00000498_P1262,v01_pass,V01,naturalistic,1420,V01,naturalistic,train,ipc_conversation,random draw from V01 files the current pipeline keeps,"{""flags_fired"": ""none"", ""fm1_knee_between_torso_p50"": 0.6189592908327162, ""fm2_longest_invalid_run_frames"": 0.0, ""fm2_smplh_valid_frac"": 1.0, ""fm3_static_frac"": 0.2857928505957837, ""fps"": 29.97, ""observed_duration_s"": 182.0148, ""raster"": ""1080x1920"", ""reproj_shoulder_widths_p50"": 0.09466647020570337, ""valid_frac_box"": 1.0, ""vendor"": ""V01"", ""verdict"": ""PASSES the current pipeline""}",render
vend_028,v01_pass_028_V01_S0562_I00001233_P1839_f0000440,V01_S0562_I00001233_P1839,improvised/train/0056/0051/V01_S0562_I00001233_P1839,improvised/train/0056/0021/V01_S0562_I00001233_P1834,v01_pass,V01,improvised,440,V01,improvised,train,ipc_conversation,random draw from V01 files the current pipeline keeps,"{""flags_fired"": ""none"", ""fm1_knee_between_torso_p50"": 0.5490243297292101, ""fm2_longest_invalid_run_frames"": 0.0, ""fm2_smplh_valid_frac"": 1.0, ""fm3_static_frac"": 0.16072545340838024, ""fps"": 29.98, ""observed_duration_s"": 160.006244, ""raster"": ""1080x1920"", ""reproj_shoulder_widths_p50"": 0.09142141008937602, ""valid_frac_box"": 1.0, ""vendor"": ""V01"", ""verdict"": ""PASSES the current pipeline""}",render
vend_029,v01_pass_029_V01_S0624_I00001011_P1862_f0001214,V01_S0624_I00001011_P1862,improvised/train/0057/0013/V01_S0624_I00001011_P1862,improvised/train/0057/0038/V01_S0624_I00001011_P1861,v01_pass,V01,improvised,1214,V01,improvised,train,ipc_conversation,random draw from V01 files the current pipeline keeps,"{""flags_fired"": ""none"", ""fm1_knee_between_torso_p50"": 0.6284820444239145, ""fm2_longest_invalid_run_frames"": 0.0, ""fm2_smplh_valid_frac"": 1.0, ""fm3_static_frac"": 0.02320038137613221, ""fps"": 29.97, ""observed_duration_s"": 210.009433, ""raster"": ""1080x1920"", ""reproj_shoulder_widths_p50"": 0.11169858160726118, ""valid_frac_box"": 1.0, ""vendor"": ""V01"", ""verdict"": ""PASSES the current pipeline""}",render
vend_030,v01_pass_030_V01_S0567_I00001214_P1844_f0000892,V01_S0567_I00001214_P1844,improvised/train/0056/0002/V01_S0567_I00001214_P1844,improvised/train/0056/0016/V01_S0567_I00001214_P1789,v01_pass,V01,improvised,892,V01,improvised,train,ipc_conversation,random draw from V01 files the current pipeline keeps,"{""flags_fired"": ""none"", ""fm1_knee_between_torso_p50"": 0.6194132879693088, ""fm2_longest_invalid_run_frames"": 0.0, ""fm2_smplh_valid_frac"": 1.0, ""fm3_static_frac"": 0.012400354295837024, ""fps"": 29.97, ""observed_duration_s"": 226.0258, ""raster"": ""1080x1920"", ""reproj_shoulder_widths_p50"": 0.036460133667084595, ""valid_frac_box"": 1.0, ""vendor"": ""V01"", ""verdict"": ""PASSES the current pipeline""}",render
vend_031,v01_pass_031_V01_S0104_I00000128_P1196_f0000119,V01_S0104_I00000128_P1196,naturalistic/train/0035/0006/V01_S0104_I00000128_P1196,,v01_pass,V01,naturalistic,119,V01,naturalistic,train,ipc_conversation,random draw from V01 files the current pipeline keeps,"{""flags_fired"": ""none"", ""fm1_knee_between_torso_p50"": 0.6719309048710083, ""fm2_longest_invalid_run_frames"": 0.0, ""fm2_smplh_valid_frac"": 1.0, ""fm3_static_frac"": 0.31460345332162715, ""fps"": 29.97, ""observed_duration_s"": 114.0139, ""raster"": ""1080x1920"", ""reproj_shoulder_widths_p50"": 0.06169433296408698, ""valid_frac_box"": 1.0, ""vendor"": ""V01"", ""verdict"": ""PASSES the current pipeline""}",render
vend_032,v01_pass_032_V01_S1837_I00000671_P2687_f0004676,V01_S1837_I00000671_P2687,improvised/train/0061/0006/V01_S1837_I00000671_P2687,improvised/train/0061/0050/V01_S1837_I00000671_P2689,v01_pass,V01,improvised,4676,V01,improvised,train,ipc_conversation,random draw from V01 files the current pipeline keeps,"{""flags_fired"": ""none"", ""fm1_knee_between_torso_p50"": 0.5454277212785753, ""fm2_longest_invalid_run_frames"": 0.0, ""fm2_smplh_valid_frac"": 1.0, ""fm3_static_frac"": 0.0065113091158327625, ""fps"": 29.98, ""observed_duration_s"": 292.027889, ""raster"": ""1080x1920"", ""reproj_shoulder_widths_p50"": 0.05087603247904908, ""valid_frac_box"": 1.0, ""vendor"": ""V01"", ""verdict"": ""PASSES the current pipeline""}",render
vend_033,v01_pass_033_V01_S0270_I00000130_P1580_f0000546,V01_S0270_I00000130_P1580,naturalistic/train/0039/0011/V01_S0270_I00000130_P1580,naturalistic/train/0039/0020/V01_S0270_I00000130_P1579,v01_pass,V01,naturalistic,546,V01,naturalistic,train,ipc_conversation,random draw from V01 files the current pipeline keeps,"{""flags_fired"": ""none"", ""fm1_knee_between_torso_p50"": 0.5368502896450503, ""fm2_longest_invalid_run_frames"": 0.0, ""fm2_smplh_valid_frac"": 1.0, ""fm3_static_frac"": 0.0007254261878853826, ""fps"": 29.97, ""observed_duration_s"": 184.0168, ""raster"": ""1080x1920"", ""reproj_shoulder_widths_p50"": 0.045897313359238814, ""valid_frac_box"": 1.0, ""vendor"": ""V01"", ""verdict"": ""PASSES the current pipeline""}",render
vend_034,v01_pass_034_V01_S1829_I00000682_P2662_f0004983,V01_S1829_I00000682_P2662,improvised/train/0060/0003/V01_S1829_I00000682_P2662,improvised/train/0060/0013/V01_S1829_I00000682_P2632,v01_pass,V01,improvised,4983,V01,improvised,train,ipc_conversation,random draw from V01 files the current pipeline keeps,"{""flags_fired"": ""none"", ""fm1_knee_between_torso_p50"": 0.6320061942206563, ""fm2_longest_invalid_run_frames"": 0.0, ""fm2_smplh_valid_frac"": 1.0, ""fm3_static_frac"": 0.06327665140614781, ""fps"": 29.98, ""observed_duration_s"": 204.002222, ""raster"": ""1080x1920"", ""reproj_shoulder_widths_p50"": 0.04089022701593178, ""valid_frac_box"": 1.0, ""vendor"": ""V01"", ""verdict"": ""PASSES the current pipeline""}",render
vend_035,v01_pass_035_V01_S0635_I00001221_P1210_f0004700,V01_S0635_I00001221_P1210,improvised/train/0058/0046/V01_S0635_I00001221_P1210,improvised/train/0058/0032/V01_S0635_I00001221_P1518,v01_pass,V01,improvised,4700,V01,improvised,train,ipc_conversation,random draw from V01 files the current pipeline keeps,"{""flags_fired"": ""none"", ""fm1_knee_between_torso_p50"": 0.5669753485758948, ""fm2_longest_invalid_run_frames"": 0.0, ""fm2_smplh_valid_frac"": 1.0, ""fm3_static_frac"": 0.12091730368311328, ""fps"": 29.98, ""observed_duration_s"": 240.026222, ""raster"": ""1080x1920"", ""reproj_shoulder_widths_p50"": 0.06226485960844261, ""valid_frac_box"": 1.0, ""vendor"": ""V01"", ""verdict"": ""PASSES the current pipeline""}",render
vend_036,v01_pass_036_V01_S1879_I00000650_P2764_f0003349,V01_S1879_I00000650_P2764,improvised/train/0061/0014/V01_S1879_I00000650_P2764,improvised/train/0061/0053/V01_S1879_I00000650_P2763,v01_pass,V01,improvised,3349,V01,improvised,train,ipc_conversation,random draw from V01 files the current pipeline keeps,"{""flags_fired"": ""none"", ""fm1_knee_between_torso_p50"": 0.5649930579238835, ""fm2_longest_invalid_run_frames"": 0.0, ""fm2_smplh_valid_frac"": 1.0, ""fm3_static_frac"": 0.4132231404958678, ""fps"": 29.98, ""observed_duration_s"": 226.017244, ""raster"": ""1080x1920"", ""reproj_shoulder_widths_p50"": 0.10390821971341545, ""valid_frac_box"": 1.0, ""vendor"": ""V01"", ""verdict"": ""PASSES the current pipeline""}",render
vend_037,v01_pass_037_V01_S0258_I00001232_P1466_f0000406,V01_S0258_I00001232_P1466,improvised/train/0051/0061/V01_S0258_I00001232_P1466,improvised/train/0051/0021/V01_S0258_I00001232_P1467,v01_pass,V01,improvised,406,V01,improvised,train,ipc_conversation,random draw from V01 files the current pipeline keeps,"{""flags_fired"": ""none"", ""fm1_knee_between_torso_p50"": 0.5909731814153532, ""fm2_longest_invalid_run_frames"": 0.0, ""fm2_smplh_valid_frac"": 1.0, ""fm3_static_frac"": 0.3552094920281795, ""fps"": 29.97, ""observed_duration_s"": 90.0229, ""raster"": ""1080x1920"", ""reproj_shoulder_widths_p50"": 0.05591016341101746, ""valid_frac_box"": 1.0, ""vendor"": ""V01"", ""verdict"": ""PASSES the current pipeline""}",render
vend_038,v01_pass_038_V01_S0154_I00000313_P1052_f0000048,V01_S0154_I00000313_P1052,naturalistic/train/0037/0020/V01_S0154_I00000313_P1052,naturalistic/train/0037/0010/V01_S0154_I00000313_P1282,v01_pass,V01,naturalistic,48,V01,naturalistic,train,ipc_conversation,random draw from V01 files the current pipeline keeps,"{""flags_fired"": ""none"", ""fm1_knee_between_torso_p50"": 0.6348831608061991, ""fm2_longest_invalid_run_frames"": 0.0, ""fm2_smplh_valid_frac"": 1.0, ""fm3_static_frac"": 0.09645464025026068, ""fps"": 29.97, ""observed_duration_s"": 64.030633, ""raster"": ""1080x1920"", ""reproj_shoulder_widths_p50"": 0.05352473331604565, ""valid_frac_box"": 1.0, ""vendor"": ""V01"", ""verdict"": ""PASSES the current pipeline""}",render
vend_039,v01_pass_039_V01_S0752_I00001201_P1861_f0008379,V01_S0752_I00001201_P1861,improvised/train/0058/0034/V01_S0752_I00001201_P1861,improvised/train/0058/0039/V01_S0752_I00001201_P1515,v01_pass,V01,improvised,8379,V01,improvised,train,ipc_conversation,random draw from V01 files the current pipeline keeps,"{""flags_fired"": ""none"", ""fm1_knee_between_torso_p50"": 0.6112291828940737, ""fm2_longest_invalid_run_frames"": 0.0, ""fm2_smplh_valid_frac"": 1.0, ""fm3_static_frac"": 0.3572443854828011, ""fps"": 29.98, ""observed_duration_s"": 352.000822, ""raster"": ""1080x1920"", ""reproj_shoulder_widths_p50"": 0.055992665423311674, ""valid_frac_box"": 1.0, ""vendor"": ""V01"", ""verdict"": ""PASSES the current pipeline""}",render
vend_040,v01_pass_040_V01_S0105_I00000127_P1004_f0000012,V01_S0105_I00000127_P1004,naturalistic/train/0035/0019/V01_S0105_I00000127_P1004,naturalistic/train/0035/0009/V01_S0105_I00000127_P1198,v01_pass,V01,naturalistic,12,V01,naturalistic,train,ipc_conversation,random draw from V01 files the current pipeline keeps,"{""flags_fired"": ""none"", ""fm1_knee_between_torso_p50"": 0.5449610935154254, ""fm2_longest_invalid_run_frames"": 0.0, ""fm2_smplh_valid_frac"": 1.0, ""fm3_static_frac"": 0.6355578727841501, ""fps"": 29.97, ""observed_duration_s"": 64.030267, ""raster"": ""1080x1920"", ""reproj_shoulder_widths_p50"": 0.05903276838605952, ""valid_frac_box"": 1.0, ""vendor"": ""V01"", ""verdict"": ""PASSES the current pipeline""}",render
vend_041,v01_pass_041_V01_S0513_I00001131_P1793_f0000899,V01_S0513_I00001131_P1793,improvised/train/0055/0018/V01_S0513_I00001131_P1793,improvised/train/0055/0022/V01_S0513_I00001131_P1186,v01_pass,V01,improvised,899,V01,improvised,train,ipc_conversation,random draw from V01 files the current pipeline keeps,"{""flags_fired"": ""none"", ""fm1_knee_between_torso_p50"": 0.6399754634697798, ""fm2_longest_invalid_run_frames"": 0.0, ""fm2_smplh_valid_frac"": 1.0, ""fm3_static_frac"": 0.18031223930401621, ""fps"": 29.97, ""observed_duration_s"": 280.0127, ""raster"": ""1080x1920"", ""reproj_shoulder_widths_p50"": 0.040578306207317484, ""valid_frac_box"": 1.0, ""vendor"": ""V01"", ""verdict"": ""PASSES the current pipeline""}",render
vend_042,v01_pass_042_V01_S0134_I00000126_P1053_f0002633,V01_S0134_I00000126_P1053,naturalistic/train/0036/0029/V01_S0134_I00000126_P1053,naturalistic/train/0036/0011/V01_S0134_I00000126_P1250,v01_pass,V01,naturalistic,2633,V01,naturalistic,train,ipc_conversation,random draw from V01 files the current pipeline keeps,"{""flags_fired"": ""none"", ""fm1_knee_between_torso_p50"": 0.6269841813913488, ""fm2_longest_invalid_run_frames"": 0.0, ""fm2_smplh_valid_frac"": 1.0, ""fm3_static_frac"": 0.24324324324324326, ""fps"": 29.97, ""observed_duration_s"": 142.008167, ""raster"": ""1080x1920"", ""reproj_shoulder_widths_p50"": 0.0371538336242295, ""valid_frac_box"": 1.0, ""vendor"": ""V01"", ""verdict"": ""PASSES the current pipeline""}",render
vend_043,v01_pass_043_V01_S0141_I00000309_P1258_f0000829,V01_S0141_I00000309_P1258,naturalistic/train/0037/0004/V01_S0141_I00000309_P1258,naturalistic/train/0037/0009/V01_S0141_I00000309_P1259,v01_pass,V01,naturalistic,829,V01,naturalistic,train,ipc_conversation,random draw from V01 files the current pipeline keeps,"{""flags_fired"": ""none"", ""fm1_knee_between_torso_p50"": 0.5581049912015714, ""fm2_longest_invalid_run_frames"": 0.0, ""fm2_smplh_valid_frac"": 1.0, ""fm3_static_frac"": 0.03497281265447355, ""fps"": 29.97, ""observed_duration_s"": 270.003067, ""raster"": ""1080x1920"", ""reproj_shoulder_widths_p50"": 0.04373154890303099, ""valid_frac_box"": 1.0, ""vendor"": ""V01"", ""verdict"": ""PASSES the current pipeline""}",render
vend_044,v01_pass_044_V01_S0139_I00000313_P1255_f0000069,V01_S0139_I00000313_P1255,naturalistic/train/0036/0032/V01_S0139_I00000313_P1255,naturalistic/train/0036/0023/V01_S0139_I00000313_P1055,v01_pass,V01,naturalistic,69,V01,naturalistic,train,ipc_conversation,random draw from V01 files the current pipeline keeps,"{""flags_fired"": ""none"", ""fm1_knee_between_torso_p50"": 0.5443827846460109, ""fm2_longest_invalid_run_frames"": 0.0, ""fm2_smplh_valid_frac"": 1.0, ""fm3_static_frac"": 0.38422649140546006, ""fps"": 29.97, ""observed_duration_s"": 66.032633, ""raster"": ""1080x1920"", ""reproj_shoulder_widths_p50"": 0.09764844737241318, ""valid_frac_box"": 1.0, ""vendor"": ""V01"", ""verdict"": ""PASSES the current pipeline""}",render
vend_045,v01_pass_045_V01_S0149_I00000137_P1272_f0002904,V01_S0149_I00000137_P1272,improvised/train/0050/0032/V01_S0149_I00000137_P1272,improvised/train/0050/0023/V01_S0149_I00000137_P1063,v01_pass,V01,improvised,2904,V01,improvised,train,ipc_conversation,random draw from V01 files the current pipeline keeps,"{""flags_fired"": ""none"", ""fm1_knee_between_torso_p50"": 0.5991866644142683, ""fm2_longest_invalid_run_frames"": 0.0, ""fm2_smplh_valid_frac"": 1.0, ""fm3_static_frac"": 0.5798255593477436, ""fps"": 29.97, ""observed_duration_s"": 176.0088, ""raster"": ""1080x1920"", ""reproj_shoulder_widths_p50"": 0.04719098148292167, ""valid_frac_box"": 1.0, ""vendor"": ""V01"", ""verdict"": ""PASSES the current pipeline""}",render
vend_046,v01_pass_046_V01_S0329_I00000323_P1672_f0001457,V01_S0329_I00000323_P1672,naturalistic/train/0040/0039/V01_S0329_I00000323_P1672,naturalistic/train/0040/0022/V01_S0329_I00000323_P1673,v01_pass,V01,naturalistic,1457,V01,naturalistic,train,ipc_conversation,random draw from V01 files the current pipeline keeps,"{""flags_fired"": ""none"", ""fm1_knee_between_torso_p50"": 0.5530680917409163, ""fm2_longest_invalid_run_frames"": 0.0, ""fm2_smplh_valid_frac"": 1.0, ""fm3_static_frac"": 0.04867377631938748, ""fps"": 29.97, ""observed_duration_s"": 122.0219, ""raster"": ""1080x1920"", ""reproj_shoulder_widths_p50"": 0.0591848559537932, ""valid_frac_box"": 1.0, ""vendor"": ""V01"", ""verdict"": ""PASSES the current pipeline""}",render
vend_047,v01_pass_047_V01_S0641_I00001224_P1865_f0001997,V01_S0641_I00001224_P1865,improvised/train/0058/0035/V01_S0641_I00001224_P1865,improvised/train/0058/0034/V01_S0641_I00001224_P1864,v01_pass,V01,improvised,1997,V01,improvised,train,ipc_conversation,random draw from V01 files the current pipeline keeps,"{""flags_fired"": ""none"", ""fm1_knee_between_torso_p50"": 0.601201459589561, ""fm2_longest_invalid_run_frames"": 0.0, ""fm2_smplh_valid_frac"": 1.0, ""fm3_static_frac"": 0.24767404555662495, ""fps"": 29.97, ""observed_duration_s"": 104.003533, ""raster"": ""1080x1920"", ""reproj_shoulder_widths_p50"": 0.05568812856293405, ""valid_frac_box"": 1.0, ""vendor"": ""V01"", ""verdict"": ""PASSES the current pipeline""}",render
vend_048,v01_pass_048_V01_S1364_I00001295_P1750_f0000540,V01_S1364_I00001295_P1750,improvised/train/0059/0025/V01_S1364_I00001295_P1750,improvised/train/0059/0015/V01_S1364_I00001295_P2402,v01_pass,V01,improvised,540,V01,improvised,train,collaborative_storytelling,random draw from V01 files the current pipeline keeps,"{""flags_fired"": ""none"", ""fm1_knee_between_torso_p50"": 0.5385882324661934, ""fm2_longest_invalid_run_frames"": 0.0, ""fm2_smplh_valid_frac"": 1.0, ""fm3_static_frac"": 0.04448806018972849, ""fps"": 29.97, ""observed_duration_s"": 102.001533, ""raster"": ""1080x1920"", ""reproj_shoulder_widths_p50"": 0.1244009363772101, ""valid_frac_box"": 1.0, ""vendor"": ""V01"", ""verdict"": ""PASSES the current pipeline""}",render
vend_049,v01_pass_049_V01_S0597_I00001200_P1213_f0002438,V01_S0597_I00001200_P1213,improvised/train/0056/0014/V01_S0597_I00001200_P1213,improvised/train/0056/0009/V01_S0597_I00001200_P1789,v01_pass,V01,improvised,2438,V01,improvised,train,ipc_conversation,random draw from V01 files the current pipeline keeps,"{""flags_fired"": ""none"", ""fm1_knee_between_torso_p50"": 0.6317784669079524, ""fm2_longest_invalid_run_frames"": 0.0, ""fm2_smplh_valid_frac"": 1.0, ""fm3_static_frac"": 0.5853440571939231, ""fps"": 29.97, ""observed_duration_s"": 112.0119, ""raster"": ""1080x1920"", ""reproj_shoulder_widths_p50"": 0.051763231758964134, ""valid_frac_box"": 1.0, ""vendor"": ""V01"", ""verdict"": ""PASSES the current pipeline""}",render
vend_050,v01_pass_050_V01_S0641_I00001223_P1864_f0002091,V01_S0641_I00001223_P1864,improvised/train/0058/0017/V01_S0641_I00001223_P1864,improvised/train/0058/0054/V01_S0641_I00001223_P1865,v01_pass,V01,improvised,2091,V01,improvised,train,ipc_conversation,random draw from V01 files the current pipeline keeps,"{""flags_fired"": ""none"", ""fm1_knee_between_torso_p50"": 0.6188696361829112, ""fm2_longest_invalid_run_frames"": 0.0, ""fm2_smplh_valid_frac"": 1.0, ""fm3_static_frac"": 0.4016434262948207, ""fps"": 29.97, ""observed_duration_s"": 134.000167, ""raster"": ""1080x1920"", ""reproj_shoulder_widths_p50"": 0.04573667337149423, ""valid_frac_box"": 1.0, ""vendor"": ""V01"", ""verdict"": ""PASSES the current pipeline""}",render
vend_051,v01_pass_051_V01_S1715_I00000699_P2070_f0002509,V01_S1715_I00000699_P2070,improvised/train/0060/0029/V01_S1715_I00000699_P2070,improvised/train/0060/0016/V01_S1715_I00000699_P1934,v01_pass,V01,improvised,2509,V01,improvised,train,collaborative_storytelling,random draw from V01 files the current pipeline keeps,"{""flags_fired"": ""none"", ""fm1_knee_between_torso_p50"": 0.6012375824162159, ""fm2_longest_invalid_run_frames"": 0.0, ""fm2_smplh_valid_frac"": 1.0, ""fm3_static_frac"": 0.2136529442417926, ""fps"": 29.98, ""observed_duration_s"": 128.018622, ""raster"": ""1080x1920"", ""reproj_shoulder_widths_p50"": 0.05469951086742564, ""valid_frac_box"": 1.0, ""vendor"": ""V01"", ""verdict"": ""PASSES the current pipeline""}",render
vend_052,v01_pass_052_V01_S0097_I00000139_P1002_f0001700,V01_S0097_I00000139_P1002,naturalistic/train/0035/0043/V01_S0097_I00000139_P1002,naturalistic/train/0035/0030/V01_S0097_I00000139_P1275,v01_pass,V01,naturalistic,1700,V01,naturalistic,train,ipc_conversation,random draw from V01 files the current pipeline keeps,"{""flags_fired"": ""none"", ""fm1_knee_between_torso_p50"": 0.6166219998254817, ""fm2_longest_invalid_run_frames"": 0.0, ""fm2_smplh_valid_frac"": 1.0, ""fm3_static_frac"": 0.09386485722363586, ""fps"": 29.97, ""observed_duration_s"": 118.0179, ""raster"": ""1080x1920"", ""reproj_shoulder_widths_p50"": 0.049496529547543015, ""valid_frac_box"": 1.0, ""vendor"": ""V01"", ""verdict"": ""PASSES the current pipeline""}",render
vend_053,v01_pass_053_V01_S0093_I00000134_P1178_f0000429,V01_S0093_I00000134_P1178,naturalistic/train/0035/0037/V01_S0093_I00000134_P1178,naturalistic/train/0035/0014/V01_S0093_I00000134_P1179,v01_pass,V01,naturalistic,429,V01,naturalistic,train,ipc_conversation,random draw from V01 files the current pipeline keeps,"{""flags_fired"": ""none"", ""fm1_knee_between_torso_p50"": 0.5560526356207542, ""fm2_longest_invalid_run_frames"": 0.0, ""fm2_smplh_valid_frac"": 1.0, ""fm3_static_frac"": 0.21115013169446883, ""fps"": 29.97, ""observed_duration_s"": 76.009267, ""raster"": ""1080x1920"", ""reproj_shoulder_widths_p50"": 0.09970636410875071, ""valid_frac_box"": 1.0, ""vendor"": ""V01"", ""verdict"": ""PASSES the current pipeline""}",render
vend_054,v01_pass_054_V01_S0108_I00000131_P1204_f0000679,V01_S0108_I00000131_P1204,naturalistic/dev/0001/0011/V01_S0108_I00000131_P1204,naturalistic/dev/0001/0028/V01_S0108_I00000131_P1203,v01_pass,V01,naturalistic,679,V01,naturalistic,dev,ipc_conversation,random draw from V01 files the current pipeline keeps,"{""flags_fired"": ""none"", ""fm1_knee_between_torso_p50"": 0.6293955781001068, ""fm2_longest_invalid_run_frames"": 0.0, ""fm2_smplh_valid_frac"": 1.0, ""fm3_static_frac"": 0.00914962325080732, ""fps"": 29.97, ""observed_duration_s"": 62.028267, ""raster"": ""1080x1920"", ""reproj_shoulder_widths_p50"": 0.04232552984208708, ""valid_frac_box"": 1.0, ""vendor"": ""V01"", ""verdict"": ""PASSES the current pipeline""}",render
vend_055,v01_flagged_055_V01_S1881_I00000193_P2766_f0001452,V01_S1881_I00000193_P2766,improvised/dev/0000/0001/V01_S1881_I00000193_P2766,improvised/dev/0000/0024/V01_S1881_I00000193_P2767,v01_flagged,V01,improvised,1452,V01,improvised,dev,ipc_conversation,random draw from V01 files the current pipeline rejects,"{""flags_fired"": ""fm3_static_hands"", ""fm1_knee_between_torso_p50"": 0.5927894646482238, ""fm2_longest_invalid_run_frames"": 0.0, ""fm2_smplh_valid_frac"": 1.0, ""fm3_static_frac"": 0.8514352211016292, ""fps"": 29.98, ""observed_duration_s"": 86.023978, ""raster"": ""1080x1920"", ""reproj_shoulder_widths_p50"": 0.07644938718783156, ""valid_frac_box"": 1.0, ""vendor"": ""V01"", ""verdict"": ""REJECTED by fm3_static_hands""}",render
vend_056,v01_flagged_056_V01_S0045_I00000126_P1086_f0000336,V01_S0045_I00000126_P1086,naturalistic/train/0033/0011/V01_S0045_I00000126_P1086,naturalistic/train/0033/0035/V01_S0045_I00000126_P1087,v01_flagged,V01,naturalistic,336,V01,naturalistic,train,ipc_conversation,random draw from V01 files the current pipeline rejects,"{""flags_fired"": ""fm1_sitting+fm2_smplh_invalid"", ""fm1_knee_between_torso_p50"": 0.30210159241108325, ""fm2_longest_invalid_run_frames"": 8.0, ""fm2_smplh_valid_frac"": 0.9983522142121524, ""fm3_static_frac"": 0.034397528321318226, ""fps"": 29.97, ""observed_duration_s"": 162.028167, ""raster"": ""2160x2160"", ""reproj_shoulder_widths_p50"": 0.07516952602048925, ""valid_frac_box"": 1.0, ""vendor"": ""V01"", ""verdict"": ""REJECTED by fm1_sitting+fm2_smplh_invalid""}",render
vend_057,v01_flagged_057_V01_S0427_I00001011_P1772_f0000518,V01_S0427_I00001011_P1772,improvised/train/0053/0000/V01_S0427_I00001011_P1772,improvised/train/0053/0028/V01_S0427_I00001011_P1230,v01_flagged,V01,improvised,518,V01,improvised,train,ipc_conversation,random draw from V01 files the current pipeline rejects,"{""flags_fired"": ""fm2_smplh_invalid"", ""fm1_knee_between_torso_p50"": 0.5966332625104616, ""fm2_longest_invalid_run_frames"": 39.0, ""fm2_smplh_valid_frac"": 0.9901363857769119, ""fm3_static_frac"": 0.0004870920603994155, ""fps"": 29.97, ""observed_duration_s"": 274.0067, ""raster"": ""1080x1920"", ""reproj_shoulder_widths_p50"": 0.04303095637411776, ""valid_frac_box"": 1.0, ""vendor"": ""V01"", ""verdict"": ""REJECTED by fm2_smplh_invalid""}",render
vend_058,v01_flagged_058_V01_S1716_I00001028_P2154_f0005458,V01_S1716_I00001028_P2154,improvised/train/0060/0027/V01_S1716_I00001028_P2154,improvised/train/0060/0023/V01_S1716_I00001028_P2662,v01_flagged,V01,improvised,5458,V01,improvised,train,ipc_conversation,random draw from V01 files the current pipeline rejects,"{""flags_fired"": ""fm2_smplh_invalid"", ""fm1_knee_between_torso_p50"": 0.567205923858823, ""fm2_longest_invalid_run_frames"": 230.0, ""fm2_smplh_valid_frac"": 0.9590935005701254, ""fm3_static_frac"": 0.0038483466362599773, ""fps"": 29.98, ""observed_duration_s"": 234.022578, ""raster"": ""1080x1920"", ""reproj_shoulder_widths_p50"": 0.04685349597873932, ""valid_frac_box"": 1.0, ""vendor"": ""V01"", ""verdict"": ""REJECTED by fm2_smplh_invalid""}",render
vend_059,v01_flagged_059_V01_S0040_I00000387_P1076_f0002846,V01_S0040_I00000387_P1076,naturalistic/train/0033/0063/V01_S0040_I00000387_P1076,naturalistic/train/0033/0018/V01_S0040_I00000387_P1077,v01_flagged,V01,naturalistic,2846,V01,naturalistic,train,ipc_conversation,random draw from V01 files the current pipeline rejects,"{""flags_fired"": ""fm1_sitting"", ""fm1_knee_between_torso_p50"": 0.0802541384508735, ""fm2_longest_invalid_run_frames"": 0.0, ""fm2_smplh_valid_frac"": 1.0, ""fm3_static_frac"": 0.483543151827696, ""fps"": 29.97, ""observed_duration_s"": 220.019433, ""raster"": ""2160x2160"", ""reproj_shoulder_widths_p50"": 0.06750412708512263, ""valid_frac_box"": 1.0, ""vendor"": ""V01"", ""verdict"": ""REJECTED by fm1_sitting""}",render
vend_060,v01_flagged_060_V01_S1601_I00000309_P1084_f0000305,V01_S1601_I00000309_P1084,naturalistic/train/0042/0017/V01_S1601_I00000309_P1084,naturalistic/train/0042/0060/V01_S1601_I00000309_P1173,v01_flagged,V01,naturalistic,305,V01,naturalistic,train,ipc_conversation,random draw from V01 files the current pipeline rejects,"{""flags_fired"": ""fm1_sitting+fm2_smplh_invalid+fm3_static_hands"", ""fm1_knee_between_torso_p50"": 0.4613349008513858, ""fm2_longest_invalid_run_frames"": 7.0, ""fm2_smplh_valid_frac"": 0.9831359885181199, ""fm3_static_frac"": 0.8110871905274488, ""fps"": 29.97, ""observed_duration_s"": 186.019167, ""raster"": ""2160x2160"", ""reproj_shoulder_widths_p50"": 0.11887038511674311, ""valid_frac_box"": 1.0, ""vendor"": ""V01"", ""verdict"": ""REJECTED by fm1_sitting+fm2_smplh_invalid+fm3_static_hands""}",render
vend_061,v01_flagged_061_V01_S0070_I00000307_P1132_f0000942,V01_S0070_I00000307_P1132,naturalistic/train/0034/0007/V01_S0070_I00000307_P1132,naturalistic/train/0034/0029/V01_S0070_I00000307_P1133,v01_flagged,V01,naturalistic,942,V01,naturalistic,train,ipc_conversation,random draw from V01 files the current pipeline rejects,"{""flags_fired"": ""fm1_sitting+fm2_smplh_invalid"", ""fm1_knee_between_torso_p50"": 0.26903014332413366, ""fm2_longest_invalid_run_frames"": 21.0, ""fm2_smplh_valid_frac"": 0.9902687673772012, ""fm3_static_frac"": 0.7001853568118629, ""fps"": 29.97, ""observed_duration_s"": 72.005267, ""raster"": ""2160x2160"", ""reproj_shoulder_widths_p50"": 0.11277612937959072, ""valid_frac_box"": 1.0, ""vendor"": ""V01"", ""verdict"": ""REJECTED by fm1_sitting+fm2_smplh_invalid""}",render
vend_062,v01_flagged_062_V01_S0048_I00000307_P1092_f0000090,V01_S0048_I00000307_P1092,naturalistic/train/0033/0040/V01_S0048_I00000307_P1092,naturalistic/train/0033/0038/V01_S0048_I00000307_P1093,v01_flagged,V01,naturalistic,90,V01,naturalistic,train,ipc_conversation,random draw from V01 files the current pipeline rejects,"{""flags_fired"": ""fm1_sitting"", ""fm1_knee_between_torso_p50"": 0.10283117677116185, ""fm2_longest_invalid_run_frames"": 0.0, ""fm2_smplh_valid_frac"": 1.0, ""fm3_static_frac"": 0.4626540971718637, ""fps"": 29.97, ""observed_duration_s"": 46.012633, ""raster"": ""2160x2160"", ""reproj_shoulder_widths_p50"": 0.06894558622895743, ""valid_frac_box"": 1.0, ""vendor"": ""V01"", ""verdict"": ""REJECTED by fm1_sitting""}",render
vend_063,v01_flagged_063_V01_S0169_I00001225_P1310_f0000196,V01_S0169_I00001225_P1310,improvised/train/0050/0040/V01_S0169_I00001225_P1310,improvised/train/0050/0040/V01_S0169_I00001225_P1311,v01_flagged,V01,improvised,196,V01,improvised,train,ipc_conversation,random draw from V01 files the current pipeline rejects,"{""flags_fired"": ""fm1_sitting+fm2_smplh_invalid"", ""fm1_knee_between_torso_p50"": 0.37922459659769897, ""fm2_longest_invalid_run_frames"": 74.0, ""fm2_smplh_valid_frac"": 0.9611111111111111, ""fm3_static_frac"": 0.49023297491039425, ""fps"": 29.995, ""observed_duration_s"": 372.0, ""raster"": ""2160x2160"", ""reproj_shoulder_widths_p50"": 0.104834735565985, ""valid_frac_box"": 1.0, ""vendor"": ""V01"", ""verdict"": ""REJECTED by fm1_sitting+fm2_smplh_invalid""}",render
vend_064,v01_flagged_064_V01_S0934_I00001209_P1264_f0001912,V01_S0934_I00001209_P1264,improvised/train/0059/0037/V01_S0934_I00001209_P1264,improvised/train/0059/0038/V01_S0934_I00001209_P2038,v01_flagged,V01,improvised,1912,V01,improvised,train,ipc_conversation,random draw from V01 files the current pipeline rejects,"{""flags_fired"": ""fm2_smplh_invalid"", ""fm1_knee_between_torso_p50"": 0.5930931830138249, ""fm2_longest_invalid_run_frames"": 251.0, ""fm2_smplh_valid_frac"": 0.8291510142749812, ""fm3_static_frac"": 0.0007513148009015778, ""fps"": 29.98, ""observed_duration_s"": 222.014222, ""raster"": ""1080x1920"", ""reproj_shoulder_widths_p50"": 0.13365778567975467, ""valid_frac_box"": 1.0, ""vendor"": ""V01"", ""verdict"": ""REJECTED by fm2_smplh_invalid""}",render
vend_065,v01_flagged_065_V01_S1830_I00000640_P2689_f0005543,V01_S1830_I00000640_P2689,improvised/train/0060/0027/V01_S1830_I00000640_P2689,improvised/train/0060/0028/V01_S1830_I00000640_P1934,v01_flagged,V01,improvised,5543,V01,improvised,train,ipc_conversation,random draw from V01 files the current pipeline rejects,"{""flags_fired"": ""fm2_smplh_invalid"", ""fm1_knee_between_torso_p50"": 0.5447344604881937, ""fm2_longest_invalid_run_frames"": 49.0, ""fm2_smplh_valid_frac"": 0.9882722766291863, ""fm3_static_frac"": 0.04110748398017169, ""fps"": 29.97, ""observed_duration_s"": 276.0087, ""raster"": ""1080x1920"", ""reproj_shoulder_widths_p50"": 0.04771981611785874, ""valid_frac_box"": 1.0, ""vendor"": ""V01"", ""verdict"": ""REJECTED by fm2_smplh_invalid""}",render
vend_066,v01_flagged_066_V01_S1835_I00000703_P2665_f0006609,V01_S1835_I00000703_P2665,improvised/train/0061/0005/V01_S1835_I00000703_P2665,improvised/train/0061/0001/V01_S1835_I00000703_P2689,v01_flagged,V01,improvised,6609,V01,improvised,train,ipc_conversation,random draw from V01 files the current pipeline rejects,"{""flags_fired"": ""fm2_smplh_invalid"", ""fm1_knee_between_torso_p50"": 0.6710441677040992, ""fm2_longest_invalid_run_frames"": 95.0, ""fm2_smplh_valid_frac"": 0.958963282937365, ""fm3_static_frac"": 0.37413006959443246, ""fps"": 29.98, ""observed_duration_s"": 278.0182, ""raster"": ""1080x1920"", ""reproj_shoulder_widths_p50"": 0.04492434772662028, ""valid_frac_box"": 1.0, ""vendor"": ""V01"", ""verdict"": ""REJECTED by fm2_smplh_invalid""}",render
vend_067,v01_flagged_067_V01_S0272_I00000307_P1584_f0001238,V01_S0272_I00000307_P1584,naturalistic/train/0039/0031/V01_S0272_I00000307_P1584,naturalistic/train/0039/0052/V01_S0272_I00000307_P1583,v01_flagged,V01,naturalistic,1238,V01,naturalistic,train,ipc_conversation,random draw from V01 files the current pipeline rejects,"{""flags_fired"": ""fm1_sitting"", ""fm1_knee_between_torso_p50"": 0.2651090134185089, ""fm2_longest_invalid_run_frames"": 0.0, ""fm2_smplh_valid_frac"": 1.0, ""fm3_static_frac"": 0.0006739679865206403, ""fps"": 29.97, ""observed_duration_s"": 198.031167, ""raster"": ""2160x2160"", ""reproj_shoulder_widths_p50"": 0.08732988691162802, ""valid_frac_box"": 1.0, ""vendor"": ""V01"", ""verdict"": ""REJECTED by fm1_sitting""}",render
vend_068,v01_flagged_068_V01_S0196_I00000501_P1365_f0003679,V01_S0196_I00000501_P1365,naturalistic/train/0038/0046/V01_S0196_I00000501_P1365,naturalistic/train/0038/0048/V01_S0196_I00000501_P1364,v01_flagged,V01,naturalistic,3679,V01,naturalistic,train,ipc_conversation,random draw from V01 files the current pipeline rejects,"{""flags_fired"": ""fm1_sitting+fm2_smplh_invalid"", ""fm1_knee_between_torso_p50"": 0.215691176949052, ""fm2_longest_invalid_run_frames"": 27.0, ""fm2_smplh_valid_frac"": 0.9897013388259527, ""fm3_static_frac"": 0.6057672502574666, ""fps"": 29.97, ""observed_duration_s"": 162.028167, ""raster"": ""2160x2160"", ""reproj_shoulder_widths_p50"": 0.07320737798287758, ""valid_frac_box"": 1.0, ""vendor"": ""V01"", ""verdict"": ""REJECTED by fm1_sitting+fm2_smplh_invalid""}",render
vend_069,v01_flagged_069_V01_S1885_I00000189_P2771_f0003120,V01_S1885_I00000189_P2771,naturalistic/train/0043/0046/V01_S1885_I00000189_P2771,naturalistic/train/0043/0002/V01_S1885_I00000189_P1699,v01_flagged,V01,naturalistic,3120,V01,naturalistic,train,ipc_conversation,random draw from V01 files the current pipeline rejects,"{""flags_fired"": ""fm2_smplh_invalid"", ""fm1_knee_between_torso_p50"": 0.6275438244787714, ""fm2_longest_invalid_run_frames"": 83.0, ""fm2_smplh_valid_frac"": 0.9509483322432962, ""fm3_static_frac"": 0.06867233485938522, ""fps"": 29.98, ""observed_duration_s"": 204.002222, ""raster"": ""1080x1920"", ""reproj_shoulder_widths_p50"": 0.048053406240472704, ""valid_frac_box"": 1.0, ""vendor"": ""V01"", ""verdict"": ""REJECTED by fm2_smplh_invalid""}",render
vend_070,v01_flagged_070_V01_S0074_I00000130_P1141_f0000345,V01_S0074_I00000130_P1141,naturalistic/train/0034/0008/V01_S0074_I00000130_P1141,naturalistic/train/0034/0055/V01_S0074_I00000130_P1140,v01_flagged,V01,naturalistic,345,V01,naturalistic,train,ipc_conversation,random draw from V01 files the current pipeline rejects,"{""flags_fired"": ""fm1_sitting+fm2_smplh_invalid"", ""fm1_knee_between_torso_p50"": 0.05753269392280425, ""fm2_longest_invalid_run_frames"": 104.0, ""fm2_smplh_valid_frac"": 0.9084934277047523, ""fm3_static_frac"": 0.5859453993933266, ""fps"": 29.97, ""observed_duration_s"": 66.032267, ""raster"": ""2160x2160"", ""reproj_shoulder_widths_p50"": 0.1198810302044406, ""valid_frac_box"": 1.0, ""vendor"": ""V01"", ""verdict"": ""REJECTED by fm1_sitting+fm2_smplh_invalid""}",render
vend_071,v01_flagged_071_V01_S0040_I00000313_P1076_f0002058,V01_S0040_I00000313_P1076,naturalistic/train/0033/0052/V01_S0040_I00000313_P1076,naturalistic/train/0033/0029/V01_S0040_I00000313_P1077,v01_flagged,V01,naturalistic,2058,V01,naturalistic,train,ipc_conversation,random draw from V01 files the current pipeline rejects,"{""flags_fired"": ""fm1_sitting+fm2_smplh_invalid+fm3_static_hands"", ""fm1_knee_between_torso_p50"": 0.07850660201605433, ""fm2_longest_invalid_run_frames"": 43.0, ""fm2_smplh_valid_frac"": 0.9814911366006257, ""fm3_static_frac"": 0.8459332638164755, ""fps"": 29.97, ""observed_duration_s"": 128.0279, ""raster"": ""2160x2160"", ""reproj_shoulder_widths_p50"": 0.06938674222379673, ""valid_frac_box"": 1.0, ""vendor"": ""V01"", ""verdict"": ""REJECTED by fm1_sitting+fm2_smplh_invalid+fm3_static_hands""}",render
vend_072,v01_flagged_072_V01_S0331_I00000430_P1670_f0001495,V01_S0331_I00000430_P1670,naturalistic/train/0040/0036/V01_S0331_I00000430_P1670,naturalistic/train/0040/0012/V01_S0331_I00000430_P1673,v01_flagged,V01,naturalistic,1495,V01,naturalistic,train,ipc_conversation,random draw from V01 files the current pipeline rejects,"{""flags_fired"": ""fm2_smplh_invalid"", ""fm1_knee_between_torso_p50"": 0.5830012937721927, ""fm2_longest_invalid_run_frames"": 15.0, ""fm2_smplh_valid_frac"": 0.9762301918265222, ""fm3_static_frac"": 0.21643035863219348, ""fps"": 29.97, ""observed_duration_s"": 80.013267, ""raster"": ""1080x1920"", ""reproj_shoulder_widths_p50"": 0.04110329750902497, ""valid_frac_box"": 1.0, ""vendor"": ""V01"", ""verdict"": ""REJECTED by fm2_smplh_invalid""}",render
vend_073,v01_flagged_073_V01_S0296_I00001109_P1553_f0006141,V01_S0296_I00001109_P1553,improvised/train/0052/0078/V01_S0296_I00001109_P1553,improvised/train/0052/0031/V01_S0296_I00001109_P1617,v01_flagged,V01,improvised,6141,V01,improvised,train,ipc_conversation,random draw from V01 files the current pipeline rejects,"{""flags_fired"": ""fm1_sitting+fm2_smplh_invalid"", ""fm1_knee_between_torso_p50"": 0.35328563682102687, ""fm2_longest_invalid_run_frames"": 10.0, ""fm2_smplh_valid_frac"": 0.9968599033816425, ""fm3_static_frac"": 0.05386473429951691, ""fps"": 29.982, ""observed_duration_s"": 276.0, ""raster"": ""2160x2160"", ""reproj_shoulder_widths_p50"": 0.11608021628997961, ""valid_frac_box"": 1.0, ""vendor"": ""V01"", ""verdict"": ""REJECTED by fm1_sitting+fm2_smplh_invalid""}",render
vend_074,v01_flagged_074_V01_S1601_I00000387_P1173_f0002940,V01_S1601_I00000387_P1173,naturalistic/train/0042/0023/V01_S1601_I00000387_P1173,naturalistic/train/0042/0001/V01_S1601_I00000387_P1084,v01_flagged,V01,naturalistic,2940,V01,naturalistic,train,ipc_conversation,random draw from V01 files the current pipeline rejects,"{""flags_fired"": ""fm1_sitting+fm2_smplh_invalid"", ""fm1_knee_between_torso_p50"": 0.3279161301753222, ""fm2_longest_invalid_run_frames"": 26.0, ""fm2_smplh_valid_frac"": 0.9861528194861529, ""fm3_static_frac"": 0.007674341007674341, ""fps"": 29.97, ""observed_duration_s"": 200.0328, ""raster"": ""2160x2160"", ""reproj_shoulder_widths_p50"": 0.10431639939037558, ""valid_frac_box"": 1.0, ""vendor"": ""V01"", ""verdict"": ""REJECTED by fm1_sitting+fm2_smplh_invalid""}",render
vend_075,v01_flagged_075_V01_S0328_I00000329_P1670_f0000881,V01_S0328_I00000329_P1670,naturalistic/train/0040/0023/V01_S0328_I00000329_P1670,naturalistic/train/0040/0031/V01_S0328_I00000329_P1671,v01_flagged,V01,naturalistic,881,V01,naturalistic,train,collaborative_storytelling,random draw from V01 files the current pipeline rejects,"{""flags_fired"": ""fm2_smplh_invalid+fm3_static_hands"", ""fm1_knee_between_torso_p50"": 0.545757276722356, ""fm2_longest_invalid_run_frames"": 302.0, ""fm2_smplh_valid_frac"": 0.3244882486732373, ""fm3_static_frac"": 0.9166034874905231, ""fps"": 29.97, ""observed_duration_s"": 88.021267, ""raster"": ""2160x2160"", ""reproj_shoulder_widths_p50"": 0.14876436787604275, ""valid_frac_box"": 1.0, ""vendor"": ""V01"", ""verdict"": ""REJECTED by fm2_smplh_invalid+fm3_static_hands""}",render
vend_076,v01_flagged_076_V01_S0272_I00000125_P1584_f0001268,V01_S0272_I00000125_P1584,naturalistic/train/0039/0004/V01_S0272_I00000125_P1584,naturalistic/train/0039/0021/V01_S0272_I00000125_P1583,v01_flagged,V01,naturalistic,1268,V01,naturalistic,train,ipc_conversation,random draw from V01 files the current pipeline rejects,"{""flags_fired"": ""fm1_sitting+fm2_smplh_invalid"", ""fm1_knee_between_torso_p50"": 0.2642671355439823, ""fm2_longest_invalid_run_frames"": 98.0, ""fm2_smplh_valid_frac"": 0.9847185404646811, ""fm3_static_frac"": 0.5939497894900982, ""fps"": 29.97, ""observed_duration_s"": 214.013433, ""raster"": ""2160x2160"", ""reproj_shoulder_widths_p50"": 0.08167201295514646, ""valid_frac_box"": 1.0, ""vendor"": ""V01"", ""verdict"": ""REJECTED by fm1_sitting+fm2_smplh_invalid""}",render
vend_077,v01_flagged_077_V01_S0340_I00001112_P1682_f0000382,V01_S0340_I00001112_P1682,improvised/test/0000/0023/V01_S0340_I00001112_P1682,improvised/test/0000/0062/V01_S0340_I00001112_P1681,v01_flagged,V01,improvised,382,V01,improvised,test,ipc_conversation,random draw from V01 files the current pipeline rejects,"{""flags_fired"": ""fm1_sitting+fm2_smplh_invalid"", ""fm1_knee_between_torso_p50"": 0.28483744147025886, ""fm2_longest_invalid_run_frames"": 50.0, ""fm2_smplh_valid_frac"": 0.9926829268292683, ""fm3_static_frac"": 0.0023035230352303525, ""fps"": 29.992, ""observed_duration_s"": 246.0, ""raster"": ""2160x2160"", ""reproj_shoulder_widths_p50"": 0.11941162264376505, ""valid_frac_box"": 1.0, ""vendor"": ""V01"", ""verdict"": ""REJECTED by fm1_sitting+fm2_smplh_invalid""}",render
vend_078,v01_flagged_078_V01_S0606_I00001212_P1033_f0005154,V01_S0606_I00001212_P1033,improvised/train/0057/0020/V01_S0606_I00001212_P1033,improvised/train/0057/0008/V01_S0606_I00001212_P1758,v01_flagged,V01,improvised,5154,V01,improvised,train,ipc_conversation,random draw from V01 files the current pipeline rejects,"{""flags_fired"": ""fm2_smplh_invalid"", ""fm1_knee_between_torso_p50"": 0.631475861568767, ""fm2_longest_invalid_run_frames"": 17.0, ""fm2_smplh_valid_frac"": 0.9980500487487812, ""fm3_static_frac"": 0.034990791896869246, ""fps"": 29.97, ""observed_duration_s"": 308.007333, ""raster"": ""1080x1920"", ""reproj_shoulder_widths_p50"": 0.06934463909830181, ""valid_frac_box"": 1.0, ""vendor"": ""V01"", ""verdict"": ""REJECTED by fm2_smplh_invalid""}",render
vend_079,v01_flagged_079_V01_S0430_I00001014_P1784_f0003333,V01_S0430_I00001014_P1784,improvised/train/0053/0024/V01_S0430_I00001014_P1784,improvised/train/0053/0062/V01_S0430_I00001014_P1783,v01_flagged,V01,improvised,3333,V01,improvised,train,ipc_conversation,random draw from V01 files the current pipeline rejects,"{""flags_fired"": ""fm2_smplh_invalid"", ""fm1_knee_between_torso_p50"": 0.6224834362083482, ""fm2_longest_invalid_run_frames"": 29.0, ""fm2_smplh_valid_frac"": 0.996177015755329, ""fm3_static_frac"": 0.02571825764596849, ""fps"": 29.97, ""observed_duration_s"": 288.021067, ""raster"": ""1080x1920"", ""reproj_shoulder_widths_p50"": 0.09688766191410086, ""valid_frac_box"": 1.0, ""vendor"": ""V01"", ""verdict"": ""REJECTED by fm2_smplh_invalid""}",render
vend_080,v01_flagged_080_V01_S0127_I00000139_P1239_f0000770,V01_S0127_I00000139_P1239,naturalistic/train/0036/0019/V01_S0127_I00000139_P1239,naturalistic/train/0036/0012/V01_S0127_I00000139_P1238,v01_flagged,V01,naturalistic,770,V01,naturalistic,train,ipc_conversation,random draw from V01 files the current pipeline rejects,"{""flags_fired"": ""fm1_sitting+fm2_smplh_invalid"", ""fm1_knee_between_torso_p50"": 0.019350060714817062, ""fm2_longest_invalid_run_frames"": 28.0, ""fm2_smplh_valid_frac"": 0.8377958866899495, ""fm3_static_frac"": 0.0031043849437330227, ""fps"": 29.97, ""observed_duration_s"": 86.0189, ""raster"": ""2160x2160"", ""reproj_shoulder_widths_p50"": 0.0937163199137612, ""valid_frac_box"": 1.0, ""vendor"": ""V01"", ""verdict"": ""REJECTED by fm1_sitting+fm2_smplh_invalid""}",render
vend_081,v01_flagged_081_V01_S0080_I00000135_P1153_f0000971,V01_S0080_I00000135_P1153,naturalistic/train/0035/0026/V01_S0080_I00000135_P1153,naturalistic/train/0035/0038/V01_S0080_I00000135_P1152,v01_flagged,V01,naturalistic,971,V01,naturalistic,train,collaborative_storytelling,random draw from V01 files the current pipeline rejects,"{""flags_fired"": ""fm1_sitting+fm2_smplh_invalid"", ""fm1_knee_between_torso_p50"": 0.059841172765203586, ""fm2_longest_invalid_run_frames"": 172.0, ""fm2_smplh_valid_frac"": 0.925046992481203, ""fm3_static_frac"": 0.6301691729323309, ""fps"": 29.97, ""observed_duration_s"": 142.008167, ""raster"": ""2160x2160"", ""reproj_shoulder_widths_p50"": 0.13300310935116127, ""valid_frac_box"": 1.0, ""vendor"": ""V01"", ""verdict"": ""REJECTED by fm1_sitting+fm2_smplh_invalid""}",render
vend_082,v01_flagged_082_V01_S0206_I00000138_P1383_f0000955,V01_S0206_I00000138_P1383,naturalistic/train/0038/0019/V01_S0206_I00000138_P1383,naturalistic/train/0038/0001/V01_S0206_I00000138_P1384,v01_flagged,V01,naturalistic,955,V01,naturalistic,train,ipc_conversation,random draw from V01 files the current pipeline rejects,"{""flags_fired"": ""fm1_sitting+fm3_static_hands"", ""fm1_knee_between_torso_p50"": 0.42290260656796475, ""fm2_longest_invalid_run_frames"": 0.0, ""fm2_smplh_valid_frac"": 1.0, ""fm3_static_frac"": 0.8388356407525737, ""fps"": 29.97, ""observed_duration_s"": 94.027267, ""raster"": ""2160x2160"", ""reproj_shoulder_widths_p50"": 0.052802442854870894, ""valid_frac_box"": 1.0, ""vendor"": ""V01"", ""verdict"": ""REJECTED by fm1_sitting+fm3_static_hands""}",render
vend_083,v01_flagged_083_V01_S0218_I00000461_P1405_f0000573,V01_S0218_I00000461_P1405,naturalistic/test/0001/0045/V01_S0218_I00000461_P1405,naturalistic/test/0001/0039/V01_S0218_I00000461_P1406,v01_flagged,V01,naturalistic,573,V01,naturalistic,test,ipc_conversation,random draw from V01 files the current pipeline rejects,"{""flags_fired"": ""fm1_sitting+fm3_static_hands"", ""fm1_knee_between_torso_p50"": 0.26807466246450407, ""fm2_longest_invalid_run_frames"": 0.0, ""fm2_smplh_valid_frac"": 1.0, ""fm3_static_frac"": 0.7912297426120114, ""fps"": 29.97, ""observed_duration_s"": 70.003267, ""raster"": ""2160x2160"", ""reproj_shoulder_widths_p50"": 0.12398251786438741, ""valid_frac_box"": 1.0, ""vendor"": ""V01"", ""verdict"": ""REJECTED by fm1_sitting+fm3_static_hands""}",render
vend_084,v01_flagged_084_V01_S0166_I00000125_P1304_f0003190,V01_S0166_I00000125_P1304,improvised/train/0050/0036/V01_S0166_I00000125_P1304,improvised/train/0050/0023/V01_S0166_I00000125_P1305,v01_flagged,V01,improvised,3190,V01,improvised,train,ipc_conversation,random draw from V01 files the current pipeline rejects,"{""flags_fired"": ""fm1_sitting"", ""fm1_knee_between_torso_p50"": 0.3468135969987184, ""fm2_longest_invalid_run_frames"": 0.0, ""fm2_smplh_valid_frac"": 1.0, ""fm3_static_frac"": 0.4886666666666667, ""fps"": 29.98, ""observed_duration_s"": 150.0, ""raster"": ""2160x2160"", ""reproj_shoulder_widths_p50"": 0.11091767064783845, ""valid_frac_box"": 1.0, ""vendor"": ""V01"", ""verdict"": ""REJECTED by fm1_sitting""}",render
vend_085,v01_flagged_085_V01_S0237_I00001232_P1527_f0003844,V01_S0237_I00001232_P1527,improvised/train/0051/0011/V01_S0237_I00001232_P1527,improvised/train/0051/0036/V01_S0237_I00001232_P1526,v01_flagged,V01,improvised,3844,V01,improvised,train,ipc_conversation,random draw from V01 files the current pipeline rejects,"{""flags_fired"": ""fm1_sitting"", ""fm1_knee_between_torso_p50"": -0.27290521007709745, ""fm2_longest_invalid_run_frames"": 0.0, ""fm2_smplh_valid_frac"": 1.0, ""fm3_static_frac"": 0.5973897241037502, ""fps"": 29.97, ""observed_duration_s"": 202.001433, ""raster"": ""2160x2160"", ""reproj_shoulder_widths_p50"": 0.0833943261533399, ""valid_frac_box"": 1.0, ""vendor"": ""V01"", ""verdict"": ""REJECTED by fm1_sitting""}",render
vend_086,v01_flagged_086_V01_S0150_I00000134_P1274_f0001867,V01_S0150_I00000134_P1274,naturalistic/train/0037/0009/V01_S0150_I00000134_P1274,naturalistic/train/0037/0026/V01_S0150_I00000134_P1273,v01_flagged,V01,naturalistic,1867,V01,naturalistic,train,ipc_conversation,random draw from V01 files the current pipeline rejects,"{""flags_fired"": ""fm2_smplh_invalid"", ""fm1_knee_between_torso_p50"": 0.5457244280129423, ""fm2_longest_invalid_run_frames"": 37.0, ""fm2_smplh_valid_frac"": 0.8439695550351288, ""fm3_static_frac"": 0.07552693208430913, ""fps"": 29.97, ""observed_duration_s"": 114.013533, ""raster"": ""1080x1920"", ""reproj_shoulder_widths_p50"": 0.043758762819024286, ""valid_frac_box"": 1.0, ""vendor"": ""V01"", ""verdict"": ""REJECTED by fm2_smplh_invalid""}",render
vend_087,v01_flagged_087_V01_S1875_I00000184_P1891_f0003268,V01_S1875_I00000184_P1891,naturalistic/dev/0001/0026/V01_S1875_I00000184_P1891,naturalistic/dev/0001/0015/V01_S1875_I00000184_P2761,v01_flagged,V01,naturalistic,3268,V01,naturalistic,dev,ipc_conversation,random draw from V01 files the current pipeline rejects,"{""flags_fired"": ""fm2_smplh_invalid"", ""fm1_knee_between_torso_p50"": 0.5663769908767402, ""fm2_longest_invalid_run_frames"": 3.0, ""fm2_smplh_valid_frac"": 0.9992954438703616, ""fm3_static_frac"": 0.03593236261155472, ""fps"": 29.98, ""observed_duration_s"": 142.027956, ""raster"": ""1080x1920"", ""reproj_shoulder_widths_p50"": 0.04819774766036343, ""valid_frac_box"": 1.0, ""vendor"": ""V01"", ""verdict"": ""REJECTED by fm2_smplh_invalid""}",render
vend_088,v01_flagged_088_V01_S1402_I00000131_P2423_f0001360,V01_S1402_I00000131_P2423,naturalistic/test/0001/0035/V01_S1402_I00000131_P2423,naturalistic/test/0001/0035/V01_S1402_I00000131_P2422,v01_flagged,V01,naturalistic,1360,V01,naturalistic,test,ipc_conversation,random draw from V01 files the current pipeline rejects,"{""flags_fired"": ""fm1_sitting+fm2_smplh_invalid"", ""fm1_knee_between_torso_p50"": 0.4002991583624377, ""fm2_longest_invalid_run_frames"": 1.0, ""fm2_smplh_valid_frac"": 0.9998440910508263, ""fm3_static_frac"": 0.2899906454630496, ""fps"": 29.97, ""observed_duration_s"": 214.0138, ""raster"": ""2160x2160"", ""reproj_shoulder_widths_p50"": 0.14219338820445654, ""valid_frac_box"": 1.0, ""vendor"": ""V01"", ""verdict"": ""REJECTED by fm1_sitting+fm2_smplh_invalid""}",render
vend_089,v01_flagged_089_V01_S0046_I00000127_P1089_f0004828,V01_S0046_I00000127_P1089,naturalistic/train/0033/0038/V01_S0046_I00000127_P1089,naturalistic/train/0033/0029/V01_S0046_I00000127_P1088,v01_flagged,V01,naturalistic,4828,V01,naturalistic,train,ipc_conversation,random draw from V01 files the current pipeline rejects,"{""flags_fired"": ""fm1_sitting+fm3_static_hands"", ""fm1_knee_between_torso_p50"": 0.1660115545306903, ""fm2_longest_invalid_run_frames"": 0.0, ""fm2_smplh_valid_frac"": 1.0, ""fm3_static_frac"": 0.8647571238742064, ""fps"": 29.97, ""observed_duration_s"": 226.0258, ""raster"": ""2160x2160"", ""reproj_shoulder_widths_p50"": 0.09252256787831113, ""valid_frac_box"": 1.0, ""vendor"": ""V01"", ""verdict"": ""REJECTED by fm1_sitting+fm3_static_hands""}",render
vend_090,v01_flagged_090_V01_S1266_I00000131_P2282_f0001115,V01_S1266_I00000131_P2282,naturalistic/train/0041/0041/V01_S1266_I00000131_P2282,naturalistic/train/0041/0027/V01_S1266_I00000131_P1094,v01_flagged,V01,naturalistic,1115,V01,naturalistic,train,ipc_conversation,random draw from V01 files the current pipeline rejects,"{""flags_fired"": ""fm1_sitting+fm3_static_hands"", ""fm1_knee_between_torso_p50"": 0.4551322285491526, ""fm2_longest_invalid_run_frames"": 0.0, ""fm2_smplh_valid_frac"": 1.0, ""fm3_static_frac"": 0.7865402843601895, ""fps"": 29.97, ""observed_duration_s"": 176.0088, ""raster"": ""2160x2160"", ""reproj_shoulder_widths_p50"": 0.10109541115068123, ""valid_frac_box"": 1.0, ""vendor"": ""V01"", ""verdict"": ""REJECTED by fm1_sitting+fm3_static_hands""}",render
vend_091,v01_flagged_091_V01_S0101_I00000140_P1190_f0000263,V01_S0101_I00000140_P1190,improvised/train/0050/0039/V01_S0101_I00000140_P1190,,v01_flagged,V01,improvised,263,V01,improvised,train,ipc_conversation,random draw from V01 files the current pipeline rejects,"{""flags_fired"": ""fm2_smplh_invalid"", ""fm1_knee_between_torso_p50"": 0.5843706720883618, ""fm2_longest_invalid_run_frames"": 1.0, ""fm2_smplh_valid_frac"": 0.9994617868675996, ""fm3_static_frac"": 0.1054897739504844, ""fps"": 29.97, ""observed_duration_s"": 124.023533, ""raster"": ""1080x1920"", ""reproj_shoulder_widths_p50"": 0.05970264660915974, ""valid_frac_box"": 1.0, ""vendor"": ""V01"", ""verdict"": ""REJECTED by fm2_smplh_invalid""}",render
vend_092,v01_flagged_092_V01_S0154_I00000139_P1052_f0000203,V01_S0154_I00000139_P1052,naturalistic/train/0037/0000/V01_S0154_I00000139_P1052,naturalistic/train/0037/0020/V01_S0154_I00000139_P1282,v01_flagged,V01,naturalistic,203,V01,naturalistic,train,ipc_conversation,random draw from V01 files the current pipeline rejects,"{""flags_fired"": ""fm2_smplh_invalid"", ""fm1_knee_between_torso_p50"": 0.6396027560297799, ""fm2_longest_invalid_run_frames"": 575.0, ""fm2_smplh_valid_frac"": 0.6575342465753424, ""fm3_static_frac"": 0.25431804645622397, ""fps"": 29.97, ""observed_duration_s"": 56.022633, ""raster"": ""1080x1920"", ""reproj_shoulder_widths_p50"": 0.058572681092609886, ""valid_frac_box"": 1.0, ""vendor"": ""V01"", ""verdict"": ""REJECTED by fm2_smplh_invalid""}",render
vend_093,v01_flagged_093_V01_S0629_I00001013_P1739_f0003031,V01_S0629_I00001013_P1739,improvised/train/0058/0016/V01_S0629_I00001013_P1739,improvised/train/0058/0018/V01_S0629_I00001013_P1518,v01_flagged,V01,improvised,3031,V01,improvised,train,ipc_conversation,random draw from V01 files the current pipeline rejects,"{""flags_fired"": ""fm3_static_hands"", ""fm1_knee_between_torso_p50"": 0.5324203932464919, ""fm2_longest_invalid_run_frames"": 0.0, ""fm2_smplh_valid_frac"": 1.0, ""fm3_static_frac"": 0.8542643738058017, ""fps"": 29.98, ""observed_duration_s"": 192.027933, ""raster"": ""1080x1920"", ""reproj_shoulder_widths_p50"": 0.032302900416622676, ""valid_frac_box"": 1.0, ""vendor"": ""V01"", ""verdict"": ""REJECTED by fm3_static_hands""}",render
vend_094,v01_flagged_094_V01_S1607_I00000135_P2569_f0000924,V01_S1607_I00000135_P2569,improvised/train/0059/0011/V01_S1607_I00000135_P2569,,v01_flagged,V01,improvised,924,V01,improvised,train,collaborative_storytelling,random draw from V01 files the current pipeline rejects,"{""flags_fired"": ""fm1_sitting"", ""fm1_knee_between_torso_p50"": 0.26501681043680536, ""fm2_longest_invalid_run_frames"": 0.0, ""fm2_smplh_valid_frac"": 1.0, ""fm3_static_frac"": 0.6590003066544005, ""fps"": 41.276, ""observed_duration_s"": 68.005438, ""raster"": ""2160x2160"", ""reproj_shoulder_widths_p50"": 0.07306266893232025, ""valid_frac_box"": 1.0, ""vendor"": ""V01"", ""verdict"": ""REJECTED by fm1_sitting""}",render
vend_095,v01_flagged_095_V01_S1601_I00000632_P1173_f0005459,V01_S1601_I00000632_P1173,naturalistic/train/0042/0004/V01_S1601_I00000632_P1173,naturalistic/train/0042/0045/V01_S1601_I00000632_P1084,v01_flagged,V01,naturalistic,5459,V01,naturalistic,train,grounded_gesture,random draw from V01 files the current pipeline rejects,"{""flags_fired"": ""fm1_sitting+fm2_smplh_invalid"", ""fm1_knee_between_torso_p50"": 0.39092910589592084, ""fm2_longest_invalid_run_frames"": 210.0, ""fm2_smplh_valid_frac"": 0.7832596606302581, ""fm3_static_frac"": 0.4076714672750606, ""fps"": 29.97, ""observed_duration_s"": 234.000067, ""raster"": ""2160x2160"", ""reproj_shoulder_widths_p50"": 0.11076950085245121, ""valid_frac_box"": 1.0, ""vendor"": ""V01"", ""verdict"": ""REJECTED by fm1_sitting+fm2_smplh_invalid""}",render
vend_096,v01_flagged_096_V01_S0114_I00000307_P1215_f0001334,V01_S0114_I00000307_P1215,improvised/train/0050/0017/V01_S0114_I00000307_P1215,improvised/train/0050/0015/V01_S0114_I00000307_P1214,v01_flagged,V01,improvised,1334,V01,improvised,train,ipc_conversation,random draw from V01 files the current pipeline rejects,"{""flags_fired"": ""fm2_smplh_invalid"", ""fm1_knee_between_torso_p50"": 0.5665262655009649, ""fm2_longest_invalid_run_frames"": 22.0, ""fm2_smplh_valid_frac"": 0.9826056088036919, ""fm3_static_frac"": 0.004259850905218318, ""fps"": 29.97, ""observed_duration_s"": 94.027267, ""raster"": ""1080x1920"", ""reproj_shoulder_widths_p50"": 0.07007812792881064, ""valid_frac_box"": 1.0, ""vendor"": ""V01"", ""verdict"": ""REJECTED by fm2_smplh_invalid""}",render
vend_097,v01_flagged_097_V01_S1264_I00000127_P1917_f0001227,V01_S1264_I00000127_P1917,naturalistic/dev/0001/0040/V01_S1264_I00000127_P1917,naturalistic/dev/0001/0034/V01_S1264_I00000127_P2279,v01_flagged,V01,naturalistic,1227,V01,naturalistic,dev,ipc_conversation,random draw from V01 files the current pipeline rejects,"{""flags_fired"": ""fm3_static_hands"", ""fm1_knee_between_torso_p50"": 0.5650966558840135, ""fm2_longest_invalid_run_frames"": 0.0, ""fm2_smplh_valid_frac"": 1.0, ""fm3_static_frac"": 0.8861084376002567, ""fps"": 29.97, ""observed_duration_s"": 104.0039, ""raster"": ""1080x1920"", ""reproj_shoulder_widths_p50"": 0.04277918101855394, ""valid_frac_box"": 1.0, ""vendor"": ""V01"", ""verdict"": ""REJECTED by fm3_static_hands""}",render
vend_098,v01_flagged_098_V01_S0554_I00001063_P1718_f0000791,V01_S0554_I00001063_P1718,improvised/train/0055/0053/V01_S0554_I00001063_P1718,improvised/train/0055/0052/V01_S0554_I00001063_P1733,v01_flagged,V01,improvised,791,V01,improvised,train,ipc_conversation,random draw from V01 files the current pipeline rejects,"{""flags_fired"": ""fm2_smplh_invalid"", ""fm1_knee_between_torso_p50"": 0.6381366515852891, ""fm2_longest_invalid_run_frames"": 110.0, ""fm2_smplh_valid_frac"": 0.9713250517598344, ""fm3_static_frac"": 0.046583850931677016, ""fps"": 30.0, ""observed_duration_s"": 322.0, ""raster"": ""1080x1920"", ""reproj_shoulder_widths_p50"": 0.052286040679809756, ""valid_frac_box"": 1.0, ""vendor"": ""V01"", ""verdict"": ""REJECTED by fm2_smplh_invalid""}",render
vend_099,v01_flagged_099_V01_S1085_I00001054_P1008_f0001108,V01_S1085_I00001054_P1008,improvised/train/0059/0015/V01_S1085_I00001054_P1008,improvised/train/0059/0023/V01_S1085_I00001054_P2077,v01_flagged,V01,improvised,1108,V01,improvised,train,ipc_conversation,random draw from V01 files the current pipeline rejects,"{""flags_fired"": ""fm2_smplh_invalid"", ""fm1_knee_between_torso_p50"": 0.6875242275080808, ""fm2_longest_invalid_run_frames"": 79.0, ""fm2_smplh_valid_frac"": 0.9248461289277616, ""fm3_static_frac"": 0.00032393909944930353, ""fps"": 29.97, ""observed_duration_s"": 206.0058, ""raster"": ""1080x1920"", ""reproj_shoulder_widths_p50"": 0.06135112783057729, ""valid_frac_box"": 1.0, ""vendor"": ""V01"", ""verdict"": ""REJECTED by fm2_smplh_invalid""}",render
vend_100,v01_flagged_100_V01_S0220_I00000462_P1409_f0000377,V01_S0220_I00000462_P1409,naturalistic/dev/0001/0004/V01_S0220_I00000462_P1409,naturalistic/dev/0001/0000/V01_S0220_I00000462_P1500,v01_flagged,V01,naturalistic,377,V01,naturalistic,dev,ipc_conversation,random draw from V01 files the current pipeline rejects,"{""flags_fired"": ""fm1_sitting+fm3_static_hands"", ""fm1_knee_between_torso_p50"": 0.27689119335748563, ""fm2_longest_invalid_run_frames"": 0.0, ""fm2_smplh_valid_frac"": 1.0, ""fm3_static_frac"": 1.0, ""fps"": 29.97, ""observed_duration_s"": 46.012267, ""raster"": ""2160x2160"", ""reproj_shoulder_widths_p50"": 0.061219519706475094, ""valid_frac_box"": 1.0, ""vendor"": ""V01"", ""verdict"": ""REJECTED by fm1_sitting+fm3_static_hands""}",render
vend_101,v01_flagged_101_V01_S0122_I00000130_P1228_f0000560,V01_S0122_I00000130_P1228,improvised/train/0050/0026/V01_S0122_I00000130_P1228,improvised/train/0050/0041/V01_S0122_I00000130_P1229,v01_flagged,V01,improvised,560,V01,improvised,train,ipc_conversation,random draw from V01 files the current pipeline rejects,"{""flags_fired"": ""fm1_sitting+fm2_smplh_invalid+fm3_static_hands"", ""fm1_knee_between_torso_p50"": 0.2072658559501242, ""fm2_longest_invalid_run_frames"": 2988.0, ""fm2_smplh_valid_frac"": 0.09372156505914468, ""fm3_static_frac"": 0.8977858659387322, ""fps"": 29.97, ""observed_duration_s"": 110.0099, ""raster"": ""2160x2160"", ""reproj_shoulder_widths_p50"": 0.05842795183775387, ""valid_frac_box"": 1.0, ""vendor"": ""V01"", ""verdict"": ""REJECTED by fm1_sitting+fm2_smplh_invalid+fm3_static_hands""}",render
vend_102,v01_flagged_102_V01_S0469_I00000722_P1790_f0005009,V01_S0469_I00000722_P1790,improvised/train/0054/0025/V01_S0469_I00000722_P1790,improvised/train/0054/0008/V01_S0469_I00000722_P1719,v01_flagged,V01,improvised,5009,V01,improvised,train,ipc_conversation,random draw from V01 files the current pipeline rejects,"{""flags_fired"": ""fm2_smplh_invalid"", ""fm1_knee_between_torso_p50"": 0.605791899169061, ""fm2_longest_invalid_run_frames"": 65.0, ""fm2_smplh_valid_frac"": 0.9887810794420862, ""fm3_static_frac"": 0.049120679199514856, ""fps"": 29.98, ""observed_duration_s"": 220.013244, ""raster"": ""1080x1920"", ""reproj_shoulder_widths_p50"": 0.06914029793227286, ""valid_frac_box"": 1.0, ""vendor"": ""V01"", ""verdict"": ""REJECTED by fm2_smplh_invalid""}",render
vend_103,v01_flagged_103_V01_S0103_I00000387_P1194_f0001120,V01_S0103_I00000387_P1194,naturalistic/test/0001/0020/V01_S0103_I00000387_P1194,naturalistic/test/0001/0037/V01_S0103_I00000387_P1195,v01_flagged,V01,naturalistic,1120,V01,naturalistic,test,ipc_conversation,random draw from V01 files the current pipeline rejects,"{""flags_fired"": ""fm2_smplh_invalid+fm3_static_hands"", ""fm1_knee_between_torso_p50"": 0.579101561104912, ""fm2_longest_invalid_run_frames"": 1896.0, ""fm2_smplh_valid_frac"": 0.11506926774102347, ""fm3_static_frac"": 0.8348883234379417, ""fps"": 29.97, ""observed_duration_s"": 118.0179, ""raster"": ""1080x1920"", ""reproj_shoulder_widths_p50"": 0.06615568640044094, ""valid_frac_box"": 1.0, ""vendor"": ""V01"", ""verdict"": ""REJECTED by fm2_smplh_invalid+fm3_static_hands""}",render
vend_104,v01_flagged_104_V01_S0276_I00000271_P1591_f0000661,V01_S0276_I00000271_P1591,naturalistic/train/0039/0009/V01_S0276_I00000271_P1591,naturalistic/train/0039/0038/V01_S0276_I00000271_P1590,v01_flagged,V01,naturalistic,661,V01,naturalistic,train,ipc_conversation,random draw from V01 files the current pipeline rejects,"{""flags_fired"": ""fm1_sitting+fm2_smplh_invalid"", ""fm1_knee_between_torso_p50"": 0.2721982217769152, ""fm2_longest_invalid_run_frames"": 19.0, ""fm2_smplh_valid_frac"": 0.9958287596048299, ""fm3_static_frac"": 0.722502744237102, ""fps"": 29.97, ""observed_duration_s"": 152.018167, ""raster"": ""2160x2160"", ""reproj_shoulder_widths_p50"": 0.08838264979008274, ""valid_frac_box"": 1.0, ""vendor"": ""V01"", ""verdict"": ""REJECTED by fm1_sitting+fm2_smplh_invalid""}",render
vend_105,v01_flagged_105_V01_S1746_I00001030_P1963_f0000846,V01_S1746_I00001030_P1963,improvised/train/0060/0018/V01_S1746_I00001030_P1963,improvised/train/0060/0001/V01_S1746_I00001030_P2632,v01_flagged,V01,improvised,846,V01,improvised,train,ipc_conversation,random draw from V01 files the current pipeline rejects,"{""flags_fired"": ""fm2_smplh_invalid"", ""fm1_knee_between_torso_p50"": 0.5972085338151204, ""fm2_longest_invalid_run_frames"": 103.0, ""fm2_smplh_valid_frac"": 0.9416239941477689, ""fm3_static_frac"": 0.014484272128749085, ""fps"": 29.98, ""observed_duration_s"": 228.018222, ""raster"": ""1080x1920"", ""reproj_shoulder_widths_p50"": 0.06666943340999382, ""valid_frac_box"": 1.0, ""vendor"": ""V01"", ""verdict"": ""REJECTED by fm2_smplh_invalid""}",render
vend_106,v01_flagged_106_V01_S0066_I00000135_P1124_f0003187,V01_S0066_I00000135_P1124,naturalistic/test/0001/0048/V01_S0066_I00000135_P1124,naturalistic/test/0001/0013/V01_S0066_I00000135_P1125,v01_flagged,V01,naturalistic,3187,V01,naturalistic,test,collaborative_storytelling,random draw from V01 files the current pipeline rejects,"{""flags_fired"": ""fm1_sitting+fm2_smplh_invalid"", ""fm1_knee_between_torso_p50"": 0.2795317365569949, ""fm2_longest_invalid_run_frames"": 2251.0, ""fm2_smplh_valid_frac"": 0.5058177826564215, ""fm3_static_frac"": 0.2406147091108672, ""fps"": 29.97, ""observed_duration_s"": 152.018167, ""raster"": ""2160x2160"", ""reproj_shoulder_widths_p50"": 0.1112261759087349, ""valid_frac_box"": 1.0, ""vendor"": ""V01"", ""verdict"": ""REJECTED by fm1_sitting+fm2_smplh_invalid""}",render
vend_107,v01_flagged_107_V01_S0438_I00001242_P1572_f0006998,V01_S0438_I00001242_P1572,improvised/train/0054/0041/V01_S0438_I00001242_P1572,improvised/train/0054/0004/V01_S0438_I00001242_P1514,v01_flagged,V01,improvised,6998,V01,improvised,train,ipc_conversation,random draw from V01 files the current pipeline rejects,"{""flags_fired"": ""fm2_smplh_invalid"", ""fm1_knee_between_torso_p50"": 0.5617838514361968, ""fm2_longest_invalid_run_frames"": 6.0, ""fm2_smplh_valid_frac"": 0.9991219267436026, ""fm3_static_frac"": 0.3748118414450577, ""fps"": 29.97, ""observed_duration_s"": 266.032433, ""raster"": ""1080x1920"", ""reproj_shoulder_widths_p50"": 0.05895253557017226, ""valid_frac_box"": 1.0, ""vendor"": ""V01"", ""verdict"": ""REJECTED by fm2_smplh_invalid""}",render
vend_108,v01_flagged_108_V01_S0354_I00001168_P1608_f0005379,V01_S0354_I00001168_P1608,improvised/train/0053/0038/V01_S0354_I00001168_P1608,improvised/train/0053/0042/V01_S0354_I00001168_P1543,v01_flagged,V01,improvised,5379,V01,improvised,train,ipc_conversation,random draw from V01 files the current pipeline rejects,"{""flags_fired"": ""fm1_sitting"", ""fm1_knee_between_torso_p50"": 0.2788129911538929, ""fm2_longest_invalid_run_frames"": 0.0, ""fm2_smplh_valid_frac"": 1.0, ""fm3_static_frac"": 0.3259009009009009, ""fps"": 29.997, ""observed_duration_s"": 296.0, ""raster"": ""2160x2160"", ""reproj_shoulder_widths_p50"": 0.11905642374607603, ""valid_frac_box"": 1.0, ""vendor"": ""V01"", ""verdict"": ""REJECTED by fm1_sitting""}",render
vend_109,v01_flagged_109_V01_S1835_I00000705_P2665_f0004035,V01_S1835_I00000705_P2665,improvised/train/0061/0014/V01_S1835_I00000705_P2665,improvised/train/0061/0042/V01_S1835_I00000705_P2689,v01_flagged,V01,improvised,4035,V01,improvised,train,ipc_conversation,random draw from V01 files the current pipeline rejects,"{""flags_fired"": ""fm2_smplh_invalid"", ""fm1_knee_between_torso_p50"": 0.6655608445925006, ""fm2_longest_invalid_run_frames"": 83.0, ""fm2_smplh_valid_frac"": 0.9369269855296587, ""fm3_static_frac"": 0.22235722964763063, ""fps"": 29.98, ""observed_duration_s"": 302.000844, ""raster"": ""1080x1920"", ""reproj_shoulder_widths_p50"": 0.05447655721710069, ""valid_frac_box"": 1.0, ""vendor"": ""V01"", ""verdict"": ""REJECTED by fm2_smplh_invalid""}",render
vend_110,v02_pass_110_V02_S5222_I00000013_P5168_f0002993,V02_S5222_I00000013_P5168,naturalistic/train/0095/0042/V02_S5222_I00000013_P5168,naturalistic/train/0095/0011/V02_S5222_I00000013_P5201,v02_pass,V02,naturalistic,2993,V02,naturalistic,train,ipc_conversation,random draw from V02 files the current pipeline keeps,"{""flags_fired"": ""none"", ""fm1_knee_between_torso_p50"": 0.6184790917036667, ""fm2_longest_invalid_run_frames"": 0.0, ""fm2_smplh_valid_frac"": 1.0, ""fm3_static_frac"": 0.6992753623188406, ""fps"": 30.0, ""observed_duration_s"": 184.0, ""raster"": ""1080x1920"", ""reproj_shoulder_widths_p50"": 0.1764848421228882, ""valid_frac_box"": 1.0, ""vendor"": ""V02"", ""verdict"": ""PASSES the current pipeline""}",render
vend_111,v02_pass_111_V02_S3104_I00000477_P4062_f0000350,V02_S3104_I00000477_P4062,naturalistic/train/0048/0023/V02_S3104_I00000477_P4062,naturalistic/train/0048/0042/V02_S3104_I00000477_P4071,v02_pass,V02,naturalistic,350,V02,naturalistic,train,ipc_conversation,random draw from V02 files the current pipeline keeps,"{""flags_fired"": ""none"", ""fm1_knee_between_torso_p50"": 0.667756102112902, ""fm2_longest_invalid_run_frames"": 0.0, ""fm2_smplh_valid_frac"": 1.0, ""fm3_static_frac"": 0.006699346405228758, ""fps"": 30.0, ""observed_duration_s"": 204.0, ""raster"": ""1080x1920"", ""reproj_shoulder_widths_p50"": 0.16636279308258767, ""valid_frac_box"": 1.0, ""vendor"": ""V02"", ""verdict"": ""PASSES the current pipeline""}",render
vend_112,v02_pass_112_V02_S3077_I00000377_P4062_f0004971,V02_S3077_I00000377_P4062,naturalistic/train/0046/0049/V02_S3077_I00000377_P4062,naturalistic/train/0046/0040/V02_S3077_I00000377_P4063,v02_pass,V02,naturalistic,4971,V02,naturalistic,train,ipc_conversation,random draw from V02 files the current pipeline keeps,"{""flags_fired"": ""none"", ""fm1_knee_between_torso_p50"": 0.6919985509519729, ""fm2_longest_invalid_run_frames"": 0.0, ""fm2_smplh_valid_frac"": 1.0, ""fm3_static_frac"": 0.001282051282051282, ""fps"": 30.0, ""observed_duration_s"": 208.0, ""raster"": ""1080x1920"", ""reproj_shoulder_widths_p50"": 0.1317516066114927, ""valid_frac_box"": 1.0, ""vendor"": ""V02"", ""verdict"": ""PASSES the current pipeline""}",render
vend_113,v02_pass_113_V02_S3641_I00000233_P4264_f0004465,V02_S3641_I00000233_P4264,naturalistic/train/0080/0017/V02_S3641_I00000233_P4264,naturalistic/train/0080/0049/V02_S3641_I00000233_P4135,v02_pass,V02,naturalistic,4465,V02,naturalistic,train,ipc_conversation,random draw from V02 files the current pipeline keeps,"{""flags_fired"": ""none"", ""fm1_knee_between_torso_p50"": 0.6638512942797874, ""fm2_longest_invalid_run_frames"": 0.0, ""fm2_smplh_valid_frac"": 1.0, ""fm3_static_frac"": 0.508421052631579, ""fps"": 30.0, ""observed_duration_s"": 190.0, ""raster"": ""1080x1920"", ""reproj_shoulder_widths_p50"": 0.1602525226342834, ""valid_frac_box"": 1.0, ""vendor"": ""V02"", ""verdict"": ""PASSES the current pipeline""}",render
vend_114,v02_pass_114_V02_S3290_I00000371_P4150_f0004553,V02_S3290_I00000371_P4150,naturalistic/train/0059/0056/V02_S3290_I00000371_P4150,naturalistic/train/0059/0033/V02_S3290_I00000371_P4087,v02_pass,V02,naturalistic,4553,V02,naturalistic,train,ipc_conversation,random draw from V02 files the current pipeline keeps,"{""flags_fired"": ""none"", ""fm1_knee_between_torso_p50"": 0.7225092892622197, ""fm2_longest_invalid_run_frames"": 0.0, ""fm2_smplh_valid_frac"": 1.0, ""fm3_static_frac"": 0.3725, ""fps"": 30.0, ""observed_duration_s"": 200.0, ""raster"": ""1080x1920"", ""reproj_shoulder_widths_p50"": 0.07107159718232534, ""valid_frac_box"": 1.0, ""vendor"": ""V02"", ""verdict"": ""PASSES the current pipeline""}",render
vend_115,v02_pass_115_V02_S5336_I00000201_P5267_f0005171,V02_S5336_I00000201_P5267,naturalistic/train/0102/0022/V02_S5336_I00000201_P5267,naturalistic/train/0102/0022/V02_S5336_I00000201_P5294,v02_pass,V02,naturalistic,5171,V02,naturalistic,train,ipc_conversation,random draw from V02 files the current pipeline keeps,"{""flags_fired"": ""none"", ""fm1_knee_between_torso_p50"": 0.6517986009345309, ""fm2_longest_invalid_run_frames"": 0.0, ""fm2_smplh_valid_frac"": 1.0, ""fm3_static_frac"": 0.6092920353982301, ""fps"": 30.0, ""observed_duration_s"": 226.0, ""raster"": ""1080x1920"", ""reproj_shoulder_widths_p50"": 0.14598713564711424, ""valid_frac_box"": 1.0, ""vendor"": ""V02"", ""verdict"": ""PASSES the current pipeline""}",render
vend_116,v02_pass_116_V02_S5176_I00000356_P5169_f0001603,V02_S5176_I00000356_P5169,naturalistic/train/0092/0007/V02_S5176_I00000356_P5169,naturalistic/train/0092/0032/V02_S5176_I00000356_P5201,v02_pass,V02,naturalistic,1603,V02,naturalistic,train,ipc_conversation,random draw from V02 files the current pipeline keeps,"{""flags_fired"": ""none"", ""fm1_knee_between_torso_p50"": 0.5672249760220782, ""fm2_longest_invalid_run_frames"": 0.0, ""fm2_smplh_valid_frac"": 1.0, ""fm3_static_frac"": 0.06724137931034482, ""fps"": 30.0, ""observed_duration_s"": 174.0, ""raster"": ""1080x1920"", ""reproj_shoulder_widths_p50"": 0.13705640361090954, ""valid_frac_box"": 1.0, ""vendor"": ""V02"", ""verdict"": ""PASSES the current pipeline""}",render
vend_117,v02_pass_117_V02_S3141_I00000498_P4041_f0002446,V02_S3141_I00000498_P4041,naturalistic/train/0050/0049/V02_S3141_I00000498_P4041,naturalistic/train/0050/0010/V02_S3141_I00000498_P4081,v02_pass,V02,naturalistic,2446,V02,naturalistic,train,ipc_conversation,random draw from V02 files the current pipeline keeps,"{""flags_fired"": ""none"", ""fm1_knee_between_torso_p50"": 0.5924318774580146, ""fm2_longest_invalid_run_frames"": 0.0, ""fm2_smplh_valid_frac"": 1.0, ""fm3_static_frac"": 0.0, ""fps"": 30.0, ""observed_duration_s"": 240.0, ""raster"": ""1080x1920"", ""reproj_shoulder_widths_p50"": 0.11546752010146723, ""valid_frac_box"": 1.0, ""vendor"": ""V02"", ""verdict"": ""PASSES the current pipeline""}",render
vend_118,v02_pass_118_V02_S5009_I00000498_P5013_f0000772,V02_S5009_I00000498_P5013,naturalistic/train/0081/0000/V02_S5009_I00000498_P5013,naturalistic/train/0081/0035/V02_S5009_I00000498_P5014,v02_pass,V02,naturalistic,772,V02,naturalistic,train,ipc_conversation,random draw from V02 files the current pipeline keeps,"{""flags_fired"": ""none"", ""fm1_knee_between_torso_p50"": 0.5575675239478431, ""fm2_longest_invalid_run_frames"": 0.0, ""fm2_smplh_valid_frac"": 1.0, ""fm3_static_frac"": 0.38943089430894307, ""fps"": 30.0, ""observed_duration_s"": 164.0, ""raster"": ""1080x1920"", ""reproj_shoulder_widths_p50"": 0.1737000762314353, ""valid_frac_box"": 1.0, ""vendor"": ""V02"", ""verdict"": ""PASSES the current pipeline""}",render
vend_119,v02_pass_119_V02_S3510_I00000098_P4219_f0001365,V02_S3510_I00000098_P4219,naturalistic/train/0072/0008/V02_S3510_I00000098_P4219,naturalistic/train/0072/0024/V02_S3510_I00000098_P4203,v02_pass,V02,naturalistic,1365,V02,naturalistic,train,ipc_conversation,random draw from V02 files the current pipeline keeps,"{""flags_fired"": ""none"", ""fm1_knee_between_torso_p50"": 0.6640169130931695, ""fm2_longest_invalid_run_frames"": 0.0, ""fm2_smplh_valid_frac"": 1.0, ""fm3_static_frac"": 0.4198148148148148, ""fps"": 30.0, ""observed_duration_s"": 180.0, ""raster"": ""1080x1920"", ""reproj_shoulder_widths_p50"": 0.16418985176584244, ""valid_frac_box"": 1.0, ""vendor"": ""V02"", ""verdict"": ""PASSES the current pipeline""}",render
vend_120,v02_pass_120_V02_S3651_I00000321_P4240_f0003438,V02_S3651_I00000321_P4240,naturalistic/train/0080/0013/V02_S3651_I00000321_P4240,naturalistic/train/0080/0047/V02_S3651_I00000321_P4257,v02_pass,V02,naturalistic,3438,V02,naturalistic,train,ipc_conversation,random draw from V02 files the current pipeline keeps,"{""flags_fired"": ""none"", ""fm1_knee_between_torso_p50"": 0.6019700441257596, ""fm2_longest_invalid_run_frames"": 0.0, ""fm2_smplh_valid_frac"": 1.0, ""fm3_static_frac"": 0.02122641509433962, ""fps"": 30.0, ""observed_duration_s"": 212.0, ""raster"": ""1080x1920"", ""reproj_shoulder_widths_p50"": 0.19570068401291868, ""valid_frac_box"": 1.0, ""vendor"": ""V02"", ""verdict"": ""PASSES the current pipeline""}",render
vend_121,v02_pass_121_V02_S5034_I00000461_P5041_f0000995,V02_S5034_I00000461_P5041,naturalistic/train/0083/0040/V02_S5034_I00000461_P5041,naturalistic/train/0083/0005/V02_S5034_I00000461_P5040,v02_pass,V02,naturalistic,995,V02,naturalistic,train,ipc_conversation,random draw from V02 files the current pipeline keeps,"{""flags_fired"": ""none"", ""fm1_knee_between_torso_p50"": 0.7310527689079654, ""fm2_longest_invalid_run_frames"": 0.0, ""fm2_smplh_valid_frac"": 1.0, ""fm3_static_frac"": 0.6647940074906367, ""fps"": 30.0, ""observed_duration_s"": 178.0, ""raster"": ""1080x1920"", ""reproj_shoulder_widths_p50"": 0.12643761474531653, ""valid_frac_box"": 1.0, ""vendor"": ""V02"", ""verdict"": ""PASSES the current pipeline""}",render
vend_122,v02_pass_122_V02_S5254_I00000280_P5218_f0001487,V02_S5254_I00000280_P5218,naturalistic/train/0097/0033/V02_S5254_I00000280_P5218,naturalistic/train/0097/0031/V02_S5254_I00000280_P5216,v02_pass,V02,naturalistic,1487,V02,naturalistic,train,ipc_conversation,random draw from V02 files the current pipeline keeps,"{""flags_fired"": ""none"", ""fm1_knee_between_torso_p50"": 0.65186935506513, ""fm2_longest_invalid_run_frames"": 0.0, ""fm2_smplh_valid_frac"": 1.0, ""fm3_static_frac"": 0.07962962962962963, ""fps"": 30.0, ""observed_duration_s"": 180.0, ""raster"": ""1080x1920"", ""reproj_shoulder_widths_p50"": 0.12517484754369446, ""valid_frac_box"": 1.0, ""vendor"": ""V02"", ""verdict"": ""PASSES the current pipeline""}",render
vend_123,v02_pass_123_V02_S5134_I00000305_P5156_f0002644,V02_S5134_I00000305_P5156,naturalistic/train/0089/0002/V02_S5134_I00000305_P5156,naturalistic/train/0089/0021/V02_S5134_I00000305_P5159,v02_pass,V02,naturalistic,2644,V02,naturalistic,train,ipc_conversation,random draw from V02 files the current pipeline keeps,"{""flags_fired"": ""none"", ""fm1_knee_between_torso_p50"": 0.628779764141433, ""fm2_longest_invalid_run_frames"": 0.0, ""fm2_smplh_valid_frac"": 1.0, ""fm3_static_frac"": 0.26805555555555555, ""fps"": 30.0, ""observed_duration_s"": 168.0, ""raster"": ""1080x1920"", ""reproj_shoulder_widths_p50"": 0.05626502082065728, ""valid_frac_box"": 1.0, ""vendor"": ""V02"", ""verdict"": ""PASSES the current pipeline""}",render
vend_124,v02_pass_124_V02_S3324_I00000016_P4107_f0002746,V02_S3324_I00000016_P4107,naturalistic/train/0061/0033/V02_S3324_I00000016_P4107,naturalistic/train/0061/0047/V02_S3324_I00000016_P4134,v02_pass,V02,naturalistic,2746,V02,naturalistic,train,ipc_conversation,random draw from V02 files the current pipeline keeps,"{""flags_fired"": ""none"", ""fm1_knee_between_torso_p50"": 0.679623170863416, ""fm2_longest_invalid_run_frames"": 0.0, ""fm2_smplh_valid_frac"": 1.0, ""fm3_static_frac"": 0.6296875, ""fps"": 30.0, ""observed_duration_s"": 192.0, ""raster"": ""1080x1920"", ""reproj_shoulder_widths_p50"": 0.09604304297267179, ""valid_frac_box"": 1.0, ""vendor"": ""V02"", ""verdict"": ""PASSES the current pipeline""}",render
vend_125,v02_pass_125_V02_S5316_I00000207_P5286_f0002590,V02_S5316_I00000207_P5286,naturalistic/train/0101/0032/V02_S5316_I00000207_P5286,naturalistic/train/0101/0041/V02_S5316_I00000207_P5283,v02_pass,V02,naturalistic,2590,V02,naturalistic,train,ipc_conversation,random draw from V02 files the current pipeline keeps,"{""flags_fired"": ""none"", ""fm1_knee_between_torso_p50"": 0.5764626537826236, ""fm2_longest_invalid_run_frames"": 0.0, ""fm2_smplh_valid_frac"": 1.0, ""fm3_static_frac"": 0.46492248062015507, ""fps"": 30.0, ""observed_duration_s"": 172.0, ""raster"": ""1080x1920"", ""reproj_shoulder_widths_p50"": 0.07393906488118952, ""valid_frac_box"": 1.0, ""vendor"": ""V02"", ""verdict"": ""PASSES the current pipeline""}",render
vend_126,v02_pass_126_V02_S3035_I00000130_P4041_f0002957,V02_S3035_I00000130_P4041,naturalistic/train/0044/0025/V02_S3035_I00000130_P4041,naturalistic/train/0044/0038/V02_S3035_I00000130_P4040,v02_pass,V02,naturalistic,2957,V02,naturalistic,train,ipc_conversation,random draw from V02 files the current pipeline keeps,"{""flags_fired"": ""none"", ""fm1_knee_between_torso_p50"": 0.6792055548085335, ""fm2_longest_invalid_run_frames"": 0.0, ""fm2_smplh_valid_frac"": 1.0, ""fm3_static_frac"": 0.5076452599388379, ""fps"": 30.0, ""observed_duration_s"": 218.0, ""raster"": ""1080x1920"", ""reproj_shoulder_widths_p50"": 0.12541549752513706, ""valid_frac_box"": 1.0, ""vendor"": ""V02"", ""verdict"": ""PASSES the current pipeline""}",render
vend_127,v02_pass_127_V02_S5142_I00000302_P5179_f0003155,V02_S5142_I00000302_P5179,naturalistic/train/0090/0026/V02_S5142_I00000302_P5179,naturalistic/train/0090/0032/V02_S5142_I00000302_P5136,v02_pass,V02,naturalistic,3155,V02,naturalistic,train,ipc_conversation,random draw from V02 files the current pipeline keeps,"{""flags_fired"": ""none"", ""fm1_knee_between_torso_p50"": 0.6220931949499818, ""fm2_longest_invalid_run_frames"": 0.0, ""fm2_smplh_valid_frac"": 1.0, ""fm3_static_frac"": 0.03486590038314176, ""fps"": 30.0, ""observed_duration_s"": 174.0, ""raster"": ""1080x1920"", ""reproj_shoulder_widths_p50"": 0.05143424731559898, ""valid_frac_box"": 1.0, ""vendor"": ""V02"", ""verdict"": ""PASSES the current pipeline""}",render
vend_128,v02_pass_128_V02_S5155_I00000182_P5134_f0001727,V02_S5155_I00000182_P5134,naturalistic/train/0090/0027/V02_S5155_I00000182_P5134,naturalistic/train/0090/0025/V02_S5155_I00000182_P5194,v02_pass,V02,naturalistic,1727,V02,naturalistic,train,ipc_conversation,random draw from V02 files the current pipeline keeps,"{""flags_fired"": ""none"", ""fm1_knee_between_torso_p50"": 0.6073062341288166, ""fm2_longest_invalid_run_frames"": 0.0, ""fm2_smplh_valid_frac"": 1.0, ""fm3_static_frac"": 0.023563218390804597, ""fps"": 30.0, ""observed_duration_s"": 174.0, ""raster"": ""1080x1920"", ""reproj_shoulder_widths_p50"": 0.13061691075136006, ""valid_frac_box"": 1.0, ""vendor"": ""V02"", ""verdict"": ""PASSES the current pipeline""}",render
vend_129,v02_pass_129_V02_S5163_I00000426_P5050_f0002771,V02_S5163_I00000426_P5050,naturalistic/train/0091/0024/V02_S5163_I00000426_P5050,naturalistic/train/0091/0035/V02_S5163_I00000426_P5109,v02_pass,V02,naturalistic,2771,V02,naturalistic,train,ipc_conversation,random draw from V02 files the current pipeline keeps,"{""flags_fired"": ""none"", ""fm1_knee_between_torso_p50"": 0.6335920645786236, ""fm2_longest_invalid_run_frames"": 0.0, ""fm2_smplh_valid_frac"": 1.0, ""fm3_static_frac"": 0.6869731800766283, ""fps"": 30.0, ""observed_duration_s"": 174.0, ""raster"": ""1080x1920"", ""reproj_shoulder_widths_p50"": 0.09783242475046827, ""valid_frac_box"": 1.0, ""vendor"": ""V02"", ""verdict"": ""PASSES the current pipeline""}",render
vend_130,v02_pass_130_V02_S3607_I00000119_P4249_f0004949,V02_S3607_I00000119_P4249,naturalistic/train/0078/0046/V02_S3607_I00000119_P4249,naturalistic/train/0078/0007/V02_S3607_I00000119_P4245,v02_pass,V02,naturalistic,4949,V02,naturalistic,train,ipc_conversation,random draw from V02 files the current pipeline keeps,"{""flags_fired"": ""none"", ""fm1_knee_between_torso_p50"": 0.7236481273729645, ""fm2_longest_invalid_run_frames"": 0.0, ""fm2_smplh_valid_frac"": 1.0, ""fm3_static_frac"": 0.18945578231292518, ""fps"": 30.0, ""observed_duration_s"": 196.0, ""raster"": ""1080x1920"", ""reproj_shoulder_widths_p50"": 0.10872300109315985, ""valid_frac_box"": 1.0, ""vendor"": ""V02"", ""verdict"": ""PASSES the current pipeline""}",render
vend_131,v02_pass_131_V02_S3567_I00000038_P4235_f0005677,V02_S3567_I00000038_P4235,naturalistic/train/0075/0001/V02_S3567_I00000038_P4235,naturalistic/train/0075/0009/V02_S3567_I00000038_P4210,v02_pass,V02,naturalistic,5677,V02,naturalistic,train,ipc_conversation,random draw from V02 files the current pipeline keeps,"{""flags_fired"": ""none"", ""fm1_knee_between_torso_p50"": 0.667141408635542, ""fm2_longest_invalid_run_frames"": 0.0, ""fm2_smplh_valid_frac"": 1.0, ""fm3_static_frac"": 0.5024137931034482, ""fps"": 30.0, ""observed_duration_s"": 290.0, ""raster"": ""1080x1920"", ""reproj_shoulder_widths_p50"": 0.0805292909514358, ""valid_frac_box"": 1.0, ""vendor"": ""V02"", ""verdict"": ""PASSES the current pipeline""}",render
vend_132,v02_pass_132_V02_S5184_I00000413_P5071_f0003441,V02_S5184_I00000413_P5071,naturalistic/train/0092/0038/V02_S5184_I00000413_P5071,naturalistic/train/0092/0012/V02_S5184_I00000413_P5005,v02_pass,V02,naturalistic,3441,V02,naturalistic,train,ipc_conversation,random draw from V02 files the current pipeline keeps,"{""flags_fired"": ""none"", ""fm1_knee_between_torso_p50"": 0.5575670071515177, ""fm2_longest_invalid_run_frames"": 0.0, ""fm2_smplh_valid_frac"": 1.0, ""fm3_static_frac"": 0.22980392156862745, ""fps"": 30.0, ""observed_duration_s"": 170.0, ""raster"": ""1080x1920"", ""reproj_shoulder_widths_p50"": 0.09292718156965, ""valid_frac_box"": 1.0, ""vendor"": ""V02"", ""verdict"": ""PASSES the current pipeline""}",render
vend_133,v02_pass_133_V02_S5103_I00000301_P5131_f0003767,V02_S5103_I00000301_P5131,naturalistic/train/0087/0030/V02_S5103_I00000301_P5131,naturalistic/train/0087/0032/V02_S5103_I00000301_P5130,v02_pass,V02,naturalistic,3767,V02,naturalistic,train,ipc_conversation,random draw from V02 files the current pipeline keeps,"{""flags_fired"": ""none"", ""fm1_knee_between_torso_p50"": 0.5582246107561347, ""fm2_longest_invalid_run_frames"": 0.0, ""fm2_smplh_valid_frac"": 1.0, ""fm3_static_frac"": 0.03666666666666667, ""fps"": 30.0, ""observed_duration_s"": 170.0, ""raster"": ""1080x1920"", ""reproj_shoulder_widths_p50"": 0.15398238451136298, ""valid_frac_box"": 1.0, ""vendor"": ""V02"", ""verdict"": ""PASSES the current pipeline""}",render
vend_134,v02_pass_134_V02_S5034_I00000130_P5041_f0002991,V02_S5034_I00000130_P5041,naturalistic/train/0083/0014/V02_S5034_I00000130_P5041,naturalistic/train/0083/0030/V02_S5034_I00000130_P5040,v02_pass,V02,naturalistic,2991,V02,naturalistic,train,ipc_conversation,random draw from V02 files the current pipeline keeps,"{""flags_fired"": ""none"", ""fm1_knee_between_torso_p50"": 0.6800558511052255, ""fm2_longest_invalid_run_frames"": 0.0, ""fm2_smplh_valid_frac"": 1.0, ""fm3_static_frac"": 0.702247191011236, ""fps"": 30.0, ""observed_duration_s"": 178.0, ""raster"": ""1080x1920"", ""reproj_shoulder_widths_p50"": 0.15274707836434398, ""valid_frac_box"": 1.0, ""vendor"": ""V02"", ""verdict"": ""PASSES the current pipeline""}",render
vend_135,v02_pass_135_V02_S5023_I00000134_P5026_f0000429,V02_S5023_I00000134_P5026,naturalistic/train/0082/0006/V02_S5023_I00000134_P5026,naturalistic/train/0082/0035/V02_S5023_I00000134_P5007,v02_pass,V02,naturalistic,429,V02,naturalistic,train,ipc_conversation,random draw from V02 files the current pipeline keeps,"{""flags_fired"": ""none"", ""fm1_knee_between_torso_p50"": 0.6254662734114265, ""fm2_longest_invalid_run_frames"": 0.0, ""fm2_smplh_valid_frac"": 1.0, ""fm3_static_frac"": 0.615909090909091, ""fps"": 30.0, ""observed_duration_s"": 176.0, ""raster"": ""1080x1920"", ""reproj_shoulder_widths_p50"": 0.11421940746434764, ""valid_frac_box"": 1.0, ""vendor"": ""V02"", ""verdict"": ""PASSES the current pipeline""}",render
vend_136,v02_pass_136_V02_S5144_I00000355_P5136_f0001497,V02_S5144_I00000355_P5136,naturalistic/train/0090/0028/V02_S5144_I00000355_P5136,naturalistic/train/0090/0041/V02_S5144_I00000355_P5181,v02_pass,V02,naturalistic,1497,V02,naturalistic,train,ipc_conversation,random draw from V02 files the current pipeline keeps,"{""flags_fired"": ""none"", ""fm1_knee_between_torso_p50"": 0.6000287292145393, ""fm2_longest_invalid_run_frames"": 0.0, ""fm2_smplh_valid_frac"": 1.0, ""fm3_static_frac"": 0.04689922480620155, ""fps"": 30.0, ""observed_duration_s"": 172.0, ""raster"": ""1080x1920"", ""reproj_shoulder_widths_p50"": 0.053248607381157574, ""valid_frac_box"": 1.0, ""vendor"": ""V02"", ""verdict"": ""PASSES the current pipeline""}",render
vend_137,v02_pass_137_V02_S5019_I00000135_P5007_f0003555,V02_S5019_I00000135_P5007,naturalistic/train/0082/0041/V02_S5019_I00000135_P5007,naturalistic/train/0082/0001/V02_S5019_I00000135_P5028,v02_pass,V02,naturalistic,3555,V02,naturalistic,train,collaborative_storytelling,random draw from V02 files the current pipeline keeps,"{""flags_fired"": ""none"", ""fm1_knee_between_torso_p50"": 0.6238616731366236, ""fm2_longest_invalid_run_frames"": 0.0, ""fm2_smplh_valid_frac"": 1.0, ""fm3_static_frac"": 0.3872093023255814, ""fps"": 30.0, ""observed_duration_s"": 172.0, ""raster"": ""1080x1920"", ""reproj_shoulder_widths_p50"": 0.10680170907087358, ""valid_frac_box"": 1.0, ""vendor"": ""V02"", ""verdict"": ""PASSES the current pipeline""}",render
vend_138,v02_pass_138_V02_S3441_I00000433_P4198_f0005184,V02_S3441_I00000433_P4198,naturalistic/train/0068/0046/V02_S3441_I00000433_P4198,naturalistic/train/0068/0047/V02_S3441_I00000433_P4177,v02_pass,V02,naturalistic,5184,V02,naturalistic,train,ipc_conversation,random draw from V02 files the current pipeline keeps,"{""flags_fired"": ""none"", ""fm1_knee_between_torso_p50"": 0.7127180797952404, ""fm2_longest_invalid_run_frames"": 0.0, ""fm2_smplh_valid_frac"": 1.0, ""fm3_static_frac"": 0.33790849673202616, ""fps"": 30.0, ""observed_duration_s"": 204.0, ""raster"": ""1080x1920"", ""reproj_shoulder_widths_p50"": 0.16586853335446738, ""valid_frac_box"": 1.0, ""vendor"": ""V02"", ""verdict"": ""PASSES the current pipeline""}",render
vend_139,v02_pass_139_V02_S5334_I00000301_P5267_f0003180,V02_S5334_I00000301_P5267,naturalistic/train/0102/0010/V02_S5334_I00000301_P5267,naturalistic/train/0102/0010/V02_S5334_I00000301_P5266,v02_pass,V02,naturalistic,3180,V02,naturalistic,train,ipc_conversation,random draw from V02 files the current pipeline keeps,"{""flags_fired"": ""none"", ""fm1_knee_between_torso_p50"": 0.6477526697897676, ""fm2_longest_invalid_run_frames"": 0.0, ""fm2_smplh_valid_frac"": 1.0, ""fm3_static_frac"": 0.6697318007662836, ""fps"": 30.0, ""observed_duration_s"": 174.0, ""raster"": ""1080x1920"", ""reproj_shoulder_widths_p50"": 0.12100356924642797, ""valid_frac_box"": 1.0, ""vendor"": ""V02"", ""verdict"": ""PASSES the current pipeline""}",render
vend_140,v02_pass_140_V02_S3158_I00000382_P4031_f0004475,V02_S3158_I00000382_P4031,naturalistic/train/0051/0050/V02_S3158_I00000382_P4031,naturalistic/train/0051/0046/V02_S3158_I00000382_P4087,v02_pass,V02,naturalistic,4475,V02,naturalistic,train,ipc_conversation,random draw from V02 files the current pipeline keeps,"{""flags_fired"": ""none"", ""fm1_knee_between_torso_p50"": 0.802335207806625, ""fm2_longest_invalid_run_frames"": 0.0, ""fm2_smplh_valid_frac"": 1.0, ""fm3_static_frac"": 0.018518518518518517, ""fps"": 30.0, ""observed_duration_s"": 180.0, ""raster"": ""1080x1920"", ""reproj_shoulder_widths_p50"": 0.08527564420978492, ""valid_frac_box"": 1.0, ""vendor"": ""V02"", ""verdict"": ""PASSES the current pipeline""}",render
vend_141,v02_pass_141_V02_S5272_I00000036_P5266_f0004304,V02_S5272_I00000036_P5266,naturalistic/train/0098/0028/V02_S5272_I00000036_P5266,naturalistic/train/0098/0039/V02_S5272_I00000036_P5262,v02_pass,V02,naturalistic,4304,V02,naturalistic,train,ipc_conversation,random draw from V02 files the current pipeline keeps,"{""flags_fired"": ""none"", ""fm1_knee_between_torso_p50"": 0.5764898602136138, ""fm2_longest_invalid_run_frames"": 0.0, ""fm2_smplh_valid_frac"": 1.0, ""fm3_static_frac"": 0.5016666666666667, ""fps"": 30.0, ""observed_duration_s"": 180.0, ""raster"": ""1080x1920"", ""reproj_shoulder_widths_p50"": 0.10193954039599934, ""valid_frac_box"": 1.0, ""vendor"": ""V02"", ""verdict"": ""PASSES the current pipeline""}",render
vend_142,v02_pass_142_V02_S5303_I00000200_P5141_f0003387,V02_S5303_I00000200_P5141,naturalistic/train/0100/0039/V02_S5303_I00000200_P5141,naturalistic/train/0100/0042/V02_S5303_I00000200_P5282,v02_pass,V02,naturalistic,3387,V02,naturalistic,train,ipc_conversation,random draw from V02 files the current pipeline keeps,"{""flags_fired"": ""none"", ""fm1_knee_between_torso_p50"": 0.5994115476357444, ""fm2_longest_invalid_run_frames"": 0.0, ""fm2_smplh_valid_frac"": 1.0, ""fm3_static_frac"": 0.48948412698412697, ""fps"": 30.0, ""observed_duration_s"": 168.0, ""raster"": ""1080x1920"", ""reproj_shoulder_widths_p50"": 0.044864240725213604, ""valid_frac_box"": 1.0, ""vendor"": ""V02"", ""verdict"": ""PASSES the current pipeline""}",render
vend_143,v02_pass_143_V02_S5279_I00000035_P5269_f0003443,V02_S5279_I00000035_P5269,naturalistic/train/0099/0014/V02_S5279_I00000035_P5269,naturalistic/train/0099/0021/V02_S5279_I00000035_P5168,v02_pass,V02,naturalistic,3443,V02,naturalistic,train,ipc_conversation,random draw from V02 files the current pipeline keeps,"{""flags_fired"": ""none"", ""fm1_knee_between_torso_p50"": 0.5529393838643035, ""fm2_longest_invalid_run_frames"": 0.0, ""fm2_smplh_valid_frac"": 1.0, ""fm3_static_frac"": 0.7130522088353414, ""fps"": 30.0, ""observed_duration_s"": 166.0, ""raster"": ""1080x1920"", ""reproj_shoulder_widths_p50"": 0.12483157210900137, ""valid_frac_box"": 1.0, ""vendor"": ""V02"", ""verdict"": ""PASSES the current pipeline""}",render
vend_144,v02_pass_144_V02_S5087_I00000305_P5113_f0003229,V02_S5087_I00000305_P5113,naturalistic/train/0086/0034/V02_S5087_I00000305_P5113,naturalistic/train/0086/0013/V02_S5087_I00000305_P5114,v02_pass,V02,naturalistic,3229,V02,naturalistic,train,ipc_conversation,random draw from V02 files the current pipeline keeps,"{""flags_fired"": ""none"", ""fm1_knee_between_torso_p50"": 0.7287705909622926, ""fm2_longest_invalid_run_frames"": 0.0, ""fm2_smplh_valid_frac"": 1.0, ""fm3_static_frac"": 0.03270833333333333, ""fps"": 30.0, ""observed_duration_s"": 160.0, ""raster"": ""1080x1920"", ""reproj_shoulder_widths_p50"": 0.0985574615278271, ""valid_frac_box"": 1.0, ""vendor"": ""V02"", ""verdict"": ""PASSES the current pipeline""}",render
vend_145,v02_pass_145_V02_S5095_I00000222_P5117_f0001438,V02_S5095_I00000222_P5117,naturalistic/train/0087/0041/V02_S5095_I00000222_P5117,naturalistic/train/0087/0031/V02_S5095_I00000222_P5058,v02_pass,V02,naturalistic,1438,V02,naturalistic,train,ipc_conversation,random draw from V02 files the current pipeline keeps,"{""flags_fired"": ""none"", ""fm1_knee_between_torso_p50"": 0.5568448330446742, ""fm2_longest_invalid_run_frames"": 0.0, ""fm2_smplh_valid_frac"": 1.0, ""fm3_static_frac"": 0.03363636363636364, ""fps"": 30.0, ""observed_duration_s"": 110.0, ""raster"": ""1080x1920"", ""reproj_shoulder_widths_p50"": 0.15767571499857008, ""valid_frac_box"": 1.0, ""vendor"": ""V02"", ""verdict"": ""PASSES the current pipeline""}",render
vend_146,v02_pass_146_V02_S5016_I00000377_P5025_f0000835,V02_S5016_I00000377_P5025,naturalistic/train/0082/0019/V02_S5016_I00000377_P5025,naturalistic/train/0082/0020/V02_S5016_I00000377_P5007,v02_pass,V02,naturalistic,835,V02,naturalistic,train,ipc_conversation,random draw from V02 files the current pipeline keeps,"{""flags_fired"": ""none"", ""fm1_knee_between_torso_p50"": 0.6087765761432327, ""fm2_longest_invalid_run_frames"": 0.0, ""fm2_smplh_valid_frac"": 1.0, ""fm3_static_frac"": 0.5357954545454545, ""fps"": 30.0, ""observed_duration_s"": 176.0, ""raster"": ""1080x1920"", ""reproj_shoulder_widths_p50"": 0.09818997545595708, ""valid_frac_box"": 1.0, ""vendor"": ""V02"", ""verdict"": ""PASSES the current pipeline""}",render
vend_147,v02_pass_147_V02_S5096_I00000013_P5120_f0003557,V02_S5096_I00000013_P5120,naturalistic/train/0087/0006/V02_S5096_I00000013_P5120,naturalistic/train/0087/0033/V02_S5096_I00000013_P5029,v02_pass,V02,naturalistic,3557,V02,naturalistic,train,ipc_conversation,random draw from V02 files the current pipeline keeps,"{""flags_fired"": ""none"", ""fm1_knee_between_torso_p50"": 0.5889988870470024, ""fm2_longest_invalid_run_frames"": 0.0, ""fm2_smplh_valid_frac"": 1.0, ""fm3_static_frac"": 0.2896551724137931, ""fps"": 30.0, ""observed_duration_s"": 174.0, ""raster"": ""1080x1920"", ""reproj_shoulder_widths_p50"": 0.1665827746511626, ""valid_frac_box"": 1.0, ""vendor"": ""V02"", ""verdict"": ""PASSES the current pipeline""}",render
vend_148,v02_pass_148_V02_S5301_I00000208_P5264_f0004050,V02_S5301_I00000208_P5264,naturalistic/train/0100/0009/V02_S5301_I00000208_P5264,naturalistic/train/0100/0042/V02_S5301_I00000208_P5281,v02_pass,V02,naturalistic,4050,V02,naturalistic,train,ipc_conversation,random draw from V02 files the current pipeline keeps,"{""flags_fired"": ""none"", ""fm1_knee_between_torso_p50"": 0.601479468577515, ""fm2_longest_invalid_run_frames"": 0.0, ""fm2_smplh_valid_frac"": 1.0, ""fm3_static_frac"": 0.29728682170542636, ""fps"": 30.0, ""observed_duration_s"": 172.0, ""raster"": ""1080x1920"", ""reproj_shoulder_widths_p50"": 0.1661707834042235, ""valid_frac_box"": 1.0, ""vendor"": ""V02"", ""verdict"": ""PASSES the current pipeline""}",render
vend_149,v02_pass_149_V02_S3312_I00000138_P4146_f0003753,V02_S3312_I00000138_P4146,naturalistic/train/0060/0028/V02_S3312_I00000138_P4146,naturalistic/train/0060/0023/V02_S3312_I00000138_P4162,v02_pass,V02,naturalistic,3753,V02,naturalistic,train,ipc_conversation,random draw from V02 files the current pipeline keeps,"{""flags_fired"": ""none"", ""fm1_knee_between_torso_p50"": 0.628163540782241, ""fm2_longest_invalid_run_frames"": 0.0, ""fm2_smplh_valid_frac"": 1.0, ""fm3_static_frac"": 0.0753822629969419, ""fps"": 30.0, ""observed_duration_s"": 218.0, ""raster"": ""1080x1920"", ""reproj_shoulder_widths_p50"": 0.08501571876033417, ""valid_frac_box"": 1.0, ""vendor"": ""V02"", ""verdict"": ""PASSES the current pipeline""}",render
vend_150,v02_pass_150_V02_S5028_I00000313_P5035_f0001509,V02_S5028_I00000313_P5035,naturalistic/train/0082/0012/V02_S5028_I00000313_P5035,naturalistic/train/0082/0009/V02_S5028_I00000313_P5001,v02_pass,V02,naturalistic,1509,V02,naturalistic,train,ipc_conversation,random draw from V02 files the current pipeline keeps,"{""flags_fired"": ""none"", ""fm1_knee_between_torso_p50"": 0.6179716125102033, ""fm2_longest_invalid_run_frames"": 0.0, ""fm2_smplh_valid_frac"": 1.0, ""fm3_static_frac"": 0.2005813953488372, ""fps"": 30.0, ""observed_duration_s"": 172.0, ""raster"": ""1080x1920"", ""reproj_shoulder_widths_p50"": 0.17799088827052018, ""valid_frac_box"": 1.0, ""vendor"": ""V02"", ""verdict"": ""PASSES the current pipeline""}",render
vend_151,v02_pass_151_V02_S3025_I00000779_P4001_f0000110,V02_S3025_I00000779_P4001,naturalistic/train/0043/0002/V02_S3025_I00000779_P4001,naturalistic/train/0043/0044/V02_S3025_I00000779_P4018,v02_pass,V02,naturalistic,110,V02,naturalistic,train,grounded_gesture,random draw from V02 files the current pipeline keeps,"{""flags_fired"": ""none"", ""fm1_knee_between_torso_p50"": 0.6924950976079915, ""fm2_longest_invalid_run_frames"": 0.0, ""fm2_smplh_valid_frac"": 1.0, ""fm3_static_frac"": 0.19078947368421054, ""fps"": 30.0, ""observed_duration_s"": 152.0, ""raster"": ""1080x1920"", ""reproj_shoulder_widths_p50"": 0.11764807145017218, ""valid_frac_box"": 1.0, ""vendor"": ""V02"", ""verdict"": ""PASSES the current pipeline""}",render
vend_152,v02_pass_152_V02_S5136_I00000281_P5171_f0004237,V02_S5136_I00000281_P5171,naturalistic/train/0089/0022/V02_S5136_I00000281_P5171,naturalistic/train/0089/0026/V02_S5136_I00000281_P5170,v02_pass,V02,naturalistic,4237,V02,naturalistic,train,ipc_conversation,random draw from V02 files the current pipeline keeps,"{""flags_fired"": ""none"", ""fm1_knee_between_torso_p50"": 0.5506467123386592, ""fm2_longest_invalid_run_frames"": 0.0, ""fm2_smplh_valid_frac"": 1.0, ""fm3_static_frac"": 0.0, ""fps"": 30.0, ""observed_duration_s"": 176.0, ""raster"": ""1080x1920"", ""reproj_shoulder_widths_p50"": 0.10689468435071015, ""valid_frac_box"": 1.0, ""vendor"": ""V02"", ""verdict"": ""PASSES the current pipeline""}",render
vend_153,v02_pass_153_V02_S5006_I00000373_P5011_f0001920,V02_S5006_I00000373_P5011,naturalistic/train/0081/0000/V02_S5006_I00000373_P5011,naturalistic/train/0081/0027/V02_S5006_I00000373_P5012,v02_pass,V02,naturalistic,1920,V02,naturalistic,train,ipc_conversation,random draw from V02 files the current pipeline keeps,"{""flags_fired"": ""none"", ""fm1_knee_between_torso_p50"": 0.6648469314761855, ""fm2_longest_invalid_run_frames"": 0.0, ""fm2_smplh_valid_frac"": 1.0, ""fm3_static_frac"": 0.5998148148148148, ""fps"": 30.0, ""observed_duration_s"": 180.0, ""raster"": ""1080x1920"", ""reproj_shoulder_widths_p50"": 0.15238747043075002, ""valid_frac_box"": 1.0, ""vendor"": ""V02"", ""verdict"": ""PASSES the current pipeline""}",render
vend_154,v02_pass_154_V02_S5294_I00000401_P5265_f0003714,V02_S5294_I00000401_P5265,naturalistic/train/0100/0025/V02_S5294_I00000401_P5265,naturalistic/train/0100/0042/V02_S5294_I00000401_P5262,v02_pass,V02,naturalistic,3714,V02,naturalistic,train,ipc_conversation,random draw from V02 files the current pipeline keeps,"{""flags_fired"": ""none"", ""fm1_knee_between_torso_p50"": 0.5843762255264102, ""fm2_longest_invalid_run_frames"": 0.0, ""fm2_smplh_valid_frac"": 1.0, ""fm3_static_frac"": 0.12003968253968254, ""fps"": 30.0, ""observed_duration_s"": 168.0, ""raster"": ""1080x1920"", ""reproj_shoulder_widths_p50"": 0.1566957663419658, ""valid_frac_box"": 1.0, ""vendor"": ""V02"", ""verdict"": ""PASSES the current pipeline""}",render
vend_155,v02_pass_155_V02_S5069_I00000739_P5029_f0001746,V02_S5069_I00000739_P5029,naturalistic/train/0085/0020/V02_S5069_I00000739_P5029,naturalistic/train/0085/0032/V02_S5069_I00000739_P5087,v02_pass,V02,naturalistic,1746,V02,naturalistic,train,grounded_gesture,random draw from V02 files the current pipeline keeps,"{""flags_fired"": ""none"", ""fm1_knee_between_torso_p50"": 0.6345235460118681, ""fm2_longest_invalid_run_frames"": 0.0, ""fm2_smplh_valid_frac"": 1.0, ""fm3_static_frac"": 0.24888888888888888, ""fps"": 30.0, ""observed_duration_s"": 240.0, ""raster"": ""1080x1920"", ""reproj_shoulder_widths_p50"": 0.13195839043340563, ""valid_frac_box"": 1.0, ""vendor"": ""V02"", ""verdict"": ""PASSES the current pipeline""}",render
vend_156,v02_pass_156_V02_S3644_I00000115_P4264_f0001386,V02_S3644_I00000115_P4264,naturalistic/train/0080/0043/V02_S3644_I00000115_P4264,naturalistic/train/0080/0042/V02_S3644_I00000115_P4236,v02_pass,V02,naturalistic,1386,V02,naturalistic,train,ipc_conversation,random draw from V02 files the current pipeline keeps,"{""flags_fired"": ""none"", ""fm1_knee_between_torso_p50"": 0.6103303551909778, ""fm2_longest_invalid_run_frames"": 0.0, ""fm2_smplh_valid_frac"": 1.0, ""fm3_static_frac"": 0.4217687074829932, ""fps"": 30.0, ""observed_duration_s"": 196.0, ""raster"": ""1080x1920"", ""reproj_shoulder_widths_p50"": 0.15631120147745398, ""valid_frac_box"": 1.0, ""vendor"": ""V02"", ""verdict"": ""PASSES the current pipeline""}",render
vend_157,v02_pass_157_V02_S5298_I00000735_P5005_f0003869,V02_S5298_I00000735_P5005,naturalistic/train/0100/0015/V02_S5298_I00000735_P5005,naturalistic/train/0100/0034/V02_S5298_I00000735_P5231,v02_pass,V02,naturalistic,3869,V02,naturalistic,train,grounded_gesture,random draw from V02 files the current pipeline keeps,"{""flags_fired"": ""none"", ""fm1_knee_between_torso_p50"": 0.5264255539398418, ""fm2_longest_invalid_run_frames"": 0.0, ""fm2_smplh_valid_frac"": 1.0, ""fm3_static_frac"": 0.3481884057971015, ""fps"": 30.0, ""observed_duration_s"": 184.0, ""raster"": ""1080x1920"", ""reproj_shoulder_widths_p50"": 0.09514816473157209, ""valid_frac_box"": 1.0, ""vendor"": ""V02"", ""verdict"": ""PASSES the current pipeline""}",render
vend_158,v02_pass_158_V02_S5131_I00000285_P5168_f0001738,V02_S5131_I00000285_P5168,naturalistic/train/0089/0041/V02_S5131_I00000285_P5168,naturalistic/train/0089/0036/V02_S5131_I00000285_P5169,v02_pass,V02,naturalistic,1738,V02,naturalistic,train,ipc_conversation,random draw from V02 files the current pipeline keeps,"{""flags_fired"": ""none"", ""fm1_knee_between_torso_p50"": 0.5660269374739083, ""fm2_longest_invalid_run_frames"": 0.0, ""fm2_smplh_valid_frac"": 1.0, ""fm3_static_frac"": 0.6788389513108615, ""fps"": 30.0, ""observed_duration_s"": 178.0, ""raster"": ""1080x1920"", ""reproj_shoulder_widths_p50"": 0.13825594575801148, ""valid_frac_box"": 1.0, ""vendor"": ""V02"", ""verdict"": ""PASSES the current pipeline""}",render
vend_159,v02_pass_159_V02_S5328_I00000114_P5270_f0001852,V02_S5328_I00000114_P5270,naturalistic/train/0102/0042/V02_S5328_I00000114_P5270,naturalistic/train/0102/0004/V02_S5328_I00000114_P5289,v02_pass,V02,naturalistic,1852,V02,naturalistic,train,ipc_conversation,random draw from V02 files the current pipeline keeps,"{""flags_fired"": ""none"", ""fm1_knee_between_torso_p50"": 0.6205524631027222, ""fm2_longest_invalid_run_frames"": 0.0, ""fm2_smplh_valid_frac"": 1.0, ""fm3_static_frac"": 0.49686274509803924, ""fps"": 30.0, ""observed_duration_s"": 170.0, ""raster"": ""1080x1920"", ""reproj_shoulder_widths_p50"": 0.05830958300380405, ""valid_frac_box"": 1.0, ""vendor"": ""V02"", ""verdict"": ""PASSES the current pipeline""}",render
vend_160,v02_pass_160_V02_S5045_I00000228_P5044_f0003392,V02_S5045_I00000228_P5044,naturalistic/train/0084/0016/V02_S5045_I00000228_P5044,naturalistic/train/0084/0042/V02_S5045_I00000228_P5053,v02_pass,V02,naturalistic,3392,V02,naturalistic,train,ipc_conversation,random draw from V02 files the current pipeline keeps,"{""flags_fired"": ""none"", ""fm1_knee_between_torso_p50"": 0.5995439800326067, ""fm2_longest_invalid_run_frames"": 0.0, ""fm2_smplh_valid_frac"": 1.0, ""fm3_static_frac"": 0.7439393939393939, ""fps"": 30.0, ""observed_duration_s"": 176.0, ""raster"": ""1080x1920"", ""reproj_shoulder_widths_p50"": 0.10592231642750558, ""valid_frac_box"": 1.0, ""vendor"": ""V02"", ""verdict"": ""PASSES the current pipeline""}",render
vend_161,v02_pass_161_V02_S5125_I00000285_P5162_f0000342,V02_S5125_I00000285_P5162,naturalistic/train/0089/0000/V02_S5125_I00000285_P5162,naturalistic/train/0089/0031/V02_S5125_I00000285_P5161,v02_pass,V02,naturalistic,342,V02,naturalistic,train,ipc_conversation,random draw from V02 files the current pipeline keeps,"{""flags_fired"": ""none"", ""fm1_knee_between_torso_p50"": 0.6616655077304019, ""fm2_longest_invalid_run_frames"": 0.0, ""fm2_smplh_valid_frac"": 1.0, ""fm3_static_frac"": 0.6139534883720931, ""fps"": 30.0, ""observed_duration_s"": 172.0, ""raster"": ""1080x1920"", ""reproj_shoulder_widths_p50"": 0.046170094245833085, ""valid_frac_box"": 1.0, ""vendor"": ""V02"", ""verdict"": ""PASSES the current pipeline""}",render
vend_162,v02_pass_162_V02_S3190_I00000386_P4086_f0002044,V02_S3190_I00000386_P4086,naturalistic/train/0053/0036/V02_S3190_I00000386_P4086,naturalistic/train/0053/0024/V02_S3190_I00000386_P4098,v02_pass,V02,naturalistic,2044,V02,naturalistic,train,ipc_conversation,random draw from V02 files the current pipeline keeps,"{""flags_fired"": ""none"", ""fm1_knee_between_torso_p50"": 0.6893050719072382, ""fm2_longest_invalid_run_frames"": 0.0, ""fm2_smplh_valid_frac"": 1.0, ""fm3_static_frac"": 0.039225589225589226, ""fps"": 30.0, ""observed_duration_s"": 198.0, ""raster"": ""1080x1920"", ""reproj_shoulder_widths_p50"": 0.1631139283798021, ""valid_frac_box"": 1.0, ""vendor"": ""V02"", ""verdict"": ""PASSES the current pipeline""}",render
vend_163,v02_pass_163_V02_S3624_I00000285_P4253_f0005239,V02_S3624_I00000285_P4253,naturalistic/train/0079/0009/V02_S3624_I00000285_P4253,naturalistic/train/0079/0025/V02_S3624_I00000285_P4254,v02_pass,V02,naturalistic,5239,V02,naturalistic,train,ipc_conversation,random draw from V02 files the current pipeline keeps,"{""flags_fired"": ""none"", ""fm1_knee_between_torso_p50"": 0.6058547808307999, ""fm2_longest_invalid_run_frames"": 0.0, ""fm2_smplh_valid_frac"": 1.0, ""fm3_static_frac"": 0.039696969696969696, ""fps"": 30.0, ""observed_duration_s"": 220.0, ""raster"": ""1080x1920"", ""reproj_shoulder_widths_p50"": 0.1327786830281042, ""valid_frac_box"": 1.0, ""vendor"": ""V02"", ""verdict"": ""PASSES the current pipeline""}",render
vend_164,v02_pass_164_V02_S3224_I00000487_P4118_f0002533,V02_S3224_I00000487_P4118,naturalistic/train/0055/0004/V02_S3224_I00000487_P4118,naturalistic/train/0055/0042/V02_S3224_I00000487_P4121,v02_pass,V02,naturalistic,2533,V02,naturalistic,train,ipc_conversation,random draw from V02 files the current pipeline keeps,"{""flags_fired"": ""none"", ""fm1_knee_between_torso_p50"": 0.7284274544013736, ""fm2_longest_invalid_run_frames"": 0.0, ""fm2_smplh_valid_frac"": 1.0, ""fm3_static_frac"": 0.5788888888888889, ""fps"": 30.0, ""observed_duration_s"": 180.0, ""raster"": ""1080x1920"", ""reproj_shoulder_widths_p50"": 0.07550470743300336, ""valid_frac_box"": 1.0, ""vendor"": ""V02"", ""verdict"": ""PASSES the current pipeline""}",render
vend_165,v02_flagged_165_V02_S5121_I00000732_P5122_f0003931,V02_S5121_I00000732_P5122,naturalistic/train/0088/0023/V02_S5121_I00000732_P5122,naturalistic/train/0088/0009/V02_S5121_I00000732_P5156,v02_flagged,V02,naturalistic,3931,V02,naturalistic,train,grounded_gesture,random draw from V02 files the current pipeline rejects,"{""flags_fired"": ""fm2_smplh_invalid"", ""fm1_knee_between_torso_p50"": 0.7126616856271597, ""fm2_longest_invalid_run_frames"": 71.0, ""fm2_smplh_valid_frac"": 0.9321428571428572, ""fm3_static_frac"": 0.4936257710760795, ""fps"": 30.0, ""observed_duration_s"": 252.0, ""raster"": ""1080x1920"", ""reproj_shoulder_widths_p50"": 0.09417767429185744, ""valid_frac_box"": 1.0, ""vendor"": ""V02"", ""verdict"": ""REJECTED by fm2_smplh_invalid""}",render
vend_166,v02_flagged_166_V02_S3454_I00000730_P4205_f0001895,V02_S3454_I00000730_P4205,naturalistic/train/0069/0013/V02_S3454_I00000730_P4205,naturalistic/train/0069/0051/V02_S3454_I00000730_P4198,v02_flagged,V02,naturalistic,1895,V02,naturalistic,train,grounded_gesture,random draw from V02 files the current pipeline rejects,"{""flags_fired"": ""fm2_smplh_invalid"", ""fm1_knee_between_torso_p50"": 0.6565153709815965, ""fm2_longest_invalid_run_frames"": 2.0, ""fm2_smplh_valid_frac"": 0.999113475177305, ""fm3_static_frac"": 0.18085106382978725, ""fps"": 30.0, ""observed_duration_s"": 188.0, ""raster"": ""1080x1920"", ""reproj_shoulder_widths_p50"": 0.1476288710597466, ""valid_frac_box"": 1.0, ""vendor"": ""V02"", ""verdict"": ""REJECTED by fm2_smplh_invalid""}",render
vend_167,v02_flagged_167_V02_S5055_I00000305_P5065_f0004168,V02_S5055_I00000305_P5065,naturalistic/train/0084/0020/V02_S5055_I00000305_P5065,naturalistic/train/0084/0043/V02_S5055_I00000305_P5064,v02_flagged,V02,naturalistic,4168,V02,naturalistic,train,ipc_conversation,random draw from V02 files the current pipeline rejects,"{""flags_fired"": ""fm2_smplh_invalid"", ""fm1_knee_between_torso_p50"": 0.5893256406311569, ""fm2_longest_invalid_run_frames"": 12.0, ""fm2_smplh_valid_frac"": 0.9977528089887641, ""fm3_static_frac"": 0.348876404494382, ""fps"": 30.0, ""observed_duration_s"": 178.0, ""raster"": ""1080x1920"", ""reproj_shoulder_widths_p50"": 0.1501429317842316, ""valid_frac_box"": 1.0, ""vendor"": ""V02"", ""verdict"": ""REJECTED by fm2_smplh_invalid""}",render
vend_168,v02_flagged_168_V02_S5402_I00000193_P5507_f0002660,V02_S5402_I00000193_P5507,naturalistic/train/0103/0007/V02_S5402_I00000193_P5507,naturalistic/train/0103/0057/V02_S5402_I00000193_P5508,v02_flagged,V02,naturalistic,2660,V02,naturalistic,train,ipc_conversation,random draw from V02 files the current pipeline rejects,"{""flags_fired"": ""fm2_smplh_invalid"", ""fm1_knee_between_torso_p50"": 0.5584474387203681, ""fm2_longest_invalid_run_frames"": 430.0, ""fm2_smplh_valid_frac"": 0.8878109452736318, ""fm3_static_frac"": 0.1746268656716418, ""fps"": 30.0, ""observed_duration_s"": 134.0, ""raster"": ""1080x1920"", ""reproj_shoulder_widths_p50"": 0.07610268726116338, ""valid_frac_box"": 1.0, ""vendor"": ""V02"", ""verdict"": ""REJECTED by fm2_smplh_invalid""}",render
vend_169,v02_flagged_169_V02_S3359_I00000146_P4179_f0002068,V02_S3359_I00000146_P4179,naturalistic/train/0063/0047/V02_S3359_I00000146_P4179,naturalistic/train/0063/0011/V02_S3359_I00000146_P4096,v02_flagged,V02,naturalistic,2068,V02,naturalistic,train,ipc_conversation,random draw from V02 files the current pipeline rejects,"{""flags_fired"": ""fm1_sitting+fm2_smplh_invalid"", ""fm1_knee_between_torso_p50"": 0.5555920555058083, ""fm2_longest_invalid_run_frames"": 64.0, ""fm2_smplh_valid_frac"": 0.9896226415094339, ""fm3_static_frac"": 0.0, ""fps"": 30.0, ""observed_duration_s"": 212.0, ""raster"": ""1080x1920"", ""reproj_shoulder_widths_p50"": 0.1294417083533335, ""valid_frac_box"": 1.0, ""vendor"": ""V02"", ""verdict"": ""REJECTED by fm1_sitting+fm2_smplh_invalid""}",render
vend_170,v02_flagged_170_V02_S3565_I00000040_P4232_f0004161,V02_S3565_I00000040_P4232,naturalistic/train/0075/0013/V02_S3565_I00000040_P4232,naturalistic/train/0075/0050/V02_S3565_I00000040_P4085,v02_flagged,V02,naturalistic,4161,V02,naturalistic,train,collaborative_storytelling,random draw from V02 files the current pipeline rejects,"{""flags_fired"": ""fm2_smplh_invalid"", ""fm1_knee_between_torso_p50"": 0.6576164778308325, ""fm2_longest_invalid_run_frames"": 20.0, ""fm2_smplh_valid_frac"": 0.9804347826086957, ""fm3_static_frac"": 0.6244565217391305, ""fps"": 30.0, ""observed_duration_s"": 184.0, ""raster"": ""1080x1920"", ""reproj_shoulder_widths_p50"": 0.06526691939760525, ""valid_frac_box"": 1.0, ""vendor"": ""V02"", ""verdict"": ""REJECTED by fm2_smplh_invalid""}",render
vend_171,v02_flagged_171_V02_S3347_I00000197_P4172_f0001271,V02_S3347_I00000197_P4172,naturalistic/train/0062/0003/V02_S3347_I00000197_P4172,naturalistic/train/0062/0006/V02_S3347_I00000197_P4166,v02_flagged,V02,naturalistic,1271,V02,naturalistic,train,ipc_conversation,random draw from V02 files the current pipeline rejects,"{""flags_fired"": ""fm1_sitting+fm2_smplh_invalid"", ""fm1_knee_between_torso_p50"": 0.6768860150541207, ""fm2_longest_invalid_run_frames"": 21.0, ""fm2_smplh_valid_frac"": 0.9902140672782874, ""fm3_static_frac"": 0.43730886850152906, ""fps"": 30.0, ""observed_duration_s"": 218.0, ""raster"": ""1080x1920"", ""reproj_shoulder_widths_p50"": 0.08445330372586238, ""valid_frac_box"": 1.0, ""vendor"": ""V02"", ""verdict"": ""REJECTED by fm1_sitting+fm2_smplh_invalid""}",render
vend_172,v02_flagged_172_V02_S5108_I00000193_P5138_f0000944,V02_S5108_I00000193_P5138,naturalistic/train/0087/0036/V02_S5108_I00000193_P5138,naturalistic/train/0087/0001/V02_S5108_I00000193_P5040,v02_flagged,V02,naturalistic,944,V02,naturalistic,train,ipc_conversation,random draw from V02 files the current pipeline rejects,"{""flags_fired"": ""fm2_smplh_invalid"", ""fm1_knee_between_torso_p50"": 0.5751719317261446, ""fm2_longest_invalid_run_frames"": 14.0, ""fm2_smplh_valid_frac"": 0.9938202247191011, ""fm3_static_frac"": 0.1252808988764045, ""fps"": 30.0, ""observed_duration_s"": 178.0, ""raster"": ""1080x1920"", ""reproj_shoulder_widths_p50"": 0.12164096427021501, ""valid_frac_box"": 1.0, ""vendor"": ""V02"", ""verdict"": ""REJECTED by fm2_smplh_invalid""}",render
vend_173,v02_flagged_173_V02_S3026_I00000373_P4032_f0001411,V02_S3026_I00000373_P4032,naturalistic/train/0043/0020/V02_S3026_I00000373_P4032,naturalistic/train/0043/0003/V02_S3026_I00000373_P4018,v02_flagged,V02,naturalistic,1411,V02,naturalistic,train,ipc_conversation,random draw from V02 files the current pipeline rejects,"{""flags_fired"": ""fm2_smplh_invalid"", ""fm1_knee_between_torso_p50"": 0.7005439422171769, ""fm2_longest_invalid_run_frames"": 920.0, ""fm2_smplh_valid_frac"": 0.8224137931034483, ""fm3_static_frac"": 0.004022988505747126, ""fps"": 30.0, ""observed_duration_s"": 174.0, ""raster"": ""1080x1920"", ""reproj_shoulder_widths_p50"": 0.1070647200924575, ""valid_frac_box"": 1.0, ""vendor"": ""V02"", ""verdict"": ""REJECTED by fm2_smplh_invalid""}",render
vend_174,v02_flagged_174_V02_S3614_I00000337_P4174_f0001335,V02_S3614_I00000337_P4174,naturalistic/train/0078/0013/V02_S3614_I00000337_P4174,naturalistic/train/0078/0044/V02_S3614_I00000337_P4234,v02_flagged,V02,naturalistic,1335,V02,naturalistic,train,ipc_conversation,random draw from V02 files the current pipeline rejects,"{""flags_fired"": ""fm2_smplh_invalid"", ""fm1_knee_between_torso_p50"": 0.6714900759500348, ""fm2_longest_invalid_run_frames"": 37.0, ""fm2_smplh_valid_frac"": 0.9861111111111112, ""fm3_static_frac"": 0.3801282051282051, ""fps"": 30.0, ""observed_duration_s"": 156.0, ""raster"": ""1080x1920"", ""reproj_shoulder_widths_p50"": 0.1274514061071153, ""valid_frac_box"": 1.0, ""vendor"": ""V02"", ""verdict"": ""REJECTED by fm2_smplh_invalid""}",render
vend_175,v02_flagged_175_V02_S3364_I00000162_P4180_f0002112,V02_S3364_I00000162_P4180,naturalistic/train/0063/0048/V02_S3364_I00000162_P4180,naturalistic/train/0063/0006/V02_S3364_I00000162_P4135,v02_flagged,V02,naturalistic,2112,V02,naturalistic,train,ipc_conversation,random draw from V02 files the current pipeline rejects,"{""flags_fired"": ""fm2_smplh_invalid"", ""fm1_knee_between_torso_p50"": 0.6225572680416929, ""fm2_longest_invalid_run_frames"": 21.0, ""fm2_smplh_valid_frac"": 0.9839805825242719, ""fm3_static_frac"": 0.30436893203883497, ""fps"": 30.0, ""observed_duration_s"": 206.0, ""raster"": ""1080x1920"", ""reproj_shoulder_widths_p50"": 0.08870210435926966, ""valid_frac_box"": 1.0, ""vendor"": ""V02"", ""verdict"": ""REJECTED by fm2_smplh_invalid""}",render
vend_176,v02_flagged_176_V02_S3251_I00000500_P4137_f0000776,V02_S3251_I00000500_P4137,naturalistic/train/0057/0032/V02_S3251_I00000500_P4137,naturalistic/train/0057/0056/V02_S3251_I00000500_P4136,v02_flagged,V02,naturalistic,776,V02,naturalistic,train,ipc_conversation,random draw from V02 files the current pipeline rejects,"{""flags_fired"": ""fm2_smplh_invalid"", ""fm1_knee_between_torso_p50"": 0.6588510640527837, ""fm2_longest_invalid_run_frames"": 17.0, ""fm2_smplh_valid_frac"": 0.9924731182795699, ""fm3_static_frac"": 0.005017921146953405, ""fps"": 30.0, ""observed_duration_s"": 186.0, ""raster"": ""1080x1920"", ""reproj_shoulder_widths_p50"": 0.07717745283409427, ""valid_frac_box"": 1.0, ""vendor"": ""V02"", ""verdict"": ""REJECTED by fm2_smplh_invalid""}",render
vend_177,v02_flagged_177_V02_S5145_I00000298_P5182_f0003065,V02_S5145_I00000298_P5182,naturalistic/train/0090/0023/V02_S5145_I00000298_P5182,naturalistic/train/0090/0036/V02_S5145_I00000298_P5183,v02_flagged,V02,naturalistic,3065,V02,naturalistic,train,ipc_conversation,random draw from V02 files the current pipeline rejects,"{""flags_fired"": ""fm2_smplh_invalid"", ""fm1_knee_between_torso_p50"": 0.6230629655500363, ""fm2_longest_invalid_run_frames"": 55.0, ""fm2_smplh_valid_frac"": 0.9775862068965517, ""fm3_static_frac"": 0.008045977011494253, ""fps"": 30.0, ""observed_duration_s"": 174.0, ""raster"": ""1080x1920"", ""reproj_shoulder_widths_p50"": 0.13826656481918384, ""valid_frac_box"": 1.0, ""vendor"": ""V02"", ""verdict"": ""REJECTED by fm2_smplh_invalid""}",render
vend_178,v02_flagged_178_V02_S5238_I00000406_P5121_f0003270,V02_S5238_I00000406_P5121,naturalistic/train/0096/0018/V02_S5238_I00000406_P5121,naturalistic/train/0096/0021/V02_S5238_I00000406_P5050,v02_flagged,V02,naturalistic,3270,V02,naturalistic,train,ipc_conversation,random draw from V02 files the current pipeline rejects,"{""flags_fired"": ""fm2_smplh_invalid"", ""fm1_knee_between_torso_p50"": 0.7072672183221868, ""fm2_longest_invalid_run_frames"": 73.0, ""fm2_smplh_valid_frac"": 0.9038314176245211, ""fm3_static_frac"": 0.13371647509578544, ""fps"": 30.0, ""observed_duration_s"": 174.0, ""raster"": ""1080x1920"", ""reproj_shoulder_widths_p50"": 0.1253229477532264, ""valid_frac_box"": 1.0, ""vendor"": ""V02"", ""verdict"": ""REJECTED by fm2_smplh_invalid""}",render
vend_179,v02_flagged_179_V02_S3389_I00000086_P4149_f0004960,V02_S3389_I00000086_P4149,naturalistic/train/0065/0050/V02_S3389_I00000086_P4149,naturalistic/train/0065/0021/V02_S3389_I00000086_P4170,v02_flagged,V02,naturalistic,4960,V02,naturalistic,train,ipc_conversation,random draw from V02 files the current pipeline rejects,"{""flags_fired"": ""fm1_sitting+fm2_smplh_invalid"", ""fm1_knee_between_torso_p50"": 0.606363996498695, ""fm2_longest_invalid_run_frames"": 24.0, ""fm2_smplh_valid_frac"": 0.9897798742138365, ""fm3_static_frac"": 0.30062893081761005, ""fps"": 30.0, ""observed_duration_s"": 212.0, ""raster"": ""1080x1920"", ""reproj_shoulder_widths_p50"": 0.1252405623508496, ""valid_frac_box"": 1.0, ""vendor"": ""V02"", ""verdict"": ""REJECTED by fm1_sitting+fm2_smplh_invalid""}",render
vend_180,v02_flagged_180_V02_S3403_I00000364_P4160_f0005682,V02_S3403_I00000364_P4160,naturalistic/train/0066/0011/V02_S3403_I00000364_P4160,naturalistic/train/0066/0046/V02_S3403_I00000364_P4159,v02_flagged,V02,naturalistic,5682,V02,naturalistic,train,ipc_conversation,random draw from V02 files the current pipeline rejects,"{""flags_fired"": ""fm2_smplh_invalid"", ""fm1_knee_between_torso_p50"": 0.5818463740132114, ""fm2_longest_invalid_run_frames"": 34.0, ""fm2_smplh_valid_frac"": 0.9728997289972899, ""fm3_static_frac"": 0.013414634146341463, ""fps"": 30.0, ""observed_duration_s"": 246.0, ""raster"": ""1080x1920"", ""reproj_shoulder_widths_p50"": 0.08557401642536239, ""valid_frac_box"": 1.0, ""vendor"": ""V02"", ""verdict"": ""REJECTED by fm2_smplh_invalid""}",render
vend_181,v02_flagged_181_V02_S3593_I00000390_P4232_f0000793,V02_S3593_I00000390_P4232,naturalistic/train/0077/0023/V02_S3593_I00000390_P4232,naturalistic/train/0077/0049/V02_S3593_I00000390_P4095,v02_flagged,V02,naturalistic,793,V02,naturalistic,train,ipc_conversation,random draw from V02 files the current pipeline rejects,"{""flags_fired"": ""fm2_smplh_invalid"", ""fm1_knee_between_torso_p50"": 0.6201386922949508, ""fm2_longest_invalid_run_frames"": 217.0, ""fm2_smplh_valid_frac"": 0.7882653061224489, ""fm3_static_frac"": 0.0399453738477296, ""fps"": 30.0, ""observed_duration_s"": 196.0, ""raster"": ""1080x1920"", ""reproj_shoulder_widths_p50"": 0.10477169341890114, ""valid_frac_box"": 0.9962585034013606, ""vendor"": ""V02"", ""verdict"": ""REJECTED by fm2_smplh_invalid""}",render
vend_182,v02_flagged_182_V02_S3218_I00000130_P4117_f0003432,V02_S3218_I00000130_P4117,naturalistic/train/0055/0052/V02_S3218_I00000130_P4117,naturalistic/train/0055/0024/V02_S3218_I00000130_P4098,v02_flagged,V02,naturalistic,3432,V02,naturalistic,train,ipc_conversation,random draw from V02 files the current pipeline rejects,"{""flags_fired"": ""fm2_smplh_invalid"", ""fm1_knee_between_torso_p50"": 0.7333969437820131, ""fm2_longest_invalid_run_frames"": 1008.0, ""fm2_smplh_valid_frac"": 0.7510233918128655, ""fm3_static_frac"": 0.06223479490806223, ""fps"": 30.0, ""observed_duration_s"": 228.0, ""raster"": ""1080x1920"", ""reproj_shoulder_widths_p50"": 0.07410345860740115, ""valid_frac_box"": 0.8358187134502923, ""vendor"": ""V02"", ""verdict"": ""REJECTED by fm2_smplh_invalid""}",render
vend_183,v02_flagged_183_V02_S5303_I00000476_P5141_f0003224,V02_S5303_I00000476_P5141,naturalistic/train/0100/0025/V02_S5303_I00000476_P5141,naturalistic/train/0100/0031/V02_S5303_I00000476_P5282,v02_flagged,V02,naturalistic,3224,V02,naturalistic,train,ipc_conversation,random draw from V02 files the current pipeline rejects,"{""flags_fired"": ""fm2_smplh_invalid"", ""fm1_knee_between_torso_p50"": 0.7071427129914826, ""fm2_longest_invalid_run_frames"": 35.0, ""fm2_smplh_valid_frac"": 0.9728174603174603, ""fm3_static_frac"": 0.4777777777777778, ""fps"": 30.0, ""observed_duration_s"": 168.0, ""raster"": ""1080x1920"", ""reproj_shoulder_widths_p50"": 0.055791730634738454, ""valid_frac_box"": 1.0, ""vendor"": ""V02"", ""verdict"": ""REJECTED by fm2_smplh_invalid""}",render
vend_184,v02_flagged_184_V02_S5075_I00000750_P5097_f0003452,V02_S5075_I00000750_P5097,naturalistic/train/0085/0031/V02_S5075_I00000750_P5097,naturalistic/train/0085/0003/V02_S5075_I00000750_P5098,v02_flagged,V02,naturalistic,3452,V02,naturalistic,train,grounded_gesture,random draw from V02 files the current pipeline rejects,"{""flags_fired"": ""fm2_smplh_invalid"", ""fm1_knee_between_torso_p50"": 0.6005421859088713, ""fm2_longest_invalid_run_frames"": 1.0, ""fm2_smplh_valid_frac"": 0.9997863247863248, ""fm3_static_frac"": 0.49209401709401707, ""fps"": 30.0, ""observed_duration_s"": 156.0, ""raster"": ""1080x1920"", ""reproj_shoulder_widths_p50"": 0.15436027924424733, ""valid_frac_box"": 1.0, ""vendor"": ""V02"", ""verdict"": ""REJECTED by fm2_smplh_invalid""}",render
vend_185,v02_flagged_185_V02_S3371_I00000728_P4184_f0002458,V02_S3371_I00000728_P4184,naturalistic/train/0064/0040/V02_S3371_I00000728_P4184,naturalistic/train/0064/0035/V02_S3371_I00000728_P4122,v02_flagged,V02,naturalistic,2458,V02,naturalistic,train,grounded_gesture,random draw from V02 files the current pipeline rejects,"{""flags_fired"": ""fm1_sitting+fm2_smplh_invalid"", ""fm1_knee_between_torso_p50"": 0.5519247090818087, ""fm2_longest_invalid_run_frames"": 72.0, ""fm2_smplh_valid_frac"": 0.976271186440678, ""fm3_static_frac"": 0.0, ""fps"": 30.0, ""observed_duration_s"": 118.0, ""raster"": ""1080x1920"", ""reproj_shoulder_widths_p50"": 0.10293574291328465, ""valid_frac_box"": 1.0, ""vendor"": ""V02"", ""verdict"": ""REJECTED by fm1_sitting+fm2_smplh_invalid""}",render
vend_186,v02_flagged_186_V02_S5285_I00000120_P5231_f0001825,V02_S5285_I00000120_P5231,naturalistic/train/0099/0025/V02_S5285_I00000120_P5231,naturalistic/train/0099/0041/V02_S5285_I00000120_P5262,v02_flagged,V02,naturalistic,1825,V02,naturalistic,train,ipc_conversation,random draw from V02 files the current pipeline rejects,"{""flags_fired"": ""fm2_smplh_invalid"", ""fm1_knee_between_torso_p50"": 0.5956192440445848, ""fm2_longest_invalid_run_frames"": 39.0, ""fm2_smplh_valid_frac"": 0.9920454545454546, ""fm3_static_frac"": 0.010227272727272727, ""fps"": 30.0, ""observed_duration_s"": 176.0, ""raster"": ""1080x1920"", ""reproj_shoulder_widths_p50"": 0.17190610777160698, ""valid_frac_box"": 1.0, ""vendor"": ""V02"", ""verdict"": ""REJECTED by fm2_smplh_invalid""}",render
vend_187,v02_flagged_187_V02_S5145_I00000305_P5182_f0002893,V02_S5145_I00000305_P5182,naturalistic/train/0090/0028/V02_S5145_I00000305_P5182,naturalistic/train/0090/0032/V02_S5145_I00000305_P5183,v02_flagged,V02,naturalistic,2893,V02,naturalistic,train,ipc_conversation,random draw from V02 files the current pipeline rejects,"{""flags_fired"": ""fm2_smplh_invalid"", ""fm1_knee_between_torso_p50"": 0.6020354105918373, ""fm2_longest_invalid_run_frames"": 63.0, ""fm2_smplh_valid_frac"": 0.9868217054263566, ""fm3_static_frac"": 0.0693798449612403, ""fps"": 30.0, ""observed_duration_s"": 172.0, ""raster"": ""1080x1920"", ""reproj_shoulder_widths_p50"": 0.1434351701088823, ""valid_frac_box"": 1.0, ""vendor"": ""V02"", ""verdict"": ""REJECTED by fm2_smplh_invalid""}",render
vend_188,v02_flagged_188_V02_S3238_I00000140_P4125_f0004062,V02_S3238_I00000140_P4125,naturalistic/train/0056/0053/V02_S3238_I00000140_P4125,naturalistic/train/0056/0051/V02_S3238_I00000140_P4124,v02_flagged,V02,naturalistic,4062,V02,naturalistic,train,ipc_conversation,random draw from V02 files the current pipeline rejects,"{""flags_fired"": ""fm2_smplh_invalid"", ""fm1_knee_between_torso_p50"": 0.7092111006087357, ""fm2_longest_invalid_run_frames"": 56.0, ""fm2_smplh_valid_frac"": 0.974757281553398, ""fm3_static_frac"": 0.3914239482200647, ""fps"": 30.0, ""observed_duration_s"": 206.0, ""raster"": ""1080x1920"", ""reproj_shoulder_widths_p50"": 0.1004054195310472, ""valid_frac_box"": 1.0, ""vendor"": ""V02"", ""verdict"": ""REJECTED by fm2_smplh_invalid""}",render
vend_189,v02_flagged_189_V02_S5213_I00000281_P5235_f0004292,V02_S5213_I00000281_P5235,naturalistic/train/0094/0043/V02_S5213_I00000281_P5235,naturalistic/train/0094/0036/V02_S5213_I00000281_P5234,v02_flagged,V02,naturalistic,4292,V02,naturalistic,train,ipc_conversation,random draw from V02 files the current pipeline rejects,"{""flags_fired"": ""fm2_smplh_invalid"", ""fm1_knee_between_torso_p50"": 0.6117299390235296, ""fm2_longest_invalid_run_frames"": 21.0, ""fm2_smplh_valid_frac"": 0.8975655430711611, ""fm3_static_frac"": 0.031647940074906365, ""fps"": 30.0, ""observed_duration_s"": 178.0, ""raster"": ""1080x1920"", ""reproj_shoulder_widths_p50"": 0.11400777684388143, ""valid_frac_box"": 1.0, ""vendor"": ""V02"", ""verdict"": ""REJECTED by fm2_smplh_invalid""}",render
vend_190,v02_flagged_190_V02_S5244_I00000728_P5251_f0001436,V02_S5244_I00000728_P5251,naturalistic/train/0097/0028/V02_S5244_I00000728_P5251,naturalistic/train/0097/0019/V02_S5244_I00000728_P5236,v02_flagged,V02,naturalistic,1436,V02,naturalistic,train,grounded_gesture,random draw from V02 files the current pipeline rejects,"{""flags_fired"": ""fm2_smplh_invalid"", ""fm1_knee_between_torso_p50"": 0.6707412029934944, ""fm2_longest_invalid_run_frames"": 31.0, ""fm2_smplh_valid_frac"": 0.9524444444444444, ""fm3_static_frac"": 0.15866666666666668, ""fps"": 30.0, ""observed_duration_s"": 150.0, ""raster"": ""1080x1920"", ""reproj_shoulder_widths_p50"": 0.1393408163427184, ""valid_frac_box"": 1.0, ""vendor"": ""V02"", ""verdict"": ""REJECTED by fm2_smplh_invalid""}",render
vend_191,v02_flagged_191_V02_S3490_I00000070_P4200_f0003349,V02_S3490_I00000070_P4200,naturalistic/train/0071/0049/V02_S3490_I00000070_P4200,naturalistic/train/0071/0013/V02_S3490_I00000070_P4217,v02_flagged,V02,naturalistic,3349,V02,naturalistic,train,collaborative_storytelling,random draw from V02 files the current pipeline rejects,"{""flags_fired"": ""fm2_smplh_invalid"", ""fm1_knee_between_torso_p50"": 0.6599122499978712, ""fm2_longest_invalid_run_frames"": 64.0, ""fm2_smplh_valid_frac"": 0.9731292517006803, ""fm3_static_frac"": 0.1042517006802721, ""fps"": 30.0, ""observed_duration_s"": 196.0, ""raster"": ""1080x1920"", ""reproj_shoulder_widths_p50"": 0.09256744680295606, ""valid_frac_box"": 1.0, ""vendor"": ""V02"", ""verdict"": ""REJECTED by fm2_smplh_invalid""}",render
vend_192,v02_flagged_192_V02_S5060_I00000741_P5036_f0001776,V02_S5060_I00000741_P5036,naturalistic/train/0084/0025/V02_S5060_I00000741_P5036,naturalistic/train/0084/0030/V02_S5060_I00000741_P5073,v02_flagged,V02,naturalistic,1776,V02,naturalistic,train,grounded_gesture,random draw from V02 files the current pipeline rejects,"{""flags_fired"": ""fm2_smplh_invalid"", ""fm1_knee_between_torso_p50"": 0.6044146817401962, ""fm2_longest_invalid_run_frames"": 3.0, ""fm2_smplh_valid_frac"": 0.9973404255319149, ""fm3_static_frac"": 0.673936170212766, ""fps"": 30.0, ""observed_duration_s"": 188.0, ""raster"": ""1080x1920"", ""reproj_shoulder_widths_p50"": 0.05819535570025004, ""valid_frac_box"": 1.0, ""vendor"": ""V02"", ""verdict"": ""REJECTED by fm2_smplh_invalid""}",render
vend_193,v02_flagged_193_V02_S3111_I00000373_P4064_f0002631,V02_S3111_I00000373_P4064,naturalistic/train/0048/0036/V02_S3111_I00000373_P4064,naturalistic/train/0048/0042/V02_S3111_I00000373_P4073,v02_flagged,V02,naturalistic,2631,V02,naturalistic,train,ipc_conversation,random draw from V02 files the current pipeline rejects,"{""flags_fired"": ""fm2_smplh_invalid"", ""fm1_knee_between_torso_p50"": 0.6727135006131786, ""fm2_longest_invalid_run_frames"": 55.0, ""fm2_smplh_valid_frac"": 0.9679941002949852, ""fm3_static_frac"": 0.04115044247787611, ""fps"": 30.0, ""observed_duration_s"": 226.0, ""raster"": ""1080x1920"", ""reproj_shoulder_widths_p50"": 0.11970679998561676, ""valid_frac_box"": 1.0, ""vendor"": ""V02"", ""verdict"": ""REJECTED by fm2_smplh_invalid""}",render
vend_194,v02_flagged_194_V02_S3484_I00000751_P4202_f0001883,V02_S3484_I00000751_P4202,naturalistic/train/0071/0011/V02_S3484_I00000751_P4202,naturalistic/train/0071/0050/V02_S3484_I00000751_P4214,v02_flagged,V02,naturalistic,1883,V02,naturalistic,train,grounded_gesture,random draw from V02 files the current pipeline rejects,"{""flags_fired"": ""fm1_sitting+fm2_smplh_invalid"", ""fm1_knee_between_torso_p50"": 0.5865216890162421, ""fm2_longest_invalid_run_frames"": 40.0, ""fm2_smplh_valid_frac"": 0.9649253731343284, ""fm3_static_frac"": 0.008955223880597015, ""fps"": 30.0, ""observed_duration_s"": 134.0, ""raster"": ""1080x1920"", ""reproj_shoulder_widths_p50"": 0.11668655633872774, ""valid_frac_box"": 1.0, ""vendor"": ""V02"", ""verdict"": ""REJECTED by fm1_sitting+fm2_smplh_invalid""}",render
vend_195,v02_flagged_195_V02_S5198_I00000152_P5148_f0002238,V02_S5198_I00000152_P5148,naturalistic/train/0093/0030/V02_S5198_I00000152_P5148,naturalistic/train/0093/0016/V02_S5198_I00000152_P5227,v02_flagged,V02,naturalistic,2238,V02,naturalistic,train,ipc_conversation,random draw from V02 files the current pipeline rejects,"{""flags_fired"": ""fm2_smplh_invalid"", ""fm1_knee_between_torso_p50"": 0.6790621559136798, ""fm2_longest_invalid_run_frames"": 65.0, ""fm2_smplh_valid_frac"": 0.9091085271317829, ""fm3_static_frac"": 0.03255813953488372, ""fps"": 30.0, ""observed_duration_s"": 172.0, ""raster"": ""1080x1920"", ""reproj_shoulder_widths_p50"": 0.17023587440736554, ""valid_frac_box"": 1.0, ""vendor"": ""V02"", ""verdict"": ""REJECTED by fm2_smplh_invalid""}",render
vend_196,v02_flagged_196_V02_S3420_I00000054_P4187_f0004394,V02_S3420_I00000054_P4187,naturalistic/train/0067/0024/V02_S3420_I00000054_P4187,naturalistic/train/0067/0039/V02_S3420_I00000054_P4096,v02_flagged,V02,naturalistic,4394,V02,naturalistic,train,ipc_conversation,random draw from V02 files the current pipeline rejects,"{""flags_fired"": ""fm2_smplh_invalid"", ""fm1_knee_between_torso_p50"": 0.6826083747537921, ""fm2_longest_invalid_run_frames"": 1.0, ""fm2_smplh_valid_frac"": 0.9998333333333334, ""fm3_static_frac"": 0.4101666666666667, ""fps"": 30.0, ""observed_duration_s"": 200.0, ""raster"": ""1080x1920"", ""reproj_shoulder_widths_p50"": 0.14030452099497007, ""valid_frac_box"": 1.0, ""vendor"": ""V02"", ""verdict"": ""REJECTED by fm2_smplh_invalid""}",render
vend_197,v02_flagged_197_V02_S3432_I00000749_P4197_f0002244,V02_S3432_I00000749_P4197,naturalistic/train/0067/0007/V02_S3432_I00000749_P4197,naturalistic/train/0067/0007/V02_S3432_I00000749_P4175,v02_flagged,V02,naturalistic,2244,V02,naturalistic,train,grounded_gesture,random draw from V02 files the current pipeline rejects,"{""flags_fired"": ""fm2_smplh_invalid"", ""fm1_knee_between_torso_p50"": 0.6751522057502781, ""fm2_longest_invalid_run_frames"": 12.0, ""fm2_smplh_valid_frac"": 0.9916666666666667, ""fm3_static_frac"": 0.29436936936936936, ""fps"": 30.0, ""observed_duration_s"": 148.0, ""raster"": ""1080x1920"", ""reproj_shoulder_widths_p50"": 0.11259511927983559, ""valid_frac_box"": 1.0, ""vendor"": ""V02"", ""verdict"": ""REJECTED by fm2_smplh_invalid""}",render
vend_198,v02_flagged_198_V02_S3403_I00000734_P4160_f0001885,V02_S3403_I00000734_P4160,naturalistic/train/0066/0038/V02_S3403_I00000734_P4160,naturalistic/train/0066/0022/V02_S3403_I00000734_P4159,v02_flagged,V02,naturalistic,1885,V02,naturalistic,train,grounded_gesture,random draw from V02 files the current pipeline rejects,"{""flags_fired"": ""fm2_smplh_invalid"", ""fm1_knee_between_torso_p50"": 0.5482230009247573, ""fm2_longest_invalid_run_frames"": 38.0, ""fm2_smplh_valid_frac"": 0.9821428571428571, ""fm3_static_frac"": 0.02242063492063492, ""fps"": 30.0, ""observed_duration_s"": 168.0, ""raster"": ""1080x1920"", ""reproj_shoulder_widths_p50"": 0.08664868793291891, ""valid_frac_box"": 1.0, ""vendor"": ""V02"", ""verdict"": ""REJECTED by fm2_smplh_invalid""}",render
vend_199,v02_flagged_199_V02_S5040_I00000126_P5012_f0000927,V02_S5040_I00000126_P5012,naturalistic/train/0083/0024/V02_S5040_I00000126_P5012,naturalistic/train/0083/0004/V02_S5040_I00000126_P5050,v02_flagged,V02,naturalistic,927,V02,naturalistic,train,ipc_conversation,random draw from V02 files the current pipeline rejects,"{""flags_fired"": ""fm2_smplh_invalid"", ""fm1_knee_between_torso_p50"": 0.5371093857446191, ""fm2_longest_invalid_run_frames"": 54.0, ""fm2_smplh_valid_frac"": 0.9409803921568628, ""fm3_static_frac"": 0.0, ""fps"": 30.0, ""observed_duration_s"": 170.0, ""raster"": ""1080x1920"", ""reproj_shoulder_widths_p50"": 0.0612164707983318, ""valid_frac_box"": 1.0, ""vendor"": ""V02"", ""verdict"": ""REJECTED by fm2_smplh_invalid""}",render
vend_200,v02_flagged_200_V02_S5246_I00000356_P5253_f0001975,V02_S5246_I00000356_P5253,naturalistic/train/0097/0031/V02_S5246_I00000356_P5253,naturalistic/train/0097/0037/V02_S5246_I00000356_P5237,v02_flagged,V02,naturalistic,1975,V02,naturalistic,train,ipc_conversation,random draw from V02 files the current pipeline rejects,"{""flags_fired"": ""fm2_smplh_invalid"", ""fm1_knee_between_torso_p50"": 0.6568760097821368, ""fm2_longest_invalid_run_frames"": 1.0, ""fm2_smplh_valid_frac"": 0.9995983935742971, ""fm3_static_frac"": 0.2793172690763052, ""fps"": 30.0, ""observed_duration_s"": 166.0, ""raster"": ""1080x1920"", ""reproj_shoulder_widths_p50"": 0.10570196314939578, ""valid_frac_box"": 1.0, ""vendor"": ""V02"", ""verdict"": ""REJECTED by fm2_smplh_invalid""}",render
vend_201,v02_flagged_201_V02_S3357_I00000067_P4165_f0001124,V02_S3357_I00000067_P4165,naturalistic/train/0063/0041/V02_S3357_I00000067_P4165,naturalistic/train/0063/0017/V02_S3357_I00000067_P4178,v02_flagged,V02,naturalistic,1124,V02,naturalistic,train,ipc_conversation,random draw from V02 files the current pipeline rejects,"{""flags_fired"": ""fm2_smplh_invalid"", ""fm1_knee_between_torso_p50"": 0.7433397961371179, ""fm2_longest_invalid_run_frames"": 26.0, ""fm2_smplh_valid_frac"": 0.9790780141843972, ""fm3_static_frac"": 0.0026595744680851063, ""fps"": 30.0, ""observed_duration_s"": 188.0, ""raster"": ""1080x1920"", ""reproj_shoulder_widths_p50"": 0.08477435427771118, ""valid_frac_box"": 1.0, ""vendor"": ""V02"", ""verdict"": ""REJECTED by fm2_smplh_invalid""}",render
vend_202,v02_flagged_202_V02_S5152_I00000059_P5189_f0003619,V02_S5152_I00000059_P5189,naturalistic/train/0090/0011/V02_S5152_I00000059_P5189,naturalistic/train/0090/0015/V02_S5152_I00000059_P5148,v02_flagged,V02,naturalistic,3619,V02,naturalistic,train,ipc_conversation,random draw from V02 files the current pipeline rejects,"{""flags_fired"": ""fm2_smplh_invalid"", ""fm1_knee_between_torso_p50"": 0.6074691898622063, ""fm2_longest_invalid_run_frames"": 11.0, ""fm2_smplh_valid_frac"": 0.9954545454545455, ""fm3_static_frac"": 0.4647727272727273, ""fps"": 30.0, ""observed_duration_s"": 176.0, ""raster"": ""1080x1920"", ""reproj_shoulder_widths_p50"": 0.13863258235664627, ""valid_frac_box"": 1.0, ""vendor"": ""V02"", ""verdict"": ""REJECTED by fm2_smplh_invalid""}",render
vend_203,v02_flagged_203_V02_S5155_I00000192_P5194_f0001302,V02_S5155_I00000192_P5194,naturalistic/train/0090/0033/V02_S5155_I00000192_P5194,naturalistic/train/0090/0018/V02_S5155_I00000192_P5134,v02_flagged,V02,naturalistic,1302,V02,naturalistic,train,ipc_conversation,random draw from V02 files the current pipeline rejects,"{""flags_fired"": ""fm2_smplh_invalid"", ""fm1_knee_between_torso_p50"": 0.6130146513372363, ""fm2_longest_invalid_run_frames"": 16.0, ""fm2_smplh_valid_frac"": 0.9951807228915662, ""fm3_static_frac"": 0.307429718875502, ""fps"": 30.0, ""observed_duration_s"": 166.0, ""raster"": ""1080x1920"", ""reproj_shoulder_widths_p50"": 0.09725356368981544, ""valid_frac_box"": 1.0, ""vendor"": ""V02"", ""verdict"": ""REJECTED by fm2_smplh_invalid""}",render
vend_204,v02_flagged_204_V02_S3617_I00000078_P4174_f0000210,V02_S3617_I00000078_P4174,naturalistic/train/0079/0014/V02_S3617_I00000078_P4174,naturalistic/train/0079/0018/V02_S3617_I00000078_P4168,v02_flagged,V02,naturalistic,210,V02,naturalistic,train,ipc_conversation,random draw from V02 files the current pipeline rejects,"{""flags_fired"": ""fm2_smplh_invalid"", ""fm1_knee_between_torso_p50"": 0.6751228853254836, ""fm2_longest_invalid_run_frames"": 5.0, ""fm2_smplh_valid_frac"": 0.9978964401294499, ""fm3_static_frac"": 0.23009708737864076, ""fps"": 30.0, ""observed_duration_s"": 206.0, ""raster"": ""1080x1920"", ""reproj_shoulder_widths_p50"": 0.1266041021671005, ""valid_frac_box"": 1.0, ""vendor"": ""V02"", ""verdict"": ""REJECTED by fm2_smplh_invalid""}",render
vend_205,v02_flagged_205_V02_S5193_I00000181_P5161_f0002649,V02_S5193_I00000181_P5161,naturalistic/train/0093/0019/V02_S5193_I00000181_P5161,naturalistic/train/0093/0016/V02_S5193_I00000181_P5221,v02_flagged,V02,naturalistic,2649,V02,naturalistic,train,ipc_conversation,random draw from V02 files the current pipeline rejects,"{""flags_fired"": ""fm2_smplh_invalid+fm3_static_hands"", ""fm1_knee_between_torso_p50"": 0.5949190346064427, ""fm2_longest_invalid_run_frames"": 9.0, ""fm2_smplh_valid_frac"": 0.996743295019157, ""fm3_static_frac"": 0.8057471264367816, ""fps"": 30.0, ""observed_duration_s"": 174.0, ""raster"": ""1080x1920"", ""reproj_shoulder_widths_p50"": 0.13618201881817052, ""valid_frac_box"": 1.0, ""vendor"": ""V02"", ""verdict"": ""REJECTED by fm2_smplh_invalid+fm3_static_hands""}",render
vend_206,v02_flagged_206_V02_S3217_I00000387_P4118_f0004392,V02_S3217_I00000387_P4118,naturalistic/train/0055/0029/V02_S3217_I00000387_P4118,naturalistic/train/0055/0014/V02_S3217_I00000387_P4114,v02_flagged,V02,naturalistic,4392,V02,naturalistic,train,ipc_conversation,random draw from V02 files the current pipeline rejects,"{""flags_fired"": ""fm1_sitting+fm2_smplh_invalid"", ""fm1_knee_between_torso_p50"": 0.6087715051598162, ""fm2_longest_invalid_run_frames"": 12.0, ""fm2_smplh_valid_frac"": 0.9955555555555555, ""fm3_static_frac"": 0.12428571428571429, ""fps"": 30.0, ""observed_duration_s"": 210.0, ""raster"": ""1080x1920"", ""reproj_shoulder_widths_p50"": 0.10187312143616759, ""valid_frac_box"": 1.0, ""vendor"": ""V02"", ""verdict"": ""REJECTED by fm1_sitting+fm2_smplh_invalid""}",render
vend_207,v02_flagged_207_V02_S3293_I00000483_P4150_f0001252,V02_S3293_I00000483_P4150,naturalistic/train/0059/0000/V02_S3293_I00000483_P4150,naturalistic/train/0059/0031/V02_S3293_I00000483_P4145,v02_flagged,V02,naturalistic,1252,V02,naturalistic,train,ipc_conversation,random draw from V02 files the current pipeline rejects,"{""flags_fired"": ""fm2_smplh_invalid"", ""fm1_knee_between_torso_p50"": 0.668907289717428, ""fm2_longest_invalid_run_frames"": 31.0, ""fm2_smplh_valid_frac"": 0.9947811447811448, ""fm3_static_frac"": 0.22441077441077442, ""fps"": 30.0, ""observed_duration_s"": 198.0, ""raster"": ""1080x1920"", ""reproj_shoulder_widths_p50"": 0.09482693796633843, ""valid_frac_box"": 1.0, ""vendor"": ""V02"", ""verdict"": ""REJECTED by fm2_smplh_invalid""}",render
vend_208,v02_flagged_208_V02_S3335_I00000056_P4153_f0001234,V02_S3335_I00000056_P4153,naturalistic/train/0062/0025/V02_S3335_I00000056_P4153,naturalistic/train/0062/0041/V02_S3335_I00000056_P4132,v02_flagged,V02,naturalistic,1234,V02,naturalistic,train,ipc_conversation,random draw from V02 files the current pipeline rejects,"{""flags_fired"": ""fm2_smplh_invalid"", ""fm1_knee_between_torso_p50"": 0.6966108856878469, ""fm2_longest_invalid_run_frames"": 31.0, ""fm2_smplh_valid_frac"": 0.9747368421052631, ""fm3_static_frac"": 0.43157894736842106, ""fps"": 30.0, ""observed_duration_s"": 190.0, ""raster"": ""1080x1920"", ""reproj_shoulder_widths_p50"": 0.08303055265701398, ""valid_frac_box"": 1.0, ""vendor"": ""V02"", ""verdict"": ""REJECTED by fm2_smplh_invalid""}",render
vend_209,v02_flagged_209_V02_S3289_I00000135_P4134_f0001089,V02_S3289_I00000135_P4134,naturalistic/train/0059/0002/V02_S3289_I00000135_P4134,naturalistic/train/0059/0021/V02_S3289_I00000135_P4138,v02_flagged,V02,naturalistic,1089,V02,naturalistic,train,collaborative_storytelling,random draw from V02 files the current pipeline rejects,"{""flags_fired"": ""fm2_smplh_invalid"", ""fm1_knee_between_torso_p50"": 0.6913950927463374, ""fm2_longest_invalid_run_frames"": 939.0, ""fm2_smplh_valid_frac"": 0.4776556776556777, ""fm3_static_frac"": 0.07967032967032966, ""fps"": 30.0, ""observed_duration_s"": 182.0, ""raster"": ""1080x1920"", ""reproj_shoulder_widths_p50"": 0.1038907372213562, ""valid_frac_box"": 1.0, ""vendor"": ""V02"", ""verdict"": ""REJECTED by fm2_smplh_invalid""}",render
vend_210,v02_flagged_210_V02_S5330_I00000293_P5050_f0000010,V02_S5330_I00000293_P5050,naturalistic/train/0102/0010/V02_S5330_I00000293_P5050,naturalistic/train/0102/0010/V02_S5330_I00000293_P5291,v02_flagged,V02,naturalistic,10,V02,naturalistic,train,ipc_conversation,random draw from V02 files the current pipeline rejects,"{""flags_fired"": ""fm2_smplh_invalid"", ""fm1_knee_between_torso_p50"": 0.6592939190131917, ""fm2_longest_invalid_run_frames"": 81.0, ""fm2_smplh_valid_frac"": 0.9781746031746031, ""fm3_static_frac"": 0.7037698412698413, ""fps"": 30.0, ""observed_duration_s"": 168.0, ""raster"": ""1080x1920"", ""reproj_shoulder_widths_p50"": 0.1075219158237279, ""valid_frac_box"": 1.0, ""vendor"": ""V02"", ""verdict"": ""REJECTED by fm2_smplh_invalid""}",render
vend_211,v02_flagged_211_V02_S5307_I00000061_P5144_f0000797,V02_S5307_I00000061_P5144,naturalistic/train/0101/0022/V02_S5307_I00000061_P5144,naturalistic/train/0101/0036/V02_S5307_I00000061_P5283,v02_flagged,V02,naturalistic,797,V02,naturalistic,train,ipc_conversation,random draw from V02 files the current pipeline rejects,"{""flags_fired"": ""fm2_smplh_invalid+fm3_static_hands"", ""fm1_knee_between_torso_p50"": 0.5705373228528341, ""fm2_longest_invalid_run_frames"": 17.0, ""fm2_smplh_valid_frac"": 0.9962301587301587, ""fm3_static_frac"": 0.9103174603174603, ""fps"": 30.0, ""observed_duration_s"": 168.0, ""raster"": ""1080x1920"", ""reproj_shoulder_widths_p50"": 0.1379058736151134, ""valid_frac_box"": 1.0, ""vendor"": ""V02"", ""verdict"": ""REJECTED by fm2_smplh_invalid+fm3_static_hands""}",render
vend_212,v02_flagged_212_V02_S5153_I00000749_P5192_f0003973,V02_S5153_I00000749_P5192,naturalistic/test/0001/0046/V02_S5153_I00000749_P5192,naturalistic/test/0001/0027/V02_S5153_I00000749_P5191,v02_flagged,V02,naturalistic,3973,V02,naturalistic,test,grounded_gesture,random draw from V02 files the current pipeline rejects,"{""flags_fired"": ""fm2_smplh_invalid+fm3_static_hands"", ""fm1_knee_between_torso_p50"": 0.572674855936024, ""fm2_longest_invalid_run_frames"": 7.0, ""fm2_smplh_valid_frac"": 0.9979365079365079, ""fm3_static_frac"": 0.8541269841269842, ""fps"": 30.0, ""observed_duration_s"": 210.0, ""raster"": ""1080x1920"", ""reproj_shoulder_widths_p50"": 0.12051789944925248, ""valid_frac_box"": 1.0, ""vendor"": ""V02"", ""verdict"": ""REJECTED by fm2_smplh_invalid+fm3_static_hands""}",render
vend_213,v02_flagged_213_V02_S3321_I00000365_P4122_f0002918,V02_S3321_I00000365_P4122,naturalistic/train/0061/0025/V02_S3321_I00000365_P4122,naturalistic/train/0061/0006/V02_S3321_I00000365_P4153,v02_flagged,V02,naturalistic,2918,V02,naturalistic,train,ipc_conversation,random draw from V02 files the current pipeline rejects,"{""flags_fired"": ""fm2_smplh_invalid"", ""fm1_knee_between_torso_p50"": 0.6976028460425989, ""fm2_longest_invalid_run_frames"": 153.0, ""fm2_smplh_valid_frac"": 0.9488805970149253, ""fm3_static_frac"": 0.022795216741405083, ""fps"": 30.0, ""observed_duration_s"": 268.0, ""raster"": ""1080x1920"", ""reproj_shoulder_widths_p50"": 0.09312946303144165, ""valid_frac_box"": 1.0, ""vendor"": ""V02"", ""verdict"": ""REJECTED by fm2_smplh_invalid""}",render
vend_214,v02_flagged_214_V02_S5323_I00000072_P5243_f0000654,V02_S5323_I00000072_P5243,naturalistic/train/0102/0013/V02_S5323_I00000072_P5243,naturalistic/train/0102/0027/V02_S5323_I00000072_P5211,v02_flagged,V02,naturalistic,654,V02,naturalistic,train,ipc_conversation,random draw from V02 files the current pipeline rejects,"{""flags_fired"": ""fm2_smplh_invalid"", ""fm1_knee_between_torso_p50"": 0.6606011047359163, ""fm2_longest_invalid_run_frames"": 25.0, ""fm2_smplh_valid_frac"": 0.9902777777777778, ""fm3_static_frac"": 0.17182539682539683, ""fps"": 30.0, ""observed_duration_s"": 168.0, ""raster"": ""1080x1920"", ""reproj_shoulder_widths_p50"": 0.06107254770282497, ""valid_frac_box"": 1.0, ""vendor"": ""V02"", ""verdict"": ""REJECTED by fm2_smplh_invalid""}",render
vend_215,v02_flagged_215_V02_S5242_I00000087_P5158_f0000599,V02_S5242_I00000087_P5158,naturalistic/train/0096/0002/V02_S5242_I00000087_P5158,naturalistic/train/0096/0025/V02_S5242_I00000087_P5121,v02_flagged,V02,naturalistic,599,V02,naturalistic,train,ipc_conversation,random draw from V02 files the current pipeline rejects,"{""flags_fired"": ""fm2_smplh_invalid"", ""fm1_knee_between_torso_p50"": 0.5236308049750741, ""fm2_longest_invalid_run_frames"": 8.0, ""fm2_smplh_valid_frac"": 0.998501872659176, ""fm3_static_frac"": 0.6361423220973783, ""fps"": 30.0, ""observed_duration_s"": 178.0, ""raster"": ""1080x1920"", ""reproj_shoulder_widths_p50"": 0.05348763405137356, ""valid_frac_box"": 1.0, ""vendor"": ""V02"", ""verdict"": ""REJECTED by fm2_smplh_invalid""}",render
vend_216,v02_flagged_216_V02_S3338_I00000061_P4132_f0002168,V02_S3338_I00000061_P4132,naturalistic/train/0062/0023/V02_S3338_I00000061_P4132,naturalistic/train/0062/0034/V02_S3338_I00000061_P4156,v02_flagged,V02,naturalistic,2168,V02,naturalistic,train,ipc_conversation,random draw from V02 files the current pipeline rejects,"{""flags_fired"": ""fm2_smplh_invalid"", ""fm1_knee_between_torso_p50"": 0.6588909338243836, ""fm2_longest_invalid_run_frames"": 24.0, ""fm2_smplh_valid_frac"": 0.9914930555555556, ""fm3_static_frac"": 0.09600694444444445, ""fps"": 30.0, ""observed_duration_s"": 192.0, ""raster"": ""1080x1920"", ""reproj_shoulder_widths_p50"": 0.07114531001741012, ""valid_frac_box"": 1.0, ""vendor"": ""V02"", ""verdict"": ""REJECTED by fm2_smplh_invalid""}",render
vend_217,v02_flagged_217_V02_S3106_I00000385_P4026_f0001810,V02_S3106_I00000385_P4026,naturalistic/train/0048/0001/V02_S3106_I00000385_P4026,naturalistic/train/0048/0030/V02_S3106_I00000385_P4069,v02_flagged,V02,naturalistic,1810,V02,naturalistic,train,ipc_conversation,random draw from V02 files the current pipeline rejects,"{""flags_fired"": ""fm1_sitting+fm2_smplh_invalid"", ""fm1_knee_between_torso_p50"": 0.5871117306871403, ""fm2_longest_invalid_run_frames"": 107.0, ""fm2_smplh_valid_frac"": 0.9657894736842105, ""fm3_static_frac"": 0.01631578947368421, ""fps"": 30.0, ""observed_duration_s"": 190.0, ""raster"": ""1080x1920"", ""reproj_shoulder_widths_p50"": 0.06816114768616471, ""valid_frac_box"": 1.0, ""vendor"": ""V02"", ""verdict"": ""REJECTED by fm1_sitting+fm2_smplh_invalid""}",render
vend_218,v02_flagged_218_V02_S3379_I00000145_P4184_f0003916,V02_S3379_I00000145_P4184,naturalistic/train/0064/0011/V02_S3379_I00000145_P4184,naturalistic/train/0064/0033/V02_S3379_I00000145_P4140,v02_flagged,V02,naturalistic,3916,V02,naturalistic,train,ipc_conversation,random draw from V02 files the current pipeline rejects,"{""flags_fired"": ""fm1_sitting+fm2_smplh_invalid"", ""fm1_knee_between_torso_p50"": 0.5716670609685978, ""fm2_longest_invalid_run_frames"": 2.0, ""fm2_smplh_valid_frac"": 0.9996732026143791, ""fm3_static_frac"": 0.22418300653594772, ""fps"": 30.0, ""observed_duration_s"": 204.0, ""raster"": ""1080x1920"", ""reproj_shoulder_widths_p50"": 0.11281699562752531, ""valid_frac_box"": 1.0, ""vendor"": ""V02"", ""verdict"": ""REJECTED by fm1_sitting+fm2_smplh_invalid""}",render
vend_219,v02_flagged_219_V02_S5070_I00000287_P5089_f0001990,V02_S5070_I00000287_P5089,naturalistic/train/0085/0022/V02_S5070_I00000287_P5089,naturalistic/train/0085/0040/V02_S5070_I00000287_P5088,v02_flagged,V02,naturalistic,1990,V02,naturalistic,train,ipc_conversation,random draw from V02 files the current pipeline rejects,"{""flags_fired"": ""fm2_smplh_invalid"", ""fm1_knee_between_torso_p50"": 0.5561086592613806, ""fm2_longest_invalid_run_frames"": 36.0, ""fm2_smplh_valid_frac"": 0.993103448275862, ""fm3_static_frac"": 0.00900383141762452, ""fps"": 30.0, ""observed_duration_s"": 174.0, ""raster"": ""1080x1920"", ""reproj_shoulder_widths_p50"": 0.06857013259494724, ""valid_frac_box"": 1.0, ""vendor"": ""V02"", ""verdict"": ""REJECTED by fm2_smplh_invalid""}",render
vend_220,v03_pass_220_V03_S0210_I00000386_P1556_f0000332,V03_S0210_I00000386_P1556,naturalistic/train/0111/0050/V03_S0210_I00000386_P1556,naturalistic/train/0111/0048/V03_S0210_I00000386_P1557,v03_pass,V03,naturalistic,332,V03,naturalistic,train,ipc_conversation,random draw from V03 files the current pipeline keeps,"{""flags_fired"": ""none"", ""fm1_knee_between_torso_p50"": 0.5741864595507885, ""fm2_longest_invalid_run_frames"": 0.0, ""fm2_smplh_valid_frac"": 1.0, ""fm3_static_frac"": 0.5645397873120646, ""fps"": 29.97, ""observed_duration_s"": 182.015167, ""raster"": ""2160x3840"", ""reproj_shoulder_widths_p50"": 0.17999943997176554, ""valid_frac_box"": 1.0, ""vendor"": ""V03"", ""verdict"": ""PASSES the current pipeline""}",render
vend_221,v03_pass_221_V03_S0446_I00000040_P2114_f0001616,V03_S0446_I00000040_P2114,naturalistic/train/0120/0097/V03_S0446_I00000040_P2114,naturalistic/train/0120/0023/V03_S0446_I00000040_P2069,v03_pass,V03,naturalistic,1616,V03,naturalistic,train,collaborative_storytelling,random draw from V03 files the current pipeline keeps,"{""flags_fired"": ""none"", ""fm1_knee_between_torso_p50"": 0.45743596063470493, ""fm2_longest_invalid_run_frames"": 0.0, ""fm2_smplh_valid_frac"": 1.0, ""fm3_static_frac"": 0.020281321557082108, ""fps"": 29.97, ""observed_duration_s"": 102.001533, ""raster"": ""2160x3840"", ""reproj_shoulder_widths_p50"": 0.10459645407038316, ""valid_frac_box"": 1.0, ""vendor"": ""V03"", ""verdict"": ""PASSES the current pipeline""}",render
vend_222,v03_pass_222_V03_S0045_I00000575_P1000_f0000803,V03_S0045_I00000575_P1000,improvised/train/0062/0071/V03_S0045_I00000575_P1000,improvised/train/0062/0121/V03_S0045_I00000575_P1031,v03_pass,V03,improvised,803,V03,improvised,train,ipc_conversation,random draw from V03 files the current pipeline keeps,"{""flags_fired"": ""none"", ""fm1_knee_between_torso_p50"": 0.578901083627805, ""fm2_longest_invalid_run_frames"": 0.0, ""fm2_smplh_valid_frac"": 1.0, ""fm3_static_frac"": 0.0004508566275924256, ""fps"": 29.97, ""observed_duration_s"": 148.014167, ""raster"": ""2160x3840"", ""reproj_shoulder_widths_p50"": 0.15670038547469028, ""valid_frac_box"": 1.0, ""vendor"": ""V03"", ""verdict"": ""PASSES the current pipeline""}",render
vend_223,v03_pass_223_V03_S1545_I00000053_P4415_f0003668,V03_S1545_I00000053_P4415,naturalistic/train/0155/0081/V03_S1545_I00000053_P4415,naturalistic/train/0155/0064/V03_S1545_I00000053_P4414,v03_pass,V03,naturalistic,3668,V03,naturalistic,train,ipc_conversation,random draw from V03 files the current pipeline keeps,"{""flags_fired"": ""none"", ""fm1_knee_between_torso_p50"": 0.6173154070897795, ""fm2_longest_invalid_run_frames"": 0.0, ""fm2_smplh_valid_frac"": 1.0, ""fm3_static_frac"": 0.00042826552462526765, ""fps"": 29.97, ""observed_duration_s"": 155.828, ""raster"": ""2160x3840"", ""reproj_shoulder_widths_p50"": 0.1451641075684053, ""valid_frac_box"": 1.0, ""vendor"": ""V03"", ""verdict"": ""PASSES the current pipeline""}",render
vend_224,v03_pass_224_V03_S1068_I00000121_P3539_f0000445,V03_S1068_I00000121_P3539,naturalistic/train/0135/0031/V03_S1068_I00000121_P3539,naturalistic/train/0135/0127/V03_S1068_I00000121_P3538,v03_pass,V03,naturalistic,445,V03,naturalistic,train,collaborative_storytelling,random draw from V03 files the current pipeline keeps,"{""flags_fired"": ""none"", ""fm1_knee_between_torso_p50"": 0.6332994284055069, ""fm2_longest_invalid_run_frames"": 0.0, ""fm2_smplh_valid_frac"": 1.0, ""fm3_static_frac"": 0.37115676271887493, ""fps"": 29.97, ""observed_duration_s"": 242.008433, ""raster"": ""2160x3840"", ""reproj_shoulder_widths_p50"": 0.11615693398117818, ""valid_frac_box"": 1.0, ""vendor"": ""V03"", ""verdict"": ""PASSES the current pipeline""}",render
vend_225,v03_pass_225_V03_S0888_I00000151_P3085_f0002261,V03_S0888_I00000151_P3085,naturalistic/train/0128/0098/V03_S0888_I00000151_P3085,naturalistic/train/0128/0103/V03_S0888_I00000151_P3088,v03_pass,V03,naturalistic,2261,V03,naturalistic,train,grounded_gesture,random draw from V03 files the current pipeline keeps,"{""flags_fired"": ""none"", ""fm1_knee_between_torso_p50"": 0.5124215347664526, ""fm2_longest_invalid_run_frames"": 0.0, ""fm2_smplh_valid_frac"": 1.0, ""fm3_static_frac"": 0.0006295247088448222, ""fps"": 29.97, ""observed_duration_s"": 106.0059, ""raster"": ""2160x3840"", ""reproj_shoulder_widths_p50"": 0.0882887895395298, ""valid_frac_box"": 1.0, ""vendor"": ""V03"", ""verdict"": ""PASSES the current pipeline""}",render
vend_226,v03_pass_226_V03_S0322_I00000396_P1699_f0000162,V03_S0322_I00000396_P1699,naturalistic/train/0115/0031/V03_S0322_I00000396_P1699,naturalistic/train/0115/0038/V03_S0322_I00000396_P1955,v03_pass,V03,naturalistic,162,V03,naturalistic,train,ipc_conversation,random draw from V03 files the current pipeline keeps,"{""flags_fired"": ""none"", ""fm1_knee_between_torso_p50"": 0.6958227060491661, ""fm2_longest_invalid_run_frames"": 0.0, ""fm2_smplh_valid_frac"": 1.0, ""fm3_static_frac"": 0.1038474633980252, ""fps"": 29.97, ""observed_duration_s"": 98.031267, ""raster"": ""2160x3840"", ""reproj_shoulder_widths_p50"": 0.0918534479783859, ""valid_frac_box"": 1.0, ""vendor"": ""V03"", ""verdict"": ""PASSES the current pipeline""}",render
vend_227,v03_pass_227_V03_S0432_I00000126_P2028_f0006960,V03_S0432_I00000126_P2028,improvised/train/0064/0001/V03_S0432_I00000126_P2028,improvised/train/0064/0130/V03_S0432_I00000126_P2045,v03_pass,V03,improvised,6960,V03,improvised,train,ipc_conversation,random draw from V03 files the current pipeline keeps,"{""flags_fired"": ""none"", ""fm1_knee_between_torso_p50"": 0.43494156416141583, ""fm2_longest_invalid_run_frames"": 0.0, ""fm2_smplh_valid_frac"": 1.0, ""fm3_static_frac"": 0.010496077781460613, ""fps"": 29.97, ""observed_duration_s"": 302.0017, ""raster"": ""2160x3840"", ""reproj_shoulder_widths_p50"": 0.04200105863698333, ""valid_frac_box"": 1.0, ""vendor"": ""V03"", ""verdict"": ""PASSES the current pipeline""}",render
vend_228,v03_pass_228_V03_S0379_I00000371_P1600_f0002009,V03_S0379_I00000371_P1600,naturalistic/train/0118/0003/V03_S0379_I00000371_P1600,naturalistic/train/0118/0143/V03_S0379_I00000371_P1989,v03_pass,V03,naturalistic,2009,V03,naturalistic,train,ipc_conversation,random draw from V03 files the current pipeline keeps,"{""flags_fired"": ""none"", ""fm1_knee_between_torso_p50"": 0.5638496115373917, ""fm2_longest_invalid_run_frames"": 0.0, ""fm2_smplh_valid_frac"": 1.0, ""fm3_static_frac"": 0.06349601593625498, ""fps"": 29.97, ""observed_duration_s"": 134.000533, ""raster"": ""2160x3840"", ""reproj_shoulder_widths_p50"": 0.15770999452737244, ""valid_frac_box"": 1.0, ""vendor"": ""V03"", ""verdict"": ""PASSES the current pipeline""}",render
vend_229,v03_pass_229_V03_S1713_I00000089_P4875_f0001656,V03_S1713_I00000089_P4875,naturalistic/train/0163/0068/V03_S1713_I00000089_P4875,naturalistic/train/0163/0087/V03_S1713_I00000089_P4876,v03_pass,V03,naturalistic,1656,V03,naturalistic,train,ipc_conversation,random draw from V03 files the current pipeline keeps,"{""flags_fired"": ""none"", ""fm1_knee_between_torso_p50"": 0.5202228920153262, ""fm2_longest_invalid_run_frames"": 0.0, ""fm2_smplh_valid_frac"": 1.0, ""fm3_static_frac"": 0.45454545454545453, ""fps"": 29.97, ""observed_duration_s"": 276.009067, ""raster"": ""2160x3840"", ""reproj_shoulder_widths_p50"": 0.11643596705776409, ""valid_frac_box"": 1.0, ""vendor"": ""V03"", ""verdict"": ""PASSES the current pipeline""}",render
vend_230,v03_pass_230_V03_S1215_I00000043_P3765_f0003923,V03_S1215_I00000043_P3765,naturalistic/train/0140/0023/V03_S1215_I00000043_P3765,naturalistic/train/0140/0041/V03_S1215_I00000043_P2619,v03_pass,V03,naturalistic,3923,V03,naturalistic,train,ipc_conversation,random draw from V03 files the current pipeline keeps,"{""flags_fired"": ""none"", ""fm1_knee_between_torso_p50"": 0.5855234523386543, ""fm2_longest_invalid_run_frames"": 0.0, ""fm2_smplh_valid_frac"": 1.0, ""fm3_static_frac"": 0.000954426151276545, ""fps"": 29.97, ""observed_duration_s"": 279.7124, ""raster"": ""2160x3840"", ""reproj_shoulder_widths_p50"": 0.12377930296480313, ""valid_frac_box"": 1.0, ""vendor"": ""V03"", ""verdict"": ""PASSES the current pipeline""}",render
vend_231,v03_pass_231_V03_S0566_I00000375_P1938_f0003517,V03_S0566_I00000375_P1938,improvised/train/0065/0042/V03_S0566_I00000375_P1938,improvised/train/0065/0171/V03_S0566_I00000375_P1633,v03_pass,V03,improvised,3517,V03,improvised,train,ipc_conversation,random draw from V03 files the current pipeline keeps,"{""flags_fired"": ""none"", ""fm1_knee_between_torso_p50"": 0.5716073890329705, ""fm2_longest_invalid_run_frames"": 0.0, ""fm2_smplh_valid_frac"": 1.0, ""fm3_static_frac"": 0.6133068520357497, ""fps"": 29.97, ""observed_duration_s"": 168.0008, ""raster"": ""2160x3840"", ""reproj_shoulder_widths_p50"": 0.1043400464068651, ""valid_frac_box"": 1.0, ""vendor"": ""V03"", ""verdict"": ""PASSES the current pipeline""}",render
vend_232,v03_pass_232_V03_S1555_I00000281_P4440_f0002130,V03_S1555_I00000281_P4440,naturalistic/train/0156/0014/V03_S1555_I00000281_P4440,naturalistic/train/0156/0026/V03_S1555_I00000281_P4441,v03_pass,V03,naturalistic,2130,V03,naturalistic,train,ipc_conversation,random draw from V03 files the current pipeline keeps,"{""flags_fired"": ""none"", ""fm1_knee_between_torso_p50"": 0.5888566018617816, ""fm2_longest_invalid_run_frames"": 0.0, ""fm2_smplh_valid_frac"": 1.0, ""fm3_static_frac"": 0.4211633849391252, ""fps"": 29.97, ""observed_duration_s"": 222.021433, ""raster"": ""2160x3840"", ""reproj_shoulder_widths_p50"": 0.11205591430799862, ""valid_frac_box"": 1.0, ""vendor"": ""V03"", ""verdict"": ""PASSES the current pipeline""}",render
vend_233,v03_pass_233_V03_S1648_I00000232_P3732_f0002997,V03_S1648_I00000232_P3732,naturalistic/train/0160/0002/V03_S1648_I00000232_P3732,naturalistic/train/0160/0148/V03_S1648_I00000232_P1762,v03_pass,V03,naturalistic,2997,V03,naturalistic,train,collaborative_storytelling,random draw from V03 files the current pipeline keeps,"{""flags_fired"": ""none"", ""fm1_knee_between_torso_p50"": 0.6146800601861677, ""fm2_longest_invalid_run_frames"": 0.0, ""fm2_smplh_valid_frac"": 1.0, ""fm3_static_frac"": 0.002001779359430605, ""fps"": 29.97, ""observed_duration_s"": 150.016167, ""raster"": ""2160x3840"", ""reproj_shoulder_widths_p50"": 0.18335313489356808, ""valid_frac_box"": 1.0, ""vendor"": ""V03"", ""verdict"": ""PASSES the current pipeline""}",render
vend_234,v03_pass_234_V03_S1363_I00000487_P3206_f0005125,V03_S1363_I00000487_P3206,improvised/train/0067/0043/V03_S1363_I00000487_P3206,improvised/train/0067/0010/V03_S1363_I00000487_P4166,v03_pass,V03,improvised,5125,V03,improvised,train,ipc_conversation,random draw from V03 files the current pipeline keeps,"{""flags_fired"": ""none"", ""fm1_knee_between_torso_p50"": 0.5310720405738508, ""fm2_longest_invalid_run_frames"": 0.0, ""fm2_smplh_valid_frac"": 1.0, ""fm3_static_frac"": 0.2021141110545084, ""fps"": 29.97, ""observed_duration_s"": 262.028067, ""raster"": ""2160x3840"", ""reproj_shoulder_widths_p50"": 0.0779413374502891, ""valid_frac_box"": 1.0, ""vendor"": ""V03"", ""verdict"": ""PASSES the current pipeline""}",render
vend_235,v03_pass_235_V03_S0990_I00000107_P3390_f0005549,V03_S0990_I00000107_P3390,naturalistic/train/0132/0011/V03_S0990_I00000107_P3390,naturalistic/train/0132/0011/V03_S0990_I00000107_P3391,v03_pass,V03,naturalistic,5549,V03,naturalistic,train,ipc_conversation,random draw from V03 files the current pipeline keeps,"{""flags_fired"": ""none"", ""fm1_knee_between_torso_p50"": 0.5628129575944827, ""fm2_longest_invalid_run_frames"": 0.0, ""fm2_smplh_valid_frac"": 1.0, ""fm3_static_frac"": 0.2891666666666667, ""fps"": 30.0, ""observed_duration_s"": 240.0, ""raster"": ""3840x2160"", ""reproj_shoulder_widths_p50"": 0.1359237739715045, ""valid_frac_box"": 1.0, ""vendor"": ""V03"", ""verdict"": ""PASSES the current pipeline""}",render
vend_236,v03_pass_236_V03_S2052_I00000008_P5583_f0007195,V03_S2052_I00000008_P5583,naturalistic/train/0178/0005/V03_S2052_I00000008_P5583,naturalistic/train/0178/0018/V03_S2052_I00000008_P5599,v03_pass,V03,naturalistic,7195,V03,naturalistic,train,ipc_conversation,random draw from V03 files the current pipeline keeps,"{""flags_fired"": ""none"", ""fm1_knee_between_torso_p50"": 0.5126115689993622, ""fm2_longest_invalid_run_frames"": 0.0, ""fm2_smplh_valid_frac"": 1.0, ""fm3_static_frac"": 0.20912659470068695, ""fps"": 29.958, ""observed_duration_s"": 340.005967, ""raster"": ""2160x3840"", ""reproj_shoulder_widths_p50"": 0.10170106157169537, ""valid_frac_box"": 1.0, ""vendor"": ""V03"", ""verdict"": ""PASSES the current pipeline""}",render
vend_237,v03_pass_237_V03_S1657_I00000142_P4290_f0000968,V03_S1657_I00000142_P4290,naturalistic/train/0161/0050/V03_S1657_I00000142_P4290,naturalistic/train/0161/0112/V03_S1657_I00000142_P3855,v03_pass,V03,naturalistic,968,V03,naturalistic,train,ipc_conversation,random draw from V03 files the current pipeline keeps,"{""flags_fired"": ""none"", ""fm1_knee_between_torso_p50"": 0.5854126018850739, ""fm2_longest_invalid_run_frames"": 0.0, ""fm2_smplh_valid_frac"": 1.0, ""fm3_static_frac"": 0.19657348963029755, ""fps"": 29.97, ""observed_duration_s"": 148.014167, ""raster"": ""2160x3840"", ""reproj_shoulder_widths_p50"": 0.07460580488841705, ""valid_frac_box"": 1.0, ""vendor"": ""V03"", ""verdict"": ""PASSES the current pipeline""}",render
vend_238,v03_pass_238_V03_S1917_I00000088_P5367_f0002197,V03_S1917_I00000088_P5367,naturalistic/train/0172/0099/V03_S1917_I00000088_P5367,naturalistic/train/0172/0091/V03_S1917_I00000088_P5246,v03_pass,V03,naturalistic,2197,V03,naturalistic,train,collaborative_storytelling,random draw from V03 files the current pipeline keeps,"{""flags_fired"": ""none"", ""fm1_knee_between_torso_p50"": 0.624178201432979, ""fm2_longest_invalid_run_frames"": 0.0, ""fm2_smplh_valid_frac"": 1.0, ""fm3_static_frac"": 0.33963227783452504, ""fps"": 29.97, ""observed_duration_s"": 196.0288, ""raster"": ""2160x3840"", ""reproj_shoulder_widths_p50"": 0.18736501442145226, ""valid_frac_box"": 1.0, ""vendor"": ""V03"", ""verdict"": ""PASSES the current pipeline""}",render
vend_239,v03_pass_239_V03_S1919_I00000263_P2894_f0000895,V03_S1919_I00000263_P2894,naturalistic/train/0172/0074/V03_S1919_I00000263_P2894,naturalistic/train/0172/0072/V03_S1919_I00000263_P5370,v03_pass,V03,naturalistic,895,V03,naturalistic,train,grounded_gesture,random draw from V03 files the current pipeline keeps,"{""flags_fired"": ""none"", ""fm1_knee_between_torso_p50"": 0.5710619109081875, ""fm2_longest_invalid_run_frames"": 0.0, ""fm2_smplh_valid_frac"": 1.0, ""fm3_static_frac"": 0.0, ""fps"": 29.97, ""observed_duration_s"": 156.022167, ""raster"": ""2160x3840"", ""reproj_shoulder_widths_p50"": 0.1795375879173106, ""valid_frac_box"": 1.0, ""vendor"": ""V03"", ""verdict"": ""PASSES the current pipeline""}",render
vend_240,v03_pass_240_V03_S0886_I00000078_P3084_f0002392,V03_S0886_I00000078_P3084,naturalistic/train/0128/0003/V03_S0886_I00000078_P3084,naturalistic/train/0128/0012/V03_S0886_I00000078_P3085,v03_pass,V03,naturalistic,2392,V03,naturalistic,train,ipc_conversation,random draw from V03 files the current pipeline keeps,"{""flags_fired"": ""none"", ""fm1_knee_between_torso_p50"": 0.5445796099490834, ""fm2_longest_invalid_run_frames"": 0.0, ""fm2_smplh_valid_frac"": 1.0, ""fm3_static_frac"": 0.08165057067603161, ""fps"": 29.97, ""observed_duration_s"": 114.0139, ""raster"": ""2160x3840"", ""reproj_shoulder_widths_p50"": 0.13585564938687608, ""valid_frac_box"": 1.0, ""vendor"": ""V03"", ""verdict"": ""PASSES the current pipeline""}",render
vend_241,v03_pass_241_V03_S2001_I00000334_P5497_f0004587,V03_S2001_I00000334_P5497,naturalistic/train/0175/0158/V03_S2001_I00000334_P5497,naturalistic/train/0175/0048/V03_S2001_I00000334_P4214,v03_pass,V03,naturalistic,4587,V03,naturalistic,train,ipc_conversation,random draw from V03 files the current pipeline keeps,"{""flags_fired"": ""none"", ""fm1_knee_between_torso_p50"": 0.5275697823783605, ""fm2_longest_invalid_run_frames"": 0.0, ""fm2_smplh_valid_frac"": 1.0, ""fm3_static_frac"": 0.6392075078206465, ""fps"": 29.97, ""observed_duration_s"": 320.019333, ""raster"": ""2160x3840"", ""reproj_shoulder_widths_p50"": 0.107372391588864, ""valid_frac_box"": 1.0, ""vendor"": ""V03"", ""verdict"": ""PASSES the current pipeline""}",render
vend_242,v03_pass_242_V03_S0497_I00000435_P2433_f0000915,V03_S0497_I00000435_P2433,naturalistic/train/0122/0080/V03_S0497_I00000435_P2433,naturalistic/train/0122/0104/V03_S0497_I00000435_P1540,v03_pass,V03,naturalistic,915,V03,naturalistic,train,ipc_conversation,random draw from V03 files the current pipeline keeps,"{""flags_fired"": ""none"", ""fm1_knee_between_torso_p50"": 0.5904318212481928, ""fm2_longest_invalid_run_frames"": 0.0, ""fm2_smplh_valid_frac"": 1.0, ""fm3_static_frac"": 0.18233082706766918, ""fps"": 29.97, ""observed_duration_s"": 142.008167, ""raster"": ""2160x3840"", ""reproj_shoulder_widths_p50"": 0.17829422781436394, ""valid_frac_box"": 1.0, ""vendor"": ""V03"", ""verdict"": ""PASSES the current pipeline""}",render
vend_243,v03_pass_243_V03_S1179_I00000175_P3773_f0003611,V03_S1179_I00000175_P3773,naturalistic/train/0139/0074/V03_S1179_I00000175_P3773,naturalistic/train/0139/0134/V03_S1179_I00000175_P3772,v03_pass,V03,naturalistic,3611,V03,naturalistic,train,collaborative_storytelling,random draw from V03 files the current pipeline keeps,"{""flags_fired"": ""none"", ""fm1_knee_between_torso_p50"": 0.5739268692524477, ""fm2_longest_invalid_run_frames"": 0.0, ""fm2_smplh_valid_frac"": 1.0, ""fm3_static_frac"": 0.0004907252919815488, ""fps"": 29.955, ""observed_duration_s"": 340.006333, ""raster"": ""2160x3840"", ""reproj_shoulder_widths_p50"": 0.2009311170048585, ""valid_frac_box"": 1.0, ""vendor"": ""V03"", ""verdict"": ""PASSES the current pipeline""}",render
vend_244,v03_pass_244_V03_S1360_I00000203_P3921_f0001716,V03_S1360_I00000203_P3921,naturalistic/train/0147/0137/V03_S1360_I00000203_P3921,naturalistic/train/0147/0070/V03_S1360_I00000203_P3204,v03_pass,V03,naturalistic,1716,V03,naturalistic,train,grounded_gesture,random draw from V03 files the current pipeline keeps,"{""flags_fired"": ""none"", ""fm1_knee_between_torso_p50"": 0.5661283565964956, ""fm2_longest_invalid_run_frames"": 0.0, ""fm2_smplh_valid_frac"": 1.0, ""fm3_static_frac"": 0.3847535934291581, ""fps"": 29.97, ""observed_duration_s"": 130.0299, ""raster"": ""2160x3840"", ""reproj_shoulder_widths_p50"": 0.17972811347814974, ""valid_frac_box"": 1.0, ""vendor"": ""V03"", ""verdict"": ""PASSES the current pipeline""}",render
vend_245,v03_pass_245_V03_S2099_I00000198_P5716_f0006188,V03_S2099_I00000198_P5716,naturalistic/train/0179/0024/V03_S2099_I00000198_P5716,naturalistic/train/0179/0142/V03_S2099_I00000198_P5717,v03_pass,V03,naturalistic,6188,V03,naturalistic,train,ipc_conversation,random draw from V03 files the current pipeline keeps,"{""flags_fired"": ""none"", ""fm1_knee_between_torso_p50"": 0.5578299845720975, ""fm2_longest_invalid_run_frames"": 0.0, ""fm2_smplh_valid_frac"": 1.0, ""fm3_static_frac"": 0.5591632443531828, ""fps"": 29.97, ""observed_duration_s"": 260.026067, ""raster"": ""2160x3840"", ""reproj_shoulder_widths_p50"": 0.173847054650988, ""valid_frac_box"": 1.0, ""vendor"": ""V03"", ""verdict"": ""PASSES the current pipeline""}",render
vend_246,v03_pass_246_V03_S1084_I00000316_P3582_f0000287,V03_S1084_I00000316_P3582,naturalistic/train/0136/0067/V03_S1084_I00000316_P3582,naturalistic/train/0136/0108/V03_S1084_I00000316_P3583,v03_pass,V03,naturalistic,287,V03,naturalistic,train,ipc_conversation,random draw from V03 files the current pipeline keeps,"{""flags_fired"": ""none"", ""fm1_knee_between_torso_p50"": 0.6667648929311061, ""fm2_longest_invalid_run_frames"": 0.0, ""fm2_smplh_valid_frac"": 1.0, ""fm3_static_frac"": 0.00016767270288397049, ""fps"": 29.97, ""observed_duration_s"": 398.030967, ""raster"": ""2160x3840"", ""reproj_shoulder_widths_p50"": 0.15545792037440131, ""valid_frac_box"": 1.0, ""vendor"": ""V03"", ""verdict"": ""PASSES the current pipeline""}",render
vend_247,v03_pass_247_V03_S1360_I00000196_P3204_f0002996,V03_S1360_I00000196_P3204,naturalistic/train/0147/0003/V03_S1360_I00000196_P3204,naturalistic/train/0147/0100/V03_S1360_I00000196_P3921,v03_pass,V03,naturalistic,2996,V03,naturalistic,train,ipc_conversation,random draw from V03 files the current pipeline keeps,"{""flags_fired"": ""none"", ""fm1_knee_between_torso_p50"": 0.5200485012109131, ""fm2_longest_invalid_run_frames"": 0.0, ""fm2_smplh_valid_frac"": 1.0, ""fm3_static_frac"": 0.3650164113785558, ""fps"": 29.97, ""observed_duration_s"": 244.010067, ""raster"": ""2160x3840"", ""reproj_shoulder_widths_p50"": 0.10048260604748172, ""valid_frac_box"": 1.0, ""vendor"": ""V03"", ""verdict"": ""PASSES the current pipeline""}",render
vend_248,v03_pass_248_V03_S1451_I00000130_P4488_f0002890,V03_S1451_I00000130_P4488,naturalistic/train/0151/0085/V03_S1451_I00000130_P4488,naturalistic/train/0151/0122/V03_S1451_I00000130_P4487,v03_pass,V03,naturalistic,2890,V03,naturalistic,train,ipc_conversation,random draw from V03 files the current pipeline keeps,"{""flags_fired"": ""none"", ""fm1_knee_between_torso_p50"": 0.5332357305835628, ""fm2_longest_invalid_run_frames"": 0.0, ""fm2_smplh_valid_frac"": 1.0, ""fm3_static_frac"": 0.2213970509094823, ""fps"": 29.97, ""observed_duration_s"": 310.0097, ""raster"": ""2160x3840"", ""reproj_shoulder_widths_p50"": 0.10687454910260893, ""valid_frac_box"": 1.0, ""vendor"": ""V03"", ""verdict"": ""PASSES the current pipeline""}",render
vend_249,v03_pass_249_V03_S1373_I00000002_P4300_f0000471,V03_S1373_I00000002_P4300,naturalistic/train/0148/0004/V03_S1373_I00000002_P4300,naturalistic/train/0148/0061/V03_S1373_I00000002_P1503,v03_pass,V03,naturalistic,471,V03,naturalistic,train,ipc_conversation,random draw from V03 files the current pipeline keeps,"{""flags_fired"": ""none"", ""fm1_knee_between_torso_p50"": 0.6019593347039092, ""fm2_longest_invalid_run_frames"": 0.0, ""fm2_smplh_valid_frac"": 1.0, ""fm3_static_frac"": 0.6993156544054747, ""fps"": 29.97, ""observed_duration_s"": 78.011267, ""raster"": ""2160x3840"", ""reproj_shoulder_widths_p50"": 0.2095140408224444, ""valid_frac_box"": 1.0, ""vendor"": ""V03"", ""verdict"": ""PASSES the current pipeline""}",render
vend_250,v03_pass_250_V03_S0968_I00000116_P3345_f0003267,V03_S0968_I00000116_P3345,naturalistic/train/0131/0063/V03_S0968_I00000116_P3345,naturalistic/train/0131/0055/V03_S0968_I00000116_P3344,v03_pass,V03,naturalistic,3267,V03,naturalistic,train,ipc_conversation,random draw from V03 files the current pipeline keeps,"{""flags_fired"": ""none"", ""fm1_knee_between_torso_p50"": 0.5231097295677742, ""fm2_longest_invalid_run_frames"": 0.0, ""fm2_smplh_valid_frac"": 1.0, ""fm3_static_frac"": 0.6061827956989247, ""fps"": 30.0, ""observed_duration_s"": 248.0, ""raster"": ""3840x2160"", ""reproj_shoulder_widths_p50"": 0.10245006524879893, ""valid_frac_box"": 1.0, ""vendor"": ""V03"", ""verdict"": ""PASSES the current pipeline""}",render
vend_251,v03_pass_251_V03_S2135_I00000088_P5692_f0000775,V03_S2135_I00000088_P5692,naturalistic/train/0181/0114/V03_S2135_I00000088_P5692,naturalistic/train/0181/0044/V03_S2135_I00000088_P5800,v03_pass,V03,naturalistic,775,V03,naturalistic,train,collaborative_storytelling,random draw from V03 files the current pipeline keeps,"{""flags_fired"": ""none"", ""fm1_knee_between_torso_p50"": 0.546270968668075, ""fm2_longest_invalid_run_frames"": 0.0, ""fm2_smplh_valid_frac"": 1.0, ""fm3_static_frac"": 0.1449671772428884, ""fps"": 29.97, ""observed_duration_s"": 122.021533, ""raster"": ""2160x3840"", ""reproj_shoulder_widths_p50"": 0.06026687891933389, ""valid_frac_box"": 1.0, ""vendor"": ""V03"", ""verdict"": ""PASSES the current pipeline""}",render
vend_252,v03_pass_252_V03_S0398_I00000197_P2096_f0004477,V03_S0398_I00000197_P2096,naturalistic/train/0118/0159/V03_S0398_I00000197_P2096,naturalistic/train/0118/0146/V03_S0398_I00000197_P2097,v03_pass,V03,naturalistic,4477,V03,naturalistic,train,ipc_conversation,random draw from V03 files the current pipeline keeps,"{""flags_fired"": ""none"", ""fm1_knee_between_torso_p50"": 0.5347355455889422, ""fm2_longest_invalid_run_frames"": 0.0, ""fm2_smplh_valid_frac"": 1.0, ""fm3_static_frac"": 0.15784753363228698, ""fps"": 29.97, ""observed_duration_s"": 186.019167, ""raster"": ""2160x3840"", ""reproj_shoulder_widths_p50"": 0.06867362611472033, ""valid_frac_box"": 1.0, ""vendor"": ""V03"", ""verdict"": ""PASSES the current pipeline""}",render
vend_253,v03_pass_253_V03_S0507_I00000044_P1801_f0007519,V03_S0507_I00000044_P1801,naturalistic/train/0122/0089/V03_S0507_I00000044_P1801,naturalistic/train/0122/0087/V03_S0507_I00000044_P1800,v03_pass,V03,naturalistic,7519,V03,naturalistic,train,grounded_gesture,random draw from V03 files the current pipeline keeps,"{""flags_fired"": ""none"", ""fm1_knee_between_torso_p50"": 0.5537737995017359, ""fm2_longest_invalid_run_frames"": 0.0, ""fm2_smplh_valid_frac"": 1.0, ""fm3_static_frac"": 0.0, ""fps"": 30.0, ""observed_duration_s"": 304.0, ""raster"": ""3840x2160"", ""reproj_shoulder_widths_p50"": 0.07310555553499001, ""valid_frac_box"": 1.0, ""vendor"": ""V03"", ""verdict"": ""PASSES the current pipeline""}",render
vend_254,v03_pass_254_V03_S0042_I00000372_P1103_f0007891,V03_S0042_I00000372_P1103,naturalistic/train/0103/0057/V03_S0042_I00000372_P1103,naturalistic/train/0103/0043/V03_S0042_I00000372_P1031,v03_pass,V03,naturalistic,7891,V03,naturalistic,train,ipc_conversation,random draw from V03 files the current pipeline keeps,"{""flags_fired"": ""none"", ""fm1_knee_between_torso_p50"": 0.5555765833198667, ""fm2_longest_invalid_run_frames"": 0.0, ""fm2_smplh_valid_frac"": 1.0, ""fm3_static_frac"": 0.5392794939957833, ""fps"": 29.97, ""observed_duration_s"": 364.029967, ""raster"": ""2160x3840"", ""reproj_shoulder_widths_p50"": 0.18778847776882085, ""valid_frac_box"": 1.0, ""vendor"": ""V03"", ""verdict"": ""PASSES the current pipeline""}",render
vend_255,v03_pass_255_V03_S0103_I00000137_P1230_f0001953,V03_S0103_I00000137_P1230,naturalistic/train/0105/0125/V03_S0103_I00000137_P1230,naturalistic/train/0105/0019/V03_S0103_I00000137_P1231,v03_pass,V03,naturalistic,1953,V03,naturalistic,train,ipc_conversation,random draw from V03 files the current pipeline keeps,"{""flags_fired"": ""none"", ""fm1_knee_between_torso_p50"": 0.5518502966537318, ""fm2_longest_invalid_run_frames"": 0.0, ""fm2_smplh_valid_frac"": 1.0, ""fm3_static_frac"": 0.0, ""fps"": 29.97, ""observed_duration_s"": 100.033267, ""raster"": ""2160x3840"", ""reproj_shoulder_widths_p50"": 0.14461630055017988, ""valid_frac_box"": 1.0, ""vendor"": ""V03"", ""verdict"": ""PASSES the current pipeline""}",render
vend_256,v03_pass_256_V03_S1568_I00000375_P4045_f0001008,V03_S1568_I00000375_P4045,improvised/dev/0001/0021/V03_S1568_I00000375_P4045,improvised/dev/0001/0009/V03_S1568_I00000375_P4544,v03_pass,V03,improvised,1008,V03,improvised,dev,ipc_conversation,random draw from V03 files the current pipeline keeps,"{""flags_fired"": ""none"", ""fm1_knee_between_torso_p50"": 0.608859872066801, ""fm2_longest_invalid_run_frames"": 0.0, ""fm2_smplh_valid_frac"": 1.0, ""fm3_static_frac"": 0.16856835306781484, ""fps"": 29.97, ""observed_duration_s"": 310.009333, ""raster"": ""2160x3840"", ""reproj_shoulder_widths_p50"": 0.17901183994906308, ""valid_frac_box"": 1.0, ""vendor"": ""V03"", ""verdict"": ""PASSES the current pipeline""}",render
vend_257,v03_pass_257_V03_S0435_I00000207_P2053_f0003069,V03_S0435_I00000207_P2053,naturalistic/train/0120/0047/V03_S0435_I00000207_P2053,naturalistic/train/0120/0068/V03_S0435_I00000207_P1989,v03_pass,V03,naturalistic,3069,V03,naturalistic,train,ipc_conversation,random draw from V03 files the current pipeline keeps,"{""flags_fired"": ""none"", ""fm1_knee_between_torso_p50"": 0.5835308791351449, ""fm2_longest_invalid_run_frames"": 0.0, ""fm2_smplh_valid_frac"": 1.0, ""fm3_static_frac"": 0.18179587831207067, ""fps"": 29.97, ""observed_duration_s"": 136.002533, ""raster"": ""2160x3840"", ""reproj_shoulder_widths_p50"": 0.0526070069188957, ""valid_frac_box"": 1.0, ""vendor"": ""V03"", ""verdict"": ""PASSES the current pipeline""}",render
vend_258,v03_pass_258_V03_S0069_I00000537_P1158_f0000639,V03_S0069_I00000537_P1158,naturalistic/train/0104/0014/V03_S0069_I00000537_P1158,naturalistic/train/0104/0085/V03_S0069_I00000537_P1159,v03_pass,V03,naturalistic,639,V03,naturalistic,train,ipc_conversation,random draw from V03 files the current pipeline keeps,"{""flags_fired"": ""none"", ""fm1_knee_between_torso_p50"": 0.5455458811957516, ""fm2_longest_invalid_run_frames"": 0.0, ""fm2_smplh_valid_frac"": 1.0, ""fm3_static_frac"": 0.4708090075062552, ""fps"": 29.97, ""observed_duration_s"": 80.013267, ""raster"": ""2160x3840"", ""reproj_shoulder_widths_p50"": 0.057992189799362784, ""valid_frac_box"": 1.0, ""vendor"": ""V03"", ""verdict"": ""PASSES the current pipeline""}",render
vend_259,v03_pass_259_V03_S0730_I00000068_P2819_f0001178,V03_S0730_I00000068_P2819,naturalistic/train/0126/0114/V03_S0730_I00000068_P2819,naturalistic/train/0126/0057/V03_S0730_I00000068_P2707,v03_pass,V03,naturalistic,1178,V03,naturalistic,train,ipc_conversation,random draw from V03 files the current pipeline keeps,"{""flags_fired"": ""none"", ""fm1_knee_between_torso_p50"": 0.5629567059004756, ""fm2_longest_invalid_run_frames"": 0.0, ""fm2_smplh_valid_frac"": 1.0, ""fm3_static_frac"": 0.4611764705882353, ""fps"": 29.97, ""observed_duration_s"": 156.022167, ""raster"": ""2160x3840"", ""reproj_shoulder_widths_p50"": 0.14020698955294617, ""valid_frac_box"": 1.0, ""vendor"": ""V03"", ""verdict"": ""PASSES the current pipeline""}",render
vend_260,v03_pass_260_V03_S0443_I00000112_P1984_f0003284,V03_S0443_I00000112_P1984,naturalistic/train/0120/0071/V03_S0443_I00000112_P1984,naturalistic/train/0120/0142/V03_S0443_I00000112_P2091,v03_pass,V03,naturalistic,3284,V03,naturalistic,train,ipc_conversation,random draw from V03 files the current pipeline keeps,"{""flags_fired"": ""none"", ""fm1_knee_between_torso_p50"": 0.5867120971003105, ""fm2_longest_invalid_run_frames"": 0.0, ""fm2_smplh_valid_frac"": 1.0, ""fm3_static_frac"": 0.6097787046692156, ""fps"": 29.97, ""observed_duration_s"": 288.0207, ""raster"": ""2160x3840"", ""reproj_shoulder_widths_p50"": 0.038966091293682024, ""valid_frac_box"": 1.0, ""vendor"": ""V03"", ""verdict"": ""PASSES the current pipeline""}",render
vend_261,v03_pass_261_V03_S0067_I00000373_P1031_f0005929,V03_S0067_I00000373_P1031,naturalistic/train/0104/0051/V03_S0067_I00000373_P1031,naturalistic/train/0104/0085/V03_S0067_I00000373_P1154,v03_pass,V03,naturalistic,5929,V03,naturalistic,train,ipc_conversation,random draw from V03 files the current pipeline keeps,"{""flags_fired"": ""none"", ""fm1_knee_between_torso_p50"": 0.5616239039557681, ""fm2_longest_invalid_run_frames"": 0.0, ""fm2_smplh_valid_frac"": 1.0, ""fm3_static_frac"": 0.16180415828303152, ""fps"": 29.97, ""observed_duration_s"": 398.030967, ""raster"": ""2160x3840"", ""reproj_shoulder_widths_p50"": 0.15750700454263875, ""valid_frac_box"": 1.0, ""vendor"": ""V03"", ""verdict"": ""PASSES the current pipeline""}",render
vend_262,v03_pass_262_V03_S0250_I00000139_P1268_f0006034,V03_S0250_I00000139_P1268,naturalistic/train/0112/0031/V03_S0250_I00000139_P1268,naturalistic/train/0112/0022/V03_S0250_I00000139_P1286,v03_pass,V03,naturalistic,6034,V03,naturalistic,train,ipc_conversation,random draw from V03 files the current pipeline keeps,"{""flags_fired"": ""none"", ""fm1_knee_between_torso_p50"": 0.44831789019916723, ""fm2_longest_invalid_run_frames"": 0.0, ""fm2_smplh_valid_frac"": 1.0, ""fm3_static_frac"": 0.42776988105034786, ""fps"": 29.97, ""observed_duration_s"": 446.011867, ""raster"": ""2160x3840"", ""reproj_shoulder_widths_p50"": 0.07715659975827438, ""valid_frac_box"": 1.0, ""vendor"": ""V03"", ""verdict"": ""PASSES the current pipeline""}",render
vend_263,v03_pass_263_V03_S0345_I00000135_P1411_f0000853,V03_S0345_I00000135_P1411,improvised/train/0063/0114/V03_S0345_I00000135_P1411,improvised/train/0063/0103/V03_S0345_I00000135_P1322,v03_pass,V03,improvised,853,V03,improvised,train,collaborative_storytelling,random draw from V03 files the current pipeline keeps,"{""flags_fired"": ""none"", ""fm1_knee_between_torso_p50"": 0.5903366885032202, ""fm2_longest_invalid_run_frames"": 0.0, ""fm2_smplh_valid_frac"": 1.0, ""fm3_static_frac"": 0.12018819503849444, ""fps"": 29.97, ""observed_duration_s"": 78.011267, ""raster"": ""2160x3840"", ""reproj_shoulder_widths_p50"": 0.20167297451618516, ""valid_frac_box"": 1.0, ""vendor"": ""V03"", ""verdict"": ""PASSES the current pipeline""}",render
vend_264,v03_pass_264_V03_S0695_I00000477_P2000_f0005787,V03_S0695_I00000477_P2000,naturalistic/train/0125/0005/V03_S0695_I00000477_P2000,naturalistic/train/0125/0033/V03_S0695_I00000477_P2001,v03_pass,V03,naturalistic,5787,V03,naturalistic,train,ipc_conversation,random draw from V03 files the current pipeline keeps,"{""flags_fired"": ""none"", ""fm1_knee_between_torso_p50"": 0.6208318020358743, ""fm2_longest_invalid_run_frames"": 0.0, ""fm2_smplh_valid_frac"": 1.0, ""fm3_static_frac"": 0.5326011399972195, ""fps"": 29.97, ""observed_duration_s"": 240.006433, ""raster"": ""2160x3840"", ""reproj_shoulder_widths_p50"": 0.18788631840955333, ""valid_frac_box"": 1.0, ""vendor"": ""V03"", ""verdict"": ""PASSES the current pipeline""}",render
vend_265,v03_pass_265_V03_S0172_I00000307_P1370_f0000756,V03_S0172_I00000307_P1370,naturalistic/train/0109/0144/V03_S0172_I00000307_P1370,naturalistic/train/0109/0024/V03_S0172_I00000307_P1371,v03_pass,V03,naturalistic,756,V03,naturalistic,train,ipc_conversation,random draw from V03 files the current pipeline keeps,"{""flags_fired"": ""none"", ""fm1_knee_between_torso_p50"": 0.5571234004401093, ""fm2_longest_invalid_run_frames"": 0.0, ""fm2_smplh_valid_frac"": 1.0, ""fm3_static_frac"": 0.00965929048120829, ""fps"": 29.97, ""observed_duration_s"": 190.0228, ""raster"": ""2160x3840"", ""reproj_shoulder_widths_p50"": 0.15255132186366435, ""valid_frac_box"": 1.0, ""vendor"": ""V03"", ""verdict"": ""PASSES the current pipeline""}",render
vend_266,v03_pass_266_V03_S2143_I00000005_P5702_f0001267,V03_S2143_I00000005_P5702,naturalistic/train/0181/0015/V03_S2143_I00000005_P5702,naturalistic/train/0181/0089/V03_S2143_I00000005_P5555,v03_pass,V03,naturalistic,1267,V03,naturalistic,train,ipc_conversation,random draw from V03 files the current pipeline keeps,"{""flags_fired"": ""none"", ""fm1_knee_between_torso_p50"": 0.5788893695962596, ""fm2_longest_invalid_run_frames"": 0.0, ""fm2_smplh_valid_frac"": 1.0, ""fm3_static_frac"": 0.26251489868891537, ""fps"": 29.97, ""observed_duration_s"": 112.011533, ""raster"": ""2160x3840"", ""reproj_shoulder_widths_p50"": 0.1586021704006319, ""valid_frac_box"": 1.0, ""vendor"": ""V03"", ""verdict"": ""PASSES the current pipeline""}",render
vend_267,v03_pass_267_V03_S1533_I00000036_P4369_f0001380,V03_S1533_I00000036_P4369,naturalistic/train/0155/0119/V03_S1533_I00000036_P4369,naturalistic/train/0155/0048/V03_S1533_I00000036_P3969,v03_pass,V03,naturalistic,1380,V03,naturalistic,train,ipc_conversation,random draw from V03 files the current pipeline keeps,"{""flags_fired"": ""none"", ""fm1_knee_between_torso_p50"": 0.5659604766197638, ""fm2_longest_invalid_run_frames"": 0.0, ""fm2_smplh_valid_frac"": 1.0, ""fm3_static_frac"": 0.24086584861436647, ""fps"": 29.97, ""observed_duration_s"": 242.008067, ""raster"": ""2160x3840"", ""reproj_shoulder_widths_p50"": 0.2008038072662507, ""valid_frac_box"": 1.0, ""vendor"": ""V03"", ""verdict"": ""PASSES the current pipeline""}",render
vend_268,v03_pass_268_V03_S1620_I00000009_P4370_f0008993,V03_S1620_I00000009_P4370,naturalistic/train/0159/0006/V03_S1620_I00000009_P4370,naturalistic/train/0159/0117/V03_S1620_I00000009_P4679,v03_pass,V03,naturalistic,8993,V03,naturalistic,train,ipc_conversation,random draw from V03 files the current pipeline keeps,"{""flags_fired"": ""none"", ""fm1_knee_between_torso_p50"": 0.5339529658255914, ""fm2_longest_invalid_run_frames"": 0.0, ""fm2_smplh_valid_frac"": 1.0, ""fm3_static_frac"": 0.33565051953753844, ""fps"": 29.97, ""observed_duration_s"": 456.021867, ""raster"": ""2160x3840"", ""reproj_shoulder_widths_p50"": 0.06444560952820931, ""valid_frac_box"": 1.0, ""vendor"": ""V03"", ""verdict"": ""PASSES the current pipeline""}",render
vend_269,v03_pass_269_V03_S0246_I00000135_P1456_f0001094,V03_S0246_I00000135_P1456,naturalistic/train/0112/0032/V03_S0246_I00000135_P1456,naturalistic/train/0112/0113/V03_S0246_I00000135_P1457,v03_pass,V03,naturalistic,1094,V03,naturalistic,train,collaborative_storytelling,random draw from V03 files the current pipeline keeps,"{""flags_fired"": ""none"", ""fm1_knee_between_torso_p50"": 0.5381476122307, ""fm2_longest_invalid_run_frames"": 0.0, ""fm2_smplh_valid_frac"": 1.0, ""fm3_static_frac"": 0.6411889596602972, ""fps"": 29.97, ""observed_duration_s"": 110.0099, ""raster"": ""2160x3840"", ""reproj_shoulder_widths_p50"": 0.15879173894369883, ""valid_frac_box"": 1.0, ""vendor"": ""V03"", ""verdict"": ""PASSES the current pipeline""}",render
vend_270,v03_pass_270_V03_S1285_I00000071_P3923_f0001009,V03_S1285_I00000071_P3923,naturalistic/train/0144/0084/V03_S1285_I00000071_P3923,naturalistic/train/0144/0004/V03_S1285_I00000071_P3681,v03_pass,V03,naturalistic,1009,V03,naturalistic,train,ipc_conversation,random draw from V03 files the current pipeline keeps,"{""flags_fired"": ""none"", ""fm1_knee_between_torso_p50"": 0.5864566730825169, ""fm2_longest_invalid_run_frames"": 0.0, ""fm2_smplh_valid_frac"": 1.0, ""fm3_static_frac"": 0.5548886737657309, ""fps"": 29.97, ""observed_duration_s"": 172.317, ""raster"": ""2160x3840"", ""reproj_shoulder_widths_p50"": 0.05589024040320526, ""valid_frac_box"": 1.0, ""vendor"": ""V03"", ""verdict"": ""PASSES the current pipeline""}",render
vend_271,v03_pass_271_V03_S1292_I00000131_P1744_f0002671,V03_S1292_I00000131_P1744,improvised/train/0066/0149/V03_S1292_I00000131_P1744,improvised/train/0066/0097/V03_S1292_I00000131_P3675,v03_pass,V03,improvised,2671,V03,improvised,train,ipc_conversation,random draw from V03 files the current pipeline keeps,"{""flags_fired"": ""none"", ""fm1_knee_between_torso_p50"": 0.5972523966868967, ""fm2_longest_invalid_run_frames"": 0.0, ""fm2_smplh_valid_frac"": 1.0, ""fm3_static_frac"": 0.03323848939472323, ""fps"": 29.97, ""observed_duration_s"": 258.024067, ""raster"": ""2160x3840"", ""reproj_shoulder_widths_p50"": 0.08225137709680655, ""valid_frac_box"": 1.0, ""vendor"": ""V03"", ""verdict"": ""PASSES the current pipeline""}",render
vend_272,v03_pass_272_V03_S0318_I00000509_P1400_f0002673,V03_S0318_I00000509_P1400,naturalistic/train/0115/0035/V03_S0318_I00000509_P1400,naturalistic/train/0115/0000/V03_S0318_I00000509_P1785,v03_pass,V03,naturalistic,2673,V03,naturalistic,train,grounded_gesture,random draw from V03 files the current pipeline keeps,"{""flags_fired"": ""none"", ""fm1_knee_between_torso_p50"": 0.6303741295406633, ""fm2_longest_invalid_run_frames"": 0.0, ""fm2_smplh_valid_frac"": 1.0, ""fm3_static_frac"": 0.16946357551653896, ""fps"": 29.97, ""observed_duration_s"": 344.009967, ""raster"": ""2160x3840"", ""reproj_shoulder_widths_p50"": 0.22184072731706445, ""valid_frac_box"": 1.0, ""vendor"": ""V03"", ""verdict"": ""PASSES the current pipeline""}",render
vend_273,v03_pass_273_V03_S0306_I00000383_P1754_f0002081,V03_S0306_I00000383_P1754,naturalistic/train/0114/0021/V03_S0306_I00000383_P1754,naturalistic/train/0114/0009/V03_S0306_I00000383_P1755,v03_pass,V03,naturalistic,2081,V03,naturalistic,train,ipc_conversation,random draw from V03 files the current pipeline keeps,"{""flags_fired"": ""none"", ""fm1_knee_between_torso_p50"": 0.6255361088090124, ""fm2_longest_invalid_run_frames"": 0.0, ""fm2_smplh_valid_frac"": 1.0, ""fm3_static_frac"": 0.3622881355932203, ""fps"": 29.97, ""observed_duration_s"": 126.0259, ""raster"": ""2160x3840"", ""reproj_shoulder_widths_p50"": 0.13131329404449582, ""valid_frac_box"": 1.0, ""vendor"": ""V03"", ""verdict"": ""PASSES the current pipeline""}",render
vend_274,v03_pass_274_V03_S0151_I00000135_P1324_f0000707,V03_S0151_I00000135_P1324,naturalistic/train/0108/0119/V03_S0151_I00000135_P1324,naturalistic/train/0108/0004/V03_S0151_I00000135_P1287,v03_pass,V03,naturalistic,707,V03,naturalistic,train,collaborative_storytelling,random draw from V03 files the current pipeline keeps,"{""flags_fired"": ""none"", ""fm1_knee_between_torso_p50"": 0.46395933826346203, ""fm2_longest_invalid_run_frames"": 0.0, ""fm2_smplh_valid_frac"": 1.0, ""fm3_static_frac"": 0.6900910010111223, ""fps"": 29.97, ""observed_duration_s"": 66.032267, ""raster"": ""2160x3840"", ""reproj_shoulder_widths_p50"": 0.08591319864746522, ""valid_frac_box"": 1.0, ""vendor"": ""V03"", ""verdict"": ""PASSES the current pipeline""}",render
vend_275,v03_flagged_275_V03_S1830_I00000239_P5056_f0001430,V03_S1830_I00000239_P5056,naturalistic/train/0168/0125/V03_S1830_I00000239_P5056,naturalistic/train/0168/0053/V03_S1830_I00000239_P5057,v03_flagged,V03,naturalistic,1430,V03,naturalistic,train,ipc_conversation,random draw from V03 files the current pipeline rejects,"{""flags_fired"": ""fm2_smplh_invalid"", ""fm1_knee_between_torso_p50"": 0.5203349551304117, ""fm2_longest_invalid_run_frames"": 1270.0, ""fm2_smplh_valid_frac"": 0.7737285390346614, ""fm3_static_frac"": 0.15014577259475217, ""fps"": 29.97, ""observed_duration_s"": 206.0058, ""raster"": ""2160x3840"", ""reproj_shoulder_widths_p50"": 0.11780932655919552, ""valid_frac_box"": 1.0, ""vendor"": ""V03"", ""verdict"": ""REJECTED by fm2_smplh_invalid""}",render
vend_276,v03_flagged_276_V03_S0176_I00000307_P1259_f0002795,V03_S0176_I00000307_P1259,naturalistic/train/0109/0041/V03_S0176_I00000307_P1259,naturalistic/train/0109/0047/V03_S0176_I00000307_P1378,v03_flagged,V03,naturalistic,2795,V03,naturalistic,train,ipc_conversation,random draw from V03 files the current pipeline rejects,"{""flags_fired"": ""fm1_sitting+fm2_smplh_invalid"", ""fm1_knee_between_torso_p50"": 0.5683814385615035, ""fm2_longest_invalid_run_frames"": 658.0, ""fm2_smplh_valid_frac"": 0.8376028202115159, ""fm3_static_frac"": 0.3245593419506463, ""fps"": 29.97, ""observed_duration_s"": 142.008167, ""raster"": ""2160x3840"", ""reproj_shoulder_widths_p50"": 0.10643000781851283, ""valid_frac_box"": 1.0, ""vendor"": ""V03"", ""verdict"": ""REJECTED by fm1_sitting+fm2_smplh_invalid""}",render
vend_277,v03_flagged_277_V03_S1722_I00000088_P1892_f0006219,V03_S1722_I00000088_P1892,naturalistic/train/0164/0058/V03_S1722_I00000088_P1892,naturalistic/train/0164/0095/V03_S1722_I00000088_P1369,v03_flagged,V03,naturalistic,6219,V03,naturalistic,train,collaborative_storytelling,random draw from V03 files the current pipeline rejects,"{""flags_fired"": ""fm2_smplh_invalid"", ""fm1_knee_between_torso_p50"": 0.616564791850257, ""fm2_longest_invalid_run_frames"": 2841.0, ""fm2_smplh_valid_frac"": 0.50366250678242, ""fm3_static_frac"": 0.0, ""fps"": 29.97, ""observed_duration_s"": 246.012067, ""raster"": ""2160x3840"", ""reproj_shoulder_widths_p50"": 0.15859678581520953, ""valid_frac_box"": 1.0, ""vendor"": ""V03"", ""verdict"": ""REJECTED by fm2_smplh_invalid""}",render
vend_278,v03_flagged_278_V03_S0923_I00000397_P3168_f0001457,V03_S0923_I00000397_P3168,naturalistic/train/0129/0100/V03_S0923_I00000397_P3168,naturalistic/train/0129/0043/V03_S0923_I00000397_P3169,v03_flagged,V03,naturalistic,1457,V03,naturalistic,train,ipc_conversation,random draw from V03 files the current pipeline rejects,"{""flags_fired"": ""fm2_smplh_invalid"", ""fm1_knee_between_torso_p50"": 0.6461865000493492, ""fm2_longest_invalid_run_frames"": 3039.0, ""fm2_smplh_valid_frac"": 0.5366785532348446, ""fm3_static_frac"": 0.0, ""fps"": 29.97, ""observed_duration_s"": 262.028067, ""raster"": ""2160x3840"", ""reproj_shoulder_widths_p50"": 0.13158988163296975, ""valid_frac_box"": 1.0, ""vendor"": ""V03"", ""verdict"": ""REJECTED by fm2_smplh_invalid""}",render
vend_279,v03_flagged_279_V03_S1073_I00000110_P3561_f0004731,V03_S1073_I00000110_P3561,naturalistic/train/0135/0128/V03_S1073_I00000110_P3561,naturalistic/train/0135/0004/V03_S1073_I00000110_P3558,v03_flagged,V03,naturalistic,4731,V03,naturalistic,train,ipc_conversation,random draw from V03 files the current pipeline rejects,"{""flags_fired"": ""fm2_smplh_invalid"", ""fm1_knee_between_torso_p50"": 0.5699794528206081, ""fm2_longest_invalid_run_frames"": 16.0, ""fm2_smplh_valid_frac"": 0.9543245869776482, ""fm3_static_frac"": 0.0, ""fps"": 29.97, ""observed_duration_s"": 206.0058, ""raster"": ""2160x3840"", ""reproj_shoulder_widths_p50"": 0.15289526392457153, ""valid_frac_box"": 1.0, ""vendor"": ""V03"", ""verdict"": ""REJECTED by fm2_smplh_invalid""}",render
vend_280,v03_flagged_280_V03_S2033_I00000020_P5240_f0001429,V03_S2033_I00000020_P5240,naturalistic/train/0177/0033/V03_S2033_I00000020_P5240,naturalistic/train/0177/0063/V03_S2033_I00000020_P5514,v03_flagged,V03,naturalistic,1429,V03,naturalistic,train,ipc_conversation,random draw from V03 files the current pipeline rejects,"{""flags_fired"": ""fm2_smplh_invalid"", ""fm1_knee_between_torso_p50"": 0.609816746923736, ""fm2_longest_invalid_run_frames"": 2895.0, ""fm2_smplh_valid_frac"": 0.09957401490947816, ""fm3_static_frac"": 0.4597089101881434, ""fps"": 29.97, ""observed_duration_s"": 188.0208, ""raster"": ""2160x3840"", ""reproj_shoulder_widths_p50"": 0.21184002705901245, ""valid_frac_box"": 1.0, ""vendor"": ""V03"", ""verdict"": ""REJECTED by fm2_smplh_invalid""}",render
vend_281,v03_flagged_281_V03_S1025_I00000086_P2921_f0000772,V03_S1025_I00000086_P2921,naturalistic/train/0133/0018/V03_S1025_I00000086_P2921,naturalistic/train/0133/0044/V03_S1025_I00000086_P2641,v03_flagged,V03,naturalistic,772,V03,naturalistic,train,ipc_conversation,random draw from V03 files the current pipeline rejects,"{""flags_fired"": ""fm2_smplh_invalid"", ""fm1_knee_between_torso_p50"": 0.5842381855002602, ""fm2_longest_invalid_run_frames"": 2948.0, ""fm2_smplh_valid_frac"": 0.47506019951840384, ""fm3_static_frac"": 0.428226779252111, ""fps"": 29.97, ""observed_duration_s"": 194.0268, ""raster"": ""2160x3840"", ""reproj_shoulder_widths_p50"": 0.12757581379918792, ""valid_frac_box"": 1.0, ""vendor"": ""V03"", ""verdict"": ""REJECTED by fm2_smplh_invalid""}",render
vend_282,v03_flagged_282_V03_S0514_I00000373_P1430_f0001224,V03_S0514_I00000373_P1430,naturalistic/train/0122/0115/V03_S0514_I00000373_P1430,naturalistic/train/0122/0038/V03_S0514_I00000373_P1331,v03_flagged,V03,naturalistic,1224,V03,naturalistic,train,ipc_conversation,random draw from V03 files the current pipeline rejects,"{""flags_fired"": ""fm2_smplh_invalid"", ""fm1_knee_between_torso_p50"": 0.6833396394285246, ""fm2_longest_invalid_run_frames"": 284.0, ""fm2_smplh_valid_frac"": 0.8302745335962385, ""fm3_static_frac"": 0.0013650841801911117, ""fps"": 29.97, ""observed_duration_s"": 220.0198, ""raster"": ""2160x3840"", ""reproj_shoulder_widths_p50"": 0.07339405670901546, ""valid_frac_box"": 1.0, ""vendor"": ""V03"", ""verdict"": ""REJECTED by fm2_smplh_invalid""}",render
vend_283,v03_flagged_283_V03_S0030_I00000130_P1045_f0005236,V03_S0030_I00000130_P1045,naturalistic/train/0103/0027/V03_S0030_I00000130_P1045,naturalistic/train/0103/0052/V03_S0030_I00000130_P1083,v03_flagged,V03,naturalistic,5236,V03,naturalistic,train,ipc_conversation,random draw from V03 files the current pipeline rejects,"{""flags_fired"": ""fm3_static_hands"", ""fm1_knee_between_torso_p50"": 0.5976265477153674, ""fm2_longest_invalid_run_frames"": 0.0, ""fm2_smplh_valid_frac"": 1.0, ""fm3_static_frac"": 0.8018121674097511, ""fps"": 29.97, ""observed_duration_s"": 232.031433, ""raster"": ""2160x3840"", ""reproj_shoulder_widths_p50"": 0.17940823528526273, ""valid_frac_box"": 1.0, ""vendor"": ""V03"", ""verdict"": ""REJECTED by fm3_static_hands""}",render
vend_284,v03_flagged_284_V03_S0514_I00000375_P1430_f0003403,V03_S0514_I00000375_P1430,naturalistic/train/0122/0011/V03_S0514_I00000375_P1430,naturalistic/train/0122/0075/V03_S0514_I00000375_P1331,v03_flagged,V03,naturalistic,3403,V03,naturalistic,train,ipc_conversation,random draw from V03 files the current pipeline rejects,"{""flags_fired"": ""fm2_smplh_invalid"", ""fm1_knee_between_torso_p50"": 0.7336469990654271, ""fm2_longest_invalid_run_frames"": 58.0, ""fm2_smplh_valid_frac"": 0.8730127576054956, ""fm3_static_frac"": 0.0, ""fps"": 29.97, ""observed_duration_s"": 170.003167, ""raster"": ""2160x3840"", ""reproj_shoulder_widths_p50"": 0.11476498477261325, ""valid_frac_box"": 1.0, ""vendor"": ""V03"", ""verdict"": ""REJECTED by fm2_smplh_invalid""}",render
vend_285,v03_flagged_285_V03_S1339_I00000422_P3930_f0002824,V03_S1339_I00000422_P3930,naturalistic/train/0146/0108/V03_S1339_I00000422_P3930,naturalistic/train/0146/0113/V03_S1339_I00000422_P3955,v03_flagged,V03,naturalistic,2824,V03,naturalistic,train,ipc_conversation,random draw from V03 files the current pipeline rejects,"{""flags_fired"": ""fm1_sitting+fm2_smplh_invalid"", ""fm1_knee_between_torso_p50"": 0.30142257947359175, ""fm2_longest_invalid_run_frames"": 7.0, ""fm2_smplh_valid_frac"": 0.995829244357213, ""fm3_static_frac"": 0.0004906771344455348, ""fps"": 29.97, ""observed_duration_s"": 136.002533, ""raster"": ""2160x3840"", ""reproj_shoulder_widths_p50"": 0.08411587793607389, ""valid_frac_box"": 1.0, ""vendor"": ""V03"", ""verdict"": ""REJECTED by fm1_sitting+fm2_smplh_invalid""}",render
vend_286,v03_flagged_286_V03_S1259_I00000242_P3896_f0000666,V03_S1259_I00000242_P3896,naturalistic/train/0142/0082/V03_S1259_I00000242_P3896,naturalistic/train/0142/0033/V03_S1259_I00000242_P2534,v03_flagged,V03,naturalistic,666,V03,naturalistic,train,ipc_conversation,random draw from V03 files the current pipeline rejects,"{""flags_fired"": ""fm2_smplh_invalid"", ""fm1_knee_between_torso_p50"": 0.5169566851222986, ""fm2_longest_invalid_run_frames"": 126.0, ""fm2_smplh_valid_frac"": 0.8196571428571429, ""fm3_static_frac"": 0.0016, ""fps"": 29.97, ""observed_duration_s"": 146.012167, ""raster"": ""2160x3840"", ""reproj_shoulder_widths_p50"": 0.12141400589380807, ""valid_frac_box"": 1.0, ""vendor"": ""V03"", ""verdict"": ""REJECTED by fm2_smplh_invalid""}",render
vend_287,v03_flagged_287_V03_S2035_I00000267_P5531_f0008463,V03_S2035_I00000267_P5531,naturalistic/train/0177/0061/V03_S2035_I00000267_P5531,naturalistic/train/0177/0077/V03_S2035_I00000267_P3854,v03_flagged,V03,naturalistic,8463,V03,naturalistic,train,ipc_conversation,random draw from V03 files the current pipeline rejects,"{""flags_fired"": ""fm2_smplh_invalid"", ""fm1_knee_between_torso_p50"": 0.5823933281595801, ""fm2_longest_invalid_run_frames"": 1352.0, ""fm2_smplh_valid_frac"": 0.4641279811561488, ""fm3_static_frac"": 0.29639807635685544, ""fps"": 29.97, ""observed_duration_s"": 340.005967, ""raster"": ""2160x3840"", ""reproj_shoulder_widths_p50"": 0.22571904735749188, ""valid_frac_box"": 1.0, ""vendor"": ""V03"", ""verdict"": ""REJECTED by fm2_smplh_invalid""}",render
vend_288,v03_flagged_288_V03_S1083_I00000233_P3084_f0001587,V03_S1083_I00000233_P3084,naturalistic/train/0136/0073/V03_S1083_I00000233_P3084,naturalistic/train/0136/0106/V03_S1083_I00000233_P3581,v03_flagged,V03,naturalistic,1587,V03,naturalistic,train,ipc_conversation,random draw from V03 files the current pipeline rejects,"{""flags_fired"": ""fm2_smplh_invalid"", ""fm1_knee_between_torso_p50"": 0.583545284596754, ""fm2_longest_invalid_run_frames"": 110.0, ""fm2_smplh_valid_frac"": 0.9648763354309966, ""fm3_static_frac"": 0.00600204948031035, ""fps"": 29.97, ""observed_duration_s"": 228.0278, ""raster"": ""2160x3840"", ""reproj_shoulder_widths_p50"": 0.19200248459599553, ""valid_frac_box"": 1.0, ""vendor"": ""V03"", ""verdict"": ""REJECTED by fm2_smplh_invalid""}",render
vend_289,v03_flagged_289_V03_S1733_I00000135_P1290_f0002473,V03_S1733_I00000135_P1290,improvised/train/0068/0142/V03_S1733_I00000135_P1290,improvised/train/0068/0039/V03_S1733_I00000135_P4938,v03_flagged,V03,improvised,2473,V03,improvised,train,collaborative_storytelling,random draw from V03 files the current pipeline rejects,"{""flags_fired"": ""fm2_smplh_invalid"", ""fm1_knee_between_torso_p50"": 0.5358617305034451, ""fm2_longest_invalid_run_frames"": 105.0, ""fm2_smplh_valid_frac"": 0.8766748701121138, ""fm3_static_frac"": 0.04156412359857807, ""fps"": 29.97, ""observed_duration_s"": 122.0219, ""raster"": ""2160x3840"", ""reproj_shoulder_widths_p50"": 0.08729986452393418, ""valid_frac_box"": 1.0, ""vendor"": ""V03"", ""verdict"": ""REJECTED by fm2_smplh_invalid""}",render
vend_290,v03_flagged_290_V03_S1441_I00000408_P4403_f0002284,V03_S1441_I00000408_P4403,naturalistic/train/0151/0088/V03_S1441_I00000408_P4403,naturalistic/train/0151/0051/V03_S1441_I00000408_P4402,v03_flagged,V03,naturalistic,2284,V03,naturalistic,train,ipc_conversation,random draw from V03 files the current pipeline rejects,"{""flags_fired"": ""fm2_smplh_invalid"", ""fm1_knee_between_torso_p50"": 0.659158874931762, ""fm2_longest_invalid_run_frames"": 102.0, ""fm2_smplh_valid_frac"": 0.9769165964616681, ""fm3_static_frac"": 0.00033698399326032014, ""fps"": 29.97, ""observed_duration_s"": 198.031167, ""raster"": ""2160x3840"", ""reproj_shoulder_widths_p50"": 0.18502628182156372, ""valid_frac_box"": 1.0, ""vendor"": ""V03"", ""verdict"": ""REJECTED by fm2_smplh_invalid""}",render
vend_291,v03_flagged_291_V03_S1860_I00000222_P5232_f0003106,V03_S1860_I00000222_P5232,naturalistic/train/0170/0079/V03_S1860_I00000222_P5232,naturalistic/train/0170/0063/V03_S1860_I00000222_P5218,v03_flagged,V03,naturalistic,3106,V03,naturalistic,train,ipc_conversation,random draw from V03 files the current pipeline rejects,"{""flags_fired"": ""fm2_smplh_invalid"", ""fm1_knee_between_torso_p50"": 0.5679825096412838, ""fm2_longest_invalid_run_frames"": 1.0, ""fm2_smplh_valid_frac"": 0.9998314796090327, ""fm3_static_frac"": 0.0003370407819346141, ""fps"": 29.97, ""observed_duration_s"": 198.0308, ""raster"": ""2160x3840"", ""reproj_shoulder_widths_p50"": 0.12927564884490522, ""valid_frac_box"": 1.0, ""vendor"": ""V03"", ""verdict"": ""REJECTED by fm2_smplh_invalid""}",render
vend_292,v03_flagged_292_V03_S0079_I00000520_P1180_f0006078,V03_S0079_I00000520_P1180,improvised/train/0062/0115/V03_S0079_I00000520_P1180,improvised/train/0062/0014/V03_S0079_I00000520_P1031,v03_flagged,V03,improvised,6078,V03,improvised,train,grounded_gesture,random draw from V03 files the current pipeline rejects,"{""flags_fired"": ""fm2_smplh_invalid"", ""fm1_knee_between_torso_p50"": 0.540433286515992, ""fm2_longest_invalid_run_frames"": 142.0, ""fm2_smplh_valid_frac"": 0.9871945170890071, ""fm3_static_frac"": 0.03634232121922626, ""fps"": 29.97, ""observed_duration_s"": 370.0026, ""raster"": ""2160x3840"", ""reproj_shoulder_widths_p50"": 0.0773142164948911, ""valid_frac_box"": 1.0, ""vendor"": ""V03"", ""verdict"": ""REJECTED by fm2_smplh_invalid""}",render
vend_293,v03_flagged_293_V03_S1125_I00000388_P2884_f0002122,V03_S1125_I00000388_P2884,naturalistic/train/0137/0044/V03_S1125_I00000388_P2884,naturalistic/train/0137/0071/V03_S1125_I00000388_P1961,v03_flagged,V03,naturalistic,2122,V03,naturalistic,train,ipc_conversation,random draw from V03 files the current pipeline rejects,"{""flags_fired"": ""fm2_smplh_invalid"", ""fm1_knee_between_torso_p50"": 0.6195536867000266, ""fm2_longest_invalid_run_frames"": 42.0, ""fm2_smplh_valid_frac"": 0.9428060768543343, ""fm3_static_frac"": 0.002383080131069407, ""fps"": 29.97, ""observed_duration_s"": 112.0119, ""raster"": ""2160x3840"", ""reproj_shoulder_widths_p50"": 0.17622659693546924, ""valid_frac_box"": 1.0, ""vendor"": ""V03"", ""verdict"": ""REJECTED by fm2_smplh_invalid""}",render
vend_294,v03_flagged_294_V03_S2068_I00000002_P5215_f0006790,V03_S2068_I00000002_P5215,naturalistic/train/0178/0101/V03_S2068_I00000002_P5215,naturalistic/train/0178/0087/V03_S2068_I00000002_P5619,v03_flagged,V03,naturalistic,6790,V03,naturalistic,train,ipc_conversation,random draw from V03 files the current pipeline rejects,"{""flags_fired"": ""fm1_sitting+fm2_smplh_invalid"", ""fm1_knee_between_torso_p50"": 0.4197973428412995, ""fm2_longest_invalid_run_frames"": 10.0, ""fm2_smplh_valid_frac"": 0.9953081013450109, ""fm3_static_frac"": 0.019393181107288084, ""fps"": 29.97, ""observed_duration_s"": 320.0197, ""raster"": ""2160x3840"", ""reproj_shoulder_widths_p50"": 0.058418343740174516, ""valid_frac_box"": 1.0, ""vendor"": ""V03"", ""verdict"": ""REJECTED by fm1_sitting+fm2_smplh_invalid""}",render
vend_295,v03_flagged_295_V03_S1258_I00000116_P3898_f0003183,V03_S1258_I00000116_P3898,naturalistic/train/0142/0108/V03_S1258_I00000116_P3898,naturalistic/train/0142/0037/V03_S1258_I00000116_P2534,v03_flagged,V03,naturalistic,3183,V03,naturalistic,train,ipc_conversation,random draw from V03 files the current pipeline rejects,"{""flags_fired"": ""fm2_smplh_invalid"", ""fm1_knee_between_torso_p50"": 0.5882239045509899, ""fm2_longest_invalid_run_frames"": 32.0, ""fm2_smplh_valid_frac"": 0.9930675909878682, ""fm3_static_frac"": 0.2874783362218371, ""fps"": 29.97, ""observed_duration_s"": 154.020533, ""raster"": ""2160x3840"", ""reproj_shoulder_widths_p50"": 0.08894914267237897, ""valid_frac_box"": 1.0, ""vendor"": ""V03"", ""verdict"": ""REJECTED by fm2_smplh_invalid""}",render
vend_296,v03_flagged_296_V03_S1628_I00000242_P4281_f0005989,V03_S1628_I00000242_P4281,naturalistic/train/0159/0063/V03_S1628_I00000242_P4281,naturalistic/train/0159/0024/V03_S1628_I00000242_P4643,v03_flagged,V03,naturalistic,5989,V03,naturalistic,train,ipc_conversation,random draw from V03 files the current pipeline rejects,"{""flags_fired"": ""fm2_smplh_invalid"", ""fm1_knee_between_torso_p50"": 0.555540428564426, ""fm2_longest_invalid_run_frames"": 1218.0, ""fm2_smplh_valid_frac"": 0.43623768172504634, ""fm3_static_frac"": 0.10791296711874329, ""fps"": 29.97, ""observed_duration_s"": 342.007967, ""raster"": ""2160x3840"", ""reproj_shoulder_widths_p50"": 0.12550350731775678, ""valid_frac_box"": 1.0, ""vendor"": ""V03"", ""verdict"": ""REJECTED by fm2_smplh_invalid""}",render
vend_297,v03_flagged_297_V03_S0123_I00000500_P1270_f0001273,V03_S0123_I00000500_P1270,naturalistic/train/0106/0015/V03_S0123_I00000500_P1270,naturalistic/train/0106/0033/V03_S0123_I00000500_P1271,v03_flagged,V03,naturalistic,1273,V03,naturalistic,train,ipc_conversation,random draw from V03 files the current pipeline rejects,"{""flags_fired"": ""fm3_static_hands"", ""fm1_knee_between_torso_p50"": 0.6730203703958177, ""fm2_longest_invalid_run_frames"": 0.0, ""fm2_smplh_valid_frac"": 1.0, ""fm3_static_frac"": 0.8442822384428224, ""fps"": 29.97, ""observed_duration_s"": 96.0289, ""raster"": ""2160x3840"", ""reproj_shoulder_widths_p50"": 0.08832589798941788, ""valid_frac_box"": 1.0, ""vendor"": ""V03"", ""verdict"": ""REJECTED by fm3_static_hands""}",render
vend_298,v03_flagged_298_V03_S1336_I00000147_P1208_f0004759,V03_S1336_I00000147_P1208,naturalistic/train/0146/0071/V03_S1336_I00000147_P1208,naturalistic/train/0146/0022/V03_S1336_I00000147_P4012,v03_flagged,V03,naturalistic,4759,V03,naturalistic,train,ipc_conversation,random draw from V03 files the current pipeline rejects,"{""flags_fired"": ""fm2_smplh_invalid"", ""fm1_knee_between_torso_p50"": 0.5634219233497765, ""fm2_longest_invalid_run_frames"": 2959.0, ""fm2_smplh_valid_frac"": 0.35903836048344717, ""fm3_static_frac"": 0.5287703625853915, ""fps"": 29.97, ""observed_duration_s"": 254.020067, ""raster"": ""2160x3840"", ""reproj_shoulder_widths_p50"": 0.18182161220138326, ""valid_frac_box"": 1.0, ""vendor"": ""V03"", ""verdict"": ""REJECTED by fm2_smplh_invalid""}",render
vend_299,v03_flagged_299_V03_S0205_I00000386_P1449_f0000716,V03_S0205_I00000386_P1449,naturalistic/train/0110/0127/V03_S0205_I00000386_P1449,naturalistic/train/0110/0095/V03_S0205_I00000386_P1211,v03_flagged,V03,naturalistic,716,V03,naturalistic,train,ipc_conversation,random draw from V03 files the current pipeline rejects,"{""flags_fired"": ""fm1_sitting+fm2_smplh_invalid"", ""fm1_knee_between_torso_p50"": 0.5967062123863678, ""fm2_longest_invalid_run_frames"": 97.0, ""fm2_smplh_valid_frac"": 0.9379272627837025, ""fm3_static_frac"": 0.02023516543614985, ""fps"": 29.97, ""observed_duration_s"": 122.021533, ""raster"": ""2160x3840"", ""reproj_shoulder_widths_p50"": 0.07791039753754089, ""valid_frac_box"": 1.0, ""vendor"": ""V03"", ""verdict"": ""REJECTED by fm1_sitting+fm2_smplh_invalid""}",render
vend_300,v03_flagged_300_V03_S1668_I00000021_P4789_f0007416,V03_S1668_I00000021_P4789,naturalistic/train/0161/0047/V03_S1668_I00000021_P4789,naturalistic/train/0161/0048/V03_S1668_I00000021_P4788,v03_flagged,V03,naturalistic,7416,V03,naturalistic,train,ipc_conversation,random draw from V03 files the current pipeline rejects,"{""flags_fired"": ""fm1_sitting+fm2_smplh_invalid"", ""fm1_knee_between_torso_p50"": 0.5567389753155434, ""fm2_longest_invalid_run_frames"": 491.0, ""fm2_smplh_valid_frac"": 0.7671657754010696, ""fm3_static_frac"": 0.001711229946524064, ""fps"": 29.97, ""observed_duration_s"": 312.011333, ""raster"": ""2160x3840"", ""reproj_shoulder_widths_p50"": 0.1300830997818661, ""valid_frac_box"": 1.0, ""vendor"": ""V03"", ""verdict"": ""REJECTED by fm1_sitting+fm2_smplh_invalid""}",render
vend_301,v03_flagged_301_V03_S1973_I00000024_P5407_f0004708,V03_S1973_I00000024_P5407,naturalistic/train/0174/0005/V03_S1973_I00000024_P5407,naturalistic/train/0174/0011/V03_S1973_I00000024_P5400,v03_flagged,V03,naturalistic,4708,V03,naturalistic,train,ipc_conversation,random draw from V03 files the current pipeline rejects,"{""flags_fired"": ""fm2_smplh_invalid"", ""fm1_knee_between_torso_p50"": 0.6187597125907193, ""fm2_longest_invalid_run_frames"": 1583.0, ""fm2_smplh_valid_frac"": 0.6903827281648676, ""fm3_static_frac"": 0.047432122996401704, ""fps"": 29.97, ""observed_duration_s"": 204.003433, ""raster"": ""2160x3840"", ""reproj_shoulder_widths_p50"": 0.15282573458439822, ""valid_frac_box"": 1.0, ""vendor"": ""V03"", ""verdict"": ""REJECTED by fm2_smplh_invalid""}",render
vend_302,v03_flagged_302_V03_S0394_I00000054_P2078_f0001593,V03_S0394_I00000054_P2078,naturalistic/train/0118/0064/V03_S0394_I00000054_P2078,naturalistic/train/0118/0120/V03_S0394_I00000054_P1989,v03_flagged,V03,naturalistic,1593,V03,naturalistic,train,ipc_conversation,random draw from V03 files the current pipeline rejects,"{""flags_fired"": ""fm2_smplh_invalid"", ""fm1_knee_between_torso_p50"": 0.5872941688248278, ""fm2_longest_invalid_run_frames"": 1.0, ""fm2_smplh_valid_frac"": 0.9997433264887063, ""fm3_static_frac"": 0.2825975359342916, ""fps"": 29.97, ""observed_duration_s"": 130.0299, ""raster"": ""2160x3840"", ""reproj_shoulder_widths_p50"": 0.16413547571667814, ""valid_frac_box"": 1.0, ""vendor"": ""V03"", ""verdict"": ""REJECTED by fm2_smplh_invalid""}",render
vend_303,v03_flagged_303_V03_S1510_I00000238_P4267_f0004684,V03_S1510_I00000238_P4267,naturalistic/train/0153/0022/V03_S1510_I00000238_P4267,naturalistic/train/0153/0033/V03_S1510_I00000238_P4266,v03_flagged,V03,naturalistic,4684,V03,naturalistic,train,ipc_conversation,random draw from V03 files the current pipeline rejects,"{""flags_fired"": ""fm2_smplh_invalid"", ""fm1_knee_between_torso_p50"": 0.5246902168059775, ""fm2_longest_invalid_run_frames"": 1558.0, ""fm2_smplh_valid_frac"": 0.7210235825388861, ""fm3_static_frac"": 0.0015052684395383843, ""fps"": 29.97, ""observed_duration_s"": 266.032067, ""raster"": ""2160x3840"", ""reproj_shoulder_widths_p50"": 0.07717181533551472, ""valid_frac_box"": 1.0, ""vendor"": ""V03"", ""verdict"": ""REJECTED by fm2_smplh_invalid""}",render
vend_304,v03_flagged_304_V03_S0441_I00000226_P2066_f0004513,V03_S0441_I00000226_P2066,naturalistic/train/0120/0051/V03_S0441_I00000226_P2066,naturalistic/train/0120/0130/V03_S0441_I00000226_P2067,v03_flagged,V03,naturalistic,4513,V03,naturalistic,train,ipc_conversation,random draw from V03 files the current pipeline rejects,"{""flags_fired"": ""fm2_smplh_invalid"", ""fm1_knee_between_torso_p50"": 0.567867162923476, ""fm2_longest_invalid_run_frames"": 8.0, ""fm2_smplh_valid_frac"": 0.9954954954954955, ""fm3_static_frac"": 0.24724724724724725, ""fps"": 29.97, ""observed_duration_s"": 200.0328, ""raster"": ""2160x3840"", ""reproj_shoulder_widths_p50"": 0.18132407828963162, ""valid_frac_box"": 1.0, ""vendor"": ""V03"", ""verdict"": ""REJECTED by fm2_smplh_invalid""}",render
vend_305,v03_flagged_305_V03_S1727_I00000327_P3732_f0002021,V03_S1727_I00000327_P3732,naturalistic/train/0164/0041/V03_S1727_I00000327_P3732,naturalistic/train/0164/0044/V03_S1727_I00000327_P4921,v03_flagged,V03,naturalistic,2021,V03,naturalistic,train,ipc_conversation,random draw from V03 files the current pipeline rejects,"{""flags_fired"": ""fm2_smplh_invalid"", ""fm1_knee_between_torso_p50"": 0.6349946113578351, ""fm2_longest_invalid_run_frames"": 99.0, ""fm2_smplh_valid_frac"": 0.9773429454170958, ""fm3_static_frac"": 0.019361483007209062, ""fps"": 29.97, ""observed_duration_s"": 162.028167, ""raster"": ""2160x3840"", ""reproj_shoulder_widths_p50"": 0.17314115662793386, ""valid_frac_box"": 1.0, ""vendor"": ""V03"", ""verdict"": ""REJECTED by fm2_smplh_invalid""}",render
vend_306,v03_flagged_306_V03_S1284_I00000068_P3921_f0005880,V03_S1284_I00000068_P3921,naturalistic/train/0144/0035/V03_S1284_I00000068_P3921,naturalistic/train/0144/0036/V03_S1284_I00000068_P3671,v03_flagged,V03,naturalistic,5880,V03,naturalistic,train,ipc_conversation,random draw from V03 files the current pipeline rejects,"{""flags_fired"": ""fm1_sitting+fm2_smplh_invalid"", ""fm1_knee_between_torso_p50"": 0.41976929349338477, ""fm2_longest_invalid_run_frames"": 9.0, ""fm2_smplh_valid_frac"": 0.9948361469712016, ""fm3_static_frac"": 0.007646474677259186, ""fps"": 29.97, ""observed_duration_s"": 336.002333, ""raster"": ""2160x3840"", ""reproj_shoulder_widths_p50"": 0.08905578166030734, ""valid_frac_box"": 1.0, ""vendor"": ""V03"", ""verdict"": ""REJECTED by fm1_sitting+fm2_smplh_invalid""}",render
vend_307,v03_flagged_307_V03_S0122_I00000135_P1195_f0000310,V03_S0122_I00000135_P1195,naturalistic/train/0106/0010/V03_S0122_I00000135_P1195,naturalistic/train/0106/0069/V03_S0122_I00000135_P1268,v03_flagged,V03,naturalistic,310,V03,naturalistic,train,collaborative_storytelling,random draw from V03 files the current pipeline rejects,"{""flags_fired"": ""fm1_sitting+fm3_static_hands"", ""fm1_knee_between_torso_p50"": 0.3282510241420389, ""fm2_longest_invalid_run_frames"": 0.0, ""fm2_smplh_valid_frac"": 1.0, ""fm3_static_frac"": 0.9873220640569395, ""fps"": 29.97, ""observed_duration_s"": 150.016533, ""raster"": ""2160x3840"", ""reproj_shoulder_widths_p50"": 0.050877229166457955, ""valid_frac_box"": 1.0, ""vendor"": ""V03"", ""verdict"": ""REJECTED by fm1_sitting+fm3_static_hands""}",render
vend_308,v03_flagged_308_V03_S0076_I00000525_P1137_f0003763,V03_S0076_I00000525_P1137,naturalistic/train/0105/0002/V03_S0076_I00000525_P1137,naturalistic/train/0105/0053/V03_S0076_I00000525_P1173,v03_flagged,V03,naturalistic,3763,V03,naturalistic,train,grounded_gesture,random draw from V03 files the current pipeline rejects,"{""flags_fired"": ""fm2_smplh_invalid"", ""fm1_knee_between_torso_p50"": 0.5228554602336779, ""fm2_longest_invalid_run_frames"": 8.0, ""fm2_smplh_valid_frac"": 0.9967782763778622, ""fm3_static_frac"": 0.6105166263951214, ""fps"": 29.97, ""observed_duration_s"": 290.023067, ""raster"": ""2160x3840"", ""reproj_shoulder_widths_p50"": 0.06199506231061928, ""valid_frac_box"": 1.0, ""vendor"": ""V03"", ""verdict"": ""REJECTED by fm2_smplh_invalid""}",render
vend_309,v03_flagged_309_V03_S1486_I00000188_P4193_f0008217,V03_S1486_I00000188_P4193,naturalistic/train/0152/0029/V03_S1486_I00000188_P4193,naturalistic/train/0152/0048/V03_S1486_I00000188_P4192,v03_flagged,V03,naturalistic,8217,V03,naturalistic,train,ipc_conversation,random draw from V03 files the current pipeline rejects,"{""flags_fired"": ""fm1_sitting+fm2_smplh_invalid"", ""fm1_knee_between_torso_p50"": 0.42891996052170406, ""fm2_longest_invalid_run_frames"": 53.0, ""fm2_smplh_valid_frac"": 0.9930912461032942, ""fm3_static_frac"": 0.5882551183756003, ""fps"": 29.97, ""observed_duration_s"": 396.028967, ""raster"": ""2160x3840"", ""reproj_shoulder_widths_p50"": 0.06281259857747333, ""valid_frac_box"": 1.0, ""vendor"": ""V03"", ""verdict"": ""REJECTED by fm1_sitting+fm2_smplh_invalid""}",render
vend_310,v03_flagged_310_V03_S1717_I00000236_P4897_f0000499,V03_S1717_I00000236_P4897,naturalistic/train/0164/0016/V03_S1717_I00000236_P4897,naturalistic/train/0164/0062/V03_S1717_I00000236_P4896,v03_flagged,V03,naturalistic,499,V03,naturalistic,train,ipc_conversation,random draw from V03 files the current pipeline rejects,"{""flags_fired"": ""fm2_smplh_invalid"", ""fm1_knee_between_torso_p50"": 0.6816915589155002, ""fm2_longest_invalid_run_frames"": 166.0, ""fm2_smplh_valid_frac"": 0.9158636897767333, ""fm3_static_frac"": 0.45757931844888367, ""fps"": 29.97, ""observed_duration_s"": 142.008533, ""raster"": ""2160x3840"", ""reproj_shoulder_widths_p50"": 0.06719580352579348, ""valid_frac_box"": 1.0, ""vendor"": ""V03"", ""verdict"": ""REJECTED by fm2_smplh_invalid""}",render
vend_311,v03_flagged_311_V03_S0359_I00000070_P1734_f0000183,V03_S0359_I00000070_P1734,naturalistic/train/0117/0061/V03_S0359_I00000070_P1734,naturalistic/train/0117/0083/V03_S0359_I00000070_P1735,v03_flagged,V03,naturalistic,183,V03,naturalistic,train,collaborative_storytelling,random draw from V03 files the current pipeline rejects,"{""flags_fired"": ""fm2_smplh_invalid"", ""fm1_knee_between_torso_p50"": 0.5248731268835892, ""fm2_longest_invalid_run_frames"": 19.0, ""fm2_smplh_valid_frac"": 0.9424493554327809, ""fm3_static_frac"": 0.0017495395948434623, ""fps"": 30.0, ""observed_duration_s"": 362.0, ""raster"": ""3840x2160"", ""reproj_shoulder_widths_p50"": 0.16466135875788118, ""valid_frac_box"": 1.0, ""vendor"": ""V03"", ""verdict"": ""REJECTED by fm2_smplh_invalid""}",render
vend_312,v03_flagged_312_V03_S1217_I00000314_P1346_f0003276,V03_S1217_I00000314_P1346,naturalistic/train/0140/0092/V03_S1217_I00000314_P1346,naturalistic/train/0140/0002/V03_S1217_I00000314_P3769,v03_flagged,V03,naturalistic,3276,V03,naturalistic,train,ipc_conversation,random draw from V03 files the current pipeline rejects,"{""flags_fired"": ""fm2_smplh_invalid"", ""fm1_knee_between_torso_p50"": 0.6270221361001642, ""fm2_longest_invalid_run_frames"": 52.0, ""fm2_smplh_valid_frac"": 0.9659074423328013, ""fm3_static_frac"": 0.2231249093283041, ""fps"": 29.97, ""observed_duration_s"": 230.029433, ""raster"": ""2160x3840"", ""reproj_shoulder_widths_p50"": 0.14667487849083263, ""valid_frac_box"": 1.0, ""vendor"": ""V03"", ""verdict"": ""REJECTED by fm2_smplh_invalid""}",render
vend_313,v03_flagged_313_V03_S0921_I00000428_P3165_f0001433,V03_S0921_I00000428_P3165,naturalistic/test/0002/0056/V03_S0921_I00000428_P3165,naturalistic/test/0002/0011/V03_S0921_I00000428_P3164,v03_flagged,V03,naturalistic,1433,V03,naturalistic,test,grounded_gesture,random draw from V03 files the current pipeline rejects,"{""flags_fired"": ""fm2_smplh_invalid"", ""fm1_knee_between_torso_p50"": 0.6048209404589231, ""fm2_longest_invalid_run_frames"": 21.0, ""fm2_smplh_valid_frac"": 0.9937989074265465, ""fm3_static_frac"": 0.5203011959249964, ""fps"": 29.97, ""observed_duration_s"": 226.0258, ""raster"": ""2160x3840"", ""reproj_shoulder_widths_p50"": 0.1567155741941884, ""valid_frac_box"": 1.0, ""vendor"": ""V03"", ""verdict"": ""REJECTED by fm2_smplh_invalid""}",render
vend_314,v03_flagged_314_V03_S0218_I00000134_P1482_f0000330,V03_S0218_I00000134_P1482,naturalistic/train/0111/0117/V03_S0218_I00000134_P1482,naturalistic/train/0111/0036/V03_S0218_I00000134_P1483,v03_flagged,V03,naturalistic,330,V03,naturalistic,train,ipc_conversation,random draw from V03 files the current pipeline rejects,"{""flags_fired"": ""fm2_smplh_invalid"", ""fm1_knee_between_torso_p50"": 0.6166909229958828, ""fm2_longest_invalid_run_frames"": 36.0, ""fm2_smplh_valid_frac"": 0.969416126042632, ""fm3_static_frac"": 0.5418597466790238, ""fps"": 29.97, ""observed_duration_s"": 108.0079, ""raster"": ""2160x3840"", ""reproj_shoulder_widths_p50"": 0.11025325960687463, ""valid_frac_box"": 1.0, ""vendor"": ""V03"", ""verdict"": ""REJECTED by fm2_smplh_invalid""}",render
vend_315,v03_flagged_315_V03_S0216_I00000504_P1474_f0002152,V03_S0216_I00000504_P1474,naturalistic/train/0111/0087/V03_S0216_I00000504_P1474,naturalistic/train/0111/0055/V03_S0216_I00000504_P1475,v03_flagged,V03,naturalistic,2152,V03,naturalistic,train,ipc_conversation,random draw from V03 files the current pipeline rejects,"{""flags_fired"": ""fm2_smplh_invalid+fm3_static_hands"", ""fm1_knee_between_torso_p50"": 0.6244275083327542, ""fm2_longest_invalid_run_frames"": 48.0, ""fm2_smplh_valid_frac"": 0.9682386910490857, ""fm3_static_frac"": 0.7901828681424446, ""fps"": 29.97, ""observed_duration_s"": 104.0039, ""raster"": ""2160x3840"", ""reproj_shoulder_widths_p50"": 0.11693472858898991, ""valid_frac_box"": 1.0, ""vendor"": ""V03"", ""verdict"": ""REJECTED by fm2_smplh_invalid+fm3_static_hands""}",render
vend_316,v03_flagged_316_V03_S1136_I00000034_P3493_f0001492,V03_S1136_I00000034_P3493,naturalistic/train/0137/0141/V03_S1136_I00000034_P3493,naturalistic/train/0137/0098/V03_S1136_I00000034_P3527,v03_flagged,V03,naturalistic,1492,V03,naturalistic,train,ipc_conversation,random draw from V03 files the current pipeline rejects,"{""flags_fired"": ""fm1_sitting+fm2_smplh_invalid"", ""fm1_knee_between_torso_p50"": 0.334028711435976, ""fm2_longest_invalid_run_frames"": 7.0, ""fm2_smplh_valid_frac"": 0.9983552631578947, ""fm3_static_frac"": 0.6101973684210527, ""fps"": 29.97, ""observed_duration_s"": 142.008533, ""raster"": ""2160x3840"", ""reproj_shoulder_widths_p50"": 0.0644615916327517, ""valid_frac_box"": 1.0, ""vendor"": ""V03"", ""verdict"": ""REJECTED by fm1_sitting+fm2_smplh_invalid""}",render
vend_317,v03_flagged_317_V03_S1653_I00000357_P1290_f0004312,V03_S1653_I00000357_P1290,naturalistic/train/0161/0079/V03_S1653_I00000357_P1290,naturalistic/train/0161/0100/V03_S1653_I00000357_P3848,v03_flagged,V03,naturalistic,4312,V03,naturalistic,train,ipc_conversation,random draw from V03 files the current pipeline rejects,"{""flags_fired"": ""fm2_smplh_invalid"", ""fm1_knee_between_torso_p50"": 0.5652689274776821, ""fm2_longest_invalid_run_frames"": 67.0, ""fm2_smplh_valid_frac"": 0.9935832798606655, ""fm3_static_frac"": 0.001558346319552663, ""fps"": 29.97, ""observed_duration_s"": 364.030333, ""raster"": ""2160x3840"", ""reproj_shoulder_widths_p50"": 0.10061084469113962, ""valid_frac_box"": 1.0, ""vendor"": ""V03"", ""verdict"": ""REJECTED by fm2_smplh_invalid""}",render
vend_318,v03_flagged_318_V03_S0552_I00000068_P2132_f0003848,V03_S0552_I00000068_P2132,naturalistic/train/0123/0135/V03_S0552_I00000068_P2132,naturalistic/train/0123/0091/V03_S0552_I00000068_P2462,v03_flagged,V03,naturalistic,3848,V03,naturalistic,train,ipc_conversation,random draw from V03 files the current pipeline rejects,"{""flags_fired"": ""fm1_sitting+fm2_smplh_invalid"", ""fm1_knee_between_torso_p50"": 0.3818107333485039, ""fm2_longest_invalid_run_frames"": 15.0, ""fm2_smplh_valid_frac"": 0.9827945776850886, ""fm3_static_frac"": 0.13412408759124086, ""fps"": 29.97, ""observed_duration_s"": 256.022067, ""raster"": ""2160x3840"", ""reproj_shoulder_widths_p50"": 0.0718199732898909, ""valid_frac_box"": 1.0, ""vendor"": ""V03"", ""verdict"": ""REJECTED by fm1_sitting+fm2_smplh_invalid""}",render
vend_319,v03_flagged_319_V03_S2118_I00000265_P4214_f0005810,V03_S2118_I00000265_P4214,naturalistic/train/0180/0074/V03_S2118_I00000265_P4214,naturalistic/train/0180/0081/V03_S2118_I00000265_P4749,v03_flagged,V03,naturalistic,5810,V03,naturalistic,train,ipc_conversation,random draw from V03 files the current pipeline rejects,"{""flags_fired"": ""fm2_smplh_invalid"", ""fm1_knee_between_torso_p50"": 0.6487078628191103, ""fm2_longest_invalid_run_frames"": 100.0, ""fm2_smplh_valid_frac"": 0.9249257740704085, ""fm3_static_frac"": 0.004382864413968613, ""fps"": 29.97, ""observed_duration_s"": 236.002433, ""raster"": ""2160x3840"", ""reproj_shoulder_widths_p50"": 0.16721700529891378, ""valid_frac_box"": 1.0, ""vendor"": ""V03"", ""verdict"": ""REJECTED by fm2_smplh_invalid""}",render
vend_320,v03_flagged_320_V03_S0466_I00000032_P2241_f0004473,V03_S0466_I00000032_P2241,naturalistic/train/0121/0059/V03_S0466_I00000032_P2241,naturalistic/train/0121/0050/V03_S0466_I00000032_P2219,v03_flagged,V03,naturalistic,4473,V03,naturalistic,train,ipc_conversation,random draw from V03 files the current pipeline rejects,"{""flags_fired"": ""fm2_smplh_invalid"", ""fm1_knee_between_torso_p50"": 0.6198907673029099, ""fm2_longest_invalid_run_frames"": 113.0, ""fm2_smplh_valid_frac"": 0.9604604604604604, ""fm3_static_frac"": 0.0005005005005005005, ""fps"": 29.97, ""observed_duration_s"": 200.033167, ""raster"": ""2160x3840"", ""reproj_shoulder_widths_p50"": 0.14845742231309156, ""valid_frac_box"": 1.0, ""vendor"": ""V03"", ""verdict"": ""REJECTED by fm2_smplh_invalid""}",render
vend_321,v03_flagged_321_V03_S0156_I00000519_P1291_f0007013,V03_S0156_I00000519_P1291,naturalistic/train/0108/0036/V03_S0156_I00000519_P1291,naturalistic/train/0108/0107/V03_S0156_I00000519_P1209,v03_flagged,V03,naturalistic,7013,V03,naturalistic,train,grounded_gesture,random draw from V03 files the current pipeline rejects,"{""flags_fired"": ""fm2_smplh_invalid"", ""fm1_knee_between_torso_p50"": 0.6089420522813067, ""fm2_longest_invalid_run_frames"": 15.0, ""fm2_smplh_valid_frac"": 0.9976318622174382, ""fm3_static_frac"": 0.5459634015069967, ""fps"": 29.97, ""observed_duration_s"": 310.009333, ""raster"": ""2160x3840"", ""reproj_shoulder_widths_p50"": 0.18837145624128082, ""valid_frac_box"": 1.0, ""vendor"": ""V03"", ""verdict"": ""REJECTED by fm2_smplh_invalid""}",render
vend_322,v03_flagged_322_V03_S2029_I00000267_P5478_f0002456,V03_S2029_I00000267_P5478,naturalistic/train/0177/0072/V03_S2029_I00000267_P5478,naturalistic/train/0177/0034/V03_S2029_I00000267_P4209,v03_flagged,V03,naturalistic,2456,V03,naturalistic,train,ipc_conversation,random draw from V03 files the current pipeline rejects,"{""flags_fired"": ""fm2_smplh_invalid"", ""fm1_knee_between_torso_p50"": 0.6328545405847634, ""fm2_longest_invalid_run_frames"": 10.0, ""fm2_smplh_valid_frac"": 0.9875343721356553, ""fm3_static_frac"": 0.4025664527956004, ""fps"": 29.97, ""observed_duration_s"": 182.015167, ""raster"": ""2160x3840"", ""reproj_shoulder_widths_p50"": 0.14975653090588778, ""valid_frac_box"": 1.0, ""vendor"": ""V03"", ""verdict"": ""REJECTED by fm2_smplh_invalid""}",render
vend_323,v03_flagged_323_V03_S1261_I00000149_P3080_f0000555,V03_S1261_I00000149_P3080,naturalistic/train/0143/0124/V03_S1261_I00000149_P3080,naturalistic/train/0143/0034/V03_S1261_I00000149_P3910,v03_flagged,V03,naturalistic,555,V03,naturalistic,train,ipc_conversation,random draw from V03 files the current pipeline rejects,"{""flags_fired"": ""fm2_smplh_invalid"", ""fm1_knee_between_torso_p50"": 0.6075083745780123, ""fm2_longest_invalid_run_frames"": 5.0, ""fm2_smplh_valid_frac"": 0.9971936389148737, ""fm3_static_frac"": 0.6102276270657936, ""fps"": 29.97, ""observed_duration_s"": 214.0138, ""raster"": ""2160x3840"", ""reproj_shoulder_widths_p50"": 0.16398696139403504, ""valid_frac_box"": 1.0, ""vendor"": ""V03"", ""verdict"": ""REJECTED by fm2_smplh_invalid""}",render
vend_324,v03_flagged_324_V03_S0312_I00000070_P1770_f0001263,V03_S0312_I00000070_P1770,naturalistic/train/0115/0076/V03_S0312_I00000070_P1770,naturalistic/train/0115/0032/V03_S0312_I00000070_P1524,v03_flagged,V03,naturalistic,1263,V03,naturalistic,train,collaborative_storytelling,random draw from V03 files the current pipeline rejects,"{""flags_fired"": ""fm2_smplh_invalid"", ""fm1_knee_between_torso_p50"": 0.6316646219133646, ""fm2_longest_invalid_run_frames"": 41.0, ""fm2_smplh_valid_frac"": 0.9858067729083665, ""fm3_static_frac"": 0.05876494023904383, ""fps"": 29.97, ""observed_duration_s"": 134.000167, ""raster"": ""2160x3840"", ""reproj_shoulder_widths_p50"": 0.16679436489171628, ""valid_frac_box"": 1.0, ""vendor"": ""V03"", ""verdict"": ""REJECTED by fm2_smplh_invalid""}",render
vend_325,v03_flagged_325_V03_S1899_I00000361_P5141_f0001891,V03_S1899_I00000361_P5141,naturalistic/train/0171/0047/V03_S1899_I00000361_P5141,naturalistic/train/0171/0125/V03_S1899_I00000361_P1503,v03_flagged,V03,naturalistic,1891,V03,naturalistic,train,ipc_conversation,random draw from V03 files the current pipeline rejects,"{""flags_fired"": ""fm2_smplh_invalid"", ""fm1_knee_between_torso_p50"": 0.5770112787357322, ""fm2_longest_invalid_run_frames"": 267.0, ""fm2_smplh_valid_frac"": 0.8042828685258964, ""fm3_static_frac"": 0.01593625498007968, ""fps"": 29.97, ""observed_duration_s"": 134.000533, ""raster"": ""2160x3840"", ""reproj_shoulder_widths_p50"": 0.1318728115330886, ""valid_frac_box"": 1.0, ""vendor"": ""V03"", ""verdict"": ""REJECTED by fm2_smplh_invalid""}",render
vend_326,v03_flagged_326_V03_S1050_I00000443_P2254_f0002835,V03_S1050_I00000443_P2254,naturalistic/train/0135/0051/V03_S1050_I00000443_P2254,naturalistic/train/0135/0093/V03_S1050_I00000443_P1208,v03_flagged,V03,naturalistic,2835,V03,naturalistic,train,grounded_gesture,random draw from V03 files the current pipeline rejects,"{""flags_fired"": ""fm2_smplh_invalid"", ""fm1_knee_between_torso_p50"": 0.6189662169902397, ""fm2_longest_invalid_run_frames"": 730.0, ""fm2_smplh_valid_frac"": 0.25973397823458283, ""fm3_static_frac"": 0.49746070133010883, ""fps"": 29.97, ""observed_duration_s"": 138.004533, ""raster"": ""2160x3840"", ""reproj_shoulder_widths_p50"": 0.19264896986644606, ""valid_frac_box"": 1.0, ""vendor"": ""V03"", ""verdict"": ""REJECTED by fm2_smplh_invalid""}",render
vend_327,v03_flagged_327_V03_S0465_I00000169_P2268_f0003537,V03_S0465_I00000169_P2268,naturalistic/train/0121/0051/V03_S0465_I00000169_P2268,naturalistic/train/0121/0046/V03_S0465_I00000169_P2269,v03_flagged,V03,naturalistic,3537,V03,naturalistic,train,ipc_conversation,random draw from V03 files the current pipeline rejects,"{""flags_fired"": ""fm2_smplh_invalid"", ""fm1_knee_between_torso_p50"": 0.6100697534164431, ""fm2_longest_invalid_run_frames"": 1180.0, ""fm2_smplh_valid_frac"": 0.8252053388090349, ""fm3_static_frac"": 0.27630903490759756, ""fps"": 29.97, ""observed_duration_s"": 260.026067, ""raster"": ""2160x3840"", ""reproj_shoulder_widths_p50"": 0.1919428175095344, ""valid_frac_box"": 1.0, ""vendor"": ""V03"", ""verdict"": ""REJECTED by fm2_smplh_invalid""}",render
vend_328,v03_flagged_328_V03_S1757_I00000266_P5058_f0002666,V03_S1757_I00000266_P5058,naturalistic/train/0166/0060/V03_S1757_I00000266_P5058,naturalistic/train/0166/0112/V03_S1757_I00000266_P4737,v03_flagged,V03,naturalistic,2666,V03,naturalistic,train,ipc_conversation,random draw from V03 files the current pipeline rejects,"{""flags_fired"": ""fm2_smplh_invalid"", ""fm1_knee_between_torso_p50"": 0.5300096011375706, ""fm2_longest_invalid_run_frames"": 981.0, ""fm2_smplh_valid_frac"": 0.661582459485224, ""fm3_static_frac"": 0.0009532888465204957, ""fps"": 29.97, ""observed_duration_s"": 210.0098, ""raster"": ""2160x3840"", ""reproj_shoulder_widths_p50"": 0.07618029943500854, ""valid_frac_box"": 1.0, ""vendor"": ""V03"", ""verdict"": ""REJECTED by fm2_smplh_invalid""}",render
vend_329,v03_flagged_329_V03_S2058_I00000278_P1537_f0000441,V03_S2058_I00000278_P1537,naturalistic/train/0178/0122/V03_S2058_I00000278_P1537,naturalistic/train/0178/0101/V03_S2058_I00000278_P5478,v03_flagged,V03,naturalistic,441,V03,naturalistic,train,ipc_conversation,random draw from V03 files the current pipeline rejects,"{""flags_fired"": ""fm2_smplh_invalid"", ""fm1_knee_between_torso_p50"": 0.662227427481596, ""fm2_longest_invalid_run_frames"": 53.0, ""fm2_smplh_valid_frac"": 0.9352686019352686, ""fm3_static_frac"": 0.0, ""fps"": 29.97, ""observed_duration_s"": 100.033267, ""raster"": ""2160x3840"", ""reproj_shoulder_widths_p50"": 0.09774931370419618, ""valid_frac_box"": 1.0, ""vendor"": ""V03"", ""verdict"": ""REJECTED by fm2_smplh_invalid""}",render
